case,motor,kp,ki,kd,target,phase,t,erpm,iq,id,imotor,iin,duty,vq,vd,fault
left_ramp600_+300_r1,left,0.009,0.02,0.0,300,run,0.00016027200035750866,0.0,0.0,0.0,0.0,0.0,0.0,0.0,0.0,0
left_ramp600_+300_r1,left,0.009,0.02,0.0,300,run,0.06642872997326776,0.0,-0.03,0.0,0.03,0.0,0.021,0.667,-0.606,0
left_ramp600_+300_r1,left,0.009,0.02,0.0,300,run,0.13267427997197956,0.0,0.02,0.0,0.02,0.08,0.03,0.986,-0.836,0
left_ramp600_+300_r1,left,0.009,0.02,0.0,300,run,0.19900605297880247,0.0,0.03,-0.01,0.03,0.08,0.034,1.273,-0.745,0
left_ramp600_+300_r1,left,0.009,0.02,0.0,300,run,0.26531733496813104,0.0,0.07,0.0,0.07,0.1,0.037,1.461,-0.632,0
left_ramp600_+300_r1,left,0.009,0.02,0.0,300,run,0.33166580297984183,0.0,0.11,0.0,0.11,0.06,0.038,1.544,-0.482,0
left_ramp600_+300_r1,left,0.009,0.02,0.0,300,run,0.39845771295949817,0.0,0.13,0.01,0.13,0.06,0.04,1.678,-0.254,0
left_ramp600_+300_r1,left,0.009,0.02,0.0,300,run,0.4648519699694589,0.0,0.19,-0.04,0.2,0.12,0.042,1.812,-0.053,0
left_ramp600_+300_r1,left,0.009,0.02,0.0,300,run,0.5311032019671984,0.0,0.2,0.0,0.2,0.04,0.046,1.92,0.407,0
left_ramp600_+300_r1,left,0.009,0.02,0.0,300,run,0.5977257449994795,0.0,0.17,0.0,0.17,0.12,0.051,2.137,0.404,0
left_ramp600_+300_r1,left,0.009,0.02,0.0,300,run,0.6643151849857531,0.0,0.24,0.02,0.24,0.12,0.055,2.341,0.265,0
left_ramp600_+300_r1,left,0.009,0.02,0.0,300,run,0.7306251089903526,0.0,0.23,0.0,0.23,0.04,0.063,2.681,0.415,0
left_ramp600_+300_r1,left,0.009,0.02,0.0,300,run,0.7969342339783907,0.0,0.27,-0.04,0.27,0.08,0.071,3.054,-0.104,0
left_ramp600_+300_r1,left,0.009,0.02,0.0,300,run,0.8633049440104514,247.0,0.13,-0.06,0.15,0.06,0.079,3.322,-0.764,0
left_ramp600_+300_r1,left,0.009,0.02,0.0,300,run,0.9299031409900635,359.0,0.2,-0.06,0.2,0.06,0.074,3.129,-0.592,0
left_ramp600_+300_r1,left,0.009,0.02,0.0,300,run,0.9961418239981867,338.0,0.15,0.03,0.16,0.1,0.064,2.679,-0.522,0
left_ramp600_+300_r1,left,0.009,0.02,0.0,300,run,1.0625926060019992,296.0,0.15,-0.03,0.16,0.08,0.064,2.66,-0.646,0
left_ramp600_+300_r1,left,0.009,0.02,0.0,300,run,1.1290597819606774,243.0,0.22,0.02,0.22,0.06,0.063,2.684,-0.421,0
left_ramp600_+300_r1,left,0.009,0.02,0.0,300,run,1.1954161419998854,239.0,0.2,0.03,0.2,0.04,0.063,2.716,-0.093,0
left_ramp600_+300_r1,left,0.009,0.02,0.0,300,run,1.2619954929687083,240.0,0.19,0.03,0.19,0.1,0.059,2.507,-0.442,0
left_ramp600_+300_r1,left,0.009,0.02,0.0,300,run,1.3282712579821236,226.0,0.15,0.03,0.15,0.06,0.067,2.789,-0.673,0
left_ramp600_+300_r1,left,0.009,0.02,0.0,300,run,1.3947734590037726,226.0,0.17,-0.09,0.19,0.08,0.072,3.051,-0.434,0
left_ramp600_+300_r1,left,0.009,0.02,0.0,300,run,1.4610876169754192,275.0,0.22,0.03,0.22,0.08,0.066,2.799,-0.319,0
left_ramp600_+300_r1,left,0.009,0.02,0.0,300,run,1.5274926309939474,284.0,0.15,-0.04,0.15,0.02,0.071,2.915,-0.817,0
left_ramp600_+300_r1,left,0.009,0.02,0.0,300,run,1.5941539329942316,286.0,0.14,0.0,0.14,0.1,0.073,3.035,-0.694,0
left_ramp600_+300_r1,left,0.009,0.02,0.0,300,run,1.6604969809995964,310.0,0.24,0.0,0.24,0.08,0.065,2.791,-0.321,0
left_ramp600_+300_r1,left,0.009,0.02,0.0,300,run,1.7268329309881665,293.0,0.13,0.02,0.14,0.04,0.069,2.856,-0.815,0
left_ramp600_+300_r1,left,0.009,0.02,0.0,300,run,1.7931163199828006,279.0,0.17,0.0,0.17,0.06,0.07,2.933,-0.611,0
left_ramp600_+300_r1,left,0.009,0.02,0.0,300,run,1.8594307280145586,294.0,0.19,0.03,0.2,0.06,0.067,2.864,-0.332,0
left_ramp600_+300_r1,left,0.009,0.02,0.0,300,run,1.9260670999647118,295.0,0.17,0.05,0.18,0.0,0.067,2.799,-0.665,0
left_ramp600_+300_r1,left,0.009,0.02,0.0,300,run,1.9923713759635575,271.0,0.23,-0.06,0.23,0.44,0.072,3.006,-0.651,0
left_ramp600_+300_r1,left,0.009,0.02,0.0,300,run,2.0587596319965087,280.0,0.24,0.01,0.24,0.3,0.069,2.944,-0.236,0
left_ramp600_+300_r1,left,0.009,0.02,0.0,300,run,2.1254304939648136,300.0,0.18,0.06,0.19,0.08,0.066,2.77,-0.573,0
left_ramp600_+300_r1,left,0.009,0.02,0.0,300,run,2.1917765549733303,277.0,0.14,-0.04,0.15,0.06,0.074,3.068,-0.777,0
left_ramp600_+300_r1,left,0.009,0.02,0.0,0,stop,1.4370307326316833e-06,282.0,0.19,-0.07,-0.2,-0.04,0.071,3.03,-0.222,0
left_ramp600_+300_r1,left,0.009,0.02,0.0,0,stop,0.07646043004933745,302.0,0.15,0.04,0.16,0.02,0.066,2.794,-0.506,0
left_ramp600_+300_r1,left,0.009,0.02,0.0,0,stop,0.14278492104494944,274.0,0.15,-0.02,0.15,0.1,0.067,2.781,-0.699,0
left_ramp600_+300_r1,left,0.009,0.02,0.0,0,stop,0.20937294501345605,257.0,0.16,-0.07,-0.17,-0.06,0.06,2.59,-0.029,0
left_ramp600_+300_r1,left,0.009,0.02,0.0,0,stop,0.27574040804756805,228.0,0.2,-0.04,0.21,0.1,0.049,2.091,-0.037,0
left_ramp600_+300_r1,left,0.009,0.02,0.0,0,stop,0.34204614005284384,228.0,0.13,0.02,0.13,0.06,0.034,1.407,-0.421,0
left_ramp600_+300_r1,left,0.009,0.02,0.0,0,stop,0.408407511014957,228.0,0.0,0.0,0.0,0.0,0.0,0.0,0.0,0
left_ramp600_+300_r1,left,0.009,0.02,0.0,0,stop,0.4744900820078328,228.0,0.0,0.0,0.0,0.0,0.0,0.0,0.0,0
left_ramp600_+300_r1,left,0.009,0.02,0.0,0,stop,0.5410189609974623,228.0,0.0,0.0,0.0,0.0,0.0,0.0,0.0,0
left_ramp600_+300_r1,left,0.009,0.02,0.0,0,stop,0.6073769310023636,228.0,0.0,0.0,0.0,0.0,0.0,0.0,0.0,0
left_ramp600_+300_r1,left,0.009,0.02,0.0,0,stop,0.6737243280513212,228.0,0.0,0.0,0.0,0.0,0.0,0.0,0.0,0
left_ramp600_+300_r1,left,0.009,0.02,0.0,0,stop,0.7403110020095482,228.0,0.0,0.0,0.0,0.0,0.0,0.0,0.0,0
left_ramp600_-300_r1,left,0.009,0.02,0.0,-300,run,0.0001362009788863361,0.0,0.0,0.0,0.0,0.0,0.0,0.0,0.0,0
left_ramp600_-300_r1,left,0.009,0.02,0.0,-300,run,0.06635878095403314,0.0,0.01,0.0,0.01,0.04,-0.007,-0.265,-0.142,0
left_ramp600_-300_r1,left,0.009,0.02,0.0,-300,run,0.13273804099299014,0.0,0.04,0.01,0.04,0.0,-0.014,-0.606,-0.112,0
left_ramp600_-300_r1,left,0.009,0.02,0.0,-300,run,0.19892446097219363,0.0,-0.05,0.0,0.05,0.06,-0.031,-1.287,-0.329,0
left_ramp600_-300_r1,left,0.009,0.02,0.0,-300,run,0.2652182129677385,0.0,-0.08,-0.01,0.08,0.0,-0.034,-1.45,-0.265,0
left_ramp600_-300_r1,left,0.009,0.02,0.0,-300,run,0.33148061495739967,0.0,-0.09,-0.01,0.09,0.0,-0.039,-1.654,-0.104,0
left_ramp600_-300_r1,left,0.009,0.02,0.0,-300,run,0.3977930859546177,0.0,-0.15,-0.02,0.15,0.06,-0.04,-1.705,0.123,0
left_ramp600_-300_r1,left,0.009,0.02,0.0,-300,run,0.4643146339803934,0.0,-0.16,0.0,0.16,0.08,-0.041,-1.751,0.308,0
left_ramp600_-300_r1,left,0.009,0.02,0.0,-300,run,0.5306193479918875,0.0,-0.19,0.0,0.19,0.02,-0.043,-1.823,0.327,0
left_ramp600_-300_r1,left,0.009,0.02,0.0,-300,run,0.5969593559857458,0.0,-0.24,0.0,0.24,0.08,-0.044,-1.842,0.337,0
left_ramp600_-300_r1,left,0.009,0.02,0.0,-300,run,0.66338929196354,0.0,-0.26,0.02,0.26,0.02,-0.045,-1.884,0.302,0
left_ramp600_-300_r1,left,0.009,0.02,0.0,-300,run,0.729933219961822,0.0,-0.24,0.0,0.24,0.02,-0.046,-1.938,0.324,0
left_ramp600_-300_r1,left,0.009,0.02,0.0,-300,run,0.7961856889887713,0.0,-0.31,0.0,0.31,0.1,-0.046,-1.943,0.337,0
left_ramp600_-300_r1,left,0.009,0.02,0.0,-300,run,0.8625078929471783,0.0,-0.29,0.07,0.3,0.0,-0.05,-2.123,0.096,0
left_ramp600_-300_r1,left,0.009,0.02,0.0,-300,run,0.9288596969563514,0.0,-0.31,0.02,0.31,0.0,-0.059,-2.549,0.115,0
left_ramp600_-300_r1,left,0.009,0.02,0.0,-300,run,0.9953361199586652,0.0,-0.23,0.07,0.24,0.04,-0.075,-3.211,-0.388,0
left_ramp600_-300_r1,left,0.009,0.02,0.0,-300,run,1.0616757299867459,-338.0,-0.34,0.01,0.34,0.1,-0.088,-3.723,-0.683,0
left_ramp600_-300_r1,left,0.009,0.02,0.0,-300,run,1.1279764309874736,-484.0,-0.17,-0.08,0.18,0.08,-0.085,-3.479,-1.026,0
left_ramp600_-300_r1,left,0.009,0.02,0.0,-300,run,1.1942595739965327,-432.0,-0.1,0.0,0.1,0.1,-0.08,-3.415,-0.061,0
left_ramp600_-300_r1,left,0.009,0.02,0.0,-300,run,1.2606203769682907,-389.0,-0.2,-0.02,0.2,0.06,-0.076,-3.265,-0.211,0
left_ramp600_-300_r1,left,0.009,0.02,0.0,-300,run,1.3270143209956586,-370.0,-0.17,-0.02,0.17,0.04,-0.076,-3.248,0.016,0
left_ramp600_-300_r1,left,0.009,0.02,0.0,-300,run,1.393443489971105,-355.0,-0.11,0.03,0.11,0.02,-0.079,-3.38,-0.238,0
left_ramp600_-300_r1,left,0.009,0.02,0.0,-300,run,1.460185804986395,-342.0,-0.23,0.0,0.23,0.08,-0.074,-3.173,-0.139,0
left_ramp600_-300_r1,left,0.009,0.02,0.0,-300,run,1.526844750973396,-342.0,-0.16,0.03,0.17,0.04,-0.073,-3.144,-0.021,0
left_ramp600_-300_r1,left,0.009,0.02,0.0,-300,run,1.593258235952817,-339.0,-0.16,0.04,0.17,0.08,-0.074,-3.155,-0.327,0
left_ramp600_-300_r1,left,0.009,0.02,0.0,-300,run,1.6597787179634906,-328.0,-0.19,-0.07,0.2,0.06,-0.074,-3.163,0.0,0
left_ramp600_-300_r1,left,0.009,0.02,0.0,-300,run,1.7261533049750142,-318.0,-0.19,0.06,0.2,0.36,-0.073,-3.114,-0.061,0
left_ramp600_-300_r1,left,0.009,0.02,0.0,-300,run,1.7926616529584862,-310.0,-0.17,-0.03,0.17,0.04,-0.072,-3.08,-0.305,0
left_ramp600_-300_r1,left,0.009,0.02,0.0,-300,run,1.8590351159800775,-308.0,-0.24,-0.01,0.24,0.06,-0.07,-3.021,0.016,0
left_ramp600_-300_r1,left,0.009,0.02,0.0,-300,run,1.9255363639676943,-296.0,-0.22,0.06,0.23,0.44,-0.071,-3.034,-0.069,0
left_ramp600_-300_r1,left,0.009,0.02,0.0,-300,run,1.9918801819439977,-293.0,-0.17,-0.04,0.17,0.08,-0.071,-3.045,-0.335,0
left_ramp600_-300_r1,left,0.009,0.02,0.0,-300,run,2.0583393999841064,-299.0,-0.26,-0.01,0.26,0.1,-0.071,-3.023,0.021,0
left_ramp600_-300_r1,left,0.009,0.02,0.0,-300,run,2.124566345999483,-294.0,-0.18,0.0,0.18,0.04,-0.071,-3.023,0.005,0
left_ramp600_-300_r1,left,0.009,0.02,0.0,-300,run,2.1907095939968713,-293.0,-0.18,0.02,0.18,0.08,-0.072,-3.042,-0.404,0
left_ramp600_-300_r1,left,0.009,0.02,0.0,0,stop,1.1770171113312244e-06,-300.0,-0.21,-0.05,0.22,0.48,-0.071,-3.05,0.013,0
left_ramp600_-300_r1,left,0.009,0.02,0.0,0,stop,0.07643152703531086,-290.0,-0.14,0.03,0.15,0.04,-0.068,-2.935,-0.08,0
left_ramp600_-300_r1,left,0.009,0.02,0.0,0,stop,0.1428081240155734,-282.0,-0.12,0.04,0.13,0.02,-0.066,-2.809,-0.308,0
left_ramp600_-300_r1,left,0.009,0.02,0.0,0,stop,0.20907078305026516,-252.0,-0.16,0.0,0.16,0.02,-0.058,-2.498,0.069,0
left_ramp600_-300_r1,left,0.009,0.02,0.0,0,stop,0.27556265401653945,-235.0,-0.17,0.01,0.17,0.06,-0.049,-2.096,0.104,0
left_ramp600_-300_r1,left,0.009,0.02,0.0,0,stop,0.3421258750022389,-186.0,-0.17,0.0,0.17,0.06,-0.039,-1.672,-0.104,0
left_ramp600_-300_r1,left,0.009,0.02,0.0,0,stop,0.4084733750205487,-186.0,0.0,0.0,0.0,0.0,0.0,0.0,0.0,0
left_ramp600_-300_r1,left,0.009,0.02,0.0,0,stop,0.4749572570435703,-186.0,0.0,0.0,0.0,0.0,0.0,0.0,0.0,0
left_ramp600_-300_r1,left,0.009,0.02,0.0,0,stop,0.5413443610304967,-186.0,0.0,0.0,0.0,0.0,0.0,0.0,0.0,0
left_ramp600_-300_r1,left,0.009,0.02,0.0,0,stop,0.607738908031024,-186.0,0.0,0.0,0.0,0.0,0.0,0.0,0.0,0
left_ramp600_-300_r1,left,0.009,0.02,0.0,0,stop,0.6740580660407431,-186.0,0.0,0.0,0.0,0.0,0.0,0.0,0.0,0
left_ramp600_-300_r1,left,0.009,0.02,0.0,0,stop,0.7404235360445455,-186.0,0.0,0.0,0.0,0.0,0.0,0.0,0.0,0
left_ramp600_+300_r2,left,0.009,0.02,0.0,300,run,0.00014431000454351306,0.0,0.0,0.0,0.0,0.0,0.0,0.0,0.0,0
left_ramp600_+300_r2,left,0.009,0.02,0.0,300,run,0.06641904602292925,0.0,-0.03,0.0,0.03,0.0,0.008,0.214,-0.292,0
left_ramp600_+300_r2,left,0.009,0.02,0.0,300,run,0.13272213999880478,0.0,0.0,-0.04,0.04,0.08,0.014,0.235,-0.544,0
left_ramp600_+300_r2,left,0.009,0.02,0.0,300,run,0.19905078504234552,0.0,0.01,-0.02,0.02,0.08,0.021,0.796,-0.418,0
left_ramp600_+300_r2,left,0.009,0.02,0.0,300,run,0.26540649903472513,0.0,0.07,0.0,0.07,0.08,0.03,1.195,-0.52,0
left_ramp600_+300_r2,left,0.009,0.02,0.0,300,run,0.33196726901223883,0.0,0.11,-0.01,0.11,0.08,0.035,1.447,-0.34,0
left_ramp600_+300_r2,left,0.009,0.02,0.0,300,run,0.39844674401683733,0.0,0.12,0.0,0.12,0.04,0.037,1.576,-0.19,0
left_ramp600_+300_r2,left,0.009,0.02,0.0,300,run,0.4647687690448947,0.0,0.18,-0.05,0.18,0.02,0.041,1.731,0.15,0
left_ramp600_+300_r2,left,0.009,0.02,0.0,300,run,0.531076044018846,0.0,0.2,0.01,0.2,0.1,0.044,1.871,0.265,0
left_ramp600_+300_r2,left,0.009,0.02,0.0,300,run,0.5974462410085835,0.0,0.22,0.01,0.22,0.0,0.049,2.072,0.243,0
left_ramp600_+300_r2,left,0.009,0.02,0.0,300,run,0.663820484012831,0.0,0.21,0.02,0.21,0.1,0.054,2.31,-0.018,0
left_ramp600_+300_r2,left,0.009,0.02,0.0,300,run,0.730350591999013,15.0,0.25,0.02,0.25,0.02,0.057,2.431,0.042,0
left_ramp600_+300_r2,left,0.009,0.02,0.0,300,run,0.796590828045737,26.0,0.21,-0.02,0.21,0.1,0.069,2.959,-0.08,0
left_ramp600_+300_r2,left,0.009,0.02,0.0,300,run,0.8629112720373087,198.0,0.21,-0.03,0.21,0.08,0.075,3.203,-0.273,0
left_ramp600_+300_r2,left,0.009,0.02,0.0,300,run,0.9291411250014789,311.0,0.25,-0.05,0.25,0.26,0.072,3.021,-0.646,0
left_ramp600_+300_r2,left,0.009,0.02,0.0,300,run,0.9954755990183912,338.0,0.15,0.04,0.15,0.38,0.069,2.94,-0.469,0
left_ramp600_+300_r2,left,0.009,0.02,0.0,300,run,1.0618315600440837,306.0,0.14,0.01,0.14,0.04,0.064,2.71,-0.321,0
left_ramp600_+300_r2,left,0.009,0.02,0.0,300,run,1.1281512440182269,263.0,0.17,0.04,0.18,0.06,0.063,2.677,-0.461,0
left_ramp600_+300_r2,left,0.009,0.02,0.0,300,run,1.1946040770271793,244.0,0.18,-0.04,0.18,0.06,0.063,2.688,-0.139,0
left_ramp600_+300_r2,left,0.009,0.02,0.0,300,run,1.2608665490406565,234.0,0.2,-0.04,0.2,0.08,0.063,2.71,-0.222,0
left_ramp600_+300_r2,left,0.009,0.02,0.0,300,run,1.3272600120399147,228.0,0.2,0.0,0.2,0.02,0.066,2.828,-0.284,0
left_ramp600_+300_r2,left,0.009,0.02,0.0,300,run,1.3935532710165717,240.0,0.29,-0.1,0.31,0.06,0.069,2.927,-0.444,0
left_ramp600_+300_r2,left,0.009,0.02,0.0,300,run,1.4598259319900535,266.0,0.18,-0.02,0.18,0.04,0.069,2.954,-0.345,0
left_ramp600_+300_r2,left,0.009,0.02,0.0,300,run,1.5263897430268116,287.0,0.19,0.02,0.19,0.06,0.07,2.964,-0.394,0
left_ramp600_+300_r2,left,0.009,0.02,0.0,300,run,1.5926383979967795,294.0,0.13,0.01,0.13,0.44,0.071,2.972,-0.637,0
left_ramp600_+300_r2,left,0.009,0.02,0.0,300,run,1.6589973590453155,298.0,0.16,-0.02,0.16,0.04,0.07,2.964,-0.415,0
left_ramp600_+300_r2,left,0.009,0.02,0.0,300,run,1.7253584199934267,295.0,0.11,-0.07,0.13,0.16,0.068,2.881,-0.369,0
left_ramp600_+300_r2,left,0.009,0.02,0.0,300,run,1.7916850300389342,285.0,0.24,0.01,0.24,0.24,0.068,2.86,-0.568,0
left_ramp600_+300_r2,left,0.009,0.02,0.0,300,run,1.85814536298858,289.0,0.2,0.03,0.21,0.24,0.068,2.895,-0.404,0
left_ramp600_+300_r2,left,0.009,0.02,0.0,300,run,1.924454311025329,290.0,0.17,0.04,0.18,0.04,0.069,2.913,-0.474,0
left_ramp600_+300_r2,left,0.009,0.02,0.0,300,run,1.9906892770086415,286.0,0.24,0.01,0.24,0.04,0.07,2.964,-0.528,0
left_ramp600_+300_r2,left,0.009,0.02,0.0,300,run,2.057007418014109,291.0,0.22,0.0,0.22,0.08,0.069,2.937,-0.356,0
left_ramp600_+300_r2,left,0.009,0.02,0.0,300,run,2.1233157960232347,296.0,0.23,0.03,0.23,0.02,0.068,2.873,-0.399,0
left_ramp600_+300_r2,left,0.009,0.02,0.0,300,run,2.189688266022131,282.0,0.2,-0.04,0.21,0.02,0.07,2.978,-0.418,0
left_ramp600_+300_r2,left,0.009,0.02,0.0,0,stop,1.8100254237651825e-06,282.0,0.18,-0.08,0.2,0.02,0.069,2.962,-0.327,0
left_ramp600_+300_r2,left,0.009,0.02,0.0,0,stop,0.07642915903124958,287.0,0.22,0.03,0.22,0.0,0.068,2.876,-0.34,0
left_ramp600_+300_r2,left,0.009,0.02,0.0,0,stop,0.14276388299185783,276.0,0.17,-0.05,0.17,0.04,0.065,2.758,-0.297,0
left_ramp600_+300_r2,left,0.009,0.02,0.0,0,stop,0.20923872501589358,268.0,0.2,0.0,0.2,0.0,0.056,2.393,-0.273,0
left_ramp600_+300_r2,left,0.009,0.02,0.0,0,stop,0.27556802600156516,211.0,0.2,0.0,0.2,0.06,0.05,2.128,0.042,0
left_ramp600_+300_r2,left,0.009,0.02,0.0,0,stop,0.34188886801712215,211.0,0.17,-0.03,0.18,0.16,0.042,1.785,-0.233,0
left_ramp600_+300_r2,left,0.009,0.02,0.0,0,stop,0.40830236702458933,211.0,0.0,0.0,0.0,0.0,0.0,0.0,0.0,0
left_ramp600_+300_r2,left,0.009,0.02,0.0,0,stop,0.4745816889917478,211.0,0.0,0.0,0.0,0.0,0.0,0.0,0.0,0
left_ramp600_+300_r2,left,0.009,0.02,0.0,0,stop,0.5409065730054863,211.0,0.0,0.0,0.0,0.0,0.0,0.0,0.0,0
left_ramp600_+300_r2,left,0.009,0.02,0.0,0,stop,0.6072634879965335,211.0,0.0,0.0,0.0,0.0,0.0,0.0,0.0,0
left_ramp600_+300_r2,left,0.009,0.02,0.0,0,stop,0.6736899469979107,211.0,0.0,0.0,0.0,0.0,0.0,0.0,0.0,0
left_ramp600_+300_r2,left,0.009,0.02,0.0,0,stop,0.7399588070111349,211.0,0.0,0.0,0.0,0.0,0.0,0.0,0.0,0
left_ramp600_-300_r2,left,0.009,0.02,0.0,-300,run,0.0003196920151822269,0.0,0.0,0.0,0.0,0.0,0.0,0.0,0.0,0
left_ramp600_-300_r2,left,0.009,0.02,0.0,-300,run,0.06643727602204308,0.0,0.02,-0.01,0.02,0.04,-0.004,-0.064,-0.174,0
left_ramp600_-300_r2,left,0.009,0.02,0.0,-300,run,0.1327573960297741,0.0,0.01,0.0,0.01,0.06,-0.008,-0.225,-0.235,0
left_ramp600_-300_r2,left,0.009,0.02,0.0,-300,run,0.19909632700728253,0.0,-0.03,0.09,0.09,0.06,-0.026,-0.999,-0.477,0
left_ramp600_-300_r2,left,0.009,0.02,0.0,-300,run,0.26557617203798145,0.0,-0.07,0.0,0.07,0.0,-0.032,-1.308,-0.461,0
left_ramp600_-300_r2,left,0.009,0.02,0.0,-300,run,0.3321685950504616,0.0,-0.12,0.0,0.12,0.0,-0.036,-1.434,-0.522,0
left_ramp600_-300_r2,left,0.009,0.02,0.0,-300,run,0.3985043330467306,0.0,-0.09,0.01,0.09,0.04,-0.038,-1.554,-0.52,0
left_ramp600_-300_r2,left,0.009,0.02,0.0,-300,run,0.46493932604789734,0.0,-0.18,0.01,0.18,0.0,-0.04,-1.632,-0.538,0
left_ramp600_-300_r2,left,0.009,0.02,0.0,-300,run,0.5312438670080155,0.0,-0.22,0.01,0.22,0.0,-0.04,-1.653,-0.388,0
left_ramp600_-300_r2,left,0.009,0.02,0.0,-300,run,0.5976008709985763,0.0,-0.2,-0.01,0.2,0.04,-0.041,-1.696,-0.442,0
left_ramp600_-300_r2,left,0.009,0.02,0.0,-300,run,0.6639276260393672,0.0,-0.26,0.0,0.26,0.02,-0.042,-1.755,-0.361,0
left_ramp600_-300_r2,left,0.009,0.02,0.0,-300,run,0.7302217170363292,0.0,-0.26,0.01,0.26,0.24,-0.047,-1.98,-0.265,0
left_ramp600_-300_r2,left,0.009,0.02,0.0,-300,run,0.7965048720361665,0.0,-0.26,-0.1,0.28,0.04,-0.057,-2.452,-0.179,0
left_ramp600_-300_r2,left,0.009,0.02,0.0,-300,run,0.8628205530112609,0.0,-0.25,0.0,0.25,0.04,-0.074,-3.184,-0.26,0
left_ramp600_-300_r2,left,0.009,0.02,0.0,-300,run,0.9291989870253019,-272.0,-0.25,0.12,0.28,0.08,-0.081,-3.425,-0.64,0
left_ramp600_-300_r2,left,0.009,0.02,0.0,-300,run,0.9955843740026467,-421.0,-0.12,0.05,0.13,0.08,-0.078,-3.155,-1.109,0
left_ramp600_-300_r2,left,0.009,0.02,0.0,-300,run,1.0618291760329157,-385.0,-0.2,-0.01,0.2,0.08,-0.071,-3.015,-0.53,0
left_ramp600_-300_r2,left,0.009,0.02,0.0,-300,run,1.1280456620152108,-338.0,-0.11,-0.01,0.11,0.02,-0.067,-2.811,-0.68,0
left_ramp600_-300_r2,left,0.009,0.02,0.0,-300,run,1.1943981310469098,-277.0,-0.16,0.05,0.17,0.06,-0.063,-2.653,-0.597,0
left_ramp600_-300_r2,left,0.009,0.02,0.0,-300,run,1.2606451790197752,-266.0,-0.23,0.03,0.23,0.02,-0.067,-2.86,-0.396,0
left_ramp600_-300_r2,left,0.009,0.02,0.0,-300,run,1.3269418600248173,-256.0,-0.15,-0.02,0.15,0.04,-0.068,-2.9,-0.369,0
left_ramp600_-300_r2,left,0.009,0.02,0.0,-300,run,1.393279028008692,-263.0,-0.15,-0.02,0.15,0.04,-0.064,-2.667,-0.611,0
left_ramp600_-300_r2,left,0.009,0.02,0.0,-300,run,1.4598173950216733,-257.0,-0.18,0.03,0.18,0.08,-0.07,-2.951,-0.511,0
left_ramp600_-300_r2,left,0.009,0.02,0.0,-300,run,1.5261517420294695,-256.0,-0.25,0.0,0.25,0.04,-0.069,-2.946,-0.38,0
left_ramp600_-300_r2,left,0.009,0.02,0.0,-300,run,1.5929412090335973,-289.0,-0.21,-0.02,0.21,0.1,-0.067,-2.774,-0.68,0
left_ramp600_-300_r2,left,0.009,0.02,0.0,-300,run,1.6594267840264365,-287.0,-0.14,-0.03,0.14,0.26,-0.071,-2.991,-0.576,0
left_ramp600_-300_r2,left,0.009,0.02,0.0,-300,run,1.7256833370192908,-286.0,-0.22,0.0,0.22,0.02,-0.07,-2.983,-0.318,0
left_ramp600_-300_r2,left,0.009,0.02,0.0,-300,run,1.7918708710349165,-301.0,-0.22,-0.01,0.22,0.3,-0.068,-2.822,-0.659,0
left_ramp600_-300_r2,left,0.009,0.02,0.0,-300,run,1.8582072060089558,-282.0,-0.18,-0.04,0.19,0.02,-0.07,-2.921,-0.592,0
left_ramp600_-300_r2,left,0.009,0.02,0.0,-300,run,1.9244270300259814,-280.0,-0.2,-0.01,0.2,0.02,-0.072,-3.061,-0.34,0
left_ramp600_-300_r2,left,0.009,0.02,0.0,-300,run,1.9907516650273465,-298.0,-0.18,0.02,0.18,0.02,-0.069,-2.857,-0.705,0
left_ramp600_-300_r2,left,0.009,0.02,0.0,-300,run,2.0570697090006433,-287.0,-0.12,-0.04,0.13,0.02,-0.07,-2.946,-0.675,0
left_ramp600_-300_r2,left,0.009,0.02,0.0,-300,run,2.123406076047104,-284.0,-0.15,-0.04,0.16,0.02,-0.073,-3.082,-0.41,0
left_ramp600_-300_r2,left,0.009,0.02,0.0,-300,run,2.1898755690199323,-296.0,-0.27,0.04,0.27,0.06,-0.066,-2.763,-0.603,0
left_ramp600_-300_r2,left,0.009,0.02,0.0,0,stop,2.027023583650589e-06,-281.0,-0.19,0.07,0.2,0.04,-0.066,-2.734,-0.694,0
left_ramp600_-300_r2,left,0.009,0.02,0.0,0,stop,0.07644581299973652,-272.0,-0.16,0.0,0.16,0.06,-0.071,-2.996,-0.455,0
left_ramp600_-300_r2,left,0.009,0.02,0.0,0,stop,0.14264250901760533,-272.0,-0.23,0.03,0.24,0.04,-0.064,-2.734,-0.388,0
left_ramp600_-300_r2,left,0.009,0.02,0.0,0,stop,0.20899640902644023,-264.0,-0.18,-0.05,0.19,0.0,-0.055,-2.283,-0.514,0
left_ramp600_-300_r2,left,0.009,0.02,0.0,0,stop,0.27540613600285724,-210.0,-0.16,-0.05,0.17,0.06,-0.049,-2.047,-0.42,0
left_ramp600_-300_r2,left,0.009,0.02,0.0,0,stop,0.3417432600399479,-210.0,-0.14,0.0,0.14,0.04,-0.045,-1.919,-0.222,0
left_ramp600_-300_r2,left,0.009,0.02,0.0,0,stop,0.4080782640376128,-145.0,0.0,0.0,0.0,0.0,0.0,0.0,0.0,0
left_ramp600_-300_r2,left,0.009,0.02,0.0,0,stop,0.47438395902281627,316.0,0.0,0.0,0.0,0.0,0.0,0.0,0.0,0
left_ramp600_-300_r2,left,0.009,0.02,0.0,0,stop,0.5406914510531351,316.0,0.0,0.0,0.0,0.0,0.0,0.0,0.0,0
left_ramp600_-300_r2,left,0.009,0.02,0.0,0,stop,0.6068875700002536,316.0,0.0,0.0,0.0,0.0,0.0,0.0,0.0,0
left_ramp600_-300_r2,left,0.009,0.02,0.0,0,stop,0.6731927620130591,316.0,0.0,0.0,0.0,0.0,0.0,0.0,0.0,0
left_ramp600_-300_r2,left,0.009,0.02,0.0,0,stop,0.7396474100532942,316.0,0.0,0.0,0.0,0.0,0.0,0.0,0.0,0
left_ramp900_+300_r1,left,0.009,0.02,0.0,300,run,0.00016643700655549765,0.0,0.0,0.0,0.0,0.0,0.0,0.0,0.0,0
left_ramp900_+300_r1,left,0.009,0.02,0.0,300,run,0.06633709999732673,0.0,-0.01,-0.03,0.03,0.02,0.016,0.412,0.528,0
left_ramp900_+300_r1,left,0.009,0.02,0.0,300,run,0.13269743998534977,0.0,0.0,0.01,0.01,0.04,0.025,0.742,0.758,0
left_ramp900_+300_r1,left,0.009,0.02,0.0,300,run,0.19886857096571475,0.0,0.07,0.01,0.07,0.02,0.031,1.072,0.753,0
left_ramp900_+300_r1,left,0.009,0.02,0.0,300,run,0.26527895097387955,0.0,0.11,0.02,0.11,0.08,0.036,1.45,0.565,0
left_ramp900_+300_r1,left,0.009,0.02,0.0,300,run,0.3315755649819039,0.0,0.17,0.01,0.17,0.04,0.042,1.742,0.388,0
left_ramp900_+300_r1,left,0.009,0.02,0.0,300,run,0.397835680982098,0.0,0.14,0.0,0.14,0.0,0.045,1.881,0.383,0
left_ramp900_+300_r1,left,0.009,0.02,0.0,300,run,0.46413376595592126,0.0,0.23,0.0,0.23,0.04,0.046,1.924,0.356,0
left_ramp900_+300_r1,left,0.009,0.02,0.0,300,run,0.5304345070035197,0.0,0.25,0.0,0.25,0.04,0.046,1.94,0.359,0
left_ramp900_+300_r1,left,0.009,0.02,0.0,300,run,0.5967190759838559,0.0,0.25,0.0,0.25,0.0,0.049,2.088,0.302,0
left_ramp900_+300_r1,left,0.009,0.02,0.0,300,run,0.6631234719534405,21.0,0.24,-0.08,0.26,0.06,0.054,2.289,0.423,0
left_ramp900_+300_r1,left,0.009,0.02,0.0,300,run,0.7293191319913603,21.0,0.28,0.02,0.28,0.02,0.064,2.728,0.217,0
left_ramp900_+300_r1,left,0.009,0.02,0.0,300,run,0.7955590179772116,20.0,0.25,-0.04,0.25,0.26,0.076,3.227,-0.372,0
left_ramp900_+300_r1,left,0.009,0.02,0.0,300,run,0.8619061349891126,176.0,0.22,-0.02,0.23,0.06,0.082,3.39,-0.951,0
left_ramp900_+300_r1,left,0.009,0.02,0.0,300,run,0.9282759119523689,417.0,0.16,0.01,0.16,0.04,0.076,3.098,-1.023,0
left_ramp900_+300_r1,left,0.009,0.02,0.0,300,run,0.9945765159791335,395.0,0.19,-0.01,-0.19,-0.02,0.074,3.063,-0.777,0
left_ramp900_+300_r1,left,0.009,0.02,0.0,300,run,1.060936966969166,341.0,0.18,-0.03,0.18,0.04,0.068,2.87,-0.407,0
left_ramp900_+300_r1,left,0.009,0.02,0.0,300,run,1.127360445971135,302.0,0.2,0.05,0.2,0.06,0.065,2.739,-0.482,0
left_ramp900_+300_r1,left,0.009,0.02,0.0,300,run,1.1938617279520258,275.0,0.15,0.0,0.15,0.0,0.068,2.854,-0.565,0
left_ramp900_+300_r1,left,0.009,0.02,0.0,300,run,1.2599600739777088,259.0,0.13,-0.05,-0.14,-0.02,0.068,2.9,-0.428,0
left_ramp900_+300_r1,left,0.009,0.02,0.0,300,run,1.3262365539558232,274.0,0.25,-0.02,0.25,0.06,0.065,2.787,-0.308,0
left_ramp900_+300_r1,left,0.009,0.02,0.0,300,run,1.3925600789953023,267.0,0.22,0.06,0.23,0.0,0.068,2.846,-0.608,0
left_ramp900_+300_r1,left,0.009,0.02,0.0,300,run,1.4590210809838027,278.0,0.24,-0.02,0.24,0.02,0.069,2.921,-0.525,0
left_ramp900_+300_r1,left,0.009,0.02,0.0,300,run,1.5253001069650054,285.0,0.2,0.05,0.2,0.0,0.068,2.908,-0.412,0
left_ramp900_+300_r1,left,0.009,0.02,0.0,300,run,1.5915187109494582,294.0,0.17,0.04,0.17,0.04,0.069,2.9,-0.568,0
left_ramp900_+300_r1,left,0.009,0.02,0.0,300,run,1.657607166969683,281.0,0.23,-0.05,0.23,0.04,0.071,2.986,-0.576,0
left_ramp900_+300_r1,left,0.009,0.02,0.0,300,run,1.723631722969003,290.0,0.22,-0.04,0.22,0.06,0.069,2.929,-0.241,0
left_ramp900_+300_r1,left,0.009,0.02,0.0,300,run,1.7898405749583617,294.0,0.18,0.05,0.19,0.02,0.067,2.833,-0.498,0
left_ramp900_+300_r1,left,0.009,0.02,0.0,300,run,1.855988522991538,279.0,0.12,0.04,0.13,0.04,0.073,3.034,-0.71,0
left_ramp900_+300_r1,left,0.009,0.02,0.0,300,run,1.9222193239838816,289.0,0.17,0.0,0.17,0.06,0.069,2.956,-0.318,0
left_ramp900_+300_r1,left,0.009,0.02,0.0,300,run,1.9885288369841874,294.0,0.24,0.0,0.24,0.04,0.066,2.79,-0.428,0
left_ramp900_+300_r1,left,0.009,0.02,0.0,300,run,2.054939421999734,277.0,0.23,0.0,0.23,0.04,0.07,2.946,-0.546,0
left_ramp900_+300_r1,left,0.009,0.02,0.0,300,run,2.121138410002459,282.0,0.25,-0.01,0.25,0.06,0.068,2.913,-0.233,0
left_ramp900_+300_r1,left,0.009,0.02,0.0,300,run,2.187428167962935,293.0,0.21,0.04,0.21,0.04,0.067,2.857,-0.458,0
left_ramp900_+300_r1,left,0.009,0.02,0.0,0,stop,1.3469834811985493e-06,280.0,0.2,-0.03,0.2,0.4,0.071,3.015,-0.498,0
left_ramp900_+300_r1,left,0.009,0.02,0.0,0,stop,0.07646521599963307,274.0,0.21,-0.04,0.22,0.02,0.065,2.785,-0.276,0
left_ramp900_+300_r1,left,0.009,0.02,0.0,0,stop,0.14280077000148594,275.0,0.14,0.0,-0.14,-0.02,0.059,2.519,-0.3,0
left_ramp900_+300_r1,left,0.009,0.02,0.0,0,stop,0.20927776099415496,245.0,0.13,0.02,0.13,0.08,0.052,2.192,-0.436,0
left_ramp900_+300_r1,left,0.009,0.02,0.0,0,stop,0.27572530397446826,198.0,0.0,0.0,0.0,0.0,0.0,0.0,0.0,0
left_ramp900_+300_r1,left,0.009,0.02,0.0,0,stop,0.34208500100066885,198.0,0.0,0.0,0.0,0.0,0.0,0.0,0.0,0
left_ramp900_+300_r1,left,0.009,0.02,0.0,0,stop,0.40842681599315256,198.0,0.0,0.0,0.0,0.0,0.0,0.0,0.0,0
left_ramp900_+300_r1,left,0.009,0.02,0.0,0,stop,0.4749477300210856,198.0,0.0,0.0,0.0,0.0,0.0,0.0,0.0,0
left_ramp900_+300_r1,left,0.009,0.02,0.0,0,stop,0.5413778660004027,198.0,0.0,0.0,0.0,0.0,0.0,0.0,0.0,0
left_ramp900_+300_r1,left,0.009,0.02,0.0,0,stop,0.607675620005466,198.0,0.0,0.0,0.0,0.0,0.0,0.0,0.0,0
left_ramp900_+300_r1,left,0.009,0.02,0.0,0,stop,0.6740110209793784,198.0,0.0,0.0,0.0,0.0,0.0,0.0,0.0,0
left_ramp900_+300_r1,left,0.009,0.02,0.0,0,stop,0.7403516219928861,198.0,0.0,0.0,0.0,0.0,0.0,0.0,0.0,0
left_ramp900_-300_r1,left,0.009,0.02,0.0,-300,run,0.00013641698751598597,0.0,0.0,0.0,0.0,0.0,0.0,0.0,0.0,0
left_ramp900_-300_r1,left,0.009,0.02,0.0,-300,run,0.0663730829837732,0.0,0.0,0.01,0.01,0.08,0.011,0.332,-0.337,0
left_ramp900_-300_r1,left,0.009,0.02,0.0,-300,run,0.13254255696665496,0.0,-0.04,0.03,0.05,0.06,0.014,0.222,-0.541,0
left_ramp900_-300_r1,left,0.009,0.02,0.0,-300,run,0.19878784596221521,0.0,-0.07,0.04,0.08,0.02,-0.021,-0.289,-0.83,0
left_ramp900_-300_r1,left,0.009,0.02,0.0,-300,run,0.2651411129627377,0.0,-0.11,0.02,0.11,0.02,-0.029,-0.948,-0.801,0
left_ramp900_-300_r1,left,0.009,0.02,0.0,-300,run,0.33158619597088546,0.0,-0.13,-0.01,0.13,0.02,-0.039,-1.586,-0.536,0
left_ramp900_-300_r1,left,0.009,0.02,0.0,-300,run,0.39795926900114864,0.0,-0.2,0.01,0.2,0.02,-0.043,-1.804,-0.391,0
left_ramp900_-300_r1,left,0.009,0.02,0.0,-300,run,0.46425452700350434,0.0,-0.22,0.01,0.22,0.02,-0.048,-1.983,-0.509,0
left_ramp900_-300_r1,left,0.009,0.02,0.0,-300,run,0.5305729619576596,0.0,-0.17,-0.06,0.18,0.06,-0.053,-2.195,-0.554,0
left_ramp900_-300_r1,left,0.009,0.02,0.0,-300,run,0.5967898439848796,-15.0,-0.26,0.0,-0.26,-0.06,-0.059,-2.519,-0.219,0
left_ramp900_-300_r1,left,0.009,0.02,0.0,-300,run,0.6632051969645545,-27.0,-0.23,-0.04,0.23,0.08,-0.064,-2.707,-0.359,0
left_ramp900_-300_r1,left,0.009,0.02,0.0,-300,run,0.7295944140059873,-196.0,-0.15,0.0,0.15,0.1,-0.074,-3.109,-0.533,0
left_ramp900_-300_r1,left,0.009,0.02,0.0,-300,run,0.7961994869983755,-279.0,-0.16,0.03,0.16,0.04,-0.072,-3.013,-0.737,0
left_ramp900_-300_r1,left,0.009,0.02,0.0,-300,run,0.8626600449788384,-318.0,-0.13,-0.04,0.13,0.04,-0.066,-2.753,-0.729,0
left_ramp900_-300_r1,left,0.009,0.02,0.0,-300,run,0.9288955709780566,-291.0,-0.21,0.0,0.21,0.04,-0.065,-2.718,-0.538,0
left_ramp900_-300_r1,left,0.009,0.02,0.0,-300,run,0.9951264939736575,-265.0,-0.2,0.0,0.2,0.04,-0.061,-2.576,-0.45,0
left_ramp900_-300_r1,left,0.009,0.02,0.0,-300,run,1.0614291649544612,-234.0,-0.26,0.0,0.26,0.08,-0.061,-2.581,-0.41,0
left_ramp900_-300_r1,left,0.009,0.02,0.0,-300,run,1.1276945999707095,-220.0,-0.23,-0.06,0.23,0.08,-0.058,-2.455,-0.407,0
left_ramp900_-300_r1,left,0.009,0.02,0.0,-300,run,1.194050180958584,-205.0,-0.19,0.0,0.19,0.02,-0.065,-2.751,-0.436,0
left_ramp900_-300_r1,left,0.009,0.02,0.0,-300,run,1.2603051859769039,-213.0,-0.25,-0.03,0.25,0.04,-0.07,-2.976,-0.337,0
left_ramp900_-300_r1,left,0.009,0.02,0.0,-300,run,1.3266193539602682,-267.0,-0.17,0.05,0.18,0.04,-0.07,-2.914,-0.683,0
left_ramp900_-300_r1,left,0.009,0.02,0.0,-300,run,1.3929553119814955,-289.0,-0.15,-0.04,0.15,0.06,-0.069,-2.879,-0.602,0
left_ramp900_-300_r1,left,0.009,0.02,0.0,-300,run,1.459240736963693,-282.0,-0.16,-0.02,0.16,0.04,-0.071,-2.976,-0.527,0
left_ramp900_-300_r1,left,0.009,0.02,0.0,-300,run,1.5255127479904331,-290.0,-0.26,0.02,0.26,0.04,-0.067,-2.826,-0.6,0
left_ramp900_-300_r1,left,0.009,0.02,0.0,-300,run,1.59186480299104,-285.0,-0.23,0.0,0.23,0.08,-0.066,-2.764,-0.575,0
left_ramp900_-300_r1,left,0.009,0.02,0.0,-300,run,1.6581337479874492,-286.0,-0.19,0.01,0.19,0.08,-0.069,-2.925,-0.476,0
left_ramp900_-300_r1,left,0.009,0.02,0.0,-300,run,1.7244312719558366,-277.0,-0.23,-0.01,0.23,0.3,-0.071,-3.008,-0.522,0
left_ramp900_-300_r1,left,0.009,0.02,0.0,-300,run,1.7908533249865286,-288.0,-0.2,0.0,0.2,0.08,-0.067,-2.818,-0.549,0
left_ramp900_-300_r1,left,0.009,0.02,0.0,-300,run,1.8575438910047524,-286.0,-0.2,-0.01,0.2,0.04,-0.068,-2.887,-0.433,0
left_ramp900_-300_r1,left,0.009,0.02,0.0,-300,run,1.923864757991396,-277.0,-0.17,-0.03,0.18,0.04,-0.071,-2.997,-0.597,0
left_ramp900_-300_r1,left,0.009,0.02,0.0,-300,run,1.990087877959013,-289.0,-0.16,-0.05,0.17,0.04,-0.067,-2.815,-0.645,0
left_ramp900_-300_r1,left,0.009,0.02,0.0,-300,run,2.056254633993376,-290.0,-0.19,-0.05,0.19,0.04,-0.071,-3.005,-0.492,0
left_ramp900_-300_r1,left,0.009,0.02,0.0,-300,run,2.122528109990526,-285.0,-0.19,0.04,0.19,0.08,-0.07,-2.927,-0.637,0
left_ramp900_-300_r1,left,0.009,0.02,0.0,-300,run,2.1890688269631937,-298.0,-0.19,0.06,0.2,0.04,-0.068,-2.793,-0.779,0
left_ramp900_-300_r1,left,0.009,0.02,0.0,0,stop,1.3970420695841312e-06,-293.0,-0.21,0.0,0.21,0.08,-0.071,-3.01,-0.557,0
left_ramp900_-300_r1,left,0.009,0.02,0.0,0,stop,0.07649121200665832,-285.0,-0.12,0.0,0.12,0.06,-0.069,-2.885,-0.546,0
left_ramp900_-300_r1,left,0.009,0.02,0.0,0,stop,0.1429087599972263,-276.0,-0.22,0.03,0.22,0.08,-0.058,-2.416,-0.543,0
left_ramp900_-300_r1,left,0.009,0.02,0.0,0,stop,0.20935155701590702,-231.0,-0.12,-0.02,0.12,0.44,-0.049,-2.054,-0.393,0
left_ramp900_-300_r1,left,0.009,0.02,0.0,0,stop,0.27589415799593553,-231.0,0.0,0.0,0.0,0.0,0.0,0.0,0.0,0
left_ramp900_-300_r1,left,0.009,0.02,0.0,0,stop,0.34275739500299096,-231.0,0.0,0.0,0.0,0.0,0.0,0.0,0.0,0
left_ramp900_-300_r1,left,0.009,0.02,0.0,0,stop,0.4092059170361608,-231.0,0.0,0.0,0.0,0.0,0.0,0.0,0.0,0
left_ramp900_-300_r1,left,0.009,0.02,0.0,0,stop,0.4755954320426099,-231.0,0.0,0.0,0.0,0.0,0.0,0.0,0.0,0
left_ramp900_-300_r1,left,0.009,0.02,0.0,0,stop,0.5418813140131533,-231.0,0.0,0.0,0.0,0.0,0.0,0.0,0.0,0
left_ramp900_-300_r1,left,0.009,0.02,0.0,0,stop,0.6082723130239174,-231.0,0.0,0.0,0.0,0.0,0.0,0.0,0.0,0
left_ramp900_-300_r1,left,0.009,0.02,0.0,0,stop,0.6748706530197524,-231.0,0.0,0.0,0.0,0.0,0.0,0.0,0.0,0
left_ramp900_-300_r1,left,0.009,0.02,0.0,0,stop,0.741335369006265,0.0,0.0,0.0,0.0,0.0,0.0,0.0,0.0,0
left_ramp900_+300_r2,left,0.009,0.02,0.0,300,run,0.00013694196240976453,0.0,0.0,0.0,0.0,0.0,0.0,0.0,0.0,0
left_ramp900_+300_r2,left,0.009,0.02,0.0,300,run,0.06634000595659018,0.0,0.01,-0.02,0.02,0.04,0.009,0.313,0.238,0
left_ramp900_+300_r2,left,0.009,0.02,0.0,300,run,0.13257597695337608,0.0,0.04,0.0,0.04,0.06,0.016,0.586,0.361,0
left_ramp900_+300_r2,left,0.009,0.02,0.0,300,run,0.19894739997107536,0.0,0.07,-0.02,0.07,0.2,0.025,0.969,0.458,0
left_ramp900_+300_r2,left,0.009,0.02,0.0,300,run,0.2653326439904049,0.0,0.04,0.0,0.04,0.06,0.035,1.435,0.358,0
left_ramp900_+300_r2,left,0.009,0.02,0.0,300,run,0.3317652029800229,0.0,0.15,0.01,0.15,0.04,0.039,1.644,0.3,0
left_ramp900_+300_r2,left,0.009,0.02,0.0,300,run,0.39803185098571703,0.0,0.19,0.0,0.19,0.02,0.042,1.776,0.294,0
left_ramp900_+300_r2,left,0.009,0.02,0.0,300,run,0.4646335269790143,0.0,0.2,0.0,0.2,0.06,0.042,1.778,0.369,0
left_ramp900_+300_r2,left,0.009,0.02,0.0,300,run,0.5309612120036036,0.0,0.24,0.01,0.24,0.1,0.043,1.818,0.358,0
left_ramp900_+300_r2,left,0.009,0.02,0.0,300,run,0.5973109219921753,0.0,0.25,0.01,0.25,0.06,0.045,1.904,0.361,0
left_ramp900_+300_r2,left,0.009,0.02,0.0,300,run,0.6636993659776635,0.0,0.27,0.02,0.27,0.1,0.047,1.987,0.329,0
left_ramp900_+300_r2,left,0.009,0.02,0.0,300,run,0.7299982609692961,0.0,0.21,-0.06,0.22,0.0,0.056,2.394,0.329,0
left_ramp900_+300_r2,left,0.009,0.02,0.0,300,run,0.7963819309952669,0.0,0.3,0.07,0.31,0.04,0.072,3.075,-0.152,0
left_ramp900_+300_r2,left,0.009,0.02,0.0,300,run,0.8628955119638704,239.0,0.29,0.13,0.31,0.02,0.083,3.506,-0.538,0
left_ramp900_+300_r2,left,0.009,0.02,0.0,300,run,0.9291646999772638,431.0,0.15,0.02,0.15,0.04,0.079,3.273,-0.87,0
left_ramp900_+300_r2,left,0.009,0.02,0.0,300,run,0.9953788199927658,407.0,0.13,0.02,0.13,0.06,0.073,3.099,-0.484,0
left_ramp900_+300_r2,left,0.009,0.02,0.0,300,run,1.061722699960228,356.0,0.19,-0.03,0.2,0.02,0.069,2.911,-0.554,0
left_ramp900_+300_r2,left,0.009,0.02,0.0,300,run,1.1279477970092557,310.0,0.18,0.0,0.18,0.06,0.066,2.799,-0.356,0
left_ramp900_+300_r2,left,0.009,0.02,0.0,300,run,1.1943943880032748,276.0,0.21,0.0,0.21,0.06,0.065,2.764,-0.318,0
left_ramp900_+300_r2,left,0.009,0.02,0.0,300,run,1.2607984689529985,258.0,0.24,0.03,0.24,0.06,0.066,2.81,-0.436,0
left_ramp900_+300_r2,left,0.009,0.02,0.0,300,run,1.3270501269726083,258.0,0.19,-0.06,0.2,0.06,0.068,2.882,-0.305,0
left_ramp900_+300_r2,left,0.009,0.02,0.0,300,run,1.3932753729750402,270.0,0.14,0.0,0.14,0.02,0.068,2.901,-0.375,0
left_ramp900_+300_r2,left,0.009,0.02,0.0,300,run,1.4597651719814166,273.0,0.18,-0.01,0.18,0.08,0.071,3.018,-0.519,0
left_ramp900_+300_r2,left,0.009,0.02,0.0,300,run,1.5260098069556989,291.0,0.18,-0.05,0.19,0.04,0.07,2.965,-0.527,0
left_ramp900_+300_r2,left,0.009,0.02,0.0,300,run,1.5922270099981688,298.0,0.25,0.0,0.25,0.06,0.067,2.844,-0.417,0
left_ramp900_+300_r2,left,0.009,0.02,0.0,300,run,1.6586121989530511,288.0,0.16,-0.05,0.17,0.02,0.072,3.021,-0.519,0
left_ramp900_+300_r2,left,0.009,0.02,0.0,300,run,1.7250155779765919,292.0,0.19,-0.07,0.2,0.18,0.069,2.901,-0.583,0
left_ramp900_+300_r2,left,0.009,0.02,0.0,300,run,1.7912799209589139,290.0,0.22,-0.02,0.22,0.04,0.068,2.876,-0.393,0
left_ramp900_+300_r2,left,0.009,0.02,0.0,300,run,1.8575759399682283,280.0,0.24,0.1,0.26,0.02,0.068,2.89,-0.5,0
left_ramp900_+300_r2,left,0.009,0.02,0.0,300,run,1.924004137981683,287.0,0.24,-0.01,0.24,0.06,0.068,2.844,-0.538,0
left_ramp900_+300_r2,left,0.009,0.02,0.0,300,run,1.990336655988358,294.0,0.24,0.0,0.24,0.04,0.069,2.943,-0.436,0
left_ramp900_+300_r2,left,0.009,0.02,0.0,300,run,2.0566488009644672,291.0,0.19,0.0,0.19,0.42,0.069,2.927,-0.342,0
left_ramp900_+300_r2,left,0.009,0.02,0.0,300,run,2.122972000972368,286.0,0.23,-0.03,0.23,0.06,0.069,2.927,-0.452,0
left_ramp900_+300_r2,left,0.009,0.02,0.0,300,run,2.189238276972901,283.0,0.24,-0.03,0.24,0.06,0.068,2.909,-0.286,0
left_ramp900_+300_r2,left,0.009,0.02,0.0,0,stop,1.3100216165184975e-06,283.0,0.2,-0.01,0.2,0.04,0.068,2.906,-0.342,0
left_ramp900_+300_r2,left,0.009,0.02,0.0,0,stop,0.07682871603174135,278.0,0.18,-0.03,0.18,0.02,0.066,2.785,-0.417,0
left_ramp900_+300_r2,left,0.009,0.02,0.0,0,stop,0.14316326699918136,257.0,0.13,0.01,0.13,0.04,0.059,2.518,-0.278,0
left_ramp900_+300_r2,left,0.009,0.02,0.0,0,stop,0.2095291870064102,234.0,0.14,-0.01,0.14,0.04,0.052,2.236,-0.166,0
left_ramp900_+300_r2,left,0.009,0.02,0.0,0,stop,0.27597467601299286,234.0,0.0,0.0,0.0,0.0,0.0,0.0,0.0,0
left_ramp900_+300_r2,left,0.009,0.02,0.0,0,stop,0.3422693710308522,234.0,0.0,0.0,0.0,0.0,0.0,0.0,0.0,0
left_ramp900_+300_r2,left,0.009,0.02,0.0,0,stop,0.4085646960302256,234.0,0.0,0.0,0.0,0.0,0.0,0.0,0.0,0
left_ramp900_+300_r2,left,0.009,0.02,0.0,0,stop,0.4749040500028059,234.0,0.0,0.0,0.0,0.0,0.0,0.0,0.0,0
left_ramp900_+300_r2,left,0.009,0.02,0.0,0,stop,0.5412950660102069,234.0,0.0,0.0,0.0,0.0,0.0,0.0,0.0,0
left_ramp900_+300_r2,left,0.009,0.02,0.0,0,stop,0.6076730029890314,234.0,0.0,0.0,0.0,0.0,0.0,0.0,0.0,0
left_ramp900_+300_r2,left,0.009,0.02,0.0,0,stop,0.6739963800064288,234.0,0.0,0.0,0.0,0.0,0.0,0.0,0.0,0
left_ramp900_+300_r2,left,0.009,0.02,0.0,0,stop,0.7403190319892019,0.0,0.0,0.0,0.0,0.0,0.0,0.0,0.0,0
left_ramp900_-300_r2,left,0.009,0.02,0.0,-300,run,0.00013352499809116125,0.0,0.0,0.0,0.0,0.0,0.0,0.0,0.0,0
left_ramp900_-300_r2,left,0.009,0.02,0.0,-300,run,0.06638776697218418,0.0,0.04,0.02,0.04,0.06,-0.007,-0.262,-0.168,0
left_ramp900_-300_r2,left,0.009,0.02,0.0,-300,run,0.13263390597421676,0.0,0.0,0.01,0.01,0.04,-0.026,-1.05,-0.321,0
left_ramp900_-300_r2,left,0.009,0.02,0.0,-300,run,0.1992939219926484,0.0,-0.06,0.0,0.06,0.04,-0.035,-1.463,-0.3,0
left_ramp900_-300_r2,left,0.009,0.02,0.0,-300,run,0.26563659199746326,0.0,-0.1,-0.01,0.1,0.06,-0.041,-1.771,-0.139,0
left_ramp900_-300_r2,left,0.009,0.02,0.0,-300,run,0.33187880797777325,0.0,-0.19,0.03,0.19,0.16,-0.048,-2.042,-0.056,0
left_ramp900_-300_r2,left,0.009,0.02,0.0,-300,run,0.39821965899318457,0.0,-0.21,0.0,0.21,0.04,-0.043,-1.83,-0.125,0
left_ramp900_-300_r2,left,0.009,0.02,0.0,-300,run,0.46449407399632037,0.0,-0.23,-0.01,0.23,0.0,-0.041,-1.731,-0.142,0
left_ramp900_-300_r2,left,0.009,0.02,0.0,-300,run,0.5307663819985464,0.0,-0.23,0.0,0.23,0.0,-0.042,-1.769,-0.195,0
left_ramp900_-300_r2,left,0.009,0.02,0.0,-300,run,0.5972283379524015,0.0,-0.26,-0.01,0.26,0.0,-0.043,-1.83,-0.101,0
left_ramp900_-300_r2,left,0.009,0.02,0.0,-300,run,0.663527411990799,0.0,-0.26,0.0,0.26,0.0,-0.044,-1.887,-0.142,0
left_ramp900_-300_r2,left,0.009,0.02,0.0,-300,run,0.7298996459576301,0.0,-0.26,0.0,0.26,0.02,-0.051,-2.195,-0.072,0
left_ramp900_-300_r2,left,0.009,0.02,0.0,-300,run,0.7962155799614266,0.0,-0.29,-0.03,0.29,0.04,-0.063,-2.699,-0.058,0
left_ramp900_-300_r2,left,0.009,0.02,0.0,-300,run,0.8625139979994856,-23.0,-0.31,-0.03,0.31,0.06,-0.081,-3.474,-0.332,0
left_ramp900_-300_r2,left,0.009,0.02,0.0,-300,run,0.9286717009963468,-347.0,-0.24,0.1,0.26,0.06,-0.082,-3.297,-1.265,0
left_ramp900_-300_r2,left,0.009,0.02,0.0,-300,run,0.9947838519583456,-451.0,-0.19,-0.02,0.19,0.04,-0.081,-3.34,-0.898,0
left_ramp900_-300_r2,left,0.009,0.02,0.0,-300,run,1.0609356679487973,-413.0,-0.09,-0.02,0.1,0.08,-0.079,-3.388,-0.351,0
left_ramp900_-300_r2,left,0.009,0.02,0.0,-300,run,1.1270610519568436,-356.0,-0.14,-0.06,0.15,0.42,-0.075,-3.219,-0.206,0
left_ramp900_-300_r2,left,0.009,0.02,0.0,-300,run,1.1932086939923465,-337.0,-0.19,0.0,0.19,0.06,-0.072,-3.071,0.099,0
left_ramp900_-300_r2,left,0.009,0.02,0.0,-300,run,1.2593579509994015,-324.0,-0.21,-0.02,0.21,0.08,-0.074,-3.168,-0.184,0
left_ramp900_-300_r2,left,0.009,0.02,0.0,-300,run,1.3254862529574893,-307.0,-0.19,-0.02,0.19,0.08,-0.071,-3.055,-0.101,0
left_ramp900_-300_r2,left,0.009,0.02,0.0,-300,run,1.391597390989773,-310.0,-0.2,0.02,0.2,0.06,-0.071,-3.021,0.024,0
left_ramp900_-300_r2,left,0.009,0.02,0.0,-300,run,1.4577454239479266,-314.0,-0.24,0.0,0.24,0.06,-0.072,-3.08,-0.222,0
left_ramp900_-300_r2,left,0.009,0.02,0.0,-300,run,1.5242431229562499,-305.0,-0.16,0.0,0.16,0.06,-0.072,-3.077,-0.131,0
left_ramp900_-300_r2,left,0.009,0.02,0.0,-300,run,1.5904953479766846,-310.0,-0.17,0.03,0.17,0.04,-0.07,-3.01,-0.024,0
left_ramp900_-300_r2,left,0.009,0.02,0.0,-300,run,1.6568317489582114,-307.0,-0.22,0.02,0.22,0.08,-0.07,-3.01,-0.233,0
left_ramp900_-300_r2,left,0.009,0.02,0.0,-300,run,1.723212884971872,-293.0,-0.15,0.0,0.15,0.26,-0.071,-3.04,-0.096,0
left_ramp900_-300_r2,left,0.009,0.02,0.0,-300,run,1.7894485119613819,-299.0,-0.19,0.02,0.19,0.02,-0.069,-2.951,0.026,0
left_ramp900_-300_r2,left,0.009,0.02,0.0,-300,run,1.8558105349657126,-296.0,-0.23,0.0,0.23,0.08,-0.071,-3.04,-0.225,0
left_ramp900_-300_r2,left,0.009,0.02,0.0,-300,run,1.9221077569527552,-288.0,-0.19,0.0,0.19,0.08,-0.071,-3.04,-0.08,0
left_ramp900_-300_r2,left,0.009,0.02,0.0,-300,run,1.9884068979881704,-296.0,-0.21,0.01,0.21,0.04,-0.068,-2.933,0.064,0
left_ramp900_-300_r2,left,0.009,0.02,0.0,-300,run,2.0547800039639696,-291.0,-0.18,-0.01,0.18,0.08,-0.074,-3.152,-0.275,0
left_ramp900_-300_r2,left,0.009,0.02,0.0,-300,run,2.1212844259571284,-289.0,-0.22,-0.04,0.22,0.08,-0.07,-3.018,-0.096,0
left_ramp900_-300_r2,left,0.009,0.02,0.0,-300,run,2.1876412529964,-300.0,-0.21,0.0,0.21,0.04,-0.07,-2.992,0.04,0
left_ramp900_-300_r2,left,0.009,0.02,0.0,0,stop,1.1569936759769917e-06,-295.0,-0.2,0.0,0.2,0.04,-0.074,-3.166,-0.283,0
left_ramp900_-300_r2,left,0.009,0.02,0.0,0,stop,0.07640997000271454,-293.0,-0.16,-0.02,0.16,0.0,-0.067,-2.855,-0.091,0
left_ramp900_-300_r2,left,0.009,0.02,0.0,0,stop,0.1430688489926979,-278.0,-0.18,-0.02,0.18,0.04,-0.06,-2.563,0.16,0
left_ramp900_-300_r2,left,0.009,0.02,0.0,0,stop,0.20928244898095727,-235.0,-0.14,-0.02,0.14,0.06,-0.048,-2.065,0.206,0
left_ramp900_-300_r2,left,0.009,0.02,0.0,0,stop,0.27553827402880415,-235.0,0.0,0.0,0.0,0.0,0.0,0.0,0.0,0
left_ramp900_-300_r2,left,0.009,0.02,0.0,0,stop,0.3418492979835719,-235.0,0.0,0.0,0.0,0.0,0.0,0.0,0.0,0
left_ramp900_-300_r2,left,0.009,0.02,0.0,0,stop,0.4082122520194389,-235.0,0.0,0.0,0.0,0.0,0.0,0.0,0.0,0
left_ramp900_-300_r2,left,0.009,0.02,0.0,0,stop,0.47452406998490915,-235.0,0.0,0.0,0.0,0.0,0.0,0.0,0.0,0
left_ramp900_-300_r2,left,0.009,0.02,0.0,0,stop,0.5408924469957128,-235.0,0.0,0.0,0.0,0.0,0.0,0.0,0.0,0
left_ramp900_-300_r2,left,0.009,0.02,0.0,0,stop,0.607403700996656,-235.0,0.0,0.0,0.0,0.0,0.0,0.0,0.0,0
left_ramp900_-300_r2,left,0.009,0.02,0.0,0,stop,0.6736607790226117,-235.0,0.0,0.0,0.0,0.0,0.0,0.0,0.0,0
left_ramp900_-300_r2,left,0.009,0.02,0.0,0,stop,0.7399949870305136,0.0,0.0,0.0,0.0,0.0,0.0,0.0,0.0,0
left_ramp1200_+300_r1,left,0.009,0.02,0.0,300,run,0.00047359801828861237,0.0,0.0,0.0,0.0,0.0,0.0,0.0,0.0,0
left_ramp1200_+300_r1,left,0.009,0.02,0.0,300,run,0.06682921800529584,0.0,0.05,0.02,0.05,0.04,-0.019,-0.696,-0.444,0
left_ramp1200_+300_r1,left,0.009,0.02,0.0,300,run,0.13314403902040794,0.0,0.04,0.01,0.04,0.08,-0.015,-0.313,-0.538,0
left_ramp1200_+300_r1,left,0.009,0.02,0.0,300,run,0.1995027160155587,0.0,0.07,0.01,0.07,0.02,0.02,0.35,-0.771,0
left_ramp1200_+300_r1,left,0.009,0.02,0.0,300,run,0.26584914699196815,0.0,0.14,-0.01,0.14,0.1,0.031,1.106,-0.76,0
left_ramp1200_+300_r1,left,0.009,0.02,0.0,300,run,0.33217390498612076,0.0,0.16,-0.02,0.16,0.1,0.041,1.671,-0.5,0
left_ramp1200_+300_r1,left,0.009,0.02,0.0,300,run,0.3984185070148669,0.0,0.21,0.0,0.21,0.02,0.044,1.851,-0.444,0
left_ramp1200_+300_r1,left,0.009,0.02,0.0,300,run,0.4648047329974361,0.0,0.2,0.0,0.2,0.08,0.046,1.917,-0.49,0
left_ramp1200_+300_r1,left,0.009,0.02,0.0,300,run,0.5310297089745291,0.0,0.19,-0.01,0.19,0.08,0.055,2.301,-0.439,0
left_ramp1200_+300_r1,left,0.009,0.02,0.0,300,run,0.5972340590087697,0.0,0.2,-0.03,0.21,0.04,0.07,2.965,-0.492,0
left_ramp1200_+300_r1,left,0.009,0.02,0.0,300,run,0.6635192799731158,20.0,0.25,-0.11,0.27,0.06,0.079,3.361,-0.49,0
left_ramp1200_+300_r1,left,0.009,0.02,0.0,300,run,0.7297833230113611,346.0,0.15,0.01,0.15,0.42,0.069,2.879,-0.594,0
left_ramp1200_+300_r1,left,0.009,0.02,0.0,300,run,0.7958943319972605,322.0,0.13,0.02,0.13,0.04,0.069,2.801,-0.961,0
left_ramp1200_+300_r1,left,0.009,0.02,0.0,300,run,0.8621402090066113,285.0,0.19,-0.05,0.2,0.04,0.065,2.793,-0.208,0
left_ramp1200_+300_r1,left,0.009,0.02,0.0,300,run,0.9285122320288792,277.0,0.21,0.02,0.21,0.08,0.054,2.319,-0.195,0
left_ramp1200_+300_r1,left,0.009,0.02,0.0,300,run,0.9948579259798862,232.0,0.17,0.01,0.17,0.06,0.052,2.177,-0.45,0
left_ramp1200_+300_r1,left,0.009,0.02,0.0,300,run,1.0612769889994524,185.0,0.16,-0.02,0.16,0.4,0.059,2.432,-0.653,0
left_ramp1200_+300_r1,left,0.009,0.02,0.0,300,run,1.127586935996078,172.0,0.23,-0.06,0.24,0.06,0.067,2.858,-0.401,0
left_ramp1200_+300_r1,left,0.009,0.02,0.0,300,run,1.1939095939742401,192.0,0.26,-0.02,0.26,0.04,0.07,2.981,-0.184,0
left_ramp1200_+300_r1,left,0.009,0.02,0.0,300,run,1.2602497080224566,280.0,0.16,0.02,0.16,0.22,0.069,2.885,-0.559,0
left_ramp1200_+300_r1,left,0.009,0.02,0.0,300,run,1.326767506019678,288.0,0.17,-0.06,0.19,0.06,0.074,3.059,-0.784,0
left_ramp1200_+300_r1,left,0.009,0.02,0.0,300,run,1.393157679005526,297.0,0.22,-0.02,0.22,0.04,0.068,2.911,-0.334,0
left_ramp1200_+300_r1,left,0.009,0.02,0.0,300,run,1.4595637880265713,311.0,0.15,0.03,0.15,0.04,0.067,2.82,-0.535,0
left_ramp1200_+300_r1,left,0.009,0.02,0.0,300,run,1.5258639290113933,280.0,0.13,-0.01,0.13,0.08,0.072,2.981,-0.822,0
left_ramp1200_+300_r1,left,0.009,0.02,0.0,300,run,1.5922022010199726,282.0,0.16,-0.01,0.16,0.04,0.07,2.997,-0.316,0
left_ramp1200_+300_r1,left,0.009,0.02,0.0,300,run,1.6586213969858363,299.0,0.21,0.01,0.21,0.04,0.065,2.743,-0.444,0
left_ramp1200_+300_r1,left,0.009,0.02,0.0,300,run,1.7248879349790514,273.0,0.23,0.0,0.23,0.04,0.068,2.844,-0.709,0
left_ramp1200_+300_r1,left,0.009,0.02,0.0,300,run,1.7911589270224795,278.0,0.24,-0.05,0.24,0.08,0.07,2.986,-0.241,0
left_ramp1200_+300_r1,left,0.009,0.02,0.0,300,run,1.857552868023049,293.0,0.16,0.05,0.17,0.44,0.064,2.716,-0.423,0
left_ramp1200_+300_r1,left,0.009,0.02,0.0,300,run,1.9236459929961711,280.0,0.17,0.0,0.17,0.02,0.07,2.895,-0.72,0
left_ramp1200_+300_r1,left,0.009,0.02,0.0,300,run,1.9898566809715703,271.0,0.16,-0.13,0.21,0.04,0.073,3.104,-0.425,0
left_ramp1200_+300_r1,left,0.009,0.02,0.0,300,run,2.056022124015726,299.0,0.14,0.01,0.14,0.02,0.065,2.791,-0.297,0
left_ramp1200_+300_r1,left,0.009,0.02,0.0,300,run,2.1222973950207233,284.0,0.17,-0.03,0.17,0.06,0.069,2.86,-0.755,0
left_ramp1200_+300_r1,left,0.009,0.02,0.0,300,run,2.188605990028009,271.0,0.17,0.02,0.18,0.08,0.071,2.965,-0.605,0
left_ramp1200_+300_r1,left,0.009,0.02,0.0,0,stop,1.2430245988070965e-06,296.0,0.23,-0.03,0.23,0.02,0.067,2.85,-0.249,0
left_ramp1200_+300_r1,left,0.009,0.02,0.0,0,stop,0.07640970003558323,277.0,0.14,-0.05,0.15,0.0,0.064,2.659,-0.701,0
left_ramp1200_+300_r1,left,0.009,0.02,0.0,0,stop,0.14303458604263142,258.0,0.13,-0.05,0.14,0.04,0.059,2.501,-0.433,0
left_ramp1200_+300_r1,left,0.009,0.02,0.0,0,stop,0.20941778202541173,229.0,0.0,0.0,0.0,0.0,0.0,0.0,0.0,0
left_ramp1200_+300_r1,left,0.009,0.02,0.0,0,stop,0.2757547930232249,229.0,0.0,0.0,0.0,0.0,0.0,0.0,0.0,0
left_ramp1200_+300_r1,left,0.009,0.02,0.0,0,stop,0.34198606602149084,229.0,0.0,0.0,0.0,0.0,0.0,0.0,0.0,0
left_ramp1200_+300_r1,left,0.009,0.02,0.0,0,stop,0.40823316102614626,229.0,0.0,0.0,0.0,0.0,0.0,0.0,0.0,0
left_ramp1200_+300_r1,left,0.009,0.02,0.0,0,stop,0.47455876803724095,229.0,0.0,0.0,0.0,0.0,0.0,0.0,0.0,0
left_ramp1200_+300_r1,left,0.009,0.02,0.0,0,stop,0.5408546730177477,229.0,0.0,0.0,0.0,0.0,0.0,0.0,0.0,0
left_ramp1200_+300_r1,left,0.009,0.02,0.0,0,stop,0.6071803810191341,229.0,0.0,0.0,0.0,0.0,0.0,0.0,0.0,0
left_ramp1200_+300_r1,left,0.009,0.02,0.0,0,stop,0.6735317450365983,0.0,0.0,0.0,0.0,0.0,0.0,0.0,0.0,0
left_ramp1200_+300_r1,left,0.009,0.02,0.0,0,stop,0.7398055689991452,0.0,0.0,0.0,0.0,0.0,0.0,0.0,0.0,0
left_ramp1200_-300_r1,left,0.009,0.02,0.0,-300,run,0.00019195995992049575,0.0,0.0,0.0,0.0,0.0,0.0,0.0,0.0,0
left_ramp1200_-300_r1,left,0.009,0.02,0.0,-300,run,0.06632967700716108,0.0,0.01,0.0,-0.01,-0.02,-0.004,-0.093,0.131,0
left_ramp1200_-300_r1,left,0.009,0.02,0.0,-300,run,0.13262576499255374,0.0,-0.03,0.0,0.03,0.08,-0.02,-0.822,0.152,0
left_ramp1200_-300_r1,left,0.009,0.02,0.0,-300,run,0.19898317597107962,0.0,-0.11,-0.04,0.12,0.08,-0.034,-1.438,0.101,0
left_ramp1200_-300_r1,left,0.009,0.02,0.0,-300,run,0.26549798296764493,0.0,-0.16,0.01,0.16,0.04,-0.039,-1.687,-0.008,0
left_ramp1200_-300_r1,left,0.009,0.02,0.0,-300,run,0.3317437049699947,0.0,-0.17,0.03,0.17,0.16,-0.044,-1.869,-0.16,0
left_ramp1200_-300_r1,left,0.009,0.02,0.0,-300,run,0.3980699270032346,0.0,-0.19,-0.07,0.21,0.0,-0.05,-2.132,-0.227,0
left_ramp1200_-300_r1,left,0.009,0.02,0.0,-300,run,0.4646766029763967,0.0,-0.19,0.02,0.19,0.04,-0.058,-2.485,-0.187,0
left_ramp1200_-300_r1,left,0.009,0.02,0.0,-300,run,0.5309877999825403,0.0,-0.17,0.0,0.17,0.04,-0.064,-2.748,-0.251,0
left_ramp1200_-300_r1,left,0.009,0.02,0.0,-300,run,0.5972523789969273,-27.0,-0.3,0.06,0.31,0.04,-0.069,-2.946,-0.342,0
left_ramp1200_-300_r1,left,0.009,0.02,0.0,-300,run,0.6637544669792987,-233.0,-0.19,-0.04,0.19,0.02,-0.059,-2.483,-0.562,0
left_ramp1200_-300_r1,left,0.009,0.02,0.0,-300,run,0.7300599939771928,-239.0,-0.15,0.01,0.15,0.0,-0.066,-2.775,-0.525,0
left_ramp1200_-300_r1,left,0.009,0.02,0.0,-300,run,0.7963544160011224,-230.0,-0.21,-0.03,0.21,0.4,-0.064,-2.759,-0.139,0
left_ramp1200_-300_r1,left,0.009,0.02,0.0,-300,run,0.8626534649520181,-240.0,-0.26,0.01,0.26,0.38,-0.059,-2.507,-0.281,0
left_ramp1200_-300_r1,left,0.009,0.02,0.0,-300,run,0.928733738954179,-226.0,-0.19,-0.09,0.21,0.14,-0.056,-2.362,-0.441,0
left_ramp1200_-300_r1,left,0.009,0.02,0.0,-300,run,0.9952261209837161,-200.0,-0.17,-0.01,0.17,0.06,-0.061,-2.574,-0.541,0
left_ramp1200_-300_r1,left,0.009,0.02,0.0,-300,run,1.061752384994179,-198.0,-0.18,0.04,0.18,0.04,-0.069,-2.946,-0.366,0
left_ramp1200_-300_r1,left,0.009,0.02,0.0,-300,run,1.128147003997583,-263.0,-0.28,0.03,0.28,0.02,-0.066,-2.793,-0.407,0
left_ramp1200_-300_r1,left,0.009,0.02,0.0,-300,run,1.194366003968753,-273.0,-0.19,0.01,0.19,0.06,-0.065,-2.726,-0.594,0
left_ramp1200_-300_r1,left,0.009,0.02,0.0,-300,run,1.260674343968276,-265.0,-0.22,-0.04,0.22,0.02,-0.068,-2.903,-0.361,0
left_ramp1200_-300_r1,left,0.009,0.02,0.0,-300,run,1.32699574198341,-265.0,-0.13,0.02,0.14,0.04,-0.069,-2.935,-0.5,0
left_ramp1200_-300_r1,left,0.009,0.02,0.0,-300,run,1.3932125410065055,-279.0,-0.2,0.05,0.21,0.02,-0.064,-2.649,-0.661,0
left_ramp1200_-300_r1,left,0.009,0.02,0.0,-300,run,1.45950241596438,-270.0,-0.18,0.01,0.18,0.04,-0.07,-2.949,-0.57,0
left_ramp1200_-300_r1,left,0.009,0.02,0.0,-300,run,1.5257800719700754,-265.0,-0.23,0.0,0.23,0.04,-0.07,-2.989,-0.342,0
left_ramp1200_-300_r1,left,0.009,0.02,0.0,-300,run,1.5920881860074587,-291.0,-0.22,-0.02,0.22,0.04,-0.066,-2.756,-0.61,0
left_ramp1200_-300_r1,left,0.009,0.02,0.0,-300,run,1.6584424989996478,-278.0,-0.21,-0.06,0.22,0.02,-0.068,-2.868,-0.594,0
left_ramp1200_-300_r1,left,0.009,0.02,0.0,-300,run,1.7246408119681291,-273.0,-0.22,-0.05,0.23,0.02,-0.071,-3.029,-0.332,0
left_ramp1200_-300_r1,left,0.009,0.02,0.0,-300,run,1.7909067579894327,-295.0,-0.19,0.06,0.2,0.06,-0.068,-2.815,-0.683,0
left_ramp1200_-300_r1,left,0.009,0.02,0.0,-300,run,1.8572797739761882,-283.0,-0.13,0.03,0.14,0.02,-0.069,-2.852,-0.736,0
left_ramp1200_-300_r1,left,0.009,0.02,0.0,-300,run,1.923479643999599,-277.0,-0.19,0.03,0.19,0.34,-0.072,-3.035,-0.49,0
left_ramp1200_-300_r1,left,0.009,0.02,0.0,-300,run,1.989804267999716,-297.0,-0.28,0.02,0.28,0.14,-0.067,-2.836,-0.565,0
left_ramp1200_-300_r1,left,0.009,0.02,0.0,-300,run,2.0562329840031452,-300.0,-0.21,0.04,0.21,0.02,-0.066,-2.764,-0.685,0
left_ramp1200_-300_r1,left,0.009,0.02,0.0,-300,run,2.122756570985075,-284.0,-0.19,0.0,0.19,0.02,-0.072,-3.061,-0.412,0
left_ramp1200_-300_r1,left,0.009,0.02,0.0,-300,run,2.1890325829735957,-284.0,-0.27,0.04,0.27,0.08,-0.07,-2.97,-0.503,0
left_ramp1200_-300_r1,left,0.009,0.02,0.0,0,stop,2.4070031940937042e-06,-301.0,-0.21,0.0,0.21,0.06,-0.067,-2.785,-0.64,0
left_ramp1200_-300_r1,left,0.009,0.02,0.0,0,stop,0.07649557502008975,-285.0,-0.19,0.04,0.2,0.06,-0.069,-2.93,-0.409,0
left_ramp1200_-300_r1,left,0.009,0.02,0.0,0,stop,0.1427547110361047,-273.0,-0.14,-0.01,0.14,0.06,-0.061,-2.584,-0.211,0
left_ramp1200_-300_r1,left,0.009,0.02,0.0,0,stop,0.20909684099024162,-267.0,0.0,0.0,0.0,0.0,0.0,0.0,0.0,0
left_ramp1200_-300_r1,left,0.009,0.02,0.0,0,stop,0.27574886003276333,-267.0,0.0,0.0,0.0,0.0,0.0,0.0,0.0,0
left_ramp1200_-300_r1,left,0.009,0.02,0.0,0,stop,0.34207310603233054,-267.0,0.0,0.0,0.0,0.0,0.0,0.0,0.0,0
left_ramp1200_-300_r1,left,0.009,0.02,0.0,0,stop,0.4083947440376505,-267.0,0.0,0.0,0.0,0.0,0.0,0.0,0.0,0
left_ramp1200_-300_r1,left,0.009,0.02,0.0,0,stop,0.474758277006913,-267.0,0.0,0.0,0.0,0.0,0.0,0.0,0.0,0
left_ramp1200_-300_r1,left,0.009,0.02,0.0,0,stop,0.5408801950397901,-267.0,0.0,0.0,0.0,0.0,0.0,0.0,0.0,0
left_ramp1200_-300_r1,left,0.009,0.02,0.0,0,stop,0.6072973830159754,-267.0,0.0,0.0,0.0,0.0,0.0,0.0,0.0,0
left_ramp1200_-300_r1,left,0.009,0.02,0.0,0,stop,0.6735584660200402,0.0,0.0,0.0,0.0,0.0,0.0,0.0,0.0,0
left_ramp1200_-300_r1,left,0.009,0.02,0.0,0,stop,0.7397121909889393,0.0,0.0,0.0,0.0,0.0,0.0,0.0,0.0,0
left_ramp1200_+300_r2,left,0.009,0.02,0.0,300,run,0.00017112301429733634,0.0,0.0,0.0,0.0,0.0,0.0,0.0,0.0,0
left_ramp1200_+300_r2,left,0.009,0.02,0.0,300,run,0.06647355103632435,0.0,0.0,0.0,0.0,0.04,-0.005,-0.216,0.064,0
left_ramp1200_+300_r2,left,0.009,0.02,0.0,300,run,0.13266960805049166,0.0,0.05,-0.02,0.06,0.02,0.007,0.273,0.093,0
left_ramp1200_+300_r2,left,0.009,0.02,0.0,300,run,0.19895449600880966,0.0,0.06,0.0,0.06,0.08,0.028,1.2,-0.091,0
left_ramp1200_+300_r2,left,0.009,0.02,0.0,300,run,0.2654621610417962,0.0,0.15,0.0,0.15,0.06,0.041,1.727,-0.214,0
left_ramp1200_+300_r2,left,0.009,0.02,0.0,300,run,0.331714466039557,0.0,0.18,0.01,0.18,0.08,0.045,1.907,-0.316,0
left_ramp1200_+300_r2,left,0.009,0.02,0.0,300,run,0.39795424503972754,0.0,0.25,0.02,0.26,0.0,0.044,1.859,-0.267,0
left_ramp1200_+300_r2,left,0.009,0.02,0.0,300,run,0.4642393960384652,0.0,0.23,0.01,0.23,0.04,0.043,1.786,-0.369,0
left_ramp1200_+300_r2,left,0.009,0.02,0.0,300,run,0.5304994180332869,0.0,0.21,0.0,0.21,0.08,0.044,1.869,-0.353,0
left_ramp1200_+300_r2,left,0.009,0.02,0.0,300,run,0.5968964080093428,0.0,0.26,0.0,0.26,0.08,0.047,1.987,-0.334,0
left_ramp1200_+300_r2,left,0.009,0.02,0.0,300,run,0.6632609480293468,0.0,0.25,0.0,0.25,0.02,0.055,2.335,-0.35,0
left_ramp1200_+300_r2,left,0.009,0.02,0.0,300,run,0.7295840560109355,0.0,0.27,0.07,0.28,0.06,0.069,2.943,-0.391,0
left_ramp1200_+300_r2,left,0.009,0.02,0.0,300,run,0.7959167400258593,88.0,0.28,0.08,0.29,0.1,0.076,3.182,-0.774,0
left_ramp1200_+300_r2,left,0.009,0.02,0.0,300,run,0.8623940150137059,344.0,0.12,-0.02,-0.13,-0.02,0.078,3.268,-0.733,0
left_ramp1200_+300_r2,left,0.009,0.02,0.0,300,run,0.9286901830346324,380.0,0.09,0.04,-0.1,-0.04,0.076,3.139,-0.814,0
left_ramp1200_+300_r2,left,0.009,0.02,0.0,300,run,0.994947488012258,353.0,0.2,-0.01,0.2,0.06,0.069,2.93,-0.479,0
left_ramp1200_+300_r2,left,0.009,0.02,0.0,300,run,1.0612862020498142,317.0,0.18,0.0,0.18,0.06,0.066,2.823,-0.375,0
left_ramp1200_+300_r2,left,0.009,0.02,0.0,300,run,1.1275023980415426,286.0,0.16,0.05,0.17,0.06,0.067,2.831,-0.562,0
left_ramp1200_+300_r2,left,0.009,0.02,0.0,300,run,1.193791352037806,269.0,0.23,0.01,0.23,0.08,0.064,2.737,-0.308,0
left_ramp1200_+300_r2,left,0.009,0.02,0.0,300,run,1.2602202750276774,269.0,0.23,0.02,0.23,0.04,0.067,2.866,-0.326,0
left_ramp1200_+300_r2,left,0.009,0.02,0.0,300,run,1.3263809380005114,261.0,0.2,-0.06,0.21,0.02,0.069,2.935,-0.412,0
left_ramp1200_+300_r2,left,0.009,0.02,0.0,300,run,1.3926764330244623,274.0,0.15,-0.09,0.18,0.06,0.069,2.935,-0.463,0
left_ramp1200_+300_r2,left,0.009,0.02,0.0,300,run,1.4589636140153743,288.0,0.24,-0.03,0.24,0.06,0.068,2.903,-0.348,0
left_ramp1200_+300_r2,left,0.009,0.02,0.0,300,run,1.5253912199987099,284.0,0.15,0.04,0.15,0.06,0.071,2.986,-0.586,0
left_ramp1200_+300_r2,left,0.009,0.02,0.0,300,run,1.5917283010203391,295.0,0.15,0.0,0.15,0.08,0.069,2.901,-0.624,0
left_ramp1200_+300_r2,left,0.009,0.02,0.0,300,run,1.6582253290107474,298.0,0.22,-0.04,0.22,0.04,0.069,2.938,-0.423,0
left_ramp1200_+300_r2,left,0.009,0.02,0.0,300,run,1.7245679930201732,290.0,0.17,0.09,0.19,0.04,0.071,2.981,-0.594,0
left_ramp1200_+300_r2,left,0.009,0.02,0.0,300,run,1.790894191013649,296.0,0.2,0.04,0.21,0.06,0.067,2.815,-0.616,0
left_ramp1200_+300_r2,left,0.009,0.02,0.0,300,run,1.857227911008522,293.0,0.2,-0.01,0.2,0.04,0.07,2.951,-0.49,0
left_ramp1200_+300_r2,left,0.009,0.02,0.0,300,run,1.9235298320418224,284.0,0.23,0.04,0.23,0.02,0.069,2.919,-0.407,0
left_ramp1200_+300_r2,left,0.009,0.02,0.0,300,run,1.9897783010383137,291.0,0.26,-0.03,0.26,0.06,0.067,2.834,-0.503,0
left_ramp1200_+300_r2,left,0.009,0.02,0.0,300,run,2.0562938050134107,289.0,0.19,0.04,0.19,0.02,0.069,2.946,-0.399,0
left_ramp1200_+300_r2,left,0.009,0.02,0.0,300,run,2.1225546240457334,289.0,0.19,0.01,0.19,0.02,0.069,2.93,-0.364,0
left_ramp1200_+300_r2,left,0.009,0.02,0.0,300,run,2.188839316018857,283.0,0.24,-0.02,0.24,0.1,0.069,2.93,-0.503,0
left_ramp1200_+300_r2,left,0.009,0.02,0.0,0,stop,1.6069971024990082e-06,280.0,0.22,-0.05,0.23,0.06,0.069,2.922,-0.308,0
left_ramp1200_+300_r2,left,0.009,0.02,0.0,0,stop,0.07644208305282518,281.0,0.17,0.01,0.17,0.04,0.067,2.839,-0.278,0
left_ramp1200_+300_r2,left,0.009,0.02,0.0,0,stop,0.14283839904237539,267.0,0.17,0.03,0.17,0.06,0.058,2.464,-0.353,0
left_ramp1200_+300_r2,left,0.009,0.02,0.0,0,stop,0.2091783860232681,222.0,0.0,0.0,0.0,0.0,0.0,0.0,0.0,0
left_ramp1200_+300_r2,left,0.009,0.02,0.0,0,stop,0.2754614709992893,445.0,0.0,0.0,0.0,0.0,0.0,0.0,0.0,0
left_ramp1200_+300_r2,left,0.009,0.02,0.0,0,stop,0.3418730940320529,445.0,0.0,0.0,0.0,0.0,0.0,0.0,0.0,0
left_ramp1200_+300_r2,left,0.009,0.02,0.0,0,stop,0.4081938370363787,445.0,0.0,0.0,0.0,0.0,0.0,0.0,0.0,0
left_ramp1200_+300_r2,left,0.009,0.02,0.0,0,stop,0.47451483202166855,445.0,0.0,0.0,0.0,0.0,0.0,0.0,0.0,0
left_ramp1200_+300_r2,left,0.009,0.02,0.0,0,stop,0.5409202350419946,445.0,0.0,0.0,0.0,0.0,0.0,0.0,0.0,0
left_ramp1200_+300_r2,left,0.009,0.02,0.0,0,stop,0.607224629027769,445.0,0.0,0.0,0.0,0.0,0.0,0.0,0.0,0
left_ramp1200_+300_r2,left,0.009,0.02,0.0,0,stop,0.6735169540042989,445.0,0.0,0.0,0.0,0.0,0.0,0.0,0.0,0
left_ramp1200_+300_r2,left,0.009,0.02,0.0,0,stop,0.7398388650035486,445.0,0.0,0.0,0.0,0.0,0.0,0.0,0.0,0
left_ramp1200_-300_r2,left,0.009,0.02,0.0,-300,run,0.00025519198970869184,0.0,0.0,0.0,0.0,0.0,0.0,0.0,0.0,0
left_ramp1200_-300_r2,left,0.009,0.02,0.0,-300,run,0.06684436503564939,0.0,-0.01,-0.02,0.02,0.02,0.012,0.128,0.508,0
left_ramp1200_-300_r2,left,0.009,0.02,0.0,-300,run,0.1331447460106574,0.0,-0.03,-0.01,0.03,0.04,-0.017,-0.393,0.592,0
left_ramp1200_-300_r2,left,0.009,0.02,0.0,-300,run,0.19942176499171183,0.0,-0.05,0.01,0.06,0.4,-0.032,-1.28,0.541,0
left_ramp1200_-300_r2,left,0.009,0.02,0.0,-300,run,0.2660402440233156,0.0,-0.15,0.03,0.15,0.08,-0.04,-1.703,0.308,0
left_ramp1200_-300_r2,left,0.009,0.02,0.0,-300,run,0.3323209920199588,0.0,-0.17,0.0,0.17,0.0,-0.046,-1.987,-0.05,0
left_ramp1200_-300_r2,left,0.009,0.02,0.0,-300,run,0.3985771570005454,0.0,-0.21,-0.01,0.21,0.04,-0.051,-2.177,-0.141,0
left_ramp1200_-300_r2,left,0.009,0.02,0.0,-300,run,0.4651433700346388,0.0,-0.22,0.01,0.22,0.4,-0.053,-2.25,-0.404,0
left_ramp1200_-300_r2,left,0.009,0.02,0.0,-300,run,0.5315373770426959,-15.0,-0.25,0.02,0.25,0.02,-0.058,-2.429,-0.49,0
left_ramp1200_-300_r2,left,0.009,0.02,0.0,-300,run,0.5977081170422025,-103.0,-0.19,0.03,0.19,0.02,-0.062,-2.619,-0.407,0
left_ramp1200_-300_r2,left,0.009,0.02,0.0,-300,run,0.664027774007991,-158.0,-0.2,0.0,0.2,0.06,-0.06,-2.531,-0.393,0
left_ramp1200_-300_r2,left,0.009,0.02,0.0,-300,run,0.7303990080254152,-211.0,-0.13,-0.05,0.14,0.44,-0.067,-2.836,-0.476,0
left_ramp1200_-300_r2,left,0.009,0.02,0.0,-300,run,0.7969461420434527,-219.0,-0.16,0.05,0.17,0.06,-0.067,-2.839,-0.353,0
left_ramp1200_-300_r2,left,0.009,0.02,0.0,-300,run,0.8635402480140328,-254.0,-0.19,-0.04,0.19,0.04,-0.064,-2.716,-0.463,0
left_ramp1200_-300_r2,left,0.009,0.02,0.0,-300,run,0.9297354510053992,-245.0,-0.2,0.02,0.2,0.04,-0.059,-2.515,-0.35,0
left_ramp1200_-300_r2,left,0.009,0.02,0.0,-300,run,0.9959940100088716,-240.0,-0.18,0.0,0.18,0.02,-0.063,-2.697,-0.324,0
left_ramp1200_-300_r2,left,0.009,0.02,0.0,-300,run,1.0626122560352087,-228.0,-0.18,0.04,0.18,0.04,-0.063,-2.659,-0.428,0
left_ramp1200_-300_r2,left,0.009,0.02,0.0,-300,run,1.1288539580418728,-239.0,-0.23,0.0,0.23,0.06,-0.062,-2.614,-0.361,0
left_ramp1200_-300_r2,left,0.009,0.02,0.0,-300,run,1.1950382110080682,-227.0,-0.13,0.04,0.14,0.04,-0.062,-2.614,-0.549,0
left_ramp1200_-300_r2,left,0.009,0.02,0.0,-300,run,1.2615764809888788,-228.0,-0.2,0.04,0.2,0.0,-0.07,-2.968,-0.361,0
left_ramp1200_-300_r2,left,0.009,0.02,0.0,-300,run,1.3278864390449598,-244.0,-0.21,0.01,0.21,0.02,-0.073,-3.085,-0.5,0
left_ramp1200_-300_r2,left,0.009,0.02,0.0,-300,run,1.3941816540318541,-293.0,-0.19,0.02,0.19,0.06,-0.069,-2.874,-0.621,0
left_ramp1200_-300_r2,left,0.009,0.02,0.0,-300,run,1.4607196249999106,-303.0,-0.17,0.04,0.18,0.02,-0.07,-2.941,-0.498,0
left_ramp1200_-300_r2,left,0.009,0.02,0.0,-300,run,1.5269642900093459,-289.0,-0.2,-0.03,0.2,0.02,-0.07,-2.973,-0.525,0
left_ramp1200_-300_r2,left,0.009,0.02,0.0,-300,run,1.593187113001477,-287.0,-0.18,-0.03,0.19,0.08,-0.066,-2.793,-0.541,0
left_ramp1200_-300_r2,left,0.009,0.02,0.0,-300,run,1.6595565450261347,-279.0,-0.25,-0.04,0.26,0.02,-0.068,-2.893,-0.436,0
left_ramp1200_-300_r2,left,0.009,0.02,0.0,-300,run,1.725765745039098,-271.0,-0.19,0.08,0.21,0.06,-0.069,-2.898,-0.592,0
left_ramp1200_-300_r2,left,0.009,0.02,0.0,-300,run,1.7921440450008959,-286.0,-0.23,0.02,-0.23,-0.02,-0.066,-2.737,-0.661,0
left_ramp1200_-300_r2,left,0.009,0.02,0.0,-300,run,1.8583452409948222,-290.0,-0.24,0.05,0.24,0.02,-0.072,-3.008,-0.586,0
left_ramp1200_-300_r2,left,0.009,0.02,0.0,-300,run,1.9246268330025487,-289.0,-0.23,0.04,0.23,0.02,-0.07,-2.943,-0.549,0
left_ramp1200_-300_r2,left,0.009,0.02,0.0,-300,run,1.9909490999998525,-304.0,-0.26,0.0,0.26,0.06,-0.067,-2.801,-0.688,0
left_ramp1200_-300_r2,left,0.009,0.02,0.0,-300,run,2.0575047170277685,-300.0,-0.17,0.02,0.17,0.02,-0.071,-3.013,-0.527,0
left_ramp1200_-300_r2,left,0.009,0.02,0.0,-300,run,2.1238702540285885,-292.0,-0.23,0.0,0.23,0.02,-0.069,-2.909,-0.506,0
left_ramp1200_-300_r2,left,0.009,0.02,0.0,-300,run,2.1901735290302895,-291.0,-0.24,-0.02,0.25,0.48,-0.069,-2.871,-0.629,0
left_ramp1200_-300_r2,left,0.009,0.02,0.0,0,stop,1.1730007827281952e-06,-292.0,-0.2,0.0,0.2,0.04,-0.07,-2.951,-0.514,0
left_ramp1200_-300_r2,left,0.009,0.02,0.0,0,stop,0.07656114100245759,-287.0,-0.23,0.01,0.23,0.08,-0.065,-2.74,-0.45,0
left_ramp1200_-300_r2,left,0.009,0.02,0.0,0,stop,0.14286336599616334,-283.0,-0.18,0.01,0.18,0.04,-0.057,-2.41,-0.407,0
left_ramp1200_-300_r2,left,0.009,0.02,0.0,0,stop,0.20916760596446693,-254.0,0.0,0.0,0.0,0.0,0.0,0.0,0.0,0
left_ramp1200_-300_r2,left,0.009,0.02,0.0,0,stop,0.2758659549872391,-254.0,0.0,0.0,0.0,0.0,0.0,0.0,0.0,0
left_ramp1200_-300_r2,left,0.009,0.02,0.0,0,stop,0.3421942149871029,-254.0,0.0,0.0,0.0,0.0,0.0,0.0,0.0,0
left_ramp1200_-300_r2,left,0.009,0.02,0.0,0,stop,0.40893692895770073,-254.0,0.0,0.0,0.0,0.0,0.0,0.0,0.0,0
left_ramp1200_-300_r2,left,0.009,0.02,0.0,0,stop,0.47541295998962596,-254.0,0.0,0.0,0.0,0.0,0.0,0.0,0.0,0
left_ramp1200_-300_r2,left,0.009,0.02,0.0,0,stop,0.5418086199788377,-254.0,0.0,0.0,0.0,0.0,0.0,0.0,0.0,0
left_ramp1200_-300_r2,left,0.009,0.02,0.0,0,stop,0.6082386159687303,-254.0,0.0,0.0,0.0,0.0,0.0,0.0,0.0,0
left_ramp1200_-300_r2,left,0.009,0.02,0.0,0,stop,0.6746440749848261,0.0,0.0,0.0,0.0,0.0,0.0,0.0,0.0,0
left_ramp1200_-300_r2,left,0.009,0.02,0.0,0,stop,0.7410629139631055,0.0,0.0,0.0,0.0,0.0,0.0,0.0,0.0,0
left_ramp1500_+300_r1,left,0.009,0.02,0.0,300,run,0.00023048301227390766,0.0,0.0,0.0,0.0,0.0,0.0,0.0,0.0,0
left_ramp1500_+300_r1,left,0.009,0.02,0.0,300,run,0.06656283402116969,0.0,-0.01,-0.04,0.04,0.04,0.016,0.139,0.675,0
left_ramp1500_+300_r1,left,0.009,0.02,0.0,300,run,0.13307281798915938,0.0,0.03,0.02,0.03,0.08,0.03,1.052,0.774,0
left_ramp1500_+300_r1,left,0.009,0.02,0.0,300,run,0.19932581402827054,0.0,0.12,-0.01,0.12,0.02,0.039,1.556,0.621,0
left_ramp1500_+300_r1,left,0.009,0.02,0.0,300,run,0.2656939800363034,0.0,0.17,-0.01,0.17,0.04,0.042,1.698,0.589,0
left_ramp1500_+300_r1,left,0.009,0.02,0.0,300,run,0.33199800801230595,0.0,0.17,-0.02,0.17,0.04,0.041,1.65,0.57,0
left_ramp1500_+300_r1,left,0.009,0.02,0.0,300,run,0.39827800600323826,0.0,0.22,0.02,0.22,0.34,0.042,1.703,0.575,0
left_ramp1500_+300_r1,left,0.009,0.02,0.0,300,run,0.46454384503886104,0.0,0.24,0.02,0.24,0.12,0.043,1.763,0.57,0
left_ramp1500_+300_r1,left,0.009,0.02,0.0,300,run,0.530805696034804,0.0,0.28,0.06,0.29,0.08,0.042,1.749,0.487,0
left_ramp1500_+300_r1,left,0.009,0.02,0.0,300,run,0.5971336180227809,0.0,0.29,0.0,0.29,0.04,0.042,1.776,-0.216,0
left_ramp1500_+300_r1,left,0.009,0.02,0.0,300,run,0.6634715209947899,0.0,0.32,-0.02,0.32,0.02,0.042,1.784,-0.332,0
left_ramp1500_+300_r1,left,0.009,0.02,0.0,300,run,0.7297307929839008,0.0,0.36,0.0,0.36,0.06,0.043,1.802,-0.388,0
left_ramp1500_+300_r1,left,0.009,0.02,0.0,300,run,0.7960512370336801,0.0,0.32,0.0,0.32,0.06,0.045,1.896,-0.393,0
left_ramp1500_+300_r1,left,0.009,0.02,0.0,300,run,0.8624037739937194,0.0,0.32,0.0,0.32,0.1,0.048,2.033,-0.321,0
left_ramp1500_+300_r1,left,0.009,0.02,0.0,300,run,0.928752870997414,0.0,0.32,0.03,0.32,0.1,0.065,2.748,-0.42,0
left_ramp1500_+300_r1,left,0.009,0.02,0.0,300,run,0.9951148320105858,15.0,0.41,0.08,0.42,0.1,0.088,3.752,-0.538,0
left_ramp1500_+300_r1,left,0.009,0.02,0.0,300,run,1.0615118510322645,418.0,0.19,0.04,0.2,0.1,0.087,3.305,-1.684,0
left_ramp1500_+300_r1,left,0.009,0.02,0.0,300,run,1.1277894190279767,495.0,0.11,-0.11,0.16,0.08,0.09,3.728,-1.047,0
left_ramp1500_+300_r1,left,0.009,0.02,0.0,300,run,1.1941436490160413,467.0,0.16,-0.03,0.16,0.34,0.087,3.731,-0.254,0
left_ramp1500_+300_r1,left,0.009,0.02,0.0,300,run,1.2604297940270044,462.0,0.13,0.07,0.15,0.08,0.088,3.774,-0.069,0
left_ramp1500_+300_r1,left,0.009,0.02,0.0,300,run,1.3267024619854055,453.0,0.14,0.0,0.14,0.08,0.084,3.597,-0.099,0
left_ramp1500_+300_r1,left,0.009,0.02,0.0,300,run,1.3930378400254995,430.0,0.17,0.02,0.18,0.1,0.082,3.522,0.101,0
left_ramp1500_+300_r1,left,0.009,0.02,0.0,300,run,1.4593612070311792,404.0,0.17,-0.01,0.17,0.04,0.081,3.455,0.034,0
left_ramp1500_+300_r1,left,0.009,0.02,0.0,300,run,1.5255529769929126,398.0,0.14,-0.06,0.15,0.06,0.079,3.369,0.206,0
left_ramp1500_+300_r1,left,0.009,0.02,0.0,300,run,1.5919153810245916,372.0,0.13,-0.06,0.15,0.04,0.079,3.372,0.016,0
left_ramp1500_+300_r1,left,0.009,0.02,0.0,300,run,1.6581957950256765,363.0,0.13,0.01,0.13,0.08,0.073,3.139,0.01,0
left_ramp1500_+300_r1,left,0.009,0.02,0.0,300,run,1.7245647010277025,344.0,0.12,0.06,0.14,0.04,0.075,3.201,0.08,0
left_ramp1500_+300_r1,left,0.009,0.02,0.0,300,run,1.790862089022994,329.0,0.16,0.0,0.16,0.06,0.073,3.139,0.083,0
left_ramp1500_+300_r1,left,0.009,0.02,0.0,300,run,1.857358157983981,325.0,0.17,-0.04,0.18,0.06,0.069,2.973,0.141,0
left_ramp1500_+300_r1,left,0.009,0.02,0.0,300,run,1.9236349620041437,305.0,0.18,0.05,0.18,0.08,0.074,3.185,-0.024,0
left_ramp1500_+300_r1,left,0.009,0.02,0.0,300,run,1.9899738460080698,301.0,0.13,0.03,0.14,0.08,0.072,3.08,0.053,0
left_ramp1500_+300_r1,left,0.009,0.02,0.0,300,run,2.0564846980269067,299.0,0.18,-0.04,0.19,0.12,0.067,2.855,0.168,0
left_ramp1500_+300_r1,left,0.009,0.02,0.0,300,run,2.1227157069952227,285.0,0.16,0.05,0.17,0.08,0.07,3.008,0.072,0
left_ramp1500_+300_r1,left,0.009,0.02,0.0,300,run,2.189042154001072,276.0,0.2,-0.02,0.2,0.08,0.07,2.978,0.176,0
left_ramp1500_+300_r1,left,0.009,0.02,0.0,0,stop,9.04302578419447e-06,284.0,0.2,-0.01,0.2,0.06,0.068,2.919,-0.024,0
left_ramp1500_+300_r1,left,0.009,0.02,0.0,0,stop,0.07683482504216954,279.0,0.13,0.03,0.13,0.08,0.067,2.852,0.056,0
left_ramp1500_+300_r1,left,0.009,0.02,0.0,0,stop,0.14318114303750917,250.0,0.14,-0.02,0.14,0.08,0.058,2.48,0.01,0
left_ramp1500_+300_r1,left,0.009,0.02,0.0,0,stop,0.20977651502471417,250.0,0.0,0.0,0.0,0.0,0.0,0.0,0.0,0
left_ramp1500_+300_r1,left,0.009,0.02,0.0,0,stop,0.27609483303967863,250.0,0.0,0.0,0.0,0.0,0.0,0.0,0.0,0
left_ramp1500_+300_r1,left,0.009,0.02,0.0,0,stop,0.34238596103386953,250.0,0.0,0.0,0.0,0.0,0.0,0.0,0.0,0
left_ramp1500_+300_r1,left,0.009,0.02,0.0,0,stop,0.40897368802689016,250.0,0.0,0.0,0.0,0.0,0.0,0.0,0.0,0
left_ramp1500_+300_r1,left,0.009,0.02,0.0,0,stop,0.4757460880209692,250.0,0.0,0.0,0.0,0.0,0.0,0.0,0.0,0
left_ramp1500_+300_r1,left,0.009,0.02,0.0,0,stop,0.5420865649939515,250.0,0.0,0.0,0.0,0.0,0.0,0.0,0.0,0
left_ramp1500_+300_r1,left,0.009,0.02,0.0,0,stop,0.6084904610179365,250.0,0.0,0.0,0.0,0.0,0.0,0.0,0.0,0
left_ramp1500_+300_r1,left,0.009,0.02,0.0,0,stop,0.6747786520281807,0.0,0.0,0.0,0.0,0.0,0.0,0.0,0.0,0
left_ramp1500_+300_r1,left,0.009,0.02,0.0,0,stop,0.7410527670290321,0.0,0.0,0.0,0.0,0.0,0.0,0.0,0.0,0
left_ramp1500_-300_r1,left,0.009,0.02,0.0,-300,run,8.98040016181767e-05,0.0,0.0,0.0,0.0,0.0,0.0,0.0,0.0,0
left_ramp1500_-300_r1,left,0.009,0.02,0.0,-300,run,0.06606369296787307,0.0,0.0,-0.01,0.01,0.1,-0.011,-0.249,0.394,0
left_ramp1500_-300_r1,left,0.009,0.02,0.0,-300,run,0.1323854739894159,0.0,-0.04,0.0,0.04,0.1,-0.027,-1.021,0.552,0
left_ramp1500_-300_r1,left,0.009,0.02,0.0,-300,run,0.19868753798073158,0.0,-0.11,0.02,0.11,0.04,-0.04,-1.64,0.549,0
left_ramp1500_-300_r1,left,0.009,0.02,0.0,-300,run,0.26494311599526554,0.0,-0.16,0.03,0.17,0.12,-0.045,-1.884,0.321,0
left_ramp1500_-300_r1,left,0.009,0.02,0.0,-300,run,0.33123893797164783,0.0,-0.16,-0.02,0.16,0.16,-0.048,-2.039,0.251,0
left_ramp1500_-300_r1,left,0.009,0.02,0.0,-300,run,0.39771452301647514,0.0,-0.2,0.02,0.2,0.02,-0.055,-2.337,0.077,0
left_ramp1500_-300_r1,left,0.009,0.02,0.0,-300,run,0.4640175969689153,0.0,-0.24,0.03,0.24,0.04,-0.054,-2.329,-0.04,0
left_ramp1500_-300_r1,left,0.009,0.02,0.0,-300,run,0.5304766990011558,-15.0,-0.26,0.03,0.26,0.02,-0.055,-2.345,-0.26,0
left_ramp1500_-300_r1,left,0.009,0.02,0.0,-300,run,0.5967676800210029,-142.0,-0.2,0.05,0.21,0.06,-0.059,-2.498,-0.407,0
left_ramp1500_-300_r1,left,0.009,0.02,0.0,-300,run,0.663170590007212,-167.0,-0.22,-0.05,0.23,0.08,-0.058,-2.468,-0.42,0
left_ramp1500_-300_r1,left,0.009,0.02,0.0,-300,run,0.7295845659682527,-180.0,-0.18,0.02,0.18,0.1,-0.068,-2.9,-0.391,0
left_ramp1500_-300_r1,left,0.009,0.02,0.0,-300,run,0.7959481930010952,-215.0,-0.22,0.0,0.22,0.1,-0.066,-2.814,-0.174,0
left_ramp1500_-300_r1,left,0.009,0.02,0.0,-300,run,0.8622727160109207,-262.0,-0.15,-0.02,0.15,0.12,-0.064,-2.667,-0.579,0
left_ramp1500_-300_r1,left,0.009,0.02,0.0,-300,run,0.9285542879952118,-256.0,-0.18,0.01,0.18,0.04,-0.063,-2.672,-0.45,0
left_ramp1500_-300_r1,left,0.009,0.02,0.0,-300,run,0.9948810859932564,-245.0,-0.21,0.04,0.22,0.04,-0.066,-2.82,-0.281,0
left_ramp1500_-300_r1,left,0.009,0.02,0.0,-300,run,1.061507273989264,-250.0,-0.19,-0.04,0.19,0.08,-0.065,-2.753,-0.479,0
left_ramp1500_-300_r1,left,0.009,0.02,0.0,-300,run,1.1280154180130921,-254.0,-0.23,0.03,0.24,0.44,-0.064,-2.653,-0.624,0
left_ramp1500_-300_r1,left,0.009,0.02,0.0,-300,run,1.1942918109707534,-251.0,-0.16,-0.02,0.16,0.08,-0.071,-3.007,-0.407,0
left_ramp1500_-300_r1,left,0.009,0.02,0.0,-300,run,1.26060147798853,-262.0,-0.23,0.0,0.23,0.06,-0.069,-2.916,-0.356,0
left_ramp1500_-300_r1,left,0.009,0.02,0.0,-300,run,1.3268426129943691,-290.0,-0.21,0.0,0.21,0.04,-0.068,-2.817,-0.694,0
left_ramp1500_-300_r1,left,0.009,0.02,0.0,-300,run,1.3931340249837376,-277.0,-0.18,-0.07,0.19,0.08,-0.07,-2.964,-0.589,0
left_ramp1500_-300_r1,left,0.009,0.02,0.0,-300,run,1.4594625679892488,-280.0,-0.22,-0.04,0.22,0.04,-0.07,-2.975,-0.353,0
left_ramp1500_-300_r1,left,0.009,0.02,0.0,-300,run,1.5257150839897804,-291.0,-0.22,0.06,0.23,0.04,-0.065,-2.726,-0.651,0
left_ramp1500_-300_r1,left,0.009,0.02,0.0,-300,run,1.5920069919666275,-280.0,-0.19,-0.02,0.19,0.04,-0.067,-2.838,-0.56,0
left_ramp1500_-300_r1,left,0.009,0.02,0.0,-300,run,1.6582515119807795,-274.0,-0.2,0.03,0.21,0.04,-0.07,-2.975,-0.391,0
left_ramp1500_-300_r1,left,0.009,0.02,0.0,-300,run,1.7244923679972999,-282.0,-0.22,0.0,0.22,0.08,-0.07,-2.967,-0.541,0
left_ramp1500_-300_r1,left,0.009,0.02,0.0,-300,run,1.790582038986031,-291.0,-0.2,-0.04,0.2,0.12,-0.067,-2.814,-0.648,0
left_ramp1500_-300_r1,left,0.009,0.02,0.0,-300,run,1.8566761310212314,-287.0,-0.18,-0.02,0.18,0.04,-0.071,-3.029,-0.356,0
left_ramp1500_-300_r1,left,0.009,0.02,0.0,-300,run,1.9227389720035717,-293.0,-0.16,-0.01,0.16,0.04,-0.071,-3.018,-0.52,0
left_ramp1500_-300_r1,left,0.009,0.02,0.0,-300,run,1.9888431790168397,-297.0,-0.2,-0.06,0.21,0.1,-0.068,-2.828,-0.699,0
left_ramp1500_-300_r1,left,0.009,0.02,0.0,-300,run,2.0550684169866145,-289.0,-0.24,-0.05,0.24,0.1,-0.071,-3.031,-0.356,0
left_ramp1500_-300_r1,left,0.009,0.02,0.0,-300,run,2.1213283049874008,-294.0,-0.18,0.0,0.18,0.04,-0.07,-2.937,-0.576,0
left_ramp1500_-300_r1,left,0.009,0.02,0.0,-300,run,2.1876813959679566,-297.0,-0.17,-0.08,0.19,0.08,-0.069,-2.852,-0.769,0
left_ramp1500_-300_r1,left,0.009,0.02,0.0,0,stop,1.5069963410496712e-06,-289.0,-0.22,-0.07,0.23,0.08,-0.071,-3.042,-0.34,0
left_ramp1500_-300_r1,left,0.009,0.02,0.0,0,stop,0.07644551299745217,-291.0,-0.15,-0.03,0.15,0.08,-0.065,-2.755,-0.423,0
left_ramp1500_-300_r1,left,0.009,0.02,0.0,0,stop,0.1425873429980129,-290.0,-0.16,0.02,0.16,0.06,-0.052,-2.101,-0.721,0
left_ramp1500_-300_r1,left,0.009,0.02,0.0,0,stop,0.2089558410225436,-253.0,0.0,0.0,0.0,0.0,0.0,0.0,0.0,0
left_ramp1500_-300_r1,left,0.009,0.02,0.0,0,stop,0.2753349770209752,-253.0,0.0,0.0,0.0,0.0,0.0,0.0,0.0,0
left_ramp1500_-300_r1,left,0.009,0.02,0.0,0,stop,0.3417115840129554,-253.0,0.0,0.0,0.0,0.0,0.0,0.0,0.0,0
left_ramp1500_-300_r1,left,0.009,0.02,0.0,0,stop,0.4080476710223593,-253.0,0.0,0.0,0.0,0.0,0.0,0.0,0.0,0
left_ramp1500_-300_r1,left,0.009,0.02,0.0,0,stop,0.47438529098872095,-253.0,0.0,0.0,0.0,0.0,0.0,0.0,0.0,0
left_ramp1500_-300_r1,left,0.009,0.02,0.0,0,stop,0.5407965899794362,-253.0,0.0,0.0,0.0,0.0,0.0,0.0,0.0,0
left_ramp1500_-300_r1,left,0.009,0.02,0.0,0,stop,0.6071130270138383,-253.0,0.0,0.0,0.0,0.0,0.0,0.0,0.0,0
left_ramp1500_-300_r1,left,0.009,0.02,0.0,0,stop,0.6733196889981627,0.0,0.0,0.0,0.0,0.0,0.0,0.0,0.0,0
left_ramp1500_-300_r1,left,0.009,0.02,0.0,0,stop,0.7398472509812564,0.0,0.0,0.0,0.0,0.0,0.0,0.0,0.0,0
left_ramp1500_+300_r2,left,0.009,0.02,0.0,300,run,0.00012127996888011694,0.0,0.0,0.0,0.0,0.0,0.0,0.0,0.0,0
left_ramp1500_+300_r2,left,0.009,0.02,0.0,300,run,0.06614615599391982,0.0,-0.01,-0.01,0.01,0.02,0.016,0.327,0.624,0
left_ramp1500_+300_r2,left,0.009,0.02,0.0,300,run,0.13226382300490513,0.0,0.04,0.0,0.04,0.02,0.032,1.243,0.603,0
left_ramp1500_+300_r2,left,0.009,0.02,0.0,300,run,0.1983646439621225,0.0,0.12,-0.03,0.12,0.14,0.04,1.643,0.53,0
left_ramp1500_+300_r2,left,0.009,0.02,0.0,300,run,0.2646335960016586,0.0,0.19,0.01,0.19,0.1,0.041,1.68,0.471,0
left_ramp1500_+300_r2,left,0.009,0.02,0.0,300,run,0.330876913969405,0.0,0.18,0.0,0.18,0.02,0.041,1.702,0.501,0
left_ramp1500_+300_r2,left,0.009,0.02,0.0,300,run,0.3971054569701664,0.0,0.21,-0.01,0.21,0.04,0.043,1.758,0.525,0
left_ramp1500_+300_r2,left,0.009,0.02,0.0,300,run,0.4634459739900194,0.0,0.24,0.03,0.24,0.0,0.041,1.758,-0.091,0
left_ramp1500_+300_r2,left,0.009,0.02,0.0,300,run,0.529709581984207,0.0,0.26,0.0,0.26,0.0,0.041,1.745,-0.243,0
left_ramp1500_+300_r2,left,0.009,0.02,0.0,300,run,0.5958333899616264,0.0,0.26,0.0,0.26,0.08,0.043,1.812,-0.27,0
left_ramp1500_+300_r2,left,0.009,0.02,0.0,300,run,0.6621218579821289,0.0,0.29,-0.01,0.29,0.04,0.044,1.871,-0.246,0
left_ramp1500_+300_r2,left,0.009,0.02,0.0,300,run,0.7283954760059714,0.0,0.28,-0.01,0.28,0.04,0.052,2.216,-0.176,0
left_ramp1500_+300_r2,left,0.009,0.02,0.0,300,run,0.7947146960068494,0.0,0.24,0.01,0.24,0.06,0.071,3.045,-0.26,0
left_ramp1500_+300_r2,left,0.009,0.02,0.0,300,run,0.8610091969603673,87.0,0.43,0.05,0.43,0.04,0.084,3.511,-0.804,0
left_ramp1500_+300_r2,left,0.009,0.02,0.0,300,run,0.9272917089983821,419.0,0.18,-0.09,0.2,0.06,0.083,3.39,-1.034,0
left_ramp1500_+300_r2,left,0.009,0.02,0.0,300,run,0.9936004870105535,428.0,0.22,0.03,0.22,0.1,0.079,3.273,-0.844,0
left_ramp1500_+300_r2,left,0.009,0.02,0.0,300,run,1.059956313984003,402.0,0.2,-0.05,0.21,0.06,0.075,3.144,-0.597,0
left_ramp1500_+300_r2,left,0.009,0.02,0.0,300,run,1.1262264850083739,370.0,0.17,0.0,0.17,0.04,0.072,3.055,-0.485,0
left_ramp1500_+300_r2,left,0.009,0.02,0.0,300,run,1.1925253529916517,324.0,0.18,0.0,0.18,0.06,0.07,2.927,-0.605,0
left_ramp1500_+300_r2,left,0.009,0.02,0.0,300,run,1.2588048239704221,316.0,0.22,0.0,0.22,0.08,0.07,2.967,-0.509,0
left_ramp1500_+300_r2,left,0.009,0.02,0.0,300,run,1.3250768219586462,307.0,0.19,0.0,0.19,0.02,0.07,2.951,-0.461,0
left_ramp1500_+300_r2,left,0.009,0.02,0.0,300,run,1.3913889299728908,296.0,0.22,0.0,0.22,0.04,0.069,2.905,-0.619,0
left_ramp1500_+300_r2,left,0.009,0.02,0.0,300,run,1.457748600980267,305.0,0.19,0.04,0.19,0.06,0.071,2.983,-0.509,0
left_ramp1500_+300_r2,left,0.009,0.02,0.0,300,run,1.5240716639673337,305.0,0.22,0.04,0.22,0.02,0.069,2.935,-0.482,0
left_ramp1500_+300_r2,left,0.009,0.02,0.0,300,run,1.590316982998047,299.0,0.26,0.0,0.26,0.06,0.068,2.857,-0.597,0
left_ramp1500_+300_r2,left,0.009,0.02,0.0,300,run,1.656700468971394,296.0,0.17,0.04,0.18,0.02,0.07,2.986,-0.466,0
left_ramp1500_+300_r2,left,0.009,0.02,0.0,300,run,1.7230903549934737,300.0,0.21,0.0,0.21,0.02,0.07,2.994,-0.377,0
left_ramp1500_+300_r2,left,0.009,0.02,0.0,300,run,1.7894254669663496,296.0,0.24,0.0,0.24,0.02,0.069,2.873,-0.616,0
left_ramp1500_+300_r2,left,0.009,0.02,0.0,300,run,1.8557391939684749,300.0,0.18,0.03,0.19,0.02,0.07,2.956,-0.442,0
left_ramp1500_+300_r2,left,0.009,0.02,0.0,300,run,1.9220020789653063,298.0,0.18,0.04,0.19,0.08,0.07,2.967,-0.404,0
left_ramp1500_+300_r2,left,0.009,0.02,0.0,300,run,1.988259261008352,288.0,0.28,-0.01,0.28,0.14,0.069,2.892,-0.56,0
left_ramp1500_+300_r2,left,0.009,0.02,0.0,300,run,2.054639039968606,288.0,0.21,0.0,0.21,0.08,0.069,2.921,-0.369,0
left_ramp1500_+300_r2,left,0.009,0.02,0.0,300,run,2.120925951981917,287.0,0.2,-0.01,0.2,0.02,0.067,2.838,-0.332,0
left_ramp1500_+300_r2,left,0.009,0.02,0.0,300,run,2.187232742959168,275.0,0.16,0.04,0.17,0.08,0.069,2.889,-0.6,0
left_ramp1500_+300_r2,left,0.009,0.02,0.0,0,stop,1.3399985618889332e-06,272.0,0.24,0.08,0.25,0.06,0.067,2.852,-0.38,0
left_ramp1500_+300_r2,left,0.009,0.02,0.0,0,stop,0.07645276898983866,279.0,0.16,-0.07,0.17,0.08,0.066,2.842,-0.206,0
left_ramp1500_+300_r2,left,0.009,0.02,0.0,0,stop,0.14283137099118903,270.0,0.14,0.0,0.14,0.1,0.056,2.392,-0.286,0
left_ramp1500_+300_r2,left,0.009,0.02,0.0,0,stop,0.20910684199770913,248.0,0.0,0.0,0.0,0.0,0.0,0.0,0.0,0
left_ramp1500_+300_r2,left,0.009,0.02,0.0,0,stop,0.275316842016764,248.0,0.0,0.0,0.0,0.0,0.0,0.0,0.0,0
left_ramp1500_+300_r2,left,0.009,0.02,0.0,0,stop,0.34164042701013386,248.0,0.0,0.0,0.0,0.0,0.0,0.0,0.0,0
left_ramp1500_+300_r2,left,0.009,0.02,0.0,0,stop,0.40789465699344873,248.0,0.0,0.0,0.0,0.0,0.0,0.0,0.0,0
left_ramp1500_+300_r2,left,0.009,0.02,0.0,0,stop,0.47430980700301006,248.0,0.0,0.0,0.0,0.0,0.0,0.0,0.0,0
left_ramp1500_+300_r2,left,0.009,0.02,0.0,0,stop,0.5405992179876193,248.0,0.0,0.0,0.0,0.0,0.0,0.0,0.0,0
left_ramp1500_+300_r2,left,0.009,0.02,0.0,0,stop,0.606823867012281,248.0,0.0,0.0,0.0,0.0,0.0,0.0,0.0,0
left_ramp1500_+300_r2,left,0.009,0.02,0.0,0,stop,0.6731482910108753,0.0,0.0,0.0,0.0,0.0,0.0,0.0,0.0,0
left_ramp1500_+300_r2,left,0.009,0.02,0.0,0,stop,0.73959333403036,0.0,0.0,0.0,0.0,0.0,0.0,0.0,0.0,0
left_ramp1500_-300_r2,left,0.009,0.02,0.0,-300,run,0.00011780502973124385,0.0,0.0,0.0,0.0,0.0,0.0,0.0,0.0,0
left_ramp1500_-300_r2,left,0.009,0.02,0.0,-300,run,0.06634716299595311,0.0,0.0,0.0,0.0,0.04,0.01,0.407,0.091,0
left_ramp1500_-300_r2,left,0.009,0.02,0.0,-300,run,0.13265869801398367,0.0,-0.06,0.01,0.06,0.0,-0.005,-0.139,0.15,0
left_ramp1500_-300_r2,left,0.009,0.02,0.0,-300,run,0.19904610101366416,0.0,-0.06,0.01,0.06,0.06,-0.027,-1.146,0.018,0
left_ramp1500_-300_r2,left,0.009,0.02,0.0,-300,run,0.2653611510177143,0.0,-0.15,0.0,0.15,0.0,-0.04,-1.682,-0.251,0
left_ramp1500_-300_r2,left,0.009,0.02,0.0,-300,run,0.33162355702370405,0.0,-0.2,0.01,0.2,0.0,-0.04,-1.692,-0.372,0
left_ramp1500_-300_r2,left,0.009,0.02,0.0,-300,run,0.3980042460025288,0.0,-0.22,0.0,0.22,0.04,-0.043,-1.754,-0.511,0
left_ramp1500_-300_r2,left,0.009,0.02,0.0,-300,run,0.46433390298625454,0.0,-0.26,0.02,0.26,0.04,-0.043,-1.776,-0.541,0
left_ramp1500_-300_r2,left,0.009,0.02,0.0,-300,run,0.5308423049864359,0.0,-0.27,0.03,-0.27,-0.04,-0.045,-1.834,-0.546,0
left_ramp1500_-300_r2,left,0.009,0.02,0.0,-300,run,0.5974604740040377,0.0,-0.29,0.01,0.29,0.04,-0.045,-1.867,-0.543,0
left_ramp1500_-300_r2,left,0.009,0.02,0.0,-300,run,0.6637685149908066,0.0,-0.3,0.01,0.3,0.04,-0.047,-1.923,-0.535,0
left_ramp1500_-300_r2,left,0.009,0.02,0.0,-300,run,0.7300166700151749,0.0,-0.3,0.0,0.3,0.0,-0.05,-2.108,-0.468,0
left_ramp1500_-300_r2,left,0.009,0.02,0.0,-300,run,0.7962671890272759,0.0,-0.31,0.07,0.31,0.06,-0.063,-2.63,-0.667,0
left_ramp1500_-300_r2,left,0.009,0.02,0.0,-300,run,0.8623643909813836,0.0,-0.37,0.0,0.37,0.04,-0.083,-3.49,-0.782,0
left_ramp1500_-300_r2,left,0.009,0.02,0.0,-300,run,0.9286243990063667,-313.0,-0.18,-0.01,0.18,0.02,-0.085,-3.345,-1.433,0
left_ramp1500_-300_r2,left,0.009,0.02,0.0,-300,run,0.9951068729860708,-378.0,-0.16,-0.04,0.16,0.1,-0.088,-3.535,-1.253,0
left_ramp1500_-300_r2,left,0.009,0.02,0.0,-300,run,1.0614315909915604,-434.0,-0.22,-0.03,0.22,0.02,-0.08,-3.294,-0.916,0
left_ramp1500_-300_r2,left,0.009,0.02,0.0,-300,run,1.1277663980145007,-400.0,-0.17,0.08,0.19,0.06,-0.077,-3.163,-0.98,0
left_ramp1500_-300_r2,left,0.009,0.02,0.0,-300,run,1.1940662820124999,-376.0,-0.17,-0.06,0.18,0.06,-0.074,-3.107,-0.696,0
left_ramp1500_-300_r2,left,0.009,0.02,0.0,-300,run,1.2603348100092262,-365.0,-0.18,0.03,0.18,0.08,-0.073,-3.067,-0.608,0
left_ramp1500_-300_r2,left,0.009,0.02,0.0,-300,run,1.3266810810309835,-328.0,-0.24,0.03,0.24,0.06,-0.073,-3.037,-0.733,0
left_ramp1500_-300_r2,left,0.009,0.02,0.0,-300,run,1.3932194479857571,-319.0,-0.18,0.04,0.18,0.06,-0.07,-2.927,-0.608,0
left_ramp1500_-300_r2,left,0.009,0.02,0.0,-300,run,1.459473408991471,-311.0,-0.15,-0.01,0.15,0.06,-0.071,-2.981,-0.629,0
left_ramp1500_-300_r2,left,0.009,0.02,0.0,-300,run,1.5257749269949272,-303.0,-0.24,0.02,0.24,0.02,-0.071,-2.954,-0.717,0
left_ramp1500_-300_r2,left,0.009,0.02,0.0,-300,run,1.5920374660054222,-300.0,-0.2,0.01,0.2,0.06,-0.068,-2.866,-0.53,0
left_ramp1500_-300_r2,left,0.009,0.02,0.0,-300,run,1.6581665300182067,-295.0,-0.18,0.03,0.19,0.02,-0.068,-2.86,-0.632,0
left_ramp1500_-300_r2,left,0.009,0.02,0.0,-300,run,1.7243703990243375,-283.0,-0.24,0.0,0.24,0.02,-0.072,-3.002,-0.634,0
left_ramp1500_-300_r2,left,0.009,0.02,0.0,-300,run,1.7906802630168386,-287.0,-0.21,0.0,0.21,0.02,-0.068,-2.882,-0.484,0
left_ramp1500_-300_r2,left,0.009,0.02,0.0,-300,run,1.857161874009762,-300.0,-0.19,0.03,0.19,0.48,-0.069,-2.914,-0.573,0
left_ramp1500_-300_r2,left,0.009,0.02,0.0,-300,run,1.9233012549811974,-286.0,-0.21,-0.03,0.21,0.02,-0.073,-3.077,-0.642,0
left_ramp1500_-300_r2,left,0.009,0.02,0.0,-300,run,1.9895992029923946,-294.0,-0.23,-0.02,0.23,0.04,-0.069,-2.895,-0.578,0
left_ramp1500_-300_r2,left,0.009,0.02,0.0,-300,run,2.055920102982782,-305.0,-0.18,0.03,0.18,0.02,-0.07,-2.968,-0.562,0
left_ramp1500_-300_r2,left,0.009,0.02,0.0,-300,run,2.1222201010095887,-291.0,-0.16,-0.04,0.17,0.02,-0.074,-3.085,-0.68,0
left_ramp1500_-300_r2,left,0.009,0.02,0.0,-300,run,2.188499365991447,-301.0,-0.23,-0.02,0.23,0.04,-0.069,-2.898,-0.535,0
left_ramp1500_-300_r2,left,0.009,0.02,0.0,0,stop,1.1890078894793987e-06,-308.0,-0.17,0.06,0.18,0.04,-0.07,-2.957,-0.554,0
left_ramp1500_-300_r2,left,0.009,0.02,0.0,0,stop,0.07639336597640067,-288.0,-0.18,-0.01,0.18,0.08,-0.067,-2.836,-0.535,0
left_ramp1500_-300_r2,left,0.009,0.02,0.0,0,stop,0.14282558800186962,-270.0,-0.17,-0.1,0.2,0.06,-0.054,-2.295,-0.321,0
left_ramp1500_-300_r2,left,0.009,0.02,0.0,0,stop,0.2093007029616274,-270.0,0.0,0.0,0.0,0.0,0.0,0.0,0.0,0
left_ramp1500_-300_r2,left,0.009,0.02,0.0,0,stop,0.2756351729622111,-270.0,0.0,0.0,0.0,0.0,0.0,0.0,0.0,0
left_ramp1500_-300_r2,left,0.009,0.02,0.0,0,stop,0.34188558597816154,-270.0,0.0,0.0,0.0,0.0,0.0,0.0,0.0,0
left_ramp1500_-300_r2,left,0.009,0.02,0.0,0,stop,0.40815756999654695,-270.0,0.0,0.0,0.0,0.0,0.0,0.0,0.0,0
left_ramp1500_-300_r2,left,0.009,0.02,0.0,0,stop,0.4744430819991976,-270.0,0.0,0.0,0.0,0.0,0.0,0.0,0.0,0
left_ramp1500_-300_r2,left,0.009,0.02,0.0,0,stop,0.5411499330075458,-270.0,0.0,0.0,0.0,0.0,0.0,0.0,0.0,0
left_ramp1500_-300_r2,left,0.009,0.02,0.0,0,stop,0.6074704529601149,-270.0,0.0,0.0,0.0,0.0,0.0,0.0,0.0,0
left_ramp1500_-300_r2,left,0.009,0.02,0.0,0,stop,0.6738325629848987,0.0,0.0,0.0,0.0,0.0,0.0,0.0,0.0,0
left_ramp1500_-300_r2,left,0.009,0.02,0.0,0,stop,0.7401453939964995,0.0,0.0,0.0,0.0,0.0,0.0,0.0,0.0,0
right_ramp600_+300_r1,right,0.0095,0.022,0.0,300,run,0.00013210100587457418,0.0,0.0,0.0,0.0,0.0,0.0,0.0,0.0,0
right_ramp600_+300_r1,right,0.0095,0.022,0.0,300,run,0.06637837301241234,0.0,0.01,-0.03,0.03,0.0,-0.013,-0.125,0.544,0
right_ramp600_+300_r1,right,0.0095,0.022,0.0,300,run,0.13268427998991683,0.0,0.0,0.0,0.0,-0.06,-0.021,-0.211,0.876,0
right_ramp600_+300_r1,right,0.0095,0.022,0.0,300,run,0.19895496900426224,0.0,0.01,0.0,0.02,0.04,0.025,0.31,1.026,0
right_ramp600_+300_r1,right,0.0095,0.022,0.0,300,run,0.26525301998481154,0.0,0.04,0.01,0.04,0.02,0.029,0.922,0.849,0
right_ramp600_+300_r1,right,0.0095,0.022,0.0,300,run,0.3316960820229724,0.0,0.11,0.0,0.11,0.04,0.035,1.326,0.664,0
right_ramp600_+300_r1,right,0.0095,0.022,0.0,300,run,0.3980447290232405,0.0,0.15,0.01,0.15,0.02,0.037,1.482,0.611,0
right_ramp600_+300_r1,right,0.0095,0.022,0.0,300,run,0.4643738329759799,0.0,0.18,0.0,0.18,0.04,0.04,1.6,0.597,0
right_ramp600_+300_r1,right,0.0095,0.022,0.0,300,run,0.5306519040022977,0.0,0.23,0.0,0.23,0.0,0.041,1.694,0.511,0
right_ramp600_+300_r1,right,0.0095,0.022,0.0,300,run,0.5969894980080426,0.0,0.25,-0.02,0.25,0.04,0.042,1.737,0.533,0
right_ramp600_+300_r1,right,0.0095,0.022,0.0,300,run,0.6633416080148891,0.0,0.25,0.05,0.25,0.08,0.041,1.763,-0.08,0
right_ramp600_+300_r1,right,0.0095,0.022,0.0,300,run,0.7295194020261988,0.0,0.3,0.0,0.3,0.08,0.043,1.812,-0.313,0
right_ramp600_+300_r1,right,0.0095,0.022,0.0,300,run,0.795738190994598,0.0,0.3,0.0,0.3,0.06,0.044,1.865,-0.343,0
right_ramp600_+300_r1,right,0.0095,0.022,0.0,300,run,0.8622078920016065,0.0,0.36,0.0,0.36,0.08,0.045,1.879,-0.343,0
right_ramp600_+300_r1,right,0.0095,0.022,0.0,300,run,0.9284784499905072,0.0,0.34,0.0,0.34,0.06,0.047,1.991,-0.327,0
right_ramp600_+300_r1,right,0.0095,0.022,0.0,300,run,0.9947308420087211,0.0,0.34,0.0,0.34,0.02,0.053,2.257,-0.286,0
right_ramp600_+300_r1,right,0.0095,0.022,0.0,300,run,1.0610634830081835,0.0,0.3,0.02,0.3,0.08,0.073,3.106,-0.284,0
right_ramp600_+300_r1,right,0.0095,0.022,0.0,300,run,1.1273711299872957,75.0,0.44,0.1,0.45,0.08,0.092,3.752,-1.163,0
right_ramp600_+300_r1,right,0.0095,0.022,0.0,300,run,1.1936649680137634,440.0,0.19,-0.01,0.19,0.06,0.088,3.391,-1.69,0
right_ramp600_+300_r1,right,0.0095,0.022,0.0,300,run,1.2599754660041071,487.0,0.15,-0.02,0.15,0.06,0.091,3.846,-0.656,0
right_ramp600_+300_r1,right,0.0095,0.022,0.0,300,run,1.3262426240253262,476.0,0.21,-0.07,0.22,0.02,0.083,3.552,0.08,0
right_ramp600_+300_r1,right,0.0095,0.022,0.0,300,run,1.3925768079934642,444.0,0.2,0.0,0.2,0.14,0.085,3.64,-0.112,0
right_ramp600_+300_r1,right,0.0095,0.022,0.0,300,run,1.4588654959807172,430.0,0.14,-0.06,-0.15,-0.06,0.08,3.436,0.056,0
right_ramp600_+300_r1,right,0.0095,0.022,0.0,300,run,1.5250864080153406,397.0,0.15,0.07,0.17,0.06,0.081,3.466,-0.182,0
right_ramp600_+300_r1,right,0.0095,0.022,0.0,300,run,1.5913518029847182,384.0,0.2,0.01,0.2,0.02,0.077,3.305,-0.048,0
right_ramp600_+300_r1,right,0.0095,0.022,0.0,300,run,1.6576155980001204,373.0,0.14,-0.02,0.15,0.04,0.076,3.268,0.112,0
right_ramp600_+300_r1,right,0.0095,0.022,0.0,300,run,1.7238089179736562,339.0,0.15,-0.01,0.15,0.02,0.078,3.343,-0.091,0
right_ramp600_+300_r1,right,0.0095,0.022,0.0,300,run,1.790071898023598,348.0,0.16,0.01,0.16,0.02,0.072,3.077,0.0,0
right_ramp600_+300_r1,right,0.0095,0.022,0.0,300,run,1.8562360390205868,327.0,0.22,0.0,0.22,0.08,0.072,3.075,0.008,0
right_ramp600_+300_r1,right,0.0095,0.022,0.0,300,run,1.9223630899796262,314.0,0.21,-0.01,0.21,0.04,0.075,3.211,0.008,0
right_ramp600_+300_r1,right,0.0095,0.022,0.0,300,run,1.9885712689720094,326.0,0.22,-0.07,0.23,0.04,0.069,2.976,0.088,0
right_ramp600_+300_r1,right,0.0095,0.022,0.0,300,run,2.054816950985696,305.0,0.21,0.03,0.21,0.06,0.071,3.026,-0.101,0
right_ramp600_+300_r1,right,0.0095,0.022,0.0,300,run,2.1210692590102553,297.0,0.23,0.01,0.23,0.06,0.074,3.152,-0.048,0
right_ramp600_+300_r1,right,0.0095,0.022,0.0,300,run,2.187393879983574,318.0,0.22,-0.05,0.23,0.04,0.068,2.893,0.099,0
right_ramp600_+300_r1,right,0.0095,0.022,0.0,0,stop,1.1459924280643463e-06,300.0,0.16,0.04,0.16,0.04,0.071,3.037,-0.125,0
right_ramp600_+300_r1,right,0.0095,0.022,0.0,0,stop,0.0764909889549017,299.0,0.16,0.02,0.16,0.06,0.072,3.088,-0.117,0
right_ramp600_+300_r1,right,0.0095,0.022,0.0,0,stop,0.14275916299084201,300.0,0.16,0.02,0.16,0.04,0.061,2.63,-0.021,0
right_ramp600_+300_r1,right,0.0095,0.022,0.0,0,stop,0.20906057098181918,271.0,0.2,0.0,0.2,0.04,0.058,2.467,-0.013,0
right_ramp600_+300_r1,right,0.0095,0.022,0.0,0,stop,0.2752612640033476,233.0,0.14,0.0,0.14,0.04,0.057,2.424,0.15,0
right_ramp600_+300_r1,right,0.0095,0.022,0.0,0,stop,0.34157564397901297,194.0,0.17,-0.04,0.17,0.06,0.044,1.869,0.144,0
right_ramp600_+300_r1,right,0.0095,0.022,0.0,0,stop,0.4080214969580993,194.0,0.0,0.0,0.0,0.0,0.0,0.0,0.0,0
right_ramp600_+300_r1,right,0.0095,0.022,0.0,0,stop,0.47446244198363274,194.0,0.0,0.0,0.0,0.0,0.0,0.0,0.0,0
right_ramp600_+300_r1,right,0.0095,0.022,0.0,0,stop,0.5408672280027531,194.0,0.0,0.0,0.0,0.0,0.0,0.0,0.0,0
right_ramp600_+300_r1,right,0.0095,0.022,0.0,0,stop,0.6072147709783167,194.0,0.0,0.0,0.0,0.0,0.0,0.0,0.0,0
right_ramp600_+300_r1,right,0.0095,0.022,0.0,0,stop,0.6738189079915173,194.0,0.0,0.0,0.0,0.0,0.0,0.0,0.0,0
right_ramp600_+300_r1,right,0.0095,0.022,0.0,0,stop,0.7402163639781065,194.0,0.0,0.0,0.0,0.0,0.0,0.0,0.0,0
right_ramp600_-300_r1,right,0.0095,0.022,0.0,-300,run,0.000140087038744241,0.0,0.0,0.0,0.0,0.0,0.0,0.0,0.0,0
right_ramp600_-300_r1,right,0.0095,0.022,0.0,-300,run,0.06637200899422169,0.0,0.0,-0.01,0.01,0.0,-0.007,-0.12,0.294,0
right_ramp600_-300_r1,right,0.0095,0.022,0.0,-300,run,0.13266512099653482,0.0,0.0,0.02,-0.02,-0.06,-0.013,-0.289,0.495,0
right_ramp600_-300_r1,right,0.0095,0.022,0.0,-300,run,0.19897564098937437,0.0,-0.02,0.0,0.02,0.04,-0.026,-0.958,0.535,0
right_ramp600_-300_r1,right,0.0095,0.022,0.0,-300,run,0.26543315302114934,0.0,-0.07,0.0,0.07,0.06,-0.032,-1.253,0.551,0
right_ramp600_-300_r1,right,0.0095,0.022,0.0,-300,run,0.3317836960195564,0.0,-0.11,0.02,-0.11,-0.06,-0.035,-1.398,0.538,0
right_ramp600_-300_r1,right,0.0095,0.022,0.0,-300,run,0.39802803500788286,0.0,-0.15,0.0,0.15,0.06,-0.037,-1.489,0.53,0
right_ramp600_-300_r1,right,0.0095,0.022,0.0,-300,run,0.46435819199541584,0.0,-0.17,0.0,0.17,0.06,-0.039,-1.601,0.506,0
right_ramp600_-300_r1,right,0.0095,0.022,0.0,-300,run,0.5307063829968683,0.0,-0.21,0.02,0.21,0.06,-0.042,-1.738,0.476,0
right_ramp600_-300_r1,right,0.0095,0.022,0.0,-300,run,0.5969125980045646,0.0,-0.23,0.0,0.23,0.04,-0.045,-1.888,0.431,0
right_ramp600_-300_r1,right,0.0095,0.022,0.0,-300,run,0.6632605220074765,0.0,-0.23,0.02,0.23,0.02,-0.052,-2.223,0.085,0
right_ramp600_-300_r1,right,0.0095,0.022,0.0,-300,run,0.7295441700262018,0.0,-0.26,-0.06,-0.27,-0.04,-0.062,-2.657,-0.016,0
right_ramp600_-300_r1,right,0.0095,0.022,0.0,-300,run,0.7959205700317398,-26.0,-0.36,0.06,0.36,0.08,-0.07,-3.01,-0.171,0
right_ramp600_-300_r1,right,0.0095,0.022,0.0,-300,run,0.8627132090041414,-288.0,-0.2,0.08,0.22,0.08,-0.072,-2.97,-0.833,0
right_ramp600_-300_r1,right,0.0095,0.022,0.0,-300,run,0.9290602930122986,-329.0,-0.18,-0.05,0.19,0.08,-0.07,-2.989,-0.329,0
right_ramp600_-300_r1,right,0.0095,0.022,0.0,-300,run,0.9953573640086688,-300.0,-0.16,-0.02,0.16,0.08,-0.064,-2.721,-0.444,0
right_ramp600_-300_r1,right,0.0095,0.022,0.0,-300,run,1.0616882480098866,-283.0,-0.16,0.0,0.16,0.1,-0.064,-2.697,-0.407,0
right_ramp600_-300_r1,right,0.0095,0.022,0.0,-300,run,1.1281165060354397,-251.0,-0.23,-0.01,0.23,0.08,-0.063,-2.665,-0.329,0
right_ramp600_-300_r1,right,0.0095,0.022,0.0,-300,run,1.1943561719963327,-238.0,-0.18,0.03,0.19,0.04,-0.068,-2.925,-0.214,0
right_ramp600_-300_r1,right,0.0095,0.022,0.0,-300,run,1.2606406669947319,-236.0,-0.24,0.0,0.24,0.04,-0.065,-2.769,-0.241,0
right_ramp600_-300_r1,right,0.0095,0.022,0.0,-300,run,1.326964237028733,-259.0,-0.21,-0.05,0.22,0.06,-0.067,-2.826,-0.5,0
right_ramp600_-300_r1,right,0.0095,0.022,0.0,-300,run,1.3931302999844775,-261.0,-0.18,-0.08,-0.2,-0.02,-0.071,-3.01,-0.332,0
right_ramp600_-300_r1,right,0.0095,0.022,0.0,-300,run,1.459393463039305,-276.0,-0.21,0.06,0.21,0.08,-0.068,-2.863,-0.452,0
right_ramp600_-300_r1,right,0.0095,0.022,0.0,-300,run,1.5257252960000187,-300.0,-0.2,0.06,0.21,0.08,-0.067,-2.81,-0.675,0
right_ramp600_-300_r1,right,0.0095,0.022,0.0,-300,run,1.5921240060124546,-287.0,-0.17,-0.01,0.17,0.08,-0.071,-2.986,-0.49,0
right_ramp600_-300_r1,right,0.0095,0.022,0.0,-300,run,1.6586094860103913,-286.0,-0.27,0.03,0.27,0.08,-0.068,-2.868,-0.409,0
right_ramp600_-300_r1,right,0.0095,0.022,0.0,-300,run,1.7248414020286873,-296.0,-0.27,0.01,0.27,0.08,-0.068,-2.844,-0.597,0
right_ramp600_-300_r1,right,0.0095,0.022,0.0,-300,run,1.791101137001533,-291.0,-0.17,0.0,0.17,0.02,-0.071,-2.984,-0.49,0
right_ramp600_-300_r1,right,0.0095,0.022,0.0,-300,run,1.8573602919932455,-291.0,-0.25,0.01,0.25,0.04,-0.07,-2.978,-0.35,0
right_ramp600_-300_r1,right,0.0095,0.022,0.0,-300,run,1.92363179998938,-291.0,-0.19,-0.01,0.19,0.04,-0.069,-2.914,-0.597,0
right_ramp600_-300_r1,right,0.0095,0.022,0.0,-300,run,1.9899573639850132,-296.0,-0.17,-0.03,0.17,0.08,-0.071,-2.994,-0.562,0
right_ramp600_-300_r1,right,0.0095,0.022,0.0,-300,run,2.0562281960155815,-297.0,-0.25,0.03,0.25,0.04,-0.072,-3.045,-0.409,0
right_ramp600_-300_r1,right,0.0095,0.022,0.0,-300,run,2.1225052780355327,-305.0,-0.2,-0.01,0.2,0.06,-0.07,-2.946,-0.621,0
right_ramp600_-300_r1,right,0.0095,0.022,0.0,-300,run,2.1888487940304913,-308.0,-0.16,-0.02,0.16,0.02,-0.071,-2.989,-0.514,0
right_ramp600_-300_r1,right,0.0095,0.022,0.0,0,stop,1.6770209185779095e-06,-299.0,-0.25,0.05,0.25,0.0,-0.069,-2.943,-0.401,0
right_ramp600_-300_r1,right,0.0095,0.022,0.0,0,stop,0.07649240200407803,-303.0,-0.22,0.04,0.22,0.02,-0.066,-2.761,-0.693,0
right_ramp600_-300_r1,right,0.0095,0.022,0.0,0,stop,0.14268659800291061,-294.0,-0.15,0.0,0.15,0.04,-0.065,-2.737,-0.407,0
right_ramp600_-300_r1,right,0.0095,0.022,0.0,0,stop,0.20902576501248404,-263.0,-0.21,0.0,0.21,0.06,-0.06,-2.544,-0.198,0
right_ramp600_-300_r1,right,0.0095,0.022,0.0,0,stop,0.2753091260092333,-234.0,-0.16,-0.03,0.16,0.0,-0.047,-2.014,-0.085,0
right_ramp600_-300_r1,right,0.0095,0.022,0.0,0,stop,0.3415682279737666,-234.0,-0.15,-0.02,0.15,0.02,-0.036,-1.545,0.216,0
right_ramp600_-300_r1,right,0.0095,0.022,0.0,0,stop,0.4077944370219484,-234.0,0.0,0.0,0.0,0.0,0.0,0.0,0.0,0
right_ramp600_-300_r1,right,0.0095,0.022,0.0,0,stop,0.47428511100588366,-234.0,0.0,0.0,0.0,0.0,0.0,0.0,0.0,0
right_ramp600_-300_r1,right,0.0095,0.022,0.0,0,stop,0.540594631980639,-234.0,0.0,0.0,0.0,0.0,0.0,0.0,0.0,0
right_ramp600_-300_r1,right,0.0095,0.022,0.0,0,stop,0.6069457789999433,-234.0,0.0,0.0,0.0,0.0,0.0,0.0,0.0,0
right_ramp600_-300_r1,right,0.0095,0.022,0.0,0,stop,0.6733012489858083,-234.0,0.0,0.0,0.0,0.0,0.0,0.0,0.0,0
right_ramp600_-300_r1,right,0.0095,0.022,0.0,0,stop,0.7396155230235308,0.0,0.0,0.0,0.0,0.0,0.0,0.0,0.0,0
right_ramp600_+300_r2,right,0.0095,0.022,0.0,300,run,0.00018654705490916967,0.0,0.0,0.0,0.0,0.0,0.0,0.0,0.0,0
right_ramp600_+300_r2,right,0.0095,0.022,0.0,300,run,0.06632662104675546,0.0,0.0,0.0,0.0,0.0,-0.007,-0.254,-0.168,0
right_ramp600_+300_r2,right,0.0095,0.022,0.0,300,run,0.13266768405446783,0.0,0.01,0.01,0.02,0.06,-0.008,-0.267,-0.233,0
right_ramp600_+300_r2,right,0.0095,0.022,0.0,300,run,0.19918105902615935,0.0,0.04,0.02,0.05,0.0,0.009,0.147,-0.375,0
right_ramp600_+300_r2,right,0.0095,0.022,0.0,300,run,0.26549952902132645,0.0,0.07,0.01,0.07,0.02,0.017,0.538,-0.503,0
right_ramp600_+300_r2,right,0.0095,0.022,0.0,300,run,0.33177900000009686,0.0,0.08,-0.01,0.08,0.06,0.029,1.141,-0.487,0
right_ramp600_+300_r2,right,0.0095,0.022,0.0,300,run,0.39818805002141744,0.0,0.15,0.0,0.15,0.02,0.038,1.577,-0.318,0
right_ramp600_+300_r2,right,0.0095,0.022,0.0,300,run,0.4645412370446138,0.0,0.18,0.0,0.18,0.06,0.041,1.719,-0.286,0
right_ramp600_+300_r2,right,0.0095,0.022,0.0,300,run,0.5307972910231911,0.0,0.22,0.0,0.22,0.04,0.042,1.784,-0.332,0
right_ramp600_+300_r2,right,0.0095,0.022,0.0,300,run,0.5970656830468215,0.0,0.23,0.01,0.23,0.06,0.045,1.909,-0.369,0
right_ramp600_+300_r2,right,0.0095,0.022,0.0,300,run,0.6633708910085261,0.0,0.21,0.0,0.21,0.04,0.054,2.282,-0.463,0
right_ramp600_+300_r2,right,0.0095,0.022,0.0,300,run,0.7297034510411322,0.0,0.25,-0.08,0.26,0.08,0.066,2.793,-0.516,0
right_ramp600_+300_r2,right,0.0095,0.022,0.0,300,run,0.7960618450306356,25.0,0.34,0.01,0.34,0.06,0.072,3.051,-0.538,0
right_ramp600_+300_r2,right,0.0095,0.022,0.0,300,run,0.8623539950349368,306.0,0.22,-0.03,0.22,0.06,0.074,3.115,-0.516,0
right_ramp600_+300_r2,right,0.0095,0.022,0.0,300,run,0.9286600300110877,342.0,0.19,-0.02,0.19,0.06,0.07,2.946,-0.57,0
right_ramp600_+300_r2,right,0.0095,0.022,0.0,300,run,0.9950093300431035,318.0,0.16,-0.03,-0.16,-0.04,0.066,2.796,-0.53,0
right_ramp600_+300_r2,right,0.0095,0.022,0.0,300,run,1.0612697780015878,281.0,0.22,-0.07,0.23,0.08,0.062,2.635,-0.294,0
right_ramp600_+300_r2,right,0.0095,0.022,0.0,300,run,1.1275045140064321,251.0,0.19,0.03,0.19,0.06,0.063,2.654,-0.412,0
right_ramp600_+300_r2,right,0.0095,0.022,0.0,300,run,1.1938968930044211,225.0,0.18,0.06,0.19,0.04,0.062,2.617,-0.46,0
right_ramp600_+300_r2,right,0.0095,0.022,0.0,300,run,1.2602385430363938,220.0,0.21,-0.02,0.21,0.08,0.066,2.815,-0.313,0
right_ramp600_+300_r2,right,0.0095,0.022,0.0,300,run,1.3264618560206145,237.0,0.24,-0.02,0.24,0.06,0.066,2.823,-0.235,0
right_ramp600_+300_r2,right,0.0095,0.022,0.0,300,run,1.392926021013409,252.0,0.21,0.05,-0.22,-0.04,0.069,2.879,-0.642,0
right_ramp600_+300_r2,right,0.0095,0.022,0.0,300,run,1.459270011051558,272.0,0.27,0.0,0.27,0.06,0.068,2.879,-0.546,0
right_ramp600_+300_r2,right,0.0095,0.022,0.0,300,run,1.525604781054426,292.0,0.22,0.02,0.22,0.06,0.068,2.874,-0.549,0
right_ramp600_+300_r2,right,0.0095,0.022,0.0,300,run,1.5919074850389734,284.0,0.23,0.03,0.23,0.06,0.069,2.927,-0.53,0
right_ramp600_+300_r2,right,0.0095,0.022,0.0,300,run,1.6582425890373997,280.0,0.19,-0.04,0.19,0.06,0.07,2.968,-0.559,0
right_ramp600_+300_r2,right,0.0095,0.022,0.0,300,run,1.7244688780047,288.0,0.2,0.01,0.2,0.08,0.069,2.906,-0.551,0
right_ramp600_+300_r2,right,0.0095,0.022,0.0,300,run,1.7908148110145703,287.0,0.2,0.02,0.21,0.06,0.071,3.005,-0.447,0
right_ramp600_+300_r2,right,0.0095,0.022,0.0,300,run,1.8571888920268975,289.0,0.19,-0.05,0.2,0.06,0.071,2.965,-0.634,0
right_ramp600_+300_r2,right,0.0095,0.022,0.0,300,run,1.923508482053876,290.0,0.21,-0.05,-0.22,-0.06,0.069,2.919,-0.578,0
right_ramp600_+300_r2,right,0.0095,0.022,0.0,300,run,1.9898234360152856,283.0,0.23,-0.05,-0.24,-0.06,0.07,2.973,-0.407,0
right_ramp600_+300_r2,right,0.0095,0.022,0.0,300,run,2.056190323026385,287.0,0.16,0.08,0.18,0.06,0.068,2.834,-0.691,0
right_ramp600_+300_r2,right,0.0095,0.022,0.0,300,run,2.1224974730284885,290.0,0.19,0.04,0.2,0.04,0.069,2.893,-0.653,0
right_ramp600_+300_r2,right,0.0095,0.022,0.0,300,run,2.188852470018901,283.0,0.19,0.04,0.2,0.08,0.07,2.938,-0.495,0
right_ramp600_+300_r2,right,0.0095,0.022,0.0,0,stop,1.6069971024990082e-06,282.0,0.26,0.05,0.26,0.08,0.068,2.828,-0.618,0
right_ramp600_+300_r2,right,0.0095,0.022,0.0,0,stop,0.07646031898912042,291.0,0.17,0.02,0.17,0.06,0.069,2.893,-0.693,0
right_ramp600_+300_r2,right,0.0095,0.022,0.0,0,stop,0.14288051100447774,283.0,0.21,0.05,0.22,0.06,0.064,2.71,-0.495,0
right_ramp600_+300_r2,right,0.0095,0.022,0.0,0,stop,0.2092279180069454,266.0,0.19,-0.03,0.2,0.08,0.059,2.472,-0.441,0
right_ramp600_+300_r2,right,0.0095,0.022,0.0,0,stop,0.27556181501131505,243.0,0.17,-0.01,-0.17,-0.04,0.055,2.359,-0.214,0
right_ramp600_+300_r2,right,0.0095,0.022,0.0,0,stop,0.34191891801310703,213.0,0.14,0.0,-0.14,-0.04,0.048,2.041,0.024,0
right_ramp600_+300_r2,right,0.0095,0.022,0.0,0,stop,0.4082787680090405,171.0,0.0,0.0,0.0,0.0,0.0,0.0,0.0,0
right_ramp600_+300_r2,right,0.0095,0.022,0.0,0,stop,0.47460609901463613,599.0,0.0,0.0,0.0,0.0,0.0,0.0,0.0,0
right_ramp600_+300_r2,right,0.0095,0.022,0.0,0,stop,0.5409512260230258,599.0,0.0,0.0,0.0,0.0,0.0,0.0,0.0,0
right_ramp600_+300_r2,right,0.0095,0.022,0.0,0,stop,0.6071877460344695,599.0,0.0,0.0,0.0,0.0,0.0,0.0,0.0,0
right_ramp600_+300_r2,right,0.0095,0.022,0.0,0,stop,0.6735247549950145,599.0,0.0,0.0,0.0,0.0,0.0,0.0,0.0,0
right_ramp600_+300_r2,right,0.0095,0.022,0.0,0,stop,0.7397952559986152,599.0,0.0,0.0,0.0,0.0,0.0,0.0,0.0,0
right_ramp600_-300_r2,right,0.0095,0.022,0.0,-300,run,0.00011548504699021578,0.0,0.0,0.0,0.0,0.0,0.0,0.0,0.0,0
right_ramp600_-300_r2,right,0.0095,0.022,0.0,-300,run,0.06623025104636326,0.0,0.02,0.0,0.02,0.02,-0.01,-0.42,0.152,0
right_ramp600_-300_r2,right,0.0095,0.022,0.0,-300,run,0.1324506500386633,0.0,0.0,0.0,0.0,0.06,-0.018,-0.715,0.233,0
right_ramp600_-300_r2,right,0.0095,0.022,0.0,-300,run,0.19867097603855655,0.0,-0.04,0.0,0.04,0.06,-0.028,-1.165,0.2,0
right_ramp600_-300_r2,right,0.0095,0.022,0.0,-300,run,0.2650793610373512,0.0,-0.09,0.01,0.09,0.04,-0.033,-1.398,0.214,0
right_ramp600_-300_r2,right,0.0095,0.022,0.0,-300,run,0.3315736190415919,0.0,-0.12,-0.01,0.12,0.04,-0.034,-1.36,0.463,0
right_ramp600_-300_r2,right,0.0095,0.022,0.0,-300,run,0.3979219830362126,0.0,-0.14,-0.01,0.14,0.04,-0.037,-1.478,0.546,0
right_ramp600_-300_r2,right,0.0095,0.022,0.0,-300,run,0.4644710959983058,0.0,-0.18,0.0,0.18,0.06,-0.039,-1.569,0.508,0
right_ramp600_-300_r2,right,0.0095,0.022,0.0,-300,run,0.5307136520277709,0.0,-0.22,0.0,0.22,0.04,-0.041,-1.655,0.525,0
right_ramp600_-300_r2,right,0.0095,0.022,0.0,-300,run,0.597120538004674,0.0,-0.24,0.0,0.24,0.04,-0.042,-1.711,0.533,0
right_ramp600_-300_r2,right,0.0095,0.022,0.0,-300,run,0.6635363530367613,0.0,-0.26,0.01,0.26,0.02,-0.042,-1.743,0.508,0
right_ramp600_-300_r2,right,0.0095,0.022,0.0,-300,run,0.7298727830057032,0.0,-0.28,0.0,0.28,0.04,-0.044,-1.794,0.506,0
right_ramp600_-300_r2,right,0.0095,0.022,0.0,-300,run,0.7962852120399475,0.0,-0.29,0.01,0.29,0.06,-0.05,-2.081,0.49,0
right_ramp600_-300_r2,right,0.0095,0.022,0.0,-300,run,0.8626246890053153,0.0,-0.28,0.06,0.28,0.02,-0.062,-2.662,-0.042,0
right_ramp600_-300_r2,right,0.0095,0.022,0.0,-300,run,0.9293022770434618,-26.0,-0.34,-0.03,0.34,0.08,-0.08,-3.426,-0.214,0
right_ramp600_-300_r2,right,0.0095,0.022,0.0,-300,run,0.9955755030387081,-300.0,-0.3,0.01,0.3,0.08,-0.081,-3.302,-1.025,0
right_ramp600_-300_r2,right,0.0095,0.022,0.0,-300,run,1.0618426740402356,-348.0,-0.13,-0.06,-0.14,-0.08,-0.083,-3.482,-0.736,0
right_ramp600_-300_r2,right,0.0095,0.022,0.0,-300,run,1.1282538720406592,-393.0,-0.1,0.02,0.11,0.08,-0.078,-3.193,-0.934,0
right_ramp600_-300_r2,right,0.0095,0.022,0.0,-300,run,1.1946270760381594,-378.0,-0.17,-0.04,0.17,0.04,-0.074,-3.118,-0.567,0
right_ramp600_-300_r2,right,0.0095,0.022,0.0,-300,run,1.260891003999859,-355.0,-0.22,0.05,0.22,0.06,-0.071,-2.973,-0.6,0
right_ramp600_-300_r2,right,0.0095,0.022,0.0,-300,run,1.3271257990272716,-320.0,-0.24,0.0,0.24,0.08,-0.07,-2.954,-0.57,0
right_ramp600_-300_r2,right,0.0095,0.022,0.0,-300,run,1.3933554090326652,-304.0,-0.21,0.01,0.21,0.04,-0.069,-2.914,-0.441,0
right_ramp600_-300_r2,right,0.0095,0.022,0.0,-300,run,1.459596403001342,-299.0,-0.23,0.04,0.24,0.04,-0.07,-2.938,-0.516,0
right_ramp600_-300_r2,right,0.0095,0.022,0.0,-300,run,1.5260081860469654,-289.0,-0.21,-0.03,0.21,0.04,-0.07,-2.96,-0.589,0
right_ramp600_-300_r2,right,0.0095,0.022,0.0,-300,run,1.5923829390085302,-293.0,-0.17,-0.01,0.17,0.02,-0.069,-2.919,-0.476,0
right_ramp600_-300_r2,right,0.0095,0.022,0.0,-300,run,1.6586430810275488,-294.0,-0.22,0.03,0.22,0.06,-0.07,-2.986,-0.452,0
right_ramp600_-300_r2,right,0.0095,0.022,0.0,-300,run,1.7249189720023423,-287.0,-0.18,-0.02,0.19,0.08,-0.071,-2.957,-0.664,0
right_ramp600_-300_r2,right,0.0095,0.022,0.0,-300,run,1.7913040179992095,-298.0,-0.2,0.0,0.2,0.08,-0.069,-2.922,-0.511,0
right_ramp600_-300_r2,right,0.0095,0.022,0.0,-300,run,1.8576283150468953,-301.0,-0.23,0.05,0.23,0.04,-0.071,-3.026,-0.474,0
right_ramp600_-300_r2,right,0.0095,0.022,0.0,-300,run,1.9239036400103942,-293.0,-0.16,-0.03,0.17,0.08,-0.072,-2.981,-0.72,0
right_ramp600_-300_r2,right,0.0095,0.022,0.0,-300,run,1.9905915380222723,-305.0,-0.22,0.0,0.22,0.08,-0.07,-2.93,-0.541,0
right_ramp600_-300_r2,right,0.0095,0.022,0.0,-300,run,2.0569195650168695,-307.0,-0.22,0.05,0.22,0.04,-0.072,-3.03,-0.508,0
right_ramp600_-300_r2,right,0.0095,0.022,0.0,-300,run,2.1235222480027005,-300.0,-0.19,-0.03,0.2,0.04,-0.072,-2.992,-0.655,0
right_ramp600_-300_r2,right,0.0095,0.022,0.0,-300,run,2.18982433603378,-308.0,-0.19,-0.03,0.19,0.02,-0.069,-2.92,-0.492,0
right_ramp600_-300_r2,right,0.0095,0.022,0.0,0,stop,1.2799864634871483e-06,-300.0,-0.24,0.06,0.24,0.06,-0.07,-2.949,-0.543,0
right_ramp600_-300_r2,right,0.0095,0.022,0.0,0,stop,0.07635229401057586,-299.0,-0.24,0.0,0.24,0.04,-0.069,-2.88,-0.637,0
right_ramp600_-300_r2,right,0.0095,0.022,0.0,0,stop,0.14243547001387924,-295.0,-0.18,-0.02,0.18,0.06,-0.063,-2.654,-0.364,0
right_ramp600_-300_r2,right,0.0095,0.022,0.0,0,stop,0.20864227396668866,-260.0,-0.18,-0.01,0.18,0.1,-0.059,-2.526,-0.283,0
right_ramp600_-300_r2,right,0.0095,0.022,0.0,0,stop,0.2750163140008226,-216.0,-0.19,-0.07,0.2,0.02,-0.047,-1.966,-0.407,0
right_ramp600_-300_r2,right,0.0095,0.022,0.0,0,stop,0.34131745097693056,-216.0,-0.14,-0.03,0.14,0.02,-0.038,-1.634,0.075,0
right_ramp600_-300_r2,right,0.0095,0.022,0.0,0,stop,0.40767784498166293,-216.0,0.0,0.0,0.0,0.0,0.0,0.0,0.0,0
right_ramp600_-300_r2,right,0.0095,0.022,0.0,0,stop,0.47420696896733716,-216.0,0.0,0.0,0.0,0.0,0.0,0.0,0.0,0
right_ramp600_-300_r2,right,0.0095,0.022,0.0,0,stop,0.5405071629793383,-216.0,0.0,0.0,0.0,0.0,0.0,0.0,0.0,0
right_ramp600_-300_r2,right,0.0095,0.022,0.0,0,stop,0.6067638309905306,-216.0,0.0,0.0,0.0,0.0,0.0,0.0,0.0,0
right_ramp600_-300_r2,right,0.0095,0.022,0.0,0,stop,0.6731198579655029,-216.0,0.0,0.0,0.0,0.0,0.0,0.0,0.0,0
right_ramp600_-300_r2,right,0.0095,0.022,0.0,0,stop,0.7393895199638791,-216.0,0.0,0.0,0.0,0.0,0.0,0.0,0.0,0
right_ramp900_+300_r1,right,0.0095,0.022,0.0,300,run,0.00012698100181296468,0.0,0.0,0.0,0.0,0.0,0.0,0.0,0.0,0
right_ramp900_+300_r1,right,0.0095,0.022,0.0,300,run,0.0663472930318676,0.0,0.0,0.0,0.0,0.02,-0.008,-0.267,-0.195,0
right_ramp900_+300_r1,right,0.0095,0.022,0.0,300,run,0.1326658540056087,0.0,0.02,0.02,0.03,0.06,-0.009,-0.005,-0.38,0
right_ramp900_+300_r1,right,0.0095,0.022,0.0,300,run,0.19897938700160012,0.0,0.06,0.01,0.06,0.04,0.017,0.474,-0.559,0
right_ramp900_+300_r1,right,0.0095,0.022,0.0,300,run,0.2652385630062781,0.0,0.08,-0.01,0.08,0.0,0.031,1.213,-0.514,0
right_ramp900_+300_r1,right,0.0095,0.022,0.0,300,run,0.33151758403982967,0.0,0.18,0.0,0.18,0.02,0.041,1.722,-0.356,0
right_ramp900_+300_r1,right,0.0095,0.022,0.0,300,run,0.39782583102351055,0.0,0.18,0.0,-0.18,-0.02,0.045,1.888,-0.366,0
right_ramp900_+300_r1,right,0.0095,0.022,0.0,300,run,0.4640056909993291,0.0,0.21,0.0,0.21,0.02,0.052,2.188,-0.425,0
right_ramp900_+300_r1,right,0.0095,0.022,0.0,300,run,0.530241429049056,0.0,0.24,-0.06,0.25,0.06,0.057,2.434,-0.278,0
right_ramp900_+300_r1,right,0.0095,0.022,0.0,300,run,0.5965571170090698,0.0,0.25,0.02,0.26,0.0,0.067,2.844,-0.208,0
right_ramp900_+300_r1,right,0.0095,0.022,0.0,300,run,0.6628631410421804,180.0,0.25,0.0,0.25,0.06,0.068,2.887,-0.364,0
right_ramp900_+300_r1,right,0.0095,0.022,0.0,300,run,0.7293881479999982,255.0,0.21,-0.02,-0.21,-0.06,0.067,2.828,-0.364,0
right_ramp900_+300_r1,right,0.0095,0.022,0.0,300,run,0.7956350240274332,268.0,0.19,0.04,0.19,0.06,0.061,2.56,-0.474,0
right_ramp900_+300_r1,right,0.0095,0.022,0.0,300,run,0.8618740950478241,254.0,0.17,-0.02,0.17,0.06,0.061,2.603,-0.358,0
right_ramp900_+300_r1,right,0.0095,0.022,0.0,300,run,0.9281012840219773,224.0,0.2,0.04,0.2,0.08,0.059,2.488,-0.391,0
right_ramp900_+300_r1,right,0.0095,0.022,0.0,300,run,0.9942062720074318,203.0,0.2,-0.03,0.2,0.06,0.06,2.568,-0.254,0
right_ramp900_+300_r1,right,0.0095,0.022,0.0,300,run,1.0604900130419992,197.0,0.22,-0.04,0.22,0.06,0.061,2.606,-0.31,0
right_ramp900_+300_r1,right,0.0095,0.022,0.0,300,run,1.1268494130345061,203.0,0.28,0.0,0.28,0.04,0.064,2.743,-0.294,0
right_ramp900_+300_r1,right,0.0095,0.022,0.0,300,run,1.193139291019179,223.0,0.22,0.01,0.22,0.04,0.068,2.871,-0.369,0
right_ramp900_+300_r1,right,0.0095,0.022,0.0,300,run,1.2594093120424077,251.0,0.21,0.01,0.21,0.06,0.07,2.978,-0.391,0
right_ramp900_+300_r1,right,0.0095,0.022,0.0,300,run,1.326071354036685,279.0,0.16,-0.05,0.17,0.06,0.072,3.005,-0.618,0
right_ramp900_+300_r1,right,0.0095,0.022,0.0,300,run,1.3924414830398746,294.0,0.26,-0.05,0.26,0.1,0.069,2.903,-0.543,0
right_ramp900_+300_r1,right,0.0095,0.022,0.0,300,run,1.4588461330276914,283.0,0.21,-0.03,0.21,0.06,0.07,2.957,-0.396,0
right_ramp900_+300_r1,right,0.0095,0.022,0.0,300,run,1.525163340033032,277.0,0.24,0.05,0.25,0.04,0.066,2.764,-0.586,0
right_ramp900_+300_r1,right,0.0095,0.022,0.0,300,run,1.5914842830388807,284.0,0.22,0.01,0.22,0.06,0.068,2.858,-0.594,0
right_ramp900_+300_r1,right,0.0095,0.022,0.0,300,run,1.657999474031385,286.0,0.22,0.03,0.22,0.06,0.069,2.951,-0.383,0
right_ramp900_+300_r1,right,0.0095,0.022,0.0,300,run,1.7242481500143185,280.0,0.24,0.0,0.24,0.06,0.068,2.885,-0.514,0
right_ramp900_+300_r1,right,0.0095,0.022,0.0,300,run,1.7905468509998173,288.0,0.22,-0.01,0.22,0.04,0.07,2.943,-0.597,0
right_ramp900_+300_r1,right,0.0095,0.022,0.0,300,run,1.8568808050476946,295.0,0.18,0.0,0.18,0.04,0.07,2.968,-0.356,0
right_ramp900_+300_r1,right,0.0095,0.022,0.0,300,run,1.923183532024268,281.0,0.24,-0.05,-0.25,-0.04,0.07,2.925,-0.578,0
right_ramp900_+300_r1,right,0.0095,0.022,0.0,300,run,1.9894585130386986,287.0,0.17,-0.04,0.17,0.06,0.07,2.922,-0.685,0
right_ramp900_+300_r1,right,0.0095,0.022,0.0,300,run,2.055791033024434,295.0,0.22,-0.03,0.22,0.08,0.068,2.868,-0.375,0
right_ramp900_+300_r1,right,0.0095,0.022,0.0,300,run,2.12219147302676,282.0,0.19,-0.01,0.19,0.08,0.07,2.938,-0.658,0
right_ramp900_+300_r1,right,0.0095,0.022,0.0,300,run,2.188452987000346,282.0,0.25,0.06,0.26,0.06,0.066,2.775,-0.648,0
right_ramp900_+300_r1,right,0.0095,0.022,0.0,0,stop,1.8499558791518211e-06,287.0,0.2,-0.08,0.22,0.04,0.07,2.946,-0.508,0
right_ramp900_+300_r1,right,0.0095,0.022,0.0,0,stop,0.07673272397369146,282.0,0.18,-0.03,0.18,0.04,0.069,2.871,-0.683,0
right_ramp900_+300_r1,right,0.0095,0.022,0.0,0,stop,0.14301612199051306,271.0,0.25,0.0,0.25,0.06,0.061,2.59,-0.479,0
right_ramp900_+300_r1,right,0.0095,0.022,0.0,0,stop,0.20932434301357716,256.0,0.2,0.0,0.2,0.06,0.053,2.234,-0.305,0
right_ramp900_+300_r1,right,0.0095,0.022,0.0,0,stop,0.27562258701073006,256.0,0.0,0.0,0.0,0.0,0.0,0.0,0.0,0
right_ramp900_+300_r1,right,0.0095,0.022,0.0,0,stop,0.3422866159817204,256.0,0.0,0.0,0.0,0.0,0.0,0.0,0.0,0
right_ramp900_+300_r1,right,0.0095,0.022,0.0,0,stop,0.4088123459951021,256.0,0.0,0.0,0.0,0.0,0.0,0.0,0.0,0
right_ramp900_+300_r1,right,0.0095,0.022,0.0,0,stop,0.4751028569880873,256.0,0.0,0.0,0.0,0.0,0.0,0.0,0.0,0
right_ramp900_+300_r1,right,0.0095,0.022,0.0,0,stop,0.5413861309643835,256.0,0.0,0.0,0.0,0.0,0.0,0.0,0.0,0
right_ramp900_+300_r1,right,0.0095,0.022,0.0,0,stop,0.6077679669833742,256.0,0.0,0.0,0.0,0.0,0.0,0.0,0.0,0
right_ramp900_+300_r1,right,0.0095,0.022,0.0,0,stop,0.6741997830104083,256.0,0.0,0.0,0.0,0.0,0.0,0.0,0.0,0
right_ramp900_+300_r1,right,0.0095,0.022,0.0,0,stop,0.7406055959872901,0.0,0.0,0.0,0.0,0.0,0.0,0.0,0.0,0
right_ramp900_-300_r1,right,0.0095,0.022,0.0,-300,run,0.00015202799113467336,0.0,0.0,0.0,0.0,0.0,0.0,0.0,0.0,0
right_ramp900_-300_r1,right,0.0095,0.022,0.0,-300,run,0.06644825299736112,0.0,0.04,-0.01,0.04,0.04,-0.015,-0.605,0.192,0
right_ramp900_-300_r1,right,0.0095,0.022,0.0,-300,run,0.13263585802633315,0.0,-0.02,0.0,0.02,0.06,-0.029,-1.224,0.254,0
right_ramp900_-300_r1,right,0.0095,0.022,0.0,-300,run,0.19895994197577238,0.0,-0.06,0.0,0.06,0.06,-0.037,-1.572,0.286,0
right_ramp900_-300_r1,right,0.0095,0.022,0.0,-300,run,0.26531387999420986,0.0,-0.11,0.0,0.11,0.06,-0.042,-1.778,0.342,0
right_ramp900_-300_r1,right,0.0095,0.022,0.0,-300,run,0.3314787819981575,0.0,-0.19,0.01,0.19,0.04,-0.047,-2.017,0.265,0
right_ramp900_-300_r1,right,0.0095,0.022,0.0,-300,run,0.3977338040131144,0.0,-0.22,-0.02,0.22,0.06,-0.043,-1.826,0.289,0
right_ramp900_-300_r1,right,0.0095,0.022,0.0,-300,run,0.46399183198809624,0.0,-0.23,-0.01,0.23,0.04,-0.039,-1.612,0.503,0
right_ramp900_-300_r1,right,0.0095,0.022,0.0,-300,run,0.530347054998856,0.0,-0.24,0.0,0.24,0.06,-0.04,-1.65,0.506,0
right_ramp900_-300_r1,right,0.0095,0.022,0.0,-300,run,0.5982649429934099,0.0,-0.27,0.0,0.27,0.0,-0.04,-1.663,0.49,0
right_ramp900_-300_r1,right,0.0095,0.022,0.0,-300,run,0.6646626190049574,0.0,-0.29,0.0,0.29,0.06,-0.042,-1.738,0.482,0
right_ramp900_-300_r1,right,0.0095,0.022,0.0,-300,run,0.7308992369798943,0.0,-0.3,0.0,0.3,0.06,-0.045,-1.885,0.484,0
right_ramp900_-300_r1,right,0.0095,0.022,0.0,-300,run,0.7972773130168207,0.0,-0.31,0.01,0.31,0.06,-0.053,-2.252,0.332,0
right_ramp900_-300_r1,right,0.0095,0.022,0.0,-300,run,0.8634949820116162,0.0,-0.29,-0.08,0.3,0.04,-0.071,-3.056,-0.15,0
right_ramp900_-300_r1,right,0.0095,0.022,0.0,-300,run,0.9297362709767185,-71.0,-0.28,0.08,0.29,0.08,-0.085,-3.578,-0.758,0
right_ramp900_-300_r1,right,0.0095,0.022,0.0,-300,run,0.9960526580107398,-371.0,-0.2,-0.05,0.2,0.08,-0.084,-3.442,-1.047,0
right_ramp900_-300_r1,right,0.0095,0.022,0.0,-300,run,1.062639328010846,-419.0,-0.14,-0.02,0.15,0.08,-0.081,-3.353,-0.822,0
right_ramp900_-300_r1,right,0.0095,0.022,0.0,-300,run,1.1289131420198828,-402.0,-0.25,0.0,0.25,0.08,-0.076,-3.176,-0.803,0
right_ramp900_-300_r1,right,0.0095,0.022,0.0,-300,run,1.1952686189906672,-382.0,-0.23,0.0,0.23,0.08,-0.076,-3.211,-0.423,0
right_ramp900_-300_r1,right,0.0095,0.022,0.0,-300,run,1.261606850021053,-347.0,-0.14,-0.03,0.15,0.08,-0.074,-3.093,-0.688,0
right_ramp900_-300_r1,right,0.0095,0.022,0.0,-300,run,1.3279516660259105,-331.0,-0.15,-0.01,-0.15,-0.08,-0.072,-3.043,-0.487,0
right_ramp900_-300_r1,right,0.0095,0.022,0.0,-300,run,1.394380968005862,-325.0,-0.24,0.07,0.25,0.04,-0.071,-3.008,-0.581,0
right_ramp900_-300_r1,right,0.0095,0.022,0.0,-300,run,1.4607146049966104,-310.0,-0.22,-0.02,0.22,0.04,-0.071,-2.997,-0.626,0
right_ramp900_-300_r1,right,0.0095,0.022,0.0,-300,run,1.5270420259912498,-310.0,-0.2,0.0,0.2,0.04,-0.07,-2.96,-0.503,0
right_ramp900_-300_r1,right,0.0095,0.022,0.0,-300,run,1.5933328599785455,-307.0,-0.24,0.05,0.25,0.04,-0.07,-2.949,-0.6,0
right_ramp900_-300_r1,right,0.0095,0.022,0.0,-300,run,1.6596051349770278,-295.0,-0.25,-0.01,0.25,0.04,-0.071,-2.965,-0.637,0
right_ramp900_-300_r1,right,0.0095,0.022,0.0,-300,run,1.7258826509932987,-304.0,-0.2,0.0,0.2,0.02,-0.07,-2.968,-0.506,0
right_ramp900_-300_r1,right,0.0095,0.022,0.0,-300,run,1.7921836099703796,-305.0,-0.24,0.04,0.25,0.02,-0.07,-2.93,-0.608,0
right_ramp900_-300_r1,right,0.0095,0.022,0.0,-300,run,1.8585375199909322,-307.0,-0.26,-0.01,0.26,0.08,-0.07,-2.949,-0.653,0
right_ramp900_-300_r1,right,0.0095,0.022,0.0,-300,run,1.9251879390212707,-305.0,-0.18,0.02,0.19,0.06,-0.071,-3.01,-0.543,0
right_ramp900_-300_r1,right,0.0095,0.022,0.0,-300,run,1.9914943529875018,-304.0,-0.26,0.05,0.26,0.04,-0.07,-2.919,-0.664,0
right_ramp900_-300_r1,right,0.0095,0.022,0.0,-300,run,2.05771340202773,-313.0,-0.26,0.03,0.26,0.08,-0.069,-2.879,-0.664,0
right_ramp900_-300_r1,right,0.0095,0.022,0.0,-300,run,2.1240310390130617,-305.0,-0.17,-0.01,0.17,0.08,-0.07,-2.957,-0.503,0
right_ramp900_-300_r1,right,0.0095,0.022,0.0,-300,run,2.1903307429747656,-294.0,-0.25,0.03,0.25,0.08,-0.068,-2.831,-0.653,0
right_ramp900_-300_r1,right,0.0095,0.022,0.0,0,stop,1.126027200371027e-06,-294.0,-0.27,0.01,0.27,0.06,-0.068,-2.858,-0.6,0
right_ramp900_-300_r1,right,0.0095,0.022,0.0,0,stop,0.07635261601535603,-283.0,-0.19,-0.02,0.19,0.02,-0.065,-2.751,-0.42,0
right_ramp900_-300_r1,right,0.0095,0.022,0.0,0,stop,0.14265936700394377,-275.0,-0.19,0.02,0.19,0.02,-0.06,-2.526,-0.45,0
right_ramp900_-300_r1,right,0.0095,0.022,0.0,0,stop,0.20896314101992175,-251.0,-0.16,-0.01,0.16,0.08,-0.05,-2.132,-0.219,0
right_ramp900_-300_r1,right,0.0095,0.022,0.0,0,stop,0.27521229902049527,-205.0,0.0,0.0,0.0,0.0,0.0,0.0,0.0,0
right_ramp900_-300_r1,right,0.0095,0.022,0.0,0,stop,0.3415728600230068,-205.0,0.0,0.0,0.0,0.0,0.0,0.0,0.0,0
right_ramp900_-300_r1,right,0.0095,0.022,0.0,0,stop,0.407833154022228,-205.0,0.0,0.0,0.0,0.0,0.0,0.0,0.0,0
right_ramp900_-300_r1,right,0.0095,0.022,0.0,0,stop,0.47405831003561616,-205.0,0.0,0.0,0.0,0.0,0.0,0.0,0.0,0
right_ramp900_-300_r1,right,0.0095,0.022,0.0,0,stop,0.5403950600302778,-205.0,0.0,0.0,0.0,0.0,0.0,0.0,0.0,0
right_ramp900_-300_r1,right,0.0095,0.022,0.0,0,stop,0.6067615830106661,-205.0,0.0,0.0,0.0,0.0,0.0,0.0,0.0,0
right_ramp900_-300_r1,right,0.0095,0.022,0.0,0,stop,0.6730092790094204,-205.0,0.0,0.0,0.0,0.0,0.0,0.0,0.0,0
right_ramp900_-300_r1,right,0.0095,0.022,0.0,0,stop,0.7393736380035989,0.0,0.0,0.0,0.0,0.0,0.0,0.0,0.0,0
right_ramp900_+300_r2,right,0.0095,0.022,0.0,300,run,0.0001408339594490826,0.0,0.0,0.0,0.0,0.0,0.0,0.0,0.0,0
right_ramp900_+300_r2,right,0.0095,0.022,0.0,300,run,0.06635742000071332,0.0,0.06,-0.02,0.06,0.0,-0.016,-0.672,0.216,0
right_ramp900_+300_r2,right,0.0095,0.022,0.0,300,run,0.13262451498303562,0.0,0.03,0.0,0.03,0.04,-0.01,-0.366,0.216,0
right_ramp900_+300_r2,right,0.0095,0.022,0.0,300,run,0.19887919898610562,0.0,0.07,-0.01,0.07,0.06,0.008,0.16,0.324,0
right_ramp900_+300_r2,right,0.0095,0.022,0.0,300,run,0.265174523985479,0.0,0.07,0.0,0.07,0.04,0.022,0.894,0.342,0
right_ramp900_+300_r2,right,0.0095,0.022,0.0,300,run,0.3315888060024008,0.0,0.13,0.03,-0.13,-0.04,0.037,1.599,0.088,0
right_ramp900_+300_r2,right,0.0095,0.022,0.0,300,run,0.39782484498573467,0.0,0.2,0.01,0.2,0.04,0.042,1.802,-0.23,0
right_ramp900_+300_r2,right,0.0095,0.022,0.0,300,run,0.4642231239704415,0.0,0.23,0.0,0.23,0.08,0.045,1.931,-0.12,0
right_ramp900_+300_r2,right,0.0095,0.022,0.0,300,run,0.5304837219882756,0.0,0.24,0.0,0.24,0.08,0.049,2.086,-0.206,0
right_ramp900_+300_r2,right,0.0095,0.022,0.0,300,run,0.5967355869943276,0.0,0.25,0.01,0.25,0.06,0.059,2.499,-0.3,0
right_ramp900_+300_r2,right,0.0095,0.022,0.0,300,run,0.6630212779855356,0.0,0.3,0.03,0.31,0.06,0.067,2.863,-0.361,0
right_ramp900_+300_r2,right,0.0095,0.022,0.0,300,run,0.7294170709792525,258.0,0.25,-0.01,0.25,0.14,0.073,3.053,-0.677,0
right_ramp900_+300_r2,right,0.0095,0.022,0.0,300,run,0.7956823419663124,311.0,0.16,0.05,0.17,0.06,0.071,2.986,-0.511,0
right_ramp900_+300_r2,right,0.0095,0.022,0.0,300,run,0.8619152139872313,299.0,0.23,0.01,0.23,0.06,0.063,2.657,-0.476,0
right_ramp900_+300_r2,right,0.0095,0.022,0.0,300,run,0.928266063972842,279.0,0.18,-0.03,0.18,0.06,0.063,2.678,-0.439,0
right_ramp900_+300_r2,right,0.0095,0.022,0.0,300,run,0.994611490983516,246.0,0.2,-0.05,0.21,0.08,0.061,2.598,-0.361,0
right_ramp900_+300_r2,right,0.0095,0.022,0.0,300,run,1.0609033789951354,225.0,0.21,0.04,0.21,0.04,0.062,2.641,-0.278,0
right_ramp900_+300_r2,right,0.0095,0.022,0.0,300,run,1.1271699629724026,215.0,0.25,0.04,0.25,0.08,0.062,2.643,-0.364,0
right_ramp900_+300_r2,right,0.0095,0.022,0.0,300,run,1.1934942369698547,221.0,0.21,-0.03,0.22,0.06,0.067,2.85,-0.385,0
right_ramp900_+300_r2,right,0.0095,0.022,0.0,300,run,1.2599010859848931,250.0,0.23,-0.04,0.24,0.08,0.068,2.885,-0.265,0
right_ramp900_+300_r2,right,0.0095,0.022,0.0,300,run,1.3262031970079988,265.0,0.19,0.07,0.2,0.08,0.07,2.927,-0.667,0
right_ramp900_+300_r2,right,0.0095,0.022,0.0,300,run,1.3924889879999682,282.0,0.26,0.03,0.26,0.06,0.067,2.818,-0.602,0
right_ramp900_+300_r2,right,0.0095,0.022,0.0,300,run,1.4587802090100013,296.0,0.19,-0.05,0.19,0.06,0.069,2.919,-0.508,0
right_ramp900_+300_r2,right,0.0095,0.022,0.0,300,run,1.5250756769673899,287.0,0.24,0.03,0.24,0.06,0.069,2.922,-0.57,0
right_ramp900_+300_r2,right,0.0095,0.022,0.0,300,run,1.5913003949681297,284.0,0.24,0.0,0.24,0.06,0.07,2.93,-0.557,0
right_ramp900_+300_r2,right,0.0095,0.022,0.0,300,run,1.657542997971177,291.0,0.19,0.01,0.19,0.08,0.069,2.906,-0.541,0
right_ramp900_+300_r2,right,0.0095,0.022,0.0,300,run,1.7240042290068232,286.0,0.21,0.04,0.21,0.06,0.071,2.997,-0.503,0
right_ramp900_+300_r2,right,0.0095,0.022,0.0,300,run,1.7904838799731806,287.0,0.2,-0.05,0.21,0.08,0.071,2.986,-0.554,0
right_ramp900_+300_r2,right,0.0095,0.022,0.0,300,run,1.856577323982492,290.0,0.25,-0.02,0.25,0.08,0.068,2.868,-0.549,0
right_ramp900_+300_r2,right,0.0095,0.022,0.0,300,run,1.9228860120056197,283.0,0.24,0.0,0.24,0.06,0.069,2.927,-0.42,0
right_ramp900_+300_r2,right,0.0095,0.022,0.0,300,run,1.989198568975553,285.0,0.13,0.02,0.13,0.04,0.07,2.901,-0.704,0
right_ramp900_+300_r2,right,0.0095,0.022,0.0,300,run,2.0555827649659477,286.0,0.17,0.02,0.17,0.06,0.07,2.922,-0.68,0
right_ramp900_+300_r2,right,0.0095,0.022,0.0,300,run,2.121826754009817,280.0,0.18,0.03,0.18,0.06,0.07,2.96,-0.476,0
right_ramp900_+300_r2,right,0.0095,0.022,0.0,300,run,2.1882048440165818,279.0,0.27,0.04,0.27,0.08,0.067,2.81,-0.589,0
right_ramp900_+300_r2,right,0.0095,0.022,0.0,0,stop,1.4640390872955322e-06,287.0,0.26,-0.01,0.26,0.1,0.069,2.876,-0.618,0
right_ramp900_+300_r2,right,0.0095,0.022,0.0,0,stop,0.0764131440082565,283.0,0.19,0.05,0.2,0.06,0.067,2.826,-0.503,0
right_ramp900_+300_r2,right,0.0095,0.022,0.0,0,stop,0.14274865703191608,273.0,0.19,-0.02,0.19,0.08,0.06,2.531,-0.458,0
right_ramp900_+300_r2,right,0.0095,0.022,0.0,0,stop,0.20902157202363014,232.0,0.15,-0.02,0.15,0.04,0.054,2.309,-0.267,0
right_ramp900_+300_r2,right,0.0095,0.022,0.0,0,stop,0.2753525950247422,232.0,0.0,0.0,0.0,0.0,0.0,0.0,0.0,0
right_ramp900_+300_r2,right,0.0095,0.022,0.0,0,stop,0.34169898700201884,232.0,0.0,0.0,0.0,0.0,0.0,0.0,0.0,0
right_ramp900_+300_r2,right,0.0095,0.022,0.0,0,stop,0.40779453300638124,232.0,0.0,0.0,0.0,0.0,0.0,0.0,0.0,0
right_ramp900_+300_r2,right,0.0095,0.022,0.0,0,stop,0.47437771200202405,232.0,0.0,0.0,0.0,0.0,0.0,0.0,0.0,0
right_ramp900_+300_r2,right,0.0095,0.022,0.0,0,stop,0.5406791570130736,232.0,0.0,0.0,0.0,0.0,0.0,0.0,0.0,0
right_ramp900_+300_r2,right,0.0095,0.022,0.0,0,stop,0.6071076890220866,232.0,0.0,0.0,0.0,0.0,0.0,0.0,0.0,0
right_ramp900_+300_r2,right,0.0095,0.022,0.0,0,stop,0.6737989350222051,232.0,0.0,0.0,0.0,0.0,0.0,0.0,0.0,0
right_ramp900_+300_r2,right,0.0095,0.022,0.0,0,stop,0.740036619012244,0.0,0.0,0.0,0.0,0.0,0.0,0.0,0.0,0
right_ramp900_-300_r2,right,0.0095,0.022,0.0,-300,run,0.0001519499928690493,0.0,0.0,0.0,0.0,0.0,0.0,0.0,0.0,0
right_ramp900_-300_r2,right,0.0095,0.022,0.0,-300,run,0.06645960098830983,0.0,0.0,-0.03,0.03,0.06,-0.009,0.0,0.369,0
right_ramp900_-300_r2,right,0.0095,0.022,0.0,-300,run,0.13281781098339707,0.0,0.0,0.0,0.0,0.06,-0.018,-0.458,0.613,0
right_ramp900_-300_r2,right,0.0095,0.022,0.0,-300,run,0.19929963297909126,0.0,-0.07,-0.01,0.07,0.04,-0.03,-1.143,0.632,0
right_ramp900_-300_r2,right,0.0095,0.022,0.0,-300,run,0.26561796898022294,0.0,-0.13,0.0,0.13,0.06,-0.036,-1.403,0.618,0
right_ramp900_-300_r2,right,0.0095,0.022,0.0,-300,run,0.3318790969788097,0.0,-0.18,0.0,0.18,0.06,-0.038,-1.532,0.581,0
right_ramp900_-300_r2,right,0.0095,0.022,0.0,-300,run,0.3982398079824634,0.0,-0.21,0.0,0.21,0.06,-0.04,-1.604,0.557,0
right_ramp900_-300_r2,right,0.0095,0.022,0.0,-300,run,0.46462134399916977,0.0,-0.23,0.02,-0.23,-0.06,-0.04,-1.612,0.575,0
right_ramp900_-300_r2,right,0.0095,0.022,0.0,-300,run,0.530829252966214,0.0,-0.25,0.02,-0.25,-0.06,-0.041,-1.66,0.573,0
right_ramp900_-300_r2,right,0.0095,0.022,0.0,-300,run,0.5972610409953631,0.0,-0.26,0.02,-0.26,-0.06,-0.042,-1.725,0.551,0
right_ramp900_-300_r2,right,0.0095,0.022,0.0,-300,run,0.6636078679584898,0.0,-0.28,0.0,0.28,0.06,-0.046,-1.872,0.562,0
right_ramp900_-300_r2,right,0.0095,0.022,0.0,-300,run,0.7298864329932258,0.0,-0.28,0.05,0.29,0.04,-0.051,-2.167,0.337,0
right_ramp900_-300_r2,right,0.0095,0.022,0.0,-300,run,0.7963377039995976,0.0,-0.26,-0.02,0.26,0.04,-0.067,-2.879,-0.241,0
right_ramp900_-300_r2,right,0.0095,0.022,0.0,-300,run,0.8626792209688574,-23.0,-0.38,0.11,0.4,0.04,-0.079,-3.351,-0.404,0
right_ramp900_-300_r2,right,0.0095,0.022,0.0,-300,run,0.92897519498365,-351.0,-0.22,-0.01,0.22,0.02,-0.08,-3.284,-1.017,0
right_ramp900_-300_r2,right,0.0095,0.022,0.0,-300,run,0.9953745339880697,-402.0,-0.19,0.02,0.2,0.04,-0.077,-3.278,-0.508,0
right_ramp900_-300_r2,right,0.0095,0.022,0.0,-300,run,1.0617534869816154,-366.0,-0.15,-0.03,0.16,0.02,-0.075,-3.139,-0.653,0
right_ramp900_-300_r2,right,0.0095,0.022,0.0,-300,run,1.1280317479977384,-344.0,-0.18,0.0,0.18,0.04,-0.071,-2.986,-0.476,0
right_ramp900_-300_r2,right,0.0095,0.022,0.0,-300,run,1.1944377240142785,-325.0,-0.24,0.05,0.25,0.06,-0.069,-2.919,-0.583,0
right_ramp900_-300_r2,right,0.0095,0.022,0.0,-300,run,1.2607776809600182,-300.0,-0.22,-0.01,0.22,0.04,-0.071,-2.973,-0.559,0
right_ramp900_-300_r2,right,0.0095,0.022,0.0,-300,run,1.3271750870044343,-295.0,-0.21,0.0,0.21,0.04,-0.069,-2.935,-0.46,0
right_ramp900_-300_r2,right,0.0095,0.022,0.0,-300,run,1.3934799740090966,-298.0,-0.25,0.04,0.25,0.04,-0.07,-2.976,-0.508,0
right_ramp900_-300_r2,right,0.0095,0.022,0.0,-300,run,1.4598898339900188,-295.0,-0.22,-0.03,0.22,0.04,-0.071,-2.968,-0.602,0
right_ramp900_-300_r2,right,0.0095,0.022,0.0,-300,run,1.5261850839597173,-301.0,-0.22,-0.02,0.22,0.1,-0.069,-2.938,-0.471,0
right_ramp900_-300_r2,right,0.0095,0.022,0.0,-300,run,1.5924467960139737,-301.0,-0.23,0.07,0.24,0.04,-0.071,-2.978,-0.557,0
right_ramp900_-300_r2,right,0.0095,0.022,0.0,-300,run,1.6586870810133405,-293.0,-0.18,-0.03,0.19,0.02,-0.072,-3.016,-0.618,0
right_ramp900_-300_r2,right,0.0095,0.022,0.0,-300,run,1.7249224329716526,-303.0,-0.19,-0.01,-0.19,-0.08,-0.071,-2.986,-0.49,0
right_ramp900_-300_r2,right,0.0095,0.022,0.0,-300,run,1.7914423740003258,-305.0,-0.25,0.03,0.25,0.04,-0.07,-2.968,-0.559,0
right_ramp900_-300_r2,right,0.0095,0.022,0.0,-300,run,1.8576645239954814,-297.0,-0.22,-0.02,0.22,0.02,-0.071,-2.986,-0.656,0
right_ramp900_-300_r2,right,0.0095,0.022,0.0,-300,run,1.923922493995633,-307.0,-0.18,0.0,0.18,0.02,-0.071,-2.997,-0.514,0
right_ramp900_-300_r2,right,0.0095,0.022,0.0,-300,run,1.9902257879730314,-308.0,-0.26,0.05,0.26,0.04,-0.07,-2.943,-0.64,0
right_ramp900_-300_r2,right,0.0095,0.022,0.0,-300,run,2.056562421959825,-311.0,-0.27,0.0,0.27,0.06,-0.069,-2.903,-0.65,0
right_ramp900_-300_r2,right,0.0095,0.022,0.0,-300,run,2.1228578310110606,-311.0,-0.2,0.02,0.2,0.04,-0.069,-2.922,-0.514,0
right_ramp900_-300_r2,right,0.0095,0.022,0.0,-300,run,2.1891919859917834,-300.0,-0.24,0.04,0.25,0.04,-0.069,-2.874,-0.605,0
right_ramp900_-300_r2,right,0.0095,0.022,0.0,0,stop,1.4230026863515377e-06,-284.0,-0.22,-0.02,0.22,0.02,-0.07,-2.954,-0.597,0
right_ramp900_-300_r2,right,0.0095,0.022,0.0,0,stop,0.07633983297273517,-291.0,-0.2,0.02,0.2,0.04,-0.065,-2.751,-0.428,0
right_ramp900_-300_r2,right,0.0095,0.022,0.0,0,stop,0.14292294601909816,-273.0,-0.19,0.02,0.19,0.02,-0.06,-2.539,-0.375,0
right_ramp900_-300_r2,right,0.0095,0.022,0.0,0,stop,0.20967312599532306,-245.0,-0.14,-0.02,0.14,0.06,-0.05,-2.118,-0.249,0
right_ramp900_-300_r2,right,0.0095,0.022,0.0,0,stop,0.27597684698412195,-192.0,0.0,0.0,0.0,0.0,0.0,0.0,0.0,0
right_ramp900_-300_r2,right,0.0095,0.022,0.0,0,stop,0.34228468098444864,-192.0,0.0,0.0,0.0,0.0,0.0,0.0,0.0,0
right_ramp900_-300_r2,right,0.0095,0.022,0.0,0,stop,0.40871079900534824,-192.0,0.0,0.0,0.0,0.0,0.0,0.0,0.0,0
right_ramp900_-300_r2,right,0.0095,0.022,0.0,0,stop,0.4749928509700112,-192.0,0.0,0.0,0.0,0.0,0.0,0.0,0.0,0
right_ramp900_-300_r2,right,0.0095,0.022,0.0,0,stop,0.541293678979855,-192.0,0.0,0.0,0.0,0.0,0.0,0.0,0.0,0
right_ramp900_-300_r2,right,0.0095,0.022,0.0,0,stop,0.6075811890186742,-192.0,0.0,0.0,0.0,0.0,0.0,0.0,0.0,0
right_ramp900_-300_r2,right,0.0095,0.022,0.0,0,stop,0.6739311089622788,-192.0,0.0,0.0,0.0,0.0,0.0,0.0,0.0,0
right_ramp900_-300_r2,right,0.0095,0.022,0.0,0,stop,0.7402100209728815,-192.0,0.0,0.0,0.0,0.0,0.0,0.0,0.0,0
right_ramp1200_+300_r1,right,0.0095,0.022,0.0,300,run,0.00013319298159331083,0.0,0.0,0.0,0.0,0.0,0.0,0.0,0.0,0
right_ramp1200_+300_r1,right,0.0095,0.022,0.0,300,run,0.06630284700077027,0.0,0.01,0.0,0.01,0.04,-0.012,-0.495,0.163,0
right_ramp1200_+300_r1,right,0.0095,0.022,0.0,300,run,0.1326553539838642,0.0,0.04,0.0,0.04,0.06,0.005,0.04,0.23,0
right_ramp1200_+300_r1,right,0.0095,0.022,0.0,300,run,0.19917010399512947,0.0,0.07,0.0,0.07,0.06,0.018,0.677,0.321,0
right_ramp1200_+300_r1,right,0.0095,0.022,0.0,300,run,0.26545422099297866,0.0,0.16,0.02,0.16,0.06,0.035,1.5,0.144,0
right_ramp1200_+300_r1,right,0.0095,0.022,0.0,300,run,0.3317384690162726,0.0,0.19,0.0,0.19,0.02,0.04,1.709,-0.058,0
right_ramp1200_+300_r1,right,0.0095,0.022,0.0,300,run,0.39797602500766516,0.0,0.22,0.0,0.22,0.08,0.042,1.767,-0.233,0
right_ramp1200_+300_r1,right,0.0095,0.022,0.0,300,run,0.46427871502237394,0.0,0.24,0.0,0.24,0.06,0.044,1.872,-0.286,0
right_ramp1200_+300_r1,right,0.0095,0.022,0.0,300,run,0.5308963609859347,0.0,0.22,-0.01,-0.22,-0.04,0.049,2.094,-0.297,0
right_ramp1200_+300_r1,right,0.0095,0.022,0.0,300,run,0.597669816983398,0.0,0.23,0.0,-0.23,-0.04,0.061,2.584,-0.364,0
right_ramp1200_+300_r1,right,0.0095,0.022,0.0,300,run,0.6640230370103382,20.0,0.28,0.05,0.29,0.1,0.069,2.935,-0.466,0
right_ramp1200_+300_r1,right,0.0095,0.022,0.0,300,run,0.7303125449689105,268.0,0.16,0.03,-0.16,-0.08,0.077,3.198,-0.83,0
right_ramp1200_+300_r1,right,0.0095,0.022,0.0,300,run,0.7968031120253727,336.0,0.17,0.01,0.17,0.06,0.073,3.088,-0.557,0
right_ramp1200_+300_r1,right,0.0095,0.022,0.0,300,run,0.8630983370239846,331.0,0.18,-0.03,0.18,0.06,0.068,2.868,-0.541,0
right_ramp1200_+300_r1,right,0.0095,0.022,0.0,300,run,0.9293496379978023,300.0,0.21,-0.04,0.22,0.06,0.065,2.753,-0.46,0
right_ramp1200_+300_r1,right,0.0095,0.022,0.0,300,run,0.9956873719929717,277.0,0.2,0.02,0.2,0.08,0.062,2.654,-0.3,0
right_ramp1200_+300_r1,right,0.0095,0.022,0.0,300,run,1.0619953959831037,240.0,0.24,-0.06,0.25,0.08,0.063,2.665,-0.388,0
right_ramp1200_+300_r1,right,0.0095,0.022,0.0,300,run,1.1282307740184478,229.0,0.28,0.02,0.28,0.08,0.064,2.729,-0.329,0
right_ramp1200_+300_r1,right,0.0095,0.022,0.0,300,run,1.1949924739892595,238.0,0.22,0.0,0.22,0.04,0.066,2.799,-0.345,0
right_ramp1200_+300_r1,right,0.0095,0.022,0.0,300,run,1.2613280909718014,248.0,0.25,0.01,0.25,0.06,0.069,2.93,-0.358,0
right_ramp1200_+300_r1,right,0.0095,0.022,0.0,300,run,1.327647664991673,272.0,0.12,0.04,0.12,0.08,0.071,2.951,-0.672,0
right_ramp1200_+300_r1,right,0.0095,0.022,0.0,300,run,1.3942628739750944,292.0,0.2,-0.06,0.21,0.06,0.071,2.976,-0.586,0
right_ramp1200_+300_r1,right,0.0095,0.022,0.0,300,run,1.460559118015226,286.0,0.18,-0.03,0.18,0.08,0.071,3.018,-0.417,0
right_ramp1200_+300_r1,right,0.0095,0.022,0.0,300,run,1.5269103840109892,285.0,0.24,0.05,0.24,0.12,0.067,2.788,-0.6,0
right_ramp1200_+300_r1,right,0.0095,0.022,0.0,300,run,1.5934909170027822,293.0,0.19,0.03,0.2,0.06,0.07,2.906,-0.664,0
right_ramp1200_+300_r1,right,0.0095,0.022,0.0,300,run,1.6597922510118224,289.0,0.22,0.05,0.23,0.06,0.07,2.957,-0.463,0
right_ramp1200_+300_r1,right,0.0095,0.022,0.0,300,run,1.7261086119688116,291.0,0.25,0.02,0.25,0.06,0.068,2.863,-0.575,0
right_ramp1200_+300_r1,right,0.0095,0.022,0.0,300,run,1.79236189002404,293.0,0.25,0.01,0.25,0.08,0.069,2.909,-0.618,0
right_ramp1200_+300_r1,right,0.0095,0.022,0.0,300,run,1.8587311829905957,299.0,0.21,0.03,0.21,0.06,0.07,2.989,-0.407,0
right_ramp1200_+300_r1,right,0.0095,0.022,0.0,300,run,1.9249972680117935,284.0,0.25,-0.01,0.25,0.08,0.068,2.874,-0.535,0
right_ramp1200_+300_r1,right,0.0095,0.022,0.0,300,run,1.9912912260042503,288.0,0.21,-0.03,0.21,0.08,0.069,2.911,-0.592,0
right_ramp1200_+300_r1,right,0.0095,0.022,0.0,300,run,2.0576117360033095,291.0,0.19,-0.02,0.19,0.06,0.068,2.89,-0.364,0
right_ramp1200_+300_r1,right,0.0095,0.022,0.0,300,run,2.1237867129966617,277.0,0.22,-0.06,0.23,0.06,0.07,2.922,-0.583,0
right_ramp1200_+300_r1,right,0.0095,0.022,0.0,300,run,2.190111390023958,279.0,0.21,0.06,0.22,0.04,0.067,2.788,-0.677,0
right_ramp1200_+300_r1,right,0.0095,0.022,0.0,0,stop,1.0399962775409222e-06,283.0,0.21,-0.09,0.23,0.06,0.069,2.938,-0.482,0
right_ramp1200_+300_r1,right,0.0095,0.022,0.0,0,stop,0.07636365998769179,276.0,0.18,-0.03,-0.18,-0.04,0.068,2.836,-0.675,0
right_ramp1200_+300_r1,right,0.0095,0.022,0.0,0,stop,0.14287653099745512,272.0,0.16,-0.02,0.16,0.06,0.06,2.536,-0.404,0
right_ramp1200_+300_r1,right,0.0095,0.022,0.0,0,stop,0.2091838659835048,227.0,0.0,0.0,0.0,0.0,0.0,0.0,0.0,0
right_ramp1200_+300_r1,right,0.0095,0.022,0.0,0,stop,0.27582406299188733,227.0,0.0,0.0,0.0,0.0,0.0,0.0,0.0,0
right_ramp1200_+300_r1,right,0.0095,0.022,0.0,0,stop,0.34227455500513315,227.0,0.0,0.0,0.0,0.0,0.0,0.0,0.0,0
right_ramp1200_+300_r1,right,0.0095,0.022,0.0,0,stop,0.4087999259936623,227.0,0.0,0.0,0.0,0.0,0.0,0.0,0.0,0
right_ramp1200_+300_r1,right,0.0095,0.022,0.0,0,stop,0.4752109879627824,227.0,0.0,0.0,0.0,0.0,0.0,0.0,0.0,0
right_ramp1200_+300_r1,right,0.0095,0.022,0.0,0,stop,0.5414634309709072,227.0,0.0,0.0,0.0,0.0,0.0,0.0,0.0,0
right_ramp1200_+300_r1,right,0.0095,0.022,0.0,0,stop,0.6076265499577858,227.0,0.0,0.0,0.0,0.0,0.0,0.0,0.0,0
right_ramp1200_+300_r1,right,0.0095,0.022,0.0,0,stop,0.6740918299765326,227.0,0.0,0.0,0.0,0.0,0.0,0.0,0.0,0
right_ramp1200_+300_r1,right,0.0095,0.022,0.0,0,stop,0.7403942119562998,0.0,0.0,0.0,0.0,0.0,0.0,0.0,0.0,0
right_ramp1200_-300_r1,right,0.0095,0.022,0.0,-300,run,0.0001664739684201777,0.0,0.0,0.0,0.0,0.0,0.0,0.0,0.0,0
right_ramp1200_-300_r1,right,0.0095,0.022,0.0,-300,run,0.0663349200040102,0.0,0.03,-0.01,0.03,0.06,-0.01,-0.412,0.16,0
right_ramp1200_-300_r1,right,0.0095,0.022,0.0,-300,run,0.13266009697690606,0.0,-0.03,0.0,0.03,0.06,-0.027,-1.162,0.166,0
right_ramp1200_-300_r1,right,0.0095,0.022,0.0,-300,run,0.19901932997163385,0.0,-0.11,0.03,0.11,0.04,-0.036,-1.55,0.195,0
right_ramp1200_-300_r1,right,0.0095,0.022,0.0,-300,run,0.26538067997898906,0.0,-0.18,0.0,0.18,0.06,-0.037,-1.526,0.495,0
right_ramp1200_-300_r1,right,0.0095,0.022,0.0,-300,run,0.3319729759823531,0.0,-0.2,0.0,0.2,0.04,-0.039,-1.572,0.538,0
right_ramp1200_-300_r1,right,0.0095,0.022,0.0,-300,run,0.3982441669795662,0.0,-0.22,0.01,-0.22,-0.08,-0.04,-1.631,0.527,0
right_ramp1200_-300_r1,right,0.0095,0.022,0.0,-300,run,0.46450482500949875,0.0,-0.23,0.01,-0.23,-0.04,-0.042,-1.701,0.538,0
right_ramp1200_-300_r1,right,0.0095,0.022,0.0,-300,run,0.530854206008371,0.0,-0.27,0.0,0.27,0.04,-0.042,-1.738,0.527,0
right_ramp1200_-300_r1,right,0.0095,0.022,0.0,-300,run,0.597154273011256,0.0,-0.28,0.0,0.28,0.04,-0.043,-1.757,0.519,0
right_ramp1200_-300_r1,right,0.0095,0.022,0.0,-300,run,0.6634867999819107,0.0,-0.29,0.0,0.29,0.02,-0.046,-1.899,0.516,0
right_ramp1200_-300_r1,right,0.0095,0.022,0.0,-300,run,0.7298362269648351,0.0,-0.29,0.07,0.3,0.06,-0.052,-2.207,0.308,0
right_ramp1200_-300_r1,right,0.0095,0.022,0.0,-300,run,0.7961347369709983,-15.0,-0.28,-0.08,0.29,0.04,-0.069,-2.957,-0.158,0
right_ramp1200_-300_r1,right,0.0095,0.022,0.0,-300,run,0.8623892319737934,-59.0,-0.31,0.13,0.33,0.06,-0.081,-3.41,-0.616,0
right_ramp1200_-300_r1,right,0.0095,0.022,0.0,-300,run,0.928781947994139,-340.0,-0.19,0.01,0.19,0.06,-0.081,-3.278,-1.133,0
right_ramp1200_-300_r1,right,0.0095,0.022,0.0,-300,run,0.9952708790078759,-421.0,-0.25,0.04,0.25,0.04,-0.08,-3.345,-0.79,0
right_ramp1200_-300_r1,right,0.0095,0.022,0.0,-300,run,1.0616744610015303,-404.0,-0.17,-0.04,0.17,0.08,-0.078,-3.227,-0.808,0
right_ramp1200_-300_r1,right,0.0095,0.022,0.0,-300,run,1.127999820979312,-380.0,-0.18,0.04,0.19,0.02,-0.077,-3.246,-0.468,0
right_ramp1200_-300_r1,right,0.0095,0.022,0.0,-300,run,1.1944506699801423,-338.0,-0.25,0.03,0.25,0.08,-0.069,-2.887,-0.616,0
right_ramp1200_-300_r1,right,0.0095,0.022,0.0,-300,run,1.260997663019225,-323.0,-0.15,0.02,0.15,0.06,-0.07,-2.957,-0.605,0
right_ramp1200_-300_r1,right,0.0095,0.022,0.0,-300,run,1.327099323971197,-317.0,-0.22,-0.04,0.22,0.06,-0.074,-3.155,-0.372,0
right_ramp1200_-300_r1,right,0.0095,0.022,0.0,-300,run,1.3933087679906748,-305.0,-0.19,0.07,-0.2,-0.04,-0.069,-2.86,-0.712,0
right_ramp1200_-300_r1,right,0.0095,0.022,0.0,-300,run,1.459528475010302,-306.0,-0.17,-0.06,0.18,0.08,-0.07,-2.957,-0.575,0
right_ramp1200_-300_r1,right,0.0095,0.022,0.0,-300,run,1.5258984679821879,-304.0,-0.23,-0.06,0.24,0.08,-0.073,-3.088,-0.375,0
right_ramp1200_-300_r1,right,0.0095,0.022,0.0,-300,run,1.5921879690140486,-294.0,-0.19,0.08,0.21,0.08,-0.068,-2.828,-0.696,0
right_ramp1200_-300_r1,right,0.0095,0.022,0.0,-300,run,1.658439153979998,-303.0,-0.17,-0.07,0.18,0.06,-0.071,-2.968,-0.592,0
right_ramp1200_-300_r1,right,0.0095,0.022,0.0,-300,run,1.7247133849887177,-305.0,-0.22,-0.06,0.23,0.08,-0.073,-3.123,-0.372,0
right_ramp1200_-300_r1,right,0.0095,0.022,0.0,-300,run,1.790927754016593,-296.0,-0.17,0.08,0.19,0.08,-0.069,-2.858,-0.752,0
right_ramp1200_-300_r1,right,0.0095,0.022,0.0,-300,run,1.8571670099627227,-306.0,-0.17,-0.03,0.17,0.08,-0.07,-2.957,-0.613,0
right_ramp1200_-300_r1,right,0.0095,0.022,0.0,-300,run,1.923384293972049,-307.0,-0.24,-0.01,0.24,0.06,-0.073,-3.093,-0.425,0
right_ramp1200_-300_r1,right,0.0095,0.022,0.0,-300,run,1.9896870959782973,-301.0,-0.14,0.03,0.15,0.08,-0.071,-2.946,-0.758,0
right_ramp1200_-300_r1,right,0.0095,0.022,0.0,-300,run,2.0563395469798706,-310.0,-0.22,-0.04,0.23,0.08,-0.069,-2.917,-0.511,0
right_ramp1200_-300_r1,right,0.0095,0.022,0.0,-300,run,2.1226458239834756,-301.0,-0.25,-0.02,0.25,0.08,-0.071,-3.016,-0.388,0
right_ramp1200_-300_r1,right,0.0095,0.022,0.0,-300,run,2.1890414329827763,-285.0,-0.16,0.08,0.18,0.08,-0.067,-2.791,-0.699,0
right_ramp1200_-300_r1,right,0.0095,0.022,0.0,0,stop,1.2899981811642647e-06,-290.0,-0.16,-0.05,0.17,0.04,-0.069,-2.887,-0.557,0
right_ramp1200_-300_r1,right,0.0095,0.022,0.0,0,stop,0.07643744500819594,-279.0,-0.2,-0.02,0.2,0.04,-0.067,-2.828,-0.361,0
right_ramp1200_-300_r1,right,0.0095,0.022,0.0,0,stop,0.14276338199852034,-261.0,-0.15,-0.02,0.15,0.02,-0.056,-2.359,-0.321,0
right_ramp1200_-300_r1,right,0.0095,0.022,0.0,0,stop,0.20905204297741875,-230.0,0.0,0.0,0.0,0.0,0.0,0.0,0.0,0
right_ramp1200_-300_r1,right,0.0095,0.022,0.0,0,stop,0.27535787696251646,-230.0,0.0,0.0,0.0,0.0,0.0,0.0,0.0,0
right_ramp1200_-300_r1,right,0.0095,0.022,0.0,0,stop,0.3416665240074508,-230.0,0.0,0.0,0.0,0.0,0.0,0.0,0.0,0
right_ramp1200_-300_r1,right,0.0095,0.022,0.0,0,stop,0.40802979399450123,-230.0,0.0,0.0,0.0,0.0,0.0,0.0,0.0,0
right_ramp1200_-300_r1,right,0.0095,0.022,0.0,0,stop,0.4744066899875179,-230.0,0.0,0.0,0.0,0.0,0.0,0.0,0.0,0
right_ramp1200_-300_r1,right,0.0095,0.022,0.0,0,stop,0.5408984709647484,-230.0,0.0,0.0,0.0,0.0,0.0,0.0,0.0,0
right_ramp1200_-300_r1,right,0.0095,0.022,0.0,0,stop,0.6071951919584535,-230.0,0.0,0.0,0.0,0.0,0.0,0.0,0.0,0
right_ramp1200_-300_r1,right,0.0095,0.022,0.0,0,stop,0.6736438669613563,0.0,0.0,0.0,0.0,0.0,0.0,0.0,0.0,0
right_ramp1200_-300_r1,right,0.0095,0.022,0.0,0,stop,0.7399564000079408,0.0,0.0,0.0,0.0,0.0,0.0,0.0,0.0,0
right_ramp1200_+300_r2,right,0.0095,0.022,0.0,300,run,0.00013508799020200968,0.0,0.0,0.0,0.0,0.0,0.0,0.0,0.0,0
right_ramp1200_+300_r2,right,0.0095,0.022,0.0,300,run,0.0663434499874711,0.0,0.03,-0.01,0.03,0.06,-0.01,-0.399,0.152,0
right_ramp1200_+300_r2,right,0.0095,0.022,0.0,300,run,0.13294057600433007,0.0,0.02,0.0,0.02,0.06,0.006,0.112,0.238,0
right_ramp1200_+300_r2,right,0.0095,0.022,0.0,300,run,0.19960849999915808,0.0,0.04,0.01,-0.05,-0.04,0.023,0.977,0.23,0
right_ramp1200_+300_r2,right,0.0095,0.022,0.0,300,run,0.26587473100516945,0.0,0.18,0.02,0.18,0.06,0.036,1.553,-0.008,0
right_ramp1200_+300_r2,right,0.0095,0.022,0.0,300,run,0.3321731059695594,0.0,0.2,0.0,0.2,0.06,0.04,1.682,-0.23,0
right_ramp1200_+300_r2,right,0.0095,0.022,0.0,300,run,0.39845318702282384,0.0,0.23,0.0,0.23,0.06,0.04,1.706,-0.265,0
right_ramp1200_+300_r2,right,0.0095,0.022,0.0,300,run,0.46473938098642975,0.0,0.22,0.0,0.22,0.06,0.043,1.818,-0.273,0
right_ramp1200_+300_r2,right,0.0095,0.022,0.0,300,run,0.5309952159877867,0.0,0.26,0.0,0.26,0.06,0.045,1.928,-0.278,0
right_ramp1200_+300_r2,right,0.0095,0.022,0.0,300,run,0.5972330449731089,0.0,0.23,-0.07,0.24,0.06,0.055,2.341,-0.265,0
right_ramp1200_+300_r2,right,0.0095,0.022,0.0,300,run,0.6637289649806917,0.0,0.21,0.02,0.21,0.08,0.067,2.842,-0.372,0
right_ramp1200_+300_r2,right,0.0095,0.022,0.0,300,run,0.7300078169791959,24.0,0.34,0.05,0.35,0.06,0.076,3.185,-0.634,0
right_ramp1200_+300_r2,right,0.0095,0.022,0.0,300,run,0.7964056360069662,336.0,0.21,-0.03,0.21,0.06,0.077,3.134,-0.967,0
right_ramp1200_+300_r2,right,0.0095,0.022,0.0,300,run,0.8627479290007614,361.0,0.21,0.01,0.21,0.04,0.073,3.032,-0.68,0
right_ramp1200_+300_r2,right,0.0095,0.022,0.0,300,run,0.9289987909724005,318.0,0.23,0.02,0.23,0.06,0.067,2.801,-0.549,0
right_ramp1200_+300_r2,right,0.0095,0.022,0.0,300,run,0.9953379440121353,304.0,0.17,0.0,-0.17,-0.04,0.065,2.751,-0.436,0
right_ramp1200_+300_r2,right,0.0095,0.022,0.0,300,run,1.0619110969710164,261.0,0.23,0.0,0.23,0.0,0.065,2.772,-0.326,0
right_ramp1200_+300_r2,right,0.0095,0.022,0.0,300,run,1.1284314669901505,247.0,0.24,0.02,0.24,0.06,0.064,2.7,-0.431,0
right_ramp1200_+300_r2,right,0.0095,0.022,0.0,300,run,1.1947458310169168,248.0,0.22,0.0,0.22,0.08,0.068,2.871,-0.463,0
right_ramp1200_+300_r2,right,0.0095,0.022,0.0,300,run,1.2610536299762316,262.0,0.19,-0.02,-0.19,-0.02,0.068,2.914,-0.283,0
right_ramp1200_+300_r2,right,0.0095,0.022,0.0,300,run,1.3275066600181162,269.0,0.23,-0.06,0.24,0.06,0.07,2.949,-0.525,0
right_ramp1200_+300_r2,right,0.0095,0.022,0.0,300,run,1.393776651006192,283.0,0.17,0.04,0.17,0.06,0.069,2.863,-0.709,0
right_ramp1200_+300_r2,right,0.0095,0.022,0.0,300,run,1.460175423999317,296.0,0.23,-0.06,0.24,0.06,0.068,2.911,-0.364,0
right_ramp1200_+300_r2,right,0.0095,0.022,0.0,300,run,1.5265952959889546,287.0,0.18,0.03,0.19,0.06,0.071,2.96,-0.653,0
right_ramp1200_+300_r2,right,0.0095,0.022,0.0,300,run,1.5928099440061487,289.0,0.24,0.04,0.24,0.08,0.067,2.82,-0.637,0
right_ramp1200_+300_r2,right,0.0095,0.022,0.0,300,run,1.6590670819859952,297.0,0.19,-0.06,0.2,0.08,0.071,2.984,-0.525,0
right_ramp1200_+300_r2,right,0.0095,0.022,0.0,300,run,1.725438845984172,289.0,0.27,0.06,0.28,0.06,0.07,2.925,-0.626,0
right_ramp1200_+300_r2,right,0.0095,0.022,0.0,300,run,1.7917792850057594,295.0,0.28,0.01,0.28,0.06,0.067,2.826,-0.575,0
right_ramp1200_+300_r2,right,0.0095,0.022,0.0,300,run,1.8581283959792927,297.0,0.19,0.0,0.19,0.06,0.069,2.903,-0.605,0
right_ramp1200_+300_r2,right,0.0095,0.022,0.0,300,run,1.9244474389706738,287.0,0.23,0.06,0.24,0.06,0.07,2.957,-0.554,0
right_ramp1200_+300_r2,right,0.0095,0.022,0.0,300,run,1.9911300370004028,289.0,0.25,-0.01,0.25,0.06,0.07,2.933,-0.543,0
right_ramp1200_+300_r2,right,0.0095,0.022,0.0,300,run,2.057511307008099,290.0,0.2,-0.01,0.2,0.06,0.069,2.885,-0.567,0
right_ramp1200_+300_r2,right,0.0095,0.022,0.0,300,run,2.123737354995683,281.0,0.21,0.03,0.22,0.06,0.07,2.962,-0.46,0
right_ramp1200_+300_r2,right,0.0095,0.022,0.0,300,run,2.1899952859967016,277.0,0.14,-0.03,0.14,0.0,0.07,2.935,-0.691,0
right_ramp1200_+300_r2,right,0.0095,0.022,0.0,0,stop,1.0210205800831318e-06,284.0,0.24,-0.06,0.25,0.06,0.069,2.911,-0.559,0
right_ramp1200_+300_r2,right,0.0095,0.022,0.0,0,stop,0.07635121699422598,279.0,0.22,0.05,0.22,0.04,0.066,2.785,-0.455,0
right_ramp1200_+300_r2,right,0.0095,0.022,0.0,0,stop,0.14274751098128036,253.0,0.19,0.01,0.19,0.02,0.055,2.338,-0.42,0
right_ramp1200_+300_r2,right,0.0095,0.022,0.0,0,stop,0.20901593996677548,215.0,0.0,0.0,0.0,0.0,0.0,0.0,0.0,0
right_ramp1200_+300_r2,right,0.0095,0.022,0.0,0,stop,0.2752830819808878,-246.0,0.0,0.0,0.0,0.0,0.0,0.0,0.0,0
right_ramp1200_+300_r2,right,0.0095,0.022,0.0,0,stop,0.3418551589711569,-246.0,0.0,0.0,0.0,0.0,0.0,0.0,0.0,0
right_ramp1200_+300_r2,right,0.0095,0.022,0.0,0,stop,0.4080116340192035,-246.0,0.0,0.0,0.0,0.0,0.0,0.0,0.0,0
right_ramp1200_+300_r2,right,0.0095,0.022,0.0,0,stop,0.47414787800516933,-246.0,0.0,0.0,0.0,0.0,0.0,0.0,0.0,0
right_ramp1200_+300_r2,right,0.0095,0.022,0.0,0,stop,0.5404406510060653,-246.0,0.0,0.0,0.0,0.0,0.0,0.0,0.0,0
right_ramp1200_+300_r2,right,0.0095,0.022,0.0,0,stop,0.6065787969855592,-246.0,0.0,0.0,0.0,0.0,0.0,0.0,0.0,0
right_ramp1200_+300_r2,right,0.0095,0.022,0.0,0,stop,0.6729782560141757,-246.0,0.0,0.0,0.0,0.0,0.0,0.0,0.0,0
right_ramp1200_+300_r2,right,0.0095,0.022,0.0,0,stop,0.7393576750182547,-246.0,0.0,0.0,0.0,0.0,0.0,0.0,0.0,0
right_ramp1200_-300_r2,right,0.0095,0.022,0.0,-300,run,0.0001517969649285078,0.0,0.0,0.0,0.0,0.0,0.0,0.0,0.0,0
right_ramp1200_-300_r2,right,0.0095,0.022,0.0,-300,run,0.06632620998425409,0.0,-0.03,-0.01,0.04,0.04,0.01,0.42,0.104,0
right_ramp1200_-300_r2,right,0.0095,0.022,0.0,-300,run,0.1325765989604406,0.0,-0.03,0.0,0.03,0.04,0.005,0.058,0.192,0
right_ramp1200_-300_r2,right,0.0095,0.022,0.0,-300,run,0.19886419596150517,0.0,-0.09,0.0,0.09,0.04,-0.015,-0.586,0.219,0
right_ramp1200_-300_r2,right,0.0095,0.022,0.0,-300,run,0.26522817299701273,0.0,-0.13,0.02,0.13,0.08,-0.036,-1.529,-0.002,0
right_ramp1200_-300_r2,right,0.0095,0.022,0.0,-300,run,0.3315871519735083,0.0,-0.18,0.01,0.18,0.08,-0.04,-1.714,-0.211,0
right_ramp1200_-300_r2,right,0.0095,0.022,0.0,-300,run,0.39797077496768907,0.0,-0.2,0.0,0.2,0.04,-0.041,-1.749,-0.259,0
right_ramp1200_-300_r2,right,0.0095,0.022,0.0,-300,run,0.4642331629875116,0.0,-0.23,0.0,0.23,0.06,-0.043,-1.81,-0.254,0
right_ramp1200_-300_r2,right,0.0095,0.022,0.0,-300,run,0.5305007469723932,0.0,-0.28,0.0,0.28,0.04,-0.043,-1.845,-0.246,0
right_ramp1200_-300_r2,right,0.0095,0.022,0.0,-300,run,0.5968819829868153,0.0,-0.27,0.0,0.27,0.04,-0.047,-1.987,-0.222,0
right_ramp1200_-300_r2,right,0.0095,0.022,0.0,-300,run,0.6631566609721631,0.0,-0.27,0.01,0.27,0.06,-0.055,-2.341,-0.225,0
right_ramp1200_-300_r2,right,0.0095,0.022,0.0,-300,run,0.7294828979647718,-24.0,-0.27,0.04,0.27,0.02,-0.069,-2.951,-0.155,0
right_ramp1200_-300_r2,right,0.0095,0.022,0.0,-300,run,0.7959091300144792,-24.0,-0.37,-0.01,-0.37,-0.04,-0.078,-3.297,-0.46,0
right_ramp1200_-300_r2,right,0.0095,0.022,0.0,-300,run,0.862243226962164,-211.0,-0.19,0.03,0.19,0.04,-0.082,-3.34,-1.06,0
right_ramp1200_-300_r2,right,0.0095,0.022,0.0,-300,run,0.9285576610127464,-406.0,-0.19,0.05,0.2,0.08,-0.083,-3.412,-1.012,0
right_ramp1200_-300_r2,right,0.0095,0.022,0.0,-300,run,0.9948428249917924,-417.0,-0.23,-0.01,0.23,0.08,-0.077,-3.198,-0.873,0
right_ramp1200_-300_r2,right,0.0095,0.022,0.0,-300,run,1.061190375010483,-395.0,-0.21,-0.01,-0.21,-0.08,-0.075,-3.182,-0.428,0
right_ramp1200_-300_r2,right,0.0095,0.022,0.0,-300,run,1.1273801409988664,-347.0,-0.15,-0.02,0.15,0.06,-0.072,-3.002,-0.656,0
right_ramp1200_-300_r2,right,0.0095,0.022,0.0,-300,run,1.193638768978417,-319.0,-0.2,0.01,0.2,0.08,-0.068,-2.893,-0.492,0
right_ramp1200_-300_r2,right,0.0095,0.022,0.0,-300,run,1.2600356810144149,-301.0,-0.23,0.01,0.23,0.06,-0.071,-3.005,-0.38,0
right_ramp1200_-300_r2,right,0.0095,0.022,0.0,-300,run,1.3261745909694582,-285.0,-0.14,0.04,0.14,0.06,-0.069,-2.868,-0.691,0
right_ramp1200_-300_r2,right,0.0095,0.022,0.0,-300,run,1.3925022309995256,-290.0,-0.21,-0.08,0.22,0.12,-0.069,-2.909,-0.525,0
right_ramp1200_-300_r2,right,0.0095,0.022,0.0,-300,run,1.4592160789761692,-293.0,-0.23,-0.04,-0.24,-0.04,-0.073,-3.096,-0.35,0
right_ramp1200_-300_r2,right,0.0095,0.022,0.0,-300,run,1.5254877869738266,-290.0,-0.21,0.07,0.22,0.08,-0.067,-2.815,-0.653,0
right_ramp1200_-300_r2,right,0.0095,0.022,0.0,-300,run,1.591814710991457,-304.0,-0.16,-0.03,0.17,0.08,-0.07,-2.962,-0.565,0
right_ramp1200_-300_r2,right,0.0095,0.022,0.0,-300,run,1.6580658190068789,-301.0,-0.21,-0.02,0.21,0.06,-0.073,-3.11,-0.396,0
right_ramp1200_-300_r2,right,0.0095,0.022,0.0,-300,run,1.7242686179815792,-290.0,-0.21,0.07,0.22,0.08,-0.067,-2.793,-0.642,0
right_ramp1200_-300_r2,right,0.0095,0.022,0.0,-300,run,1.7905686909798533,-300.0,-0.15,-0.03,0.15,0.04,-0.069,-2.911,-0.608,0
right_ramp1200_-300_r2,right,0.0095,0.022,0.0,-300,run,1.8568425760022365,-301.0,-0.18,-0.04,0.19,0.08,-0.074,-3.128,-0.433,0
right_ramp1200_-300_r2,right,0.0095,0.022,0.0,-300,run,1.923352496989537,-298.0,-0.22,0.07,0.23,0.08,-0.068,-2.834,-0.68,0
right_ramp1200_-300_r2,right,0.0095,0.022,0.0,-300,run,1.9896842939779162,-308.0,-0.16,-0.06,0.17,0.08,-0.07,-2.938,-0.559,0
right_ramp1200_-300_r2,right,0.0095,0.022,0.0,-300,run,2.0560463329893537,-299.0,-0.18,-0.05,0.18,0.08,-0.073,-3.093,-0.409,0
right_ramp1200_-300_r2,right,0.0095,0.022,0.0,-300,run,2.122292583982926,-284.0,-0.25,0.03,0.26,0.08,-0.065,-2.753,-0.535,0
right_ramp1200_-300_r2,right,0.0095,0.022,0.0,-300,run,2.188689099973999,-289.0,-0.22,0.02,0.22,0.04,-0.066,-2.761,-0.578,0
right_ramp1200_-300_r2,right,0.0095,0.022,0.0,0,stop,2.1160230971872807e-06,-282.0,-0.21,0.05,0.22,0.02,-0.071,-3.021,-0.369,0
right_ramp1200_-300_r2,right,0.0095,0.022,0.0,0,stop,0.07645196199882776,-276.0,-0.23,0.0,0.23,0.06,-0.063,-2.681,-0.46,0
right_ramp1200_-300_r2,right,0.0095,0.022,0.0,0,stop,0.14274182898225263,-268.0,-0.18,-0.04,0.18,0.02,-0.058,-2.48,-0.342,0
right_ramp1200_-300_r2,right,0.0095,0.022,0.0,0,stop,0.20903338002972305,-252.0,0.0,0.0,0.0,0.0,0.0,0.0,0.0,0
right_ramp1200_-300_r2,right,0.0095,0.022,0.0,0,stop,0.2754118230077438,-252.0,0.0,0.0,0.0,0.0,0.0,0.0,0.0,0
right_ramp1200_-300_r2,right,0.0095,0.022,0.0,0,stop,0.34164097101893276,-252.0,0.0,0.0,0.0,0.0,0.0,0.0,0.0,0
right_ramp1200_-300_r2,right,0.0095,0.022,0.0,0,stop,0.40784294001059607,-252.0,0.0,0.0,0.0,0.0,0.0,0.0,0.0,0
right_ramp1200_-300_r2,right,0.0095,0.022,0.0,0,stop,0.4742004440049641,-252.0,0.0,0.0,0.0,0.0,0.0,0.0,0.0,0
right_ramp1200_-300_r2,right,0.0095,0.022,0.0,0,stop,0.5406015199841931,-252.0,0.0,0.0,0.0,0.0,0.0,0.0,0.0,0
right_ramp1200_-300_r2,right,0.0095,0.022,0.0,0,stop,0.6069338560337201,-252.0,0.0,0.0,0.0,0.0,0.0,0.0,0.0,0
right_ramp1200_-300_r2,right,0.0095,0.022,0.0,0,stop,0.6733630580129102,0.0,0.0,0.0,0.0,0.0,0.0,0.0,0.0,0
right_ramp1200_-300_r2,right,0.0095,0.022,0.0,0,stop,0.7396491789841093,0.0,0.0,0.0,0.0,0.0,0.0,0.0,0.0,0
right_ramp1500_+300_r1,right,0.0095,0.022,0.0,300,run,0.0001327840145677328,0.0,0.0,0.0,0.0,0.0,0.0,0.0,0.0,0
right_ramp1500_+300_r1,right,0.0095,0.022,0.0,300,run,0.06629047699971125,0.0,-0.02,0.0,0.02,0.06,0.016,0.664,0.139,0
right_ramp1500_+300_r1,right,0.0095,0.022,0.0,300,run,0.1326303970417939,0.0,0.06,0.0,0.06,0.04,0.035,1.494,0.214,0
right_ramp1500_+300_r1,right,0.0095,0.022,0.0,300,run,0.19890648499131203,0.0,0.16,0.0,0.16,0.06,0.043,1.829,0.259,0
right_ramp1500_+300_r1,right,0.0095,0.022,0.0,300,run,0.2653570600086823,0.0,0.2,0.01,0.2,0.06,0.046,1.974,0.206,0
right_ramp1500_+300_r1,right,0.0095,0.022,0.0,300,run,0.331550169037655,0.0,0.19,0.0,0.19,0.06,0.048,2.011,0.401,0
right_ramp1500_+300_r1,right,0.0095,0.022,0.0,300,run,0.3978904550313018,0.0,0.22,-0.03,0.22,0.06,0.051,2.18,0.166,0
right_ramp1500_+300_r1,right,0.0095,0.022,0.0,300,run,0.46423778199823573,0.0,0.22,0.02,0.22,0.06,0.049,2.092,-0.214,0
right_ramp1500_+300_r1,right,0.0095,0.022,0.0,300,run,0.5307153830071911,0.0,0.26,0.0,0.26,0.06,0.054,2.33,-0.12,0
right_ramp1500_+300_r1,right,0.0095,0.022,0.0,300,run,0.5969838610035367,15.0,0.27,0.03,0.28,0.08,0.066,2.831,-0.291,0
right_ramp1500_+300_r1,right,0.0095,0.022,0.0,300,run,0.6633631400181912,148.0,0.15,0.08,0.18,0.06,0.073,3.024,-0.725,0
right_ramp1500_+300_r1,right,0.0095,0.022,0.0,300,run,0.7296244220342487,296.0,0.24,-0.07,0.25,0.06,0.071,2.984,-0.656,0
right_ramp1500_+300_r1,right,0.0095,0.022,0.0,300,run,0.7958920400124043,307.0,0.2,0.01,0.2,0.06,0.068,2.863,-0.439,0
right_ramp1500_+300_r1,right,0.0095,0.022,0.0,300,run,0.8623630510410294,284.0,0.18,0.05,0.19,0.08,0.063,2.635,-0.525,0
right_ramp1500_+300_r1,right,0.0095,0.022,0.0,300,run,0.9286672380403616,266.0,0.2,0.0,0.2,0.06,0.063,2.686,-0.417,0
right_ramp1500_+300_r1,right,0.0095,0.022,0.0,300,run,0.9949785190401599,243.0,0.26,-0.04,0.26,0.08,0.061,2.611,-0.233,0
right_ramp1500_+300_r1,right,0.0095,0.022,0.0,300,run,1.0613734580110759,229.0,0.21,0.03,0.21,0.06,0.065,2.777,-0.393,0
right_ramp1500_+300_r1,right,0.0095,0.022,0.0,300,run,1.127734407025855,231.0,0.18,-0.07,0.2,0.04,0.069,2.911,-0.479,0
right_ramp1500_+300_r1,right,0.0095,0.022,0.0,300,run,1.1939600860350765,256.0,0.18,-0.02,0.18,0.08,0.069,2.895,-0.522,0
right_ramp1500_+300_r1,right,0.0095,0.022,0.0,300,run,1.2603341290378012,268.0,0.19,0.05,0.19,0.08,0.069,2.943,-0.45,0
right_ramp1500_+300_r1,right,0.0095,0.022,0.0,300,run,1.3266389530035667,281.0,0.22,0.03,0.22,0.08,0.067,2.834,-0.522,0
right_ramp1500_+300_r1,right,0.0095,0.022,0.0,300,run,1.3929642530274577,291.0,0.24,0.01,0.24,0.06,0.068,2.868,-0.608,0
right_ramp1500_+300_r1,right,0.0095,0.022,0.0,300,run,1.459287760022562,292.0,0.19,0.0,-0.19,-0.06,0.069,2.943,-0.34,0
right_ramp1500_+300_r1,right,0.0095,0.022,0.0,300,run,1.5256144999875687,281.0,0.23,-0.02,0.23,0.04,0.069,2.903,-0.476,0
right_ramp1500_+300_r1,right,0.0095,0.022,0.0,300,run,1.5919386140303686,283.0,0.18,-0.05,0.19,0.06,0.07,2.938,-0.621,0
right_ramp1500_+300_r1,right,0.0095,0.022,0.0,300,run,1.6582112890318967,291.0,0.22,0.0,0.22,0.04,0.068,2.906,-0.366,0
right_ramp1500_+300_r1,right,0.0095,0.022,0.0,300,run,1.7245439020334743,284.0,0.22,-0.06,0.22,0.06,0.07,2.957,-0.586,0
right_ramp1500_+300_r1,right,0.0095,0.022,0.0,300,run,1.7909843410016038,290.0,0.16,0.04,0.17,0.04,0.069,2.868,-0.693,0
right_ramp1500_+300_r1,right,0.0095,0.022,0.0,300,run,1.857285418023821,295.0,0.23,-0.08,0.25,0.08,0.068,2.895,-0.407,0
right_ramp1500_+300_r1,right,0.0095,0.022,0.0,300,run,1.9236351980362087,280.0,0.22,0.07,0.23,0.08,0.069,2.876,-0.675,0
right_ramp1500_+300_r1,right,0.0095,0.022,0.0,300,run,1.9899128280230798,282.0,0.28,0.0,0.28,0.06,0.067,2.828,-0.546,0
right_ramp1500_+300_r1,right,0.0095,0.022,0.0,300,run,2.0562284920015372,284.0,0.23,0.01,0.23,0.04,0.069,2.89,-0.575,0
right_ramp1500_+300_r1,right,0.0095,0.022,0.0,300,run,2.122593418986071,277.0,0.22,0.02,0.22,0.06,0.07,2.978,-0.471,0
right_ramp1500_+300_r1,right,0.0095,0.022,0.0,300,run,2.188809867016971,277.0,0.23,-0.05,0.23,0.06,0.069,2.911,-0.592,0
right_ramp1500_+300_r1,right,0.0095,0.022,0.0,0,stop,2.2309832274913788e-06,282.0,0.24,0.0,0.24,0.06,0.068,2.86,-0.554,0
right_ramp1500_+300_r1,right,0.0095,0.022,0.0,0,stop,0.07640721095958725,276.0,0.19,0.02,0.19,0.06,0.065,2.753,-0.447,0
right_ramp1500_+300_r1,right,0.0095,0.022,0.0,0,stop,0.1426516129868105,245.0,0.18,0.0,0.18,0.04,0.052,2.193,-0.369,0
right_ramp1500_+300_r1,right,0.0095,0.022,0.0,0,stop,0.20900773297762498,245.0,0.0,0.0,0.0,0.0,0.0,0.0,0.0,0
right_ramp1500_+300_r1,right,0.0095,0.022,0.0,0,stop,0.27518443897133693,245.0,0.0,0.0,0.0,0.0,0.0,0.0,0.0,0
right_ramp1500_+300_r1,right,0.0095,0.022,0.0,0,stop,0.3413966739899479,245.0,0.0,0.0,0.0,0.0,0.0,0.0,0.0,0
right_ramp1500_+300_r1,right,0.0095,0.022,0.0,0,stop,0.40790432097855955,245.0,0.0,0.0,0.0,0.0,0.0,0.0,0.0,0
right_ramp1500_+300_r1,right,0.0095,0.022,0.0,0,stop,0.4742311079753563,245.0,0.0,0.0,0.0,0.0,0.0,0.0,0.0,0
right_ramp1500_+300_r1,right,0.0095,0.022,0.0,0,stop,0.5406220709555782,245.0,0.0,0.0,0.0,0.0,0.0,0.0,0.0,0
right_ramp1500_+300_r1,right,0.0095,0.022,0.0,0,stop,0.606972620007582,245.0,0.0,0.0,0.0,0.0,0.0,0.0,0.0,0
right_ramp1500_+300_r1,right,0.0095,0.022,0.0,0,stop,0.6732922939700074,0.0,0.0,0.0,0.0,0.0,0.0,0.0,0.0,0
right_ramp1500_+300_r1,right,0.0095,0.022,0.0,0,stop,0.739603214955423,0.0,0.0,0.0,0.0,0.0,0.0,0.0,0.0,0
right_ramp1500_-300_r1,right,0.0095,0.022,0.0,-300,run,0.00014568102778866887,0.0,0.0,0.0,0.0,0.0,0.0,0.0,0.0,0
right_ramp1500_-300_r1,right,0.0095,0.022,0.0,-300,run,0.06634048599516973,0.0,-0.03,0.0,0.03,0.04,0.007,0.286,0.083,0
right_ramp1500_-300_r1,right,0.0095,0.022,0.0,-300,run,0.1326837629894726,0.0,-0.04,0.0,0.04,0.04,-0.005,-0.174,0.158,0
right_ramp1500_-300_r1,right,0.0095,0.022,0.0,-300,run,0.1988961580209434,0.0,-0.06,0.02,0.06,0.0,-0.027,-1.167,0.085,0
right_ramp1500_-300_r1,right,0.0095,0.022,0.0,-300,run,0.26501782599370927,0.0,-0.18,0.0,0.18,0.04,-0.041,-1.751,-0.187,0
right_ramp1500_-300_r1,right,0.0095,0.022,0.0,-300,run,0.3312504650093615,0.0,-0.2,0.0,0.2,0.06,-0.042,-1.762,-0.251,0
right_ramp1500_-300_r1,right,0.0095,0.022,0.0,-300,run,0.39746890199603513,0.0,-0.2,0.0,0.2,0.04,-0.043,-1.818,-0.262,0
right_ramp1500_-300_r1,right,0.0095,0.022,0.0,-300,run,0.463792986003682,0.0,-0.24,0.0,0.24,0.08,-0.045,-1.926,-0.281,0
right_ramp1500_-300_r1,right,0.0095,0.022,0.0,-300,run,0.5300842780270614,0.0,-0.24,0.0,-0.24,-0.08,-0.049,-2.081,-0.15,0
right_ramp1500_-300_r1,right,0.0095,0.022,0.0,-300,run,0.596380490984302,0.0,-0.24,-0.07,0.25,0.08,-0.065,-2.775,-0.219,0
right_ramp1500_-300_r1,right,0.0095,0.022,0.0,-300,run,0.6626695889863186,0.0,-0.3,-0.03,0.3,0.04,-0.07,-2.981,-0.219,0
right_ramp1500_-300_r1,right,0.0095,0.022,0.0,-300,run,0.7290335849975236,-170.0,-0.26,-0.04,0.26,0.04,-0.074,-3.104,-0.586,0
right_ramp1500_-300_r1,right,0.0095,0.022,0.0,-300,run,0.795331776025705,-311.0,-0.18,0.03,-0.18,-0.04,-0.075,-3.174,-0.439,0
right_ramp1500_-300_r1,right,0.0095,0.022,0.0,-300,run,0.861581257020589,-321.0,-0.23,0.0,0.23,0.02,-0.068,-2.85,-0.522,0
right_ramp1500_-300_r1,right,0.0095,0.022,0.0,-300,run,0.9278407790116034,-311.0,-0.24,-0.01,0.24,0.06,-0.066,-2.796,-0.492,0
right_ramp1500_-300_r1,right,0.0095,0.022,0.0,-300,run,0.9941328659770079,-284.0,-0.15,-0.01,0.15,0.02,-0.068,-2.895,-0.249,0
right_ramp1500_-300_r1,right,0.0095,0.022,0.0,-300,run,1.0604031609836966,-264.0,-0.19,-0.06,0.2,0.06,-0.067,-2.82,-0.455,0
right_ramp1500_-300_r1,right,0.0095,0.022,0.0,-300,run,1.1266125470283441,-270.0,-0.25,0.06,0.25,0.08,-0.067,-2.81,-0.514,0
right_ramp1500_-300_r1,right,0.0095,0.022,0.0,-300,run,1.1929518459946848,-265.0,-0.2,0.03,-0.2,-0.1,-0.068,-2.885,-0.439,0
right_ramp1500_-300_r1,right,0.0095,0.022,0.0,-300,run,1.2593207419849932,-276.0,-0.25,0.06,0.26,0.04,-0.07,-2.949,-0.476,0
right_ramp1500_-300_r1,right,0.0095,0.022,0.0,-300,run,1.3255937930080108,-281.0,-0.19,-0.03,0.19,0.02,-0.07,-2.968,-0.543,0
right_ramp1500_-300_r1,right,0.0095,0.022,0.0,-300,run,1.3918692549923435,-291.0,-0.2,-0.02,0.2,0.08,-0.068,-2.882,-0.495,0
right_ramp1500_-300_r1,right,0.0095,0.022,0.0,-300,run,1.4582009420264512,-291.0,-0.23,0.03,0.23,0.04,-0.071,-3.01,-0.412,0
right_ramp1500_-300_r1,right,0.0095,0.022,0.0,-300,run,1.5244662159821019,-287.0,-0.17,-0.03,0.17,0.06,-0.071,-2.957,-0.642,0
right_ramp1500_-300_r1,right,0.0095,0.022,0.0,-300,run,1.5907146339886822,-299.0,-0.21,0.0,0.21,0.08,-0.069,-2.911,-0.538,0
right_ramp1500_-300_r1,right,0.0095,0.022,0.0,-300,run,1.6569898320012726,-299.0,-0.23,0.03,0.23,0.04,-0.072,-3.04,-0.417,0
right_ramp1500_-300_r1,right,0.0095,0.022,0.0,-300,run,1.723386830999516,-292.0,-0.12,-0.02,0.12,0.0,-0.071,-2.957,-0.685,0
right_ramp1500_-300_r1,right,0.0095,0.022,0.0,-300,run,1.7896137060015462,-301.0,-0.2,-0.01,0.2,0.08,-0.069,-2.898,-0.533,0
right_ramp1500_-300_r1,right,0.0095,0.022,0.0,-300,run,1.85600697202608,-299.0,-0.23,0.0,0.23,0.04,-0.072,-3.075,-0.404,0
right_ramp1500_-300_r1,right,0.0095,0.022,0.0,-300,run,1.9223254729877226,-297.0,-0.16,-0.02,0.16,0.06,-0.071,-2.989,-0.672,0
right_ramp1500_-300_r1,right,0.0095,0.022,0.0,-300,run,1.9886877220124006,-308.0,-0.2,0.01,0.2,0.08,-0.069,-2.903,-0.549,0
right_ramp1500_-300_r1,right,0.0095,0.022,0.0,-300,run,2.054958733031526,-298.0,-0.25,0.0,0.25,0.08,-0.07,-2.994,-0.38,0
right_ramp1500_-300_r1,right,0.0095,0.022,0.0,-300,run,2.121265434019733,-284.0,-0.13,0.06,0.15,0.08,-0.067,-2.796,-0.667,0
right_ramp1500_-300_r1,right,0.0095,0.022,0.0,-300,run,2.1875323980348185,-289.0,-0.16,-0.04,0.17,0.08,-0.068,-2.879,-0.53,0
right_ramp1500_-300_r1,right,0.0095,0.022,0.0,0,stop,1.209962647408247e-06,-283.0,-0.19,-0.03,0.19,0.02,-0.073,-3.088,-0.393,0
right_ramp1500_-300_r1,right,0.0095,0.022,0.0,0,stop,0.07641087198862806,-271.0,-0.15,0.07,0.17,0.04,-0.063,-2.641,-0.562,0
right_ramp1500_-300_r1,right,0.0095,0.022,0.0,0,stop,0.14270970894722268,-273.0,-0.16,-0.02,0.16,0.04,-0.055,-2.317,-0.324,0
right_ramp1500_-300_r1,right,0.0095,0.022,0.0,0,stop,0.20907950995024294,-254.0,0.0,0.0,0.0,0.0,0.0,0.0,0.0,0
right_ramp1500_-300_r1,right,0.0095,0.022,0.0,0,stop,0.2753487729933113,-254.0,0.0,0.0,0.0,0.0,0.0,0.0,0.0,0
right_ramp1500_-300_r1,right,0.0095,0.022,0.0,0,stop,0.3416497969883494,-254.0,0.0,0.0,0.0,0.0,0.0,0.0,0.0,0
right_ramp1500_-300_r1,right,0.0095,0.022,0.0,0,stop,0.40792337199673057,-254.0,0.0,0.0,0.0,0.0,0.0,0.0,0.0,0
right_ramp1500_-300_r1,right,0.0095,0.022,0.0,0,stop,0.4745196509757079,-254.0,0.0,0.0,0.0,0.0,0.0,0.0,0.0,0
right_ramp1500_-300_r1,right,0.0095,0.022,0.0,0,stop,0.5410694509628229,-254.0,0.0,0.0,0.0,0.0,0.0,0.0,0.0,0
right_ramp1500_-300_r1,right,0.0095,0.022,0.0,0,stop,0.6074289999669418,-254.0,0.0,0.0,0.0,0.0,0.0,0.0,0.0,0
right_ramp1500_-300_r1,right,0.0095,0.022,0.0,0,stop,0.6737070119706914,0.0,0.0,0.0,0.0,0.0,0.0,0.0,0.0,0
right_ramp1500_-300_r1,right,0.0095,0.022,0.0,0,stop,0.7400544649572112,0.0,0.0,0.0,0.0,0.0,0.0,0.0,0.0,0
right_ramp1500_+300_r2,right,0.0095,0.022,0.0,300,run,0.0002093230141326785,0.0,0.0,0.0,0.0,0.0,0.0,0.0,0.0,0
right_ramp1500_+300_r2,right,0.0095,0.022,0.0,300,run,0.0664220520411618,0.0,-0.02,0.0,0.02,0.04,0.012,0.498,0.083,0
right_ramp1500_+300_r2,right,0.0095,0.022,0.0,300,run,0.13278352800989524,0.0,0.06,0.0,0.06,0.06,0.033,1.411,0.147,0
right_ramp1500_+300_r2,right,0.0095,0.022,0.0,300,run,0.1991045650211163,0.0,0.16,0.0,0.16,0.1,0.043,1.84,0.206,0
right_ramp1500_+300_r2,right,0.0095,0.022,0.0,300,run,0.2654454750008881,0.0,0.17,-0.02,0.18,0.04,0.044,1.859,0.383,0
right_ramp1500_+300_r2,right,0.0095,0.022,0.0,300,run,0.3317918090033345,0.0,0.22,0.01,0.22,0.06,0.047,2.003,0.332,0
right_ramp1500_+300_r2,right,0.0095,0.022,0.0,300,run,0.3982147870119661,0.0,0.24,0.05,0.24,0.08,0.044,1.883,-0.034,0
right_ramp1500_+300_r2,right,0.0095,0.022,0.0,300,run,0.4647986729978584,0.0,0.25,0.0,0.25,0.06,0.043,1.802,-0.297,0
right_ramp1500_+300_r2,right,0.0095,0.022,0.0,300,run,0.5311003840179183,0.0,0.26,0.0,0.26,0.04,0.044,1.837,-0.326,0
right_ramp1500_+300_r2,right,0.0095,0.022,0.0,300,run,0.5973205650225282,0.0,0.27,0.0,-0.27,-0.08,0.045,1.891,-0.34,0
right_ramp1500_+300_r2,right,0.0095,0.022,0.0,300,run,0.6635979170096107,0.0,0.31,0.0,0.31,0.06,0.047,2.001,-0.318,0
right_ramp1500_+300_r2,right,0.0095,0.022,0.0,300,run,0.7298182719969191,0.0,0.31,0.02,0.31,0.08,0.059,2.48,-0.412,0
right_ramp1500_+300_r2,right,0.0095,0.022,0.0,300,run,0.7964083080296405,23.0,0.32,0.02,0.32,0.08,0.077,3.284,-0.364,0
right_ramp1500_+300_r2,right,0.0095,0.022,0.0,300,run,0.8627419880358502,268.0,0.36,0.0,0.36,0.06,0.083,3.38,-1.106,0
right_ramp1500_+300_r2,right,0.0095,0.022,0.0,300,run,0.9289971929974854,399.0,0.16,-0.02,0.16,0.06,0.084,3.399,-1.218,0
right_ramp1500_+300_r2,right,0.0095,0.022,0.0,300,run,0.9950957830296829,422.0,0.19,-0.04,0.19,0.08,0.079,3.284,-0.857,0
right_ramp1500_+300_r2,right,0.0095,0.022,0.0,300,run,1.0617571510374546,385.0,0.18,-0.1,0.2,0.08,0.076,3.219,-0.602,0
right_ramp1500_+300_r2,right,0.0095,0.022,0.0,300,run,1.1280843650456518,352.0,0.21,-0.06,0.22,0.04,0.073,3.072,-0.538,0
right_ramp1500_+300_r2,right,0.0095,0.022,0.0,300,run,1.194478223042097,329.0,0.17,-0.04,0.17,0.0,0.071,2.962,-0.61,0
right_ramp1500_+300_r2,right,0.0095,0.022,0.0,300,run,1.2609342720243149,311.0,0.2,-0.01,0.2,0.06,0.07,2.957,-0.358,0
right_ramp1500_+300_r2,right,0.0095,0.022,0.0,300,run,1.3272373499930836,291.0,0.21,-0.04,0.22,0.08,0.071,3.005,-0.557,0
right_ramp1500_+300_r2,right,0.0095,0.022,0.0,300,run,1.393771879025735,294.0,0.16,0.02,0.16,0.0,0.069,2.882,-0.731,0
right_ramp1500_+300_r2,right,0.0095,0.022,0.0,300,run,1.4601589720114134,303.0,0.21,-0.04,-0.21,-0.04,0.069,2.949,-0.388,0
right_ramp1500_+300_r2,right,0.0095,0.022,0.0,300,run,1.5264974050223827,294.0,0.2,-0.04,0.2,0.06,0.072,3.04,-0.613,0
right_ramp1500_+300_r2,right,0.0095,0.022,0.0,300,run,1.5929994290345348,301.0,0.16,0.0,0.16,0.08,0.071,2.949,-0.736,0
right_ramp1500_+300_r2,right,0.0095,0.022,0.0,300,run,1.6595236290013418,308.0,0.23,-0.02,0.23,0.06,0.07,2.97,-0.415,0
right_ramp1500_+300_r2,right,0.0095,0.022,0.0,300,run,1.725864996027667,296.0,0.22,-0.05,0.22,0.06,0.071,2.989,-0.608,0
right_ramp1500_+300_r2,right,0.0095,0.022,0.0,300,run,1.7921768000232987,301.0,0.16,-0.01,0.16,0.06,0.069,2.895,-0.691,0
right_ramp1500_+300_r2,right,0.0095,0.022,0.0,300,run,1.8586742310435511,299.0,0.24,-0.06,0.24,0.08,0.069,2.911,-0.399,0
right_ramp1500_+300_r2,right,0.0095,0.022,0.0,300,run,1.9249274790054187,281.0,0.2,0.04,0.2,0.06,0.07,2.922,-0.691,0
right_ramp1500_+300_r2,right,0.0095,0.022,0.0,300,run,1.9912200120161287,286.0,0.29,0.04,0.29,0.04,0.066,2.783,-0.602,0
right_ramp1500_+300_r2,right,0.0095,0.022,0.0,300,run,2.0574154650093988,288.0,0.21,0.01,0.21,0.06,0.069,2.895,-0.608,0
right_ramp1500_+300_r2,right,0.0095,0.022,0.0,300,run,2.1238157540210523,278.0,0.24,0.03,0.24,0.0,0.07,2.954,-0.487,0
right_ramp1500_+300_r2,right,0.0095,0.022,0.0,300,run,2.1900208860170096,276.0,0.26,-0.03,-0.26,-0.04,0.069,2.895,-0.554,0
right_ramp1500_+300_r2,right,0.0095,0.022,0.0,0,stop,2.5799963623285294e-06,281.0,0.25,0.0,0.25,0.06,0.068,2.855,-0.559,0
right_ramp1500_+300_r2,right,0.0095,0.022,0.0,0,stop,0.07650428102351725,276.0,0.17,0.05,0.18,0.04,0.066,2.783,-0.46,0
right_ramp1500_+300_r2,right,0.0095,0.022,0.0,0,stop,0.1428709370084107,247.0,0.13,0.03,0.13,0.12,0.053,2.22,-0.366,0
right_ramp1500_+300_r2,right,0.0095,0.022,0.0,0,stop,0.20922326698200777,247.0,0.0,0.0,0.0,0.0,0.0,0.0,0.0,0
right_ramp1500_+300_r2,right,0.0095,0.022,0.0,0,stop,0.27561366301961243,247.0,0.0,0.0,0.0,0.0,0.0,0.0,0.0,0
right_ramp1500_+300_r2,right,0.0095,0.022,0.0,0,stop,0.34194882202427834,247.0,0.0,0.0,0.0,0.0,0.0,0.0,0.0,0
right_ramp1500_+300_r2,right,0.0095,0.022,0.0,0,stop,0.4082218100083992,247.0,0.0,0.0,0.0,0.0,0.0,0.0,0.0,0
right_ramp1500_+300_r2,right,0.0095,0.022,0.0,0,stop,0.47449458797927946,247.0,0.0,0.0,0.0,0.0,0.0,0.0,0.0,0
right_ramp1500_+300_r2,right,0.0095,0.022,0.0,0,stop,0.540911566989962,247.0,0.0,0.0,0.0,0.0,0.0,0.0,0.0,0
right_ramp1500_+300_r2,right,0.0095,0.022,0.0,0,stop,0.6072927790228277,247.0,0.0,0.0,0.0,0.0,0.0,0.0,0.0,0
right_ramp1500_+300_r2,right,0.0095,0.022,0.0,0,stop,0.6736511649796739,0.0,0.0,0.0,0.0,0.0,0.0,0.0,0.0,0
right_ramp1500_+300_r2,right,0.0095,0.022,0.0,0,stop,0.7400261710281484,0.0,0.0,0.0,0.0,0.0,0.0,0.0,0.0,0
right_ramp1500_-300_r2,right,0.0095,0.022,0.0,-300,run,0.00018350797472521663,0.0,0.0,0.0,0.0,0.0,0.0,0.0,0.0,0
right_ramp1500_-300_r2,right,0.0095,0.022,0.0,-300,run,0.06643777596764266,0.0,0.0,0.0,0.0,-0.02,0.004,0.184,0.05,0
right_ramp1500_-300_r2,right,0.0095,0.022,0.0,-300,run,0.13275346998125315,0.0,-0.04,0.0,0.04,0.02,-0.009,-0.38,0.066,0
right_ramp1500_-300_r2,right,0.0095,0.022,0.0,-300,run,0.2008561979746446,0.0,-0.11,0.01,0.11,0.02,-0.036,-1.516,-0.16,0
right_ramp1500_-300_r2,right,0.0095,0.022,0.0,-300,run,0.26701992098242044,0.0,-0.18,0.0,0.18,0.04,-0.042,-1.781,-0.227,0
right_ramp1500_-300_r2,right,0.0095,0.022,0.0,-300,run,0.33311477897223085,0.0,-0.21,0.0,0.21,0.02,-0.041,-1.735,-0.262,0
right_ramp1500_-300_r2,right,0.0095,0.022,0.0,-300,run,0.39938609302043915,0.0,-0.22,0.0,0.22,0.02,-0.042,-1.776,-0.267,0
right_ramp1500_-300_r2,right,0.0095,0.022,0.0,-300,run,0.46573281299788505,0.0,-0.25,0.0,0.25,0.04,-0.044,-1.867,-0.275,0
right_ramp1500_-300_r2,right,0.0095,0.022,0.0,-300,run,0.5320741499890573,0.0,-0.26,-0.09,-0.28,-0.06,-0.048,-2.073,-0.104,0
right_ramp1500_-300_r2,right,0.0095,0.022,0.0,-300,run,0.5983405740116723,0.0,-0.24,0.02,0.24,0.0,-0.061,-2.609,-0.147,0
right_ramp1500_-300_r2,right,0.0095,0.022,0.0,-300,run,0.6647419370128773,0.0,-0.28,0.04,-0.28,-0.08,-0.067,-2.852,-0.38,0
right_ramp1500_-300_r2,right,0.0095,0.022,0.0,-300,run,0.731129809981212,-196.0,-0.3,0.06,0.31,0.02,-0.073,-3.072,-0.583,0
right_ramp1500_-300_r2,right,0.0095,0.022,0.0,-300,run,0.7973764180205762,-320.0,-0.17,-0.03,0.17,0.04,-0.074,-3.126,-0.42,0
right_ramp1500_-300_r2,right,0.0095,0.022,0.0,-300,run,0.8638932600151747,-325.0,-0.19,-0.03,0.19,0.04,-0.07,-2.943,-0.53,0
right_ramp1500_-300_r2,right,0.0095,0.022,0.0,-300,run,0.9302233699709177,-314.0,-0.2,-0.06,0.21,0.02,-0.068,-2.879,-0.541,0
right_ramp1500_-300_r2,right,0.0095,0.022,0.0,-300,run,0.9964772450039163,-287.0,-0.21,-0.04,0.21,0.04,-0.066,-2.826,-0.283,0
right_ramp1500_-300_r2,right,0.0095,0.022,0.0,-300,run,1.0627475020010024,-265.0,-0.23,0.04,0.24,0.06,-0.065,-2.743,-0.471,0
right_ramp1500_-300_r2,right,0.0095,0.022,0.0,-300,run,1.1290104769868776,-261.0,-0.2,-0.01,0.2,0.02,-0.069,-2.914,-0.404,0
right_ramp1500_-300_r2,right,0.0095,0.022,0.0,-300,run,1.1952902249759063,-265.0,-0.19,0.01,0.19,0.06,-0.068,-2.885,-0.417,0
right_ramp1500_-300_r2,right,0.0095,0.022,0.0,-300,run,1.2617282280116342,-276.0,-0.24,0.01,0.24,0.02,-0.072,-3.053,-0.34,0
right_ramp1500_-300_r2,right,0.0095,0.022,0.0,-300,run,1.328188715968281,-286.0,-0.17,-0.02,-0.17,-0.02,-0.071,-2.954,-0.656,0
right_ramp1500_-300_r2,right,0.0095,0.022,0.0,-300,run,1.3944322249735706,-299.0,-0.21,0.0,0.21,0.06,-0.068,-2.876,-0.506,0
right_ramp1500_-300_r2,right,0.0095,0.022,0.0,-300,run,1.4608909669914283,-297.0,-0.24,0.0,0.24,0.02,-0.071,-3.024,-0.356,0
right_ramp1500_-300_r2,right,0.0095,0.022,0.0,-300,run,1.527323225978762,-289.0,-0.11,0.04,0.12,0.06,-0.07,-2.903,-0.701,0
right_ramp1500_-300_r2,right,0.0095,0.022,0.0,-300,run,1.5935977940098383,-299.0,-0.21,-0.03,-0.22,-0.06,-0.069,-2.927,-0.525,0
right_ramp1500_-300_r2,right,0.0095,0.022,0.0,-300,run,1.6599248229758814,-299.0,-0.26,-0.04,0.27,0.04,-0.072,-3.069,-0.345,0
right_ramp1500_-300_r2,right,0.0095,0.022,0.0,-300,run,1.7262511199805886,-293.0,-0.18,0.07,0.2,0.04,-0.068,-2.844,-0.72,0
right_ramp1500_-300_r2,right,0.0095,0.022,0.0,-300,run,1.7925489660119638,-303.0,-0.22,-0.06,0.22,0.06,-0.069,-2.909,-0.508,0
right_ramp1500_-300_r2,right,0.0095,0.022,0.0,-300,run,1.8589539660024457,-301.0,-0.24,-0.04,0.24,0.04,-0.072,-3.077,-0.388,0
right_ramp1500_-300_r2,right,0.0095,0.022,0.0,-300,run,1.9252446820028126,-297.0,-0.12,0.05,-0.13,-0.02,-0.07,-2.919,-0.739,0
right_ramp1500_-300_r2,right,0.0095,0.022,0.0,-300,run,1.9915277289692312,-307.0,-0.23,-0.04,0.23,0.02,-0.069,-2.906,-0.527,0
right_ramp1500_-300_r2,right,0.0095,0.022,0.0,-300,run,2.057867688999977,-297.0,-0.25,-0.05,0.26,0.06,-0.071,-3.04,-0.358,0
right_ramp1500_-300_r2,right,0.0095,0.022,0.0,-300,run,2.124218071985524,-285.0,-0.22,0.07,0.23,0.06,-0.065,-2.743,-0.586,0
right_ramp1500_-300_r2,right,0.0095,0.022,0.0,-300,run,2.1904648159979843,-290.0,-0.16,0.0,0.16,0.06,-0.068,-2.834,-0.597,0
right_ramp1500_-300_r2,right,0.0095,0.022,0.0,0,stop,1.8529826775193214e-06,-284.0,-0.17,0.03,0.17,0.0,-0.073,-3.075,-0.447,0
right_ramp1500_-300_r2,right,0.0095,0.022,0.0,0,stop,0.07636533601908013,-273.0,-0.21,0.04,0.22,0.0,-0.062,-2.625,-0.527,0
right_ramp1500_-300_r2,right,0.0095,0.022,0.0,0,stop,0.14263689401559532,-274.0,-0.16,-0.03,0.16,0.04,-0.055,-2.351,-0.324,0
right_ramp1500_-300_r2,right,0.0095,0.022,0.0,0,stop,0.2089696130133234,-254.0,0.0,0.0,0.0,0.0,0.0,0.0,0.0,0
right_ramp1500_-300_r2,right,0.0095,0.022,0.0,0,stop,0.27531201601959765,-254.0,0.0,0.0,0.0,0.0,0.0,0.0,0.0,0
right_ramp1500_-300_r2,right,0.0095,0.022,0.0,0,stop,0.34157036896795034,-254.0,0.0,0.0,0.0,0.0,0.0,0.0,0.0,0
right_ramp1500_-300_r2,right,0.0095,0.022,0.0,0,stop,0.4078883220208809,-254.0,0.0,0.0,0.0,0.0,0.0,0.0,0.0,0
right_ramp1500_-300_r2,right,0.0095,0.022,0.0,0,stop,0.4742943170131184,-254.0,0.0,0.0,0.0,0.0,0.0,0.0,0.0,0
right_ramp1500_-300_r2,right,0.0095,0.022,0.0,0,stop,0.5406119099934585,-254.0,0.0,0.0,0.0,0.0,0.0,0.0,0.0,0
right_ramp1500_-300_r2,right,0.0095,0.022,0.0,0,stop,0.6070152149768546,-254.0,0.0,0.0,0.0,0.0,0.0,0.0,0.0,0
right_ramp1500_-300_r2,right,0.0095,0.022,0.0,0,stop,0.6732854449655861,0.0,0.0,0.0,0.0,0.0,0.0,0.0,0.0,0
right_ramp1500_-300_r2,right,0.0095,0.022,0.0,0,stop,0.7395872880006209,0.0,0.0,0.0,0.0,0.0,0.0,0.0,0.0,0
