case,motor,kp,ki,kd,target,phase,t,erpm,iq,id,imotor,iin,duty,vq,vd,fault
left_kp0.0095_ki0.022_kd0_+150_r1,left,0.0095,0.022,0.0,150.0,run,0.00019917701138183475,0.0,0.0,0.0,0.0,0.0,0.0,0.0,0.0,0
left_kp0.0095_ki0.022_kd0_+150_r1,left,0.0095,0.022,0.0,150.0,run,0.06666083500022069,0.0,0.0,0.0,0.0,0.02,0.017,0.633,0.346,0
left_kp0.0095_ki0.022_kd0_+150_r1,left,0.0095,0.022,0.0,150.0,run,0.13306774297961965,0.0,0.04,0.01,0.04,0.02,0.031,1.277,0.356,0
left_kp0.0095_ki0.022_kd0_+150_r1,left,0.0095,0.022,0.0,150.0,run,0.19948181801009923,0.0,0.09,0.0,0.09,0.06,0.034,1.449,0.292,0
left_kp0.0095_ki0.022_kd0_+150_r1,left,0.0095,0.022,0.0,150.0,run,0.2660695029771887,0.0,0.1,0.0,0.1,0.02,0.036,1.521,0.3,0
left_kp0.0095_ki0.022_kd0_+150_r1,left,0.0095,0.022,0.0,150.0,run,0.3323405359988101,0.0,0.11,0.0,0.11,0.06,0.037,1.564,0.311,0
left_kp0.0095_ki0.022_kd0_+150_r1,left,0.0095,0.022,0.0,150.0,run,0.3985700610210188,0.0,0.11,0.0,0.11,0.06,0.038,1.599,0.322,0
left_kp0.0095_ki0.022_kd0_+150_r1,left,0.0095,0.022,0.0,150.0,run,0.4650119689758867,0.0,0.13,0.0,0.13,0.06,0.039,1.65,0.33,0
left_kp0.0095_ki0.022_kd0_+150_r1,left,0.0095,0.022,0.0,150.0,run,0.5313694939832203,0.0,0.13,0.0,0.13,0.02,0.04,1.69,0.332,0
left_kp0.0095_ki0.022_kd0_+150_r1,left,0.0095,0.022,0.0,150.0,run,0.597703706996981,0.0,0.15,0.0,0.15,0.06,0.041,1.731,0.33,0
left_kp0.0095_ki0.022_kd0_+150_r1,left,0.0095,0.022,0.0,150.0,run,0.6640727890189737,0.0,0.16,0.0,0.16,0.02,0.042,1.773,0.343,0
left_kp0.0095_ki0.022_kd0_+150_r1,left,0.0095,0.022,0.0,150.0,run,0.7304853299865499,0.0,0.17,0.0,0.17,0.02,0.043,1.795,0.343,0
left_kp0.0095_ki0.022_kd0_+150_r1,left,0.0095,0.022,0.0,150.0,run,0.7967680339934304,0.0,0.17,0.0,0.17,0.06,0.043,1.819,0.34,0
left_kp0.0095_ki0.022_kd0_+150_r1,left,0.0095,0.022,0.0,150.0,run,0.8629115800140426,0.0,0.2,0.0,0.2,0.1,0.044,1.854,0.338,0
left_kp0.0095_ki0.022_kd0_+150_r1,left,0.0095,0.022,0.0,150.0,run,0.9291445210110396,0.0,0.21,0.0,0.21,0.02,0.044,1.869,0.359,0
left_kp0.0095_ki0.022_kd0_+150_r1,left,0.0095,0.022,0.0,150.0,run,0.9955511399894021,0.0,0.22,0.0,0.22,0.06,0.044,1.874,0.362,0
left_kp0.0095_ki0.022_kd0_+150_r1,left,0.0095,0.022,0.0,150.0,run,1.0618771520094015,0.0,0.24,0.0,0.24,0.06,0.045,1.912,0.362,0
left_kp0.0095_ki0.022_kd0_+150_r1,left,0.0095,0.022,0.0,150.0,run,1.1282094009802677,0.0,0.23,0.0,0.23,0.02,0.047,1.979,0.351,0
left_kp0.0095_ki0.022_kd0_+150_r1,left,0.0095,0.022,0.0,150.0,run,1.1946607659920119,0.0,0.25,0.01,0.25,0.06,0.051,2.164,0.265,0
left_kp0.0095_ki0.022_kd0_+150_r1,left,0.0095,0.022,0.0,0,stop,1.2230011634528637e-06,0.0,0.21,-0.05,0.21,0.04,0.059,2.491,0.48,0
left_kp0.0095_ki0.022_kd0_+150_r1,left,0.0095,0.022,0.0,0,stop,0.07638911402318627,0.0,0.0,0.0,0.0,0.0,0.0,0.0,0.0,0
left_kp0.0095_ki0.022_kd0_+150_r1,left,0.0095,0.022,0.0,0,stop,0.14275307703064755,0.0,0.0,0.0,0.0,0.0,0.0,0.0,0.0,0
left_kp0.0095_ki0.022_kd0_+150_r1,left,0.0095,0.022,0.0,0,stop,0.2090910859988071,0.0,0.0,0.0,0.0,0.0,0.0,0.0,0.0,0
left_kp0.0095_ki0.022_kd0_+150_r1,left,0.0095,0.022,0.0,0,stop,0.2754061560262926,0.0,0.0,0.0,0.0,0.0,0.0,0.0,0.0,0
left_kp0.0095_ki0.022_kd0_+150_r1,left,0.0095,0.022,0.0,0,stop,0.3417448090040125,0.0,0.0,0.0,0.0,0.0,0.0,0.0,0.0,0
left_kp0.0095_ki0.022_kd0_+150_r1,left,0.0095,0.022,0.0,0,stop,0.4081063940539025,0.0,0.0,0.0,0.0,0.0,0.0,0.0,0.0,0
left_kp0.0095_ki0.022_kd0_+150_r1,left,0.0095,0.022,0.0,0,stop,0.4745214050053619,0.0,0.0,0.0,0.0,0.0,0.0,0.0,0.0,0
left_kp0.0095_ki0.022_kd0_+150_r1,left,0.0095,0.022,0.0,0,stop,0.5409017570200376,0.0,0.0,0.0,0.0,0.0,0.0,0.0,0.0,0
left_kp0.0095_ki0.022_kd0_+150_r1,left,0.0095,0.022,0.0,0,stop,0.6071842079982162,0.0,0.0,0.0,0.0,0.0,0.0,0.0,0.0,0
left_kp0.0095_ki0.022_kd0_+150_r1,left,0.0095,0.022,0.0,0,stop,0.6735937950434163,0.0,0.0,0.0,0.0,0.0,0.0,0.0,0.0,0
left_kp0.0095_ki0.022_kd0_-150_r1,left,0.0095,0.022,0.0,-150.0,run,0.00013309495989233255,0.0,0.0,0.0,0.0,0.0,0.0,0.0,0.0,0
left_kp0.0095_ki0.022_kd0_-150_r1,left,0.0095,0.022,0.0,-150.0,run,0.06656279595335945,0.0,-0.02,0.0,0.02,0.08,-0.004,-0.002,-0.15,0
left_kp0.0095_ki0.022_kd0_-150_r1,left,0.0095,0.022,0.0,-150.0,run,0.13278106797952205,0.0,-0.05,-0.01,0.05,0.02,-0.014,-0.579,-0.083,0
left_kp0.0095_ki0.022_kd0_-150_r1,left,0.0095,0.022,0.0,-150.0,run,0.1991072059608996,0.0,-0.07,-0.01,0.07,0.38,-0.026,-1.123,0.069,0
left_kp0.0095_ki0.022_kd0_-150_r1,left,0.0095,0.022,0.0,-150.0,run,0.2656657350016758,0.0,-0.08,-0.01,0.08,0.02,-0.032,-1.362,0.217,0
left_kp0.0095_ki0.022_kd0_-150_r1,left,0.0095,0.022,0.0,-150.0,run,0.33186114398995414,0.0,-0.11,0.0,0.11,0.02,-0.034,-1.44,0.254,0
left_kp0.0095_ki0.022_kd0_-150_r1,left,0.0095,0.022,0.0,-150.0,run,0.3981488079880364,0.0,-0.12,0.01,0.12,0.02,-0.035,-1.493,0.26,0
left_kp0.0095_ki0.022_kd0_-150_r1,left,0.0095,0.022,0.0,-150.0,run,0.4644566309871152,0.0,-0.14,0.01,0.14,0.02,-0.037,-1.544,0.273,0
left_kp0.0095_ki0.022_kd0_-150_r1,left,0.0095,0.022,0.0,-150.0,run,0.5307852159603499,0.0,-0.11,0.0,0.11,0.02,-0.038,-1.587,0.297,0
left_kp0.0095_ki0.022_kd0_-150_r1,left,0.0095,0.022,0.0,-150.0,run,0.5970425169798546,0.0,-0.16,0.0,0.16,0.04,-0.039,-1.625,0.297,0
left_kp0.0095_ki0.022_kd0_-150_r1,left,0.0095,0.022,0.0,-150.0,run,0.6634783479967155,0.0,-0.15,0.0,0.15,0.02,-0.04,-1.686,0.292,0
left_kp0.0095_ki0.022_kd0_-150_r1,left,0.0095,0.022,0.0,-150.0,run,0.7297619549790397,0.0,-0.18,0.0,0.18,0.02,-0.04,-1.7,0.3,0
left_kp0.0095_ki0.022_kd0_-150_r1,left,0.0095,0.022,0.0,-150.0,run,0.7961216740077361,0.0,-0.18,0.0,0.18,0.08,-0.041,-1.74,0.297,0
left_kp0.0095_ki0.022_kd0_-150_r1,left,0.0095,0.022,0.0,-150.0,run,0.862517315952573,0.0,-0.18,0.0,0.18,0.02,-0.042,-1.788,0.295,0
left_kp0.0095_ki0.022_kd0_-150_r1,left,0.0095,0.022,0.0,-150.0,run,0.9287955919862725,0.0,-0.22,0.0,0.22,0.04,-0.042,-1.77,0.308,0
left_kp0.0095_ki0.022_kd0_-150_r1,left,0.0095,0.022,0.0,-150.0,run,0.9950492429779842,0.0,-0.22,0.0,0.22,0.02,-0.043,-1.815,0.319,0
left_kp0.0095_ki0.022_kd0_-150_r1,left,0.0095,0.022,0.0,-150.0,run,1.0615090869832784,0.0,-0.22,0.02,0.22,0.24,-0.043,-1.847,0.163,0
left_kp0.0095_ki0.022_kd0_-150_r1,left,0.0095,0.022,0.0,-150.0,run,1.1278441659524105,0.0,-0.24,0.0,0.24,0.0,-0.043,-1.826,-0.042,0
left_kp0.0095_ki0.022_kd0_-150_r1,left,0.0095,0.022,0.0,-150.0,run,1.194134145975113,0.0,-0.26,0.0,0.26,0.04,-0.042,-1.802,-0.131,0
left_kp0.0095_ki0.022_kd0_-150_r1,left,0.0095,0.022,0.0,0,stop,1.875974703580141e-06,0.0,-0.26,0.0,0.26,0.0,-0.042,-1.812,-0.187,0
left_kp0.0095_ki0.022_kd0_-150_r1,left,0.0095,0.022,0.0,0,stop,0.07642920996295288,0.0,0.0,0.0,0.0,0.0,0.0,0.0,0.0,0
left_kp0.0095_ki0.022_kd0_-150_r1,left,0.0095,0.022,0.0,0,stop,0.14277351996861398,0.0,0.0,0.0,0.0,0.0,0.0,0.0,0.0,0
left_kp0.0095_ki0.022_kd0_-150_r1,left,0.0095,0.022,0.0,0,stop,0.20901238598162308,0.0,0.0,0.0,0.0,0.0,0.0,0.0,0.0,0
left_kp0.0095_ki0.022_kd0_-150_r1,left,0.0095,0.022,0.0,0,stop,0.27531638694927096,0.0,0.0,0.0,0.0,0.0,0.0,0.0,0.0,0
left_kp0.0095_ki0.022_kd0_-150_r1,left,0.0095,0.022,0.0,0,stop,0.3416837389813736,0.0,0.0,0.0,0.0,0.0,0.0,0.0,0.0,0
left_kp0.0095_ki0.022_kd0_-150_r1,left,0.0095,0.022,0.0,0,stop,0.40797987196128815,0.0,0.0,0.0,0.0,0.0,0.0,0.0,0.0,0
left_kp0.0095_ki0.022_kd0_-150_r1,left,0.0095,0.022,0.0,0,stop,0.4743925459915772,0.0,0.0,0.0,0.0,0.0,0.0,0.0,0.0,0
left_kp0.0095_ki0.022_kd0_-150_r1,left,0.0095,0.022,0.0,0,stop,0.5407329860026948,0.0,0.0,0.0,0.0,0.0,0.0,0.0,0.0,0
left_kp0.0095_ki0.022_kd0_-150_r1,left,0.0095,0.022,0.0,0,stop,0.6070846379734576,0.0,0.0,0.0,0.0,0.0,0.0,0.0,0.0,0
left_kp0.0095_ki0.022_kd0_-150_r1,left,0.0095,0.022,0.0,0,stop,0.6733836539788172,0.0,0.0,0.0,0.0,0.0,0.0,0.0,0.0,0
left_kp0.0095_ki0.022_kd0_+150_r2,left,0.0095,0.022,0.0,150.0,run,0.0001282280427403748,0.0,0.0,0.0,0.0,0.0,0.0,0.0,0.0,0
left_kp0.0095_ki0.022_kd0_+150_r2,left,0.0095,0.022,0.0,150.0,run,0.06617504003224894,0.0,0.01,0.01,0.01,0.1,0.001,0.042,-0.045,0
left_kp0.0095_ki0.022_kd0_+150_r2,left,0.0095,0.022,0.0,150.0,run,0.1323463290464133,0.0,0.01,0.02,0.02,0.02,0.02,0.828,-0.211,0
left_kp0.0095_ki0.022_kd0_+150_r2,left,0.0095,0.022,0.0,150.0,run,0.19843093905365095,0.0,0.07,0.0,0.07,0.02,0.033,1.391,-0.345,0
left_kp0.0095_ki0.022_kd0_+150_r2,left,0.0095,0.022,0.0,150.0,run,0.2646909970208071,0.0,0.09,0.0,0.09,0.02,0.037,1.55,-0.343,0
left_kp0.0095_ki0.022_kd0_+150_r2,left,0.0095,0.022,0.0,150.0,run,0.3309316200320609,0.0,0.11,0.0,0.11,0.04,0.037,1.552,-0.324,0
left_kp0.0095_ki0.022_kd0_+150_r2,left,0.0095,0.022,0.0,150.0,run,0.3975987720186822,0.0,0.11,0.0,0.11,0.02,0.037,1.552,-0.319,0
left_kp0.0095_ki0.022_kd0_+150_r2,left,0.0095,0.022,0.0,150.0,run,0.46374983101850376,0.0,0.13,0.0,0.13,0.02,0.038,1.59,-0.321,0
left_kp0.0095_ki0.022_kd0_+150_r2,left,0.0095,0.022,0.0,150.0,run,0.5299407120328397,0.0,0.15,0.0,0.15,0.1,0.038,1.614,-0.321,0
left_kp0.0095_ki0.022_kd0_+150_r2,left,0.0095,0.022,0.0,150.0,run,0.5961706360103562,0.0,0.15,0.0,0.15,0.02,0.039,1.643,-0.327,0
left_kp0.0095_ki0.022_kd0_+150_r2,left,0.0095,0.022,0.0,150.0,run,0.6626854380010627,0.0,0.13,-0.01,0.13,0.02,0.039,1.673,-0.177,0
left_kp0.0095_ki0.022_kd0_+150_r2,left,0.0095,0.022,0.0,150.0,run,0.7289845720515586,0.0,0.13,0.01,0.13,0.08,0.042,1.786,-0.273,0
left_kp0.0095_ki0.022_kd0_+150_r2,left,0.0095,0.022,0.0,150.0,run,0.7952405060059391,0.0,0.18,0.0,0.18,0.04,0.042,1.772,-0.292,0
left_kp0.0095_ki0.022_kd0_+150_r2,left,0.0095,0.022,0.0,150.0,run,0.8629392790026031,0.0,0.17,-0.01,0.17,0.36,0.042,1.786,-0.295,0
left_kp0.0095_ki0.022_kd0_+150_r2,left,0.0095,0.022,0.0,150.0,run,0.9292659690254368,0.0,0.18,0.0,0.18,0.48,0.043,1.807,-0.311,0
left_kp0.0095_ki0.022_kd0_+150_r2,left,0.0095,0.022,0.0,150.0,run,0.9959726680535823,0.0,0.22,0.0,0.22,0.04,0.043,1.82,-0.329,0
left_kp0.0095_ki0.022_kd0_+150_r2,left,0.0095,0.022,0.0,150.0,run,1.0622433320386335,0.0,0.22,0.01,0.22,0.02,0.044,1.845,-0.345,0
left_kp0.0095_ki0.022_kd0_+150_r2,left,0.0095,0.022,0.0,150.0,run,1.1285377650056034,0.0,0.23,0.0,0.23,0.12,0.045,1.882,-0.335,0
left_kp0.0095_ki0.022_kd0_+150_r2,left,0.0095,0.022,0.0,150.0,run,1.194822515011765,0.0,0.24,0.0,0.24,0.02,0.046,1.957,-0.286,0
left_kp0.0095_ki0.022_kd0_+150_r2,left,0.0095,0.022,0.0,0,stop,1.8100254237651825e-06,0.0,0.25,0.0,0.25,0.0,0.049,2.073,-0.244,0
left_kp0.0095_ki0.022_kd0_+150_r2,left,0.0095,0.022,0.0,0,stop,0.07677485700696707,0.0,0.0,0.0,0.0,0.0,0.0,0.0,0.0,0
left_kp0.0095_ki0.022_kd0_+150_r2,left,0.0095,0.022,0.0,0,stop,0.143090823024977,0.0,0.0,0.0,0.0,0.0,0.0,0.0,0.0,0
left_kp0.0095_ki0.022_kd0_+150_r2,left,0.0095,0.022,0.0,0,stop,0.20943743298994377,0.0,0.0,0.0,0.0,0.0,0.0,0.0,0.0,0
left_kp0.0095_ki0.022_kd0_+150_r2,left,0.0095,0.022,0.0,0,stop,0.2756781770149246,0.0,0.0,0.0,0.0,0.0,0.0,0.0,0.0,0
left_kp0.0095_ki0.022_kd0_+150_r2,left,0.0095,0.022,0.0,0,stop,0.34205870202276856,0.0,0.0,0.0,0.0,0.0,0.0,0.0,0.0,0
left_kp0.0095_ki0.022_kd0_+150_r2,left,0.0095,0.022,0.0,0,stop,0.4084007850033231,0.0,0.0,0.0,0.0,0.0,0.0,0.0,0.0,0
left_kp0.0095_ki0.022_kd0_+150_r2,left,0.0095,0.022,0.0,0,stop,0.47478064603637904,0.0,0.0,0.0,0.0,0.0,0.0,0.0,0.0,0
left_kp0.0095_ki0.022_kd0_+150_r2,left,0.0095,0.022,0.0,0,stop,0.5411344949970953,0.0,0.0,0.0,0.0,0.0,0.0,0.0,0.0,0
left_kp0.0095_ki0.022_kd0_+150_r2,left,0.0095,0.022,0.0,0,stop,0.6074958040262572,0.0,0.0,0.0,0.0,0.0,0.0,0.0,0.0,0
left_kp0.0095_ki0.022_kd0_+150_r2,left,0.0095,0.022,0.0,0,stop,0.6738501230138354,0.0,0.0,0.0,0.0,0.0,0.0,0.0,0.0,0
left_kp0.0095_ki0.022_kd0_-150_r2,left,0.0095,0.022,0.0,-150.0,run,0.0001348080113530159,0.0,0.0,0.0,0.0,0.0,0.0,0.0,0.0,0
left_kp0.0095_ki0.022_kd0_-150_r2,left,0.0095,0.022,0.0,-150.0,run,0.0667156139970757,0.0,0.02,0.0,0.02,0.08,-0.006,-0.195,-0.144,0
left_kp0.0095_ki0.022_kd0_-150_r2,left,0.0095,0.022,0.0,-150.0,run,0.13296025799354538,0.0,-0.03,-0.02,0.03,0.04,-0.021,-0.917,0.005,0
left_kp0.0095_ki0.022_kd0_-150_r2,left,0.0095,0.022,0.0,-150.0,run,0.19928843301022425,0.0,-0.09,-0.01,0.09,0.04,-0.033,-1.413,0.15,0
left_kp0.0095_ki0.022_kd0_-150_r2,left,0.0095,0.022,0.0,-150.0,run,0.26567515201168135,0.0,-0.1,0.0,0.1,0.06,-0.036,-1.542,0.206,0
left_kp0.0095_ki0.022_kd0_-150_r2,left,0.0095,0.022,0.0,-150.0,run,0.3318909219815396,0.0,-0.12,0.0,0.12,0.04,-0.037,-1.555,0.233,0
left_kp0.0095_ki0.022_kd0_-150_r2,left,0.0095,0.022,0.0,-150.0,run,0.3980808570049703,0.0,-0.12,0.0,0.12,0.0,-0.038,-1.617,0.252,0
left_kp0.0095_ki0.022_kd0_-150_r2,left,0.0095,0.022,0.0,-150.0,run,0.46435848099645227,0.0,-0.14,0.0,0.14,0.06,-0.038,-1.627,0.252,0
left_kp0.0095_ki0.022_kd0_-150_r2,left,0.0095,0.022,0.0,-150.0,run,0.5306337340152822,0.0,-0.15,0.0,0.15,0.0,-0.039,-1.67,0.262,0
left_kp0.0095_ki0.022_kd0_-150_r2,left,0.0095,0.022,0.0,-150.0,run,0.5969664570293389,0.0,-0.17,0.0,0.17,0.4,-0.041,-1.716,0.273,0
left_kp0.0095_ki0.022_kd0_-150_r2,left,0.0095,0.022,0.0,-150.0,run,0.6633282990078442,0.0,-0.16,0.0,0.16,0.06,-0.041,-1.743,0.27,0
left_kp0.0095_ki0.022_kd0_-150_r2,left,0.0095,0.022,0.0,-150.0,run,0.7297554929973558,0.0,-0.18,0.0,0.18,0.06,-0.042,-1.772,0.284,0
left_kp0.0095_ki0.022_kd0_-150_r2,left,0.0095,0.022,0.0,-150.0,run,0.7960466499789618,0.0,-0.2,0.0,0.2,0.02,-0.042,-1.788,0.284,0
left_kp0.0095_ki0.022_kd0_-150_r2,left,0.0095,0.022,0.0,-150.0,run,0.8627205659868196,0.0,-0.2,0.01,0.2,0.08,-0.043,-1.829,0.286,0
left_kp0.0095_ki0.022_kd0_-150_r2,left,0.0095,0.022,0.0,-150.0,run,0.9289731630124152,0.0,-0.21,0.0,0.21,0.06,-0.044,-1.845,0.292,0
left_kp0.0095_ki0.022_kd0_-150_r2,left,0.0095,0.022,0.0,-150.0,run,0.9952093539759517,0.0,-0.22,0.01,0.22,0.0,-0.044,-1.863,0.292,0
left_kp0.0095_ki0.022_kd0_-150_r2,left,0.0095,0.022,0.0,-150.0,run,1.0618699439801276,0.0,-0.24,0.0,0.24,0.04,-0.044,-1.863,0.319,0
left_kp0.0095_ki0.022_kd0_-150_r2,left,0.0095,0.022,0.0,-150.0,run,1.12824377999641,0.0,-0.26,0.0,0.26,0.04,-0.044,-1.877,0.319,0
left_kp0.0095_ki0.022_kd0_-150_r2,left,0.0095,0.022,0.0,-150.0,run,1.1946484509971924,0.0,-0.25,0.0,0.25,0.02,-0.045,-1.922,0.311,0
left_kp0.0095_ki0.022_kd0_-150_r2,left,0.0095,0.022,0.0,0,stop,1.1469819582998753e-06,0.0,-0.28,0.0,0.28,0.36,-0.046,-1.936,0.321,0
left_kp0.0095_ki0.022_kd0_-150_r2,left,0.0095,0.022,0.0,0,stop,0.07645280298311263,0.0,0.0,0.0,0.0,0.0,0.0,0.0,0.0,0
left_kp0.0095_ki0.022_kd0_-150_r2,left,0.0095,0.022,0.0,0,stop,0.14293416700093076,0.0,0.0,0.0,0.0,0.0,0.0,0.0,0.0,0
left_kp0.0095_ki0.022_kd0_-150_r2,left,0.0095,0.022,0.0,0,stop,0.20942947402363643,0.0,0.0,0.0,0.0,0.0,0.0,0.0,0.0,0
left_kp0.0095_ki0.022_kd0_-150_r2,left,0.0095,0.022,0.0,0,stop,0.27567083097528666,0.0,0.0,0.0,0.0,0.0,0.0,0.0,0.0,0
left_kp0.0095_ki0.022_kd0_-150_r2,left,0.0095,0.022,0.0,0,stop,0.3420009529800154,0.0,0.0,0.0,0.0,0.0,0.0,0.0,0.0,0
left_kp0.0095_ki0.022_kd0_-150_r2,left,0.0095,0.022,0.0,0,stop,0.4082840029732324,0.0,0.0,0.0,0.0,0.0,0.0,0.0,0.0,0
left_kp0.0095_ki0.022_kd0_-150_r2,left,0.0095,0.022,0.0,0,stop,0.47462970297783613,0.0,0.0,0.0,0.0,0.0,0.0,0.0,0.0,0
left_kp0.0095_ki0.022_kd0_-150_r2,left,0.0095,0.022,0.0,0,stop,0.5409763979841955,0.0,0.0,0.0,0.0,0.0,0.0,0.0,0.0,0
left_kp0.0095_ki0.022_kd0_-150_r2,left,0.0095,0.022,0.0,0,stop,0.6072698479983956,0.0,0.0,0.0,0.0,0.0,0.0,0.0,0.0,0
left_kp0.0095_ki0.022_kd0_-150_r2,left,0.0095,0.022,0.0,0,stop,0.6735988199943677,0.0,0.0,0.0,0.0,0.0,0.0,0.0,0.0,0
left_kp0.0095_ki0.022_kd0_+300_r1,left,0.0095,0.022,0.0,300.0,run,0.00014334300067275763,0.0,0.0,0.0,0.0,0.0,0.0,0.0,0.0,0
left_kp0.0095_ki0.022_kd0_+300_r1,left,0.0095,0.022,0.0,300.0,run,0.06632227799855173,0.0,0.0,0.0,0.01,0.0,0.004,0.053,-0.142,0
left_kp0.0095_ki0.022_kd0_+300_r1,left,0.0095,0.022,0.0,300.0,run,0.13260182202793658,0.0,0.02,-0.01,0.02,0.0,0.019,0.801,-0.158,0
left_kp0.0095_ki0.022_kd0_+300_r1,left,0.0095,0.022,0.0,300.0,run,0.19892888399772346,0.0,0.13,0.0,0.13,0.24,0.039,1.657,-0.064,0
left_kp0.0095_ki0.022_kd0_+300_r1,left,0.0095,0.022,0.0,300.0,run,0.26516601600451395,0.0,0.19,0.01,0.19,0.0,0.043,1.834,-0.163,0
left_kp0.0095_ki0.022_kd0_+300_r1,left,0.0095,0.022,0.0,300.0,run,0.3313696370460093,0.0,0.2,0.0,0.2,0.0,0.045,1.901,-0.244,0
left_kp0.0095_ki0.022_kd0_+300_r1,left,0.0095,0.022,0.0,300.0,run,0.3975463020033203,0.0,0.23,0.0,0.23,0.06,0.045,1.914,-0.284,0
left_kp0.0095_ki0.022_kd0_+300_r1,left,0.0095,0.022,0.0,300.0,run,0.4639088270487264,0.0,0.21,-0.01,0.21,0.4,0.048,2.056,-0.273,0
left_kp0.0095_ki0.022_kd0_+300_r1,left,0.0095,0.022,0.0,300.0,run,0.5302209090441465,0.0,0.2,-0.1,0.23,0.0,0.059,2.523,-0.236,0
left_kp0.0095_ki0.022_kd0_+300_r1,left,0.0095,0.022,0.0,300.0,run,0.5970086440211162,0.0,0.28,-0.04,0.28,0.06,0.072,3.07,-0.072,0
left_kp0.0095_ki0.022_kd0_+300_r1,left,0.0095,0.022,0.0,300.0,run,0.6633090840186924,0.0,0.2,-0.03,0.2,0.08,0.079,3.346,-0.638,0
left_kp0.0095_ki0.022_kd0_+300_r1,left,0.0095,0.022,0.0,300.0,run,0.7296095930505544,346.0,0.14,0.0,0.14,0.0,0.078,3.261,-0.665,0
left_kp0.0095_ki0.022_kd0_+300_r1,left,0.0095,0.022,0.0,300.0,run,0.7960535010206513,358.0,0.11,0.0,0.11,0.04,0.072,3.038,-0.635,0
left_kp0.0095_ki0.022_kd0_+300_r1,left,0.0095,0.022,0.0,300.0,run,0.8623896460048854,329.0,0.15,-0.03,0.15,0.18,0.067,2.842,-0.45,0
left_kp0.0095_ki0.022_kd0_+300_r1,left,0.0095,0.022,0.0,300.0,run,0.9286100720055401,281.0,0.17,0.02,0.17,0.02,0.065,2.754,-0.415,0
left_kp0.0095_ki0.022_kd0_+300_r1,left,0.0095,0.022,0.0,300.0,run,0.9946677639964037,263.0,0.19,0.0,0.19,0.04,0.067,2.874,-0.273,0
left_kp0.0095_ki0.022_kd0_+300_r1,left,0.0095,0.022,0.0,300.0,run,1.061006363015622,247.0,0.16,0.0,0.16,0.04,0.064,2.7,-0.41,0
left_kp0.0095_ki0.022_kd0_+300_r1,left,0.0095,0.022,0.0,300.0,run,1.1272584469988942,250.0,0.23,0.01,-0.23,-0.02,0.067,2.85,-0.402,0
left_kp0.0095_ki0.022_kd0_+300_r1,left,0.0095,0.022,0.0,300.0,run,1.193473907012958,246.0,0.18,0.0,0.18,0.04,0.07,2.971,-0.273,0
left_kp0.0095_ki0.022_kd0_+300_r1,left,0.0095,0.022,0.0,0,stop,1.1569936759769917e-06,268.0,0.23,-0.01,0.23,0.06,0.069,2.92,-0.472,0
left_kp0.0095_ki0.022_kd0_+300_r1,left,0.0095,0.022,0.0,0,stop,0.07649797201156616,284.0,0.14,0.0,0.14,0.02,0.066,2.786,-0.525,0
left_kp0.0095_ki0.022_kd0_+300_r1,left,0.0095,0.022,0.0,0,stop,0.14310585299972445,265.0,0.14,-0.01,-0.14,-0.02,0.056,2.378,-0.166,0
left_kp0.0095_ki0.022_kd0_+300_r1,left,0.0095,0.022,0.0,0,stop,0.20983108901418746,265.0,0.0,0.0,0.0,0.0,0.0,0.0,0.0,0
left_kp0.0095_ki0.022_kd0_+300_r1,left,0.0095,0.022,0.0,0,stop,0.2762806399841793,265.0,0.0,0.0,0.0,0.0,0.0,0.0,0.0,0
left_kp0.0095_ki0.022_kd0_+300_r1,left,0.0095,0.022,0.0,0,stop,0.34284076502081007,265.0,0.0,0.0,0.0,0.0,0.0,0.0,0.0,0
left_kp0.0095_ki0.022_kd0_+300_r1,left,0.0095,0.022,0.0,0,stop,0.4091445609810762,265.0,0.0,0.0,0.0,0.0,0.0,0.0,0.0,0
left_kp0.0095_ki0.022_kd0_+300_r1,left,0.0095,0.022,0.0,0,stop,0.47541958099463955,265.0,0.0,0.0,0.0,0.0,0.0,0.0,0.0,0
left_kp0.0095_ki0.022_kd0_+300_r1,left,0.0095,0.022,0.0,0,stop,0.5416965169715695,265.0,0.0,0.0,0.0,0.0,0.0,0.0,0.0,0
left_kp0.0095_ki0.022_kd0_+300_r1,left,0.0095,0.022,0.0,0,stop,0.6079313149675727,265.0,0.0,0.0,0.0,0.0,0.0,0.0,0.0,0
left_kp0.0095_ki0.022_kd0_+300_r1,left,0.0095,0.022,0.0,0,stop,0.6742222519824281,0.0,0.0,0.0,0.0,0.0,0.0,0.0,0.0,0
left_kp0.0095_ki0.022_kd0_-300_r1,left,0.0095,0.022,0.0,-300.0,run,0.0001256010145880282,0.0,0.0,0.0,0.0,0.0,0.0,0.0,0.0,0
left_kp0.0095_ki0.022_kd0_-300_r1,left,0.0095,0.022,0.0,-300.0,run,0.06641148100607097,0.0,-0.01,0.03,0.04,0.0,0.014,0.061,-0.59,0
left_kp0.0095_ki0.022_kd0_-300_r1,left,0.0095,0.022,0.0,-300.0,run,0.13390443701064214,0.0,-0.03,0.0,0.03,0.04,-0.028,-0.74,-0.97,0
left_kp0.0095_ki0.022_kd0_-300_r1,left,0.0095,0.022,0.0,-300.0,run,0.20021732000168413,0.0,-0.12,-0.01,0.12,0.0,-0.04,-1.52,-0.796,0
left_kp0.0095_ki0.022_kd0_-300_r1,left,0.0095,0.022,0.0,-300.0,run,0.26648960303282365,0.0,-0.17,0.0,0.17,0.04,-0.044,-1.78,-0.673,0
left_kp0.0095_ki0.022_kd0_-300_r1,left,0.0095,0.022,0.0,-300.0,run,0.3328701450373046,0.0,-0.21,-0.01,0.21,0.06,-0.047,-1.869,-0.699,0
left_kp0.0095_ki0.022_kd0_-300_r1,left,0.0095,0.022,0.0,-300.0,run,0.39909188903402537,0.0,-0.18,-0.05,-0.18,-0.08,-0.053,-2.196,-0.52,0
left_kp0.0095_ki0.022_kd0_-300_r1,left,0.0095,0.022,0.0,-300.0,run,0.4653904220322147,0.0,-0.2,-0.03,0.2,0.0,-0.065,-2.762,-0.447,0
left_kp0.0095_ki0.022_kd0_-300_r1,left,0.0095,0.022,0.0,-300.0,run,0.5317986300215125,0.0,-0.26,-0.02,0.26,0.04,-0.07,-2.987,-0.219,0
left_kp0.0095_ki0.022_kd0_-300_r1,left,0.0095,0.022,0.0,-300.0,run,0.5980830130283721,-273.0,-0.16,0.04,0.16,0.08,-0.073,-3.094,-0.555,0
left_kp0.0095_ki0.022_kd0_-300_r1,left,0.0095,0.022,0.0,-300.0,run,0.6643686660099775,-321.0,-0.17,0.05,0.18,0.02,-0.069,-2.829,-0.86,0
left_kp0.0095_ki0.022_kd0_-300_r1,left,0.0095,0.022,0.0,-300.0,run,0.7306891159969382,-294.0,-0.2,-0.03,0.2,0.06,-0.061,-2.596,-0.329,0
left_kp0.0095_ki0.022_kd0_-300_r1,left,0.0095,0.022,0.0,-300.0,run,0.7968907660106197,-269.0,-0.17,0.03,0.18,0.06,-0.056,-2.37,-0.236,0
left_kp0.0095_ki0.022_kd0_-300_r1,left,0.0095,0.022,0.0,-300.0,run,0.8631682730047032,-226.0,-0.2,0.01,0.2,0.02,-0.052,-2.183,-0.351,0
left_kp0.0095_ki0.022_kd0_-300_r1,left,0.0095,0.022,0.0,-300.0,run,0.9296710130292922,-226.0,-0.2,0.0,0.2,0.0,-0.047,-1.955,-0.531,0
left_kp0.0095_ki0.022_kd0_-300_r1,left,0.0095,0.022,0.0,-300.0,run,0.9964850100222975,-165.0,-0.23,0.01,0.23,0.06,-0.058,-2.475,-0.048,0
left_kp0.0095_ki0.022_kd0_-300_r1,left,0.0095,0.022,0.0,-300.0,run,1.0627713300054893,-140.0,-0.26,0.0,0.26,0.02,-0.061,-2.617,-0.16,0
left_kp0.0095_ki0.022_kd0_-300_r1,left,0.0095,0.022,0.0,-300.0,run,1.1290167500264943,-140.0,-0.18,-0.01,0.18,0.02,-0.069,-2.928,-0.276,0
left_kp0.0095_ki0.022_kd0_-300_r1,left,0.0095,0.022,0.0,-300.0,run,1.1952830990194343,-230.0,-0.18,-0.01,0.18,0.06,-0.077,-3.255,-0.509,0
left_kp0.0095_ki0.022_kd0_-300_r1,left,0.0095,0.022,0.0,0,stop,7.560010999441147e-07,-316.0,-0.19,-0.03,0.2,0.02,-0.077,-3.207,-0.876,0
left_kp0.0095_ki0.022_kd0_-300_r1,left,0.0095,0.022,0.0,0,stop,0.07624068297445774,-350.0,-0.17,-0.05,0.17,0.06,-0.069,-2.901,-0.536,0
left_kp0.0095_ki0.022_kd0_-300_r1,left,0.0095,0.022,0.0,0,stop,0.14252465299796313,-323.0,-0.14,0.02,0.14,0.04,-0.054,-2.223,-0.627,0
left_kp0.0095_ki0.022_kd0_-300_r1,left,0.0095,0.022,0.0,0,stop,0.2088295059511438,-277.0,0.0,0.0,0.0,0.0,0.0,0.0,0.0,0
left_kp0.0095_ki0.022_kd0_-300_r1,left,0.0095,0.022,0.0,0,stop,0.2752212240011431,-277.0,0.0,0.0,0.0,0.0,0.0,0.0,0.0,0
left_kp0.0095_ki0.022_kd0_-300_r1,left,0.0095,0.022,0.0,0,stop,0.3415000939858146,-277.0,0.0,0.0,0.0,0.0,0.0,0.0,0.0,0
left_kp0.0095_ki0.022_kd0_-300_r1,left,0.0095,0.022,0.0,0,stop,0.40774862695252523,-277.0,0.0,0.0,0.0,0.0,0.0,0.0,0.0,0
left_kp0.0095_ki0.022_kd0_-300_r1,left,0.0095,0.022,0.0,0,stop,0.47412626299774274,-277.0,0.0,0.0,0.0,0.0,0.0,0.0,0.0,0
left_kp0.0095_ki0.022_kd0_-300_r1,left,0.0095,0.022,0.0,0,stop,0.5404635609593242,-277.0,0.0,0.0,0.0,0.0,0.0,0.0,0.0,0
left_kp0.0095_ki0.022_kd0_-300_r1,left,0.0095,0.022,0.0,0,stop,0.6067551579908468,-277.0,0.0,0.0,0.0,0.0,0.0,0.0,0.0,0
left_kp0.0095_ki0.022_kd0_-300_r1,left,0.0095,0.022,0.0,0,stop,0.6730025019496679,0.0,0.0,0.0,0.0,0.0,0.0,0.0,0.0,0
left_kp0.0095_ki0.022_kd0_+300_r2,left,0.0095,0.022,0.0,300.0,run,0.000124728016089648,0.0,0.0,0.0,0.0,0.0,0.0,0.0,0.0,0
left_kp0.0095_ki0.022_kd0_+300_r2,left,0.0095,0.022,0.0,300.0,run,0.06634809199022129,0.0,0.02,0.01,0.02,0.08,-0.004,-0.016,-0.152,0
left_kp0.0095_ki0.022_kd0_+300_r2,left,0.0095,0.022,0.0,300.0,run,0.13257071597035974,0.0,0.01,0.0,0.01,0.1,0.018,0.764,-0.115,0
left_kp0.0095_ki0.022_kd0_+300_r2,left,0.0095,0.022,0.0,300.0,run,0.19883612397825345,0.0,0.11,0.01,0.11,0.02,0.039,1.665,-0.126,0
left_kp0.0095_ki0.022_kd0_+300_r2,left,0.0095,0.022,0.0,300.0,run,0.26519779197406024,0.0,0.15,-0.01,0.15,0.2,0.047,2.011,0.05,0
left_kp0.0095_ki0.022_kd0_+300_r2,left,0.0095,0.022,0.0,300.0,run,0.3315884369658306,0.0,0.22,0.03,0.22,0.06,0.053,2.255,0.163,0
left_kp0.0095_ki0.022_kd0_+300_r2,left,0.0095,0.022,0.0,300.0,run,0.397808626992628,0.0,0.26,0.02,0.26,0.04,0.055,2.36,0.093,0
left_kp0.0095_ki0.022_kd0_+300_r2,left,0.0095,0.022,0.0,300.0,run,0.464134929003194,15.0,0.26,0.0,0.26,0.06,0.054,2.298,0.077,0
left_kp0.0095_ki0.022_kd0_+300_r2,left,0.0095,0.022,0.0,300.0,run,0.5304287360049784,29.0,0.2,-0.04,0.2,0.08,0.06,2.561,0.225,0
left_kp0.0095_ki0.022_kd0_+300_r2,left,0.0095,0.022,0.0,300.0,run,0.5967224650084972,147.0,0.23,0.06,0.23,0.06,0.065,2.754,-0.3,0
left_kp0.0095_ki0.022_kd0_+300_r2,left,0.0095,0.022,0.0,300.0,run,0.6630729570169933,169.0,0.19,0.0,0.19,0.02,0.07,2.995,-0.206,0
left_kp0.0095_ki0.022_kd0_+300_r2,left,0.0095,0.022,0.0,300.0,run,0.7294049629708752,251.0,0.19,-0.02,0.19,0.02,0.068,2.891,-0.439,0
left_kp0.0095_ki0.022_kd0_+300_r2,left,0.0095,0.022,0.0,300.0,run,0.795756841020193,277.0,0.16,-0.02,0.16,0.04,0.065,2.775,-0.356,0
left_kp0.0095_ki0.022_kd0_+300_r2,left,0.0095,0.022,0.0,300.0,run,0.8620962969725952,270.0,0.19,0.03,0.19,0.02,0.064,2.722,-0.364,0
left_kp0.0095_ki0.022_kd0_+300_r2,left,0.0095,0.022,0.0,300.0,run,0.9286098959855735,246.0,0.2,0.0,0.2,0.02,0.067,2.84,-0.289,0
left_kp0.0095_ki0.022_kd0_+300_r2,left,0.0095,0.022,0.0,300.0,run,0.994881680002436,242.0,0.18,0.05,0.19,0.02,0.062,2.641,-0.442,0
left_kp0.0095_ki0.022_kd0_+300_r2,left,0.0095,0.022,0.0,300.0,run,1.0613839349825867,245.0,0.18,0.04,-0.18,-0.02,0.067,2.848,-0.372,0
left_kp0.0095_ki0.022_kd0_+300_r2,left,0.0095,0.022,0.0,300.0,run,1.1277357210055925,245.0,0.19,0.0,0.19,0.08,0.068,2.917,-0.284,0
left_kp0.0095_ki0.022_kd0_+300_r2,left,0.0095,0.022,0.0,300.0,run,1.19427810999332,264.0,0.15,-0.02,0.15,0.04,0.07,2.974,-0.501,0
left_kp0.0095_ki0.022_kd0_+300_r2,left,0.0095,0.022,0.0,0,stop,1.2370292097330093e-06,280.0,0.17,-0.03,0.17,0.02,0.068,2.901,-0.426,0
left_kp0.0095_ki0.022_kd0_+300_r2,left,0.0095,0.022,0.0,0,stop,0.07639563403790817,280.0,0.17,0.0,0.17,0.0,0.066,2.84,-0.244,0
left_kp0.0095_ki0.022_kd0_+300_r2,left,0.0095,0.022,0.0,0,stop,0.14255469501949847,264.0,0.17,0.0,0.17,0.04,0.055,2.335,-0.233,0
left_kp0.0095_ki0.022_kd0_+300_r2,left,0.0095,0.022,0.0,0,stop,0.20888254803139716,264.0,0.0,0.0,0.0,0.0,0.0,0.0,0.0,0
left_kp0.0095_ki0.022_kd0_+300_r2,left,0.0095,0.022,0.0,0,stop,0.27522942004725337,264.0,0.0,0.0,0.0,0.0,0.0,0.0,0.0,0
left_kp0.0095_ki0.022_kd0_+300_r2,left,0.0095,0.022,0.0,0,stop,0.3415467489976436,264.0,0.0,0.0,0.0,0.0,0.0,0.0,0.0,0
left_kp0.0095_ki0.022_kd0_+300_r2,left,0.0095,0.022,0.0,0,stop,0.4078520720358938,264.0,0.0,0.0,0.0,0.0,0.0,0.0,0.0,0
left_kp0.0095_ki0.022_kd0_+300_r2,left,0.0095,0.022,0.0,0,stop,0.4741870510042645,264.0,0.0,0.0,0.0,0.0,0.0,0.0,0.0,0
left_kp0.0095_ki0.022_kd0_+300_r2,left,0.0095,0.022,0.0,0,stop,0.540609238028992,264.0,0.0,0.0,0.0,0.0,0.0,0.0,0.0,0
left_kp0.0095_ki0.022_kd0_+300_r2,left,0.0095,0.022,0.0,0,stop,0.6070135960471816,264.0,0.0,0.0,0.0,0.0,0.0,0.0,0.0,0
left_kp0.0095_ki0.022_kd0_+300_r2,left,0.0095,0.022,0.0,0,stop,0.6734178500482813,0.0,0.0,0.0,0.0,0.0,0.0,0.0,0.0,0
left_kp0.0095_ki0.022_kd0_-300_r2,left,0.0095,0.022,0.0,-300.0,run,0.00014465098502114415,0.0,0.0,0.0,0.0,0.0,0.0,0.0,0.0,0
left_kp0.0095_ki0.022_kd0_-300_r2,left,0.0095,0.022,0.0,-300.0,run,0.0663797149900347,0.0,-0.01,0.0,0.01,0.08,0.005,0.193,0.118,0
left_kp0.0095_ki0.022_kd0_-300_r2,left,0.0095,0.022,0.0,-300.0,run,0.1327557120239362,0.0,-0.03,0.0,0.03,0.0,-0.013,-0.565,0.08,0
left_kp0.0095_ki0.022_kd0_-300_r2,left,0.0095,0.022,0.0,-300.0,run,0.19908050901722163,0.0,-0.12,0.0,0.12,0.0,-0.034,-1.464,-0.026,0
left_kp0.0095_ki0.022_kd0_-300_r2,left,0.0095,0.022,0.0,-300.0,run,0.26558263797778636,0.0,-0.17,0.01,0.17,0.06,-0.044,-1.869,-0.273,0
left_kp0.0095_ki0.022_kd0_-300_r2,left,0.0095,0.022,0.0,-300.0,run,0.3318942739861086,0.0,-0.24,0.04,0.24,0.04,-0.044,-1.855,-0.335,0
left_kp0.0095_ki0.022_kd0_-300_r2,left,0.0095,0.022,0.0,-300.0,run,0.3981831989949569,0.0,-0.23,0.0,0.23,0.0,-0.044,-1.82,-0.461,0
left_kp0.0095_ki0.022_kd0_-300_r2,left,0.0095,0.022,0.0,-300.0,run,0.46499129402218387,0.0,-0.25,0.0,0.25,0.04,-0.044,-1.839,-0.485,0
left_kp0.0095_ki0.022_kd0_-300_r2,left,0.0095,0.022,0.0,-300.0,run,0.5313718119869009,0.0,-0.28,0.0,0.28,0.0,-0.046,-1.909,-0.493,0
left_kp0.0095_ki0.022_kd0_-300_r2,left,0.0095,0.022,0.0,-300.0,run,0.597724597027991,0.0,-0.3,0.0,0.3,0.0,-0.048,-1.995,-0.485,0
left_kp0.0095_ki0.022_kd0_-300_r2,left,0.0095,0.022,0.0,-300.0,run,0.6642390200286172,0.0,-0.28,0.0,0.28,0.0,-0.053,-2.234,-0.485,0
left_kp0.0095_ki0.022_kd0_-300_r2,left,0.0095,0.022,0.0,-300.0,run,0.7308855929877609,0.0,-0.29,0.03,0.29,0.06,-0.07,-2.984,-0.474,0
left_kp0.0095_ki0.022_kd0_-300_r2,left,0.0095,0.022,0.0,-300.0,run,0.7972429519868456,-78.0,-0.39,0.0,0.39,0.06,-0.081,-3.312,-0.981,0
left_kp0.0095_ki0.022_kd0_-300_r2,left,0.0095,0.022,0.0,-300.0,run,0.8637467339867726,-369.0,-0.14,0.01,0.14,0.02,-0.083,-3.349,-1.196,0
left_kp0.0095_ki0.022_kd0_-300_r2,left,0.0095,0.022,0.0,-300.0,run,0.9302832870162092,-419.0,-0.17,-0.03,0.17,0.02,-0.08,-3.287,-1.04,0
left_kp0.0095_ki0.022_kd0_-300_r2,left,0.0095,0.022,0.0,-300.0,run,0.9971147109754384,-390.0,-0.17,-0.05,0.18,0.04,-0.076,-3.204,-0.659,0
left_kp0.0095_ki0.022_kd0_-300_r2,left,0.0095,0.022,0.0,-300.0,run,1.0635145480046049,-350.0,-0.1,-0.06,0.12,0.02,-0.074,-3.065,-0.75,0
left_kp0.0095_ki0.022_kd0_-300_r2,left,0.0095,0.022,0.0,-300.0,run,1.129992778005544,-329.0,-0.19,-0.08,0.2,0.02,-0.07,-2.944,-0.64,0
left_kp0.0095_ki0.022_kd0_-300_r2,left,0.0095,0.022,0.0,-300.0,run,1.1962225650204346,-311.0,-0.24,0.03,0.24,0.02,-0.069,-2.917,-0.455,0
left_kp0.0095_ki0.022_kd0_-300_r2,left,0.0095,0.022,0.0,0,stop,1.3730023056268692e-06,-289.0,-0.16,-0.05,0.17,0.04,-0.072,-3.025,-0.686,0
left_kp0.0095_ki0.022_kd0_-300_r2,left,0.0095,0.022,0.0,0,stop,0.07669400499435142,-288.0,-0.17,-0.04,0.17,0.04,-0.063,-2.663,-0.539,0
left_kp0.0095_ki0.022_kd0_-300_r2,left,0.0095,0.022,0.0,0,stop,0.1430536619736813,-259.0,-0.14,0.01,0.14,0.04,-0.056,-2.356,-0.461,0
left_kp0.0095_ki0.022_kd0_-300_r2,left,0.0095,0.022,0.0,0,stop,0.20936688600340858,-259.0,0.0,0.0,0.0,0.0,0.0,0.0,0.0,0
left_kp0.0095_ki0.022_kd0_-300_r2,left,0.0095,0.022,0.0,0,stop,0.2756101459963247,-259.0,0.0,0.0,0.0,0.0,0.0,0.0,0.0,0
left_kp0.0095_ki0.022_kd0_-300_r2,left,0.0095,0.022,0.0,0,stop,0.34324769699014723,-259.0,0.0,0.0,0.0,0.0,0.0,0.0,0.0,0
left_kp0.0095_ki0.022_kd0_-300_r2,left,0.0095,0.022,0.0,0,stop,0.4095995830139145,-259.0,0.0,0.0,0.0,0.0,0.0,0.0,0.0,0
left_kp0.0095_ki0.022_kd0_-300_r2,left,0.0095,0.022,0.0,0,stop,0.4759924070094712,-259.0,0.0,0.0,0.0,0.0,0.0,0.0,0.0,0
left_kp0.0095_ki0.022_kd0_-300_r2,left,0.0095,0.022,0.0,0,stop,0.5426030479720794,-259.0,0.0,0.0,0.0,0.0,0.0,0.0,0.0,0
left_kp0.0095_ki0.022_kd0_-300_r2,left,0.0095,0.022,0.0,0,stop,0.6089449530118145,-259.0,0.0,0.0,0.0,0.0,0.0,0.0,0.0,0
left_kp0.0095_ki0.022_kd0_-300_r2,left,0.0095,0.022,0.0,0,stop,0.6754025159752928,0.0,0.0,0.0,0.0,0.0,0.0,0.0,0.0,0
left_kp0.0095_ki0.022_kd0_+450_r1,left,0.0095,0.022,0.0,450.0,run,0.0003199119819328189,0.0,0.0,0.0,0.0,0.0,0.0,0.0,0.0,0
left_kp0.0095_ki0.022_kd0_+450_r1,left,0.0095,0.022,0.0,450.0,run,0.06681546097388491,0.0,-0.01,0.0,0.01,0.06,0.017,0.632,-0.388,0
left_kp0.0095_ki0.022_kd0_+450_r1,left,0.0095,0.022,0.0,450.0,run,0.13311231101397425,0.0,0.06,-0.01,0.06,0.08,0.034,1.407,-0.386,0
left_kp0.0095_ki0.022_kd0_+450_r1,left,0.0095,0.022,0.0,450.0,run,0.19932990800589323,0.0,0.13,-0.02,0.14,0.0,0.043,1.839,-0.174,0
left_kp0.0095_ki0.022_kd0_+450_r1,left,0.0095,0.022,0.0,450.0,run,0.26565859699621797,0.0,0.21,-0.02,0.21,0.1,0.049,2.089,0.101,0
left_kp0.0095_ki0.022_kd0_+450_r1,left,0.0095,0.022,0.0,450.0,run,0.3319657719694078,0.0,0.28,0.01,0.28,0.1,0.057,2.437,0.19,0
left_kp0.0095_ki0.022_kd0_+450_r1,left,0.0095,0.022,0.0,450.0,run,0.39826527796685696,15.0,0.33,0.06,0.34,0.06,0.068,2.915,0.096,0
left_kp0.0095_ki0.022_kd0_+450_r1,left,0.0095,0.022,0.0,450.0,run,0.46477333101211116,172.0,0.23,-0.02,0.24,0.08,0.084,3.572,-0.488,0
left_kp0.0095_ki0.022_kd0_+450_r1,left,0.0095,0.022,0.0,450.0,run,0.5311273189727217,414.0,0.1,0.02,0.1,0.04,0.083,3.419,-1.062,0
left_kp0.0095_ki0.022_kd0_+450_r1,left,0.0095,0.022,0.0,450.0,run,0.5974843979929574,438.0,0.16,-0.03,0.16,0.04,0.08,3.36,-0.627,0
left_kp0.0095_ki0.022_kd0_+450_r1,left,0.0095,0.022,0.0,450.0,run,0.6638520790147595,403.0,0.2,-0.03,0.2,0.04,0.081,3.36,-0.801,0
left_kp0.0095_ki0.022_kd0_+450_r1,left,0.0095,0.022,0.0,450.0,run,0.730085983988829,393.0,0.22,-0.03,0.22,0.36,0.076,3.239,-0.512,0
left_kp0.0095_ki0.022_kd0_+450_r1,left,0.0095,0.022,0.0,450.0,run,0.7963906350196339,374.0,0.19,0.0,0.19,0.06,0.08,3.364,-0.737,0
left_kp0.0095_ki0.022_kd0_+450_r1,left,0.0095,0.022,0.0,450.0,run,0.8627055069664493,380.0,0.16,0.0,0.16,0.06,0.08,3.356,-0.672,0
left_kp0.0095_ki0.022_kd0_+450_r1,left,0.0095,0.022,0.0,450.0,run,0.9288535880041309,396.0,0.21,0.03,0.22,0.02,0.081,3.388,-0.686,0
left_kp0.0095_ki0.022_kd0_+450_r1,left,0.0095,0.022,0.0,450.0,run,0.9951226529665291,400.0,0.16,-0.1,-0.19,-0.08,0.083,3.503,-0.721,0
left_kp0.0095_ki0.022_kd0_+450_r1,left,0.0095,0.022,0.0,450.0,run,1.0613422860042192,421.0,0.21,0.0,0.21,0.04,0.081,3.436,-0.619,0
left_kp0.0095_ki0.022_kd0_+450_r1,left,0.0095,0.022,0.0,450.0,run,1.128159704967402,413.0,0.25,0.02,0.25,0.08,0.081,3.38,-0.865,0
left_kp0.0095_ki0.022_kd0_+450_r1,left,0.0095,0.022,0.0,450.0,run,1.194522182981018,422.0,0.2,0.07,0.21,0.06,0.082,3.458,-0.67,0
left_kp0.0095_ki0.022_kd0_+450_r1,left,0.0095,0.022,0.0,0,stop,1.300009898841381e-06,408.0,0.23,-0.03,0.23,0.08,0.083,3.476,-0.83,0
left_kp0.0095_ki0.022_kd0_+450_r1,left,0.0095,0.022,0.0,0,stop,0.07622109696967527,413.0,0.18,0.01,0.18,0.02,0.078,3.291,-0.573,0
left_kp0.0095_ki0.022_kd0_+450_r1,left,0.0095,0.022,0.0,0,stop,0.14255945896729827,366.0,0.18,0.03,0.18,0.08,0.069,2.9,-0.678,0
left_kp0.0095_ki0.022_kd0_+450_r1,left,0.0095,0.022,0.0,0,stop,0.20890653098467737,342.0,0.11,-0.09,0.14,0.0,0.056,2.38,-0.091,0
left_kp0.0095_ki0.022_kd0_+450_r1,left,0.0095,0.022,0.0,0,stop,0.27522597002098337,288.0,0.0,0.0,0.0,0.0,0.0,0.0,0.0,0
left_kp0.0095_ki0.022_kd0_+450_r1,left,0.0095,0.022,0.0,0,stop,0.34154802199918777,288.0,0.0,0.0,0.0,0.0,0.0,0.0,0.0,0
left_kp0.0095_ki0.022_kd0_+450_r1,left,0.0095,0.022,0.0,0,stop,0.4080105950124562,288.0,0.0,0.0,0.0,0.0,0.0,0.0,0.0,0
left_kp0.0095_ki0.022_kd0_+450_r1,left,0.0095,0.022,0.0,0,stop,0.4743553610169329,288.0,0.0,0.0,0.0,0.0,0.0,0.0,0.0,0
left_kp0.0095_ki0.022_kd0_+450_r1,left,0.0095,0.022,0.0,0,stop,0.5409440349903889,288.0,0.0,0.0,0.0,0.0,0.0,0.0,0.0,0
left_kp0.0095_ki0.022_kd0_+450_r1,left,0.0095,0.022,0.0,0,stop,0.6073171260068193,288.0,0.0,0.0,0.0,0.0,0.0,0.0,0.0,0
left_kp0.0095_ki0.022_kd0_+450_r1,left,0.0095,0.022,0.0,0,stop,0.6737497160211205,288.0,0.0,0.0,0.0,0.0,0.0,0.0,0.0,0
left_kp0.0095_ki0.022_kd0_-450_r1,left,0.0095,0.022,0.0,-450.0,run,0.00012931798119097948,0.0,0.0,0.0,0.0,0.0,0.0,0.0,0.0,0
left_kp0.0095_ki0.022_kd0_-450_r1,left,0.0095,0.022,0.0,-450.0,run,0.06640815403079614,0.0,0.0,0.0,0.0,0.0,-0.003,-0.126,-0.077,0
left_kp0.0095_ki0.022_kd0_-450_r1,left,0.0095,0.022,0.0,-450.0,run,0.13277143897721544,0.0,-0.02,0.0,-0.03,-0.02,-0.026,-1.099,-0.214,0
left_kp0.0095_ki0.022_kd0_-450_r1,left,0.0095,0.022,0.0,-450.0,run,0.19910575699759647,0.0,-0.16,0.0,0.16,0.02,-0.039,-1.692,-0.075,0
left_kp0.0095_ki0.022_kd0_-450_r1,left,0.0095,0.022,0.0,-450.0,run,0.26543926302110776,0.0,-0.2,-0.05,0.21,0.1,-0.044,-1.866,0.072,0
left_kp0.0095_ki0.022_kd0_-450_r1,left,0.0095,0.022,0.0,-450.0,run,0.33175606798613444,0.0,-0.27,-0.06,-0.27,-0.02,-0.051,-2.185,-0.034,0
left_kp0.0095_ki0.022_kd0_-450_r1,left,0.0095,0.022,0.0,-450.0,run,0.39798983198124915,0.0,-0.31,0.04,0.31,0.02,-0.063,-2.681,-0.249,0
left_kp0.0095_ki0.022_kd0_-450_r1,left,0.0095,0.022,0.0,-450.0,run,0.4642601719824597,-31.0,-0.32,0.08,0.33,0.08,-0.083,-3.518,-0.493,0
left_kp0.0095_ki0.022_kd0_-450_r1,left,0.0095,0.022,0.0,-450.0,run,0.5305005849804729,-425.0,-0.26,0.02,0.26,0.18,-0.084,-3.397,-1.147,0
left_kp0.0095_ki0.022_kd0_-450_r1,left,0.0095,0.022,0.0,-450.0,run,0.5967161389999092,-446.0,-0.13,-0.05,0.14,0.02,-0.081,-3.475,-0.195,0
left_kp0.0095_ki0.022_kd0_-450_r1,left,0.0095,0.022,0.0,-450.0,run,0.6629994050017558,-428.0,-0.22,0.05,0.23,0.04,-0.081,-3.475,-0.238,0
left_kp0.0095_ki0.022_kd0_-450_r1,left,0.0095,0.022,0.0,-450.0,run,0.7292467150255106,-406.0,-0.23,0.0,0.23,0.02,-0.082,-3.533,-0.067,0
left_kp0.0095_ki0.022_kd0_-450_r1,left,0.0095,0.022,0.0,-450.0,run,0.7953777170041576,-426.0,-0.08,-0.05,0.1,0.06,-0.088,-3.755,-0.206,0
left_kp0.0095_ki0.022_kd0_-450_r1,left,0.0095,0.022,0.0,-450.0,run,0.8617280150065199,-434.0,-0.24,-0.03,0.25,0.06,-0.086,-3.675,-0.096,0
left_kp0.0095_ki0.022_kd0_-450_r1,left,0.0095,0.022,0.0,-450.0,run,0.9279492960195057,-441.0,-0.19,0.09,0.21,0.06,-0.086,-3.699,-0.225,0
left_kp0.0095_ki0.022_kd0_-450_r1,left,0.0095,0.022,0.0,-450.0,run,0.994210462027695,-440.0,-0.18,-0.08,0.2,0.06,-0.087,-3.718,-0.058,0
left_kp0.0095_ki0.022_kd0_-450_r1,left,0.0095,0.022,0.0,-450.0,run,1.060594940034207,-439.0,-0.17,0.07,0.19,0.06,-0.087,-3.728,-0.125,0
left_kp0.0095_ki0.022_kd0_-450_r1,left,0.0095,0.022,0.0,-450.0,run,1.126838059979491,-438.0,-0.16,-0.06,0.17,0.06,-0.086,-3.704,-0.152,0
left_kp0.0095_ki0.022_kd0_-450_r1,left,0.0095,0.022,0.0,-450.0,run,1.1931548719876446,-438.0,-0.19,0.05,0.19,0.28,-0.087,-3.712,-0.085,0
left_kp0.0095_ki0.022_kd0_-450_r1,left,0.0095,0.022,0.0,0,stop,1.2290547601878643e-06,-438.0,-0.16,-0.05,0.17,0.04,-0.087,-3.723,-0.168,0
left_kp0.0095_ki0.022_kd0_-450_r1,left,0.0095,0.022,0.0,0,stop,0.07621112302877009,-440.0,-0.14,0.07,-0.16,-0.02,-0.082,-3.533,-0.155,0
left_kp0.0095_ki0.022_kd0_-450_r1,left,0.0095,0.022,0.0,0,stop,0.14245750702684745,-403.0,-0.12,-0.02,-0.12,-0.02,-0.071,-3.031,-0.117,0
left_kp0.0095_ki0.022_kd0_-450_r1,left,0.0095,0.022,0.0,0,stop,0.20895955804735422,-325.0,-0.09,0.03,0.09,0.02,-0.057,-2.436,0.27,0
left_kp0.0095_ki0.022_kd0_-450_r1,left,0.0095,0.022,0.0,0,stop,0.2751569640240632,-325.0,0.0,0.0,0.0,0.0,0.0,0.0,0.0,0
left_kp0.0095_ki0.022_kd0_-450_r1,left,0.0095,0.022,0.0,0,stop,0.341453236003872,-325.0,0.0,0.0,0.0,0.0,0.0,0.0,0.0,0
left_kp0.0095_ki0.022_kd0_-450_r1,left,0.0095,0.022,0.0,0,stop,0.40777331101708114,-325.0,0.0,0.0,0.0,0.0,0.0,0.0,0.0,0
left_kp0.0095_ki0.022_kd0_-450_r1,left,0.0095,0.022,0.0,0,stop,0.47409370401874185,-325.0,0.0,0.0,0.0,0.0,0.0,0.0,0.0,0
left_kp0.0095_ki0.022_kd0_-450_r1,left,0.0095,0.022,0.0,0,stop,0.5405036580050364,-325.0,0.0,0.0,0.0,0.0,0.0,0.0,0.0,0
left_kp0.0095_ki0.022_kd0_-450_r1,left,0.0095,0.022,0.0,0,stop,0.6067387210205197,-325.0,0.0,0.0,0.0,0.0,0.0,0.0,0.0,0
left_kp0.0095_ki0.022_kd0_-450_r1,left,0.0095,0.022,0.0,0,stop,0.6730468100286089,-325.0,0.0,0.0,0.0,0.0,0.0,0.0,0.0,0
left_kp0.0095_ki0.022_kd0_+450_r2,left,0.0095,0.022,0.0,450.0,run,0.00014786497922614217,0.0,0.0,0.0,0.0,0.0,0.0,0.0,0.0,0
left_kp0.0095_ki0.022_kd0_+450_r2,left,0.0095,0.022,0.0,450.0,run,0.06635081797139719,0.0,-0.01,-0.01,0.02,0.02,0.01,0.337,-0.286,0
left_kp0.0095_ki0.022_kd0_+450_r2,left,0.0095,0.022,0.0,450.0,run,0.1324748569750227,0.0,0.06,0.01,0.07,0.08,0.03,1.19,-0.525,0
left_kp0.0095_ki0.022_kd0_+450_r2,left,0.0095,0.022,0.0,450.0,run,0.19881295796949416,0.0,0.13,-0.01,0.13,0.04,0.042,1.734,-0.511,0
left_kp0.0095_ki0.022_kd0_+450_r2,left,0.0095,0.022,0.0,450.0,run,0.2651695199892856,0.0,0.19,0.0,0.19,0.08,0.054,2.214,-0.605,0
left_kp0.0095_ki0.022_kd0_+450_r2,left,0.0095,0.022,0.0,450.0,run,0.3314033260103315,0.0,0.27,0.01,0.27,0.04,0.065,2.779,-0.096,0
left_kp0.0095_ki0.022_kd0_+450_r2,left,0.0095,0.022,0.0,450.0,run,0.39794984902255237,15.0,0.24,-0.08,0.25,0.02,0.076,3.24,-0.327,0
left_kp0.0095_ki0.022_kd0_+450_r2,left,0.0095,0.022,0.0,450.0,run,0.46450553002068773,321.0,0.13,0.0,0.13,0.06,0.082,3.436,-0.696,0
left_kp0.0095_ki0.022_kd0_+450_r2,left,0.0095,0.022,0.0,450.0,run,0.5309529299847782,389.0,0.23,-0.03,0.23,0.02,0.081,3.364,-0.857,0
left_kp0.0095_ki0.022_kd0_+450_r2,left,0.0095,0.022,0.0,450.0,run,0.5974601859925315,411.0,0.17,-0.01,0.17,0.08,0.076,3.192,-0.613,0
left_kp0.0095_ki0.022_kd0_+450_r2,left,0.0095,0.022,0.0,450.0,run,0.663815870997496,380.0,0.22,0.03,0.22,0.04,0.078,3.281,-0.707,0
left_kp0.0095_ki0.022_kd0_+450_r2,left,0.0095,0.022,0.0,450.0,run,0.7302195180091076,368.0,0.15,-0.01,0.15,0.04,0.077,3.243,-0.562,0
left_kp0.0095_ki0.022_kd0_+450_r2,left,0.0095,0.022,0.0,450.0,run,0.7965127169736661,366.0,0.19,0.03,0.19,0.02,0.077,3.262,-0.627,0
left_kp0.0095_ki0.022_kd0_+450_r2,left,0.0095,0.022,0.0,450.0,run,0.862873035017401,363.0,0.24,0.02,0.24,0.08,0.077,3.211,-0.785,0
left_kp0.0095_ki0.022_kd0_+450_r2,left,0.0095,0.022,0.0,450.0,run,0.9292158170137554,392.0,0.17,0.03,0.17,0.02,0.081,3.417,-0.613,0
left_kp0.0095_ki0.022_kd0_+450_r2,left,0.0095,0.022,0.0,450.0,run,0.9955255889799446,392.0,0.1,-0.04,0.11,0.02,0.084,3.511,-0.865,0
left_kp0.0095_ki0.022_kd0_+450_r2,left,0.0095,0.022,0.0,450.0,run,1.0618683020002209,421.0,0.25,-0.01,0.25,0.06,0.081,3.423,-0.648,0
left_kp0.0095_ki0.022_kd0_+450_r2,left,0.0095,0.022,0.0,450.0,run,1.1281387910130434,417.0,0.27,0.03,0.27,0.48,0.082,3.396,-0.833,0
left_kp0.0095_ki0.022_kd0_+450_r2,left,0.0095,0.022,0.0,450.0,run,1.19453728699591,435.0,0.24,0.0,0.24,0.04,0.082,3.455,-0.688,0
left_kp0.0095_ki0.022_kd0_+450_r2,left,0.0095,0.022,0.0,0,stop,1.293024979531765e-06,424.0,0.32,0.02,0.32,0.08,0.083,3.474,-0.774,0
left_kp0.0095_ki0.022_kd0_+450_r2,left,0.0095,0.022,0.0,0,stop,0.0764471460133791,421.0,0.13,-0.01,0.13,0.08,0.079,3.318,-0.699,0
left_kp0.0095_ki0.022_kd0_+450_r2,left,0.0095,0.022,0.0,0,stop,0.14276680100010708,385.0,0.1,0.01,0.1,0.16,0.071,2.972,-0.562,0
left_kp0.0095_ki0.022_kd0_+450_r2,left,0.0095,0.022,0.0,0,stop,0.2091399420169182,321.0,0.11,-0.02,0.11,0.02,0.054,2.291,-0.42,0
left_kp0.0095_ki0.022_kd0_+450_r2,left,0.0095,0.022,0.0,0,stop,0.27542115503456444,321.0,0.0,0.0,0.0,0.0,0.0,0.0,0.0,0
left_kp0.0095_ki0.022_kd0_+450_r2,left,0.0095,0.022,0.0,0,stop,0.3417421139893122,321.0,0.0,0.0,0.0,0.0,0.0,0.0,0.0,0
left_kp0.0095_ki0.022_kd0_+450_r2,left,0.0095,0.022,0.0,0,stop,0.4080969380447641,321.0,0.0,0.0,0.0,0.0,0.0,0.0,0.0,0
left_kp0.0095_ki0.022_kd0_+450_r2,left,0.0095,0.022,0.0,0,stop,0.4743998380145058,321.0,0.0,0.0,0.0,0.0,0.0,0.0,0.0,0
left_kp0.0095_ki0.022_kd0_+450_r2,left,0.0095,0.022,0.0,0,stop,0.5407454390078783,321.0,0.0,0.0,0.0,0.0,0.0,0.0,0.0,0
left_kp0.0095_ki0.022_kd0_+450_r2,left,0.0095,0.022,0.0,0,stop,0.6070872240234166,321.0,0.0,0.0,0.0,0.0,0.0,0.0,0.0,0
left_kp0.0095_ki0.022_kd0_+450_r2,left,0.0095,0.022,0.0,0,stop,0.6733773759915493,321.0,0.0,0.0,0.0,0.0,0.0,0.0,0.0,0
left_kp0.0095_ki0.022_kd0_-450_r2,left,0.0095,0.022,0.0,-450.0,run,0.0001185910077765584,0.0,0.0,0.0,0.0,0.0,0.0,0.0,0.0,0
left_kp0.0095_ki0.022_kd0_-450_r2,left,0.0095,0.022,0.0,-450.0,run,0.06631004804512486,0.0,0.0,0.0,0.0,0.0,-0.005,-0.214,0.08,0
left_kp0.0095_ki0.022_kd0_-450_r2,left,0.0095,0.022,0.0,-450.0,run,0.13268025300931185,0.0,-0.04,0.01,0.04,0.0,-0.025,-1.072,0.005,0
left_kp0.0095_ki0.022_kd0_-450_r2,left,0.0095,0.022,0.0,-450.0,run,0.19917590799741447,0.0,-0.14,0.01,0.14,0.06,-0.039,-1.664,-0.008,0
left_kp0.0095_ki0.022_kd0_-450_r2,left,0.0095,0.022,0.0,-450.0,run,0.2654701080173254,0.0,-0.21,0.0,0.21,0.0,-0.046,-1.983,-0.013,0
left_kp0.0095_ki0.022_kd0_-450_r2,left,0.0095,0.022,0.0,-450.0,run,0.33176647301297635,0.0,-0.17,-0.03,0.17,0.12,-0.062,-2.648,-0.278,0
left_kp0.0095_ki0.022_kd0_-450_r2,left,0.0095,0.022,0.0,-450.0,run,0.39805161603726447,-15.0,-0.32,0.07,0.33,0.08,-0.077,-3.299,-0.348,0
left_kp0.0095_ki0.022_kd0_-450_r2,left,0.0095,0.022,0.0,-450.0,run,0.4643635850516148,-318.0,-0.2,0.01,0.2,0.02,-0.081,-3.294,-1.077,0
left_kp0.0095_ki0.022_kd0_-450_r2,left,0.0095,0.022,0.0,-450.0,run,0.5305471020401455,-419.0,-0.2,-0.03,0.2,0.02,-0.079,-3.313,-0.721,0
left_kp0.0095_ki0.022_kd0_-450_r2,left,0.0095,0.022,0.0,-450.0,run,0.5968310390016995,-388.0,-0.23,0.07,0.24,0.06,-0.075,-3.141,-0.691,0
left_kp0.0095_ki0.022_kd0_-450_r2,left,0.0095,0.022,0.0,-450.0,run,0.6632206930080429,-352.0,-0.13,0.04,0.14,0.02,-0.076,-3.109,-0.919,0
left_kp0.0095_ki0.022_kd0_-450_r2,left,0.0095,0.022,0.0,-450.0,run,0.7295453380211256,-341.0,-0.25,-0.02,0.25,0.46,-0.078,-3.31,-0.45,0
left_kp0.0095_ki0.022_kd0_-450_r2,left,0.0095,0.022,0.0,-450.0,run,0.7962197880260646,-362.0,-0.29,0.01,0.29,0.08,-0.074,-3.053,-0.801,0
left_kp0.0095_ki0.022_kd0_-450_r2,left,0.0095,0.022,0.0,-450.0,run,0.8625284560257569,-363.0,-0.24,-0.07,0.25,0.06,-0.08,-3.38,-0.637,0
left_kp0.0095_ki0.022_kd0_-450_r2,left,0.0095,0.022,0.0,-450.0,run,0.928792983002495,-391.0,-0.3,0.09,0.32,0.02,-0.08,-3.342,-0.796,0
left_kp0.0095_ki0.022_kd0_-450_r2,left,0.0095,0.022,0.0,-450.0,run,0.9950697710155509,-396.0,-0.1,-0.07,0.12,0.08,-0.084,-3.498,-0.806,0
left_kp0.0095_ki0.022_kd0_-450_r2,left,0.0095,0.022,0.0,-450.0,run,1.0613162850495428,-405.0,-0.14,0.03,0.14,0.04,-0.084,-3.508,-0.745,0
left_kp0.0095_ki0.022_kd0_-450_r2,left,0.0095,0.022,0.0,-450.0,run,1.1275883210473694,-418.0,-0.15,0.02,0.15,0.04,-0.083,-3.401,-1.091,0
left_kp0.0095_ki0.022_kd0_-450_r2,left,0.0095,0.022,0.0,-450.0,run,1.194173994997982,-416.0,-0.3,0.0,0.3,0.08,-0.083,-3.484,-0.64,0
left_kp0.0095_ki0.022_kd0_-450_r2,left,0.0095,0.022,0.0,0,stop,1.202977728098631e-06,-432.0,-0.18,0.03,0.18,0.08,-0.083,-3.42,-1.042,0
left_kp0.0095_ki0.022_kd0_-450_r2,left,0.0095,0.022,0.0,0,stop,0.07651234499644488,-423.0,-0.23,0.05,0.23,0.08,-0.079,-3.345,-0.624,0
left_kp0.0095_ki0.022_kd0_-450_r2,left,0.0095,0.022,0.0,0,stop,0.1427612080005929,-404.0,-0.14,-0.02,0.14,0.04,-0.068,-2.785,-0.825,0
left_kp0.0095_ki0.022_kd0_-450_r2,left,0.0095,0.022,0.0,0,stop,0.2090585299883969,-323.0,-0.12,-0.12,0.17,0.2,-0.059,-2.498,-0.402,0
left_kp0.0095_ki0.022_kd0_-450_r2,left,0.0095,0.022,0.0,0,stop,0.27534886001376435,-251.0,0.0,0.0,0.0,0.0,0.0,0.0,0.0,0
left_kp0.0095_ki0.022_kd0_-450_r2,left,0.0095,0.022,0.0,0,stop,0.3420025589875877,-251.0,0.0,0.0,0.0,0.0,0.0,0.0,0.0,0
left_kp0.0095_ki0.022_kd0_-450_r2,left,0.0095,0.022,0.0,0,stop,0.4083164010080509,-251.0,0.0,0.0,0.0,0.0,0.0,0.0,0.0,0
left_kp0.0095_ki0.022_kd0_-450_r2,left,0.0095,0.022,0.0,0,stop,0.4746855989797041,-251.0,0.0,0.0,0.0,0.0,0.0,0.0,0.0,0
left_kp0.0095_ki0.022_kd0_-450_r2,left,0.0095,0.022,0.0,0,stop,0.5410729899886064,-251.0,0.0,0.0,0.0,0.0,0.0,0.0,0.0,0
left_kp0.0095_ki0.022_kd0_-450_r2,left,0.0095,0.022,0.0,0,stop,0.6074393939925358,-251.0,0.0,0.0,0.0,0.0,0.0,0.0,0.0,0
left_kp0.0095_ki0.022_kd0_-450_r2,left,0.0095,0.022,0.0,0,stop,0.6736195110133849,-251.0,0.0,0.0,0.0,0.0,0.0,0.0,0.0,0
left_kp0.009_ki0.02_kd0_+150_r1,left,0.009,0.02,0.0,150.0,run,9.66679654084146e-05,0.0,0.0,0.0,0.0,0.0,0.0,0.0,0.0,0
left_kp0.009_ki0.02_kd0_+150_r1,left,0.009,0.02,0.0,150.0,run,0.06615503900684416,0.0,0.0,0.01,0.01,0.0,0.011,0.311,-0.372,0
left_kp0.009_ki0.02_kd0_+150_r1,left,0.009,0.02,0.0,150.0,run,0.13226247997954488,0.0,0.04,0.0,0.04,0.06,0.028,1.094,-0.536,0
left_kp0.009_ki0.02_kd0_+150_r1,left,0.009,0.02,0.0,150.0,run,0.19844770297640935,0.0,0.07,-0.01,0.07,0.02,0.034,1.364,-0.568,0
left_kp0.009_ki0.02_kd0_+150_r1,left,0.009,0.02,0.0,150.0,run,0.2647446049959399,0.0,0.08,-0.01,0.08,0.04,0.034,1.458,-0.217,0
left_kp0.009_ki0.02_kd0_+150_r1,left,0.009,0.02,0.0,150.0,run,0.33102824800880626,0.0,0.09,0.0,-0.09,-0.02,0.036,1.531,0.171,0
left_kp0.009_ki0.02_kd0_+150_r1,left,0.009,0.02,0.0,150.0,run,0.39751209696987644,0.0,0.12,0.02,0.12,0.06,0.037,1.578,0.243,0
left_kp0.009_ki0.02_kd0_+150_r1,left,0.009,0.02,0.0,150.0,run,0.4638547889771871,0.0,0.11,0.0,0.11,0.46,0.038,1.611,0.276,0
left_kp0.009_ki0.02_kd0_+150_r1,left,0.009,0.02,0.0,150.0,run,0.5302220400189981,0.0,0.13,0.0,0.13,0.08,0.039,1.637,0.281,0
left_kp0.009_ki0.02_kd0_+150_r1,left,0.009,0.02,0.0,150.0,run,0.5966532799648121,0.0,0.13,0.0,-0.13,-0.02,0.04,1.67,0.289,0
left_kp0.009_ki0.02_kd0_+150_r1,left,0.009,0.02,0.0,150.0,run,0.6629834250197746,0.0,0.14,-0.01,0.14,0.08,0.04,1.696,0.294,0
left_kp0.009_ki0.02_kd0_+150_r1,left,0.009,0.02,0.0,150.0,run,0.7293048439896666,0.0,0.15,0.0,0.15,0.02,0.041,1.731,0.273,0
left_kp0.009_ki0.02_kd0_+150_r1,left,0.009,0.02,0.0,150.0,run,0.7957279569818638,0.0,0.17,0.01,0.17,0.0,0.042,1.777,0.241,0
left_kp0.009_ki0.02_kd0_+150_r1,left,0.009,0.02,0.0,150.0,run,0.8620803320081905,0.0,0.19,0.0,0.19,0.02,0.042,1.806,0.241,0
left_kp0.009_ki0.02_kd0_+150_r1,left,0.009,0.02,0.0,150.0,run,0.9283155819866806,0.0,0.19,0.0,0.19,0.04,0.044,1.873,0.251,0
left_kp0.009_ki0.02_kd0_+150_r1,left,0.009,0.02,0.0,150.0,run,0.994544421962928,0.0,0.16,-0.01,0.16,0.0,0.049,2.061,0.286,0
left_kp0.009_ki0.02_kd0_+150_r1,left,0.009,0.02,0.0,150.0,run,1.0607653320184909,0.0,0.17,-0.01,0.17,0.0,0.052,2.23,0.005,0
left_kp0.009_ki0.02_kd0_+150_r1,left,0.009,0.02,0.0,150.0,run,1.1273518590023741,0.0,0.17,0.04,0.17,0.06,0.051,2.184,0.193,0
left_kp0.009_ki0.02_kd0_+150_r1,left,0.009,0.02,0.0,150.0,run,1.1936499889707193,0.0,0.19,-0.04,-0.19,-0.06,0.054,2.291,0.386,0
left_kp0.009_ki0.02_kd0_+150_r1,left,0.009,0.02,0.0,0,stop,1.3599637895822525e-06,15.0,0.21,0.05,0.22,0.06,0.058,2.503,-0.032,0
left_kp0.009_ki0.02_kd0_+150_r1,left,0.009,0.02,0.0,0,stop,0.07652623800095171,37.0,0.0,0.0,0.0,0.0,0.0,0.0,0.0,0
left_kp0.009_ki0.02_kd0_+150_r1,left,0.009,0.02,0.0,0,stop,0.14276902796700597,128.0,0.0,0.0,0.0,0.0,0.0,0.0,0.0,0
left_kp0.009_ki0.02_kd0_+150_r1,left,0.009,0.02,0.0,0,stop,0.20906188001390547,128.0,0.0,0.0,0.0,0.0,0.0,0.0,0.0,0
left_kp0.009_ki0.02_kd0_+150_r1,left,0.009,0.02,0.0,0,stop,0.2754386509768665,128.0,0.0,0.0,0.0,0.0,0.0,0.0,0.0,0
left_kp0.009_ki0.02_kd0_+150_r1,left,0.009,0.02,0.0,0,stop,0.3417684669839218,128.0,0.0,0.0,0.0,0.0,0.0,0.0,0.0,0
left_kp0.009_ki0.02_kd0_+150_r1,left,0.009,0.02,0.0,0,stop,0.4080693519790657,128.0,0.0,0.0,0.0,0.0,0.0,0.0,0.0,0
left_kp0.009_ki0.02_kd0_+150_r1,left,0.009,0.02,0.0,0,stop,0.47451866196934134,128.0,0.0,0.0,0.0,0.0,0.0,0.0,0.0,0
left_kp0.009_ki0.02_kd0_+150_r1,left,0.009,0.02,0.0,0,stop,0.5409202619921416,128.0,0.0,0.0,0.0,0.0,0.0,0.0,0.0,0
left_kp0.009_ki0.02_kd0_+150_r1,left,0.009,0.02,0.0,0,stop,0.6072447070037015,0.0,0.0,0.0,0.0,0.0,0.0,0.0,0.0,0
left_kp0.009_ki0.02_kd0_+150_r1,left,0.009,0.02,0.0,0,stop,0.6735240829875693,0.0,0.0,0.0,0.0,0.0,0.0,0.0,0.0,0
left_kp0.009_ki0.02_kd0_-150_r1,left,0.009,0.02,0.0,-150.0,run,0.0001389780081808567,0.0,0.0,0.0,0.0,0.0,0.0,0.0,0.0,0
left_kp0.009_ki0.02_kd0_-150_r1,left,0.009,0.02,0.0,-150.0,run,0.06631928897695616,0.0,-0.02,0.03,0.04,0.0,0.012,0.109,-0.522,0
left_kp0.009_ki0.02_kd0_-150_r1,left,0.009,0.02,0.0,-150.0,run,0.13265142001910135,0.0,0.0,0.0,0.0,0.0,-0.023,-0.651,-0.724,0
left_kp0.009_ki0.02_kd0_-150_r1,left,0.009,0.02,0.0,-150.0,run,0.19899553997674957,0.0,-0.08,-0.01,0.08,0.0,-0.03,-1.161,-0.563,0
left_kp0.009_ki0.02_kd0_-150_r1,left,0.009,0.02,0.0,-150.0,run,0.2651525429682806,0.0,-0.1,-0.03,0.1,0.08,-0.032,-1.287,-0.504,0
left_kp0.009_ki0.02_kd0_-150_r1,left,0.009,0.02,0.0,-150.0,run,0.3314814559998922,0.0,-0.09,0.02,0.09,0.02,-0.034,-1.34,-0.531,0
left_kp0.009_ki0.02_kd0_-150_r1,left,0.009,0.02,0.0,-150.0,run,0.39775546098826453,0.0,-0.09,-0.02,0.1,0.06,-0.036,-1.477,-0.431,0
left_kp0.009_ki0.02_kd0_-150_r1,left,0.009,0.02,0.0,-150.0,run,0.4641637559980154,0.0,-0.12,-0.02,0.12,0.0,-0.037,-1.579,-0.131,0
left_kp0.009_ki0.02_kd0_-150_r1,left,0.009,0.02,0.0,-150.0,run,0.5304068140103482,0.0,-0.13,-0.01,0.13,0.1,-0.039,-1.668,0.075,0
left_kp0.009_ki0.02_kd0_-150_r1,left,0.009,0.02,0.0,-150.0,run,0.5965327830053866,0.0,-0.19,-0.01,0.19,0.04,-0.039,-1.665,0.093,0
left_kp0.009_ki0.02_kd0_-150_r1,left,0.009,0.02,0.0,-150.0,run,0.6627086880034767,0.0,-0.17,-0.01,0.17,0.02,-0.041,-1.737,0.101,0
left_kp0.009_ki0.02_kd0_-150_r1,left,0.009,0.02,0.0,-150.0,run,0.7290733850095421,0.0,-0.16,-0.01,0.16,0.1,-0.044,-1.885,0.099,0
left_kp0.009_ki0.02_kd0_-150_r1,left,0.009,0.02,0.0,-150.0,run,0.7953683569794521,0.0,-0.11,0.04,0.12,0.18,-0.047,-2.0,0.024,0
left_kp0.009_ki0.02_kd0_-150_r1,left,0.009,0.02,0.0,-150.0,run,0.861743604997173,0.0,-0.19,-0.03,0.19,0.0,-0.045,-1.947,-0.04,0
left_kp0.009_ki0.02_kd0_-150_r1,left,0.009,0.02,0.0,-150.0,run,0.928081089979969,0.0,-0.2,0.01,0.2,0.08,-0.044,-1.898,0.093,0
left_kp0.009_ki0.02_kd0_-150_r1,left,0.009,0.02,0.0,-150.0,run,0.9942928699892946,0.0,-0.22,0.01,0.22,0.0,-0.044,-1.863,0.168,0
left_kp0.009_ki0.02_kd0_-150_r1,left,0.009,0.02,0.0,-150.0,run,1.0606067790067755,0.0,-0.19,0.0,0.19,0.0,-0.046,-1.949,0.187,0
left_kp0.009_ki0.02_kd0_-150_r1,left,0.009,0.02,0.0,-150.0,run,1.1270508489687927,0.0,-0.24,0.02,0.24,0.18,-0.048,-2.07,0.093,0
left_kp0.009_ki0.02_kd0_-150_r1,left,0.009,0.02,0.0,-150.0,run,1.1934694119845517,0.0,-0.23,-0.03,0.24,0.1,-0.053,-2.247,0.276,0
left_kp0.009_ki0.02_kd0_-150_r1,left,0.009,0.02,0.0,0,stop,1.3730023056268692e-06,-15.0,-0.2,0.0,0.2,0.0,-0.059,-2.542,0.142,0
left_kp0.009_ki0.02_kd0_-150_r1,left,0.009,0.02,0.0,0,stop,0.0763703070115298,-78.0,0.0,0.0,0.0,0.0,0.0,0.0,0.0,0
left_kp0.009_ki0.02_kd0_-150_r1,left,0.009,0.02,0.0,0,stop,0.14291359804337844,-78.0,0.0,0.0,0.0,0.0,0.0,0.0,0.0,0
left_kp0.009_ki0.02_kd0_-150_r1,left,0.009,0.02,0.0,0,stop,0.20921625703340396,-78.0,0.0,0.0,0.0,0.0,0.0,0.0,0.0,0
left_kp0.009_ki0.02_kd0_-150_r1,left,0.009,0.02,0.0,0,stop,0.27561213000444695,-78.0,0.0,0.0,0.0,0.0,0.0,0.0,0.0,0
left_kp0.009_ki0.02_kd0_-150_r1,left,0.009,0.02,0.0,0,stop,0.34196418203646317,-78.0,0.0,0.0,0.0,0.0,0.0,0.0,0.0,0
left_kp0.009_ki0.02_kd0_-150_r1,left,0.009,0.02,0.0,0,stop,0.40829596703406423,-78.0,0.0,0.0,0.0,0.0,0.0,0.0,0.0,0
left_kp0.009_ki0.02_kd0_-150_r1,left,0.009,0.02,0.0,0,stop,0.4746088820393197,-78.0,0.0,0.0,0.0,0.0,0.0,0.0,0.0,0
left_kp0.009_ki0.02_kd0_-150_r1,left,0.009,0.02,0.0,0,stop,0.5409203710150905,-78.0,0.0,0.0,0.0,0.0,0.0,0.0,0.0,0
left_kp0.009_ki0.02_kd0_-150_r1,left,0.009,0.02,0.0,0,stop,0.6074730920372531,0.0,0.0,0.0,0.0,0.0,0.0,0.0,0.0,0
left_kp0.009_ki0.02_kd0_-150_r1,left,0.009,0.02,0.0,0,stop,0.6738204960129224,0.0,0.0,0.0,0.0,0.0,0.0,0.0,0.0,0
left_kp0.009_ki0.02_kd0_+150_r2,left,0.009,0.02,0.0,150.0,run,0.00012805801816284657,0.0,0.0,0.0,0.0,0.0,0.0,0.0,0.0,0
left_kp0.009_ki0.02_kd0_+150_r2,left,0.009,0.02,0.0,150.0,run,0.06652374903205782,0.0,0.0,0.01,0.01,0.06,0.012,0.316,-0.423,0
left_kp0.009_ki0.02_kd0_+150_r2,left,0.009,0.02,0.0,150.0,run,0.13283725403016433,0.0,0.05,0.02,0.06,0.06,0.029,1.11,-0.544,0
left_kp0.009_ki0.02_kd0_+150_r2,left,0.009,0.02,0.0,150.0,run,0.19914650003192946,0.0,0.06,-0.02,0.07,0.08,0.035,1.394,-0.565,0
left_kp0.009_ki0.02_kd0_+150_r2,left,0.009,0.02,0.0,150.0,run,0.26552532298956066,0.0,0.09,0.0,0.09,0.0,0.035,1.397,-0.579,0
left_kp0.009_ki0.02_kd0_+150_r2,left,0.009,0.02,0.0,150.0,run,0.331840144994203,0.0,0.1,-0.01,0.1,0.08,0.036,1.437,-0.555,0
left_kp0.009_ki0.02_kd0_+150_r2,left,0.009,0.02,0.0,150.0,run,0.3981389270047657,0.0,0.12,0.01,0.12,0.04,0.037,1.469,-0.549,0
left_kp0.009_ki0.02_kd0_+150_r2,left,0.009,0.02,0.0,150.0,run,0.46445695200236514,0.0,0.11,-0.03,0.11,0.02,0.037,1.509,-0.522,0
left_kp0.009_ki0.02_kd0_+150_r2,left,0.009,0.02,0.0,150.0,run,0.5311383249936625,0.0,0.13,-0.04,0.14,0.06,0.038,1.619,0.024,0
left_kp0.009_ki0.02_kd0_+150_r2,left,0.009,0.02,0.0,150.0,run,0.5973486350267194,0.0,0.13,0.01,0.13,0.04,0.039,1.676,0.241,0
left_kp0.009_ki0.02_kd0_+150_r2,left,0.009,0.02,0.0,150.0,run,0.6635909380274825,0.0,0.15,-0.02,0.15,0.32,0.04,1.7,0.297,0
left_kp0.009_ki0.02_kd0_+150_r2,left,0.009,0.02,0.0,150.0,run,0.729799538035877,0.0,0.16,0.0,0.16,0.1,0.04,1.705,0.284,0
left_kp0.009_ki0.02_kd0_+150_r2,left,0.009,0.02,0.0,150.0,run,0.7961682060267776,0.0,0.18,-0.01,0.18,0.04,0.041,1.721,0.321,0
left_kp0.009_ki0.02_kd0_+150_r2,left,0.009,0.02,0.0,150.0,run,0.862544980016537,0.0,0.18,-0.01,0.18,0.1,0.042,1.764,0.303,0
left_kp0.009_ki0.02_kd0_+150_r2,left,0.009,0.02,0.0,150.0,run,0.9288217659923248,0.0,0.19,-0.01,0.19,0.46,0.042,1.794,0.311,0
left_kp0.009_ki0.02_kd0_+150_r2,left,0.009,0.02,0.0,150.0,run,0.9951417340198532,0.0,0.19,0.0,0.19,0.04,0.044,1.874,0.284,0
left_kp0.009_ki0.02_kd0_+150_r2,left,0.009,0.02,0.0,150.0,run,1.06183206604328,0.0,0.18,0.04,0.18,0.02,0.047,2.019,0.249,0
left_kp0.009_ki0.02_kd0_+150_r2,left,0.009,0.02,0.0,150.0,run,1.128144255024381,0.0,0.26,-0.01,0.26,0.02,0.052,2.231,0.077,0
left_kp0.009_ki0.02_kd0_+150_r2,left,0.009,0.02,0.0,150.0,run,1.194465656997636,0.0,0.23,-0.01,0.23,0.0,0.054,2.319,0.152,0
left_kp0.009_ki0.02_kd0_+150_r2,left,0.009,0.02,0.0,0,stop,1.3459939509630203e-06,0.0,0.24,0.0,0.24,0.0,0.059,2.518,0.308,0
left_kp0.009_ki0.02_kd0_+150_r2,left,0.009,0.02,0.0,0,stop,0.07639144599670544,46.0,0.0,0.0,0.0,0.0,0.0,0.0,0.0,0
left_kp0.009_ki0.02_kd0_+150_r2,left,0.009,0.02,0.0,0,stop,0.14285720203770325,46.0,0.0,0.0,0.0,0.0,0.0,0.0,0.0,0
left_kp0.009_ki0.02_kd0_+150_r2,left,0.009,0.02,0.0,0,stop,0.20919150701956823,46.0,0.0,0.0,0.0,0.0,0.0,0.0,0.0,0
left_kp0.009_ki0.02_kd0_+150_r2,left,0.009,0.02,0.0,0,stop,0.27550020901253447,46.0,0.0,0.0,0.0,0.0,0.0,0.0,0.0,0
left_kp0.009_ki0.02_kd0_+150_r2,left,0.009,0.02,0.0,0,stop,0.34183257701806724,46.0,0.0,0.0,0.0,0.0,0.0,0.0,0.0,0
left_kp0.009_ki0.02_kd0_+150_r2,left,0.009,0.02,0.0,0,stop,0.4081712280167267,46.0,0.0,0.0,0.0,0.0,0.0,0.0,0.0,0
left_kp0.009_ki0.02_kd0_+150_r2,left,0.009,0.02,0.0,0,stop,0.47445356799289584,46.0,0.0,0.0,0.0,0.0,0.0,0.0,0.0,0
left_kp0.009_ki0.02_kd0_+150_r2,left,0.009,0.02,0.0,0,stop,0.5407653260044754,46.0,0.0,0.0,0.0,0.0,0.0,0.0,0.0,0
left_kp0.009_ki0.02_kd0_+150_r2,left,0.009,0.02,0.0,0,stop,0.6071458859951235,0.0,0.0,0.0,0.0,0.0,0.0,0.0,0.0,0
left_kp0.009_ki0.02_kd0_+150_r2,left,0.009,0.02,0.0,0,stop,0.6734565880033188,0.0,0.0,0.0,0.0,0.0,0.0,0.0,0.0,0
left_kp0.009_ki0.02_kd0_-150_r2,left,0.009,0.02,0.0,-150.0,run,0.00017886003479361534,0.0,0.0,0.0,0.0,0.0,0.0,0.0,0.0,0
left_kp0.009_ki0.02_kd0_-150_r2,left,0.009,0.02,0.0,-150.0,run,0.0663928430294618,0.0,0.0,0.02,-0.02,-0.02,-0.007,-0.286,-0.096,0
left_kp0.009_ki0.02_kd0_-150_r2,left,0.009,0.02,0.0,-150.0,run,0.13265122601296753,0.0,-0.05,-0.03,0.06,0.04,-0.025,-1.072,-0.064,0
left_kp0.009_ki0.02_kd0_-150_r2,left,0.009,0.02,0.0,-150.0,run,0.19873619201825932,0.0,-0.04,0.0,0.04,0.0,-0.033,-1.407,0.236,0
left_kp0.009_ki0.02_kd0_-150_r2,left,0.009,0.02,0.0,-150.0,run,0.26507330703316256,0.0,-0.05,0.0,0.05,0.04,-0.034,-1.426,0.348,0
left_kp0.009_ki0.02_kd0_-150_r2,left,0.009,0.02,0.0,-150.0,run,0.3313543720287271,0.0,-0.08,0.0,0.08,0.0,-0.036,-1.48,0.364,0
left_kp0.009_ki0.02_kd0_-150_r2,left,0.009,0.02,0.0,-150.0,run,0.39789089100668207,0.0,-0.09,0.0,0.09,0.08,-0.036,-1.504,0.375,0
left_kp0.009_ki0.02_kd0_-150_r2,left,0.009,0.02,0.0,-150.0,run,0.46416546002728865,0.0,-0.11,0.0,0.11,0.0,-0.038,-1.576,0.362,0
left_kp0.009_ki0.02_kd0_-150_r2,left,0.009,0.02,0.0,-150.0,run,0.5304808469954878,0.0,-0.11,0.0,0.11,0.0,-0.038,-1.576,0.378,0
left_kp0.009_ki0.02_kd0_-150_r2,left,0.009,0.02,0.0,-150.0,run,0.5968006130424328,0.0,-0.16,0.0,0.16,0.02,-0.039,-1.619,0.37,0
left_kp0.009_ki0.02_kd0_-150_r2,left,0.009,0.02,0.0,-150.0,run,0.6636153060244396,0.0,-0.13,0.0,0.13,0.06,-0.04,-1.678,0.351,0
left_kp0.009_ki0.02_kd0_-150_r2,left,0.009,0.02,0.0,-150.0,run,0.7298337499960326,0.0,-0.18,0.0,0.18,0.0,-0.04,-1.684,0.367,0
left_kp0.009_ki0.02_kd0_-150_r2,left,0.009,0.02,0.0,-150.0,run,0.796195873990655,0.0,-0.18,0.0,0.18,0.02,-0.041,-1.705,0.356,0
left_kp0.009_ki0.02_kd0_-150_r2,left,0.009,0.02,0.0,-150.0,run,0.8626141670392826,0.0,-0.15,0.01,0.15,0.04,-0.042,-1.764,0.354,0
left_kp0.009_ki0.02_kd0_-150_r2,left,0.009,0.02,0.0,-150.0,run,0.9290622459957376,0.0,-0.18,0.0,0.18,0.08,-0.042,-1.764,0.364,0
left_kp0.009_ki0.02_kd0_-150_r2,left,0.009,0.02,0.0,-150.0,run,0.9953001830144785,0.0,-0.22,0.0,0.22,0.12,-0.042,-1.78,0.356,0
left_kp0.009_ki0.02_kd0_-150_r2,left,0.009,0.02,0.0,-150.0,run,1.0616277750232257,0.0,-0.21,0.01,0.21,0.0,-0.043,-1.81,0.337,0
left_kp0.009_ki0.02_kd0_-150_r2,left,0.009,0.02,0.0,-150.0,run,1.1279730360256508,0.0,-0.2,0.0,0.2,0.08,-0.044,-1.839,0.364,0
left_kp0.009_ki0.02_kd0_-150_r2,left,0.009,0.02,0.0,-150.0,run,1.1941942290286534,0.0,-0.22,0.0,0.22,0.02,-0.044,-1.858,0.364,0
left_kp0.009_ki0.02_kd0_-150_r2,left,0.009,0.02,0.0,0,stop,1.2969831004738808e-06,0.0,-0.25,-0.01,0.25,0.06,-0.044,-1.869,0.367,0
left_kp0.009_ki0.02_kd0_-150_r2,left,0.009,0.02,0.0,0,stop,0.07651780796004459,0.0,0.0,0.0,0.0,0.0,0.0,0.0,0.0,0
left_kp0.009_ki0.02_kd0_-150_r2,left,0.009,0.02,0.0,0,stop,0.14278802095213905,0.0,0.0,0.0,0.0,0.0,0.0,0.0,0.0,0
left_kp0.009_ki0.02_kd0_-150_r2,left,0.009,0.02,0.0,0,stop,0.2090744359884411,0.0,0.0,0.0,0.0,0.0,0.0,0.0,0.0,0
left_kp0.009_ki0.02_kd0_-150_r2,left,0.009,0.02,0.0,0,stop,0.27552242897218093,0.0,0.0,0.0,0.0,0.0,0.0,0.0,0.0,0
left_kp0.009_ki0.02_kd0_-150_r2,left,0.009,0.02,0.0,0,stop,0.34161835798295215,0.0,0.0,0.0,0.0,0.0,0.0,0.0,0.0,0
left_kp0.009_ki0.02_kd0_-150_r2,left,0.009,0.02,0.0,0,stop,0.4078055279678665,0.0,0.0,0.0,0.0,0.0,0.0,0.0,0.0,0
left_kp0.009_ki0.02_kd0_-150_r2,left,0.009,0.02,0.0,0,stop,0.47409904695814475,0.0,0.0,0.0,0.0,0.0,0.0,0.0,0.0,0
left_kp0.009_ki0.02_kd0_-150_r2,left,0.009,0.02,0.0,0,stop,0.5404390049516223,0.0,0.0,0.0,0.0,0.0,0.0,0.0,0.0,0
left_kp0.009_ki0.02_kd0_-150_r2,left,0.009,0.02,0.0,0,stop,0.6067162469844334,0.0,0.0,0.0,0.0,0.0,0.0,0.0,0.0,0
left_kp0.009_ki0.02_kd0_-150_r2,left,0.009,0.02,0.0,0,stop,0.6730339689529501,0.0,0.0,0.0,0.0,0.0,0.0,0.0,0.0,0
left_kp0.009_ki0.02_kd0_+300_r1,left,0.009,0.02,0.0,300.0,run,0.0001326279598288238,0.0,0.0,0.0,0.0,0.0,0.0,0.0,0.0,0
left_kp0.009_ki0.02_kd0_+300_r1,left,0.009,0.02,0.0,300.0,run,0.06635447696316987,0.0,0.01,0.0,0.01,0.0,0.004,0.072,-0.155,0
left_kp0.009_ki0.02_kd0_+300_r1,left,0.009,0.02,0.0,300.0,run,0.13269150198902935,0.0,0.0,0.04,0.04,0.0,0.023,0.938,-0.34,0
left_kp0.009_ki0.02_kd0_+300_r1,left,0.009,0.02,0.0,300.0,run,0.1988062429591082,0.0,0.17,-0.02,0.17,0.12,0.038,1.627,-0.246,0
left_kp0.009_ki0.02_kd0_+300_r1,left,0.009,0.02,0.0,300.0,run,0.2651867079548538,0.0,0.16,0.01,0.16,0.06,0.042,1.77,-0.27,0
left_kp0.009_ki0.02_kd0_+300_r1,left,0.009,0.02,0.0,300.0,run,0.3314736729953438,0.0,0.23,0.01,-0.23,-0.02,0.042,1.775,-0.295,0
left_kp0.009_ki0.02_kd0_+300_r1,left,0.009,0.02,0.0,300.0,run,0.3980573029839434,0.0,0.22,0.0,0.22,0.04,0.043,1.842,-0.297,0
left_kp0.009_ki0.02_kd0_+300_r1,left,0.009,0.02,0.0,300.0,run,0.4643063559778966,0.0,0.22,0.0,0.22,0.42,0.045,1.906,-0.297,0
left_kp0.009_ki0.02_kd0_+300_r1,left,0.009,0.02,0.0,300.0,run,0.5305318660102785,0.0,0.22,0.0,-0.22,-0.02,0.049,2.102,-0.244,0
left_kp0.009_ki0.02_kd0_+300_r1,left,0.009,0.02,0.0,300.0,run,0.5968018879648298,0.0,0.22,0.02,0.22,0.0,0.059,2.518,-0.329,0
left_kp0.009_ki0.02_kd0_+300_r1,left,0.009,0.02,0.0,300.0,run,0.6632201579632238,0.0,0.25,-0.07,0.25,0.08,0.073,3.137,-0.128,0
left_kp0.009_ki0.02_kd0_+300_r1,left,0.009,0.02,0.0,300.0,run,0.7294540539733134,75.0,0.22,0.0,0.22,0.02,0.076,3.199,-0.697,0
left_kp0.009_ki0.02_kd0_+300_r1,left,0.009,0.02,0.0,300.0,run,0.7956839909893461,334.0,0.2,0.04,0.2,0.04,0.076,3.18,-0.635,0
left_kp0.009_ki0.02_kd0_+300_r1,left,0.009,0.02,0.0,300.0,run,0.8621101370081306,352.0,0.15,0.06,0.16,0.04,0.072,3.014,-0.59,0
left_kp0.009_ki0.02_kd0_+300_r1,left,0.009,0.02,0.0,300.0,run,0.9285112639772706,323.0,0.13,0.0,0.13,0.02,0.067,2.809,-0.522,0
left_kp0.009_ki0.02_kd0_+300_r1,left,0.009,0.02,0.0,300.0,run,0.9950907090096734,305.0,0.21,0.03,-0.21,-0.02,0.065,2.763,-0.394,0
left_kp0.009_ki0.02_kd0_+300_r1,left,0.009,0.02,0.0,300.0,run,1.0613378169946373,264.0,0.18,-0.04,0.19,0.0,0.067,2.878,-0.206,0
left_kp0.009_ki0.02_kd0_+300_r1,left,0.009,0.02,0.0,300.0,run,1.1276290359674022,253.0,0.16,0.0,0.16,0.02,0.063,2.653,-0.415,0
left_kp0.009_ki0.02_kd0_+300_r1,left,0.009,0.02,0.0,300.0,run,1.1938876889762469,250.0,0.16,0.03,0.17,0.02,0.067,2.852,-0.418,0
left_kp0.009_ki0.02_kd0_+300_r1,left,0.009,0.02,0.0,0,stop,1.929991412907839e-06,245.0,0.2,0.0,0.2,0.06,0.07,2.988,-0.246,0
left_kp0.009_ki0.02_kd0_+300_r1,left,0.009,0.02,0.0,0,stop,0.07652221398893744,268.0,0.21,0.0,0.21,0.04,0.062,2.621,-0.356,0
left_kp0.009_ki0.02_kd0_+300_r1,left,0.009,0.02,0.0,0,stop,0.1428133100271225,255.0,0.1,0.02,0.11,0.04,0.053,2.219,-0.396,0
left_kp0.009_ki0.02_kd0_+300_r1,left,0.009,0.02,0.0,0,stop,0.20913916500285268,255.0,0.0,0.0,0.0,0.0,0.0,0.0,0.0,0
left_kp0.009_ki0.02_kd0_+300_r1,left,0.009,0.02,0.0,0,stop,0.27537505998043343,255.0,0.0,0.0,0.0,0.0,0.0,0.0,0.0,0
left_kp0.009_ki0.02_kd0_+300_r1,left,0.009,0.02,0.0,0,stop,0.34169074200326577,255.0,0.0,0.0,0.0,0.0,0.0,0.0,0.0,0
left_kp0.009_ki0.02_kd0_+300_r1,left,0.009,0.02,0.0,0,stop,0.4079393490101211,255.0,0.0,0.0,0.0,0.0,0.0,0.0,0.0,0
left_kp0.009_ki0.02_kd0_+300_r1,left,0.009,0.02,0.0,0,stop,0.474199783988297,255.0,0.0,0.0,0.0,0.0,0.0,0.0,0.0,0
left_kp0.009_ki0.02_kd0_+300_r1,left,0.009,0.02,0.0,0,stop,0.5402641179971397,255.0,0.0,0.0,0.0,0.0,0.0,0.0,0.0,0
left_kp0.009_ki0.02_kd0_+300_r1,left,0.009,0.02,0.0,0,stop,0.6063336270162836,255.0,0.0,0.0,0.0,0.0,0.0,0.0,0.0,0
left_kp0.009_ki0.02_kd0_+300_r1,left,0.009,0.02,0.0,0,stop,0.6725433749961667,0.0,0.0,0.0,0.0,0.0,0.0,0.0,0.0,0
left_kp0.009_ki0.02_kd0_-300_r1,left,0.009,0.02,0.0,-300.0,run,0.00014028401346877217,0.0,0.0,0.0,0.0,0.0,0.0,0.0,0.0,0
left_kp0.009_ki0.02_kd0_-300_r1,left,0.009,0.02,0.0,-300.0,run,0.06634280103025958,0.0,0.0,0.02,0.02,0.0,-0.006,-0.262,-0.016,0
left_kp0.009_ki0.02_kd0_-300_r1,left,0.009,0.02,0.0,-300.0,run,0.13271119102137163,0.0,-0.01,-0.02,0.02,0.08,-0.027,-1.174,-0.01,0
left_kp0.009_ki0.02_kd0_-300_r1,left,0.009,0.02,0.0,-300.0,run,0.19903736299602315,0.0,-0.14,-0.01,0.14,0.0,-0.038,-1.63,0.024,0
left_kp0.009_ki0.02_kd0_-300_r1,left,0.009,0.02,0.0,-300.0,run,0.26529040199238807,0.0,-0.15,-0.02,0.15,0.0,-0.039,-1.673,0.026,0
left_kp0.009_ki0.02_kd0_-300_r1,left,0.009,0.02,0.0,-300.0,run,0.3315507079823874,0.0,-0.19,0.0,0.19,0.12,-0.04,-1.694,0.026,0
left_kp0.009_ki0.02_kd0_-300_r1,left,0.009,0.02,0.0,-300.0,run,0.3979128790087998,0.0,-0.23,0.0,0.23,0.08,-0.04,-1.727,0.088,0
left_kp0.009_ki0.02_kd0_-300_r1,left,0.009,0.02,0.0,-300.0,run,0.46425919397734106,0.0,-0.25,0.0,0.25,0.0,-0.043,-1.826,0.131,0
left_kp0.009_ki0.02_kd0_-300_r1,left,0.009,0.02,0.0,-300.0,run,0.530519156018272,0.0,-0.25,0.02,0.25,0.46,-0.045,-1.933,0.083,0
left_kp0.009_ki0.02_kd0_-300_r1,left,0.009,0.02,0.0,-300.0,run,0.5967245330102742,0.0,-0.24,0.03,0.24,0.06,-0.054,-2.311,0.016,0
left_kp0.009_ki0.02_kd0_-300_r1,left,0.009,0.02,0.0,-300.0,run,0.6629658350138925,0.0,-0.26,0.03,-0.26,-0.02,-0.068,-2.92,-0.15,0
left_kp0.009_ki0.02_kd0_-300_r1,left,0.009,0.02,0.0,-300.0,run,0.7292298779939301,-25.0,-0.31,0.0,0.31,0.08,-0.081,-3.464,-0.354,0
left_kp0.009_ki0.02_kd0_-300_r1,left,0.009,0.02,0.0,-300.0,run,0.7955047499854118,-363.0,-0.12,-0.03,0.12,0.0,-0.075,-3.073,-0.946,0
left_kp0.009_ki0.02_kd0_-300_r1,left,0.009,0.02,0.0,-300.0,run,0.8618039750144817,-373.0,-0.12,-0.04,0.13,0.0,-0.07,-2.96,-0.496,0
left_kp0.009_ki0.02_kd0_-300_r1,left,0.009,0.02,0.0,-300.0,run,0.928048426983878,-312.0,-0.17,-0.06,0.18,0.04,-0.066,-2.775,-0.563,0
left_kp0.009_ki0.02_kd0_-300_r1,left,0.009,0.02,0.0,-300.0,run,0.9945148529950529,-267.0,-0.22,0.0,0.22,0.0,-0.061,-2.574,-0.472,0
left_kp0.009_ki0.02_kd0_-300_r1,left,0.009,0.02,0.0,-300.0,run,1.061432272021193,-244.0,-0.19,-0.01,0.19,0.0,-0.062,-2.636,-0.308,0
left_kp0.009_ki0.02_kd0_-300_r1,left,0.009,0.02,0.0,-300.0,run,1.127929677022621,-230.0,-0.17,0.03,0.17,0.04,-0.068,-2.866,-0.413,0
left_kp0.009_ki0.02_kd0_-300_r1,left,0.009,0.02,0.0,-300.0,run,1.1941485370043665,-233.0,-0.24,0.06,0.25,0.02,-0.069,-2.942,-0.375,0
left_kp0.009_ki0.02_kd0_-300_r1,left,0.009,0.02,0.0,0,stop,1.1569936759769917e-06,-263.0,-0.22,-0.01,0.22,0.04,-0.066,-2.781,-0.445,0
left_kp0.009_ki0.02_kd0_-300_r1,left,0.009,0.02,0.0,0,stop,0.07656059297733009,-268.0,-0.14,-0.01,0.14,0.04,-0.066,-2.799,-0.367,0
left_kp0.009_ki0.02_kd0_-300_r1,left,0.009,0.02,0.0,0,stop,0.14293090801220387,-250.0,-0.1,-0.02,0.11,0.02,-0.057,-2.411,-0.461,0
left_kp0.009_ki0.02_kd0_-300_r1,left,0.009,0.02,0.0,0,stop,0.2093124280218035,-250.0,0.0,0.0,0.0,0.0,0.0,0.0,0.0,0
left_kp0.009_ki0.02_kd0_-300_r1,left,0.009,0.02,0.0,0,stop,0.2760964980116114,-250.0,0.0,0.0,0.0,0.0,0.0,0.0,0.0,0
left_kp0.009_ki0.02_kd0_-300_r1,left,0.009,0.02,0.0,0,stop,0.34234887798083946,-250.0,0.0,0.0,0.0,0.0,0.0,0.0,0.0,0
left_kp0.009_ki0.02_kd0_-300_r1,left,0.009,0.02,0.0,0,stop,0.4085506810224615,-250.0,0.0,0.0,0.0,0.0,0.0,0.0,0.0,0
left_kp0.009_ki0.02_kd0_-300_r1,left,0.009,0.02,0.0,0,stop,0.4748620860045776,-250.0,0.0,0.0,0.0,0.0,0.0,0.0,0.0,0
left_kp0.009_ki0.02_kd0_-300_r1,left,0.009,0.02,0.0,0,stop,0.5412118840031326,-250.0,0.0,0.0,0.0,0.0,0.0,0.0,0.0,0
left_kp0.009_ki0.02_kd0_-300_r1,left,0.009,0.02,0.0,0,stop,0.6075396449887194,-250.0,0.0,0.0,0.0,0.0,0.0,0.0,0.0,0
left_kp0.009_ki0.02_kd0_-300_r1,left,0.009,0.02,0.0,0,stop,0.673835797002539,0.0,0.0,0.0,0.0,0.0,0.0,0.0,0.0,0
left_kp0.009_ki0.02_kd0_+300_r2,left,0.009,0.02,0.0,300.0,run,0.00013600097736343741,0.0,0.0,0.0,0.0,0.0,0.0,0.0,0.0,0
left_kp0.009_ki0.02_kd0_+300_r2,left,0.009,0.02,0.0,300.0,run,0.06631169497268274,0.0,0.05,0.0,0.05,0.02,-0.008,-0.319,-0.136,0
left_kp0.009_ki0.02_kd0_+300_r2,left,0.009,0.02,0.0,300.0,run,0.13262935599777848,0.0,0.02,0.0,0.02,0.1,0.007,0.222,-0.211,0
left_kp0.009_ki0.02_kd0_+300_r2,left,0.009,0.02,0.0,300.0,run,0.198962019989267,0.0,0.03,-0.01,0.03,0.08,0.029,1.23,-0.244,0
left_kp0.009_ki0.02_kd0_+300_r2,left,0.009,0.02,0.0,300.0,run,0.26525903900619596,0.0,0.19,0.0,0.19,0.04,0.039,1.665,-0.265,0
left_kp0.009_ki0.02_kd0_+300_r2,left,0.009,0.02,0.0,300.0,run,0.331708017969504,0.0,0.2,0.01,0.2,0.08,0.041,1.72,-0.324,0
left_kp0.009_ki0.02_kd0_+300_r2,left,0.009,0.02,0.0,300.0,run,0.3979919629637152,0.0,0.21,0.0,0.21,0.04,0.042,1.75,-0.335,0
left_kp0.009_ki0.02_kd0_+300_r2,left,0.009,0.02,0.0,300.0,run,0.46445444598793983,0.0,0.24,0.0,0.24,0.04,0.044,1.865,-0.337,0
left_kp0.009_ki0.02_kd0_+300_r2,left,0.009,0.02,0.0,300.0,run,0.5308225770131685,0.0,0.22,0.0,0.22,0.1,0.048,2.05,-0.332,0
left_kp0.009_ki0.02_kd0_+300_r2,left,0.009,0.02,0.0,300.0,run,0.5970782620133832,0.0,0.24,0.0,0.24,0.04,0.056,2.385,-0.227,0
left_kp0.009_ki0.02_kd0_+300_r2,left,0.009,0.02,0.0,300.0,run,0.6634274160023779,0.0,0.27,-0.02,0.27,0.04,0.071,3.047,-0.281,0
left_kp0.009_ki0.02_kd0_+300_r2,left,0.009,0.02,0.0,300.0,run,0.7298308259923942,25.0,0.36,-0.01,0.36,0.06,0.079,3.34,-0.651,0
left_kp0.009_ki0.02_kd0_+300_r2,left,0.009,0.02,0.0,300.0,run,0.7960836860002019,361.0,0.2,0.03,0.2,0.02,0.074,3.101,-0.656,0
left_kp0.009_ki0.02_kd0_+300_r2,left,0.009,0.02,0.0,300.0,run,0.8623516979860142,364.0,0.19,-0.01,0.19,0.06,0.072,2.98,-0.774,0
left_kp0.009_ki0.02_kd0_+300_r2,left,0.009,0.02,0.0,300.0,run,0.9286542229820043,330.0,0.17,-0.03,0.17,0.02,0.068,2.897,-0.345,0
left_kp0.009_ki0.02_kd0_+300_r2,left,0.009,0.02,0.0,300.0,run,0.9950275529990904,295.0,0.18,0.01,0.18,0.04,0.062,2.635,-0.359,0
left_kp0.009_ki0.02_kd0_+300_r2,left,0.009,0.02,0.0,300.0,run,1.0613815609831363,254.0,0.21,0.03,0.22,0.06,0.064,2.712,-0.541,0
left_kp0.009_ki0.02_kd0_+300_r2,left,0.009,0.02,0.0,300.0,run,1.1278024109778926,241.0,0.18,-0.07,0.2,0.08,0.067,2.854,-0.292,0
left_kp0.009_ki0.02_kd0_+300_r2,left,0.009,0.02,0.0,300.0,run,1.1940836029825732,255.0,0.28,0.02,0.28,0.04,0.065,2.785,-0.211,0
left_kp0.009_ki0.02_kd0_+300_r2,left,0.009,0.02,0.0,0,stop,1.235981471836567e-06,263.0,0.14,0.0,0.14,0.02,0.068,2.836,-0.603,0
left_kp0.009_ki0.02_kd0_+300_r2,left,0.009,0.02,0.0,0,stop,0.07633017294574529,263.0,0.13,0.03,0.14,0.04,0.064,2.656,-0.629,0
left_kp0.009_ki0.02_kd0_+300_r2,left,0.009,0.02,0.0,0,stop,0.14257549296598881,255.0,0.14,-0.01,0.14,0.04,0.056,2.377,-0.206,0
left_kp0.009_ki0.02_kd0_+300_r2,left,0.009,0.02,0.0,0,stop,0.20903763896785676,243.0,0.0,0.0,0.0,0.0,0.0,0.0,0.0,0
left_kp0.009_ki0.02_kd0_+300_r2,left,0.009,0.02,0.0,0,stop,0.27533055999083444,243.0,0.0,0.0,0.0,0.0,0.0,0.0,0.0,0
left_kp0.009_ki0.02_kd0_+300_r2,left,0.009,0.02,0.0,0,stop,0.34159093897324055,243.0,0.0,0.0,0.0,0.0,0.0,0.0,0.0,0
left_kp0.009_ki0.02_kd0_+300_r2,left,0.009,0.02,0.0,0,stop,0.4079957229550928,243.0,0.0,0.0,0.0,0.0,0.0,0.0,0.0,0
left_kp0.009_ki0.02_kd0_+300_r2,left,0.009,0.02,0.0,0,stop,0.47436721896519884,243.0,0.0,0.0,0.0,0.0,0.0,0.0,0.0,0
left_kp0.009_ki0.02_kd0_+300_r2,left,0.009,0.02,0.0,0,stop,0.540804035961628,243.0,0.0,0.0,0.0,0.0,0.0,0.0,0.0,0
left_kp0.009_ki0.02_kd0_+300_r2,left,0.009,0.02,0.0,0,stop,0.6072990919928998,243.0,0.0,0.0,0.0,0.0,0.0,0.0,0.0,0
left_kp0.009_ki0.02_kd0_+300_r2,left,0.009,0.02,0.0,0,stop,0.6736575939576142,0.0,0.0,0.0,0.0,0.0,0.0,0.0,0.0,0
left_kp0.009_ki0.02_kd0_-300_r2,left,0.009,0.02,0.0,-300.0,run,0.00012216903269290924,0.0,0.0,0.0,0.0,0.0,0.0,0.0,0.0,0
left_kp0.009_ki0.02_kd0_-300_r2,left,0.009,0.02,0.0,-300.0,run,0.06634745700284839,0.0,0.0,0.0,0.0,0.0,-0.005,-0.203,-0.101,0
left_kp0.009_ki0.02_kd0_-300_r2,left,0.009,0.02,0.0,-300.0,run,0.13255921803647652,0.0,-0.03,0.0,0.03,0.0,-0.027,-1.117,-0.238,0
left_kp0.009_ki0.02_kd0_-300_r2,left,0.009,0.02,0.0,-300.0,run,0.19862356601515785,0.0,-0.13,-0.01,0.13,0.0,-0.041,-1.745,-0.05,0
left_kp0.009_ki0.02_kd0_-300_r2,left,0.009,0.02,0.0,-300.0,run,0.2649467540322803,0.0,-0.18,0.0,0.18,0.1,-0.04,-1.694,0.321,0
left_kp0.009_ki0.02_kd0_-300_r2,left,0.009,0.02,0.0,-300.0,run,0.33129444101359695,0.0,-0.2,0.0,0.2,0.1,-0.042,-1.742,0.372,0
left_kp0.009_ki0.02_kd0_-300_r2,left,0.009,0.02,0.0,-300.0,run,0.39761579100741073,0.0,-0.21,0.02,-0.21,-0.02,-0.043,-1.796,0.38,0
left_kp0.009_ki0.02_kd0_-300_r2,left,0.009,0.02,0.0,-300.0,run,0.4639261540141888,0.0,-0.24,0.0,0.24,0.1,-0.043,-1.825,0.377,0
left_kp0.009_ki0.02_kd0_-300_r2,left,0.009,0.02,0.0,-300.0,run,0.5302628889912739,0.0,-0.26,-0.01,0.26,0.06,-0.044,-1.873,0.361,0
left_kp0.009_ki0.02_kd0_-300_r2,left,0.009,0.02,0.0,-300.0,run,0.5969062160002068,0.0,-0.27,0.02,0.27,0.02,-0.046,-1.924,0.359,0
left_kp0.009_ki0.02_kd0_-300_r2,left,0.009,0.02,0.0,-300.0,run,0.6632074399967678,0.0,-0.29,0.01,0.29,0.08,-0.051,-2.179,0.262,0
left_kp0.009_ki0.02_kd0_-300_r2,left,0.009,0.02,0.0,-300.0,run,0.7295017780270427,0.0,-0.31,0.04,0.32,0.14,-0.058,-2.492,0.075,0
left_kp0.009_ki0.02_kd0_-300_r2,left,0.009,0.02,0.0,-300.0,run,0.7957385019981302,0.0,-0.2,0.02,0.2,0.04,-0.075,-3.203,-0.423,0
left_kp0.009_ki0.02_kd0_-300_r2,left,0.009,0.02,0.0,-300.0,run,0.8621234800084494,-170.0,-0.33,-0.01,0.33,0.06,-0.087,-3.701,-0.506,0
left_kp0.009_ki0.02_kd0_-300_r2,left,0.009,0.02,0.0,-300.0,run,0.9284576770151034,-440.0,-0.15,0.0,0.15,0.02,-0.082,-3.345,-1.069,0
left_kp0.009_ki0.02_kd0_-300_r2,left,0.009,0.02,0.0,-300.0,run,0.9947036679950543,-418.0,-0.13,0.02,-0.13,-0.02,-0.074,-3.181,-0.179,0
left_kp0.009_ki0.02_kd0_-300_r2,left,0.009,0.02,0.0,-300.0,run,1.0609749170253053,-359.0,-0.19,0.0,0.19,0.08,-0.072,-3.093,-0.19,0
left_kp0.009_ki0.02_kd0_-300_r2,left,0.009,0.02,0.0,-300.0,run,1.1273787370300852,-319.0,-0.14,-0.03,0.15,0.08,-0.073,-3.13,-0.093,0
left_kp0.009_ki0.02_kd0_-300_r2,left,0.009,0.02,0.0,-300.0,run,1.1936490110238083,-311.0,-0.18,0.03,0.18,0.44,-0.073,-3.125,-0.002,0
left_kp0.009_ki0.02_kd0_-300_r2,left,0.009,0.02,0.0,0,stop,1.23301288112998e-06,-316.0,-0.18,0.04,0.19,0.0,-0.073,-3.112,-0.359,0
left_kp0.009_ki0.02_kd0_-300_r2,left,0.009,0.02,0.0,0,stop,0.07628351304447278,-319.0,-0.18,0.01,0.18,0.0,-0.066,-2.844,0.029,0
left_kp0.009_ki0.02_kd0_-300_r2,left,0.009,0.02,0.0,0,stop,0.1425185429980047,-303.0,-0.14,-0.02,0.15,0.02,-0.054,-2.324,0.168,0
left_kp0.009_ki0.02_kd0_-300_r2,left,0.009,0.02,0.0,0,stop,0.2088774760486558,-262.0,0.0,0.0,0.0,0.0,0.0,0.0,0.0,0
left_kp0.009_ki0.02_kd0_-300_r2,left,0.009,0.02,0.0,0,stop,0.27514546300517395,-262.0,0.0,0.0,0.0,0.0,0.0,0.0,0.0,0
left_kp0.009_ki0.02_kd0_-300_r2,left,0.009,0.02,0.0,0,stop,0.3414658679976128,-262.0,0.0,0.0,0.0,0.0,0.0,0.0,0.0,0
left_kp0.009_ki0.02_kd0_-300_r2,left,0.009,0.02,0.0,0,stop,0.40778358600800857,-262.0,0.0,0.0,0.0,0.0,0.0,0.0,0.0,0
left_kp0.009_ki0.02_kd0_-300_r2,left,0.009,0.02,0.0,0,stop,0.474122301035095,-262.0,0.0,0.0,0.0,0.0,0.0,0.0,0.0,0
left_kp0.009_ki0.02_kd0_-300_r2,left,0.009,0.02,0.0,0,stop,0.5406321260379627,-262.0,0.0,0.0,0.0,0.0,0.0,0.0,0.0,0
left_kp0.009_ki0.02_kd0_-300_r2,left,0.009,0.02,0.0,0,stop,0.6069783460116014,-262.0,0.0,0.0,0.0,0.0,0.0,0.0,0.0,0
left_kp0.009_ki0.02_kd0_-300_r2,left,0.009,0.02,0.0,0,stop,0.6733544770395383,0.0,0.0,0.0,0.0,0.0,0.0,0.0,0.0,0
left_kp0.009_ki0.02_kd0_+450_r1,left,0.009,0.02,0.0,450.0,run,0.00011730502592399716,0.0,0.0,0.0,0.0,0.0,0.0,0.0,0.0,0
left_kp0.009_ki0.02_kd0_+450_r1,left,0.009,0.02,0.0,450.0,run,0.0663652479997836,0.0,0.01,0.0,0.01,0.1,0.005,0.112,-0.203,0
left_kp0.009_ki0.02_kd0_+450_r1,left,0.009,0.02,0.0,450.0,run,0.13261655304813758,0.0,0.02,-0.01,0.02,0.1,0.022,0.94,-0.125,0
left_kp0.009_ki0.02_kd0_+450_r1,left,0.009,0.02,0.0,450.0,run,0.19898826105054468,0.0,0.1,0.0,0.1,0.04,0.041,1.747,-0.184,0
left_kp0.009_ki0.02_kd0_+450_r1,left,0.009,0.02,0.0,450.0,run,0.26525018602842465,0.0,0.17,-0.02,0.17,0.0,0.05,2.128,0.142,0
left_kp0.009_ki0.02_kd0_+450_r1,left,0.009,0.02,0.0,450.0,run,0.33157834701705724,0.0,0.25,-0.05,0.26,0.1,0.063,2.699,0.241,0
left_kp0.009_ki0.02_kd0_+450_r1,left,0.009,0.02,0.0,450.0,run,0.39795075700385496,15.0,0.3,0.01,0.3,0.04,0.066,2.806,-0.128,0
left_kp0.009_ki0.02_kd0_+450_r1,left,0.009,0.02,0.0,450.0,run,0.4642116570030339,178.0,0.24,0.04,0.24,0.08,0.074,3.155,-0.469,0
left_kp0.009_ki0.02_kd0_+450_r1,left,0.009,0.02,0.0,450.0,run,0.5304668780299835,321.0,0.24,0.03,0.24,0.06,0.077,3.289,-0.45,0
left_kp0.009_ki0.02_kd0_+450_r1,left,0.009,0.02,0.0,450.0,run,0.5967437070212327,365.0,0.17,-0.03,0.18,0.38,0.074,3.125,-0.646,0
left_kp0.009_ki0.02_kd0_+450_r1,left,0.009,0.02,0.0,450.0,run,0.6629934050142765,366.0,0.17,0.01,0.17,0.04,0.077,3.262,-0.498,0
left_kp0.009_ki0.02_kd0_+450_r1,left,0.009,0.02,0.0,450.0,run,0.7295516300364397,350.0,0.23,0.06,0.24,0.08,0.075,3.141,-0.6,0
left_kp0.009_ki0.02_kd0_+450_r1,left,0.009,0.02,0.0,450.0,run,0.7958404880482703,357.0,0.23,-0.02,0.23,0.04,0.075,3.152,-0.621,0
left_kp0.009_ki0.02_kd0_+450_r1,left,0.009,0.02,0.0,450.0,run,0.8619774570106529,357.0,0.27,0.01,0.27,0.06,0.078,3.329,-0.434,0
left_kp0.009_ki0.02_kd0_+450_r1,left,0.009,0.02,0.0,450.0,run,0.9281252430519089,382.0,0.2,-0.07,0.21,0.08,0.078,3.281,-0.664,0
left_kp0.009_ki0.02_kd0_+450_r1,left,0.009,0.02,0.0,450.0,run,0.9944466919987462,390.0,0.18,-0.09,0.2,0.18,0.084,3.554,-0.522,0
left_kp0.009_ki0.02_kd0_+450_r1,left,0.009,0.02,0.0,450.0,run,1.0606513950042427,417.0,0.28,0.0,0.28,0.06,0.079,3.318,-0.745,0
left_kp0.009_ki0.02_kd0_+450_r1,left,0.009,0.02,0.0,450.0,run,1.1270134320366196,418.0,0.16,-0.09,0.18,0.08,0.084,3.538,-0.608,0
left_kp0.009_ki0.02_kd0_+450_r1,left,0.009,0.02,0.0,450.0,run,1.1933242970262654,418.0,0.15,-0.03,0.16,0.04,0.083,3.468,-0.731,0
left_kp0.009_ki0.02_kd0_+450_r1,left,0.009,0.02,0.0,0,stop,1.1770171113312244e-06,413.0,0.23,-0.03,0.23,0.06,0.081,3.412,-0.662,0
left_kp0.009_ki0.02_kd0_+450_r1,left,0.009,0.02,0.0,0,stop,0.07638621202204376,400.0,0.18,0.05,0.18,0.38,0.075,3.173,-0.619,0
left_kp0.009_ki0.02_kd0_+450_r1,left,0.009,0.02,0.0,0,stop,0.14266205404419452,369.0,0.14,0.02,0.14,0.06,0.065,2.734,-0.597,0
left_kp0.009_ki0.02_kd0_+450_r1,left,0.009,0.02,0.0,0,stop,0.20898009301163256,329.0,0.1,0.03,0.1,0.2,0.055,2.342,-0.34,0
left_kp0.009_ki0.02_kd0_+450_r1,left,0.009,0.02,0.0,0,stop,0.2753214699914679,273.0,0.0,0.0,0.0,0.0,0.0,0.0,0.0,0
left_kp0.009_ki0.02_kd0_+450_r1,left,0.009,0.02,0.0,0,stop,0.3416257090284489,273.0,0.0,0.0,0.0,0.0,0.0,0.0,0.0,0
left_kp0.009_ki0.02_kd0_+450_r1,left,0.009,0.02,0.0,0,stop,0.4078711000038311,273.0,0.0,0.0,0.0,0.0,0.0,0.0,0.0,0
left_kp0.009_ki0.02_kd0_+450_r1,left,0.009,0.02,0.0,0,stop,0.4741276130080223,273.0,0.0,0.0,0.0,0.0,0.0,0.0,0.0,0
left_kp0.009_ki0.02_kd0_+450_r1,left,0.009,0.02,0.0,0,stop,0.5404552640393376,273.0,0.0,0.0,0.0,0.0,0.0,0.0,0.0,0
left_kp0.009_ki0.02_kd0_+450_r1,left,0.009,0.02,0.0,0,stop,0.606795450032223,273.0,0.0,0.0,0.0,0.0,0.0,0.0,0.0,0
left_kp0.009_ki0.02_kd0_+450_r1,left,0.009,0.02,0.0,0,stop,0.6729512910242192,273.0,0.0,0.0,0.0,0.0,0.0,0.0,0.0,0
left_kp0.009_ki0.02_kd0_-450_r1,left,0.009,0.02,0.0,-450.0,run,0.00012339098611846566,0.0,0.0,0.0,0.0,0.0,0.0,0.0,0.0,0
left_kp0.009_ki0.02_kd0_-450_r1,left,0.009,0.02,0.0,-450.0,run,0.06629277899628505,0.0,-0.01,0.04,0.04,0.02,-0.016,-0.045,-0.686,0
left_kp0.009_ki0.02_kd0_-450_r1,left,0.009,0.02,0.0,-450.0,run,0.13258092699106783,0.0,-0.03,0.01,-0.03,-0.02,-0.031,-0.817,-1.074,0
left_kp0.009_ki0.02_kd0_-450_r1,left,0.009,0.02,0.0,-450.0,run,0.2004971340065822,0.0,-0.07,0.03,0.08,0.1,-0.041,-1.522,-0.836,0
left_kp0.009_ki0.02_kd0_-450_r1,left,0.009,0.02,0.0,-450.0,run,0.2666294149821624,0.0,-0.21,0.0,0.21,0.02,-0.047,-1.852,-0.836,0
left_kp0.009_ki0.02_kd0_-450_r1,left,0.009,0.02,0.0,-450.0,run,0.3331579419900663,0.0,-0.22,-0.06,-0.23,-0.02,-0.058,-2.415,-0.646,0
left_kp0.009_ki0.02_kd0_-450_r1,left,0.009,0.02,0.0,-450.0,run,0.3995654589962214,0.0,-0.29,-0.03,0.29,0.46,-0.072,-3.039,-0.455,0
left_kp0.009_ki0.02_kd0_-450_r1,left,0.009,0.02,0.0,-450.0,run,0.4659121930017136,-269.0,-0.23,0.02,0.23,0.0,-0.081,-3.436,-0.624,0
left_kp0.009_ki0.02_kd0_-450_r1,left,0.009,0.02,0.0,-450.0,run,0.532506488962099,-371.0,-0.15,-0.02,0.15,0.0,-0.083,-3.399,-0.994,0
left_kp0.009_ki0.02_kd0_-450_r1,left,0.009,0.02,0.0,-450.0,run,0.5988190399948508,-401.0,-0.27,-0.07,0.28,0.0,-0.076,-3.181,-0.737,0
left_kp0.009_ki0.02_kd0_-450_r1,left,0.009,0.02,0.0,-450.0,run,0.6651274049654603,-382.0,-0.19,0.05,0.19,0.06,-0.075,-3.096,-0.825,0
left_kp0.009_ki0.02_kd0_-450_r1,left,0.009,0.02,0.0,-450.0,run,0.7314268159680068,-346.0,-0.24,-0.03,-0.25,-0.02,-0.075,-3.114,-0.814,0
left_kp0.009_ki0.02_kd0_-450_r1,left,0.009,0.02,0.0,-450.0,run,0.7977060580160469,-361.0,-0.21,0.0,0.21,0.02,-0.075,-3.155,-0.538,0
left_kp0.009_ki0.02_kd0_-450_r1,left,0.009,0.02,0.0,-450.0,run,0.8640463459887542,-354.0,-0.19,0.01,0.19,0.0,-0.08,-3.307,-0.914,0
left_kp0.009_ki0.02_kd0_-450_r1,left,0.009,0.02,0.0,-450.0,run,0.9303608000045642,-366.0,-0.2,-0.07,0.21,0.0,-0.08,-3.353,-0.699,0
left_kp0.009_ki0.02_kd0_-450_r1,left,0.009,0.02,0.0,-450.0,run,0.996709525003098,-385.0,-0.23,0.05,0.23,0.42,-0.079,-3.281,-0.887,0
left_kp0.009_ki0.02_kd0_-450_r1,left,0.009,0.02,0.0,-450.0,run,1.0629429699620232,-386.0,-0.17,-0.08,0.19,0.02,-0.082,-3.388,-0.914,0
left_kp0.009_ki0.02_kd0_-450_r1,left,0.009,0.02,0.0,-450.0,run,1.1293096980080009,-409.0,-0.23,-0.02,0.23,0.06,-0.081,-3.407,-0.734,0
left_kp0.009_ki0.02_kd0_-450_r1,left,0.009,0.02,0.0,-450.0,run,1.1959610870108008,-410.0,-0.29,0.01,0.29,0.4,-0.082,-3.342,-1.037,0
left_kp0.009_ki0.02_kd0_-450_r1,left,0.009,0.02,0.0,0,stop,1.2430245988070965e-06,-428.0,-0.24,0.07,0.25,0.06,-0.082,-3.444,-0.796,0
left_kp0.009_ki0.02_kd0_-450_r1,left,0.009,0.02,0.0,0,stop,0.0765257430030033,-413.0,-0.25,0.03,0.25,0.26,-0.077,-3.157,-0.978,0
left_kp0.009_ki0.02_kd0_-450_r1,left,0.009,0.02,0.0,0,stop,0.143114680016879,-394.0,-0.15,-0.02,0.15,0.06,-0.068,-2.87,-0.565,0
left_kp0.009_ki0.02_kd0_-450_r1,left,0.009,0.02,0.0,0,stop,0.20967823098180816,-309.0,-0.07,-0.02,0.08,0.02,-0.057,-2.297,-0.841,0
left_kp0.009_ki0.02_kd0_-450_r1,left,0.009,0.02,0.0,0,stop,0.2759864180115983,-244.0,0.0,0.0,0.0,0.0,0.0,0.0,0.0,0
left_kp0.009_ki0.02_kd0_-450_r1,left,0.009,0.02,0.0,0,stop,0.3423546180129051,231.0,0.0,0.0,0.0,0.0,0.0,0.0,0.0,0
left_kp0.009_ki0.02_kd0_-450_r1,left,0.009,0.02,0.0,0,stop,0.4086302120122127,231.0,0.0,0.0,0.0,0.0,0.0,0.0,0.0,0
left_kp0.009_ki0.02_kd0_-450_r1,left,0.009,0.02,0.0,0,stop,0.47508466901490465,231.0,0.0,0.0,0.0,0.0,0.0,0.0,0.0,0
left_kp0.009_ki0.02_kd0_-450_r1,left,0.009,0.02,0.0,0,stop,0.5414199269725941,231.0,0.0,0.0,0.0,0.0,0.0,0.0,0.0,0
left_kp0.009_ki0.02_kd0_-450_r1,left,0.009,0.02,0.0,0,stop,0.6076882659690455,231.0,0.0,0.0,0.0,0.0,0.0,0.0,0.0,0
left_kp0.009_ki0.02_kd0_-450_r1,left,0.009,0.02,0.0,0,stop,0.6740345800062642,231.0,0.0,0.0,0.0,0.0,0.0,0.0,0.0,0
left_kp0.009_ki0.02_kd0_+450_r2,left,0.009,0.02,0.0,450.0,run,0.00015159096801653504,0.0,0.0,0.0,0.0,0.0,0.0,0.0,0.0,0
left_kp0.009_ki0.02_kd0_+450_r2,left,0.009,0.02,0.0,450.0,run,0.06660722696688026,0.0,-0.02,-0.01,0.02,0.08,-0.004,-0.104,-0.125,0
left_kp0.009_ki0.02_kd0_+450_r2,left,0.009,0.02,0.0,450.0,run,0.13296784996055067,0.0,0.02,0.0,0.02,0.06,0.014,0.568,-0.166,0
left_kp0.009_ki0.02_kd0_+450_r2,left,0.009,0.02,0.0,450.0,run,0.19924644200364128,0.0,0.09,0.0,0.09,0.04,0.035,1.495,-0.147,0
left_kp0.009_ki0.02_kd0_+450_r2,left,0.009,0.02,0.0,450.0,run,0.2656857039546594,0.0,0.2,-0.01,0.2,0.14,0.044,1.873,-0.246,0
left_kp0.009_ki0.02_kd0_+450_r2,left,0.009,0.02,0.0,450.0,run,0.33231407997664064,0.0,0.23,0.0,0.23,0.06,0.053,2.254,-0.268,0
left_kp0.009_ki0.02_kd0_+450_r2,left,0.009,0.02,0.0,450.0,run,0.39859217195771635,32.0,0.23,0.0,0.23,0.02,0.067,2.865,-0.265,0
left_kp0.009_ki0.02_kd0_+450_r2,left,0.009,0.02,0.0,450.0,run,0.46493968297727406,33.0,0.19,0.04,0.19,0.04,0.079,3.289,-0.731,0
left_kp0.009_ki0.02_kd0_+450_r2,left,0.009,0.02,0.0,450.0,run,0.5312593779526651,255.0,0.22,0.07,0.23,0.08,0.082,3.361,-1.058,0
left_kp0.009_ki0.02_kd0_+450_r2,left,0.009,0.02,0.0,450.0,run,0.5975660819676705,434.0,0.14,0.05,0.15,0.04,0.086,3.471,-1.249,0
left_kp0.009_ki0.02_kd0_+450_r2,left,0.009,0.02,0.0,450.0,run,0.6639384090085514,446.0,0.18,-0.06,0.19,0.04,0.083,3.479,-0.809,0
left_kp0.009_ki0.02_kd0_+450_r2,left,0.009,0.02,0.0,450.0,run,0.730264505953528,425.0,0.25,0.03,0.25,0.1,0.08,3.366,-0.654,0
left_kp0.009_ki0.02_kd0_+450_r2,left,0.009,0.02,0.0,450.0,run,0.7965078019769862,403.0,0.21,-0.06,0.22,0.06,0.078,3.275,-0.613,0
left_kp0.009_ki0.02_kd0_+450_r2,left,0.009,0.02,0.0,450.0,run,0.8628751159994863,380.0,0.26,0.04,0.26,0.04,0.078,3.286,-0.538,0
left_kp0.009_ki0.02_kd0_+450_r2,left,0.009,0.02,0.0,450.0,run,0.9293486209935509,387.0,0.2,-0.02,0.2,0.04,0.08,3.35,-0.691,0
left_kp0.009_ki0.02_kd0_+450_r2,left,0.009,0.02,0.0,450.0,run,0.9959173179813661,397.0,0.23,-0.03,0.23,0.1,0.082,3.466,-0.525,0
left_kp0.009_ki0.02_kd0_+450_r2,left,0.009,0.02,0.0,450.0,run,1.0622408220078796,412.0,0.29,0.0,0.29,0.0,0.079,3.291,-0.785,0
left_kp0.009_ki0.02_kd0_+450_r2,left,0.009,0.02,0.0,450.0,run,1.1285311409737915,416.0,0.16,-0.03,0.16,0.08,0.083,3.525,-0.587,0
left_kp0.009_ki0.02_kd0_+450_r2,left,0.009,0.02,0.0,450.0,run,1.1949249469907954,416.0,0.15,-0.02,0.15,0.08,0.084,3.511,-0.796,0
left_kp0.009_ki0.02_kd0_+450_r2,left,0.009,0.02,0.0,0,stop,2.167013008147478e-06,421.0,0.29,0.02,0.29,0.18,0.082,3.441,-0.667,0
left_kp0.009_ki0.02_kd0_+450_r2,left,0.009,0.02,0.0,0,stop,0.07649811403825879,414.0,0.13,-0.01,0.13,0.04,0.078,3.278,-0.678,0
left_kp0.009_ki0.02_kd0_+450_r2,left,0.009,0.02,0.0,0,stop,0.14279703801730648,390.0,0.13,0.02,0.13,0.0,0.069,2.908,-0.554,0
left_kp0.009_ki0.02_kd0_+450_r2,left,0.009,0.02,0.0,0,stop,0.20912917901296169,320.0,0.14,0.04,0.15,0.1,0.053,2.262,-0.26,0
left_kp0.009_ki0.02_kd0_+450_r2,left,0.009,0.02,0.0,0,stop,0.2755785220069811,246.0,0.0,0.0,0.0,0.0,0.0,0.0,0.0,0
left_kp0.009_ki0.02_kd0_+450_r2,left,0.009,0.02,0.0,0,stop,0.3420240210252814,246.0,0.0,0.0,0.0,0.0,0.0,0.0,0.0,0
left_kp0.009_ki0.02_kd0_+450_r2,left,0.009,0.02,0.0,0,stop,0.40836005099117756,246.0,0.0,0.0,0.0,0.0,0.0,0.0,0.0,0
left_kp0.009_ki0.02_kd0_+450_r2,left,0.009,0.02,0.0,0,stop,0.4746012170217,246.0,0.0,0.0,0.0,0.0,0.0,0.0,0.0,0
left_kp0.009_ki0.02_kd0_+450_r2,left,0.009,0.02,0.0,0,stop,0.5409496700158343,246.0,0.0,0.0,0.0,0.0,0.0,0.0,0.0,0
left_kp0.009_ki0.02_kd0_+450_r2,left,0.009,0.02,0.0,0,stop,0.6072701250086538,246.0,0.0,0.0,0.0,0.0,0.0,0.0,0.0,0
left_kp0.009_ki0.02_kd0_+450_r2,left,0.009,0.02,0.0,0,stop,0.6736098360270262,246.0,0.0,0.0,0.0,0.0,0.0,0.0,0.0,0
left_kp0.009_ki0.02_kd0_-450_r2,left,0.009,0.02,0.0,-450.0,run,0.0001700000138953328,0.0,0.0,0.0,0.0,0.0,0.0,0.0,0.0,0
left_kp0.009_ki0.02_kd0_-450_r2,left,0.009,0.02,0.0,-450.0,run,0.06669167499057949,0.0,-0.05,0.04,0.07,0.04,0.013,0.469,-0.286,0
left_kp0.009_ki0.02_kd0_-450_r2,left,0.009,0.02,0.0,-450.0,run,0.13299973600078374,0.0,-0.05,0.0,0.05,0.0,0.011,0.091,-0.479,0
left_kp0.009_ki0.02_kd0_-450_r2,left,0.009,0.02,0.0,-450.0,run,0.19921800500014797,0.0,-0.08,0.0,0.08,0.02,-0.024,-0.809,-0.643,0
left_kp0.009_ki0.02_kd0_-450_r2,left,0.009,0.02,0.0,-450.0,run,0.26563198800431564,0.0,-0.19,0.01,0.19,0.04,-0.041,-1.675,-0.517,0
left_kp0.009_ki0.02_kd0_-450_r2,left,0.009,0.02,0.0,-450.0,run,0.33197331900009885,0.0,-0.25,0.01,0.25,0.04,-0.051,-2.12,-0.509,0
left_kp0.009_ki0.02_kd0_-450_r2,left,0.009,0.02,0.0,-450.0,run,0.39830151601927355,0.0,-0.26,-0.09,0.28,0.0,-0.064,-2.656,-0.637,0
left_kp0.009_ki0.02_kd0_-450_r2,left,0.009,0.02,0.0,-450.0,run,0.46496093802852556,-32.0,-0.35,0.01,0.35,0.06,-0.074,-3.09,-0.667,0
left_kp0.009_ki0.02_kd0_-450_r2,left,0.009,0.02,0.0,-450.0,run,0.5311672639800236,-311.0,-0.24,-0.03,0.24,0.34,-0.082,-3.441,-0.788,0
left_kp0.009_ki0.02_kd0_-450_r2,left,0.009,0.02,0.0,-450.0,run,0.597434516006615,-427.0,-0.15,-0.02,0.15,0.16,-0.083,-3.409,-1.085,0
left_kp0.009_ki0.02_kd0_-450_r2,left,0.009,0.02,0.0,-450.0,run,0.6639850729843602,-423.0,-0.22,-0.05,0.23,0.02,-0.079,-3.337,-0.664,0
left_kp0.009_ki0.02_kd0_-450_r2,left,0.009,0.02,0.0,-450.0,run,0.7302884110249579,-395.0,-0.19,-0.01,0.19,0.1,-0.079,-3.291,-0.828,0
left_kp0.009_ki0.02_kd0_-450_r2,left,0.009,0.02,0.0,-450.0,run,0.7967775060096756,-374.0,-0.13,-0.04,0.14,0.04,-0.08,-3.334,-0.788,0
left_kp0.009_ki0.02_kd0_-450_r2,left,0.009,0.02,0.0,-450.0,run,0.8631757089751773,-377.0,-0.22,0.06,0.23,0.02,-0.079,-3.297,-0.723,0
left_kp0.009_ki0.02_kd0_-450_r2,left,0.009,0.02,0.0,-450.0,run,0.9293777489801869,-380.0,-0.16,0.04,0.16,0.04,-0.079,-3.251,-1.01,0
left_kp0.009_ki0.02_kd0_-450_r2,left,0.009,0.02,0.0,-450.0,run,0.995628911012318,-393.0,-0.23,0.07,0.24,0.06,-0.08,-3.369,-0.729,0
left_kp0.009_ki0.02_kd0_-450_r2,left,0.009,0.02,0.0,-450.0,run,1.062018294003792,-401.0,-0.2,-0.02,0.2,0.02,-0.082,-3.377,-0.997,0
left_kp0.009_ki0.02_kd0_-450_r2,left,0.009,0.02,0.0,-450.0,run,1.1284716160153039,-412.0,-0.25,-0.03,0.26,0.08,-0.082,-3.449,-0.643,0
left_kp0.009_ki0.02_kd0_-450_r2,left,0.009,0.02,0.0,-450.0,run,1.1947791639831848,-412.0,-0.27,0.05,0.27,0.08,-0.081,-3.307,-1.013,0
left_kp0.009_ki0.02_kd0_-450_r2,left,0.009,0.02,0.0,0,stop,1.3430253602564335e-06,-424.0,-0.17,0.01,0.17,0.08,-0.085,-3.565,-0.777,0
left_kp0.009_ki0.02_kd0_-450_r2,left,0.009,0.02,0.0,0,stop,0.07640353799797595,-421.0,-0.21,0.07,0.22,0.38,-0.078,-3.189,-0.962,0
left_kp0.009_ki0.02_kd0_-450_r2,left,0.009,0.02,0.0,0,stop,0.14276447799056768,-398.0,-0.1,-0.09,0.14,0.04,-0.071,-2.962,-0.637,0
left_kp0.009_ki0.02_kd0_-450_r2,left,0.009,0.02,0.0,0,stop,0.20896424201782793,-333.0,-0.15,0.0,0.15,0.06,-0.056,-2.353,-0.439,0
left_kp0.009_ki0.02_kd0_-450_r2,left,0.009,0.02,0.0,0,stop,0.2752600570092909,-258.0,0.0,0.0,0.0,0.0,0.0,0.0,0.0,0
left_kp0.009_ki0.02_kd0_-450_r2,left,0.009,0.02,0.0,0,stop,0.3416990719852038,-258.0,0.0,0.0,0.0,0.0,0.0,0.0,0.0,0
left_kp0.009_ki0.02_kd0_-450_r2,left,0.009,0.02,0.0,0,stop,0.4079740979941562,-258.0,0.0,0.0,0.0,0.0,0.0,0.0,0.0,0
left_kp0.009_ki0.02_kd0_-450_r2,left,0.009,0.02,0.0,0,stop,0.47426664899103343,-258.0,0.0,0.0,0.0,0.0,0.0,0.0,0.0,0
left_kp0.009_ki0.02_kd0_-450_r2,left,0.009,0.02,0.0,0,stop,0.5407082380261272,-258.0,0.0,0.0,0.0,0.0,0.0,0.0,0.0,0
left_kp0.009_ki0.02_kd0_-450_r2,left,0.009,0.02,0.0,0,stop,0.6074336220044643,-258.0,0.0,0.0,0.0,0.0,0.0,0.0,0.0,0
left_kp0.009_ki0.02_kd0_-450_r2,left,0.009,0.02,0.0,0,stop,0.6739110010094009,-258.0,0.0,0.0,0.0,0.0,0.0,0.0,0.0,0
right_kp0.0095_ki0.022_kd0_+150_r1,right,0.0095,0.022,0.0,150.0,run,0.00013625097926706076,0.0,0.0,0.0,0.0,0.0,0.0,0.0,0.0,0
right_kp0.0095_ki0.022_kd0_+150_r1,right,0.0095,0.022,0.0,150.0,run,0.06641514599323273,0.0,-0.02,-0.02,0.03,0.06,0.013,0.514,0.254,0
right_kp0.0095_ki0.022_kd0_+150_r1,right,0.0095,0.022,0.0,150.0,run,0.13263039896264672,0.0,0.04,0.0,0.04,0.08,0.032,1.314,0.378,0
right_kp0.0095_ki0.022_kd0_+150_r1,right,0.0095,0.022,0.0,150.0,run,0.19894276995910332,0.0,0.08,0.0,0.08,0.06,0.037,1.563,0.335,0
right_kp0.0095_ki0.022_kd0_+150_r1,right,0.0095,0.022,0.0,150.0,run,0.265305595996324,0.0,0.11,0.0,-0.11,-0.06,0.037,1.563,0.327,0
right_kp0.0095_ki0.022_kd0_+150_r1,right,0.0095,0.022,0.0,150.0,run,0.3315200289944187,0.0,0.12,0.0,-0.12,-0.02,0.038,1.579,0.329,0
right_kp0.0095_ki0.022_kd0_+150_r1,right,0.0095,0.022,0.0,150.0,run,0.39765060698846355,0.0,0.12,0.0,0.12,0.08,0.038,1.619,0.319,0
right_kp0.0095_ki0.022_kd0_+150_r1,right,0.0095,0.022,0.0,150.0,run,0.46393666398944333,0.0,0.12,0.0,0.12,0.06,0.039,1.653,0.327,0
right_kp0.0095_ki0.022_kd0_+150_r1,right,0.0095,0.022,0.0,150.0,run,0.5302612719824538,0.0,0.14,0.0,0.14,0.06,0.04,1.675,0.327,0
right_kp0.0095_ki0.022_kd0_+150_r1,right,0.0095,0.022,0.0,150.0,run,0.5966341219609603,0.0,0.16,0.0,0.16,0.02,0.04,1.704,0.327,0
right_kp0.0095_ki0.022_kd0_+150_r1,right,0.0095,0.022,0.0,150.0,run,0.6628826039959677,0.0,0.16,0.0,0.16,0.02,0.041,1.739,0.329,0
right_kp0.0095_ki0.022_kd0_+150_r1,right,0.0095,0.022,0.0,150.0,run,0.7290546309668571,0.0,0.17,0.0,0.17,0.02,0.042,1.779,0.332,0
right_kp0.0095_ki0.022_kd0_+150_r1,right,0.0095,0.022,0.0,150.0,run,0.7953757650102489,0.0,0.19,0.0,0.19,0.06,0.043,1.801,0.329,0
right_kp0.0095_ki0.022_kd0_+150_r1,right,0.0095,0.022,0.0,150.0,run,0.8616942130029202,0.0,0.19,0.01,-0.19,-0.04,0.047,1.997,0.31,0
right_kp0.0095_ki0.022_kd0_+150_r1,right,0.0095,0.022,0.0,150.0,run,0.9279844879638404,0.0,0.21,0.0,0.21,0.06,0.048,2.061,0.209,0
right_kp0.0095_ki0.022_kd0_+150_r1,right,0.0095,0.022,0.0,150.0,run,0.994347824016586,0.0,0.2,0.01,-0.2,-0.02,0.051,2.104,0.597,0
right_kp0.0095_ki0.022_kd0_+150_r1,right,0.0095,0.022,0.0,150.0,run,1.0606085659819655,0.0,0.25,0.05,0.25,0.04,0.05,2.133,0.201,0
right_kp0.0095_ki0.022_kd0_+150_r1,right,0.0095,0.022,0.0,150.0,run,1.1269104540115222,0.0,0.23,0.02,0.23,0.08,0.051,2.16,-0.337,0
right_kp0.0095_ki0.022_kd0_+150_r1,right,0.0095,0.022,0.0,150.0,run,1.1931592329638079,0.0,0.23,0.02,0.23,0.06,0.056,2.399,-0.318,0
right_kp0.0095_ki0.022_kd0_+150_r1,right,0.0095,0.022,0.0,0,stop,1.1899974197149277e-06,119.0,0.25,0.05,0.26,0.0,0.065,2.707,-0.662,0
right_kp0.0095_ki0.022_kd0_+150_r1,right,0.0095,0.022,0.0,0,stop,0.07638882601168007,147.0,0.0,0.0,0.0,0.0,0.0,0.0,0.0,0
right_kp0.0095_ki0.022_kd0_+150_r1,right,0.0095,0.022,0.0,0,stop,0.14281996799400076,188.0,0.0,0.0,0.0,0.0,0.0,0.0,0.0,0
right_kp0.0095_ki0.022_kd0_+150_r1,right,0.0095,0.022,0.0,0,stop,0.20913829596247524,188.0,0.0,0.0,0.0,0.0,0.0,0.0,0.0,0
right_kp0.0095_ki0.022_kd0_+150_r1,right,0.0095,0.022,0.0,0,stop,0.27544665400637314,188.0,0.0,0.0,0.0,0.0,0.0,0.0,0.0,0
right_kp0.0095_ki0.022_kd0_+150_r1,right,0.0095,0.022,0.0,0,stop,0.341788184014149,188.0,0.0,0.0,0.0,0.0,0.0,0.0,0.0,0
right_kp0.0095_ki0.022_kd0_+150_r1,right,0.0095,0.022,0.0,0,stop,0.4081436939886771,188.0,0.0,0.0,0.0,0.0,0.0,0.0,0.0,0
right_kp0.0095_ki0.022_kd0_+150_r1,right,0.0095,0.022,0.0,0,stop,0.4744673809618689,188.0,0.0,0.0,0.0,0.0,0.0,0.0,0.0,0
right_kp0.0095_ki0.022_kd0_+150_r1,right,0.0095,0.022,0.0,0,stop,0.5408402309985831,188.0,0.0,0.0,0.0,0.0,0.0,0.0,0.0,0
right_kp0.0095_ki0.022_kd0_+150_r1,right,0.0095,0.022,0.0,0,stop,0.6072227580007166,0.0,0.0,0.0,0.0,0.0,0.0,0.0,0.0,0
right_kp0.0095_ki0.022_kd0_+150_r1,right,0.0095,0.022,0.0,0,stop,0.6735092389862984,0.0,0.0,0.0,0.0,0.0,0.0,0.0,0.0,0
right_kp0.0095_ki0.022_kd0_-150_r1,right,0.0095,0.022,0.0,-150.0,run,0.00014082802226766944,0.0,0.0,0.0,0.0,0.0,0.0,0.0,0.0,0
right_kp0.0095_ki0.022_kd0_-150_r1,right,0.0095,0.022,0.0,-150.0,run,0.06644293898716569,0.0,0.0,-0.02,0.02,0.02,-0.011,-0.118,0.474,0
right_kp0.0095_ki0.022_kd0_-150_r1,right,0.0095,0.022,0.0,-150.0,run,0.13275838003028184,0.0,-0.03,0.0,0.03,0.06,-0.027,-0.96,0.667,0
right_kp0.0095_ki0.022_kd0_-150_r1,right,0.0095,0.022,0.0,-150.0,run,0.19906961102969944,0.0,-0.07,0.0,0.07,0.1,-0.032,-1.22,0.649,0
right_kp0.0095_ki0.022_kd0_-150_r1,right,0.0095,0.022,0.0,-150.0,run,0.26540046802256256,0.0,-0.09,0.01,0.09,0.06,-0.033,-1.287,0.619,0
right_kp0.0095_ki0.022_kd0_-150_r1,right,0.0095,0.022,0.0,-150.0,run,0.3317782439989969,0.0,-0.09,0.0,0.09,0.08,-0.034,-1.332,0.608,0
right_kp0.0095_ki0.022_kd0_-150_r1,right,0.0095,0.022,0.0,-150.0,run,0.3980924620409496,0.0,-0.12,0.0,0.12,0.04,-0.035,-1.364,0.6,0
right_kp0.0095_ki0.022_kd0_-150_r1,right,0.0095,0.022,0.0,-150.0,run,0.4644862220156938,0.0,-0.13,0.01,0.13,0.06,-0.036,-1.401,0.603,0
right_kp0.0095_ki0.022_kd0_-150_r1,right,0.0095,0.022,0.0,-150.0,run,0.5307525240350515,0.0,-0.13,0.0,0.13,0.04,-0.037,-1.442,0.613,0
right_kp0.0095_ki0.022_kd0_-150_r1,right,0.0095,0.022,0.0,-150.0,run,0.5971699359943159,0.0,-0.15,-0.01,0.15,0.04,-0.037,-1.477,0.605,0
right_kp0.0095_ki0.022_kd0_-150_r1,right,0.0095,0.022,0.0,-150.0,run,0.6635691660339944,0.0,-0.16,0.0,0.16,0.04,-0.037,-1.49,0.592,0
right_kp0.0095_ki0.022_kd0_-150_r1,right,0.0095,0.022,0.0,-150.0,run,0.7298432470415719,0.0,-0.17,0.0,0.17,0.06,-0.038,-1.525,0.603,0
right_kp0.0095_ki0.022_kd0_-150_r1,right,0.0095,0.022,0.0,-150.0,run,0.7961415610043332,0.0,-0.18,0.01,0.18,0.06,-0.038,-1.554,0.554,0
right_kp0.0095_ki0.022_kd0_-150_r1,right,0.0095,0.022,0.0,-150.0,run,0.8625830099917948,0.0,-0.2,-0.01,0.2,0.06,-0.039,-1.576,0.557,0
right_kp0.0095_ki0.022_kd0_-150_r1,right,0.0095,0.022,0.0,-150.0,run,0.9288955550291575,0.0,-0.21,0.0,0.21,0.04,-0.04,-1.603,0.573,0
right_kp0.0095_ki0.022_kd0_-150_r1,right,0.0095,0.022,0.0,-150.0,run,0.9952652550418861,0.0,-0.22,0.01,0.22,0.02,-0.04,-1.616,0.546,0
right_kp0.0095_ki0.022_kd0_-150_r1,right,0.0095,0.022,0.0,-150.0,run,1.0614918930223212,0.0,-0.23,0.0,0.23,0.06,-0.041,-1.653,0.57,0
right_kp0.0095_ki0.022_kd0_-150_r1,right,0.0095,0.022,0.0,-150.0,run,1.1277063559973612,0.0,-0.24,0.0,0.24,0.06,-0.041,-1.653,0.565,0
right_kp0.0095_ki0.022_kd0_-150_r1,right,0.0095,0.022,0.0,-150.0,run,1.1940865460201167,0.0,-0.25,-0.01,0.25,0.06,-0.041,-1.661,0.568,0
right_kp0.0095_ki0.022_kd0_-150_r1,right,0.0095,0.022,0.0,0,stop,1.0969815775752068e-06,0.0,-0.26,0.0,0.26,0.04,-0.042,-1.694,0.57,0
right_kp0.0095_ki0.022_kd0_-150_r1,right,0.0095,0.022,0.0,0,stop,0.07652484398568049,0.0,0.0,0.0,0.0,0.0,0.0,0.0,0.0,0
right_kp0.0095_ki0.022_kd0_-150_r1,right,0.0095,0.022,0.0,0,stop,0.14282830798765644,0.0,0.0,0.0,0.0,0.0,0.0,0.0,0.0,0
right_kp0.0095_ki0.022_kd0_-150_r1,right,0.0095,0.022,0.0,0,stop,0.20924704399658367,0.0,0.0,0.0,0.0,0.0,0.0,0.0,0.0,0
right_kp0.0095_ki0.022_kd0_-150_r1,right,0.0095,0.022,0.0,0,stop,0.27552332199411467,0.0,0.0,0.0,0.0,0.0,0.0,0.0,0.0,0
right_kp0.0095_ki0.022_kd0_-150_r1,right,0.0095,0.022,0.0,0,stop,0.3417857899912633,0.0,0.0,0.0,0.0,0.0,0.0,0.0,0.0,0
right_kp0.0095_ki0.022_kd0_-150_r1,right,0.0095,0.022,0.0,0,stop,0.40824180201161653,0.0,0.0,0.0,0.0,0.0,0.0,0.0,0.0,0
right_kp0.0095_ki0.022_kd0_-150_r1,right,0.0095,0.022,0.0,0,stop,0.47459530900232494,0.0,0.0,0.0,0.0,0.0,0.0,0.0,0.0,0
right_kp0.0095_ki0.022_kd0_-150_r1,right,0.0095,0.022,0.0,0,stop,0.5410577539587393,0.0,0.0,0.0,0.0,0.0,0.0,0.0,0.0,0
right_kp0.0095_ki0.022_kd0_-150_r1,right,0.0095,0.022,0.0,0,stop,0.6076894399593584,0.0,0.0,0.0,0.0,0.0,0.0,0.0,0.0,0
right_kp0.0095_ki0.022_kd0_-150_r1,right,0.0095,0.022,0.0,0,stop,0.6740556230070069,0.0,0.0,0.0,0.0,0.0,0.0,0.0,0.0,0
right_kp0.0095_ki0.022_kd0_+150_r2,right,0.0095,0.022,0.0,150.0,run,0.00013067404506728053,0.0,0.0,0.0,0.0,0.0,0.0,0.0,0.0,0
right_kp0.0095_ki0.022_kd0_+150_r2,right,0.0095,0.022,0.0,150.0,run,0.06633407401386648,0.0,0.01,-0.01,0.01,0.1,-0.006,-0.013,0.265,0
right_kp0.0095_ki0.022_kd0_+150_r2,right,0.0095,0.022,0.0,150.0,run,0.13266591704450548,0.0,0.02,0.0,0.02,0.02,0.02,0.747,0.45,0
right_kp0.0095_ki0.022_kd0_+150_r2,right,0.0095,0.022,0.0,150.0,run,0.19900230504572392,0.0,0.07,0.0,0.07,0.06,0.03,1.206,0.493,0
right_kp0.0095_ki0.022_kd0_+150_r2,right,0.0095,0.022,0.0,150.0,run,0.26539013400906697,0.0,0.09,0.01,0.09,0.02,0.033,1.313,0.487,0
right_kp0.0095_ki0.022_kd0_+150_r2,right,0.0095,0.022,0.0,150.0,run,0.3316408230457455,0.0,0.11,0.0,0.11,0.02,0.033,1.353,0.471,0
right_kp0.0095_ki0.022_kd0_+150_r2,right,0.0095,0.022,0.0,150.0,run,0.3979322500526905,0.0,0.12,0.0,0.12,0.04,0.034,1.391,0.469,0
right_kp0.0095_ki0.022_kd0_+150_r2,right,0.0095,0.022,0.0,150.0,run,0.4641560280579142,0.0,0.13,0.0,0.13,0.04,0.035,1.439,0.471,0
right_kp0.0095_ki0.022_kd0_+150_r2,right,0.0095,0.022,0.0,150.0,run,0.5302320100017823,0.0,0.15,0.0,0.15,0.08,0.036,1.477,0.455,0
right_kp0.0095_ki0.022_kd0_+150_r2,right,0.0095,0.022,0.0,150.0,run,0.5964150940417312,0.0,0.15,0.0,0.15,0.02,0.037,1.517,0.45,0
right_kp0.0095_ki0.022_kd0_+150_r2,right,0.0095,0.022,0.0,150.0,run,0.662483370047994,0.0,0.16,0.0,0.16,0.04,0.038,1.557,0.444,0
right_kp0.0095_ki0.022_kd0_+150_r2,right,0.0095,0.022,0.0,150.0,run,0.7285382490372285,0.0,0.18,0.0,0.18,0.04,0.038,1.581,0.447,0
right_kp0.0095_ki0.022_kd0_+150_r2,right,0.0095,0.022,0.0,150.0,run,0.7945992590393871,0.0,0.18,0.01,-0.18,-0.06,0.039,1.608,0.423,0
right_kp0.0095_ki0.022_kd0_+150_r2,right,0.0095,0.022,0.0,150.0,run,0.8607546650455333,0.0,0.2,-0.01,0.2,0.06,0.04,1.648,0.428,0
right_kp0.0095_ki0.022_kd0_+150_r2,right,0.0095,0.022,0.0,150.0,run,0.9271020930027589,0.0,0.19,0.0,0.19,0.06,0.041,1.723,0.436,0
right_kp0.0095_ki0.022_kd0_+150_r2,right,0.0095,0.022,0.0,150.0,run,0.9933959840564057,0.0,0.22,0.0,0.22,0.06,0.044,1.841,0.394,0
right_kp0.0095_ki0.022_kd0_+150_r2,right,0.0095,0.022,0.0,150.0,run,1.0598162960377522,0.0,0.24,0.04,0.25,0.06,0.041,1.745,0.276,0
right_kp0.0095_ki0.022_kd0_+150_r2,right,0.0095,0.022,0.0,150.0,run,1.1260913050500676,0.0,0.26,0.01,0.26,0.08,0.043,1.812,-0.34,0
right_kp0.0095_ki0.022_kd0_+150_r2,right,0.0095,0.022,0.0,150.0,run,1.1923692160053179,0.0,0.25,0.0,0.25,0.02,0.044,1.825,-0.428,0
right_kp0.0095_ki0.022_kd0_+150_r2,right,0.0095,0.022,0.0,0,stop,1.2629898265004158e-06,0.0,0.26,0.0,0.26,0.0,0.044,1.841,-0.428,0
right_kp0.0095_ki0.022_kd0_+150_r2,right,0.0095,0.022,0.0,0,stop,0.07651251001516357,0.0,0.0,0.0,0.0,0.0,0.0,0.0,0.0,0
right_kp0.0095_ki0.022_kd0_+150_r2,right,0.0095,0.022,0.0,0,stop,0.1429238950368017,0.0,0.0,0.0,0.0,0.0,0.0,0.0,0.0,0
right_kp0.0095_ki0.022_kd0_+150_r2,right,0.0095,0.022,0.0,0,stop,0.20924784004455432,0.0,0.0,0.0,0.0,0.0,0.0,0.0,0.0,0
right_kp0.0095_ki0.022_kd0_+150_r2,right,0.0095,0.022,0.0,0,stop,0.27557530003832653,0.0,0.0,0.0,0.0,0.0,0.0,0.0,0.0,0
right_kp0.0095_ki0.022_kd0_+150_r2,right,0.0095,0.022,0.0,0,stop,0.341937176999636,0.0,0.0,0.0,0.0,0.0,0.0,0.0,0.0,0
right_kp0.0095_ki0.022_kd0_+150_r2,right,0.0095,0.022,0.0,0,stop,0.40832037304062396,0.0,0.0,0.0,0.0,0.0,0.0,0.0,0.0,0
right_kp0.0095_ki0.022_kd0_+150_r2,right,0.0095,0.022,0.0,0,stop,0.4745874149957672,0.0,0.0,0.0,0.0,0.0,0.0,0.0,0.0,0
right_kp0.0095_ki0.022_kd0_+150_r2,right,0.0095,0.022,0.0,0,stop,0.5411173850297928,0.0,0.0,0.0,0.0,0.0,0.0,0.0,0.0,0
right_kp0.0095_ki0.022_kd0_+150_r2,right,0.0095,0.022,0.0,0,stop,0.6073589969892055,0.0,0.0,0.0,0.0,0.0,0.0,0.0,0.0,0
right_kp0.0095_ki0.022_kd0_+150_r2,right,0.0095,0.022,0.0,0,stop,0.6736321549979039,0.0,0.0,0.0,0.0,0.0,0.0,0.0,0.0,0
right_kp0.0095_ki0.022_kd0_-150_r2,right,0.0095,0.022,0.0,-150.0,run,0.0001493899617344141,0.0,0.0,0.0,0.0,0.0,0.0,0.0,0.0,0
right_kp0.0095_ki0.022_kd0_-150_r2,right,0.0095,0.022,0.0,-150.0,run,0.06632057699607685,0.0,0.02,0.0,0.02,0.0,-0.009,-0.38,0.117,0
right_kp0.0095_ki0.022_kd0_-150_r2,right,0.0095,0.022,0.0,-150.0,run,0.1326367610017769,0.0,-0.03,0.0,0.03,0.0,-0.029,-1.227,0.142,0
right_kp0.0095_ki0.022_kd0_-150_r2,right,0.0095,0.022,0.0,-150.0,run,0.19888233300298452,0.0,-0.07,-0.06,0.09,0.1,-0.034,-1.431,0.209,0
right_kp0.0095_ki0.022_kd0_-150_r2,right,0.0095,0.022,0.0,-150.0,run,0.2652411899762228,0.0,-0.1,0.0,0.1,0.0,-0.033,-1.313,0.506,0
right_kp0.0095_ki0.022_kd0_-150_r2,right,0.0095,0.022,0.0,-150.0,run,0.331523847009521,0.0,-0.1,0.0,0.1,0.0,-0.034,-1.332,0.56,0
right_kp0.0095_ki0.022_kd0_-150_r2,right,0.0095,0.022,0.0,-150.0,run,0.3977868090150878,0.0,-0.12,0.0,0.12,0.0,-0.035,-1.38,0.579,0
right_kp0.0095_ki0.022_kd0_-150_r2,right,0.0095,0.022,0.0,-150.0,run,0.46413806901546195,0.0,-0.13,0.0,0.13,0.02,-0.036,-1.412,0.568,0
right_kp0.0095_ki0.022_kd0_-150_r2,right,0.0095,0.022,0.0,-150.0,run,0.530430199985858,0.0,-0.14,0.0,0.14,0.04,-0.036,-1.442,0.554,0
right_kp0.0095_ki0.022_kd0_-150_r2,right,0.0095,0.022,0.0,-150.0,run,0.5967315349844284,0.0,-0.14,0.0,0.14,0.04,-0.037,-1.485,0.554,0
right_kp0.0095_ki0.022_kd0_-150_r2,right,0.0095,0.022,0.0,-150.0,run,0.6631052779848687,0.0,-0.16,0.0,0.16,0.06,-0.038,-1.522,0.541,0
right_kp0.0095_ki0.022_kd0_-150_r2,right,0.0095,0.022,0.0,-150.0,run,0.7294659879989922,0.0,-0.16,-0.01,0.16,0.04,-0.039,-1.565,0.632,0
right_kp0.0095_ki0.022_kd0_-150_r2,right,0.0095,0.022,0.0,-150.0,run,0.7957037729793228,0.0,-0.19,-0.01,0.19,0.04,-0.039,-1.565,0.616,0
right_kp0.0095_ki0.022_kd0_-150_r2,right,0.0095,0.022,0.0,-150.0,run,0.861999147979077,0.0,-0.19,0.0,0.19,0.02,-0.039,-1.568,0.608,0
right_kp0.0095_ki0.022_kd0_-150_r2,right,0.0095,0.022,0.0,-150.0,run,0.928336443961598,0.0,-0.2,0.0,0.2,0.04,-0.039,-1.578,0.605,0
right_kp0.0095_ki0.022_kd0_-150_r2,right,0.0095,0.022,0.0,-150.0,run,0.9945935329888016,0.0,-0.21,0.01,0.21,0.04,-0.04,-1.613,0.605,0
right_kp0.0095_ki0.022_kd0_-150_r2,right,0.0095,0.022,0.0,-150.0,run,1.0608858370105736,0.0,-0.22,0.0,0.22,0.04,-0.041,-1.645,0.616,0
right_kp0.0095_ki0.022_kd0_-150_r2,right,0.0095,0.022,0.0,-150.0,run,1.12719491799362,0.0,-0.24,0.0,0.24,0.06,-0.041,-1.656,0.611,0
right_kp0.0095_ki0.022_kd0_-150_r2,right,0.0095,0.022,0.0,-150.0,run,1.1934616260114126,0.0,-0.24,0.0,0.24,0.04,-0.043,-1.729,0.608,0
right_kp0.0095_ki0.022_kd0_-150_r2,right,0.0095,0.022,0.0,0,stop,1.9139843061566353e-06,0.0,-0.26,0.0,0.26,0.0,-0.045,-1.825,0.562,0
right_kp0.0095_ki0.022_kd0_-150_r2,right,0.0095,0.022,0.0,0,stop,0.07644230499863625,0.0,0.0,0.0,0.0,0.0,0.0,0.0,0.0,0
right_kp0.0095_ki0.022_kd0_-150_r2,right,0.0095,0.022,0.0,0,stop,0.1427088959608227,0.0,0.0,0.0,0.0,0.0,0.0,0.0,0.0,0
right_kp0.0095_ki0.022_kd0_-150_r2,right,0.0095,0.022,0.0,0,stop,0.2090830629458651,0.0,0.0,0.0,0.0,0.0,0.0,0.0,0.0,0
right_kp0.0095_ki0.022_kd0_-150_r2,right,0.0095,0.022,0.0,0,stop,0.2755306949838996,0.0,0.0,0.0,0.0,0.0,0.0,0.0,0.0,0
right_kp0.0095_ki0.022_kd0_-150_r2,right,0.0095,0.022,0.0,0,stop,0.3419149709516205,0.0,0.0,0.0,0.0,0.0,0.0,0.0,0.0,0
right_kp0.0095_ki0.022_kd0_-150_r2,right,0.0095,0.022,0.0,0,stop,0.4082411719718948,0.0,0.0,0.0,0.0,0.0,0.0,0.0,0.0,0
right_kp0.0095_ki0.022_kd0_-150_r2,right,0.0095,0.022,0.0,0,stop,0.47465310094412416,0.0,0.0,0.0,0.0,0.0,0.0,0.0,0.0,0
right_kp0.0095_ki0.022_kd0_-150_r2,right,0.0095,0.022,0.0,0,stop,0.5411113659502007,0.0,0.0,0.0,0.0,0.0,0.0,0.0,0.0,0
right_kp0.0095_ki0.022_kd0_-150_r2,right,0.0095,0.022,0.0,0,stop,0.6074290699907579,0.0,0.0,0.0,0.0,0.0,0.0,0.0,0.0,0
right_kp0.0095_ki0.022_kd0_-150_r2,right,0.0095,0.022,0.0,0,stop,0.6735954719479196,0.0,0.0,0.0,0.0,0.0,0.0,0.0,0.0,0
right_kp0.0095_ki0.022_kd0_+300_r1,right,0.0095,0.022,0.0,300.0,run,0.00013002101331949234,0.0,0.0,0.0,0.0,0.0,0.0,0.0,0.0,0
right_kp0.0095_ki0.022_kd0_+300_r1,right,0.0095,0.022,0.0,300.0,run,0.06631104700500146,0.0,0.0,-0.03,0.03,0.06,0.012,0.136,0.477,0
right_kp0.0095_ki0.022_kd0_+300_r1,right,0.0095,0.022,0.0,300.0,run,0.13257421500748023,0.0,0.03,0.0,0.03,0.0,0.028,1.05,0.584,0
right_kp0.0095_ki0.022_kd0_+300_r1,right,0.0095,0.022,0.0,300.0,run,0.19911836500978097,0.0,0.13,0.0,0.13,0.04,0.04,1.603,0.554,0
right_kp0.0095_ki0.022_kd0_+300_r1,right,0.0095,0.022,0.0,300.0,run,0.265462342009414,0.0,0.17,0.0,0.17,0.06,0.045,1.884,0.493,0
right_kp0.0095_ki0.022_kd0_+300_r1,right,0.0095,0.022,0.0,300.0,run,0.331712517014239,0.0,0.24,0.02,0.24,0.06,0.045,1.911,0.294,0
right_kp0.0095_ki0.022_kd0_+300_r1,right,0.0095,0.022,0.0,300.0,run,0.3980113380239345,0.0,0.25,0.01,0.25,0.04,0.044,1.863,-0.198,0
right_kp0.0095_ki0.022_kd0_+300_r1,right,0.0095,0.022,0.0,300.0,run,0.4645815179683268,0.0,0.26,0.0,0.26,0.08,0.044,1.849,-0.335,0
right_kp0.0095_ki0.022_kd0_+300_r1,right,0.0095,0.022,0.0,300.0,run,0.5308871750021353,0.0,0.27,0.0,0.27,0.08,0.046,1.943,-0.337,0
right_kp0.0095_ki0.022_kd0_+300_r1,right,0.0095,0.022,0.0,300.0,run,0.5972194689675234,0.0,0.27,0.02,0.27,0.02,0.057,2.385,-0.426,0
right_kp0.0095_ki0.022_kd0_+300_r1,right,0.0095,0.022,0.0,300.0,run,0.6634843969950452,0.0,0.24,-0.03,0.24,0.06,0.072,3.061,-0.332,0
right_kp0.0095_ki0.022_kd0_+300_r1,right,0.0095,0.022,0.0,300.0,run,0.7297147189965472,102.0,0.23,0.14,0.27,0.08,0.08,3.305,-0.978,0
right_kp0.0095_ki0.022_kd0_+300_r1,right,0.0095,0.022,0.0,300.0,run,0.7960565030225553,390.0,0.19,-0.09,0.21,0.08,0.076,3.141,-0.852,0
right_kp0.0095_ki0.022_kd0_+300_r1,right,0.0095,0.022,0.0,300.0,run,0.8623633370152675,367.0,0.18,-0.05,0.19,0.06,0.072,3.026,-0.56,0
right_kp0.0095_ki0.022_kd0_+300_r1,right,0.0095,0.022,0.0,300.0,run,0.9286808649776503,320.0,0.14,0.02,0.14,0.06,0.066,2.771,-0.621,0
right_kp0.0095_ki0.022_kd0_+300_r1,right,0.0095,0.022,0.0,300.0,run,0.99499283102341,282.0,0.21,-0.03,0.21,0.04,0.066,2.79,-0.474,0
right_kp0.0095_ki0.022_kd0_+300_r1,right,0.0095,0.022,0.0,300.0,run,1.0612407730077393,263.0,0.2,0.01,0.2,0.08,0.067,2.849,-0.388,0
right_kp0.0095_ki0.022_kd0_+300_r1,right,0.0095,0.022,0.0,300.0,run,1.1274470450007357,256.0,0.18,-0.06,0.19,0.06,0.068,2.865,-0.45,0
right_kp0.0095_ki0.022_kd0_+300_r1,right,0.0095,0.022,0.0,300.0,run,1.193688341008965,263.0,0.18,-0.02,-0.18,-0.04,0.069,2.889,-0.536,0
right_kp0.0095_ki0.022_kd0_+300_r1,right,0.0095,0.022,0.0,0,stop,1.2700329534709454e-06,264.0,0.18,0.0,0.18,0.06,0.07,2.983,-0.428,0
right_kp0.0095_ki0.022_kd0_+300_r1,right,0.0095,0.022,0.0,0,stop,0.07636060199001804,279.0,0.13,0.05,0.14,0.04,0.065,2.702,-0.608,0
right_kp0.0095_ki0.022_kd0_+300_r1,right,0.0095,0.022,0.0,0,stop,0.14262194000184536,274.0,0.13,-0.03,0.14,0.0,0.057,2.399,-0.418,0
right_kp0.0095_ki0.022_kd0_+300_r1,right,0.0095,0.022,0.0,0,stop,0.20898097002645954,263.0,0.0,0.0,0.0,0.0,0.0,0.0,0.0,0
right_kp0.0095_ki0.022_kd0_+300_r1,right,0.0095,0.022,0.0,0,stop,0.275351683027111,263.0,0.0,0.0,0.0,0.0,0.0,0.0,0.0,0
right_kp0.0095_ki0.022_kd0_+300_r1,right,0.0095,0.022,0.0,0,stop,0.3417711980291642,263.0,0.0,0.0,0.0,0.0,0.0,0.0,0.0,0
right_kp0.0095_ki0.022_kd0_+300_r1,right,0.0095,0.022,0.0,0,stop,0.40803530701668933,263.0,0.0,0.0,0.0,0.0,0.0,0.0,0.0,0
right_kp0.0095_ki0.022_kd0_+300_r1,right,0.0095,0.022,0.0,0,stop,0.47430963098304346,263.0,0.0,0.0,0.0,0.0,0.0,0.0,0.0,0
right_kp0.0095_ki0.022_kd0_+300_r1,right,0.0095,0.022,0.0,0,stop,0.5406275360146537,263.0,0.0,0.0,0.0,0.0,0.0,0.0,0.0,0
right_kp0.0095_ki0.022_kd0_+300_r1,right,0.0095,0.022,0.0,0,stop,0.6069512389949523,263.0,0.0,0.0,0.0,0.0,0.0,0.0,0.0,0
right_kp0.0095_ki0.022_kd0_+300_r1,right,0.0095,0.022,0.0,0,stop,0.673233263019938,0.0,0.0,0.0,0.0,0.0,0.0,0.0,0.0,0
right_kp0.0095_ki0.022_kd0_-300_r1,right,0.0095,0.022,0.0,-300.0,run,0.00015283405082300305,0.0,0.0,0.0,0.0,0.0,0.0,0.0,0.0,0
right_kp0.0095_ki0.022_kd0_-300_r1,right,0.0095,0.022,0.0,-300.0,run,0.06633095705183223,0.0,0.0,0.0,0.0,-0.06,-0.012,-0.493,0.128,0
right_kp0.0095_ki0.022_kd0_-300_r1,right,0.0095,0.022,0.0,-300.0,run,0.13260358502157032,0.0,-0.07,0.0,-0.07,-0.06,-0.031,-1.313,0.142,0
right_kp0.0095_ki0.022_kd0_-300_r1,right,0.0095,0.022,0.0,-300.0,run,0.19889733602758497,0.0,-0.14,0.0,0.14,0.06,-0.041,-1.745,0.19,0
right_kp0.0095_ki0.022_kd0_-300_r1,right,0.0095,0.022,0.0,-300.0,run,0.26519188401289284,0.0,-0.21,-0.03,0.22,0.04,-0.04,-1.704,0.31,0
right_kp0.0095_ki0.022_kd0_-300_r1,right,0.0095,0.022,0.0,-300.0,run,0.33180927200010046,0.0,-0.21,0.01,0.21,0.04,-0.039,-1.613,0.514,0
right_kp0.0095_ki0.022_kd0_-300_r1,right,0.0095,0.022,0.0,-300.0,run,0.3981267860508524,0.0,-0.22,0.01,-0.22,-0.08,-0.041,-1.656,0.528,0
right_kp0.0095_ki0.022_kd0_-300_r1,right,0.0095,0.022,0.0,-300.0,run,0.4643674620310776,0.0,-0.25,0.0,0.25,0.04,-0.042,-1.715,0.536,0
right_kp0.0095_ki0.022_kd0_-300_r1,right,0.0095,0.022,0.0,-300.0,run,0.5311326580122113,0.0,-0.25,0.0,0.25,0.06,-0.044,-1.806,0.52,0
right_kp0.0095_ki0.022_kd0_-300_r1,right,0.0095,0.022,0.0,-300.0,run,0.5977008340414613,0.0,-0.28,0.02,0.28,0.04,-0.05,-2.098,0.439,0
right_kp0.0095_ki0.022_kd0_-300_r1,right,0.0095,0.022,0.0,-300.0,run,0.6642574640573002,0.0,-0.29,0.05,0.29,0.0,-0.063,-2.694,-0.075,0
right_kp0.0095_ki0.022_kd0_-300_r1,right,0.0095,0.022,0.0,-300.0,run,0.7309207830112427,-25.0,-0.34,-0.02,0.34,0.08,-0.08,-3.401,-0.243,0
right_kp0.0095_ki0.022_kd0_-300_r1,right,0.0095,0.022,0.0,-300.0,run,0.7976050130091608,-335.0,-0.21,0.04,0.21,0.08,-0.078,-3.147,-1.107,0
right_kp0.0095_ki0.022_kd0_-300_r1,right,0.0095,0.022,0.0,-300.0,run,0.8644966740394011,-371.0,-0.14,-0.03,0.14,0.02,-0.079,-3.35,-0.611,0
right_kp0.0095_ki0.022_kd0_-300_r1,right,0.0095,0.022,0.0,-300.0,run,0.9308110330021009,-366.0,-0.22,0.03,0.23,0.04,-0.07,-2.913,-0.683,0
right_kp0.0095_ki0.022_kd0_-300_r1,right,0.0095,0.022,0.0,-300.0,run,0.9970715530216694,-342.0,-0.15,-0.04,0.16,0.06,-0.07,-2.919,-0.611,0
right_kp0.0095_ki0.022_kd0_-300_r1,right,0.0095,0.022,0.0,-300.0,run,1.0632893040310591,-307.0,-0.17,-0.03,0.17,0.08,-0.072,-3.053,-0.394,0
right_kp0.0095_ki0.022_kd0_-300_r1,right,0.0095,0.022,0.0,-300.0,run,1.1294979710364714,-279.0,-0.25,0.03,0.25,0.04,-0.064,-2.723,-0.444,0
right_kp0.0095_ki0.022_kd0_-300_r1,right,0.0095,0.022,0.0,-300.0,run,1.1957423030398786,-282.0,-0.22,-0.02,0.22,0.04,-0.065,-2.744,-0.474,0
right_kp0.0095_ki0.022_kd0_-300_r1,right,0.0095,0.022,0.0,0,stop,1.1950032785534859e-06,-268.0,-0.17,0.0,0.17,0.04,-0.069,-2.943,-0.297,0
right_kp0.0095_ki0.022_kd0_-300_r1,right,0.0095,0.022,0.0,0,stop,0.07686158904107288,-267.0,-0.17,-0.01,0.17,0.04,-0.065,-2.744,-0.42,0
right_kp0.0095_ki0.022_kd0_-300_r1,right,0.0095,0.022,0.0,0,stop,0.14307914703385904,-261.0,-0.1,0.0,0.1,0.04,-0.057,-2.409,-0.458,0
right_kp0.0095_ki0.022_kd0_-300_r1,right,0.0095,0.022,0.0,0,stop,0.20964944001752883,-261.0,0.0,0.0,0.0,0.0,0.0,0.0,0.0,0
right_kp0.0095_ki0.022_kd0_-300_r1,right,0.0095,0.022,0.0,0,stop,0.2759767480310984,-261.0,0.0,0.0,0.0,0.0,0.0,0.0,0.0,0
right_kp0.0095_ki0.022_kd0_-300_r1,right,0.0095,0.022,0.0,0,stop,0.3421085700392723,-261.0,0.0,0.0,0.0,0.0,0.0,0.0,0.0,0
right_kp0.0095_ki0.022_kd0_-300_r1,right,0.0095,0.022,0.0,0,stop,0.40838769800029695,-261.0,0.0,0.0,0.0,0.0,0.0,0.0,0.0,0
right_kp0.0095_ki0.022_kd0_-300_r1,right,0.0095,0.022,0.0,0,stop,0.4747424010420218,-261.0,0.0,0.0,0.0,0.0,0.0,0.0,0.0,0
right_kp0.0095_ki0.022_kd0_-300_r1,right,0.0095,0.022,0.0,0,stop,0.5410643640207127,-261.0,0.0,0.0,0.0,0.0,0.0,0.0,0.0,0
right_kp0.0095_ki0.022_kd0_-300_r1,right,0.0095,0.022,0.0,0,stop,0.6074976570089348,-261.0,0.0,0.0,0.0,0.0,0.0,0.0,0.0,0
right_kp0.0095_ki0.022_kd0_-300_r1,right,0.0095,0.022,0.0,0,stop,0.6742037160438485,0.0,0.0,0.0,0.0,0.0,0.0,0.0,0.0,0
right_kp0.0095_ki0.022_kd0_+300_r2,right,0.0095,0.022,0.0,300.0,run,0.00014577701222151518,0.0,0.0,0.0,0.0,0.0,0.0,0.0,0.0,0
right_kp0.0095_ki0.022_kd0_+300_r2,right,0.0095,0.022,0.0,300.0,run,0.06641098199179396,0.0,0.0,-0.02,0.02,0.04,0.012,0.136,0.517,0
right_kp0.0095_ki0.022_kd0_+300_r2,right,0.0095,0.022,0.0,300.0,run,0.13257866201456636,0.0,0.02,0.0,0.02,0.06,0.029,1.034,0.667,0
right_kp0.0095_ki0.022_kd0_+300_r2,right,0.0095,0.022,0.0,300.0,run,0.19880985701456666,0.0,0.14,0.02,-0.14,-0.04,0.04,1.613,0.562,0
right_kp0.0095_ki0.022_kd0_+300_r2,right,0.0095,0.022,0.0,300.0,run,0.26517501601483673,0.0,0.18,0.0,0.18,0.06,0.045,1.881,0.493,0
right_kp0.0095_ki0.022_kd0_+300_r2,right,0.0095,0.022,0.0,300.0,run,0.3314065180020407,0.0,0.26,0.02,0.26,0.06,0.042,1.793,0.292,0
right_kp0.0095_ki0.022_kd0_+300_r2,right,0.0095,0.022,0.0,300.0,run,0.39765191701008007,0.0,0.24,0.01,0.24,0.08,0.041,1.755,-0.27,0
right_kp0.0095_ki0.022_kd0_+300_r2,right,0.0095,0.022,0.0,300.0,run,0.4640818610205315,0.0,0.25,0.0,0.25,0.02,0.043,1.814,-0.348,0
right_kp0.0095_ki0.022_kd0_+300_r2,right,0.0095,0.022,0.0,300.0,run,0.5316648280131631,0.0,0.29,0.0,0.29,0.04,0.044,1.846,-0.356,0
right_kp0.0095_ki0.022_kd0_+300_r2,right,0.0095,0.022,0.0,300.0,run,0.59801650501322,0.0,0.29,-0.01,0.29,0.04,0.046,1.93,-0.329,0
right_kp0.0095_ki0.022_kd0_+300_r2,right,0.0095,0.022,0.0,300.0,run,0.6643120690132491,0.0,0.3,0.0,0.3,0.06,0.051,2.16,-0.31,0
right_kp0.0095_ki0.022_kd0_+300_r2,right,0.0095,0.022,0.0,300.0,run,0.7305345840286463,0.0,0.26,-0.02,-0.26,-0.04,0.066,2.836,-0.182,0
right_kp0.0095_ki0.022_kd0_+300_r2,right,0.0095,0.022,0.0,300.0,run,0.7970055160112679,23.0,0.3,-0.01,-0.3,-0.02,0.085,3.581,-0.71,0
right_kp0.0095_ki0.022_kd0_+300_r2,right,0.0095,0.022,0.0,300.0,run,0.8633204360376112,380.0,0.16,-0.05,0.17,0.08,0.084,3.348,-1.367,0
right_kp0.0095_ki0.022_kd0_+300_r2,right,0.0095,0.022,0.0,300.0,run,0.9295772710465826,434.0,0.17,-0.06,0.18,0.08,0.081,3.388,-0.809,0
right_kp0.0095_ki0.022_kd0_+300_r2,right,0.0095,0.022,0.0,300.0,run,0.9958695280365646,403.0,0.2,-0.01,0.2,0.06,0.074,3.09,-0.766,0
right_kp0.0095_ki0.022_kd0_+300_r2,right,0.0095,0.022,0.0,300.0,run,1.062193849007599,345.0,0.18,0.03,0.18,0.06,0.073,3.069,-0.514,0
right_kp0.0095_ki0.022_kd0_+300_r2,right,0.0095,0.022,0.0,300.0,run,1.128576998016797,317.0,0.24,0.03,0.24,0.06,0.066,2.795,-0.514,0
right_kp0.0095_ki0.022_kd0_+300_r2,right,0.0095,0.022,0.0,300.0,run,1.1948672120342962,293.0,0.25,0.01,0.25,0.06,0.067,2.82,-0.498,0
right_kp0.0095_ki0.022_kd0_+300_r2,right,0.0095,0.022,0.0,0,stop,1.360021997243166e-06,285.0,0.23,0.03,0.23,0.04,0.07,2.964,-0.364,0
right_kp0.0095_ki0.022_kd0_+300_r2,right,0.0095,0.022,0.0,0,stop,0.07636332500260323,278.0,0.21,0.04,0.21,0.06,0.064,2.705,-0.479,0
right_kp0.0095_ki0.022_kd0_+300_r2,right,0.0095,0.022,0.0,0,stop,0.1429028560523875,270.0,0.13,-0.04,0.13,0.06,0.056,2.384,-0.42,0
right_kp0.0095_ki0.022_kd0_+300_r2,right,0.0095,0.022,0.0,0,stop,0.2091990500339307,251.0,0.0,0.0,0.0,0.0,0.0,0.0,0.0,0
right_kp0.0095_ki0.022_kd0_+300_r2,right,0.0095,0.022,0.0,0,stop,0.2754526680218987,251.0,0.0,0.0,0.0,0.0,0.0,0.0,0.0,0
right_kp0.0095_ki0.022_kd0_+300_r2,right,0.0095,0.022,0.0,0,stop,0.34189797000726685,251.0,0.0,0.0,0.0,0.0,0.0,0.0,0.0,0
right_kp0.0095_ki0.022_kd0_+300_r2,right,0.0095,0.022,0.0,0,stop,0.4084910250385292,251.0,0.0,0.0,0.0,0.0,0.0,0.0,0.0,0
right_kp0.0095_ki0.022_kd0_+300_r2,right,0.0095,0.022,0.0,0,stop,0.47475663002114743,251.0,0.0,0.0,0.0,0.0,0.0,0.0,0.0,0
right_kp0.0095_ki0.022_kd0_+300_r2,right,0.0095,0.022,0.0,0,stop,0.5413079260033555,251.0,0.0,0.0,0.0,0.0,0.0,0.0,0.0,0
right_kp0.0095_ki0.022_kd0_+300_r2,right,0.0095,0.022,0.0,0,stop,0.6078102310420945,251.0,0.0,0.0,0.0,0.0,0.0,0.0,0.0,0
right_kp0.0095_ki0.022_kd0_+300_r2,right,0.0095,0.022,0.0,0,stop,0.674118361028377,0.0,0.0,0.0,0.0,0.0,0.0,0.0,0.0,0
right_kp0.0095_ki0.022_kd0_-300_r2,right,0.0095,0.022,0.0,-300.0,run,0.00023024604888632894,0.0,0.0,0.0,0.0,0.0,0.0,0.0,0.0,0
right_kp0.0095_ki0.022_kd0_-300_r2,right,0.0095,0.022,0.0,-300.0,run,0.06656563002616167,0.0,0.01,0.0,0.01,0.04,-0.012,-0.501,0.147,0
right_kp0.0095_ki0.022_kd0_-300_r2,right,0.0095,0.022,0.0,-300.0,run,0.1327922050259076,0.0,-0.06,0.0,0.06,0.04,-0.031,-1.334,0.19,0
right_kp0.0095_ki0.022_kd0_-300_r2,right,0.0095,0.022,0.0,-300.0,run,0.19911928800866008,0.0,-0.13,-0.01,0.13,0.04,-0.039,-1.664,0.251,0
right_kp0.0095_ki0.022_kd0_-300_r2,right,0.0095,0.022,0.0,-300.0,run,0.26539423601934686,0.0,-0.19,-0.01,0.19,0.04,-0.04,-1.651,0.485,0
right_kp0.0095_ki0.022_kd0_-300_r2,right,0.0095,0.022,0.0,-300.0,run,0.33159214799525216,0.0,-0.21,0.02,0.21,0.04,-0.04,-1.619,0.546,0
right_kp0.0095_ki0.022_kd0_-300_r2,right,0.0095,0.022,0.0,-300.0,run,0.3978619900299236,0.0,-0.23,0.0,0.23,0.04,-0.04,-1.653,0.53,0
right_kp0.0095_ki0.022_kd0_-300_r2,right,0.0095,0.022,0.0,-300.0,run,0.4642954550217837,0.0,-0.26,0.0,0.26,0.04,-0.042,-1.699,0.538,0
right_kp0.0095_ki0.022_kd0_-300_r2,right,0.0095,0.022,0.0,-300.0,run,0.5305390230496414,0.0,-0.26,0.0,0.26,0.04,-0.044,-1.806,0.541,0
right_kp0.0095_ki0.022_kd0_-300_r2,right,0.0095,0.022,0.0,-300.0,run,0.5967823480023071,0.0,-0.27,0.02,0.27,0.04,-0.05,-2.123,0.407,0
right_kp0.0095_ki0.022_kd0_-300_r2,right,0.0095,0.022,0.0,-300.0,run,0.6631701700389385,0.0,-0.27,0.06,-0.27,-0.04,-0.064,-2.726,-0.15,0
right_kp0.0095_ki0.022_kd0_-300_r2,right,0.0095,0.022,0.0,-300.0,run,0.7295394300017506,-25.0,-0.34,0.03,0.34,0.04,-0.079,-3.385,-0.305,0
right_kp0.0095_ki0.022_kd0_-300_r2,right,0.0095,0.022,0.0,-300.0,run,0.7959265860263258,-330.0,-0.18,0.04,0.19,0.06,-0.078,-3.168,-1.131,0
right_kp0.0095_ki0.022_kd0_-300_r2,right,0.0095,0.022,0.0,-300.0,run,0.8621920070145279,-366.0,-0.13,0.0,0.13,0.06,-0.079,-3.343,-0.626,0
right_kp0.0095_ki0.022_kd0_-300_r2,right,0.0095,0.022,0.0,-300.0,run,0.9284514750470407,-362.0,-0.22,0.04,-0.23,-0.04,-0.07,-2.903,-0.744,0
right_kp0.0095_ki0.022_kd0_-300_r2,right,0.0095,0.022,0.0,-300.0,run,0.9948159180348739,-340.0,-0.17,-0.04,0.18,0.08,-0.069,-2.909,-0.597,0
right_kp0.0095_ki0.022_kd0_-300_r2,right,0.0095,0.022,0.0,-300.0,run,1.0611510940361768,-306.0,-0.18,-0.05,0.19,0.06,-0.071,-3.024,-0.393,0
right_kp0.0095_ki0.022_kd0_-300_r2,right,0.0095,0.022,0.0,-300.0,run,1.1274277320480905,-277.0,-0.27,0.01,0.27,0.06,-0.064,-2.716,-0.476,0
right_kp0.0095_ki0.022_kd0_-300_r2,right,0.0095,0.022,0.0,-300.0,run,1.1936708410503343,-280.0,-0.23,-0.02,0.23,0.04,-0.065,-2.748,-0.447,0
right_kp0.0095_ki0.022_kd0_-300_r2,right,0.0095,0.022,0.0,0,stop,1.3399985618889332e-06,-268.0,-0.16,0.0,0.16,0.02,-0.069,-2.957,-0.305,0
right_kp0.0095_ki0.022_kd0_-300_r2,right,0.0095,0.022,0.0,0,stop,0.07631925598252565,-269.0,-0.17,-0.01,0.17,0.04,-0.065,-2.732,-0.431,0
right_kp0.0095_ki0.022_kd0_-300_r2,right,0.0095,0.022,0.0,0,stop,0.14261891297064722,-262.0,-0.1,-0.01,0.1,0.02,-0.057,-2.413,-0.474,0
right_kp0.0095_ki0.022_kd0_-300_r2,right,0.0095,0.022,0.0,0,stop,0.2091009839787148,-262.0,0.0,0.0,0.0,0.0,0.0,0.0,0.0,0
right_kp0.0095_ki0.022_kd0_-300_r2,right,0.0095,0.022,0.0,0,stop,0.27539505501044914,-262.0,0.0,0.0,0.0,0.0,0.0,0.0,0.0,0
right_kp0.0095_ki0.022_kd0_-300_r2,right,0.0095,0.022,0.0,0,stop,0.3416417329572141,-262.0,0.0,0.0,0.0,0.0,0.0,0.0,0.0,0
right_kp0.0095_ki0.022_kd0_-300_r2,right,0.0095,0.022,0.0,0,stop,0.4078540949849412,-262.0,0.0,0.0,0.0,0.0,0.0,0.0,0.0,0
right_kp0.0095_ki0.022_kd0_-300_r2,right,0.0095,0.022,0.0,0,stop,0.4742162949987687,-262.0,0.0,0.0,0.0,0.0,0.0,0.0,0.0,0
right_kp0.0095_ki0.022_kd0_-300_r2,right,0.0095,0.022,0.0,0,stop,0.5405055959708989,-262.0,0.0,0.0,0.0,0.0,0.0,0.0,0.0,0
right_kp0.0095_ki0.022_kd0_-300_r2,right,0.0095,0.022,0.0,0,stop,0.6068375220056623,-262.0,0.0,0.0,0.0,0.0,0.0,0.0,0.0,0
right_kp0.0095_ki0.022_kd0_-300_r2,right,0.0095,0.022,0.0,0,stop,0.6731743089621887,0.0,0.0,0.0,0.0,0.0,0.0,0.0,0.0,0
right_kp0.0095_ki0.022_kd0_+450_r1,right,0.0095,0.022,0.0,450.0,run,0.00012267101556062698,0.0,0.0,0.0,0.0,0.0,0.0,0.0,0.0,0
right_kp0.0095_ki0.022_kd0_+450_r1,right,0.0095,0.022,0.0,450.0,run,0.06637333205435425,0.0,0.01,-0.03,0.03,0.04,0.012,0.134,0.511,0
right_kp0.0095_ki0.022_kd0_+450_r1,right,0.0095,0.022,0.0,450.0,run,0.13258454704191536,0.0,0.03,0.0,0.03,0.06,0.029,1.032,0.664,0
right_kp0.0095_ki0.022_kd0_+450_r1,right,0.0095,0.022,0.0,450.0,run,0.1990889860317111,0.0,0.14,0.01,0.14,0.04,0.04,1.629,0.544,0
right_kp0.0095_ki0.022_kd0_+450_r1,right,0.0095,0.022,0.0,450.0,run,0.26545017800526693,0.0,0.21,0.01,0.21,0.06,0.048,2.029,0.436,0
right_kp0.0095_ki0.022_kd0_+450_r1,right,0.0095,0.022,0.0,450.0,run,0.3316982960095629,0.0,0.27,0.03,0.27,0.06,0.054,2.324,-0.021,0
right_kp0.0095_ki0.022_kd0_+450_r1,right,0.0095,0.022,0.0,450.0,run,0.39797067403560504,0.0,0.27,0.02,0.27,0.06,0.07,3.002,-0.187,0
right_kp0.0095_ki0.022_kd0_+450_r1,right,0.0095,0.022,0.0,450.0,run,0.4643401530338451,29.0,0.38,0.07,0.38,0.12,0.084,3.511,-0.729,0
right_kp0.0095_ki0.022_kd0_+450_r1,right,0.0095,0.022,0.0,450.0,run,0.5305588479968719,399.0,0.16,-0.02,0.17,0.04,0.082,3.353,-1.072,0
right_kp0.0095_ki0.022_kd0_+450_r1,right,0.0095,0.022,0.0,450.0,run,0.5968543130438775,403.0,0.15,-0.03,0.16,0.06,0.079,3.329,-0.651,0
right_kp0.0095_ki0.022_kd0_+450_r1,right,0.0095,0.022,0.0,450.0,run,0.6631866030511446,380.0,0.18,-0.01,0.18,0.08,0.076,3.187,-0.742,0
right_kp0.0095_ki0.022_kd0_+450_r1,right,0.0095,0.022,0.0,450.0,run,0.7296171810012311,355.0,0.19,0.02,0.19,0.06,0.079,3.321,-0.562,0
right_kp0.0095_ki0.022_kd0_+450_r1,right,0.0095,0.022,0.0,450.0,run,0.7959465940366499,358.0,0.18,-0.04,0.19,0.08,0.078,3.243,-0.733,0
right_kp0.0095_ki0.022_kd0_+450_r1,right,0.0095,0.022,0.0,450.0,run,0.8624459520215169,371.0,0.21,0.01,0.21,0.06,0.079,3.316,-0.763,0
right_kp0.0095_ki0.022_kd0_+450_r1,right,0.0095,0.022,0.0,450.0,run,0.9287479949998669,369.0,0.2,-0.03,0.21,0.08,0.081,3.433,-0.624,0
right_kp0.0095_ki0.022_kd0_+450_r1,right,0.0095,0.022,0.0,450.0,run,0.9950972149963491,397.0,0.16,0.02,0.16,0.06,0.082,3.388,-0.943,0
right_kp0.0095_ki0.022_kd0_+450_r1,right,0.0095,0.022,0.0,450.0,run,1.0615056800306775,396.0,0.26,0.02,0.26,0.06,0.083,3.501,-0.57,0
right_kp0.0095_ki0.022_kd0_+450_r1,right,0.0095,0.022,0.0,450.0,run,1.127693316026125,411.0,0.17,-0.05,0.18,0.06,0.082,3.412,-0.897,0
right_kp0.0095_ki0.022_kd0_+450_r1,right,0.0095,0.022,0.0,450.0,run,1.1940038510365412,414.0,0.26,-0.04,0.26,0.06,0.085,3.584,-0.543,0
right_kp0.0095_ki0.022_kd0_+450_r1,right,0.0095,0.022,0.0,0,stop,1.4199758879840374e-06,425.0,0.16,0.05,0.17,0.06,0.082,3.372,-0.985,0
right_kp0.0095_ki0.022_kd0_+450_r1,right,0.0095,0.022,0.0,0,stop,0.07658370397984982,417.0,0.22,-0.02,0.23,0.08,0.08,3.388,-0.557,0
right_kp0.0095_ki0.022_kd0_+450_r1,right,0.0095,0.022,0.0,0,stop,0.14290745096514001,407.0,0.19,0.0,0.19,0.08,0.07,2.925,-0.728,0
right_kp0.0095_ki0.022_kd0_+450_r1,right,0.0095,0.022,0.0,0,stop,0.2093837959691882,353.0,0.12,-0.01,0.12,0.0,0.059,2.461,-0.516,0
right_kp0.0095_ki0.022_kd0_+450_r1,right,0.0095,0.022,0.0,0,stop,0.27587559999665245,311.0,0.0,0.0,0.0,0.0,0.0,0.0,0.0,0
right_kp0.0095_ki0.022_kd0_+450_r1,right,0.0095,0.022,0.0,0,stop,0.3421877999790013,311.0,0.0,0.0,0.0,0.0,0.0,0.0,0.0,0
right_kp0.0095_ki0.022_kd0_+450_r1,right,0.0095,0.022,0.0,0,stop,0.4086271879496053,311.0,0.0,0.0,0.0,0.0,0.0,0.0,0.0,0
right_kp0.0095_ki0.022_kd0_+450_r1,right,0.0095,0.022,0.0,0,stop,0.4750500569934957,311.0,0.0,0.0,0.0,0.0,0.0,0.0,0.0,0
right_kp0.0095_ki0.022_kd0_+450_r1,right,0.0095,0.022,0.0,0,stop,0.5413664039806463,311.0,0.0,0.0,0.0,0.0,0.0,0.0,0.0,0
right_kp0.0095_ki0.022_kd0_+450_r1,right,0.0095,0.022,0.0,0,stop,0.607784082996659,311.0,0.0,0.0,0.0,0.0,0.0,0.0,0.0,0
right_kp0.0095_ki0.022_kd0_+450_r1,right,0.0095,0.022,0.0,0,stop,0.6741584719857201,311.0,0.0,0.0,0.0,0.0,0.0,0.0,0.0,0
right_kp0.0095_ki0.022_kd0_-450_r1,right,0.0095,0.022,0.0,-450.0,run,0.00019291002536192536,0.0,0.0,0.0,0.0,0.0,0.0,0.0,0.0,0
right_kp0.0095_ki0.022_kd0_-450_r1,right,0.0095,0.022,0.0,-450.0,run,0.06628815998556092,0.0,0.0,0.01,0.01,0.06,-0.007,-0.203,-0.233,0
right_kp0.0095_ki0.022_kd0_-450_r1,right,0.0095,0.022,0.0,-450.0,run,0.13253370602615178,0.0,-0.05,0.0,0.05,0.04,-0.024,-0.975,-0.31,0
right_kp0.0095_ki0.022_kd0_-450_r1,right,0.0095,0.022,0.0,-450.0,run,0.19891277502756566,0.0,-0.14,-0.03,0.14,0.0,-0.036,-1.527,-0.072,0
right_kp0.0095_ki0.022_kd0_-450_r1,right,0.0095,0.022,0.0,-450.0,run,0.2653665930265561,0.0,-0.22,0.0,0.22,0.06,-0.045,-1.911,0.144,0
right_kp0.0095_ki0.022_kd0_-450_r1,right,0.0095,0.022,0.0,-450.0,run,0.3316572200274095,0.0,-0.23,0.0,0.23,0.08,-0.055,-2.345,0.064,0
right_kp0.0095_ki0.022_kd0_-450_r1,right,0.0095,0.022,0.0,-450.0,run,0.39807863801252097,0.0,-0.31,0.01,0.31,0.04,-0.068,-2.924,-0.241,0
right_kp0.0095_ki0.022_kd0_-450_r1,right,0.0095,0.022,0.0,-450.0,run,0.46478895598556846,-234.0,-0.25,0.05,0.25,0.08,-0.087,-3.693,-0.447,0
right_kp0.0095_ki0.022_kd0_-450_r1,right,0.0095,0.022,0.0,-450.0,run,0.5311502480180934,-384.0,-0.2,0.0,0.2,0.04,-0.08,-3.31,-0.906,0
right_kp0.0095_ki0.022_kd0_-450_r1,right,0.0095,0.022,0.0,-450.0,run,0.5976197890122421,-410.0,-0.15,-0.04,0.16,0.08,-0.08,-3.372,-0.546,0
right_kp0.0095_ki0.022_kd0_-450_r1,right,0.0095,0.022,0.0,-450.0,run,0.6639183640363626,-377.0,-0.3,0.02,-0.3,-0.08,-0.073,-3.088,-0.549,0
right_kp0.0095_ki0.022_kd0_-450_r1,right,0.0095,0.022,0.0,-450.0,run,0.7301371750072576,-353.0,-0.13,0.01,0.13,0.08,-0.075,-3.125,-0.839,0
right_kp0.0095_ki0.022_kd0_-450_r1,right,0.0095,0.022,0.0,-450.0,run,0.7963754730299115,-349.0,-0.24,0.01,0.24,0.06,-0.079,-3.358,-0.377,0
right_kp0.0095_ki0.022_kd0_-450_r1,right,0.0095,0.022,0.0,-450.0,run,0.8627913949894719,-370.0,-0.29,0.03,0.3,0.08,-0.074,-3.088,-0.785,0
right_kp0.0095_ki0.022_kd0_-450_r1,right,0.0095,0.022,0.0,-450.0,run,0.9291278680320829,-368.0,-0.2,-0.03,0.2,0.08,-0.082,-3.463,-0.52,0
right_kp0.0095_ki0.022_kd0_-450_r1,right,0.0095,0.022,0.0,-450.0,run,0.9954021489829756,-388.0,-0.29,0.08,0.3,0.06,-0.075,-3.144,-0.769,0
right_kp0.0095_ki0.022_kd0_-450_r1,right,0.0095,0.022,0.0,-450.0,run,1.0616543570067734,-402.0,-0.16,-0.06,0.17,0.04,-0.084,-3.525,-0.792,0
right_kp0.0095_ki0.022_kd0_-450_r1,right,0.0095,0.022,0.0,-450.0,run,1.1281006450299174,-408.0,-0.2,0.0,0.2,0.02,-0.084,-3.535,-0.634,0
right_kp0.0095_ki0.022_kd0_-450_r1,right,0.0095,0.022,0.0,-450.0,run,1.1942929080105387,-430.0,-0.19,-0.01,0.19,0.08,-0.084,-3.479,-0.948,0
right_kp0.0095_ki0.022_kd0_-450_r1,right,0.0095,0.022,0.0,0,stop,2.3139873519539833e-06,-425.0,-0.17,-0.01,0.17,0.04,-0.084,-3.552,-0.626,0
right_kp0.0095_ki0.022_kd0_-450_r1,right,0.0095,0.022,0.0,0,stop,0.07642071397276595,-431.0,-0.12,-0.07,0.14,0.02,-0.08,-3.332,-0.817,0
right_kp0.0095_ki0.022_kd0_-450_r1,right,0.0095,0.022,0.0,0,stop,0.14272073202300817,-382.0,-0.16,0.04,-0.17,-0.08,-0.068,-2.882,-0.538,0
right_kp0.0095_ki0.022_kd0_-450_r1,right,0.0095,0.022,0.0,0,stop,0.2089754730113782,-348.0,-0.12,0.0,0.12,0.04,-0.057,-2.351,-0.586,0
right_kp0.0095_ki0.022_kd0_-450_r1,right,0.0095,0.022,0.0,0,stop,0.27529763599159196,-311.0,0.0,0.0,0.0,0.0,0.0,0.0,0.0,0
right_kp0.0095_ki0.022_kd0_-450_r1,right,0.0095,0.022,0.0,0,stop,0.3415974769741297,-311.0,0.0,0.0,0.0,0.0,0.0,0.0,0.0,0
right_kp0.0095_ki0.022_kd0_-450_r1,right,0.0095,0.022,0.0,0,stop,0.40801247500348836,-311.0,0.0,0.0,0.0,0.0,0.0,0.0,0.0,0
right_kp0.0095_ki0.022_kd0_-450_r1,right,0.0095,0.022,0.0,0,stop,0.4743668920127675,-311.0,0.0,0.0,0.0,0.0,0.0,0.0,0.0,0
right_kp0.0095_ki0.022_kd0_-450_r1,right,0.0095,0.022,0.0,0,stop,0.5406959119718522,-311.0,0.0,0.0,0.0,0.0,0.0,0.0,0.0,0
right_kp0.0095_ki0.022_kd0_-450_r1,right,0.0095,0.022,0.0,0,stop,0.6070745980250649,-311.0,0.0,0.0,0.0,0.0,0.0,0.0,0.0,0
right_kp0.0095_ki0.022_kd0_-450_r1,right,0.0095,0.022,0.0,0,stop,0.6733646250213496,-311.0,0.0,0.0,0.0,0.0,0.0,0.0,0.0,0
right_kp0.0095_ki0.022_kd0_+450_r2,right,0.0095,0.022,0.0,450.0,run,0.00014402699889615178,0.0,0.0,0.0,0.0,0.0,0.0,0.0,0.0,0
right_kp0.0095_ki0.022_kd0_+450_r2,right,0.0095,0.022,0.0,450.0,run,0.06640430097468197,0.0,0.0,-0.03,0.03,0.0,0.011,0.147,0.463,0
right_kp0.0095_ki0.022_kd0_+450_r2,right,0.0095,0.022,0.0,450.0,run,0.1325939439702779,0.0,0.03,0.0,0.03,0.04,0.029,1.061,0.619,0
right_kp0.0095_ki0.022_kd0_+450_r2,right,0.0095,0.022,0.0,450.0,run,0.19893618597416207,0.0,0.14,0.0,0.14,0.04,0.04,1.621,0.541,0
right_kp0.0095_ki0.022_kd0_+450_r2,right,0.0095,0.022,0.0,450.0,run,0.26519916497636586,0.0,0.21,0.02,0.21,0.0,0.048,2.026,0.458,0
right_kp0.0095_ki0.022_kd0_+450_r2,right,0.0095,0.022,0.0,450.0,run,0.3314090089988895,0.0,0.27,0.03,0.27,0.06,0.054,2.31,0.0,0
right_kp0.0095_ki0.022_kd0_+450_r2,right,0.0095,0.022,0.0,450.0,run,0.397946985962335,0.0,0.26,0.01,0.26,0.08,0.07,2.986,-0.198,0
right_kp0.0095_ki0.022_kd0_+450_r2,right,0.0095,0.022,0.0,450.0,run,0.46414436196209863,31.0,0.35,0.05,0.35,0.06,0.084,3.525,-0.683,0
right_kp0.0095_ki0.022_kd0_+450_r2,right,0.0095,0.022,0.0,450.0,run,0.5303886390174739,399.0,0.17,0.0,0.17,0.08,0.082,3.348,-1.085,0
right_kp0.0095_ki0.022_kd0_+450_r2,right,0.0095,0.022,0.0,450.0,run,0.5966361350147054,402.0,0.14,-0.01,0.14,0.08,0.079,3.337,-0.686,0
right_kp0.0095_ki0.022_kd0_+450_r2,right,0.0095,0.022,0.0,450.0,run,0.6629377210047096,380.0,0.17,-0.02,0.18,0.04,0.076,3.184,-0.745,0
right_kp0.0095_ki0.022_kd0_+450_r2,right,0.0095,0.022,0.0,450.0,run,0.7292199420044199,354.0,0.21,0.05,0.22,0.06,0.078,3.289,-0.587,0
right_kp0.0095_ki0.022_kd0_+450_r2,right,0.0095,0.022,0.0,450.0,run,0.7954315379611216,357.0,0.16,-0.03,0.16,0.08,0.077,3.227,-0.763,0
right_kp0.0095_ki0.022_kd0_+450_r2,right,0.0095,0.022,0.0,450.0,run,0.8617493009660393,364.0,0.19,0.0,0.19,0.0,0.08,3.34,-0.753,0
right_kp0.0095_ki0.022_kd0_+450_r2,right,0.0095,0.022,0.0,450.0,run,0.928122999961488,369.0,0.19,-0.02,0.19,0.06,0.082,3.439,-0.648,0
right_kp0.0095_ki0.022_kd0_+450_r2,right,0.0095,0.022,0.0,450.0,run,0.9943289249786176,398.0,0.21,0.05,0.21,0.06,0.081,3.348,-0.951,0
right_kp0.0095_ki0.022_kd0_+450_r2,right,0.0095,0.022,0.0,450.0,run,1.0606404849677347,397.0,0.23,0.01,0.23,0.08,0.083,3.535,-0.546,0
right_kp0.0095_ki0.022_kd0_+450_r2,right,0.0095,0.022,0.0,450.0,run,1.1269692619680427,412.0,0.16,-0.04,0.16,0.06,0.083,3.42,-0.919,0
right_kp0.0095_ki0.022_kd0_+450_r2,right,0.0095,0.022,0.0,450.0,run,1.1932256699656136,416.0,0.25,-0.05,0.26,0.06,0.085,3.6,-0.562,0
right_kp0.0095_ki0.022_kd0_+450_r2,right,0.0095,0.022,0.0,0,stop,1.293024979531765e-06,427.0,0.18,0.05,0.19,0.04,0.082,3.369,-0.978,0
right_kp0.0095_ki0.022_kd0_+450_r2,right,0.0095,0.022,0.0,0,stop,0.07614042301429436,418.0,0.23,-0.01,0.23,0.06,0.08,3.393,-0.587,0
right_kp0.0095_ki0.022_kd0_+450_r2,right,0.0095,0.022,0.0,0,stop,0.14222407201305032,408.0,0.17,0.0,0.17,0.06,0.07,2.927,-0.742,0
right_kp0.0095_ki0.022_kd0_+450_r2,right,0.0095,0.022,0.0,0,stop,0.20847364101791754,354.0,0.13,-0.01,0.13,0.06,0.058,2.455,-0.509,0
right_kp0.0095_ki0.022_kd0_+450_r2,right,0.0095,0.022,0.0,0,stop,0.27497453801333904,310.0,0.0,0.0,0.0,0.0,0.0,0.0,0.0,0
right_kp0.0095_ki0.022_kd0_+450_r2,right,0.0095,0.022,0.0,0,stop,0.3412765040411614,310.0,0.0,0.0,0.0,0.0,0.0,0.0,0.0,0
right_kp0.0095_ki0.022_kd0_+450_r2,right,0.0095,0.022,0.0,0,stop,0.4075893080444075,310.0,0.0,0.0,0.0,0.0,0.0,0.0,0.0,0
right_kp0.0095_ki0.022_kd0_+450_r2,right,0.0095,0.022,0.0,0,stop,0.47409335104748607,310.0,0.0,0.0,0.0,0.0,0.0,0.0,0.0,0
right_kp0.0095_ki0.022_kd0_+450_r2,right,0.0095,0.022,0.0,0,stop,0.5409530990291387,310.0,0.0,0.0,0.0,0.0,0.0,0.0,0.0,0
right_kp0.0095_ki0.022_kd0_+450_r2,right,0.0095,0.022,0.0,0,stop,0.6072522200411186,310.0,0.0,0.0,0.0,0.0,0.0,0.0,0.0,0
right_kp0.0095_ki0.022_kd0_+450_r2,right,0.0095,0.022,0.0,0,stop,0.6735917570185848,310.0,0.0,0.0,0.0,0.0,0.0,0.0,0.0,0
right_kp0.0095_ki0.022_kd0_-450_r2,right,0.0095,0.022,0.0,-450.0,run,0.0004044270026497543,0.0,0.0,0.0,0.0,0.0,0.0,0.0,0.0,0
right_kp0.0095_ki0.022_kd0_-450_r2,right,0.0095,0.022,0.0,-450.0,run,0.06682367500616238,0.0,0.01,0.01,-0.01,-0.02,-0.013,-0.455,-0.286,0
right_kp0.0095_ki0.022_kd0_-450_r2,right,0.0095,0.022,0.0,-450.0,run,0.13312671199673787,0.0,-0.05,0.0,0.05,0.02,-0.029,-1.225,-0.297,0
right_kp0.0095_ki0.022_kd0_-450_r2,right,0.0095,0.022,0.0,-450.0,run,0.19945125200320035,0.0,-0.13,-0.02,0.13,0.04,-0.039,-1.661,-0.002,0
right_kp0.0095_ki0.022_kd0_-450_r2,right,0.0095,0.022,0.0,-450.0,run,0.26574058999540284,0.0,-0.21,0.0,0.21,0.06,-0.046,-1.986,0.117,0
right_kp0.0095_ki0.022_kd0_-450_r2,right,0.0095,0.022,0.0,-450.0,run,0.33202914998400956,0.0,-0.25,0.03,-0.25,-0.1,-0.061,-2.6,0.117,0
right_kp0.0095_ki0.022_kd0_-450_r2,right,0.0095,0.022,0.0,-450.0,run,0.398301706998609,-15.0,-0.22,0.08,0.24,0.04,-0.069,-2.959,-0.313,0
right_kp0.0095_ki0.022_kd0_-450_r2,right,0.0095,0.022,0.0,-450.0,run,0.464618926984258,-224.0,-0.3,-0.03,0.3,0.06,-0.084,-3.586,-0.356,0
right_kp0.0095_ki0.022_kd0_-450_r2,right,0.0095,0.022,0.0,-450.0,run,0.5309026709874161,-407.0,-0.13,0.03,0.14,0.06,-0.079,-3.267,-0.956,0
right_kp0.0095_ki0.022_kd0_-450_r2,right,0.0095,0.022,0.0,-450.0,run,0.5971445459872484,-397.0,-0.16,0.01,0.16,0.0,-0.079,-3.337,-0.509,0
right_kp0.0095_ki0.022_kd0_-450_r2,right,0.0095,0.022,0.0,-450.0,run,0.6634085039841011,-361.0,-0.3,0.02,-0.3,-0.06,-0.071,-2.983,-0.646,0
right_kp0.0095_ki0.022_kd0_-450_r2,right,0.0095,0.022,0.0,-450.0,run,0.7296552709885873,-349.0,-0.2,-0.05,0.21,0.06,-0.075,-3.13,-0.643,0
right_kp0.0095_ki0.022_kd0_-450_r2,right,0.0095,0.022,0.0,-450.0,run,0.7958107739686966,-349.0,-0.24,0.03,0.24,0.02,-0.078,-3.291,-0.501,0
right_kp0.0095_ki0.022_kd0_-450_r2,right,0.0095,0.022,0.0,-450.0,run,0.8621420639683492,-366.0,-0.27,0.06,0.28,0.04,-0.075,-3.112,-0.855,0
right_kp0.0095_ki0.022_kd0_-450_r2,right,0.0095,0.022,0.0,-450.0,run,0.9285000800155103,-372.0,-0.16,-0.02,0.16,0.02,-0.082,-3.49,-0.538,0
right_kp0.0095_ki0.022_kd0_-450_r2,right,0.0095,0.022,0.0,-450.0,run,0.9950157040148042,-386.0,-0.16,0.08,0.18,0.06,-0.079,-3.267,-0.935,0
right_kp0.0095_ki0.022_kd0_-450_r2,right,0.0095,0.022,0.0,-450.0,run,1.061386596004013,-409.0,-0.17,-0.04,0.18,0.06,-0.084,-3.53,-0.761,0
right_kp0.0095_ki0.022_kd0_-450_r2,right,0.0095,0.022,0.0,-450.0,run,1.127677763986867,-409.0,-0.28,0.04,0.29,0.02,-0.082,-3.449,-0.785,0
right_kp0.0095_ki0.022_kd0_-450_r2,right,0.0095,0.022,0.0,-450.0,run,1.1939402850111946,-431.0,-0.15,-0.07,-0.17,-0.08,-0.084,-3.525,-0.777,0
right_kp0.0095_ki0.022_kd0_-450_r2,right,0.0095,0.022,0.0,0,stop,1.2869713827967644e-06,-423.0,-0.23,0.0,0.23,0.02,-0.084,-3.533,-0.745,0
right_kp0.0095_ki0.022_kd0_-450_r2,right,0.0095,0.022,0.0,0,stop,0.07637110794894397,-432.0,-0.14,-0.02,0.14,0.04,-0.08,-3.361,-0.729,0
right_kp0.0095_ki0.022_kd0_-450_r2,right,0.0095,0.022,0.0,0,stop,0.14251498697558418,-388.0,-0.12,-0.04,0.13,0.0,-0.07,-2.949,-0.653,0
right_kp0.0095_ki0.022_kd0_-450_r2,right,0.0095,0.022,0.0,0,stop,0.20881742099300027,-327.0,-0.09,0.01,0.09,0.02,-0.06,-2.483,-0.64,0
right_kp0.0095_ki0.022_kd0_-450_r2,right,0.0095,0.022,0.0,0,stop,0.275114374991972,-276.0,0.0,0.0,0.0,0.0,0.0,0.0,0.0,0
right_kp0.0095_ki0.022_kd0_-450_r2,right,0.0095,0.022,0.0,0,stop,0.34144980798009783,-276.0,0.0,0.0,0.0,0.0,0.0,0.0,0.0,0
right_kp0.0095_ki0.022_kd0_-450_r2,right,0.0095,0.022,0.0,0,stop,0.40778426796896383,-276.0,0.0,0.0,0.0,0.0,0.0,0.0,0.0,0
right_kp0.0095_ki0.022_kd0_-450_r2,right,0.0095,0.022,0.0,0,stop,0.4740303289727308,-276.0,0.0,0.0,0.0,0.0,0.0,0.0,0.0,0
right_kp0.0095_ki0.022_kd0_-450_r2,right,0.0095,0.022,0.0,0,stop,0.5403889379813336,-276.0,0.0,0.0,0.0,0.0,0.0,0.0,0.0,0
right_kp0.0095_ki0.022_kd0_-450_r2,right,0.0095,0.022,0.0,0,stop,0.6068878219812177,-276.0,0.0,0.0,0.0,0.0,0.0,0.0,0.0,0
right_kp0.0095_ki0.022_kd0_-450_r2,right,0.0095,0.022,0.0,0,stop,0.673151685972698,-276.0,0.0,0.0,0.0,0.0,0.0,0.0,0.0,0
right_kp0.009_ki0.02_kd0_+150_r1,right,0.009,0.02,0.0,150.0,run,0.00012273498577997088,0.0,0.0,0.0,0.0,0.0,0.0,0.0,0.0,0
right_kp0.009_ki0.02_kd0_+150_r1,right,0.009,0.02,0.0,150.0,run,0.06635400897357613,0.0,-0.01,0.0,0.01,0.04,0.011,0.474,0.061,0
right_kp0.009_ki0.02_kd0_+150_r1,right,0.009,0.02,0.0,150.0,run,0.1326732459710911,0.0,0.05,0.0,0.05,0.06,0.029,1.251,0.096,0
right_kp0.009_ki0.02_kd0_+150_r1,right,0.009,0.02,0.0,150.0,run,0.1990683789481409,0.0,0.08,0.0,0.08,0.04,0.034,1.436,0.136,0
right_kp0.009_ki0.02_kd0_+150_r1,right,0.009,0.02,0.0,150.0,run,0.26531906897434965,0.0,0.08,-0.01,0.08,0.06,0.036,1.511,0.201,0
right_kp0.009_ki0.02_kd0_+150_r1,right,0.009,0.02,0.0,150.0,run,0.33156049298122525,0.0,0.09,0.0,0.09,0.06,0.037,1.549,0.233,0
right_kp0.009_ki0.02_kd0_+150_r1,right,0.009,0.02,0.0,150.0,run,0.3979895989759825,0.0,0.1,0.0,0.1,0.04,0.038,1.594,0.249,0
right_kp0.009_ki0.02_kd0_+150_r1,right,0.009,0.02,0.0,150.0,run,0.4643422919907607,0.0,0.13,-0.03,0.14,0.06,0.037,1.514,0.428,0
right_kp0.009_ki0.02_kd0_+150_r1,right,0.009,0.02,0.0,150.0,run,0.5305925729917362,0.0,0.13,0.0,0.13,0.04,0.036,1.482,0.493,0
right_kp0.009_ki0.02_kd0_+150_r1,right,0.009,0.02,0.0,150.0,run,0.5968699469813146,0.0,0.14,-0.01,0.14,0.02,0.037,1.49,0.482,0
right_kp0.009_ki0.02_kd0_+150_r1,right,0.009,0.02,0.0,150.0,run,0.6631676999968477,0.0,0.16,0.0,0.16,0.04,0.037,1.522,0.474,0
right_kp0.009_ki0.02_kd0_+150_r1,right,0.009,0.02,0.0,150.0,run,0.7295239929808304,0.0,0.15,0.0,0.15,0.02,0.039,1.592,0.477,0
right_kp0.009_ki0.02_kd0_+150_r1,right,0.009,0.02,0.0,150.0,run,0.7958501989487559,0.0,0.17,0.01,0.17,0.02,0.041,1.699,0.493,0
right_kp0.009_ki0.02_kd0_+150_r1,right,0.009,0.02,0.0,150.0,run,0.862160722957924,0.0,0.17,0.0,0.17,0.04,0.044,1.854,0.436,0
right_kp0.009_ki0.02_kd0_+150_r1,right,0.009,0.02,0.0,150.0,run,0.9284909789566882,0.0,0.21,0.0,0.21,0.02,0.042,1.766,0.383,0
right_kp0.009_ki0.02_kd0_+150_r1,right,0.009,0.02,0.0,150.0,run,0.994813803001307,0.0,0.2,0.03,0.2,0.06,0.04,1.696,-0.139,0
right_kp0.009_ki0.02_kd0_+150_r1,right,0.009,0.02,0.0,150.0,run,1.0610703899874352,0.0,0.2,0.0,0.2,0.04,0.042,1.769,-0.318,0
right_kp0.009_ki0.02_kd0_+150_r1,right,0.009,0.02,0.0,150.0,run,1.1274082529707812,0.0,0.24,-0.01,0.24,0.04,0.042,1.753,-0.335,0
right_kp0.009_ki0.02_kd0_+150_r1,right,0.009,0.02,0.0,150.0,run,1.1936397509998642,0.0,0.24,0.0,0.24,0.04,0.042,1.758,-0.34,0
right_kp0.009_ki0.02_kd0_+150_r1,right,0.009,0.02,0.0,0,stop,1.4230026863515377e-06,0.0,0.24,0.0,0.24,0.02,0.043,1.814,-0.345,0
right_kp0.009_ki0.02_kd0_+150_r1,right,0.009,0.02,0.0,0,stop,0.07640378701034933,0.0,0.0,0.0,0.0,0.0,0.0,0.0,0.0,0
right_kp0.009_ki0.02_kd0_+150_r1,right,0.009,0.02,0.0,0,stop,0.14265456603607163,-23.0,0.0,0.0,0.0,0.0,0.0,0.0,0.0,0
right_kp0.009_ki0.02_kd0_+150_r1,right,0.009,0.02,0.0,0,stop,0.20896491600433365,-23.0,0.0,0.0,0.0,0.0,0.0,0.0,0.0,0
right_kp0.009_ki0.02_kd0_+150_r1,right,0.009,0.02,0.0,0,stop,0.2753185119945556,-23.0,0.0,0.0,0.0,0.0,0.0,0.0,0.0,0
right_kp0.009_ki0.02_kd0_+150_r1,right,0.009,0.02,0.0,0,stop,0.3415523990406655,-23.0,0.0,0.0,0.0,0.0,0.0,0.0,0.0,0
right_kp0.009_ki0.02_kd0_+150_r1,right,0.009,0.02,0.0,0,stop,0.4078511170228012,-23.0,0.0,0.0,0.0,0.0,0.0,0.0,0.0,0
right_kp0.009_ki0.02_kd0_+150_r1,right,0.009,0.02,0.0,0,stop,0.4741471399902366,-23.0,0.0,0.0,0.0,0.0,0.0,0.0,0.0,0
right_kp0.009_ki0.02_kd0_+150_r1,right,0.009,0.02,0.0,0,stop,0.5404939830186777,-23.0,0.0,0.0,0.0,0.0,0.0,0.0,0.0,0
right_kp0.009_ki0.02_kd0_+150_r1,right,0.009,0.02,0.0,0,stop,0.606788574019447,0.0,0.0,0.0,0.0,0.0,0.0,0.0,0.0,0
right_kp0.009_ki0.02_kd0_+150_r1,right,0.009,0.02,0.0,0,stop,0.6730928000179119,0.0,0.0,0.0,0.0,0.0,0.0,0.0,0.0,0
right_kp0.009_ki0.02_kd0_-150_r1,right,0.009,0.02,0.0,-150.0,run,0.0002037720405496657,0.0,0.0,0.0,0.0,0.0,0.0,0.0,0.0,0
right_kp0.009_ki0.02_kd0_-150_r1,right,0.009,0.02,0.0,-150.0,run,0.06637491600122303,0.0,0.0,-0.03,0.03,0.02,-0.012,-0.117,0.506,0
right_kp0.009_ki0.02_kd0_-150_r1,right,0.009,0.02,0.0,-150.0,run,0.13257856003474444,0.0,-0.02,0.01,0.02,0.06,-0.027,-0.924,0.662,0
right_kp0.009_ki0.02_kd0_-150_r1,right,0.009,0.02,0.0,-150.0,run,0.19866208598250523,0.0,-0.07,0.0,0.07,0.06,-0.032,-1.198,0.667,0
right_kp0.009_ki0.02_kd0_-150_r1,right,0.009,0.02,0.0,-150.0,run,0.26497059501707554,0.0,-0.08,-0.01,0.09,0.02,-0.033,-1.251,0.64,0
right_kp0.009_ki0.02_kd0_-150_r1,right,0.009,0.02,0.0,-150.0,run,0.3311949360067956,0.0,-0.1,0.0,0.1,0.04,-0.034,-1.302,0.632,0
right_kp0.009_ki0.02_kd0_-150_r1,right,0.009,0.02,0.0,-150.0,run,0.3974655300262384,0.0,-0.11,0.0,0.11,0.04,-0.034,-1.326,0.621,0
right_kp0.009_ki0.02_kd0_-150_r1,right,0.009,0.02,0.0,-150.0,run,0.4643480440136045,0.0,-0.12,0.0,0.12,0.04,-0.035,-1.364,0.629,0
right_kp0.009_ki0.02_kd0_-150_r1,right,0.009,0.02,0.0,-150.0,run,0.5306663470109925,0.0,-0.14,0.0,0.14,0.04,-0.036,-1.393,0.616,0
right_kp0.009_ki0.02_kd0_-150_r1,right,0.009,0.02,0.0,-150.0,run,0.5968960050377063,0.0,-0.14,0.0,0.14,0.04,-0.037,-1.439,0.616,0
right_kp0.009_ki0.02_kd0_-150_r1,right,0.009,0.02,0.0,-150.0,run,0.6632677310262807,0.0,-0.15,0.0,0.15,0.04,-0.037,-1.474,0.608,0
right_kp0.009_ki0.02_kd0_-150_r1,right,0.009,0.02,0.0,-150.0,run,0.7294935089885257,0.0,-0.16,0.0,0.16,0.06,-0.037,-1.493,0.595,0
right_kp0.009_ki0.02_kd0_-150_r1,right,0.009,0.02,0.0,-150.0,run,0.7957800760050304,0.0,-0.17,0.01,-0.17,-0.06,-0.038,-1.527,0.608,0
right_kp0.009_ki0.02_kd0_-150_r1,right,0.009,0.02,0.0,-150.0,run,0.8620495169889182,0.0,-0.18,0.0,0.18,0.04,-0.038,-1.53,0.589,0
right_kp0.009_ki0.02_kd0_-150_r1,right,0.009,0.02,0.0,-150.0,run,0.9283107009832747,0.0,-0.19,0.01,0.19,0.02,-0.038,-1.535,0.581,0
right_kp0.009_ki0.02_kd0_-150_r1,right,0.009,0.02,0.0,-150.0,run,0.9946155709913,0.0,-0.2,0.0,0.2,0.06,-0.039,-1.57,0.592,0
right_kp0.009_ki0.02_kd0_-150_r1,right,0.009,0.02,0.0,-150.0,run,1.0609928839839995,0.0,-0.21,0.02,0.21,0.04,-0.039,-1.594,0.568,0
right_kp0.009_ki0.02_kd0_-150_r1,right,0.009,0.02,0.0,-150.0,run,1.1274116050335579,0.0,-0.22,0.01,0.22,0.06,-0.04,-1.605,0.576,0
right_kp0.009_ki0.02_kd0_-150_r1,right,0.009,0.02,0.0,-150.0,run,1.1937148949946277,0.0,-0.23,0.0,0.23,0.06,-0.041,-1.643,0.579,0
right_kp0.009_ki0.02_kd0_-150_r1,right,0.009,0.02,0.0,0,stop,1.3430253602564335e-06,0.0,-0.24,0.0,0.24,0.06,-0.041,-1.656,0.576,0
right_kp0.009_ki0.02_kd0_-150_r1,right,0.009,0.02,0.0,0,stop,0.07648156001232564,0.0,0.0,0.0,0.0,0.0,0.0,0.0,0.0,0
right_kp0.009_ki0.02_kd0_-150_r1,right,0.009,0.02,0.0,0,stop,0.14276657404843718,0.0,0.0,0.0,0.0,0.0,0.0,0.0,0.0,0
right_kp0.009_ki0.02_kd0_-150_r1,right,0.009,0.02,0.0,0,stop,0.2090456810547039,0.0,0.0,0.0,0.0,0.0,0.0,0.0,0.0,0
right_kp0.009_ki0.02_kd0_-150_r1,right,0.009,0.02,0.0,0,stop,0.27538482105592266,0.0,0.0,0.0,0.0,0.0,0.0,0.0,0.0,0
right_kp0.009_ki0.02_kd0_-150_r1,right,0.009,0.02,0.0,0,stop,0.3416916310088709,0.0,0.0,0.0,0.0,0.0,0.0,0.0,0.0,0
right_kp0.009_ki0.02_kd0_-150_r1,right,0.009,0.02,0.0,0,stop,0.40805844200076535,0.0,0.0,0.0,0.0,0.0,0.0,0.0,0.0,0
right_kp0.009_ki0.02_kd0_-150_r1,right,0.009,0.02,0.0,0,stop,0.4744727580109611,0.0,0.0,0.0,0.0,0.0,0.0,0.0,0.0,0
right_kp0.009_ki0.02_kd0_-150_r1,right,0.009,0.02,0.0,0,stop,0.5407041620346718,0.0,0.0,0.0,0.0,0.0,0.0,0.0,0.0,0
right_kp0.009_ki0.02_kd0_-150_r1,right,0.009,0.02,0.0,0,stop,0.6071305980440229,0.0,0.0,0.0,0.0,0.0,0.0,0.0,0.0,0
right_kp0.009_ki0.02_kd0_-150_r1,right,0.009,0.02,0.0,0,stop,0.6734946430078708,0.0,0.0,0.0,0.0,0.0,0.0,0.0,0.0,0
right_kp0.009_ki0.02_kd0_+150_r2,right,0.009,0.02,0.0,150.0,run,0.0001432309509254992,0.0,0.0,0.0,0.0,0.0,0.0,0.0,0.0,0
right_kp0.009_ki0.02_kd0_+150_r2,right,0.009,0.02,0.0,150.0,run,0.06638184195617214,0.0,0.0,-0.04,0.04,0.0,0.012,0.136,0.498,0
right_kp0.009_ki0.02_kd0_+150_r2,right,0.009,0.02,0.0,150.0,run,0.1325809399713762,0.0,0.02,0.0,0.02,0.04,0.027,0.962,0.651,0
right_kp0.009_ki0.02_kd0_+150_r2,right,0.009,0.02,0.0,150.0,run,0.19884260196704417,0.0,0.08,0.0,0.08,0.04,0.032,1.27,0.557,0
right_kp0.009_ki0.02_kd0_+150_r2,right,0.009,0.02,0.0,150.0,run,0.2650402699946426,0.0,0.1,0.0,0.1,0.04,0.033,1.321,0.552,0
right_kp0.009_ki0.02_kd0_+150_r2,right,0.009,0.02,0.0,150.0,run,0.331140884954948,0.0,0.11,0.0,0.11,0.04,0.034,1.356,0.536,0
right_kp0.009_ki0.02_kd0_+150_r2,right,0.009,0.02,0.0,150.0,run,0.3974269339814782,0.0,0.12,-0.01,0.12,0.0,0.035,1.393,0.517,0
right_kp0.009_ki0.02_kd0_+150_r2,right,0.009,0.02,0.0,150.0,run,0.4636933129513636,0.0,0.13,0.0,0.13,0.06,0.036,1.434,0.525,0
right_kp0.009_ki0.02_kd0_+150_r2,right,0.009,0.02,0.0,150.0,run,0.5298101939843036,0.0,0.13,-0.01,0.13,0.04,0.036,1.466,0.522,0
right_kp0.009_ki0.02_kd0_+150_r2,right,0.009,0.02,0.0,150.0,run,0.595939542981796,0.0,0.14,-0.01,0.14,0.04,0.037,1.498,0.501,0
right_kp0.009_ki0.02_kd0_+150_r2,right,0.009,0.02,0.0,150.0,run,0.6621643309481442,0.0,0.15,0.0,0.15,0.02,0.038,1.525,0.511,0
right_kp0.009_ki0.02_kd0_+150_r2,right,0.009,0.02,0.0,150.0,run,0.728456919954624,0.0,0.17,0.0,0.17,0.06,0.038,1.56,0.49,0
right_kp0.009_ki0.02_kd0_+150_r2,right,0.009,0.02,0.0,150.0,run,0.7947390519548208,0.0,0.18,0.0,0.18,0.06,0.038,1.57,0.469,0
right_kp0.009_ki0.02_kd0_+150_r2,right,0.009,0.02,0.0,150.0,run,0.8610483389929868,0.0,0.18,0.0,0.18,0.04,0.039,1.605,0.442,0
right_kp0.009_ki0.02_kd0_+150_r2,right,0.009,0.02,0.0,150.0,run,0.9273998439894058,0.0,0.2,0.0,0.2,0.04,0.039,1.608,0.453,0
right_kp0.009_ki0.02_kd0_+150_r2,right,0.009,0.02,0.0,150.0,run,0.9937296779826283,0.0,0.21,0.0,0.21,0.04,0.04,1.637,0.45,0
right_kp0.009_ki0.02_kd0_+150_r2,right,0.009,0.02,0.0,150.0,run,1.0603578569716774,0.0,0.21,0.0,0.21,0.04,0.04,1.656,0.436,0
right_kp0.009_ki0.02_kd0_+150_r2,right,0.009,0.02,0.0,150.0,run,1.1265681619988754,0.0,0.23,-0.02,0.23,0.06,0.041,1.688,0.447,0
right_kp0.009_ki0.02_kd0_+150_r2,right,0.009,0.02,0.0,150.0,run,1.192785229999572,0.0,0.23,0.0,0.23,0.02,0.041,1.704,0.442,0
right_kp0.009_ki0.02_kd0_+150_r2,right,0.009,0.02,0.0,0,stop,1.2830132618546486e-06,0.0,0.25,0.0,0.25,0.06,0.041,1.694,0.436,0
right_kp0.009_ki0.02_kd0_+150_r2,right,0.009,0.02,0.0,0,stop,0.07662785198772326,0.0,0.0,0.0,0.0,0.0,0.0,0.0,0.0,0
right_kp0.009_ki0.02_kd0_+150_r2,right,0.009,0.02,0.0,0,stop,0.1429170969640836,0.0,0.0,0.0,0.0,0.0,0.0,0.0,0.0,0
right_kp0.009_ki0.02_kd0_+150_r2,right,0.009,0.02,0.0,0,stop,0.20913621300132945,0.0,0.0,0.0,0.0,0.0,0.0,0.0,0.0,0
right_kp0.009_ki0.02_kd0_+150_r2,right,0.009,0.02,0.0,0,stop,0.27517620398430154,0.0,0.0,0.0,0.0,0.0,0.0,0.0,0.0,0
right_kp0.009_ki0.02_kd0_+150_r2,right,0.009,0.02,0.0,0,stop,0.34147236100398004,0.0,0.0,0.0,0.0,0.0,0.0,0.0,0.0,0
right_kp0.009_ki0.02_kd0_+150_r2,right,0.009,0.02,0.0,0,stop,0.4078380069695413,0.0,0.0,0.0,0.0,0.0,0.0,0.0,0.0,0
right_kp0.009_ki0.02_kd0_+150_r2,right,0.009,0.02,0.0,0,stop,0.47413864999543875,0.0,0.0,0.0,0.0,0.0,0.0,0.0,0.0,0
right_kp0.009_ki0.02_kd0_+150_r2,right,0.009,0.02,0.0,0,stop,0.5404584599891677,0.0,0.0,0.0,0.0,0.0,0.0,0.0,0.0,0
right_kp0.009_ki0.02_kd0_+150_r2,right,0.009,0.02,0.0,0,stop,0.6068548510083929,0.0,0.0,0.0,0.0,0.0,0.0,0.0,0.0,0
right_kp0.009_ki0.02_kd0_+150_r2,right,0.009,0.02,0.0,0,stop,0.6731337219825946,0.0,0.0,0.0,0.0,0.0,0.0,0.0,0.0,0
right_kp0.009_ki0.02_kd0_-150_r2,right,0.009,0.02,0.0,-150.0,run,0.00014915404608473182,0.0,0.0,0.0,0.0,0.0,0.0,0.0,0.0,0
right_kp0.009_ki0.02_kd0_-150_r2,right,0.009,0.02,0.0,-150.0,run,0.0663016900070943,0.0,0.0,-0.02,0.02,0.06,-0.011,-0.112,0.455,0
right_kp0.009_ki0.02_kd0_-150_r2,right,0.009,0.02,0.0,-150.0,run,0.13258549303282052,0.0,-0.02,0.01,0.02,0.02,-0.025,-0.911,0.6,0
right_kp0.009_ki0.02_kd0_-150_r2,right,0.009,0.02,0.0,-150.0,run,0.1993315099971369,0.0,-0.08,0.0,0.08,0.04,-0.031,-1.182,0.629,0
right_kp0.009_ki0.02_kd0_-150_r2,right,0.009,0.02,0.0,-150.0,run,0.26559588400414214,0.0,-0.09,0.0,0.09,0.06,-0.032,-1.249,0.605,0
right_kp0.009_ki0.02_kd0_-150_r2,right,0.009,0.02,0.0,-150.0,run,0.3319126900169067,0.0,-0.1,0.0,0.1,0.06,-0.033,-1.292,0.6,0
right_kp0.009_ki0.02_kd0_-150_r2,right,0.009,0.02,0.0,-150.0,run,0.39826328604249284,0.0,-0.11,0.0,0.11,0.04,-0.034,-1.326,0.579,0
right_kp0.009_ki0.02_kd0_-150_r2,right,0.009,0.02,0.0,-150.0,run,0.46467114402912557,0.0,-0.12,-0.01,0.12,0.06,-0.034,-1.364,0.565,0
right_kp0.009_ki0.02_kd0_-150_r2,right,0.009,0.02,0.0,-150.0,run,0.5310098070185632,0.0,-0.13,0.0,0.13,0.02,-0.035,-1.404,0.576,0
right_kp0.009_ki0.02_kd0_-150_r2,right,0.009,0.02,0.0,-150.0,run,0.5972536480403505,0.0,-0.14,0.0,0.14,0.02,-0.036,-1.436,0.562,0
right_kp0.009_ki0.02_kd0_-150_r2,right,0.009,0.02,0.0,-150.0,run,0.6636117070447654,0.0,-0.15,0.02,0.15,0.06,-0.036,-1.458,0.557,0
right_kp0.009_ki0.02_kd0_-150_r2,right,0.009,0.02,0.0,-150.0,run,0.729853188036941,0.0,-0.16,-0.01,0.16,0.06,-0.037,-1.482,0.568,0
right_kp0.009_ki0.02_kd0_-150_r2,right,0.009,0.02,0.0,-150.0,run,0.7961437820340507,0.0,-0.17,-0.01,0.17,0.04,-0.038,-1.522,0.557,0
right_kp0.009_ki0.02_kd0_-150_r2,right,0.009,0.02,0.0,-150.0,run,0.8625450429972261,0.0,-0.18,0.0,0.18,0.06,-0.038,-1.527,0.546,0
right_kp0.009_ki0.02_kd0_-150_r2,right,0.009,0.02,0.0,-150.0,run,0.9287476850440726,0.0,-0.19,0.0,0.19,0.06,-0.038,-1.544,0.552,0
right_kp0.009_ki0.02_kd0_-150_r2,right,0.009,0.02,0.0,-150.0,run,0.9950035950168967,0.0,-0.2,0.0,0.2,0.04,-0.039,-1.573,0.525,0
right_kp0.009_ki0.02_kd0_-150_r2,right,0.009,0.02,0.0,-150.0,run,1.0612470600171946,0.0,-0.2,0.0,0.2,0.0,-0.039,-1.6,0.525,0
right_kp0.009_ki0.02_kd0_-150_r2,right,0.009,0.02,0.0,-150.0,run,1.127549386001192,0.0,-0.21,0.0,0.21,0.04,-0.04,-1.616,0.533,0
right_kp0.009_ki0.02_kd0_-150_r2,right,0.009,0.02,0.0,-150.0,run,1.1938144540181383,0.0,-0.23,0.0,0.23,0.06,-0.04,-1.643,0.544,0
right_kp0.009_ki0.02_kd0_-150_r2,right,0.009,0.02,0.0,0,stop,7.410417310893536e-07,0.0,-0.24,-0.01,0.24,0.04,-0.041,-1.656,0.552,0
right_kp0.009_ki0.02_kd0_-150_r2,right,0.009,0.02,0.0,0,stop,0.0763851529918611,0.0,0.0,0.0,0.0,0.0,0.0,0.0,0.0,0
right_kp0.009_ki0.02_kd0_-150_r2,right,0.009,0.02,0.0,0,stop,0.1426721999887377,0.0,0.0,0.0,0.0,0.0,0.0,0.0,0.0,0
right_kp0.009_ki0.02_kd0_-150_r2,right,0.009,0.02,0.0,0,stop,0.20907404099125415,0.0,0.0,0.0,0.0,0.0,0.0,0.0,0.0,0
right_kp0.009_ki0.02_kd0_-150_r2,right,0.009,0.02,0.0,0,stop,0.2753888280130923,0.0,0.0,0.0,0.0,0.0,0.0,0.0,0.0,0
right_kp0.009_ki0.02_kd0_-150_r2,right,0.009,0.02,0.0,0,stop,0.3417336330167018,0.0,0.0,0.0,0.0,0.0,0.0,0.0,0.0,0
right_kp0.009_ki0.02_kd0_-150_r2,right,0.009,0.02,0.0,0,stop,0.4081795150414109,0.0,0.0,0.0,0.0,0.0,0.0,0.0,0.0,0
right_kp0.009_ki0.02_kd0_-150_r2,right,0.009,0.02,0.0,0,stop,0.47453817003406584,0.0,0.0,0.0,0.0,0.0,0.0,0.0,0.0,0
right_kp0.009_ki0.02_kd0_-150_r2,right,0.009,0.02,0.0,0,stop,0.5408931390265934,0.0,0.0,0.0,0.0,0.0,0.0,0.0,0.0,0
right_kp0.009_ki0.02_kd0_-150_r2,right,0.009,0.02,0.0,0,stop,0.6072098030126654,0.0,0.0,0.0,0.0,0.0,0.0,0.0,0.0,0
right_kp0.009_ki0.02_kd0_-150_r2,right,0.009,0.02,0.0,0,stop,0.6735192179912701,0.0,0.0,0.0,0.0,0.0,0.0,0.0,0.0,0
right_kp0.009_ki0.02_kd0_+300_r1,right,0.009,0.02,0.0,300.0,run,0.000158353999722749,0.0,0.0,0.0,0.0,0.0,0.0,0.0,0.0,0
right_kp0.009_ki0.02_kd0_+300_r1,right,0.009,0.02,0.0,300.0,run,0.06637070799479261,0.0,0.0,-0.01,0.01,0.0,0.013,0.142,0.517,0
right_kp0.009_ki0.02_kd0_+300_r1,right,0.009,0.02,0.0,300.0,run,0.13250260101631284,0.0,0.02,0.0,0.02,0.06,0.028,0.989,0.691,0
right_kp0.009_ki0.02_kd0_+300_r1,right,0.009,0.02,0.0,300.0,run,0.1986533649615012,0.0,0.14,0.0,0.14,0.06,0.038,1.522,0.536,0
right_kp0.009_ki0.02_kd0_+300_r1,right,0.009,0.02,0.0,300.0,run,0.26485199498711154,0.0,0.18,0.01,0.18,0.06,0.039,1.616,0.493,0
right_kp0.009_ki0.02_kd0_+300_r1,right,0.009,0.02,0.0,300.0,run,0.33112491300562397,0.0,0.19,-0.01,0.19,0.04,0.039,1.613,0.49,0
right_kp0.009_ki0.02_kd0_+300_r1,right,0.009,0.02,0.0,300.0,run,0.39741115598008037,0.0,0.21,0.01,-0.21,-0.04,0.04,1.667,0.471,0
right_kp0.009_ki0.02_kd0_+300_r1,right,0.009,0.02,0.0,300.0,run,0.46377190499333665,0.0,0.24,0.01,0.24,0.04,0.042,1.731,0.458,0
right_kp0.009_ki0.02_kd0_+300_r1,right,0.009,0.02,0.0,300.0,run,0.5300399719853885,0.0,0.21,0.08,-0.22,-0.06,0.042,1.766,0.31,0
right_kp0.009_ki0.02_kd0_+300_r1,right,0.009,0.02,0.0,300.0,run,0.5962382369907573,0.0,0.27,0.02,0.27,0.06,0.044,1.868,-0.235,0
right_kp0.009_ki0.02_kd0_+300_r1,right,0.009,0.02,0.0,300.0,run,0.6625602300046012,0.0,0.29,0.01,0.29,0.02,0.044,1.863,-0.356,0
right_kp0.009_ki0.02_kd0_+300_r1,right,0.009,0.02,0.0,300.0,run,0.7289882909972221,0.0,0.31,0.0,0.31,0.06,0.046,1.922,-0.359,0
right_kp0.009_ki0.02_kd0_+300_r1,right,0.009,0.02,0.0,300.0,run,0.7952173789963126,0.0,0.3,0.0,-0.3,-0.08,0.049,2.088,-0.321,0
right_kp0.009_ki0.02_kd0_+300_r1,right,0.009,0.02,0.0,300.0,run,0.8614932089694776,0.0,0.3,0.04,0.3,0.06,0.063,2.675,-0.431,0
right_kp0.009_ki0.02_kd0_+300_r1,right,0.009,0.02,0.0,300.0,run,0.9278315549599938,0.0,0.36,0.02,-0.36,-0.04,0.084,3.562,-0.407,0
right_kp0.009_ki0.02_kd0_+300_r1,right,0.009,0.02,0.0,300.0,run,0.9943835639860481,413.0,0.23,-0.03,0.23,0.08,0.087,3.417,-1.458,0
right_kp0.009_ki0.02_kd0_+300_r1,right,0.009,0.02,0.0,300.0,run,1.0607349330093712,466.0,0.23,0.01,-0.23,-0.04,0.085,3.527,-0.913,0
right_kp0.009_ki0.02_kd0_+300_r1,right,0.009,0.02,0.0,300.0,run,1.1270443699904718,441.0,0.14,0.02,0.14,0.02,0.085,3.635,-0.428,0
right_kp0.009_ki0.02_kd0_+300_r1,right,0.009,0.02,0.0,300.0,run,1.1932970809866674,421.0,0.15,0.02,0.15,0.06,0.08,3.426,0.184,0
right_kp0.009_ki0.02_kd0_+300_r1,right,0.009,0.02,0.0,0,stop,1.200009137392044e-06,386.0,0.16,-0.02,0.16,0.04,0.079,3.367,-0.16,0
right_kp0.009_ki0.02_kd0_+300_r1,right,0.009,0.02,0.0,0,stop,0.07638165104435757,369.0,0.2,-0.05,0.21,0.04,0.069,2.951,0.206,0
right_kp0.009_ki0.02_kd0_+300_r1,right,0.009,0.02,0.0,0,stop,0.1426387180108577,323.0,0.15,0.02,0.15,0.02,0.058,2.48,0.117,0
right_kp0.009_ki0.02_kd0_+300_r1,right,0.009,0.02,0.0,0,stop,0.20897424401482567,283.0,0.0,0.0,0.0,0.0,0.0,0.0,0.0,0
right_kp0.009_ki0.02_kd0_+300_r1,right,0.009,0.02,0.0,0,stop,0.275228105019778,283.0,0.0,0.0,0.0,0.0,0.0,0.0,0.0,0
right_kp0.009_ki0.02_kd0_+300_r1,right,0.009,0.02,0.0,0,stop,0.3415481010451913,283.0,0.0,0.0,0.0,0.0,0.0,0.0,0.0,0
right_kp0.009_ki0.02_kd0_+300_r1,right,0.009,0.02,0.0,0,stop,0.4079808790120296,283.0,0.0,0.0,0.0,0.0,0.0,0.0,0.0,0
right_kp0.009_ki0.02_kd0_+300_r1,right,0.009,0.02,0.0,0,stop,0.474287549033761,283.0,0.0,0.0,0.0,0.0,0.0,0.0,0.0,0
right_kp0.009_ki0.02_kd0_+300_r1,right,0.009,0.02,0.0,0,stop,0.5405133030144498,283.0,0.0,0.0,0.0,0.0,0.0,0.0,0.0,0
right_kp0.009_ki0.02_kd0_+300_r1,right,0.009,0.02,0.0,0,stop,0.6068765260279179,283.0,0.0,0.0,0.0,0.0,0.0,0.0,0.0,0
right_kp0.009_ki0.02_kd0_+300_r1,right,0.009,0.02,0.0,0,stop,0.6732237050309777,0.0,0.0,0.0,0.0,0.0,0.0,0.0,0.0,0
right_kp0.009_ki0.02_kd0_-300_r1,right,0.009,0.02,0.0,-300.0,run,0.00013907800894230604,0.0,0.0,0.0,0.0,0.0,0.0,0.0,0.0,0
right_kp0.009_ki0.02_kd0_-300_r1,right,0.009,0.02,0.0,-300.0,run,0.06671140302205458,0.0,-0.03,0.0,0.03,0.06,0.005,0.217,0.045,0
right_kp0.009_ki0.02_kd0_-300_r1,right,0.009,0.02,0.0,-300.0,run,0.13301723601762205,0.0,-0.03,0.0,0.03,0.04,-0.008,-0.356,0.048,0
right_kp0.009_ki0.02_kd0_-300_r1,right,0.009,0.02,0.0,-300.0,run,0.19914801203412935,0.0,-0.08,0.02,0.09,0.08,-0.032,-1.38,-0.131,0
right_kp0.009_ki0.02_kd0_-300_r1,right,0.009,0.02,0.0,-300.0,run,0.26541654200991616,0.0,-0.16,0.0,0.16,0.0,-0.042,-1.782,-0.281,0
right_kp0.009_ki0.02_kd0_-300_r1,right,0.009,0.02,0.0,-300.0,run,0.33160187205066904,0.0,-0.19,0.0,0.19,0.0,-0.042,-1.769,-0.201,0
right_kp0.009_ki0.02_kd0_-300_r1,right,0.009,0.02,0.0,-300.0,run,0.3976952850352973,0.0,-0.21,0.0,0.21,0.02,-0.043,-1.83,-0.225,0
right_kp0.009_ki0.02_kd0_-300_r1,right,0.009,0.02,0.0,-300.0,run,0.4639082590001635,0.0,-0.21,0.0,0.21,0.08,-0.049,-2.106,-0.166,0
right_kp0.009_ki0.02_kd0_-300_r1,right,0.009,0.02,0.0,-300.0,run,0.5300539040472358,0.0,-0.26,0.0,0.26,0.02,-0.059,-2.53,-0.128,0
right_kp0.009_ki0.02_kd0_-300_r1,right,0.009,0.02,0.0,-300.0,run,0.5963074920000508,-15.0,-0.26,0.01,0.26,0.04,-0.065,-2.774,-0.117,0
right_kp0.009_ki0.02_kd0_-300_r1,right,0.009,0.02,0.0,-300.0,run,0.6625385590014048,-105.0,-0.21,-0.03,0.21,0.08,-0.069,-2.927,-0.463,0
right_kp0.009_ki0.02_kd0_-300_r1,right,0.009,0.02,0.0,-300.0,run,0.7286716820090078,-261.0,-0.2,-0.04,0.21,0.08,-0.068,-2.911,-0.356,0
right_kp0.009_ki0.02_kd0_-300_r1,right,0.009,0.02,0.0,-300.0,run,0.7951087460387498,-280.0,-0.15,0.0,0.15,0.06,-0.066,-2.755,-0.549,0
right_kp0.009_ki0.02_kd0_-300_r1,right,0.009,0.02,0.0,-300.0,run,0.8613423510105349,-276.0,-0.19,-0.01,0.19,0.06,-0.063,-2.662,-0.444,0
right_kp0.009_ki0.02_kd0_-300_r1,right,0.009,0.02,0.0,-300.0,run,0.9276698870235123,-257.0,-0.19,0.02,0.19,0.06,-0.06,-2.55,-0.329,0
right_kp0.009_ki0.02_kd0_-300_r1,right,0.009,0.02,0.0,-300.0,run,0.993972713011317,-235.0,-0.19,0.03,0.19,0.02,-0.064,-2.748,-0.262,0
right_kp0.009_ki0.02_kd0_-300_r1,right,0.009,0.02,0.0,-300.0,run,1.0602234200341627,-217.0,-0.19,-0.07,0.21,0.08,-0.063,-2.665,-0.364,0
right_kp0.009_ki0.02_kd0_-300_r1,right,0.009,0.02,0.0,-300.0,run,1.126423990004696,-214.0,-0.23,0.0,0.23,0.02,-0.065,-2.759,-0.353,0
right_kp0.009_ki0.02_kd0_-300_r1,right,0.009,0.02,0.0,-300.0,run,1.1927118560415693,-235.0,-0.22,0.02,0.22,0.04,-0.065,-2.748,-0.35,0
right_kp0.009_ki0.02_kd0_-300_r1,right,0.009,0.02,0.0,0,stop,1.2100208550691605e-06,-250.0,-0.24,-0.05,-0.25,-0.06,-0.07,-2.97,-0.275,0
right_kp0.009_ki0.02_kd0_-300_r1,right,0.009,0.02,0.0,0,stop,0.07635922101326287,-258.0,-0.12,0.05,0.13,0.04,-0.063,-2.641,-0.562,0
right_kp0.009_ki0.02_kd0_-300_r1,right,0.009,0.02,0.0,0,stop,0.14267211401602253,-266.0,-0.16,-0.03,0.16,0.02,-0.054,-2.282,-0.246,0
right_kp0.009_ki0.02_kd0_-300_r1,right,0.009,0.02,0.0,0,stop,0.2089247779804282,-252.0,0.0,0.0,0.0,0.0,0.0,0.0,0.0,0
right_kp0.009_ki0.02_kd0_-300_r1,right,0.009,0.02,0.0,0,stop,0.27523192402441055,-252.0,0.0,0.0,0.0,0.0,0.0,0.0,0.0,0
right_kp0.009_ki0.02_kd0_-300_r1,right,0.009,0.02,0.0,0,stop,0.34158868301892653,-252.0,0.0,0.0,0.0,0.0,0.0,0.0,0.0,0
right_kp0.009_ki0.02_kd0_-300_r1,right,0.009,0.02,0.0,0,stop,0.40789095300715417,-252.0,0.0,0.0,0.0,0.0,0.0,0.0,0.0,0
right_kp0.009_ki0.02_kd0_-300_r1,right,0.009,0.02,0.0,0,stop,0.4742312799789943,-252.0,0.0,0.0,0.0,0.0,0.0,0.0,0.0,0
right_kp0.009_ki0.02_kd0_-300_r1,right,0.009,0.02,0.0,0,stop,0.5403494790080003,-252.0,0.0,0.0,0.0,0.0,0.0,0.0,0.0,0
right_kp0.009_ki0.02_kd0_-300_r1,right,0.009,0.02,0.0,0,stop,0.6064426620141603,-252.0,0.0,0.0,0.0,0.0,0.0,0.0,0.0,0
right_kp0.009_ki0.02_kd0_-300_r1,right,0.009,0.02,0.0,0,stop,0.67281062703114,0.0,0.0,0.0,0.0,0.0,0.0,0.0,0.0,0
right_kp0.009_ki0.02_kd0_+300_r2,right,0.009,0.02,0.0,300.0,run,0.0001546019921079278,0.0,0.0,0.0,0.0,0.0,0.0,0.0,0.0,0
right_kp0.009_ki0.02_kd0_+300_r2,right,0.009,0.02,0.0,300.0,run,0.06631027004914358,0.0,-0.01,0.0,0.01,0.06,0.013,0.53,0.091,0
right_kp0.009_ki0.02_kd0_+300_r2,right,0.009,0.02,0.0,300.0,run,0.132547831046395,0.0,0.05,0.0,0.05,0.06,0.031,1.34,0.142,0
right_kp0.009_ki0.02_kd0_+300_r2,right,0.009,0.02,0.0,300.0,run,0.1988564640050754,0.0,0.14,0.0,-0.14,-0.04,0.041,1.747,0.198,0
right_kp0.009_ki0.02_kd0_+300_r2,right,0.009,0.02,0.0,300.0,run,0.26518621703144163,0.0,0.19,-0.04,0.2,0.06,0.045,1.905,0.209,0
right_kp0.009_ki0.02_kd0_+300_r2,right,0.009,0.02,0.0,300.0,run,0.33145168400369585,0.0,0.18,0.03,-0.19,-0.06,0.049,2.058,0.423,0
right_kp0.009_ki0.02_kd0_+300_r2,right,0.009,0.02,0.0,300.0,run,0.3977146840188652,0.0,0.23,0.04,0.23,0.06,0.046,1.956,0.053,0
right_kp0.009_ki0.02_kd0_+300_r2,right,0.009,0.02,0.0,300.0,run,0.4640734530403279,0.0,0.24,0.0,0.24,0.06,0.046,1.943,-0.27,0
right_kp0.009_ki0.02_kd0_+300_r2,right,0.009,0.02,0.0,300.0,run,0.5303217000328004,15.0,0.22,-0.07,0.23,0.06,0.053,2.27,-0.294,0
right_kp0.009_ki0.02_kd0_+300_r2,right,0.009,0.02,0.0,300.0,run,0.5966219370020553,15.0,0.24,0.03,0.24,0.08,0.06,2.559,-0.31,0
right_kp0.009_ki0.02_kd0_+300_r2,right,0.009,0.02,0.0,300.0,run,0.6629388990113512,99.0,0.24,-0.03,0.24,0.02,0.069,2.913,-0.404,0
right_kp0.009_ki0.02_kd0_+300_r2,right,0.009,0.02,0.0,300.0,run,0.729233356018085,213.0,0.15,0.0,0.15,0.0,0.071,2.962,-0.686,0
right_kp0.009_ki0.02_kd0_+300_r2,right,0.009,0.02,0.0,300.0,run,0.7955604990129359,297.0,0.15,-0.03,0.15,0.06,0.068,2.892,-0.377,0
right_kp0.009_ki0.02_kd0_+300_r2,right,0.009,0.02,0.0,300.0,run,0.8618975420249626,289.0,0.18,-0.05,0.18,0.08,0.067,2.814,-0.469,0
right_kp0.009_ki0.02_kd0_+300_r2,right,0.009,0.02,0.0,300.0,run,0.9281833750428632,277.0,0.21,0.01,0.21,0.08,0.061,2.589,-0.391,0
right_kp0.009_ki0.02_kd0_+300_r2,right,0.009,0.02,0.0,300.0,run,0.9944158260477707,248.0,0.25,0.0,0.25,0.08,0.061,2.597,-0.327,0
right_kp0.009_ki0.02_kd0_+300_r2,right,0.009,0.02,0.0,300.0,run,1.0606667030369863,232.0,0.21,0.02,0.21,0.08,0.062,2.656,-0.251,0
right_kp0.009_ki0.02_kd0_+300_r2,right,0.009,0.02,0.0,300.0,run,1.1269711490022019,220.0,0.23,-0.05,0.24,0.06,0.064,2.744,-0.329,0
right_kp0.009_ki0.02_kd0_+300_r2,right,0.009,0.02,0.0,300.0,run,1.1931771270465106,231.0,0.26,0.0,0.26,0.08,0.063,2.677,-0.367,0
right_kp0.009_ki0.02_kd0_+300_r2,right,0.009,0.02,0.0,0,stop,2.260028850287199e-06,241.0,0.2,0.0,0.2,0.02,0.067,2.842,-0.436,0
right_kp0.009_ki0.02_kd0_+300_r2,right,0.009,0.02,0.0,0,stop,0.07642024999950081,249.0,0.17,0.01,0.17,0.06,0.065,2.775,-0.294,0
right_kp0.009_ki0.02_kd0_+300_r2,right,0.009,0.02,0.0,0,stop,0.14270418003434315,251.0,0.12,0.02,0.12,0.04,0.054,2.303,-0.375,0
right_kp0.009_ki0.02_kd0_+300_r2,right,0.009,0.02,0.0,0,stop,0.2093350680079311,251.0,0.0,0.0,0.0,0.0,0.0,0.0,0.0,0
right_kp0.009_ki0.02_kd0_+300_r2,right,0.009,0.02,0.0,0,stop,0.27556670899502933,251.0,0.0,0.0,0.0,0.0,0.0,0.0,0.0,0
right_kp0.009_ki0.02_kd0_+300_r2,right,0.009,0.02,0.0,0,stop,0.34191679098876193,251.0,0.0,0.0,0.0,0.0,0.0,0.0,0.0,0
right_kp0.009_ki0.02_kd0_+300_r2,right,0.009,0.02,0.0,0,stop,0.40827970003010705,251.0,0.0,0.0,0.0,0.0,0.0,0.0,0.0,0
right_kp0.009_ki0.02_kd0_+300_r2,right,0.009,0.02,0.0,0,stop,0.47450476099038497,251.0,0.0,0.0,0.0,0.0,0.0,0.0,0.0,0
right_kp0.009_ki0.02_kd0_+300_r2,right,0.009,0.02,0.0,0,stop,0.5407601980259642,251.0,0.0,0.0,0.0,0.0,0.0,0.0,0.0,0
right_kp0.009_ki0.02_kd0_+300_r2,right,0.009,0.02,0.0,0,stop,0.6070016840239987,251.0,0.0,0.0,0.0,0.0,0.0,0.0,0.0,0
right_kp0.009_ki0.02_kd0_+300_r2,right,0.009,0.02,0.0,0,stop,0.6733648070367053,0.0,0.0,0.0,0.0,0.0,0.0,0.0,0.0,0
right_kp0.009_ki0.02_kd0_-300_r2,right,0.009,0.02,0.0,-300.0,run,0.00012471096124500036,0.0,0.0,0.0,0.0,0.0,0.0,0.0,0.0,0
right_kp0.009_ki0.02_kd0_-300_r2,right,0.009,0.02,0.0,-300.0,run,0.06633659498766065,0.0,-0.03,0.0,0.03,0.06,0.004,0.174,0.042,0
right_kp0.009_ki0.02_kd0_-300_r2,right,0.009,0.02,0.0,-300.0,run,0.13245939096668735,0.0,-0.03,0.0,0.03,0.06,-0.01,-0.428,0.024,0
right_kp0.009_ki0.02_kd0_-300_r2,right,0.009,0.02,0.0,-300.0,run,0.1987015189952217,0.0,-0.1,0.01,0.1,0.02,-0.035,-1.485,-0.187,0
right_kp0.009_ki0.02_kd0_-300_r2,right,0.009,0.02,0.0,-300.0,run,0.2651334539987147,0.0,-0.16,0.0,0.16,0.08,-0.043,-1.812,-0.243,0
right_kp0.009_ki0.02_kd0_-300_r2,right,0.009,0.02,0.0,-300.0,run,0.3312894239788875,0.0,-0.2,0.0,0.2,0.06,-0.046,-1.951,-0.276,0
right_kp0.009_ki0.02_kd0_-300_r2,right,0.009,0.02,0.0,-300.0,run,0.3975978689850308,0.0,-0.21,-0.01,0.21,0.08,-0.047,-1.991,-0.123,0
right_kp0.009_ki0.02_kd0_-300_r2,right,0.009,0.02,0.0,-300.0,run,0.46383237396366894,0.0,-0.2,0.01,0.2,0.04,-0.056,-2.385,-0.136,0
right_kp0.009_ki0.02_kd0_-300_r2,right,0.009,0.02,0.0,-300.0,run,0.5301298399572261,0.0,-0.26,0.01,0.26,0.02,-0.059,-2.527,-0.136,0
right_kp0.009_ki0.02_kd0_-300_r2,right,0.009,0.02,0.0,-300.0,run,0.5965221250080504,-27.0,-0.2,0.05,0.2,0.06,-0.063,-2.694,-0.38,0
right_kp0.009_ki0.02_kd0_-300_r2,right,0.009,0.02,0.0,-300.0,run,0.6630432889796793,-221.0,-0.23,0.04,0.23,0.08,-0.063,-2.659,-0.364,0
right_kp0.009_ki0.02_kd0_-300_r2,right,0.009,0.02,0.0,-300.0,run,0.7293326779617928,-244.0,-0.17,0.01,0.17,0.04,-0.067,-2.862,-0.286,0
right_kp0.009_ki0.02_kd0_-300_r2,right,0.009,0.02,0.0,-300.0,run,0.7957818589638919,-253.0,-0.18,-0.02,0.18,0.04,-0.063,-2.672,-0.391,0
right_kp0.009_ki0.02_kd0_-300_r2,right,0.009,0.02,0.0,-300.0,run,0.862111730966717,-247.0,-0.22,0.0,0.22,0.0,-0.06,-2.565,-0.364,0
right_kp0.009_ki0.02_kd0_-300_r2,right,0.009,0.02,0.0,-300.0,run,0.9284232239588164,-236.0,-0.21,0.0,0.21,0.02,-0.059,-2.514,-0.251,0
right_kp0.009_ki0.02_kd0_-300_r2,right,0.009,0.02,0.0,-300.0,run,0.9949296839768067,-218.0,-0.19,0.03,0.19,0.06,-0.064,-2.734,-0.203,0
right_kp0.009_ki0.02_kd0_-300_r2,right,0.009,0.02,0.0,-300.0,run,1.0612945889588445,-211.0,-0.17,0.0,0.17,0.0,-0.063,-2.685,-0.369,0
right_kp0.009_ki0.02_kd0_-300_r2,right,0.009,0.02,0.0,-300.0,run,1.1275621259701438,-213.0,-0.22,0.0,0.22,0.06,-0.065,-2.771,-0.343,0
right_kp0.009_ki0.02_kd0_-300_r2,right,0.009,0.02,0.0,-300.0,run,1.1938171559595503,-239.0,-0.23,0.0,0.23,0.04,-0.065,-2.744,-0.364,0
right_kp0.009_ki0.02_kd0_-300_r2,right,0.009,0.02,0.0,0,stop,1.402979250997305e-06,-253.0,-0.24,-0.04,0.25,0.04,-0.07,-3.01,-0.276,0
right_kp0.009_ki0.02_kd0_-300_r2,right,0.009,0.02,0.0,0,stop,0.07668209495022893,-261.0,-0.13,0.05,0.14,0.04,-0.063,-2.645,-0.549,0
right_kp0.009_ki0.02_kd0_-300_r2,right,0.009,0.02,0.0,0,stop,0.14316808199509978,-269.0,-0.16,-0.03,0.16,0.02,-0.053,-2.265,-0.273,0
right_kp0.009_ki0.02_kd0_-300_r2,right,0.009,0.02,0.0,0,stop,0.20987853198312223,-253.0,0.0,0.0,0.0,0.0,0.0,0.0,0.0,0
right_kp0.009_ki0.02_kd0_-300_r2,right,0.009,0.02,0.0,0,stop,0.2764924269868061,-253.0,0.0,0.0,0.0,0.0,0.0,0.0,0.0,0
right_kp0.009_ki0.02_kd0_-300_r2,right,0.009,0.02,0.0,0,stop,0.34303841198561713,-253.0,0.0,0.0,0.0,0.0,0.0,0.0,0.0,0
right_kp0.009_ki0.02_kd0_-300_r2,right,0.009,0.02,0.0,0,stop,0.40986412996426225,-253.0,0.0,0.0,0.0,0.0,0.0,0.0,0.0,0
right_kp0.009_ki0.02_kd0_-300_r2,right,0.009,0.02,0.0,0,stop,0.4762121089734137,-253.0,0.0,0.0,0.0,0.0,0.0,0.0,0.0,0
right_kp0.009_ki0.02_kd0_-300_r2,right,0.009,0.02,0.0,0,stop,0.5425508180051111,-253.0,0.0,0.0,0.0,0.0,0.0,0.0,0.0,0
right_kp0.009_ki0.02_kd0_-300_r2,right,0.009,0.02,0.0,0,stop,0.609091043996159,-253.0,0.0,0.0,0.0,0.0,0.0,0.0,0.0,0
right_kp0.009_ki0.02_kd0_-300_r2,right,0.009,0.02,0.0,0,stop,0.6753510439884849,0.0,0.0,0.0,0.0,0.0,0.0,0.0,0.0,0
right_kp0.009_ki0.02_kd0_+450_r1,right,0.009,0.02,0.0,450.0,run,0.00015453400555998087,0.0,0.0,0.0,0.0,0.0,0.0,0.0,0.0,0
right_kp0.009_ki0.02_kd0_+450_r1,right,0.009,0.02,0.0,450.0,run,0.06633423495804891,0.0,-0.01,0.0,0.01,0.0,0.013,0.533,0.077,0
right_kp0.009_ki0.02_kd0_+450_r1,right,0.009,0.02,0.0,450.0,run,0.13268415798665956,0.0,0.07,0.0,0.07,0.06,0.031,1.334,0.12,0
right_kp0.009_ki0.02_kd0_+450_r1,right,0.009,0.02,0.0,450.0,run,0.19903324998449534,0.0,0.14,0.0,0.14,0.06,0.041,1.745,0.174,0
right_kp0.009_ki0.02_kd0_+450_r1,right,0.009,0.02,0.0,450.0,run,0.2654340849840082,0.0,0.21,-0.03,0.22,0.06,0.045,1.943,0.155,0
right_kp0.009_ki0.02_kd0_+450_r1,right,0.009,0.02,0.0,450.0,run,0.3319946019910276,0.0,0.28,0.03,0.28,0.02,0.056,2.375,0.227,0
right_kp0.009_ki0.02_kd0_+450_r1,right,0.009,0.02,0.0,450.0,run,0.39822881401050836,15.0,0.25,-0.06,0.26,0.06,0.067,2.868,-0.254,0
right_kp0.009_ki0.02_kd0_+450_r1,right,0.009,0.02,0.0,450.0,run,0.46458217600593343,173.0,0.31,0.07,0.31,0.04,0.076,3.24,-0.509,0
right_kp0.009_ki0.02_kd0_+450_r1,right,0.009,0.02,0.0,450.0,run,0.5308578200056218,325.0,0.15,-0.02,0.15,0.06,0.078,3.192,-0.981,0
right_kp0.009_ki0.02_kd0_+450_r1,right,0.009,0.02,0.0,450.0,run,0.5971188329858705,367.0,0.18,0.02,-0.18,-0.04,0.077,3.23,-0.595,0
right_kp0.009_ki0.02_kd0_+450_r1,right,0.009,0.02,0.0,450.0,run,0.6634125959826633,353.0,0.14,0.05,0.15,0.08,0.073,3.059,-0.731,0
right_kp0.009_ki0.02_kd0_+450_r1,right,0.009,0.02,0.0,450.0,run,0.7298159109777771,344.0,0.2,0.01,-0.2,-0.04,0.074,3.107,-0.672,0
right_kp0.009_ki0.02_kd0_+450_r1,right,0.009,0.02,0.0,450.0,run,0.7961587699828669,330.0,0.24,0.03,0.24,0.06,0.077,3.243,-0.487,0
right_kp0.009_ki0.02_kd0_+450_r1,right,0.009,0.02,0.0,450.0,run,0.8625504879746586,348.0,0.26,0.02,0.26,0.06,0.074,3.061,-0.742,0
right_kp0.009_ki0.02_kd0_+450_r1,right,0.009,0.02,0.0,450.0,run,0.9288696279982105,362.0,0.17,-0.05,-0.17,-0.04,0.08,3.367,-0.543,0
right_kp0.009_ki0.02_kd0_+450_r1,right,0.009,0.02,0.0,450.0,run,0.9951747299637645,379.0,0.26,0.08,0.27,0.08,0.077,3.203,-0.787,0
right_kp0.009_ki0.02_kd0_+450_r1,right,0.009,0.02,0.0,450.0,run,1.061555148975458,393.0,0.18,-0.04,0.19,0.08,0.082,3.418,-0.803,0
right_kp0.009_ki0.02_kd0_+450_r1,right,0.009,0.02,0.0,450.0,run,1.1278881480102427,394.0,0.18,-0.02,0.18,0.06,0.083,3.509,-0.691,0
right_kp0.009_ki0.02_kd0_+450_r1,right,0.009,0.02,0.0,450.0,run,1.1941418380010873,412.0,0.15,0.01,0.15,0.06,0.084,3.45,-0.983,0
right_kp0.009_ki0.02_kd0_+450_r1,right,0.009,0.02,0.0,0,stop,1.1500087566673756e-06,410.0,0.28,0.07,0.29,0.06,0.082,3.45,-0.72,0
right_kp0.009_ki0.02_kd0_+450_r1,right,0.009,0.02,0.0,0,stop,0.07649148599011824,419.0,0.13,0.01,0.13,0.06,0.081,3.329,-0.961,0
right_kp0.009_ki0.02_kd0_+450_r1,right,0.009,0.02,0.0,0,stop,0.1429822649806738,399.0,0.15,0.0,-0.15,-0.06,0.072,3.026,-0.53,0
right_kp0.009_ki0.02_kd0_+450_r1,right,0.009,0.02,0.0,0,stop,0.20939861598890275,348.0,0.13,-0.01,0.13,0.04,0.059,2.456,-0.514,0
right_kp0.009_ki0.02_kd0_+450_r1,right,0.009,0.02,0.0,0,stop,0.2757959479931742,296.0,0.0,0.0,0.0,0.0,0.0,0.0,0.0,0
right_kp0.009_ki0.02_kd0_+450_r1,right,0.009,0.02,0.0,0,stop,0.34214684600010514,296.0,0.0,0.0,0.0,0.0,0.0,0.0,0.0,0
right_kp0.009_ki0.02_kd0_+450_r1,right,0.009,0.02,0.0,0,stop,0.4084267499856651,296.0,0.0,0.0,0.0,0.0,0.0,0.0,0.0,0
right_kp0.009_ki0.02_kd0_+450_r1,right,0.009,0.02,0.0,0,stop,0.4747917979839258,296.0,0.0,0.0,0.0,0.0,0.0,0.0,0.0,0
right_kp0.009_ki0.02_kd0_+450_r1,right,0.009,0.02,0.0,0,stop,0.541142473986838,296.0,0.0,0.0,0.0,0.0,0.0,0.0,0.0,0
right_kp0.009_ki0.02_kd0_+450_r1,right,0.009,0.02,0.0,0,stop,0.6074502129922621,296.0,0.0,0.0,0.0,0.0,0.0,0.0,0.0,0
right_kp0.009_ki0.02_kd0_+450_r1,right,0.009,0.02,0.0,0,stop,0.6737760559772141,296.0,0.0,0.0,0.0,0.0,0.0,0.0,0.0,0
right_kp0.009_ki0.02_kd0_-450_r1,right,0.009,0.02,0.0,-450.0,run,0.0001420699991285801,0.0,0.0,0.0,0.0,0.0,0.0,0.0,0.0,0
right_kp0.009_ki0.02_kd0_-450_r1,right,0.009,0.02,0.0,-450.0,run,0.06629480898845941,0.0,0.0,-0.03,0.03,0.02,-0.012,-0.112,0.508,0
right_kp0.009_ki0.02_kd0_-450_r1,right,0.009,0.02,0.0,-450.0,run,0.13264559098752216,0.0,-0.03,0.01,0.03,0.02,-0.027,-0.956,0.664,0
right_kp0.009_ki0.02_kd0_-450_r1,right,0.009,0.02,0.0,-450.0,run,0.19894663797458634,0.0,-0.13,-0.01,0.13,0.04,-0.037,-1.451,0.624,0
right_kp0.009_ki0.02_kd0_-450_r1,right,0.009,0.02,0.0,-450.0,run,0.26536241499707103,0.0,-0.19,0.0,0.19,0.02,-0.042,-1.695,0.597,0
right_kp0.009_ki0.02_kd0_-450_r1,right,0.009,0.02,0.0,-450.0,run,0.3316336959833279,0.0,-0.27,0.01,0.27,0.02,-0.048,-1.995,0.476,0
right_kp0.009_ki0.02_kd0_-450_r1,right,0.009,0.02,0.0,-450.0,run,0.39793812099378556,0.0,-0.27,0.03,0.27,0.02,-0.056,-2.397,-0.013,0
right_kp0.009_ki0.02_kd0_-450_r1,right,0.009,0.02,0.0,-450.0,run,0.46448821999365464,0.0,-0.27,0.05,0.27,0.0,-0.075,-3.222,-0.238,0
right_kp0.009_ki0.02_kd0_-450_r1,right,0.009,0.02,0.0,-450.0,run,0.5307259709807113,-230.0,-0.34,0.09,0.35,0.06,-0.077,-3.211,-0.792,0
right_kp0.009_ki0.02_kd0_-450_r1,right,0.009,0.02,0.0,-450.0,run,0.5969432650017552,-407.0,-0.16,0.0,0.16,0.02,-0.082,-3.407,-0.849,0
right_kp0.009_ki0.02_kd0_-450_r1,right,0.009,0.02,0.0,-450.0,run,0.663226701959502,-392.0,-0.18,-0.01,0.18,0.02,-0.079,-3.337,-0.661,0
right_kp0.009_ki0.02_kd0_-450_r1,right,0.009,0.02,0.0,-450.0,run,0.7295131649589166,-382.0,-0.18,0.06,0.19,0.06,-0.076,-3.163,-0.822,0
right_kp0.009_ki0.02_kd0_-450_r1,right,0.009,0.02,0.0,-450.0,run,0.7958946260041557,-376.0,-0.23,0.02,0.23,0.02,-0.079,-3.364,-0.498,0
right_kp0.009_ki0.02_kd0_-450_r1,right,0.009,0.02,0.0,-450.0,run,0.862341717001982,-380.0,-0.27,0.05,-0.27,-0.06,-0.076,-3.134,-0.849,0
right_kp0.009_ki0.02_kd0_-450_r1,right,0.009,0.02,0.0,-450.0,run,0.9286492529790848,-380.0,-0.14,-0.06,-0.15,-0.06,-0.082,-3.482,-0.516,0
right_kp0.009_ki0.02_kd0_-450_r1,right,0.009,0.02,0.0,-450.0,run,0.9949636189849116,-386.0,-0.2,0.1,0.23,0.06,-0.078,-3.209,-0.9,0
right_kp0.009_ki0.02_kd0_-450_r1,right,0.009,0.02,0.0,-450.0,run,1.061263365962077,-405.0,-0.19,0.0,0.19,0.06,-0.083,-3.485,-0.792,0
right_kp0.009_ki0.02_kd0_-450_r1,right,0.009,0.02,0.0,-450.0,run,1.1278069769614376,-405.0,-0.26,0.0,0.26,0.04,-0.083,-3.487,-0.731,0
right_kp0.009_ki0.02_kd0_-450_r1,right,0.009,0.02,0.0,-450.0,run,1.194100193970371,-427.0,-0.16,-0.03,0.16,0.06,-0.084,-3.503,-0.859,0
right_kp0.009_ki0.02_kd0_-450_r1,right,0.009,0.02,0.0,0,stop,1.1899974197149277e-06,-423.0,-0.19,-0.01,0.19,0.02,-0.085,-3.549,-0.728,0
right_kp0.009_ki0.02_kd0_-450_r1,right,0.009,0.02,0.0,0,stop,0.07637781702214852,-432.0,-0.14,-0.07,0.15,0.04,-0.08,-3.359,-0.723,0
right_kp0.009_ki0.02_kd0_-450_r1,right,0.009,0.02,0.0,0,stop,0.14262149098794907,-387.0,-0.11,0.0,0.11,0.04,-0.071,-2.962,-0.658,0
right_kp0.009_ki0.02_kd0_-450_r1,right,0.009,0.02,0.0,0,stop,0.20932321099098772,-328.0,-0.12,0.01,0.12,0.02,-0.06,-2.499,-0.613,0
right_kp0.009_ki0.02_kd0_-450_r1,right,0.009,0.02,0.0,0,stop,0.2756661460152827,-279.0,0.0,0.0,0.0,0.0,0.0,0.0,0.0,0
right_kp0.009_ki0.02_kd0_-450_r1,right,0.009,0.02,0.0,0,stop,0.34210603998508304,-279.0,0.0,0.0,0.0,0.0,0.0,0.0,0.0,0
right_kp0.009_ki0.02_kd0_-450_r1,right,0.009,0.02,0.0,0,stop,0.4087320569669828,-279.0,0.0,0.0,0.0,0.0,0.0,0.0,0.0,0
right_kp0.009_ki0.02_kd0_-450_r1,right,0.009,0.02,0.0,0,stop,0.47504724096506834,-279.0,0.0,0.0,0.0,0.0,0.0,0.0,0.0,0
right_kp0.009_ki0.02_kd0_-450_r1,right,0.009,0.02,0.0,0,stop,0.5413796689826995,-279.0,0.0,0.0,0.0,0.0,0.0,0.0,0.0,0
right_kp0.009_ki0.02_kd0_-450_r1,right,0.009,0.02,0.0,0,stop,0.6076391100068577,-279.0,0.0,0.0,0.0,0.0,0.0,0.0,0.0,0
right_kp0.009_ki0.02_kd0_-450_r1,right,0.009,0.02,0.0,0,stop,0.6739957579993643,-279.0,0.0,0.0,0.0,0.0,0.0,0.0,0.0,0
right_kp0.009_ki0.02_kd0_+450_r2,right,0.009,0.02,0.0,450.0,run,0.00012763799168169498,0.0,0.0,0.0,0.0,0.0,0.0,0.0,0.0,0
right_kp0.009_ki0.02_kd0_+450_r2,right,0.009,0.02,0.0,450.0,run,0.06635168200591579,0.0,0.01,0.0,-0.01,-0.04,0.008,0.305,0.15,0
right_kp0.009_ki0.02_kd0_+450_r2,right,0.009,0.02,0.0,450.0,run,0.1328274350380525,0.0,0.05,0.0,0.05,0.08,0.027,1.141,0.235,0
right_kp0.009_ki0.02_kd0_+450_r2,right,0.009,0.02,0.0,450.0,run,0.19907900202088058,0.0,0.13,0.0,0.13,0.04,0.038,1.623,0.243,0
right_kp0.009_ki0.02_kd0_+450_r2,right,0.009,0.02,0.0,450.0,run,0.26542083401000127,0.0,0.21,0.0,0.21,0.02,0.043,1.821,0.123,0
right_kp0.009_ki0.02_kd0_+450_r2,right,0.009,0.02,0.0,450.0,run,0.3316611149930395,0.0,0.24,0.02,-0.24,-0.06,0.054,2.311,0.246,0
right_kp0.009_ki0.02_kd0_+450_r2,right,0.009,0.02,0.0,450.0,run,0.3978949320153333,0.0,0.26,0.06,0.26,0.08,0.066,2.796,-0.348,0
right_kp0.009_ki0.02_kd0_+450_r2,right,0.009,0.02,0.0,450.0,run,0.4642603510292247,32.0,0.31,0.01,0.31,0.08,0.081,3.471,-0.372,0
right_kp0.009_ki0.02_kd0_+450_r2,right,0.009,0.02,0.0,450.0,run,0.5305745900259353,348.0,0.16,0.04,0.17,0.06,0.077,3.139,-1.02,0
right_kp0.009_ki0.02_kd0_+450_r2,right,0.009,0.02,0.0,450.0,run,0.5967564519960433,395.0,0.17,0.01,-0.17,-0.04,0.078,3.294,-0.567,0
right_kp0.009_ki0.02_kd0_+450_r2,right,0.009,0.02,0.0,450.0,run,0.6629112290102057,360.0,0.22,0.06,0.23,0.06,0.072,3.01,-0.626,0
right_kp0.009_ki0.02_kd0_+450_r2,right,0.009,0.02,0.0,450.0,run,0.7292043670313433,350.0,0.23,-0.01,0.23,0.06,0.074,3.067,-0.72,0
right_kp0.009_ki0.02_kd0_+450_r2,right,0.009,0.02,0.0,450.0,run,0.7954566210391931,329.0,0.23,0.0,0.23,0.06,0.077,3.294,-0.415,0
right_kp0.009_ki0.02_kd0_+450_r2,right,0.009,0.02,0.0,450.0,run,0.8616668910253793,352.0,0.3,0.0,0.3,0.06,0.073,3.043,-0.664,0
right_kp0.009_ki0.02_kd0_+450_r2,right,0.009,0.02,0.0,450.0,run,0.92797346401494,360.0,0.23,-0.03,0.23,0.0,0.078,3.308,-0.594,0
right_kp0.009_ki0.02_kd0_+450_r2,right,0.009,0.02,0.0,450.0,run,0.9943631350179203,376.0,0.35,0.04,-0.35,-0.04,0.078,3.254,-0.667,0
right_kp0.009_ki0.02_kd0_+450_r2,right,0.009,0.02,0.0,450.0,run,1.0607315060333349,395.0,0.2,0.01,-0.2,-0.04,0.081,3.34,-0.894,0
right_kp0.009_ki0.02_kd0_+450_r2,right,0.009,0.02,0.0,450.0,run,1.1269312470103614,391.0,0.21,0.06,0.22,0.06,0.082,3.471,-0.658,0
right_kp0.009_ki0.02_kd0_+450_r2,right,0.009,0.02,0.0,450.0,run,1.1933083530166186,413.0,0.27,0.05,0.27,0.08,0.08,3.308,-0.958,0
right_kp0.009_ki0.02_kd0_+450_r2,right,0.009,0.02,0.0,0,stop,1.4170072972774506e-06,409.0,0.27,0.02,0.27,0.08,0.085,3.589,-0.565,0
right_kp0.009_ki0.02_kd0_+450_r2,right,0.009,0.02,0.0,0,stop,0.07642974000191316,418.0,0.24,0.05,-0.25,-0.04,0.078,3.214,-0.937,0
right_kp0.009_ki0.02_kd0_+450_r2,right,0.009,0.02,0.0,0,stop,0.14270594902336597,389.0,0.18,-0.04,0.18,0.04,0.072,3.072,-0.436,0
right_kp0.009_ki0.02_kd0_+450_r2,right,0.009,0.02,0.0,0,stop,0.20898116199532524,342.0,0.11,-0.02,0.12,0.06,0.058,2.461,-0.412,0
right_kp0.009_ki0.02_kd0_+450_r2,right,0.009,0.02,0.0,0,stop,0.2752799619920552,287.0,0.0,0.0,0.0,0.0,0.0,0.0,0.0,0
right_kp0.009_ki0.02_kd0_+450_r2,right,0.009,0.02,0.0,0,stop,0.3415470390464179,287.0,0.0,0.0,0.0,0.0,0.0,0.0,0.0,0
right_kp0.009_ki0.02_kd0_+450_r2,right,0.009,0.02,0.0,0,stop,0.4077580730081536,287.0,0.0,0.0,0.0,0.0,0.0,0.0,0.0,0
right_kp0.009_ki0.02_kd0_+450_r2,right,0.009,0.02,0.0,0,stop,0.47407479904359207,287.0,0.0,0.0,0.0,0.0,0.0,0.0,0.0,0
right_kp0.009_ki0.02_kd0_+450_r2,right,0.009,0.02,0.0,0,stop,0.5403918310184963,287.0,0.0,0.0,0.0,0.0,0.0,0.0,0.0,0
right_kp0.009_ki0.02_kd0_+450_r2,right,0.009,0.02,0.0,0,stop,0.6066964280325919,287.0,0.0,0.0,0.0,0.0,0.0,0.0,0.0,0
right_kp0.009_ki0.02_kd0_+450_r2,right,0.009,0.02,0.0,0,stop,0.6730166340130381,287.0,0.0,0.0,0.0,0.0,0.0,0.0,0.0,0
right_kp0.009_ki0.02_kd0_-450_r2,right,0.009,0.02,0.0,-450.0,run,0.0001458419719710946,0.0,0.0,0.0,0.0,0.0,0.0,0.0,0.0,0
right_kp0.009_ki0.02_kd0_-450_r2,right,0.009,0.02,0.0,-450.0,run,0.06628953997278586,0.0,0.0,0.0,0.0,-0.06,-0.013,-0.109,0.538,0
right_kp0.009_ki0.02_kd0_-450_r2,right,0.009,0.02,0.0,-450.0,run,0.1325977059896104,0.0,-0.03,0.02,0.04,0.06,-0.027,-0.953,0.68,0
right_kp0.009_ki0.02_kd0_-450_r2,right,0.009,0.02,0.0,-450.0,run,0.19891899195499718,0.0,-0.13,0.0,0.13,0.06,-0.037,-1.449,0.626,0
right_kp0.009_ki0.02_kd0_-450_r2,right,0.009,0.02,0.0,-450.0,run,0.2657618629746139,0.0,-0.21,0.01,0.21,0.06,-0.041,-1.671,0.567,0
right_kp0.009_ki0.02_kd0_-450_r2,right,0.009,0.02,0.0,-450.0,run,0.33204607595689595,0.0,-0.27,0.0,0.27,0.06,-0.044,-1.826,0.492,0
right_kp0.009_ki0.02_kd0_-450_r2,right,0.009,0.02,0.0,-450.0,run,0.3983057589503005,0.0,-0.25,0.02,-0.25,-0.06,-0.05,-2.151,-0.066,0
right_kp0.009_ki0.02_kd0_-450_r2,right,0.009,0.02,0.0,-450.0,run,0.4646617669495754,0.0,-0.24,-0.07,0.25,0.06,-0.066,-2.826,-0.297,0
right_kp0.009_ki0.02_kd0_-450_r2,right,0.009,0.02,0.0,-450.0,run,0.5309467269689776,-30.0,-0.37,0.11,-0.38,-0.04,-0.079,-3.367,-0.407,0
right_kp0.009_ki0.02_kd0_-450_r2,right,0.009,0.02,0.0,-450.0,run,0.5971247559646145,-397.0,-0.19,0.04,0.19,0.08,-0.082,-3.324,-1.125,0
right_kp0.009_ki0.02_kd0_-450_r2,right,0.009,0.02,0.0,-450.0,run,0.6634419649490155,-430.0,-0.25,0.03,0.25,0.04,-0.082,-3.434,-0.669,0
right_kp0.009_ki0.02_kd0_-450_r2,right,0.009,0.02,0.0,-450.0,run,0.7296853619627655,-418.0,-0.17,-0.06,0.18,0.06,-0.08,-3.327,-0.833,0
right_kp0.009_ki0.02_kd0_-450_r2,right,0.009,0.02,0.0,-450.0,run,0.796053382975515,-401.0,-0.2,-0.07,0.21,0.06,-0.083,-3.527,-0.525,0
right_kp0.009_ki0.02_kd0_-450_r2,right,0.009,0.02,0.0,-450.0,run,0.8621989619568922,-391.0,-0.19,-0.02,0.19,0.04,-0.08,-3.335,-0.811,0
right_kp0.009_ki0.02_kd0_-450_r2,right,0.009,0.02,0.0,-450.0,run,0.9287724429741502,-397.0,-0.22,-0.02,0.22,0.08,-0.081,-3.431,-0.589,0
right_kp0.009_ki0.02_kd0_-450_r2,right,0.009,0.02,0.0,-450.0,run,0.9950566769693978,-397.0,-0.33,0.05,-0.33,-0.04,-0.077,-3.201,-0.808,0
right_kp0.009_ki0.02_kd0_-450_r2,right,0.009,0.02,0.0,-450.0,run,1.0613556619500741,-410.0,-0.17,-0.03,0.18,0.04,-0.084,-3.501,-0.763,0
right_kp0.009_ki0.02_kd0_-450_r2,right,0.009,0.02,0.0,-450.0,run,1.1276519719976932,-410.0,-0.21,0.0,0.21,0.04,-0.085,-3.546,-0.736,0
right_kp0.009_ki0.02_kd0_-450_r2,right,0.009,0.02,0.0,-450.0,run,1.1939198820036836,-432.0,-0.2,0.0,0.2,0.08,-0.084,-3.479,-0.892,0
right_kp0.009_ki0.02_kd0_-450_r2,right,0.009,0.02,0.0,0,stop,1.275970134884119e-06,-426.0,-0.19,-0.03,-0.19,-0.06,-0.085,-3.565,-0.742,0
right_kp0.009_ki0.02_kd0_-450_r2,right,0.009,0.02,0.0,0,stop,0.07647558196913451,-434.0,-0.14,-0.09,0.16,0.06,-0.081,-3.372,-0.731,0
right_kp0.009_ki0.02_kd0_-450_r2,right,0.009,0.02,0.0,0,stop,0.1426981659606099,-391.0,-0.1,0.02,0.11,0.04,-0.071,-2.976,-0.685,0
right_kp0.009_ki0.02_kd0_-450_r2,right,0.009,0.02,0.0,0,stop,0.2089716579648666,-332.0,-0.11,0.01,0.11,0.02,-0.06,-2.496,-0.64,0
right_kp0.009_ki0.02_kd0_-450_r2,right,0.009,0.02,0.0,0,stop,0.27533278695773333,-283.0,0.0,0.0,0.0,0.0,0.0,0.0,0.0,0
right_kp0.009_ki0.02_kd0_-450_r2,right,0.009,0.02,0.0,0,stop,0.3416036369744688,-283.0,0.0,0.0,0.0,0.0,0.0,0.0,0.0,0
right_kp0.009_ki0.02_kd0_-450_r2,right,0.009,0.02,0.0,0,stop,0.40795288200024515,-283.0,0.0,0.0,0.0,0.0,0.0,0.0,0.0,0
right_kp0.009_ki0.02_kd0_-450_r2,right,0.009,0.02,0.0,0,stop,0.4742635680013336,-283.0,0.0,0.0,0.0,0.0,0.0,0.0,0.0,0
right_kp0.009_ki0.02_kd0_-450_r2,right,0.009,0.02,0.0,0,stop,0.5405985459801741,-283.0,0.0,0.0,0.0,0.0,0.0,0.0,0.0,0
right_kp0.009_ki0.02_kd0_-450_r2,right,0.009,0.02,0.0,0,stop,0.6068753399886191,-283.0,0.0,0.0,0.0,0.0,0.0,0.0,0.0,0
right_kp0.009_ki0.02_kd0_-450_r2,right,0.009,0.02,0.0,0,stop,0.6731891889940016,-283.0,0.0,0.0,0.0,0.0,0.0,0.0,0.0,0
