case,motor,kp,ki,kd,target,phase,t,erpm,iq,id,imotor,iin,duty,vq,vd,fault
left_kp0.0095_ki0.018_kd0_+300_r1,left,0.0095,0.018,0.0,300.0,run,0.00012482202146202326,0.0,0.0,0.0,0.0,0.0,0.0,0.0,0.0,0
left_kp0.0095_ki0.018_kd0_+300_r1,left,0.0095,0.018,0.0,300.0,run,0.0664541160222143,0.0,0.02,-0.01,0.02,0.04,-0.013,-0.107,0.542,0
left_kp0.0095_ki0.018_kd0_+300_r1,left,0.0095,0.018,0.0,300.0,run,0.13283057301305234,0.0,0.02,0.01,0.02,0.04,0.022,0.67,0.668,0
left_kp0.0095_ki0.018_kd0_+300_r1,left,0.0095,0.018,0.0,300.0,run,0.19962004700209945,0.0,0.12,0.01,0.12,0.04,0.038,1.532,0.547,0
left_kp0.0095_ki0.018_kd0_+300_r1,left,0.0095,0.018,0.0,300.0,run,0.26587601203937083,0.0,0.18,0.02,0.18,0.34,0.042,1.752,0.496,0
left_kp0.0095_ki0.018_kd0_+300_r1,left,0.0095,0.018,0.0,300.0,run,0.3323058260139078,0.0,0.2,0.01,0.2,0.04,0.043,1.779,0.472,0
left_kp0.0095_ki0.018_kd0_+300_r1,left,0.0095,0.018,0.0,300.0,run,0.3987020730273798,0.0,0.21,0.02,0.21,0.08,0.042,1.704,0.55,0
left_kp0.0095_ki0.018_kd0_+300_r1,left,0.0095,0.018,0.0,300.0,run,0.46504312299657613,0.0,0.22,-0.01,0.22,0.04,0.043,1.752,0.603,0
left_kp0.0095_ki0.018_kd0_+300_r1,left,0.0095,0.018,0.0,300.0,run,0.5313072850112803,0.0,0.23,-0.04,0.23,0.04,0.044,1.798,0.619,0
left_kp0.0095_ki0.018_kd0_+300_r1,left,0.0095,0.018,0.0,300.0,run,0.5975448139943182,0.0,0.34,0.06,0.35,0.2,0.044,1.811,0.52,0
left_kp0.0095_ki0.018_kd0_+300_r1,left,0.0095,0.018,0.0,300.0,run,0.6643831430119462,0.0,0.3,0.0,0.3,0.06,0.044,1.878,-0.096,0
left_kp0.0095_ki0.018_kd0_+300_r1,left,0.0095,0.018,0.0,300.0,run,0.7307264900300652,0.0,0.29,-0.01,0.29,0.06,0.049,2.085,-0.212,0
left_kp0.0095_ki0.018_kd0_+300_r1,left,0.0095,0.018,0.0,300.0,run,0.7971777730272152,0.0,0.3,-0.05,0.31,0.08,0.064,2.715,-0.281,0
left_kp0.0095_ki0.018_kd0_+300_r1,left,0.0095,0.018,0.0,300.0,run,0.8635370830306783,0.0,0.3,0.07,0.31,0.16,0.083,3.518,-0.55,0
left_kp0.0095_ki0.018_kd0_+300_r1,left,0.0095,0.018,0.0,300.0,run,0.9297723509953357,409.0,0.17,-0.01,0.17,0.08,0.081,3.311,-1.046,0
left_kp0.0095_ki0.018_kd0_+300_r1,left,0.0095,0.018,0.0,300.0,run,0.99605891603278,432.0,0.15,0.03,0.15,0.02,0.077,3.212,-0.711,0
left_kp0.0095_ki0.018_kd0_+300_r1,left,0.0095,0.018,0.0,300.0,run,1.062519308004994,361.0,0.22,0.01,0.22,0.08,0.071,2.962,-0.625,0
left_kp0.0095_ki0.018_kd0_+300_r1,left,0.0095,0.018,0.0,300.0,run,1.1287866930360906,337.0,0.19,-0.02,0.19,0.06,0.068,2.903,-0.399,0
left_kp0.0095_ki0.018_kd0_+300_r1,left,0.0095,0.018,0.0,300.0,run,1.1950846770196222,310.0,0.22,0.05,0.22,0.04,0.067,2.834,-0.59,0
left_kp0.0095_ki0.018_kd0_+300_r1,left,0.0095,0.018,0.0,300.0,run,1.2614467670209706,280.0,0.21,-0.03,0.21,0.08,0.07,2.962,-0.515,0
left_kp0.0095_ki0.018_kd0_+300_r1,left,0.0095,0.018,0.0,300.0,run,1.327791078016162,284.0,0.19,0.04,0.2,0.04,0.068,2.914,-0.362,0
left_kp0.0095_ki0.018_kd0_+300_r1,left,0.0095,0.018,0.0,300.0,run,1.3942171939997934,289.0,0.17,0.02,0.17,0.32,0.069,2.898,-0.512,0
left_kp0.0095_ki0.018_kd0_+300_r1,left,0.0095,0.018,0.0,300.0,run,1.4605419780127704,280.0,0.16,-0.05,0.17,0.1,0.073,3.083,-0.622,0
left_kp0.0095_ki0.018_kd0_+300_r1,left,0.0095,0.018,0.0,300.0,run,1.5267714689834975,293.0,0.23,-0.04,0.23,0.06,0.069,2.925,-0.348,0
left_kp0.0095_ki0.018_kd0_+300_r1,left,0.0095,0.018,0.0,300.0,run,1.5930734369903803,303.0,0.16,0.01,0.16,0.04,0.07,2.952,-0.488,0
left_kp0.0095_ki0.018_kd0_+300_r1,left,0.0095,0.018,0.0,300.0,run,1.6595162370358594,292.0,0.17,-0.05,0.18,0.38,0.073,3.078,-0.676,0
left_kp0.0095_ki0.018_kd0_+300_r1,left,0.0095,0.018,0.0,300.0,run,1.7258333869976923,300.0,0.25,-0.04,0.25,0.1,0.068,2.906,-0.308,0
left_kp0.0095_ki0.018_kd0_+300_r1,left,0.0095,0.018,0.0,300.0,run,1.7921456940239295,301.0,0.2,0.03,0.2,0.08,0.069,2.904,-0.453,0
left_kp0.0095_ki0.018_kd0_+300_r1,left,0.0095,0.018,0.0,300.0,run,1.8584918029955588,285.0,0.14,0.02,0.14,0.1,0.072,3.001,-0.699,0
left_kp0.0095_ki0.018_kd0_+300_r1,left,0.0095,0.018,0.0,300.0,run,1.924795473983977,295.0,0.18,-0.06,0.19,0.1,0.07,2.968,-0.313,0
left_kp0.0095_ki0.018_kd0_+300_r1,left,0.0095,0.018,0.0,300.0,run,1.991128570982255,294.0,0.21,-0.02,0.21,0.08,0.067,2.837,-0.434,0
left_kp0.0095_ki0.018_kd0_+300_r1,left,0.0095,0.018,0.0,300.0,run,2.057468249986414,278.0,0.24,0.04,0.24,0.06,0.07,2.952,-0.576,0
left_kp0.0095_ki0.018_kd0_+300_r1,left,0.0095,0.018,0.0,300.0,run,2.123791899997741,289.0,0.24,0.03,0.24,0.38,0.068,2.891,-0.321,0
left_kp0.0095_ki0.018_kd0_+300_r1,left,0.0095,0.018,0.0,300.0,run,2.190017078013625,290.0,0.21,0.05,0.21,0.08,0.067,2.845,-0.517,0
left_kp0.0095_ki0.018_kd0_+300_r1,left,0.0095,0.018,0.0,300.0,run,2.2563537349924445,277.0,0.2,-0.02,0.2,0.04,0.071,3.014,-0.485,0
left_kp0.0095_ki0.018_kd0_+300_r1,left,0.0095,0.018,0.0,300.0,run,2.3226068019866943,276.0,0.2,-0.06,0.21,0.06,0.07,2.995,-0.276,0
left_kp0.0095_ki0.018_kd0_+300_r1,left,0.0095,0.018,0.0,300.0,run,2.388919482997153,290.0,0.18,-0.01,0.18,0.08,0.066,2.826,-0.383,0
left_kp0.0095_ki0.018_kd0_+300_r1,left,0.0095,0.018,0.0,300.0,run,2.455210807034746,273.0,0.18,-0.08,0.2,0.06,0.071,2.968,-0.59,0
left_kp0.0095_ki0.018_kd0_+300_r1,left,0.0095,0.018,0.0,300.0,run,2.521475271030795,269.0,0.23,0.03,0.23,0.08,0.068,2.864,-0.498,0
left_kp0.0095_ki0.018_kd0_+300_r1,left,0.0095,0.018,0.0,300.0,run,2.5877122579840943,285.0,0.21,-0.01,0.21,0.08,0.068,2.891,-0.391,0
left_kp0.0095_ki0.018_kd0_+300_r1,left,0.0095,0.018,0.0,300.0,run,2.654288265039213,276.0,0.2,0.02,0.2,0.44,0.069,2.896,-0.573,0
left_kp0.0095_ki0.018_kd0_+300_r1,left,0.0095,0.018,0.0,300.0,run,2.7209239450166933,268.0,0.27,-0.04,0.27,0.08,0.07,2.982,-0.474,0
left_kp0.0095_ki0.018_kd0_+300_r1,left,0.0095,0.018,0.0,300.0,run,2.787295827991329,282.0,0.25,0.02,0.25,0.08,0.067,2.866,-0.295,0
left_kp0.0095_ki0.018_kd0_+300_r1,left,0.0095,0.018,0.0,300.0,run,2.853654623031616,274.0,0.26,0.0,0.26,0.04,0.065,2.759,-0.431,0
left_kp0.0095_ki0.018_kd0_+300_r1,left,0.0095,0.018,0.0,300.0,run,2.9200274919858202,259.0,0.27,0.0,0.27,0.06,0.069,2.928,-0.517,0
left_kp0.0095_ki0.018_kd0_+300_r1,left,0.0095,0.018,0.0,300.0,run,2.9863561980309896,271.0,0.27,-0.01,0.27,0.12,0.069,2.933,-0.262,0
left_kp0.0095_ki0.018_kd0_+300_r1,left,0.0095,0.018,0.0,0,stop,1.1929660104215145e-06,288.0,0.26,0.06,0.27,0.02,0.068,2.88,-0.431,0
left_kp0.0095_ki0.018_kd0_+300_r1,left,0.0095,0.018,0.0,0,stop,0.07651852100389078,267.0,0.18,-0.03,0.19,0.12,0.067,2.856,-0.423,0
left_kp0.0095_ki0.018_kd0_+300_r1,left,0.0095,0.018,0.0,0,stop,0.14282045798609033,240.0,0.15,0.04,0.16,0.06,0.055,2.319,-0.3,0
left_kp0.0095_ki0.018_kd0_+300_r1,left,0.0095,0.018,0.0,0,stop,0.2092063800082542,240.0,0.0,0.0,0.0,0.0,0.0,0.0,0.0,0
left_kp0.0095_ki0.018_kd0_+300_r1,left,0.0095,0.018,0.0,0,stop,0.275498207018245,240.0,0.0,0.0,0.0,0.0,0.0,0.0,0.0,0
left_kp0.0095_ki0.018_kd0_+300_r1,left,0.0095,0.018,0.0,0,stop,0.34198284399462864,240.0,0.0,0.0,0.0,0.0,0.0,0.0,0.0,0
left_kp0.0095_ki0.018_kd0_+300_r1,left,0.0095,0.018,0.0,0,stop,0.4085480269859545,240.0,0.0,0.0,0.0,0.0,0.0,0.0,0.0,0
left_kp0.0095_ki0.018_kd0_+300_r1,left,0.0095,0.018,0.0,0,stop,0.47494624700630084,240.0,0.0,0.0,0.0,0.0,0.0,0.0,0.0,0
left_kp0.0095_ki0.018_kd0_+300_r1,left,0.0095,0.018,0.0,0,stop,0.5411663230042905,240.0,0.0,0.0,0.0,0.0,0.0,0.0,0.0,0
left_kp0.0095_ki0.018_kd0_+300_r1,left,0.0095,0.018,0.0,0,stop,0.6075650220154785,240.0,0.0,0.0,0.0,0.0,0.0,0.0,0.0,0
left_kp0.0095_ki0.018_kd0_+300_r1,left,0.0095,0.018,0.0,0,stop,0.6737502939649858,0.0,0.0,0.0,0.0,0.0,0.0,0.0,0.0,0
left_kp0.0095_ki0.018_kd0_+300_r1,left,0.0095,0.018,0.0,0,stop,0.7399848320055753,0.0,0.0,0.0,0.0,0.0,0.0,0.0,0.0,0
left_kp0.0095_ki0.018_kd0_-300_r1,left,0.0095,0.018,0.0,-300.0,run,0.00015708099817857146,0.0,0.0,0.0,0.0,0.0,0.0,0.0,0.0,0
left_kp0.0095_ki0.018_kd0_-300_r1,left,0.0095,0.018,0.0,-300.0,run,0.06663067499175668,0.0,0.01,0.0,0.01,0.0,-0.012,-0.244,0.463,0
left_kp0.0095_ki0.018_kd0_-300_r1,left,0.0095,0.018,0.0,-300.0,run,0.1329614199930802,0.0,-0.07,-0.02,0.07,0.0,-0.031,-1.158,0.619,0
left_kp0.0095_ki0.018_kd0_-300_r1,left,0.0095,0.018,0.0,-300.0,run,0.19951752002816647,0.0,-0.16,-0.02,0.16,0.04,-0.04,-1.601,0.665,0
left_kp0.0095_ki0.018_kd0_-300_r1,left,0.0095,0.018,0.0,-300.0,run,0.2658461490063928,0.0,-0.18,0.01,0.18,0.02,-0.042,-1.743,0.525,0
left_kp0.0095_ki0.018_kd0_-300_r1,left,0.0095,0.018,0.0,-300.0,run,0.33219514100346714,0.0,-0.21,-0.02,0.21,0.02,-0.042,-1.719,0.544,0
left_kp0.0095_ki0.018_kd0_-300_r1,left,0.0095,0.018,0.0,-300.0,run,0.3985652760020457,0.0,-0.22,0.01,0.22,0.06,-0.042,-1.713,0.485,0
left_kp0.0095_ki0.018_kd0_-300_r1,left,0.0095,0.018,0.0,-300.0,run,0.46491726400563493,0.0,-0.24,-0.04,0.24,0.16,-0.043,-1.78,0.463,0
left_kp0.0095_ki0.018_kd0_-300_r1,left,0.0095,0.018,0.0,-300.0,run,0.5312003240105696,0.0,-0.16,0.06,0.17,0.24,-0.045,-1.901,0.431,0
left_kp0.0095_ki0.018_kd0_-300_r1,left,0.0095,0.018,0.0,-300.0,run,0.5975065929815173,0.0,-0.25,0.02,0.25,0.0,-0.051,-2.164,0.214,0
left_kp0.0095_ki0.018_kd0_-300_r1,left,0.0095,0.018,0.0,-300.0,run,0.6639187029795721,0.0,-0.33,0.03,0.33,0.04,-0.06,-2.566,-0.032,0
left_kp0.0095_ki0.018_kd0_-300_r1,left,0.0095,0.018,0.0,-300.0,run,0.7301741749979556,0.0,-0.28,0.08,0.29,0.0,-0.069,-2.917,-0.463,0
left_kp0.0095_ki0.018_kd0_-300_r1,left,0.0095,0.018,0.0,-300.0,run,0.7964342680061236,-184.0,-0.24,-0.01,0.24,0.06,-0.072,-2.992,-0.761,0
left_kp0.0095_ki0.018_kd0_-300_r1,left,0.0095,0.018,0.0,-300.0,run,0.8627915490069427,-283.0,-0.15,-0.01,0.15,0.02,-0.072,-3.035,-0.49,0
left_kp0.0095_ki0.018_kd0_-300_r1,left,0.0095,0.018,0.0,-300.0,run,0.9290246359887533,-306.0,-0.19,0.04,0.19,0.02,-0.065,-2.743,-0.536,0
left_kp0.0095_ki0.018_kd0_-300_r1,left,0.0095,0.018,0.0,-300.0,run,0.9951603059889749,-272.0,-0.14,0.02,0.14,0.02,-0.065,-2.716,-0.71,0
left_kp0.0095_ki0.018_kd0_-300_r1,left,0.0095,0.018,0.0,-300.0,run,1.0614346439833753,-258.0,-0.22,-0.02,0.23,0.02,-0.064,-2.73,-0.404,0
left_kp0.0095_ki0.018_kd0_-300_r1,left,0.0095,0.018,0.0,-300.0,run,1.1276974439970218,-249.0,-0.19,0.0,0.19,0.3,-0.067,-2.84,-0.286,0
left_kp0.0095_ki0.018_kd0_-300_r1,left,0.0095,0.018,0.0,-300.0,run,1.1941098680254072,-257.0,-0.16,-0.04,0.16,0.02,-0.07,-2.931,-0.565,0
left_kp0.0095_ki0.018_kd0_-300_r1,left,0.0095,0.018,0.0,-300.0,run,1.2603697599843144,-268.0,-0.18,0.03,0.19,0.02,-0.068,-2.813,-0.71,0
left_kp0.0095_ki0.018_kd0_-300_r1,left,0.0095,0.018,0.0,-300.0,run,1.3266649619909003,-283.0,-0.22,-0.02,0.22,0.02,-0.072,-3.046,-0.477,0
left_kp0.0095_ki0.018_kd0_-300_r1,left,0.0095,0.018,0.0,-300.0,run,1.3930495830136351,-296.0,-0.16,0.05,0.17,0.02,-0.071,-2.933,-0.761,0
left_kp0.0095_ki0.018_kd0_-300_r1,left,0.0095,0.018,0.0,-300.0,run,1.459466842992697,-305.0,-0.13,-0.01,0.13,0.02,-0.07,-2.893,-0.842,0
left_kp0.0095_ki0.018_kd0_-300_r1,left,0.0095,0.018,0.0,-300.0,run,1.525799002032727,-311.0,-0.21,-0.06,0.22,0.08,-0.071,-3.027,-0.453,0
left_kp0.0095_ki0.018_kd0_-300_r1,left,0.0095,0.018,0.0,-300.0,run,1.5921700859908015,-304.0,-0.13,-0.01,0.13,0.04,-0.072,-2.968,-0.783,0
left_kp0.0095_ki0.018_kd0_-300_r1,left,0.0095,0.018,0.0,-300.0,run,1.6585014659794979,-303.0,-0.15,0.0,0.15,0.02,-0.071,-2.907,-0.871,0
left_kp0.0095_ki0.018_kd0_-300_r1,left,0.0095,0.018,0.0,-300.0,run,1.7248335399781354,-307.0,-0.25,-0.01,0.25,0.02,-0.07,-2.979,-0.466,0
left_kp0.0095_ki0.018_kd0_-300_r1,left,0.0095,0.018,0.0,-300.0,run,1.791173074976541,-302.0,-0.14,-0.04,0.15,0.02,-0.071,-2.958,-0.75,0
left_kp0.0095_ki0.018_kd0_-300_r1,left,0.0095,0.018,0.0,-300.0,run,1.857478786027059,-299.0,-0.16,0.0,0.16,0.02,-0.07,-2.912,-0.809,0
left_kp0.0095_ki0.018_kd0_-300_r1,left,0.0095,0.018,0.0,-300.0,run,1.9237827180186287,-304.0,-0.24,-0.02,0.24,0.02,-0.069,-2.944,-0.421,0
left_kp0.0095_ki0.018_kd0_-300_r1,left,0.0095,0.018,0.0,-300.0,run,1.9901896310038865,-295.0,-0.13,-0.02,0.14,0.04,-0.07,-2.917,-0.726,0
left_kp0.0095_ki0.018_kd0_-300_r1,left,0.0095,0.018,0.0,-300.0,run,2.056529094988946,-287.0,-0.15,0.0,0.15,0.14,-0.068,-2.813,-0.767,0
left_kp0.0095_ki0.018_kd0_-300_r1,left,0.0095,0.018,0.0,-300.0,run,2.1230398780317046,-291.0,-0.19,-0.04,0.2,0.04,-0.071,-3.03,-0.474,0
left_kp0.0095_ki0.018_kd0_-300_r1,left,0.0095,0.018,0.0,-300.0,run,2.189895331976004,-289.0,-0.17,0.1,0.2,0.04,-0.069,-2.861,-0.732,0
left_kp0.0095_ki0.018_kd0_-300_r1,left,0.0095,0.018,0.0,-300.0,run,2.2563524820143357,-291.0,-0.23,0.02,0.23,0.02,-0.067,-2.799,-0.702,0
left_kp0.0095_ki0.018_kd0_-300_r1,left,0.0095,0.018,0.0,-300.0,run,2.322647256019991,-295.0,-0.19,0.01,0.19,0.08,-0.072,-3.035,-0.52,0
left_kp0.0095_ki0.018_kd0_-300_r1,left,0.0095,0.018,0.0,-300.0,run,2.3890650370158255,-290.0,-0.2,0.05,0.21,0.02,-0.068,-2.869,-0.598,0
left_kp0.0095_ki0.018_kd0_-300_r1,left,0.0095,0.018,0.0,-300.0,run,2.4553756510140374,-296.0,-0.24,-0.01,0.24,0.08,-0.068,-2.845,-0.705,0
left_kp0.0095_ki0.018_kd0_-300_r1,left,0.0095,0.018,0.0,-300.0,run,2.5222488450235687,-289.0,-0.16,0.02,0.16,0.42,-0.073,-3.078,-0.488,0
left_kp0.0095_ki0.018_kd0_-300_r1,left,0.0095,0.018,0.0,-300.0,run,2.5884989540209062,-296.0,-0.23,0.02,0.23,0.06,-0.068,-2.861,-0.581,0
left_kp0.0095_ki0.018_kd0_-300_r1,left,0.0095,0.018,0.0,-300.0,run,2.654797793016769,-294.0,-0.21,-0.03,0.22,0.02,-0.07,-2.888,-0.745,0
left_kp0.0095_ki0.018_kd0_-300_r1,left,0.0095,0.018,0.0,-300.0,run,2.7211718509788625,-289.0,-0.16,-0.01,0.16,0.02,-0.072,-3.035,-0.477,0
left_kp0.0095_ki0.018_kd0_-300_r1,left,0.0095,0.018,0.0,-300.0,run,2.787471927993465,-296.0,-0.23,0.01,0.23,0.04,-0.069,-2.896,-0.525,0
left_kp0.0095_ki0.018_kd0_-300_r1,left,0.0095,0.018,0.0,-300.0,run,2.8538180449977517,-294.0,-0.18,-0.02,0.18,0.02,-0.071,-2.952,-0.761,0
left_kp0.0095_ki0.018_kd0_-300_r1,left,0.0095,0.018,0.0,-300.0,run,2.920132643019315,-289.0,-0.18,-0.01,0.18,0.02,-0.07,-2.99,-0.447,0
left_kp0.0095_ki0.018_kd0_-300_r1,left,0.0095,0.018,0.0,-300.0,run,2.9863776030251756,-293.0,-0.23,0.02,0.23,0.34,-0.07,-2.947,-0.496,0
left_kp0.0095_ki0.018_kd0_-300_r1,left,0.0095,0.018,0.0,0,stop,1.1760275810956955e-06,-297.0,-0.21,-0.02,0.21,0.38,-0.071,-2.974,-0.697,0
left_kp0.0095_ki0.018_kd0_-300_r1,left,0.0095,0.018,0.0,0,stop,0.07644340698607266,-291.0,-0.13,-0.02,0.14,0.04,-0.067,-2.802,-0.547,0
left_kp0.0095_ki0.018_kd0_-300_r1,left,0.0095,0.018,0.0,0,stop,0.14267106202896684,-267.0,-0.15,-0.01,0.15,0.06,-0.056,-2.365,-0.345,0
left_kp0.0095_ki0.018_kd0_-300_r1,left,0.0095,0.018,0.0,0,stop,0.2089673459995538,-267.0,0.0,0.0,0.0,0.0,0.0,0.0,0.0,0
left_kp0.0095_ki0.018_kd0_-300_r1,left,0.0095,0.018,0.0,0,stop,0.2753368919948116,-267.0,0.0,0.0,0.0,0.0,0.0,0.0,0.0,0
left_kp0.0095_ki0.018_kd0_-300_r1,left,0.0095,0.018,0.0,0,stop,0.3416451090015471,-267.0,0.0,0.0,0.0,0.0,0.0,0.0,0.0,0
left_kp0.0095_ki0.018_kd0_-300_r1,left,0.0095,0.018,0.0,0,stop,0.4079861030331813,-267.0,0.0,0.0,0.0,0.0,0.0,0.0,0.0,0
left_kp0.0095_ki0.018_kd0_-300_r1,left,0.0095,0.018,0.0,0,stop,0.4744963650009595,-267.0,0.0,0.0,0.0,0.0,0.0,0.0,0.0,0
left_kp0.0095_ki0.018_kd0_-300_r1,left,0.0095,0.018,0.0,0,stop,0.5408915909938514,-267.0,0.0,0.0,0.0,0.0,0.0,0.0,0.0,0
left_kp0.0095_ki0.018_kd0_-300_r1,left,0.0095,0.018,0.0,0,stop,0.6073169489973225,-267.0,0.0,0.0,0.0,0.0,0.0,0.0,0.0,0
left_kp0.0095_ki0.018_kd0_-300_r1,left,0.0095,0.018,0.0,0,stop,0.6737206850084476,0.0,0.0,0.0,0.0,0.0,0.0,0.0,0.0,0
left_kp0.0095_ki0.018_kd0_-300_r1,left,0.0095,0.018,0.0,0,stop,0.7401384300319478,0.0,0.0,0.0,0.0,0.0,0.0,0.0,0.0,0
left_kp0.0095_ki0.018_kd0_+300_r2,left,0.0095,0.018,0.0,300.0,run,0.00014334497973322868,0.0,0.0,0.0,0.0,0.0,0.0,0.0,0.0,0
left_kp0.0095_ki0.018_kd0_+300_r2,left,0.0095,0.018,0.0,300.0,run,0.06637152301846072,0.0,0.02,0.02,0.03,0.0,0.009,0.029,-0.383,0
left_kp0.0095_ki0.018_kd0_+300_r2,left,0.0095,0.018,0.0,300.0,run,0.1326370969763957,0.0,0.05,0.04,0.06,0.08,0.022,0.842,-0.455,0
left_kp0.0095_ki0.018_kd0_+300_r2,left,0.0095,0.018,0.0,300.0,run,0.1989080139901489,0.0,0.12,-0.02,0.12,0.08,0.038,1.571,-0.501,0
left_kp0.0095_ki0.018_kd0_+300_r2,left,0.0095,0.018,0.0,300.0,run,0.26526564999949187,0.0,0.16,0.0,0.16,0.04,0.044,1.807,-0.547,0
left_kp0.0095_ki0.018_kd0_+300_r2,left,0.0095,0.018,0.0,300.0,run,0.3315297639928758,0.0,0.15,-0.05,0.16,0.1,0.046,1.906,-0.549,0
left_kp0.0095_ki0.018_kd0_+300_r2,left,0.0095,0.018,0.0,300.0,run,0.3977932480047457,0.0,0.2,-0.02,0.2,0.04,0.045,1.912,-0.032,0
left_kp0.0095_ki0.018_kd0_+300_r2,left,0.0095,0.018,0.0,300.0,run,0.4641736830235459,0.0,0.23,-0.02,0.23,0.06,0.047,2.008,0.214,0
left_kp0.0095_ki0.018_kd0_+300_r2,left,0.0095,0.018,0.0,300.0,run,0.5304165239795111,0.0,0.21,0.07,0.22,0.04,0.053,2.284,-0.099,0
left_kp0.0095_ki0.018_kd0_+300_r2,left,0.0095,0.018,0.0,300.0,run,0.5966535600018688,0.0,0.27,0.06,0.27,0.1,0.059,2.526,-0.109,0
left_kp0.0095_ki0.018_kd0_+300_r2,left,0.0095,0.018,0.0,300.0,run,0.6629626029753126,24.0,0.27,0.0,0.27,0.04,0.071,3.03,-0.059,0
left_kp0.0095_ki0.018_kd0_+300_r2,left,0.0095,0.018,0.0,300.0,run,0.7293846589745954,214.0,0.19,0.04,0.2,0.0,0.073,3.089,-0.413,0
left_kp0.0095_ki0.018_kd0_+300_r2,left,0.0095,0.018,0.0,300.0,run,0.7956075019901618,307.0,0.18,0.01,0.18,0.02,0.069,2.88,-0.702,0
left_kp0.0095_ki0.018_kd0_+300_r2,left,0.0095,0.018,0.0,300.0,run,0.8623743400094099,308.0,0.16,0.0,0.16,0.04,0.065,2.773,-0.311,0
left_kp0.0095_ki0.018_kd0_+300_r2,left,0.0095,0.018,0.0,300.0,run,0.9286551590193994,268.0,0.19,-0.01,0.19,0.0,0.058,2.453,-0.281,0
left_kp0.0095_ki0.018_kd0_+300_r2,left,0.0095,0.018,0.0,300.0,run,0.9950029709725641,237.0,0.16,0.0,0.16,0.02,0.06,2.518,-0.469,0
left_kp0.0095_ki0.018_kd0_+300_r2,left,0.0095,0.018,0.0,300.0,run,1.061250848986674,215.0,0.2,0.0,0.2,0.02,0.061,2.598,-0.396,0
left_kp0.0095_ki0.018_kd0_+300_r2,left,0.0095,0.018,0.0,300.0,run,1.1293873729882762,200.0,0.16,0.0,0.16,0.04,0.065,2.799,-0.142,0
left_kp0.0095_ki0.018_kd0_+300_r2,left,0.0095,0.018,0.0,300.0,run,1.1965070639853366,226.0,0.27,0.07,0.27,0.02,0.064,2.748,-0.311,0
left_kp0.0095_ki0.018_kd0_+300_r2,left,0.0095,0.018,0.0,300.0,run,1.2629098339821212,241.0,0.18,0.0,0.18,0.06,0.069,2.923,-0.482,0
left_kp0.0095_ki0.018_kd0_+300_r2,left,0.0095,0.018,0.0,300.0,run,1.3294156990014017,260.0,0.16,-0.11,0.19,0.06,0.071,2.986,-0.477,0
left_kp0.0095_ki0.018_kd0_+300_r2,left,0.0095,0.018,0.0,300.0,run,1.3956641220138408,288.0,0.19,0.01,0.19,0.06,0.067,2.857,-0.327,0
left_kp0.0095_ki0.018_kd0_+300_r2,left,0.0095,0.018,0.0,300.0,run,1.4623028779751621,283.0,0.17,-0.05,0.17,0.06,0.068,2.854,-0.589,0
left_kp0.0095_ki0.018_kd0_+300_r2,left,0.0095,0.018,0.0,300.0,run,1.5286488389829174,276.0,0.14,0.02,0.14,0.06,0.069,2.87,-0.659,0
left_kp0.0095_ki0.018_kd0_+300_r2,left,0.0095,0.018,0.0,300.0,run,1.5948285959893838,285.0,0.17,0.0,0.17,0.46,0.07,2.959,-0.361,0
left_kp0.0095_ki0.018_kd0_+300_r2,left,0.0095,0.018,0.0,300.0,run,1.6612188700237311,282.0,0.23,0.06,0.23,0.04,0.067,2.809,-0.544,0
left_kp0.0095_ki0.018_kd0_+300_r2,left,0.0095,0.018,0.0,300.0,run,1.727968031016644,283.0,0.22,-0.02,0.22,0.04,0.069,2.873,-0.613,0
left_kp0.0095_ki0.018_kd0_+300_r2,left,0.0095,0.018,0.0,300.0,run,1.7944763010018505,281.0,0.18,0.02,0.18,0.08,0.069,2.959,-0.353,0
left_kp0.0095_ki0.018_kd0_+300_r2,left,0.0095,0.018,0.0,300.0,run,1.8608046990120783,290.0,0.2,0.05,0.2,0.02,0.067,2.854,-0.474,0
left_kp0.0095_ki0.018_kd0_+300_r2,left,0.0095,0.018,0.0,300.0,run,1.927158274978865,280.0,0.19,-0.04,0.2,0.0,0.07,2.916,-0.616,0
left_kp0.0095_ki0.018_kd0_+300_r2,left,0.0095,0.018,0.0,300.0,run,1.993467079999391,278.0,0.21,-0.07,0.22,0.06,0.07,2.98,-0.292,0
left_kp0.0095_ki0.018_kd0_+300_r2,left,0.0095,0.018,0.0,300.0,run,2.059807265002746,287.0,0.2,0.0,0.2,0.1,0.067,2.852,-0.343,0
left_kp0.0095_ki0.018_kd0_+300_r2,left,0.0095,0.018,0.0,300.0,run,2.126111112011131,280.0,0.22,0.05,0.23,0.4,0.069,2.868,-0.659,0
left_kp0.0095_ki0.018_kd0_+300_r2,left,0.0095,0.018,0.0,300.0,run,2.1924362090067007,284.0,0.21,0.02,0.21,0.06,0.069,2.948,-0.386,0
left_kp0.0095_ki0.018_kd0_+300_r2,left,0.0095,0.018,0.0,300.0,run,2.259007429005578,295.0,0.17,-0.02,0.17,0.08,0.068,2.911,-0.364,0
left_kp0.0095_ki0.018_kd0_+300_r2,left,0.0095,0.018,0.0,300.0,run,2.325499298982322,286.0,0.2,0.01,0.2,0.04,0.069,2.916,-0.517,0
left_kp0.0095_ki0.018_kd0_+300_r2,left,0.0095,0.018,0.0,300.0,run,2.3917465590056963,278.0,0.21,-0.03,0.21,0.06,0.07,2.98,-0.369,0
left_kp0.0095_ki0.018_kd0_+300_r2,left,0.0095,0.018,0.0,300.0,run,2.4580987410154194,286.0,0.14,0.03,0.14,0.02,0.07,2.983,-0.329,0
left_kp0.0095_ki0.018_kd0_+300_r2,left,0.0095,0.018,0.0,300.0,run,2.524310149019584,286.0,0.2,-0.01,0.2,0.06,0.07,2.951,-0.511,0
left_kp0.0095_ki0.018_kd0_+300_r2,left,0.0095,0.018,0.0,300.0,run,2.590765498986002,278.0,0.15,-0.07,0.17,0.06,0.071,3.004,-0.565,0
left_kp0.0095_ki0.018_kd0_+300_r2,left,0.0095,0.018,0.0,300.0,run,2.6571652150014415,289.0,0.26,0.0,0.26,0.06,0.067,2.873,-0.276,0
left_kp0.0095_ki0.018_kd0_+300_r2,left,0.0095,0.018,0.0,300.0,run,2.7235279309679754,289.0,0.17,-0.02,0.17,0.06,0.07,2.937,-0.579,0
left_kp0.0095_ki0.018_kd0_+300_r2,left,0.0095,0.018,0.0,300.0,run,2.7898405989981256,276.0,0.21,0.04,0.21,0.06,0.068,2.846,-0.613,0
left_kp0.0095_ki0.018_kd0_+300_r2,left,0.0095,0.018,0.0,300.0,run,2.856383974023629,286.0,0.2,0.0,0.2,0.08,0.069,2.948,-0.348,0
left_kp0.0095_ki0.018_kd0_+300_r2,left,0.0095,0.018,0.0,300.0,run,2.922755697974935,283.0,0.21,0.03,0.22,0.06,0.067,2.841,-0.495,0
left_kp0.0095_ki0.018_kd0_+300_r2,left,0.0095,0.018,0.0,300.0,run,2.9892729709972627,272.0,0.21,-0.01,0.21,0.02,0.07,2.927,-0.568,0
left_kp0.0095_ki0.018_kd0_+300_r2,left,0.0095,0.018,0.0,0,stop,1.2899981811642647e-06,270.0,0.25,-0.02,0.25,0.06,0.069,2.962,-0.286,0
left_kp0.0095_ki0.018_kd0_+300_r2,left,0.0095,0.018,0.0,0,stop,0.07646264403592795,279.0,0.17,0.03,0.17,0.06,0.064,2.718,-0.34,0
left_kp0.0095_ki0.018_kd0_+300_r2,left,0.0095,0.018,0.0,0,stop,0.1427383300033398,252.0,0.18,0.01,0.18,0.4,0.055,2.329,-0.463,0
left_kp0.0095_ki0.018_kd0_+300_r2,left,0.0095,0.018,0.0,0,stop,0.20923196600051597,252.0,0.0,0.0,0.0,0.0,0.0,0.0,0.0,0
left_kp0.0095_ki0.018_kd0_+300_r2,left,0.0095,0.018,0.0,0,stop,0.2755276010138914,252.0,0.0,0.0,0.0,0.0,0.0,0.0,0.0,0
left_kp0.0095_ki0.018_kd0_+300_r2,left,0.0095,0.018,0.0,0,stop,0.34173818601993844,252.0,0.0,0.0,0.0,0.0,0.0,0.0,0.0,0
left_kp0.0095_ki0.018_kd0_+300_r2,left,0.0095,0.018,0.0,0,stop,0.40792352601420134,252.0,0.0,0.0,0.0,0.0,0.0,0.0,0.0,0
left_kp0.0095_ki0.018_kd0_+300_r2,left,0.0095,0.018,0.0,0,stop,0.4740111720166169,252.0,0.0,0.0,0.0,0.0,0.0,0.0,0.0,0
left_kp0.0095_ki0.018_kd0_+300_r2,left,0.0095,0.018,0.0,0,stop,0.5402495349990204,252.0,0.0,0.0,0.0,0.0,0.0,0.0,0.0,0
left_kp0.0095_ki0.018_kd0_+300_r2,left,0.0095,0.018,0.0,0,stop,0.6065502260462381,252.0,0.0,0.0,0.0,0.0,0.0,0.0,0.0,0
left_kp0.0095_ki0.018_kd0_+300_r2,left,0.0095,0.018,0.0,0,stop,0.672871760034468,0.0,0.0,0.0,0.0,0.0,0.0,0.0,0.0,0
left_kp0.0095_ki0.018_kd0_+300_r2,left,0.0095,0.018,0.0,0,stop,0.7392853210330941,0.0,0.0,0.0,0.0,0.0,0.0,0.0,0.0,0
left_kp0.0095_ki0.018_kd0_-300_r2,left,0.0095,0.018,0.0,-300.0,run,0.00016049097757786512,0.0,0.0,0.0,0.0,0.0,0.0,0.0,0.0,0
left_kp0.0095_ki0.018_kd0_-300_r2,left,0.0095,0.018,0.0,-300.0,run,0.0663753769476898,0.0,0.01,-0.01,0.01,0.04,0.004,0.005,0.155,0
left_kp0.0095_ki0.018_kd0_-300_r2,left,0.0095,0.018,0.0,-300.0,run,0.13289795198943466,0.0,-0.03,0.0,0.03,0.04,-0.016,-0.672,0.115,0
left_kp0.0095_ki0.018_kd0_-300_r2,left,0.0095,0.018,0.0,-300.0,run,0.1994741529924795,0.0,-0.17,0.01,0.17,0.0,-0.035,-1.487,-0.01,0
left_kp0.0095_ki0.018_kd0_-300_r2,left,0.0095,0.018,0.0,-300.0,run,0.2657975599868223,0.0,-0.16,0.0,0.16,0.04,-0.041,-1.761,-0.203,0
left_kp0.0095_ki0.018_kd0_-300_r2,left,0.0095,0.018,0.0,-300.0,run,0.3320719809853472,0.0,-0.25,-0.01,0.25,0.0,-0.042,-1.801,-0.152,0
left_kp0.0095_ki0.018_kd0_-300_r2,left,0.0095,0.018,0.0,-300.0,run,0.39840136794373393,0.0,-0.22,0.0,0.22,0.0,-0.042,-1.753,-0.308,0
left_kp0.0095_ki0.018_kd0_-300_r2,left,0.0095,0.018,0.0,-300.0,run,0.4647195589495823,0.0,-0.24,0.03,0.24,0.08,-0.043,-1.806,-0.367,0
left_kp0.0095_ki0.018_kd0_-300_r2,left,0.0095,0.018,0.0,-300.0,run,0.5310613789479248,0.0,-0.28,0.0,0.28,0.04,-0.043,-1.806,-0.41,0
left_kp0.0095_ki0.018_kd0_-300_r2,left,0.0095,0.018,0.0,-300.0,run,0.5973470249446109,0.0,-0.28,0.0,0.28,0.0,-0.045,-1.868,-0.412,0
left_kp0.0095_ki0.018_kd0_-300_r2,left,0.0095,0.018,0.0,-300.0,run,0.6636821129941382,0.0,-0.28,-0.01,0.28,0.0,-0.046,-1.922,-0.399,0
left_kp0.0095_ki0.018_kd0_-300_r2,left,0.0095,0.018,0.0,-300.0,run,0.7299951869645156,0.0,-0.3,0.02,0.3,0.04,-0.048,-2.002,-0.434,0
left_kp0.0095_ki0.018_kd0_-300_r2,left,0.0095,0.018,0.0,-300.0,run,0.7962620809557848,0.0,-0.31,0.02,0.31,0.04,-0.052,-2.165,-0.436,0
left_kp0.0095_ki0.018_kd0_-300_r2,left,0.0095,0.018,0.0,-300.0,run,0.8625725509482436,0.0,-0.29,0.01,0.29,0.04,-0.065,-2.785,-0.335,0
left_kp0.0095_ki0.018_kd0_-300_r2,left,0.0095,0.018,0.0,-300.0,run,0.9288935049553402,-21.0,-0.38,0.13,0.4,0.06,-0.075,-3.122,-0.839,0
left_kp0.0095_ki0.018_kd0_-300_r2,left,0.0095,0.018,0.0,-300.0,run,0.9951828649500385,-328.0,-0.2,0.03,0.2,0.3,-0.083,-3.401,-1.074,0
left_kp0.0095_ki0.018_kd0_-300_r2,left,0.0095,0.018,0.0,-300.0,run,1.0614848059485666,-362.0,-0.22,0.03,-0.22,-0.02,-0.084,-3.479,-0.973,0
left_kp0.0095_ki0.018_kd0_-300_r2,left,0.0095,0.018,0.0,-300.0,run,1.1277233439614065,-422.0,-0.13,-0.06,0.15,0.02,-0.079,-3.273,-0.833,0
left_kp0.0095_ki0.018_kd0_-300_r2,left,0.0095,0.018,0.0,-300.0,run,1.1939876349642873,-377.0,-0.22,0.05,0.23,0.08,-0.074,-3.09,-0.71,0
left_kp0.0095_ki0.018_kd0_-300_r2,left,0.0095,0.018,0.0,-300.0,run,1.2604644199600443,-351.0,-0.14,0.04,0.15,0.02,-0.071,-2.937,-0.825,0
left_kp0.0095_ki0.018_kd0_-300_r2,left,0.0095,0.018,0.0,-300.0,run,1.3268952389480546,-329.0,-0.21,-0.06,0.21,0.08,-0.072,-3.069,-0.493,0
left_kp0.0095_ki0.018_kd0_-300_r2,left,0.0095,0.018,0.0,-300.0,run,1.3932080019731075,-318.0,-0.18,-0.05,0.19,0.06,-0.075,-3.147,-0.627,0
left_kp0.0095_ki0.018_kd0_-300_r2,left,0.0095,0.018,0.0,-300.0,run,1.4595090789953247,-327.0,-0.18,0.0,0.18,0.02,-0.071,-2.948,-0.705,0
left_kp0.0095_ki0.018_kd0_-300_r2,left,0.0095,0.018,0.0,-300.0,run,1.5258239909890108,-325.0,-0.19,0.05,0.2,0.02,-0.074,-3.12,-0.595,0
left_kp0.0095_ki0.018_kd0_-300_r2,left,0.0095,0.018,0.0,-300.0,run,1.5921217639697716,-329.0,-0.29,0.02,0.29,0.36,-0.072,-3.004,-0.696,0
left_kp0.0095_ki0.018_kd0_-300_r2,left,0.0095,0.018,0.0,-300.0,run,1.6584855639957823,-321.0,-0.16,0.05,0.17,0.02,-0.07,-2.908,-0.763,0
left_kp0.0095_ki0.018_kd0_-300_r2,left,0.0095,0.018,0.0,-300.0,run,1.7247302609612234,-312.0,-0.15,0.0,0.15,0.02,-0.073,-3.082,-0.57,0
left_kp0.0095_ki0.018_kd0_-300_r2,left,0.0095,0.018,0.0,-300.0,run,1.791029883956071,-315.0,-0.19,0.06,0.2,0.02,-0.07,-2.908,-0.705,0
left_kp0.0095_ki0.018_kd0_-300_r2,left,0.0095,0.018,0.0,-300.0,run,1.8574069769820198,-303.0,-0.14,0.0,0.14,0.06,-0.07,-2.919,-0.721,0
left_kp0.0095_ki0.018_kd0_-300_r2,left,0.0095,0.018,0.0,-300.0,run,1.9237312369514257,-293.0,-0.16,-0.04,0.16,0.42,-0.072,-3.053,-0.554,0
left_kp0.0095_ki0.018_kd0_-300_r2,left,0.0095,0.018,0.0,-300.0,run,1.9902820169809274,-304.0,-0.21,0.06,0.22,0.08,-0.069,-2.895,-0.686,0
left_kp0.0095_ki0.018_kd0_-300_r2,left,0.0095,0.018,0.0,-300.0,run,2.0567275779903866,-299.0,-0.16,0.03,0.16,0.06,-0.069,-2.884,-0.726,0
left_kp0.0095_ki0.018_kd0_-300_r2,left,0.0095,0.018,0.0,-300.0,run,2.122951708966866,-293.0,-0.16,-0.03,0.16,0.02,-0.072,-3.034,-0.53,0
left_kp0.0095_ki0.018_kd0_-300_r2,left,0.0095,0.018,0.0,-300.0,run,2.1892687489744276,-301.0,-0.26,0.04,0.26,0.06,-0.068,-2.849,-0.627,0
left_kp0.0095_ki0.018_kd0_-300_r2,left,0.0095,0.018,0.0,-300.0,run,2.25559512199834,-289.0,-0.21,0.05,0.22,0.06,-0.068,-2.822,-0.662,0
left_kp0.0095_ki0.018_kd0_-300_r2,left,0.0095,0.018,0.0,-300.0,run,2.321965566952713,-286.0,-0.22,0.03,0.22,0.0,-0.071,-2.991,-0.544,0
left_kp0.0095_ki0.018_kd0_-300_r2,left,0.0095,0.018,0.0,-300.0,run,2.3882623499957845,-301.0,-0.28,0.03,0.28,0.34,-0.071,-2.975,-0.619,0
left_kp0.0095_ki0.018_kd0_-300_r2,left,0.0095,0.018,0.0,-300.0,run,2.454549075977411,-303.0,-0.22,0.0,0.22,0.08,-0.068,-2.838,-0.616,0
left_kp0.0095_ki0.018_kd0_-300_r2,left,0.0095,0.018,0.0,-300.0,run,2.5208456389955245,-299.0,-0.19,0.01,0.19,0.0,-0.071,-2.991,-0.485,0
left_kp0.0095_ki0.018_kd0_-300_r2,left,0.0095,0.018,0.0,-300.0,run,2.5871439519687556,-288.0,-0.23,0.02,0.23,0.08,-0.072,-3.023,-0.541,0
left_kp0.0095_ki0.018_kd0_-300_r2,left,0.0095,0.018,0.0,-300.0,run,2.653755587991327,-295.0,-0.21,-0.02,0.21,0.06,-0.066,-2.785,-0.56,0
left_kp0.0095_ki0.018_kd0_-300_r2,left,0.0095,0.018,0.0,-300.0,run,2.720121375983581,-285.0,-0.17,0.0,0.17,0.04,-0.07,-2.988,-0.45,0
left_kp0.0095_ki0.018_kd0_-300_r2,left,0.0095,0.018,0.0,-300.0,run,2.786471391969826,-282.0,-0.19,-0.03,0.2,0.08,-0.073,-3.074,-0.53,0
left_kp0.0095_ki0.018_kd0_-300_r2,left,0.0095,0.018,0.0,-300.0,run,2.8528045069542713,-301.0,-0.21,-0.03,0.22,0.02,-0.068,-2.834,-0.637,0
left_kp0.0095_ki0.018_kd0_-300_r2,left,0.0095,0.018,0.0,-300.0,run,2.9190779109485447,-296.0,-0.22,0.0,0.22,0.06,-0.07,-2.973,-0.439,0
left_kp0.0095_ki0.018_kd0_-300_r2,left,0.0095,0.018,0.0,-300.0,run,2.9854280059807934,-289.0,-0.21,-0.07,0.22,0.04,-0.072,-3.045,-0.543,0
left_kp0.0095_ki0.018_kd0_-300_r2,left,0.0095,0.018,0.0,0,stop,1.0470394045114517e-06,-301.0,-0.2,-0.08,0.22,0.06,-0.068,-2.876,-0.583,0
left_kp0.0095_ki0.018_kd0_-300_r2,left,0.0095,0.018,0.0,0,stop,0.07651126699056476,-298.0,-0.16,0.03,0.17,0.14,-0.068,-2.876,-0.42,0
left_kp0.0095_ki0.018_kd0_-300_r2,left,0.0095,0.018,0.0,0,stop,0.14283204899402335,-274.0,-0.1,-0.05,0.11,0.12,-0.057,-2.41,-0.356,0
left_kp0.0095_ki0.018_kd0_-300_r2,left,0.0095,0.018,0.0,0,stop,0.20920433202991262,522.0,0.0,0.0,0.0,0.0,0.0,0.0,0.0,0
left_kp0.0095_ki0.018_kd0_-300_r2,left,0.0095,0.018,0.0,0,stop,0.2756566850002855,522.0,0.0,0.0,0.0,0.0,0.0,0.0,0.0,0
left_kp0.0095_ki0.018_kd0_-300_r2,left,0.0095,0.018,0.0,0,stop,0.34201589704025537,522.0,0.0,0.0,0.0,0.0,0.0,0.0,0.0,0
left_kp0.0095_ki0.018_kd0_-300_r2,left,0.0095,0.018,0.0,0,stop,0.40828614600468427,522.0,0.0,0.0,0.0,0.0,0.0,0.0,0.0,0
left_kp0.0095_ki0.018_kd0_-300_r2,left,0.0095,0.018,0.0,0,stop,0.47463447699556127,522.0,0.0,0.0,0.0,0.0,0.0,0.0,0.0,0
left_kp0.0095_ki0.018_kd0_-300_r2,left,0.0095,0.018,0.0,0,stop,0.5410797350341454,522.0,0.0,0.0,0.0,0.0,0.0,0.0,0.0,0
left_kp0.0095_ki0.018_kd0_-300_r2,left,0.0095,0.018,0.0,0,stop,0.6075033520464785,522.0,0.0,0.0,0.0,0.0,0.0,0.0,0.0,0
left_kp0.0095_ki0.018_kd0_-300_r2,left,0.0095,0.018,0.0,0,stop,0.6738609329913743,522.0,0.0,0.0,0.0,0.0,0.0,0.0,0.0,0
left_kp0.0095_ki0.018_kd0_-300_r2,left,0.0095,0.018,0.0,0,stop,0.7402118710451759,0.0,0.0,0.0,0.0,0.0,0.0,0.0,0.0,0
left_kp0.0095_ki0.02_kd0_+300_r1,left,0.0095,0.02,0.0,300.0,run,0.00016865396173670888,0.0,0.0,0.0,0.0,0.0,0.0,0.0,0.0,0
left_kp0.0095_ki0.02_kd0_+300_r1,left,0.0095,0.02,0.0,300.0,run,0.06644723296631128,0.0,-0.01,0.0,0.01,0.34,-0.009,-0.075,-0.391,0
left_kp0.0095_ki0.02_kd0_+300_r1,left,0.0095,0.02,0.0,300.0,run,0.13298743194900453,0.0,0.04,0.01,0.04,0.08,0.021,0.613,-0.664,0
left_kp0.0095_ki0.02_kd0_+300_r1,left,0.0095,0.02,0.0,300.0,run,0.19940398196922615,0.0,0.1,-0.02,0.1,0.08,0.038,1.533,-0.501,0
left_kp0.0095_ki0.02_kd0_+300_r1,left,0.0095,0.02,0.0,300.0,run,0.2660876059671864,0.0,0.19,0.0,0.19,0.0,0.042,1.766,-0.407,0
left_kp0.0095_ki0.02_kd0_+300_r1,left,0.0095,0.02,0.0,300.0,run,0.33234485797584057,0.0,0.18,0.0,0.18,0.1,0.043,1.809,-0.428,0
left_kp0.0095_ki0.02_kd0_+300_r1,left,0.0095,0.02,0.0,300.0,run,0.39873248199000955,0.0,0.19,-0.01,0.19,0.3,0.045,1.892,-0.399,0
left_kp0.0095_ki0.02_kd0_+300_r1,left,0.0095,0.02,0.0,300.0,run,0.4649646639591083,0.0,0.22,-0.01,0.22,0.08,0.047,1.972,-0.386,0
left_kp0.0095_ki0.02_kd0_+300_r1,left,0.0095,0.02,0.0,300.0,run,0.5312698920024559,0.0,0.23,-0.02,0.23,0.14,0.049,2.088,-0.375,0
left_kp0.0095_ki0.02_kd0_+300_r1,left,0.0095,0.02,0.0,300.0,run,0.5976946689770557,23.0,0.26,-0.06,0.26,0.08,0.059,2.501,-0.383,0
left_kp0.0095_ki0.02_kd0_+300_r1,left,0.0095,0.02,0.0,300.0,run,0.6639475679839961,22.0,0.23,-0.01,-0.23,-0.02,0.074,3.149,-0.412,0
left_kp0.0095_ki0.02_kd0_+300_r1,left,0.0095,0.02,0.0,300.0,run,0.7303463949938305,177.0,0.31,-0.01,0.31,0.06,0.079,3.326,-0.68,0
left_kp0.0095_ki0.02_kd0_+300_r1,left,0.0095,0.02,0.0,300.0,run,0.7969969159457833,210.0,0.22,0.03,0.23,0.08,0.084,3.519,-0.833,0
left_kp0.0095_ki0.02_kd0_+300_r1,left,0.0095,0.02,0.0,300.0,run,0.8633123809704557,428.0,0.11,-0.08,0.14,0.04,0.08,3.326,-0.833,0
left_kp0.0095_ki0.02_kd0_+300_r1,left,0.0095,0.02,0.0,300.0,run,0.9298079369473271,395.0,0.13,0.02,0.13,0.04,0.071,2.983,-0.573,0
left_kp0.0095_ki0.02_kd0_+300_r1,left,0.0095,0.02,0.0,300.0,run,0.9960704879486002,324.0,0.18,0.01,0.18,0.06,0.068,2.852,-0.525,0
left_kp0.0095_ki0.02_kd0_+300_r1,left,0.0095,0.02,0.0,300.0,run,1.0623773289844394,295.0,0.27,0.01,0.27,0.02,0.062,2.661,-0.289,0
left_kp0.0095_ki0.02_kd0_+300_r1,left,0.0095,0.02,0.0,300.0,run,1.1288553479826078,263.0,0.22,0.01,0.22,0.44,0.06,2.546,-0.27,0
left_kp0.0095_ki0.02_kd0_+300_r1,left,0.0095,0.02,0.0,300.0,run,1.1950751129770651,237.0,0.19,0.05,0.2,0.02,0.062,2.637,-0.45,0
left_kp0.0095_ki0.02_kd0_+300_r1,left,0.0095,0.02,0.0,300.0,run,1.2613668239791878,222.0,0.2,0.05,0.21,0.06,0.067,2.838,-0.511,0
left_kp0.0095_ki0.02_kd0_+300_r1,left,0.0095,0.02,0.0,300.0,run,1.3276709420024417,250.0,0.24,0.02,0.24,0.04,0.066,2.828,-0.286,0
left_kp0.0095_ki0.02_kd0_+300_r1,left,0.0095,0.02,0.0,300.0,run,1.3941381739568897,277.0,0.19,0.05,0.19,0.18,0.069,2.9,-0.49,0
left_kp0.0095_ki0.02_kd0_+300_r1,left,0.0095,0.02,0.0,300.0,run,1.4604321759543382,277.0,0.21,0.0,0.21,0.02,0.072,3.039,-0.514,0
left_kp0.0095_ki0.02_kd0_+300_r1,left,0.0095,0.02,0.0,300.0,run,1.5267920389887877,290.0,0.22,-0.03,0.23,0.02,0.07,2.962,-0.361,0
left_kp0.0095_ki0.02_kd0_+300_r1,left,0.0095,0.02,0.0,300.0,run,1.5931161799817346,306.0,0.2,0.05,0.21,0.06,0.068,2.878,-0.474,0
left_kp0.0095_ki0.02_kd0_+300_r1,left,0.0095,0.02,0.0,300.0,run,1.659582505992148,287.0,0.19,-0.06,0.2,0.28,0.071,3.015,-0.511,0
left_kp0.0095_ki0.02_kd0_+300_r1,left,0.0095,0.02,0.0,300.0,run,1.7259268289781176,290.0,0.17,-0.08,0.19,0.02,0.07,2.991,-0.356,0
left_kp0.0095_ki0.02_kd0_+300_r1,left,0.0095,0.02,0.0,300.0,run,1.7922083469456993,299.0,0.14,-0.02,0.15,0.06,0.068,2.876,-0.399,0
left_kp0.0095_ki0.02_kd0_+300_r1,left,0.0095,0.02,0.0,300.0,run,1.8585828469949774,283.0,0.2,-0.05,0.2,0.04,0.071,2.999,-0.533,0
left_kp0.0095_ki0.02_kd0_+300_r1,left,0.0095,0.02,0.0,300.0,run,1.9249184709624387,287.0,0.17,-0.06,0.18,0.04,0.07,2.978,-0.495,0
left_kp0.0095_ki0.02_kd0_+300_r1,left,0.0095,0.02,0.0,300.0,run,1.9911610079579987,295.0,0.24,0.01,0.24,0.06,0.066,2.79,-0.402,0
left_kp0.0095_ki0.02_kd0_+300_r1,left,0.0095,0.02,0.0,300.0,run,2.0574473759625107,283.0,0.13,-0.01,0.13,0.08,0.072,3.013,-0.662,0
left_kp0.0095_ki0.02_kd0_+300_r1,left,0.0095,0.02,0.0,300.0,run,2.1239590600016527,290.0,0.15,0.01,0.15,0.04,0.07,2.946,-0.579,0
left_kp0.0095_ki0.02_kd0_+300_r1,left,0.0095,0.02,0.0,300.0,run,2.1901667219935916,300.0,0.2,-0.03,0.2,0.28,0.068,2.897,-0.369,0
left_kp0.0095_ki0.02_kd0_+300_r1,left,0.0095,0.02,0.0,300.0,run,2.2565473779686727,281.0,0.23,0.08,0.24,0.06,0.068,2.854,-0.624,0
left_kp0.0095_ki0.02_kd0_+300_r1,left,0.0095,0.02,0.0,300.0,run,2.32294359797379,281.0,0.25,-0.01,0.25,0.04,0.068,2.897,-0.458,0
left_kp0.0095_ki0.02_kd0_+300_r1,left,0.0095,0.02,0.0,300.0,run,2.3891639249632135,285.0,0.21,0.04,0.21,0.06,0.068,2.887,-0.359,0
left_kp0.0095_ki0.02_kd0_+300_r1,left,0.0095,0.02,0.0,300.0,run,2.4555188849917613,286.0,0.2,0.03,0.2,0.04,0.068,2.889,-0.477,0
left_kp0.0095_ki0.02_kd0_+300_r1,left,0.0095,0.02,0.0,300.0,run,2.521817001979798,276.0,0.22,-0.05,0.22,0.46,0.071,3.007,-0.528,0
left_kp0.0095_ki0.02_kd0_+300_r1,left,0.0095,0.02,0.0,300.0,run,2.5879971179529093,284.0,0.24,-0.06,0.25,0.02,0.069,2.924,-0.308,0
left_kp0.0095_ki0.02_kd0_+300_r1,left,0.0095,0.02,0.0,300.0,run,2.65434250398539,284.0,0.21,-0.01,0.21,0.1,0.068,2.881,-0.45,0
left_kp0.0095_ki0.02_kd0_+300_r1,left,0.0095,0.02,0.0,300.0,run,2.7206435809493996,279.0,0.22,0.07,0.23,0.06,0.07,2.951,-0.624,0
left_kp0.0095_ki0.02_kd0_+300_r1,left,0.0095,0.02,0.0,300.0,run,2.7870794339687563,293.0,0.22,0.02,0.22,0.02,0.069,2.919,-0.383,0
left_kp0.0095_ki0.02_kd0_+300_r1,left,0.0095,0.02,0.0,300.0,run,2.8535942509770393,286.0,0.21,0.02,0.21,0.08,0.068,2.87,-0.506,0
left_kp0.0095_ki0.02_kd0_+300_r1,left,0.0095,0.02,0.0,300.0,run,2.920030079956632,276.0,0.22,0.01,0.22,0.02,0.071,3.004,-0.506,0
left_kp0.0095_ki0.02_kd0_+300_r1,left,0.0095,0.02,0.0,300.0,run,2.986441364977509,272.0,0.23,-0.07,0.24,0.04,0.069,2.948,-0.321,0
left_kp0.0095_ki0.02_kd0_+300_r1,left,0.0095,0.02,0.0,0,stop,1.024047378450632e-06,294.0,0.19,0.03,0.19,0.04,0.067,2.849,-0.375,0
left_kp0.0095_ki0.02_kd0_+300_r1,left,0.0095,0.02,0.0,0,stop,0.0764214220107533,269.0,0.17,-0.04,0.18,0.04,0.066,2.803,-0.383,0
left_kp0.0095_ki0.02_kd0_+300_r1,left,0.0095,0.02,0.0,0,stop,0.14280405401950702,234.0,0.21,0.0,0.21,0.08,0.053,2.265,-0.179,0
left_kp0.0095_ki0.02_kd0_+300_r1,left,0.0095,0.02,0.0,0,stop,0.2090882050106302,234.0,0.0,0.0,0.0,0.0,0.0,0.0,0.0,0
left_kp0.0095_ki0.02_kd0_+300_r1,left,0.0095,0.02,0.0,0,stop,0.2755175630445592,234.0,0.0,0.0,0.0,0.0,0.0,0.0,0.0,0
left_kp0.0095_ki0.02_kd0_+300_r1,left,0.0095,0.02,0.0,0,stop,0.34186623204732314,234.0,0.0,0.0,0.0,0.0,0.0,0.0,0.0,0
left_kp0.0095_ki0.02_kd0_+300_r1,left,0.0095,0.02,0.0,0,stop,0.4081869880319573,234.0,0.0,0.0,0.0,0.0,0.0,0.0,0.0,0
left_kp0.0095_ki0.02_kd0_+300_r1,left,0.0095,0.02,0.0,0,stop,0.47446121904067695,234.0,0.0,0.0,0.0,0.0,0.0,0.0,0.0,0
left_kp0.0095_ki0.02_kd0_+300_r1,left,0.0095,0.02,0.0,0,stop,0.5408669000025839,234.0,0.0,0.0,0.0,0.0,0.0,0.0,0.0,0
left_kp0.0095_ki0.02_kd0_+300_r1,left,0.0095,0.02,0.0,0,stop,0.60737931804033,234.0,0.0,0.0,0.0,0.0,0.0,0.0,0.0,0
left_kp0.0095_ki0.02_kd0_+300_r1,left,0.0095,0.02,0.0,0,stop,0.6737870190409012,0.0,0.0,0.0,0.0,0.0,0.0,0.0,0.0,0
left_kp0.0095_ki0.02_kd0_+300_r1,left,0.0095,0.02,0.0,0,stop,0.7401016100193374,0.0,0.0,0.0,0.0,0.0,0.0,0.0,0.0,0
left_kp0.0095_ki0.02_kd0_-300_r1,left,0.0095,0.02,0.0,-300.0,run,0.00013833498815074563,0.0,0.0,0.0,0.0,0.0,0.0,0.0,0.0,0
left_kp0.0095_ki0.02_kd0_-300_r1,left,0.0095,0.02,0.0,-300.0,run,0.06637614499777555,0.0,-0.01,-0.01,0.02,0.08,-0.015,-0.117,0.651,0
left_kp0.0095_ki0.02_kd0_-300_r1,left,0.0095,0.02,0.0,-300.0,run,0.13270591100445017,0.0,-0.05,0.0,0.05,0.08,-0.031,-1.037,0.812,0
left_kp0.0095_ki0.02_kd0_-300_r1,left,0.0095,0.02,0.0,-300.0,run,0.19901092298096046,0.0,-0.15,-0.01,0.15,0.08,-0.04,-1.533,0.739,0
left_kp0.0095_ki0.02_kd0_-300_r1,left,0.0095,0.02,0.0,-300.0,run,0.26539235800737515,0.0,-0.19,0.01,0.19,0.08,-0.041,-1.627,0.619,0
left_kp0.0095_ki0.02_kd0_-300_r1,left,0.0095,0.02,0.0,-300.0,run,0.33173393103061244,0.0,-0.19,0.02,0.19,0.22,-0.041,-1.661,0.587,0
left_kp0.0095_ki0.02_kd0_-300_r1,left,0.0095,0.02,0.0,-300.0,run,0.39803671301342547,0.0,-0.23,0.0,0.23,0.04,-0.043,-1.737,0.592,0
left_kp0.0095_ki0.02_kd0_-300_r1,left,0.0095,0.02,0.0,-300.0,run,0.4644730610307306,0.0,-0.23,0.01,0.23,0.1,-0.045,-1.879,0.522,0
left_kp0.0095_ki0.02_kd0_-300_r1,left,0.0095,0.02,0.0,-300.0,run,0.5307757030241191,0.0,-0.22,0.02,0.22,0.4,-0.049,-2.077,0.144,0
left_kp0.0095_ki0.02_kd0_-300_r1,left,0.0095,0.02,0.0,-300.0,run,0.5970477790106088,0.0,-0.32,-0.04,0.32,0.04,-0.056,-2.412,-0.024,0
left_kp0.0095_ki0.02_kd0_-300_r1,left,0.0095,0.02,0.0,-300.0,run,0.663277935993392,0.0,-0.3,0.03,0.3,0.02,-0.062,-2.635,-0.313,0
left_kp0.0095_ki0.02_kd0_-300_r1,left,0.0095,0.02,0.0,-300.0,run,0.7295594260212965,-24.0,-0.33,0.03,0.33,0.06,-0.074,-3.136,-0.608,0
left_kp0.0095_ki0.02_kd0_-300_r1,left,0.0095,0.02,0.0,-300.0,run,0.7958857020130381,-272.0,-0.19,0.03,0.19,0.02,-0.074,-3.08,-0.777,0
left_kp0.0095_ki0.02_kd0_-300_r1,left,0.0095,0.02,0.0,-300.0,run,0.8621993099804968,-327.0,-0.19,-0.03,0.19,0.04,-0.071,-2.98,-0.541,0
left_kp0.0095_ki0.02_kd0_-300_r1,left,0.0095,0.02,0.0,-300.0,run,0.9287051759893075,-305.0,-0.2,0.04,0.21,0.04,-0.069,-2.838,-0.809,0
left_kp0.0095_ki0.02_kd0_-300_r1,left,0.0095,0.02,0.0,-300.0,run,0.9951322239940055,-294.0,-0.15,0.0,0.15,0.06,-0.07,-2.929,-0.573,0
left_kp0.0095_ki0.02_kd0_-300_r1,left,0.0095,0.02,0.0,-300.0,run,1.0614945940324105,-288.0,-0.22,0.07,0.23,0.02,-0.066,-2.761,-0.522,0
left_kp0.0095_ki0.02_kd0_-300_r1,left,0.0095,0.02,0.0,-300.0,run,1.1278962380019948,-279.0,-0.14,0.0,0.14,0.08,-0.071,-2.964,-0.713,0
left_kp0.0095_ki0.02_kd0_-300_r1,left,0.0095,0.02,0.0,-300.0,run,1.1942350899917074,-272.0,-0.2,-0.05,0.21,0.06,-0.07,-2.946,-0.533,0
left_kp0.0095_ki0.02_kd0_-300_r1,left,0.0095,0.02,0.0,-300.0,run,1.2605033500003628,-290.0,-0.21,0.0,0.21,0.02,-0.069,-2.924,-0.412,0
left_kp0.0095_ki0.02_kd0_-300_r1,left,0.0095,0.02,0.0,-300.0,run,1.3268501980346628,-296.0,-0.23,0.0,0.23,0.02,-0.072,-2.986,-0.79,0
left_kp0.0095_ki0.02_kd0_-300_r1,left,0.0095,0.02,0.0,-300.0,run,1.393178683007136,-302.0,-0.2,-0.03,0.2,0.02,-0.071,-2.97,-0.64,0
left_kp0.0095_ki0.02_kd0_-300_r1,left,0.0095,0.02,0.0,-300.0,run,1.459437585028354,-314.0,-0.2,0.02,0.2,0.02,-0.069,-2.921,-0.533,0
left_kp0.0095_ki0.02_kd0_-300_r1,left,0.0095,0.02,0.0,-300.0,run,1.525712407019455,-301.0,-0.21,-0.01,0.21,0.02,-0.072,-2.975,-0.833,0
left_kp0.0095_ki0.02_kd0_-300_r1,left,0.0095,0.02,0.0,-300.0,run,1.5920161330141127,-299.0,-0.19,-0.01,0.19,0.02,-0.071,-2.97,-0.646,0
left_kp0.0095_ki0.02_kd0_-300_r1,left,0.0095,0.02,0.0,-300.0,run,1.6582832650165074,-312.0,-0.2,0.01,0.2,0.26,-0.07,-2.935,-0.536,0
left_kp0.0095_ki0.02_kd0_-300_r1,left,0.0095,0.02,0.0,-300.0,run,1.7246647030115128,-300.0,-0.19,-0.01,-0.19,-0.04,-0.072,-2.991,-0.75,0
left_kp0.0095_ki0.02_kd0_-300_r1,left,0.0095,0.02,0.0,-300.0,run,1.7909996380330995,-296.0,-0.18,0.0,0.18,0.26,-0.071,-2.964,-0.646,0
left_kp0.0095_ki0.02_kd0_-300_r1,left,0.0095,0.02,0.0,-300.0,run,1.8573244420113042,-310.0,-0.19,0.03,0.19,0.06,-0.069,-2.911,-0.522,0
left_kp0.0095_ki0.02_kd0_-300_r1,left,0.0095,0.02,0.0,-300.0,run,1.9235981340170838,-296.0,-0.17,-0.03,0.18,0.02,-0.07,-2.924,-0.715,0
left_kp0.0095_ki0.02_kd0_-300_r1,left,0.0095,0.02,0.0,-300.0,run,1.989914485020563,-285.0,-0.23,-0.07,0.24,0.08,-0.069,-2.895,-0.509,0
left_kp0.0095_ki0.02_kd0_-300_r1,left,0.0095,0.02,0.0,-300.0,run,2.0562204670277424,-293.0,-0.18,0.0,0.18,0.02,-0.068,-2.862,-0.434,0
left_kp0.0095_ki0.02_kd0_-300_r1,left,0.0095,0.02,0.0,-300.0,run,2.122567671001889,-283.0,-0.17,-0.05,0.17,0.26,-0.071,-2.954,-0.782,0
left_kp0.0095_ki0.02_kd0_-300_r1,left,0.0095,0.02,0.0,-300.0,run,2.1893760100356303,-284.0,-0.15,-0.03,0.15,0.02,-0.071,-2.964,-0.699,0
left_kp0.0095_ki0.02_kd0_-300_r1,left,0.0095,0.02,0.0,-300.0,run,2.25576288002776,-303.0,-0.24,0.0,0.24,0.02,-0.069,-2.919,-0.439,0
left_kp0.0095_ki0.02_kd0_-300_r1,left,0.0095,0.02,0.0,-300.0,run,2.322030398994684,-295.0,-0.16,-0.04,0.17,0.04,-0.071,-2.927,-0.828,0
left_kp0.0095_ki0.02_kd0_-300_r1,left,0.0095,0.02,0.0,-300.0,run,2.3882876239949837,-293.0,-0.15,-0.03,0.16,0.02,-0.07,-2.927,-0.755,0
left_kp0.0095_ki0.02_kd0_-300_r1,left,0.0095,0.02,0.0,-300.0,run,2.454568230023142,-304.0,-0.24,-0.03,0.24,0.42,-0.069,-2.913,-0.431,0
left_kp0.0095_ki0.02_kd0_-300_r1,left,0.0095,0.02,0.0,-300.0,run,2.5207418400095776,-291.0,-0.14,0.0,0.14,0.02,-0.07,-2.86,-0.857,0
left_kp0.0095_ki0.02_kd0_-300_r1,left,0.0095,0.02,0.0,-300.0,run,2.5869957440299913,-286.0,-0.22,0.03,0.22,0.06,-0.069,-2.849,-0.793,0
left_kp0.0095_ki0.02_kd0_-300_r1,left,0.0095,0.02,0.0,-300.0,run,2.6532532229903154,-298.0,-0.23,-0.01,0.23,0.02,-0.071,-2.994,-0.487,0
left_kp0.0095_ki0.02_kd0_-300_r1,left,0.0095,0.02,0.0,-300.0,run,2.7194786350009963,-291.0,-0.22,0.08,0.24,0.02,-0.068,-2.774,-0.849,0
left_kp0.0095_ki0.02_kd0_-300_r1,left,0.0095,0.02,0.0,-300.0,run,2.7858597980230115,-292.0,-0.24,-0.02,0.24,0.06,-0.069,-2.887,-0.702,0
left_kp0.0095_ki0.02_kd0_-300_r1,left,0.0095,0.02,0.0,-300.0,run,2.8521804520278238,-303.0,-0.21,0.02,0.22,0.06,-0.071,-3.007,-0.493,0
left_kp0.0095_ki0.02_kd0_-300_r1,left,0.0095,0.02,0.0,-300.0,run,2.9184824200347066,-300.0,-0.22,0.05,0.23,0.08,-0.068,-2.801,-0.758,0
left_kp0.0095_ki0.02_kd0_-300_r1,left,0.0095,0.02,0.0,-300.0,run,2.9849128460045904,-292.0,-0.22,-0.01,0.22,0.02,-0.071,-2.943,-0.702,0
left_kp0.0095_ki0.02_kd0_-300_r1,left,0.0095,0.02,0.0,0,stop,1.260021235793829e-06,-301.0,-0.21,0.01,0.21,0.08,-0.071,-2.991,-0.469,0
left_kp0.0095_ki0.02_kd0_-300_r1,left,0.0095,0.02,0.0,0,stop,0.07653119100723416,-293.0,-0.15,0.05,0.15,0.04,-0.064,-2.661,-0.742,0
left_kp0.0095_ki0.02_kd0_-300_r1,left,0.0095,0.02,0.0,0,stop,0.14287435804726556,-282.0,-0.14,-0.02,0.14,0.06,-0.055,-2.316,-0.53,0
left_kp0.0095_ki0.02_kd0_-300_r1,left,0.0095,0.02,0.0,0,stop,0.20914155605714768,-245.0,0.0,0.0,0.0,0.0,0.0,0.0,0.0,0
left_kp0.0095_ki0.02_kd0_-300_r1,left,0.0095,0.02,0.0,0,stop,0.2755498760379851,-245.0,0.0,0.0,0.0,0.0,0.0,0.0,0.0,0
left_kp0.0095_ki0.02_kd0_-300_r1,left,0.0095,0.02,0.0,0,stop,0.3420285640168004,-245.0,0.0,0.0,0.0,0.0,0.0,0.0,0.0,0
left_kp0.0095_ki0.02_kd0_-300_r1,left,0.0095,0.02,0.0,0,stop,0.40836917504202574,-245.0,0.0,0.0,0.0,0.0,0.0,0.0,0.0,0
left_kp0.0095_ki0.02_kd0_-300_r1,left,0.0095,0.02,0.0,0,stop,0.47467952204169706,-245.0,0.0,0.0,0.0,0.0,0.0,0.0,0.0,0
left_kp0.0095_ki0.02_kd0_-300_r1,left,0.0095,0.02,0.0,0,stop,0.5409671860397793,-245.0,0.0,0.0,0.0,0.0,0.0,0.0,0.0,0
left_kp0.0095_ki0.02_kd0_-300_r1,left,0.0095,0.02,0.0,0,stop,0.6073019670438953,-245.0,0.0,0.0,0.0,0.0,0.0,0.0,0.0,0
left_kp0.0095_ki0.02_kd0_-300_r1,left,0.0095,0.02,0.0,0,stop,0.67354301904561,0.0,0.0,0.0,0.0,0.0,0.0,0.0,0.0,0
left_kp0.0095_ki0.02_kd0_-300_r1,left,0.0095,0.02,0.0,0,stop,0.7398420860408805,0.0,0.0,0.0,0.0,0.0,0.0,0.0,0.0,0
left_kp0.0095_ki0.02_kd0_+300_r2,left,0.0095,0.02,0.0,300.0,run,0.00014631502563133836,0.0,0.0,0.0,0.0,0.0,0.0,0.0,0.0,0
left_kp0.0095_ki0.02_kd0_+300_r2,left,0.0095,0.02,0.0,300.0,run,0.06655910704284906,0.0,0.0,-0.02,0.02,0.04,-0.013,-0.029,0.562,0
left_kp0.0095_ki0.02_kd0_+300_r2,left,0.0095,0.02,0.0,300.0,run,0.1328376670135185,0.0,0.0,-0.01,0.01,0.02,0.024,0.809,0.621,0
left_kp0.0095_ki0.02_kd0_+300_r2,left,0.0095,0.02,0.0,300.0,run,0.1991260779905133,0.0,0.13,0.0,0.13,0.02,0.038,1.552,0.541,0
left_kp0.0095_ki0.02_kd0_+300_r2,left,0.0095,0.02,0.0,300.0,run,0.26569500600453466,0.0,0.17,-0.01,0.17,0.04,0.041,1.651,0.549,0
left_kp0.0095_ki0.02_kd0_+300_r2,left,0.0095,0.02,0.0,300.0,run,0.33212156099034473,0.0,0.21,0.0,0.21,0.02,0.041,1.667,0.557,0
left_kp0.0095_ki0.02_kd0_+300_r2,left,0.0095,0.02,0.0,300.0,run,0.3984451169962995,0.0,0.27,0.0,0.27,0.02,0.042,1.747,0.351,0
left_kp0.0095_ki0.02_kd0_+300_r2,left,0.0095,0.02,0.0,300.0,run,0.4649755220161751,0.0,0.26,0.0,0.26,0.06,0.04,1.702,-0.203,0
left_kp0.0095_ki0.02_kd0_+300_r2,left,0.0095,0.02,0.0,300.0,run,0.531414017023053,0.0,0.25,0.01,0.25,0.08,0.042,1.755,-0.292,0
left_kp0.0095_ki0.02_kd0_+300_r2,left,0.0095,0.02,0.0,300.0,run,0.5977307080174796,0.0,0.3,-0.01,0.3,0.04,0.041,1.753,-0.278,0
left_kp0.0095_ki0.02_kd0_+300_r2,left,0.0095,0.02,0.0,300.0,run,0.6641852920292877,0.0,0.31,-0.02,0.31,0.0,0.044,1.873,-0.268,0
left_kp0.0095_ki0.02_kd0_+300_r2,left,0.0095,0.02,0.0,300.0,run,0.7304659319925122,0.0,0.27,0.0,0.27,0.08,0.054,2.283,-0.222,0
left_kp0.0095_ki0.02_kd0_+300_r2,left,0.0095,0.02,0.0,300.0,run,0.7966352369985543,0.0,0.31,0.08,0.32,0.06,0.074,3.122,-0.461,0
left_kp0.0095_ki0.02_kd0_+300_r2,left,0.0095,0.02,0.0,300.0,run,0.8631474580033682,83.0,0.37,0.17,0.41,0.04,0.084,3.46,-1.074,0
left_kp0.0095_ki0.02_kd0_+300_r2,left,0.0095,0.02,0.0,300.0,run,0.9294485840364359,408.0,0.15,0.02,0.15,0.46,0.081,3.275,-1.131,0
left_kp0.0095_ki0.02_kd0_+300_r2,left,0.0095,0.02,0.0,300.0,run,0.9957136299926788,413.0,0.15,0.07,0.17,0.06,0.078,3.211,-0.895,0
left_kp0.0095_ki0.02_kd0_+300_r2,left,0.0095,0.02,0.0,300.0,run,1.062188721029088,394.0,0.17,0.01,0.17,0.02,0.074,3.125,-0.546,0
left_kp0.0095_ki0.02_kd0_+300_r2,left,0.0095,0.02,0.0,300.0,run,1.128485735040158,362.0,0.19,0.04,0.19,0.02,0.072,3.031,-0.57,0
left_kp0.0095_ki0.02_kd0_+300_r2,left,0.0095,0.02,0.0,300.0,run,1.1947582650464028,318.0,0.24,-0.01,0.24,0.06,0.07,2.948,-0.546,0
left_kp0.0095_ki0.02_kd0_+300_r2,left,0.0095,0.02,0.0,300.0,run,1.2611072270083241,320.0,0.2,-0.02,0.2,0.04,0.069,2.929,-0.439,0
left_kp0.0095_ki0.02_kd0_+300_r2,left,0.0095,0.02,0.0,300.0,run,1.3274241530452855,305.0,0.22,0.04,0.22,0.04,0.069,2.913,-0.544,0
left_kp0.0095_ki0.02_kd0_+300_r2,left,0.0095,0.02,0.0,300.0,run,1.3936287150136195,290.0,0.25,-0.01,0.25,0.02,0.07,2.956,-0.546,0
left_kp0.0095_ki0.02_kd0_+300_r2,left,0.0095,0.02,0.0,300.0,run,1.4599193280446343,308.0,0.23,0.03,0.23,0.04,0.069,2.913,-0.466,0
left_kp0.0095_ki0.02_kd0_+300_r2,left,0.0095,0.02,0.0,300.0,run,1.5262441270169802,302.0,0.21,0.04,0.21,0.02,0.07,2.935,-0.554,0
left_kp0.0095_ki0.02_kd0_+300_r2,left,0.0095,0.02,0.0,300.0,run,1.5925663230009377,292.0,0.23,-0.01,0.23,0.02,0.071,2.983,-0.576,0
left_kp0.0095_ki0.02_kd0_+300_r2,left,0.0095,0.02,0.0,300.0,run,1.6588716260157526,311.0,0.21,0.01,-0.21,-0.14,0.07,2.962,-0.485,0
left_kp0.0095_ki0.02_kd0_+300_r2,left,0.0095,0.02,0.0,300.0,run,1.7252845439943485,308.0,0.2,0.02,0.2,0.06,0.07,2.959,-0.565,0
left_kp0.0095_ki0.02_kd0_+300_r2,left,0.0095,0.02,0.0,300.0,run,1.7914881840115413,303.0,0.26,-0.01,0.26,0.26,0.07,2.954,-0.565,0
left_kp0.0095_ki0.02_kd0_+300_r2,left,0.0095,0.02,0.0,300.0,run,1.8577877840143628,310.0,0.2,0.06,0.21,0.44,0.069,2.916,-0.479,0
left_kp0.0095_ki0.02_kd0_+300_r2,left,0.0095,0.02,0.0,300.0,run,1.9241719880374148,303.0,0.19,0.0,0.19,0.02,0.07,2.956,-0.522,0
left_kp0.0095_ki0.02_kd0_+300_r2,left,0.0095,0.02,0.0,300.0,run,1.9904377910424955,289.0,0.26,-0.02,0.26,0.06,0.07,2.935,-0.538,0
left_kp0.0095_ki0.02_kd0_+300_r2,left,0.0095,0.02,0.0,300.0,run,2.056765190034639,298.0,0.21,0.01,-0.21,-0.04,0.069,2.921,-0.399,0
left_kp0.0095_ki0.02_kd0_+300_r2,left,0.0095,0.02,0.0,300.0,run,2.123044262989424,296.0,0.18,0.06,0.19,0.04,0.07,2.94,-0.506,0
left_kp0.0095_ki0.02_kd0_+300_r2,left,0.0095,0.02,0.0,300.0,run,2.1893744349945337,283.0,0.25,-0.04,0.25,0.06,0.071,2.98,-0.546,0
left_kp0.0095_ki0.02_kd0_+300_r2,left,0.0095,0.02,0.0,300.0,run,2.2557129340129904,293.0,0.21,0.01,0.21,0.04,0.068,2.905,-0.316,0
left_kp0.0095_ki0.02_kd0_+300_r2,left,0.0095,0.02,0.0,300.0,run,2.3219468140159734,293.0,0.19,0.04,0.2,0.0,0.068,2.868,-0.436,0
left_kp0.0095_ki0.02_kd0_+300_r2,left,0.0095,0.02,0.0,300.0,run,2.3882475530263036,282.0,0.15,0.01,0.15,0.06,0.072,3.026,-0.624,0
left_kp0.0095_ki0.02_kd0_+300_r2,left,0.0095,0.02,0.0,300.0,run,2.4544322570436634,288.0,0.17,0.01,0.17,0.04,0.069,2.929,-0.329,0
left_kp0.0095_ki0.02_kd0_+300_r2,left,0.0095,0.02,0.0,300.0,run,2.5207273870473728,288.0,0.24,-0.03,0.24,0.06,0.068,2.881,-0.418,0
left_kp0.0095_ki0.02_kd0_+300_r2,left,0.0095,0.02,0.0,300.0,run,2.5871525140246376,277.0,0.25,0.04,0.25,0.04,0.07,2.954,-0.53,0
left_kp0.0095_ki0.02_kd0_+300_r2,left,0.0095,0.02,0.0,300.0,run,2.6535210990114138,287.0,0.25,-0.01,0.25,0.04,0.068,2.895,-0.351,0
left_kp0.0095_ki0.02_kd0_+300_r2,left,0.0095,0.02,0.0,300.0,run,2.719738538027741,295.0,0.2,0.04,0.2,0.06,0.069,2.903,-0.463,0
left_kp0.0095_ki0.02_kd0_+300_r2,left,0.0095,0.02,0.0,300.0,run,2.7861204930231906,287.0,0.22,-0.03,0.22,0.06,0.072,3.042,-0.469,0
left_kp0.0095_ki0.02_kd0_+300_r2,left,0.0095,0.02,0.0,300.0,run,2.8524418009910733,283.0,0.23,-0.03,0.23,0.02,0.069,2.951,-0.407,0
left_kp0.0095_ki0.02_kd0_+300_r2,left,0.0095,0.02,0.0,300.0,run,2.9187054430367425,296.0,0.21,0.0,0.21,0.02,0.067,2.846,-0.377,0
left_kp0.0095_ki0.02_kd0_+300_r2,left,0.0095,0.02,0.0,300.0,run,2.9851454879972152,274.0,0.19,-0.06,0.2,0.08,0.071,2.98,-0.581,0
left_kp0.0095_ki0.02_kd0_+300_r2,left,0.0095,0.02,0.0,0,stop,1.3129902072250843e-06,271.0,0.12,0.0,0.12,0.02,0.07,2.937,-0.541,0
left_kp0.0095_ki0.02_kd0_+300_r2,left,0.0095,0.02,0.0,0,stop,0.07632718700915575,293.0,0.14,-0.01,0.14,0.02,0.064,2.731,-0.375,0
left_kp0.0095_ki0.02_kd0_+300_r2,left,0.0095,0.02,0.0,0,stop,0.14282722200732678,273.0,0.15,0.03,0.15,0.02,0.056,2.337,-0.549,0
left_kp0.0095_ki0.02_kd0_+300_r2,left,0.0095,0.02,0.0,0,stop,0.20886427600635216,242.0,0.0,0.0,0.0,0.0,0.0,0.0,0.0,0
left_kp0.0095_ki0.02_kd0_+300_r2,left,0.0095,0.02,0.0,0,stop,0.27527660998748615,242.0,0.0,0.0,0.0,0.0,0.0,0.0,0.0,0
left_kp0.0095_ki0.02_kd0_+300_r2,left,0.0095,0.02,0.0,0,stop,0.34201169398147613,242.0,0.0,0.0,0.0,0.0,0.0,0.0,0.0,0
left_kp0.0095_ki0.02_kd0_+300_r2,left,0.0095,0.02,0.0,0,stop,0.40846759697888047,242.0,0.0,0.0,0.0,0.0,0.0,0.0,0.0,0
left_kp0.0095_ki0.02_kd0_+300_r2,left,0.0095,0.02,0.0,0,stop,0.47486126399599016,242.0,0.0,0.0,0.0,0.0,0.0,0.0,0.0,0
left_kp0.0095_ki0.02_kd0_+300_r2,left,0.0095,0.02,0.0,0,stop,0.5411396329873241,242.0,0.0,0.0,0.0,0.0,0.0,0.0,0.0,0
left_kp0.0095_ki0.02_kd0_+300_r2,left,0.0095,0.02,0.0,0,stop,0.6074590740026906,242.0,0.0,0.0,0.0,0.0,0.0,0.0,0.0,0
left_kp0.0095_ki0.02_kd0_+300_r2,left,0.0095,0.02,0.0,0,stop,0.6740918289870024,0.0,0.0,0.0,0.0,0.0,0.0,0.0,0.0,0
left_kp0.0095_ki0.02_kd0_+300_r2,left,0.0095,0.02,0.0,0,stop,0.7403628579922952,0.0,0.0,0.0,0.0,0.0,0.0,0.0,0.0,0
left_kp0.0095_ki0.02_kd0_-300_r2,left,0.0095,0.02,0.0,-300.0,run,0.00013724202290177345,0.0,0.0,0.0,0.0,0.0,0.0,0.0,0.0,0
left_kp0.0095_ki0.02_kd0_-300_r2,left,0.0095,0.02,0.0,-300.0,run,0.06634926801780239,0.0,-0.02,0.01,0.02,0.32,0.009,0.163,-0.348,0
left_kp0.0095_ki0.02_kd0_-300_r2,left,0.0095,0.02,0.0,-300.0,run,0.13267332600662485,0.0,-0.06,0.03,0.07,0.04,-0.018,-0.305,-0.702,0
left_kp0.0095_ki0.02_kd0_-300_r2,left,0.0095,0.02,0.0,-300.0,run,0.19892798800719902,0.0,-0.1,-0.06,0.12,0.24,-0.032,-1.093,-0.793,0
left_kp0.0095_ki0.02_kd0_-300_r2,left,0.0095,0.02,0.0,-300.0,run,0.2651942660450004,0.0,-0.16,-0.01,0.16,0.04,-0.042,-1.734,-0.514,0
left_kp0.0095_ki0.02_kd0_-300_r2,left,0.0095,0.02,0.0,-300.0,run,0.33173944102600217,0.0,-0.19,0.01,0.19,0.04,-0.045,-1.879,-0.463,0
left_kp0.0095_ki0.02_kd0_-300_r2,left,0.0095,0.02,0.0,-300.0,run,0.39798904600320384,0.0,-0.21,0.01,0.21,0.0,-0.047,-1.962,-0.544,0
left_kp0.0095_ki0.02_kd0_-300_r2,left,0.0095,0.02,0.0,-300.0,run,0.4642972470028326,0.0,-0.23,0.05,0.24,0.04,-0.052,-2.117,-0.758,0
left_kp0.0095_ki0.02_kd0_-300_r2,left,0.0095,0.02,0.0,-300.0,run,0.5309717640047893,0.0,-0.28,0.02,0.28,0.04,-0.062,-2.648,-0.203,0
left_kp0.0095_ki0.02_kd0_-300_r2,left,0.0095,0.02,0.0,-300.0,run,0.5973687380319461,-26.0,-0.21,0.0,-0.21,-0.02,-0.066,-2.793,-0.343,0
left_kp0.0095_ki0.02_kd0_-300_r2,left,0.0095,0.02,0.0,-300.0,run,0.6636337620439008,-208.0,-0.19,0.04,0.2,0.1,-0.072,-3.031,-0.506,0
left_kp0.0095_ki0.02_kd0_-300_r2,left,0.0095,0.02,0.0,-300.0,run,0.7302385020302609,-275.0,-0.2,0.06,0.2,0.02,-0.069,-2.895,-0.705,0
left_kp0.0095_ki0.02_kd0_-300_r2,left,0.0095,0.02,0.0,-300.0,run,0.7964697040151805,-298.0,-0.2,-0.02,0.2,0.04,-0.065,-2.71,-0.6,0
left_kp0.0095_ki0.02_kd0_-300_r2,left,0.0095,0.02,0.0,-300.0,run,0.8627214320003986,-287.0,-0.17,0.0,0.17,0.0,-0.063,-2.669,-0.377,0
left_kp0.0095_ki0.02_kd0_-300_r2,left,0.0095,0.02,0.0,-300.0,run,0.9290501130162738,-243.0,-0.15,-0.01,0.15,0.38,-0.062,-2.594,-0.525,0
left_kp0.0095_ki0.02_kd0_-300_r2,left,0.0095,0.02,0.0,-300.0,run,0.9954510050010867,-226.0,-0.15,-0.03,0.15,0.06,-0.066,-2.787,-0.394,0
left_kp0.0095_ki0.02_kd0_-300_r2,left,0.0095,0.02,0.0,-300.0,run,1.0617928800056688,-218.0,-0.26,0.02,0.26,0.06,-0.061,-2.573,-0.364,0
left_kp0.0095_ki0.02_kd0_-300_r2,left,0.0095,0.02,0.0,-300.0,run,1.1282821480417624,-225.0,-0.2,0.0,0.2,0.0,-0.065,-2.755,-0.327,0
left_kp0.0095_ki0.02_kd0_-300_r2,left,0.0095,0.02,0.0,-300.0,run,1.194619225047063,-237.0,-0.21,-0.06,0.22,0.4,-0.071,-3.007,-0.461,0
left_kp0.0095_ki0.02_kd0_-300_r2,left,0.0095,0.02,0.0,-300.0,run,1.2609436650527641,-274.0,-0.17,0.05,0.18,0.02,-0.072,-2.97,-0.812,0
left_kp0.0095_ki0.02_kd0_-300_r2,left,0.0095,0.02,0.0,-300.0,run,1.3274486940354109,-310.0,-0.2,-0.03,0.2,0.02,-0.07,-2.929,-0.568,0
left_kp0.0095_ki0.02_kd0_-300_r2,left,0.0095,0.02,0.0,-300.0,run,1.3937612710287794,-304.0,-0.19,0.02,0.19,0.04,-0.069,-2.895,-0.619,0
left_kp0.0095_ki0.02_kd0_-300_r2,left,0.0095,0.02,0.0,-300.0,run,1.4600785850198008,-296.0,-0.16,0.05,0.17,0.42,-0.07,-2.892,-0.812,0
left_kp0.0095_ki0.02_kd0_-300_r2,left,0.0095,0.02,0.0,-300.0,run,1.526584207022097,-290.0,-0.17,-0.04,0.18,0.02,-0.068,-2.86,-0.549,0
left_kp0.0095_ki0.02_kd0_-300_r2,left,0.0095,0.02,0.0,-300.0,run,1.5928551360266283,-284.0,-0.15,0.0,0.15,0.02,-0.07,-2.929,-0.584,0
left_kp0.0095_ki0.02_kd0_-300_r2,left,0.0095,0.02,0.0,-300.0,run,1.6591807180084288,-286.0,-0.24,0.02,0.24,0.02,-0.07,-2.932,-0.651,0
left_kp0.0095_ki0.02_kd0_-300_r2,left,0.0095,0.02,0.0,-300.0,run,1.7256431319983676,-290.0,-0.23,0.0,0.23,0.08,-0.067,-2.809,-0.554,0
left_kp0.0095_ki0.02_kd0_-300_r2,left,0.0095,0.02,0.0,-300.0,run,1.791901470045559,-290.0,-0.22,0.05,0.22,0.02,-0.069,-2.908,-0.605,0
left_kp0.0095_ki0.02_kd0_-300_r2,left,0.0095,0.02,0.0,-300.0,run,1.858271132048685,-287.0,-0.22,0.02,0.22,0.06,-0.072,-3.002,-0.667,0
left_kp0.0095_ki0.02_kd0_-300_r2,left,0.0095,0.02,0.0,-300.0,run,1.9245192070375197,-295.0,-0.21,0.0,0.21,0.02,-0.068,-2.852,-0.562,0
left_kp0.0095_ki0.02_kd0_-300_r2,left,0.0095,0.02,0.0,-300.0,run,1.991054205049295,-303.0,-0.2,0.05,0.2,0.08,-0.068,-2.881,-0.568,0
left_kp0.0095_ki0.02_kd0_-300_r2,left,0.0095,0.02,0.0,-300.0,run,2.0574330470408313,-283.0,-0.21,-0.03,0.22,0.02,-0.071,-3.004,-0.6,0
left_kp0.0095_ki0.02_kd0_-300_r2,left,0.0095,0.02,0.0,-300.0,run,2.123970964050386,-286.0,-0.2,-0.01,0.2,0.08,-0.068,-2.881,-0.511,0
left_kp0.0095_ki0.02_kd0_-300_r2,left,0.0095,0.02,0.0,-300.0,run,2.1902689750422724,-293.0,-0.15,-0.02,0.15,0.08,-0.069,-2.905,-0.463,0
left_kp0.0095_ki0.02_kd0_-300_r2,left,0.0095,0.02,0.0,-300.0,run,2.2565928820404224,-280.0,-0.14,-0.06,-0.16,-0.1,-0.073,-3.055,-0.664,0
left_kp0.0095_ki0.02_kd0_-300_r2,left,0.0095,0.02,0.0,-300.0,run,2.3231792090227827,-292.0,-0.17,-0.07,0.18,0.02,-0.069,-2.895,-0.605,0
left_kp0.0095_ki0.02_kd0_-300_r2,left,0.0095,0.02,0.0,-300.0,run,2.389520478027407,-301.0,-0.22,0.0,0.22,0.02,-0.068,-2.873,-0.485,0
left_kp0.0095_ki0.02_kd0_-300_r2,left,0.0095,0.02,0.0,-300.0,run,2.45589577103965,-286.0,-0.15,-0.02,0.15,0.02,-0.072,-2.996,-0.742,0
left_kp0.0095_ki0.02_kd0_-300_r2,left,0.0095,0.02,0.0,-300.0,run,2.5224439980229363,-293.0,-0.17,0.01,0.17,0.08,-0.069,-2.862,-0.705,0
left_kp0.0095_ki0.02_kd0_-300_r2,left,0.0095,0.02,0.0,-300.0,run,2.5886485560331494,-296.0,-0.2,-0.06,0.21,0.02,-0.07,-2.975,-0.49,0
left_kp0.0095_ki0.02_kd0_-300_r2,left,0.0095,0.02,0.0,-300.0,run,2.6549595850519836,-284.0,-0.17,0.06,0.18,0.02,-0.07,-2.908,-0.782,0
left_kp0.0095_ki0.02_kd0_-300_r2,left,0.0095,0.02,0.0,-300.0,run,2.7215508350054733,-297.0,-0.21,0.03,0.21,0.02,-0.068,-2.841,-0.686,0
left_kp0.0095_ki0.02_kd0_-300_r2,left,0.0095,0.02,0.0,-300.0,run,2.787886851001531,-300.0,-0.19,-0.02,0.19,0.08,-0.07,-2.943,-0.528,0
left_kp0.0095_ki0.02_kd0_-300_r2,left,0.0095,0.02,0.0,-300.0,run,2.8544677030295134,-282.0,-0.22,0.07,0.23,0.1,-0.069,-2.862,-0.667,0
left_kp0.0095_ki0.02_kd0_-300_r2,left,0.0095,0.02,0.0,-300.0,run,2.9206654780427925,-289.0,-0.26,0.02,0.26,0.06,-0.069,-2.897,-0.611,0
left_kp0.0095_ki0.02_kd0_-300_r2,left,0.0095,0.02,0.0,-300.0,run,2.9869570240261964,-299.0,-0.2,0.03,0.2,0.08,-0.07,-2.932,-0.554,0
left_kp0.0095_ki0.02_kd0_-300_r2,left,0.0095,0.02,0.0,0,stop,5.909823812544346e-07,-288.0,-0.24,0.02,0.24,0.04,-0.07,-2.932,-0.667,0
left_kp0.0095_ki0.02_kd0_-300_r2,left,0.0095,0.02,0.0,0,stop,0.07623653498012573,-287.0,-0.21,0.02,0.21,0.06,-0.063,-2.632,-0.576,0
left_kp0.0095_ki0.02_kd0_-300_r2,left,0.0095,0.02,0.0,0,stop,0.14264034997904673,-270.0,-0.13,-0.01,0.13,0.04,-0.051,-2.168,-0.367,0
left_kp0.0095_ki0.02_kd0_-300_r2,left,0.0095,0.02,0.0,0,stop,0.20900092896772549,-270.0,0.0,0.0,0.0,0.0,0.0,0.0,0.0,0
left_kp0.0095_ki0.02_kd0_-300_r2,left,0.0095,0.02,0.0,0,stop,0.27531022898619995,-270.0,0.0,0.0,0.0,0.0,0.0,0.0,0.0,0
left_kp0.0095_ki0.02_kd0_-300_r2,left,0.0095,0.02,0.0,0,stop,0.3416724679991603,-270.0,0.0,0.0,0.0,0.0,0.0,0.0,0.0,0
left_kp0.0095_ki0.02_kd0_-300_r2,left,0.0095,0.02,0.0,0,stop,0.40800587699050084,-270.0,0.0,0.0,0.0,0.0,0.0,0.0,0.0,0
left_kp0.0095_ki0.02_kd0_-300_r2,left,0.0095,0.02,0.0,0,stop,0.4743163129896857,-270.0,0.0,0.0,0.0,0.0,0.0,0.0,0.0,0
left_kp0.0095_ki0.02_kd0_-300_r2,left,0.0095,0.02,0.0,0,stop,0.5406633609673008,-270.0,0.0,0.0,0.0,0.0,0.0,0.0,0.0,0
left_kp0.0095_ki0.02_kd0_-300_r2,left,0.0095,0.02,0.0,0,stop,0.606933137984015,-270.0,0.0,0.0,0.0,0.0,0.0,0.0,0.0,0
left_kp0.0095_ki0.02_kd0_-300_r2,left,0.0095,0.02,0.0,0,stop,0.6732325899647549,0.0,0.0,0.0,0.0,0.0,0.0,0.0,0.0,0
left_kp0.0095_ki0.02_kd0_-300_r2,left,0.0095,0.02,0.0,0,stop,0.7395637389854528,0.0,0.0,0.0,0.0,0.0,0.0,0.0,0.0,0
left_kp0.0095_ki0.022_kd0_+300_r1,left,0.0095,0.022,0.0,300.0,run,0.00013645499711856246,0.0,0.0,0.0,0.0,0.0,0.0,0.0,0.0,0
left_kp0.0095_ki0.022_kd0_+300_r1,left,0.0095,0.022,0.0,300.0,run,0.06633489101659507,0.0,0.01,0.01,0.01,0.04,0.007,0.292,0.112,0
left_kp0.0095_ki0.022_kd0_+300_r1,left,0.0095,0.022,0.0,300.0,run,0.1326390170142986,0.0,0.03,0.01,0.03,0.06,0.022,0.935,-0.005,0
left_kp0.0095_ki0.022_kd0_+300_r1,left,0.0095,0.022,0.0,300.0,run,0.19891239400021732,0.0,0.11,0.0,-0.11,-0.02,0.038,1.643,-0.013,0
left_kp0.0095_ki0.022_kd0_+300_r1,left,0.0095,0.022,0.0,300.0,run,0.26521086803404614,0.0,0.16,0.01,-0.16,-0.02,0.04,1.718,0.04,0
left_kp0.0095_ki0.022_kd0_+300_r1,left,0.0095,0.022,0.0,300.0,run,0.3314441519905813,0.0,0.22,0.0,0.22,0.04,0.04,1.729,0.096,0
left_kp0.0095_ki0.022_kd0_+300_r1,left,0.0095,0.022,0.0,300.0,run,0.3977399800205603,0.0,0.21,0.0,0.21,0.04,0.043,1.82,0.128,0
left_kp0.0095_ki0.022_kd0_+300_r1,left,0.0095,0.022,0.0,300.0,run,0.46406259201467037,0.0,0.26,0.0,0.26,0.0,0.044,1.895,0.166,0
left_kp0.0095_ki0.022_kd0_+300_r1,left,0.0095,0.022,0.0,300.0,run,0.5303441199939698,0.0,0.28,0.0,0.28,0.02,0.048,2.066,0.166,0
left_kp0.0095_ki0.022_kd0_+300_r1,left,0.0095,0.022,0.0,300.0,run,0.5966576490318403,0.0,0.26,-0.06,0.27,0.0,0.056,2.42,0.018,0
left_kp0.0095_ki0.022_kd0_+300_r1,left,0.0095,0.022,0.0,300.0,run,0.6632261470076628,0.0,0.29,0.0,0.29,0.08,0.07,2.98,-0.08,0
left_kp0.0095_ki0.022_kd0_+300_r1,left,0.0095,0.022,0.0,300.0,run,0.7294933400116861,21.0,0.33,0.01,0.33,0.04,0.088,3.755,-0.359,0
left_kp0.0095_ki0.022_kd0_+300_r1,left,0.0095,0.022,0.0,300.0,run,0.7958314780262299,417.0,0.16,0.0,0.16,0.04,0.081,3.34,-0.922,0
left_kp0.0095_ki0.022_kd0_+300_r1,left,0.0095,0.022,0.0,300.0,run,0.8621440129936673,409.0,0.17,0.0,0.17,0.08,0.073,3.106,-0.493,0
left_kp0.0095_ki0.022_kd0_+300_r1,left,0.0095,0.022,0.0,300.0,run,0.928549254022073,351.0,0.15,-0.04,0.16,0.02,0.069,2.911,-0.538,0
left_kp0.0095_ki0.022_kd0_+300_r1,left,0.0095,0.022,0.0,300.0,run,0.9948653090395965,303.0,0.14,-0.01,0.14,0.04,0.066,2.82,-0.388,0
left_kp0.0095_ki0.022_kd0_+300_r1,left,0.0095,0.022,0.0,300.0,run,1.0611495210323483,285.0,0.2,0.04,0.21,0.0,0.064,2.726,-0.356,0
left_kp0.0095_ki0.022_kd0_+300_r1,left,0.0095,0.022,0.0,300.0,run,1.127467570011504,255.0,0.19,-0.03,0.19,0.36,0.068,2.889,-0.316,0
left_kp0.0095_ki0.022_kd0_+300_r1,left,0.0095,0.022,0.0,300.0,run,1.1937498539919034,252.0,0.16,-0.01,0.16,0.02,0.067,2.836,-0.501,0
left_kp0.0095_ki0.022_kd0_+300_r1,left,0.0095,0.022,0.0,300.0,run,1.2600117130205035,272.0,0.25,-0.06,0.25,0.04,0.069,2.927,-0.343,0
left_kp0.0095_ki0.022_kd0_+300_r1,left,0.0095,0.022,0.0,300.0,run,1.3264501660014503,280.0,0.18,0.05,0.19,0.04,0.07,2.967,-0.474,0
left_kp0.0095_ki0.022_kd0_+300_r1,left,0.0095,0.022,0.0,300.0,run,1.3928618160425685,292.0,0.18,0.05,-0.18,-0.04,0.067,2.811,-0.627,0
left_kp0.0095_ki0.022_kd0_+300_r1,left,0.0095,0.022,0.0,300.0,run,1.459125483990647,301.0,0.19,-0.03,0.2,0.02,0.07,2.972,-0.469,0
left_kp0.0095_ki0.022_kd0_+300_r1,left,0.0095,0.022,0.0,300.0,run,1.5254197799949907,290.0,0.23,0.06,0.23,0.04,0.069,2.903,-0.469,0
left_kp0.0095_ki0.022_kd0_+300_r1,left,0.0095,0.022,0.0,300.0,run,1.59169201500481,296.0,0.23,0.02,-0.23,-0.02,0.067,2.833,-0.573,0
left_kp0.0095_ki0.022_kd0_+300_r1,left,0.0095,0.022,0.0,300.0,run,1.6582385629881173,297.0,0.2,0.04,0.21,0.02,0.07,2.948,-0.501,0
left_kp0.0095_ki0.022_kd0_+300_r1,left,0.0095,0.022,0.0,300.0,run,1.7246463500196114,295.0,0.22,0.01,0.22,0.08,0.07,2.978,-0.388,0
left_kp0.0095_ki0.022_kd0_+300_r1,left,0.0095,0.022,0.0,300.0,run,1.7910216469899751,301.0,0.26,0.0,0.26,0.16,0.068,2.849,-0.57,0
left_kp0.0095_ki0.022_kd0_+300_r1,left,0.0095,0.022,0.0,300.0,run,1.857304658042267,297.0,0.18,0.04,0.19,0.0,0.07,2.97,-0.482,0
left_kp0.0095_ki0.022_kd0_+300_r1,left,0.0095,0.022,0.0,300.0,run,1.9236109600169584,296.0,0.2,0.0,0.2,0.08,0.071,3.004,-0.383,0
left_kp0.0095_ki0.022_kd0_+300_r1,left,0.0095,0.022,0.0,300.0,run,1.989875055034645,294.0,0.26,-0.01,-0.26,-0.02,0.068,2.862,-0.549,0
left_kp0.0095_ki0.022_kd0_+300_r1,left,0.0095,0.022,0.0,300.0,run,2.056152436998673,296.0,0.18,-0.01,0.18,0.06,0.07,2.972,-0.442,0
left_kp0.0095_ki0.022_kd0_+300_r1,left,0.0095,0.022,0.0,300.0,run,2.1223890419933014,292.0,0.19,0.05,0.2,0.0,0.07,2.991,-0.412,0
left_kp0.0095_ki0.022_kd0_+300_r1,left,0.0095,0.022,0.0,300.0,run,2.1887014899984933,290.0,0.26,-0.02,0.26,0.04,0.069,2.916,-0.528,0
left_kp0.0095_ki0.022_kd0_+300_r1,left,0.0095,0.022,0.0,300.0,run,2.2550469930283725,293.0,0.22,-0.02,0.22,0.02,0.068,2.911,-0.359,0
left_kp0.0095_ki0.022_kd0_+300_r1,left,0.0095,0.022,0.0,300.0,run,2.321408643038012,288.0,0.2,0.0,0.2,0.0,0.068,2.911,-0.318,0
left_kp0.0095_ki0.022_kd0_+300_r1,left,0.0095,0.022,0.0,300.0,run,2.3877029080176726,284.0,0.12,0.04,0.13,0.02,0.07,2.937,-0.549,0
left_kp0.0095_ki0.022_kd0_+300_r1,left,0.0095,0.022,0.0,300.0,run,2.4540232780273072,281.0,0.17,0.02,0.17,0.02,0.068,2.892,-0.394,0
left_kp0.0095_ki0.022_kd0_+300_r1,left,0.0095,0.022,0.0,300.0,run,2.5202808899921365,280.0,0.18,-0.01,0.18,0.04,0.07,2.986,-0.388,0
left_kp0.0095_ki0.022_kd0_+300_r1,left,0.0095,0.022,0.0,300.0,run,2.586468899040483,285.0,0.26,0.04,0.26,0.04,0.069,2.927,-0.439,0
left_kp0.0095_ki0.022_kd0_+300_r1,left,0.0095,0.022,0.0,300.0,run,2.652871391037479,284.0,0.23,-0.01,0.23,0.04,0.068,2.887,-0.431,0
left_kp0.0095_ki0.022_kd0_+300_r1,left,0.0095,0.022,0.0,300.0,run,2.719130326004233,288.0,0.2,0.02,0.2,0.26,0.07,2.967,-0.377,0
left_kp0.0095_ki0.022_kd0_+300_r1,left,0.0095,0.022,0.0,300.0,run,2.785931330989115,287.0,0.22,-0.01,0.22,0.04,0.071,3.026,-0.364,0
left_kp0.0095_ki0.022_kd0_+300_r1,left,0.0095,0.022,0.0,300.0,run,2.8521984519902617,286.0,0.21,-0.05,0.22,0.04,0.069,2.911,-0.469,0
left_kp0.0095_ki0.022_kd0_+300_r1,left,0.0095,0.022,0.0,300.0,run,2.918612351990305,289.0,0.23,0.02,0.23,0.02,0.068,2.897,-0.369,0
left_kp0.0095_ki0.022_kd0_+300_r1,left,0.0095,0.022,0.0,300.0,run,2.9849174660048448,280.0,0.2,-0.04,0.2,0.04,0.071,3.007,-0.474,0
left_kp0.0095_ki0.022_kd0_+300_r1,left,0.0095,0.022,0.0,0,stop,1.5370314940810204e-06,281.0,0.13,-0.02,0.13,0.0,0.069,2.889,-0.581,0
left_kp0.0095_ki0.022_kd0_+300_r1,left,0.0095,0.022,0.0,0,stop,0.07651558401994407,287.0,0.19,-0.01,0.19,0.04,0.065,2.753,-0.343,0
left_kp0.0095_ki0.022_kd0_+300_r1,left,0.0095,0.022,0.0,0,stop,0.14292508299695328,269.0,0.18,0.05,-0.18,-0.02,0.055,2.337,-0.369,0
left_kp0.0095_ki0.022_kd0_+300_r1,left,0.0095,0.022,0.0,0,stop,0.20981940301135182,245.0,0.0,0.0,0.0,0.0,0.0,0.0,0.0,0
left_kp0.0095_ki0.022_kd0_+300_r1,left,0.0095,0.022,0.0,0,stop,0.27637928404146805,245.0,0.0,0.0,0.0,0.0,0.0,0.0,0.0,0
left_kp0.0095_ki0.022_kd0_+300_r1,left,0.0095,0.022,0.0,0,stop,0.34288697404554114,245.0,0.0,0.0,0.0,0.0,0.0,0.0,0.0,0
left_kp0.0095_ki0.022_kd0_+300_r1,left,0.0095,0.022,0.0,0,stop,0.40909517504042014,245.0,0.0,0.0,0.0,0.0,0.0,0.0,0.0,0
left_kp0.0095_ki0.022_kd0_+300_r1,left,0.0095,0.022,0.0,0,stop,0.4754238990135491,245.0,0.0,0.0,0.0,0.0,0.0,0.0,0.0,0
left_kp0.0095_ki0.022_kd0_+300_r1,left,0.0095,0.022,0.0,0,stop,0.5415886890259571,245.0,0.0,0.0,0.0,0.0,0.0,0.0,0.0,0
left_kp0.0095_ki0.022_kd0_+300_r1,left,0.0095,0.022,0.0,0,stop,0.6078136720461771,245.0,0.0,0.0,0.0,0.0,0.0,0.0,0.0,0
left_kp0.0095_ki0.022_kd0_+300_r1,left,0.0095,0.022,0.0,0,stop,0.6740139940520748,0.0,0.0,0.0,0.0,0.0,0.0,0.0,0.0,0
left_kp0.0095_ki0.022_kd0_+300_r1,left,0.0095,0.022,0.0,0,stop,0.7403245440218598,0.0,0.0,0.0,0.0,0.0,0.0,0.0,0.0,0
left_kp0.0095_ki0.022_kd0_-300_r1,left,0.0095,0.022,0.0,-300.0,run,0.00014769798144698143,0.0,0.0,0.0,0.0,0.0,0.0,0.0,0.0,0
left_kp0.0095_ki0.022_kd0_-300_r1,left,0.0095,0.022,0.0,-300.0,run,0.06638137099798769,0.0,-0.03,0.0,-0.03,-0.02,0.008,0.324,-0.134,0
left_kp0.0095_ki0.022_kd0_-300_r1,left,0.0095,0.022,0.0,-300.0,run,0.1326656349701807,0.0,-0.06,0.01,-0.06,-0.02,-0.007,-0.05,-0.284,0
left_kp0.0095_ki0.022_kd0_-300_r1,left,0.0095,0.022,0.0,-300.0,run,0.19903611397603527,0.0,-0.09,0.0,0.09,0.04,-0.025,-0.948,-0.509,0
left_kp0.0095_ki0.022_kd0_-300_r1,left,0.0095,0.022,0.0,-300.0,run,0.2652845769771375,0.0,-0.16,-0.01,0.16,0.02,-0.04,-1.656,-0.42,0
left_kp0.0095_ki0.022_kd0_-300_r1,left,0.0095,0.022,0.0,-300.0,run,0.3314827079884708,0.0,-0.2,0.02,-0.2,-0.02,-0.043,-1.801,-0.479,0
left_kp0.0095_ki0.022_kd0_-300_r1,left,0.0095,0.022,0.0,-300.0,run,0.3978163749561645,0.0,-0.23,0.03,0.23,0.02,-0.045,-1.879,-0.461,0
left_kp0.0095_ki0.022_kd0_-300_r1,left,0.0095,0.022,0.0,-300.0,run,0.4641354269697331,0.0,-0.24,0.01,0.24,0.02,-0.049,-2.01,-0.573,0
left_kp0.0095_ki0.022_kd0_-300_r1,left,0.0095,0.022,0.0,-300.0,run,0.5304024409851991,0.0,-0.19,-0.04,-0.2,-0.02,-0.056,-2.308,-0.678,0
left_kp0.0095_ki0.022_kd0_-300_r1,left,0.0095,0.022,0.0,-300.0,run,0.5966288809431717,0.0,-0.25,0.08,0.26,0.04,-0.065,-2.736,-0.509,0
left_kp0.0095_ki0.022_kd0_-300_r1,left,0.0095,0.022,0.0,-300.0,run,0.6634308349457569,-130.0,-0.25,0.07,0.26,0.08,-0.074,-3.114,-0.67,0
left_kp0.0095_ki0.022_kd0_-300_r1,left,0.0095,0.022,0.0,-300.0,run,0.729741140967235,-304.0,-0.21,0.0,0.21,0.0,-0.078,-3.275,-0.573,0
left_kp0.0095_ki0.022_kd0_-300_r1,left,0.0095,0.022,0.0,-300.0,run,0.7961046629934572,-357.0,-0.18,-0.03,0.18,0.04,-0.073,-2.986,-0.879,0
left_kp0.0095_ki0.022_kd0_-300_r1,left,0.0095,0.022,0.0,-300.0,run,0.8623386509716511,-347.0,-0.21,0.01,0.21,0.12,-0.07,-2.943,-0.506,0
left_kp0.0095_ki0.022_kd0_-300_r1,left,0.0095,0.022,0.0,-300.0,run,0.928724582947325,-304.0,-0.2,0.02,0.2,0.0,-0.064,-2.675,-0.53,0
left_kp0.0095_ki0.022_kd0_-300_r1,left,0.0095,0.022,0.0,-300.0,run,0.9949769559898414,-258.0,-0.19,0.05,0.19,0.0,-0.064,-2.656,-0.632,0
left_kp0.0095_ki0.022_kd0_-300_r1,left,0.0095,0.022,0.0,-300.0,run,1.061351244978141,-245.0,-0.21,-0.03,0.21,0.06,-0.065,-2.744,-0.41,0
left_kp0.0095_ki0.022_kd0_-300_r1,left,0.0095,0.022,0.0,-300.0,run,1.127643393992912,-243.0,-0.23,0.02,0.23,0.0,-0.067,-2.86,-0.31,0
left_kp0.0095_ki0.022_kd0_-300_r1,left,0.0095,0.022,0.0,-300.0,run,1.1939222569926642,-263.0,-0.19,-0.05,0.2,0.18,-0.071,-2.991,-0.654,0
left_kp0.0095_ki0.022_kd0_-300_r1,left,0.0095,0.022,0.0,-300.0,run,1.2602694519446231,-290.0,-0.15,-0.04,0.16,0.0,-0.07,-2.916,-0.793,0
left_kp0.0095_ki0.022_kd0_-300_r1,left,0.0095,0.022,0.0,-300.0,run,1.3265276119927876,-307.0,-0.24,0.01,0.24,0.06,-0.07,-2.951,-0.45,0
left_kp0.0095_ki0.022_kd0_-300_r1,left,0.0095,0.022,0.0,-300.0,run,1.3927568609942682,-304.0,-0.16,-0.04,0.17,0.0,-0.072,-3.01,-0.694,0
left_kp0.0095_ki0.022_kd0_-300_r1,left,0.0095,0.022,0.0,-300.0,run,1.459140455990564,-305.0,-0.17,-0.12,0.21,0.1,-0.07,-2.895,-0.718,0
left_kp0.0095_ki0.022_kd0_-300_r1,left,0.0095,0.022,0.0,-300.0,run,1.5254269289434887,-304.0,-0.21,-0.04,0.21,0.0,-0.069,-2.932,-0.402,0
left_kp0.0095_ki0.022_kd0_-300_r1,left,0.0095,0.022,0.0,-300.0,run,1.5917075849720277,-292.0,-0.17,-0.04,0.17,0.0,-0.07,-2.911,-0.696,0
left_kp0.0095_ki0.022_kd0_-300_r1,left,0.0095,0.022,0.0,-300.0,run,1.6581746159936301,-289.0,-0.15,0.0,-0.15,-0.04,-0.069,-2.846,-0.812,0
left_kp0.0095_ki0.022_kd0_-300_r1,left,0.0095,0.022,0.0,-300.0,run,1.724396908946801,-294.0,-0.25,-0.08,0.27,0.0,-0.07,-2.98,-0.394,0
left_kp0.0095_ki0.022_kd0_-300_r1,left,0.0095,0.022,0.0,-300.0,run,1.7906768689863384,-293.0,-0.16,0.0,0.16,0.4,-0.07,-2.921,-0.721,0
left_kp0.0095_ki0.022_kd0_-300_r1,left,0.0095,0.022,0.0,-300.0,run,1.8569856809917837,-295.0,-0.17,0.06,0.18,0.02,-0.069,-2.836,-0.79,0
left_kp0.0095_ki0.022_kd0_-300_r1,left,0.0095,0.022,0.0,-300.0,run,1.923317065986339,-299.0,-0.18,-0.07,0.2,0.0,-0.071,-3.021,-0.439,0
left_kp0.0095_ki0.022_kd0_-300_r1,left,0.0095,0.022,0.0,-300.0,run,1.9895617289585061,-291.0,-0.17,0.06,0.19,0.06,-0.069,-2.854,-0.71,0
left_kp0.0095_ki0.022_kd0_-300_r1,left,0.0095,0.022,0.0,-300.0,run,2.055896167992614,-290.0,-0.21,0.0,-0.21,-0.04,-0.067,-2.79,-0.688,0
left_kp0.0095_ki0.022_kd0_-300_r1,left,0.0095,0.022,0.0,-300.0,run,2.122117327991873,-291.0,-0.19,0.02,0.19,0.0,-0.071,-3.004,-0.522,0
left_kp0.0095_ki0.022_kd0_-300_r1,left,0.0095,0.022,0.0,-300.0,run,2.188309433986433,-288.0,-0.23,0.03,0.23,0.04,-0.068,-2.876,-0.57,0
left_kp0.0095_ki0.022_kd0_-300_r1,left,0.0095,0.022,0.0,-300.0,run,2.2546935849823058,-294.0,-0.22,-0.03,0.22,0.02,-0.068,-2.86,-0.67,0
left_kp0.0095_ki0.022_kd0_-300_r1,left,0.0095,0.022,0.0,-300.0,run,2.3211289649480022,-288.0,-0.15,0.0,0.15,0.04,-0.072,-3.053,-0.458,0
left_kp0.0095_ki0.022_kd0_-300_r1,left,0.0095,0.022,0.0,-300.0,run,2.387410507944878,-293.0,-0.22,0.01,0.22,0.0,-0.069,-2.892,-0.53,0
left_kp0.0095_ki0.022_kd0_-300_r1,left,0.0095,0.022,0.0,-300.0,run,2.4538023619679734,-294.0,-0.23,0.0,0.23,0.32,-0.07,-2.889,-0.742,0
left_kp0.0095_ki0.022_kd0_-300_r1,left,0.0095,0.022,0.0,-300.0,run,2.5201439269585535,-291.0,-0.19,-0.01,0.19,0.34,-0.07,-2.972,-0.485,0
left_kp0.0095_ki0.022_kd0_-300_r1,left,0.0095,0.022,0.0,-300.0,run,2.5863287859829143,-295.0,-0.23,0.0,0.23,0.36,-0.069,-2.929,-0.517,0
left_kp0.0095_ki0.022_kd0_-300_r1,left,0.0095,0.022,0.0,-300.0,run,2.6528304159874097,-295.0,-0.19,-0.03,0.2,0.0,-0.071,-2.937,-0.75,0
left_kp0.0095_ki0.022_kd0_-300_r1,left,0.0095,0.022,0.0,-300.0,run,2.71916021395009,-291.0,-0.2,-0.03,0.2,0.0,-0.07,-2.964,-0.487,0
left_kp0.0095_ki0.022_kd0_-300_r1,left,0.0095,0.022,0.0,-300.0,run,2.785538034979254,-292.0,-0.21,0.04,0.21,0.06,-0.07,-2.962,-0.511,0
left_kp0.0095_ki0.022_kd0_-300_r1,left,0.0095,0.022,0.0,-300.0,run,2.8522616589907557,-297.0,-0.18,-0.01,0.18,0.4,-0.071,-2.975,-0.734,0
left_kp0.0095_ki0.022_kd0_-300_r1,left,0.0095,0.022,0.0,-300.0,run,2.918568613997195,-295.0,-0.21,-0.07,0.23,0.0,-0.071,-2.986,-0.514,0
left_kp0.0095_ki0.022_kd0_-300_r1,left,0.0095,0.022,0.0,-300.0,run,2.9849407409783453,-294.0,-0.22,0.01,0.22,0.06,-0.071,-2.999,-0.487,0
left_kp0.0095_ki0.022_kd0_-300_r1,left,0.0095,0.022,0.0,0,stop,6.730027962476015e-06,-300.0,-0.18,-0.02,0.18,0.02,-0.071,-2.948,-0.761,0
left_kp0.0095_ki0.022_kd0_-300_r1,left,0.0095,0.022,0.0,0,stop,0.0764085819828324,-288.0,-0.21,-0.01,0.21,0.04,-0.064,-2.707,-0.549,0
left_kp0.0095_ki0.022_kd0_-300_r1,left,0.0095,0.022,0.0,0,stop,0.1427910589845851,-280.0,-0.16,0.04,0.17,0.02,-0.05,-2.128,-0.361,0
left_kp0.0095_ki0.022_kd0_-300_r1,left,0.0095,0.022,0.0,0,stop,0.20909862802363932,-244.0,0.0,0.0,0.0,0.0,0.0,0.0,0.0,0
left_kp0.0095_ki0.022_kd0_-300_r1,left,0.0095,0.022,0.0,0,stop,0.27543140499619767,-244.0,0.0,0.0,0.0,0.0,0.0,0.0,0.0,0
left_kp0.0095_ki0.022_kd0_-300_r1,left,0.0095,0.022,0.0,0,stop,0.34180246898904443,-244.0,0.0,0.0,0.0,0.0,0.0,0.0,0.0,0
left_kp0.0095_ki0.022_kd0_-300_r1,left,0.0095,0.022,0.0,0,stop,0.408175430027768,-244.0,0.0,0.0,0.0,0.0,0.0,0.0,0.0,0
left_kp0.0095_ki0.022_kd0_-300_r1,left,0.0095,0.022,0.0,0,stop,0.4743208370055072,-244.0,0.0,0.0,0.0,0.0,0.0,0.0,0.0,0
left_kp0.0095_ki0.022_kd0_-300_r1,left,0.0095,0.022,0.0,0,stop,0.5406722470070235,-244.0,0.0,0.0,0.0,0.0,0.0,0.0,0.0,0
left_kp0.0095_ki0.022_kd0_-300_r1,left,0.0095,0.022,0.0,0,stop,0.6069851290085353,-244.0,0.0,0.0,0.0,0.0,0.0,0.0,0.0,0
left_kp0.0095_ki0.022_kd0_-300_r1,left,0.0095,0.022,0.0,0,stop,0.6733233270351775,0.0,0.0,0.0,0.0,0.0,0.0,0.0,0.0,0
left_kp0.0095_ki0.022_kd0_-300_r1,left,0.0095,0.022,0.0,0,stop,0.739607319002971,0.0,0.0,0.0,0.0,0.0,0.0,0.0,0.0,0
left_kp0.0095_ki0.022_kd0_+300_r2,left,0.0095,0.022,0.0,300.0,run,0.00012561498442664742,0.0,0.0,0.0,0.0,0.0,0.0,0.0,0.0,0
left_kp0.0095_ki0.022_kd0_+300_r2,left,0.0095,0.022,0.0,300.0,run,0.06634293997194618,0.0,0.0,-0.01,0.01,0.02,0.005,0.136,-0.147,0
left_kp0.0095_ki0.022_kd0_+300_r2,left,0.0095,0.022,0.0,300.0,run,0.13263668096624315,0.0,0.03,0.0,0.03,0.08,0.022,0.916,-0.238,0
left_kp0.0095_ki0.022_kd0_+300_r2,left,0.0095,0.022,0.0,300.0,run,0.19899119797628373,0.0,0.14,0.01,0.14,0.02,0.038,1.589,-0.356,0
left_kp0.0095_ki0.022_kd0_+300_r2,left,0.0095,0.022,0.0,300.0,run,0.26526231301249936,0.0,0.19,-0.09,0.21,0.14,0.041,1.739,-0.195,0
left_kp0.0095_ki0.022_kd0_+300_r2,left,0.0095,0.022,0.0,300.0,run,0.3316628760076128,0.0,0.2,-0.01,0.2,0.0,0.042,1.769,0.294,0
left_kp0.0095_ki0.022_kd0_+300_r2,left,0.0095,0.022,0.0,300.0,run,0.3978910039877519,0.0,0.24,-0.02,0.24,0.3,0.044,1.857,0.367,0
left_kp0.0095_ki0.022_kd0_+300_r2,left,0.0095,0.022,0.0,300.0,run,0.46425466699292883,0.0,0.24,0.0,0.24,0.04,0.049,2.047,0.369,0
left_kp0.0095_ki0.022_kd0_+300_r2,left,0.0095,0.022,0.0,300.0,run,0.5305390749708749,0.0,0.29,0.02,0.29,0.08,0.055,2.377,0.104,0
left_kp0.0095_ki0.022_kd0_+300_r2,left,0.0095,0.022,0.0,300.0,run,0.5970161029836163,0.0,0.29,0.01,0.29,0.04,0.06,2.581,-0.016,0
left_kp0.0095_ki0.022_kd0_+300_r2,left,0.0095,0.022,0.0,300.0,run,0.6633901270106435,25.0,0.27,-0.06,0.27,0.08,0.073,3.114,-0.166,0
left_kp0.0095_ki0.022_kd0_+300_r2,left,0.0095,0.022,0.0,300.0,run,0.7297526969923638,229.0,0.22,0.0,0.22,0.06,0.081,3.441,-0.431,0
left_kp0.0095_ki0.022_kd0_+300_r2,left,0.0095,0.022,0.0,300.0,run,0.7960529410047457,381.0,0.1,-0.05,0.11,0.04,0.076,3.155,-0.774,0
left_kp0.0095_ki0.022_kd0_+300_r2,left,0.0095,0.022,0.0,300.0,run,0.8624047649791464,365.0,0.12,-0.05,0.14,0.02,0.07,2.988,-0.444,0
left_kp0.0095_ki0.022_kd0_+300_r2,left,0.0095,0.022,0.0,300.0,run,0.9287949340068735,325.0,0.17,-0.01,0.17,0.1,0.069,2.946,-0.386,0
left_kp0.0095_ki0.022_kd0_+300_r2,left,0.0095,0.022,0.0,300.0,run,0.9949019839987159,290.0,0.15,-0.04,0.15,0.04,0.065,2.75,-0.485,0
left_kp0.0095_ki0.022_kd0_+300_r2,left,0.0095,0.022,0.0,300.0,run,1.0611621779971756,265.0,0.18,0.0,0.18,0.04,0.066,2.801,-0.404,0
left_kp0.0095_ki0.022_kd0_+300_r2,left,0.0095,0.022,0.0,300.0,run,1.1274371650069952,255.0,0.19,0.05,0.2,0.1,0.067,2.865,-0.321,0
left_kp0.0095_ki0.022_kd0_+300_r2,left,0.0095,0.022,0.0,300.0,run,1.1938071339973249,258.0,0.19,-0.01,-0.19,-0.06,0.069,2.905,-0.477,0
left_kp0.0095_ki0.022_kd0_+300_r2,left,0.0095,0.022,0.0,300.0,run,1.2601515899877995,272.0,0.18,-0.03,0.18,0.06,0.069,2.948,-0.407,0
left_kp0.0095_ki0.022_kd0_+300_r2,left,0.0095,0.022,0.0,300.0,run,1.3266083559719846,281.0,0.22,-0.03,0.22,0.06,0.069,2.956,-0.332,0
left_kp0.0095_ki0.022_kd0_+300_r2,left,0.0095,0.022,0.0,300.0,run,1.3929605489829555,292.0,0.17,0.06,0.18,0.04,0.07,2.946,-0.648,0
left_kp0.0095_ki0.022_kd0_+300_r2,left,0.0095,0.022,0.0,300.0,run,1.4592633490101434,297.0,0.14,0.0,0.14,0.06,0.07,2.946,-0.501,0
left_kp0.0095_ki0.022_kd0_+300_r2,left,0.0095,0.022,0.0,300.0,run,1.5256454710033722,295.0,0.2,-0.06,0.21,0.06,0.07,2.983,-0.345,0
left_kp0.0095_ki0.022_kd0_+300_r2,left,0.0095,0.022,0.0,300.0,run,1.5920120480004698,295.0,0.21,0.06,0.22,0.06,0.069,2.892,-0.579,0
left_kp0.0095_ki0.022_kd0_+300_r2,left,0.0095,0.022,0.0,300.0,run,1.658265293983277,294.0,0.19,0.0,0.19,0.04,0.068,2.862,-0.458,0
left_kp0.0095_ki0.022_kd0_+300_r2,left,0.0095,0.022,0.0,300.0,run,1.7245330860023387,295.0,0.2,-0.03,0.2,0.04,0.07,2.988,-0.412,0
left_kp0.0095_ki0.022_kd0_+300_r2,left,0.0095,0.022,0.0,300.0,run,1.7908409559749998,295.0,0.23,0.03,0.23,0.04,0.069,2.903,-0.506,0
left_kp0.0095_ki0.022_kd0_+300_r2,left,0.0095,0.022,0.0,300.0,run,1.8571181829902343,297.0,0.22,0.02,0.22,0.04,0.068,2.887,-0.477,0
left_kp0.0095_ki0.022_kd0_+300_r2,left,0.0095,0.022,0.0,300.0,run,1.923236531962175,297.0,0.15,0.0,0.15,0.04,0.071,3.023,-0.461,0
left_kp0.0095_ki0.022_kd0_+300_r2,left,0.0095,0.022,0.0,300.0,run,1.9894680290017277,296.0,0.25,0.02,0.26,0.38,0.069,2.911,-0.469,0
left_kp0.0095_ki0.022_kd0_+300_r2,left,0.0095,0.022,0.0,300.0,run,2.0558308020117693,296.0,0.23,-0.01,0.23,0.06,0.068,2.87,-0.402,0
left_kp0.0095_ki0.022_kd0_+300_r2,left,0.0095,0.022,0.0,300.0,run,2.122101132001262,291.0,0.18,0.01,0.18,0.02,0.069,2.935,-0.407,0
left_kp0.0095_ki0.022_kd0_+300_r2,left,0.0095,0.022,0.0,300.0,run,2.188382245018147,284.0,0.22,-0.01,0.22,0.06,0.071,3.031,-0.372,0
left_kp0.0095_ki0.022_kd0_+300_r2,left,0.0095,0.022,0.0,300.0,run,2.2546785150188953,293.0,0.2,-0.02,0.2,0.02,0.069,2.919,-0.412,0
left_kp0.0095_ki0.022_kd0_+300_r2,left,0.0095,0.022,0.0,300.0,run,2.3214512189733796,291.0,0.19,-0.01,0.19,0.02,0.069,2.924,-0.345,0
left_kp0.0095_ki0.022_kd0_+300_r2,left,0.0095,0.022,0.0,300.0,run,2.387900964007713,282.0,0.19,-0.02,0.19,0.02,0.071,3.029,-0.386,0
left_kp0.0095_ki0.022_kd0_+300_r2,left,0.0095,0.022,0.0,300.0,run,2.4546872439677827,288.0,0.18,-0.08,0.2,0.06,0.069,2.911,-0.453,0
left_kp0.0095_ki0.022_kd0_+300_r2,left,0.0095,0.022,0.0,300.0,run,2.5210506769944914,289.0,0.24,-0.01,0.24,0.04,0.068,2.903,-0.353,0
left_kp0.0095_ki0.022_kd0_+300_r2,left,0.0095,0.022,0.0,300.0,run,2.5875648639630526,282.0,0.15,0.0,0.15,0.06,0.071,3.026,-0.471,0
left_kp0.0095_ki0.022_kd0_+300_r2,left,0.0095,0.022,0.0,300.0,run,2.6539431089768186,284.0,0.23,0.06,0.24,0.06,0.067,2.798,-0.56,0
left_kp0.0095_ki0.022_kd0_+300_r2,left,0.0095,0.022,0.0,300.0,run,2.7201930159935728,285.0,0.19,0.0,0.19,0.06,0.07,2.943,-0.477,0
left_kp0.0095_ki0.022_kd0_+300_r2,left,0.0095,0.022,0.0,300.0,run,2.786542401998304,278.0,0.25,0.03,0.25,0.06,0.07,2.964,-0.418,0
left_kp0.0095_ki0.022_kd0_+300_r2,left,0.0095,0.022,0.0,300.0,run,2.8529048549826257,283.0,0.27,-0.01,0.27,0.22,0.069,2.903,-0.522,0
left_kp0.0095_ki0.022_kd0_+300_r2,left,0.0095,0.022,0.0,300.0,run,2.919216378009878,295.0,0.18,0.01,-0.18,-0.02,0.07,2.951,-0.442,0
left_kp0.0095_ki0.022_kd0_+300_r2,left,0.0095,0.022,0.0,300.0,run,2.9854567609727383,286.0,0.21,0.01,0.21,0.06,0.07,2.97,-0.38,0
left_kp0.0095_ki0.022_kd0_+300_r2,left,0.0095,0.022,0.0,0,stop,1.2830132618546486e-06,284.0,0.25,-0.02,0.25,0.06,0.07,2.937,-0.528,0
left_kp0.0095_ki0.022_kd0_+300_r2,left,0.0095,0.022,0.0,0,stop,0.07676555099897087,282.0,0.16,-0.01,0.16,0.06,0.065,2.747,-0.479,0
left_kp0.0095_ki0.022_kd0_+300_r2,left,0.0095,0.022,0.0,0,stop,0.14315551304025576,251.0,0.14,-0.07,0.15,0.06,0.055,2.345,-0.268,0
left_kp0.0095_ki0.022_kd0_+300_r2,left,0.0095,0.022,0.0,0,stop,0.20923622499685735,251.0,0.0,0.0,0.0,0.0,0.0,0.0,0.0,0
left_kp0.0095_ki0.022_kd0_+300_r2,left,0.0095,0.022,0.0,0,stop,0.27537956601008773,251.0,0.0,0.0,0.0,0.0,0.0,0.0,0.0,0
left_kp0.0095_ki0.022_kd0_+300_r2,left,0.0095,0.022,0.0,0,stop,0.34174165001604706,251.0,0.0,0.0,0.0,0.0,0.0,0.0,0.0,0
left_kp0.0095_ki0.022_kd0_+300_r2,left,0.0095,0.022,0.0,0,stop,0.40783695300342515,251.0,0.0,0.0,0.0,0.0,0.0,0.0,0.0,0
left_kp0.0095_ki0.022_kd0_+300_r2,left,0.0095,0.022,0.0,0,stop,0.474154208030086,251.0,0.0,0.0,0.0,0.0,0.0,0.0,0.0,0
left_kp0.0095_ki0.022_kd0_+300_r2,left,0.0095,0.022,0.0,0,stop,0.5404382480191998,251.0,0.0,0.0,0.0,0.0,0.0,0.0,0.0,0
left_kp0.0095_ki0.022_kd0_+300_r2,left,0.0095,0.022,0.0,0,stop,0.6068780320347287,251.0,0.0,0.0,0.0,0.0,0.0,0.0,0.0,0
left_kp0.0095_ki0.022_kd0_+300_r2,left,0.0095,0.022,0.0,0,stop,0.6731717450311407,0.0,0.0,0.0,0.0,0.0,0.0,0.0,0.0,0
left_kp0.0095_ki0.022_kd0_+300_r2,left,0.0095,0.022,0.0,0,stop,0.739438490010798,0.0,0.0,0.0,0.0,0.0,0.0,0.0,0.0,0
left_kp0.0095_ki0.022_kd0_-300_r2,left,0.0095,0.022,0.0,-300.0,run,0.00014264200581237674,0.0,0.0,0.0,0.0,0.0,0.0,0.0,0.0,0
left_kp0.0095_ki0.022_kd0_-300_r2,left,0.0095,0.022,0.0,-300.0,run,0.06642993702553213,0.0,0.0,0.05,0.05,0.06,-0.009,-0.219,-0.34,0
left_kp0.0095_ki0.022_kd0_-300_r2,left,0.0095,0.022,0.0,-300.0,run,0.1327326319878921,0.0,-0.05,0.0,0.05,0.04,-0.032,-1.136,-0.753,0
left_kp0.0095_ki0.022_kd0_-300_r2,left,0.0095,0.022,0.0,-300.0,run,0.19903098803479224,0.0,-0.15,0.0,0.15,0.0,-0.042,-1.643,-0.713,0
left_kp0.0095_ki0.022_kd0_-300_r2,left,0.0095,0.022,0.0,-300.0,run,0.2653482630266808,0.0,-0.2,-0.01,0.2,0.06,-0.043,-1.729,-0.683,0
left_kp0.0095_ki0.022_kd0_-300_r2,left,0.0095,0.022,0.0,-300.0,run,0.331657778006047,0.0,-0.2,0.0,0.2,0.04,-0.046,-1.833,-0.729,0
left_kp0.0095_ki0.022_kd0_-300_r2,left,0.0095,0.022,0.0,-300.0,run,0.39791800698731095,0.0,-0.2,-0.03,0.2,0.04,-0.052,-2.232,0.045,0
left_kp0.0095_ki0.022_kd0_-300_r2,left,0.0095,0.022,0.0,-300.0,run,0.4642718390095979,0.0,-0.19,0.03,0.19,0.0,-0.059,-2.498,-0.233,0
left_kp0.0095_ki0.022_kd0_-300_r2,left,0.0095,0.022,0.0,-300.0,run,0.5306284470134415,0.0,-0.25,-0.07,0.26,0.36,-0.062,-2.661,-0.05,0
left_kp0.0095_ki0.022_kd0_-300_r2,left,0.0095,0.022,0.0,-300.0,run,0.5968808099860325,-156.0,-0.27,0.07,0.28,0.04,-0.071,-3.018,-0.356,0
left_kp0.0095_ki0.022_kd0_-300_r2,left,0.0095,0.022,0.0,-300.0,run,0.6631507750134915,-258.0,-0.23,0.06,0.24,0.02,-0.071,-3.002,-0.522,0
left_kp0.0095_ki0.022_kd0_-300_r2,left,0.0095,0.022,0.0,-300.0,run,0.7294847560115159,-312.0,-0.21,0.0,0.21,0.02,-0.066,-2.747,-0.667,0
left_kp0.0095_ki0.022_kd0_-300_r2,left,0.0095,0.022,0.0,-300.0,run,0.7957910880213603,-305.0,-0.17,0.03,0.17,0.06,-0.064,-2.707,-0.439,0
left_kp0.0095_ki0.022_kd0_-300_r2,left,0.0095,0.022,0.0,-300.0,run,0.8622150250012055,-256.0,-0.2,-0.01,0.2,0.06,-0.061,-2.586,-0.431,0
left_kp0.0095_ki0.022_kd0_-300_r2,left,0.0095,0.022,0.0,-300.0,run,0.9285833989852108,-234.0,-0.19,-0.02,0.19,0.1,-0.065,-2.755,-0.321,0
left_kp0.0095_ki0.022_kd0_-300_r2,left,0.0095,0.022,0.0,-300.0,run,0.9949484260287136,-214.0,-0.24,0.07,0.25,0.08,-0.06,-2.53,-0.348,0
left_kp0.0095_ki0.022_kd0_-300_r2,left,0.0095,0.022,0.0,-300.0,run,1.0612985400366597,-217.0,-0.16,0.0,0.16,0.0,-0.065,-2.779,-0.316,0
left_kp0.0095_ki0.022_kd0_-300_r2,left,0.0095,0.022,0.0,-300.0,run,1.1276170809869654,-229.0,-0.24,-0.05,0.24,0.06,-0.071,-2.994,-0.466,0
left_kp0.0095_ki0.022_kd0_-300_r2,left,0.0095,0.022,0.0,-300.0,run,1.1939497290295549,-273.0,-0.18,0.05,0.19,0.08,-0.072,-2.988,-0.841,0
left_kp0.0095_ki0.022_kd0_-300_r2,left,0.0095,0.022,0.0,-300.0,run,1.2603625350166112,-316.0,-0.21,0.0,0.21,0.04,-0.071,-2.988,-0.595,0
left_kp0.0095_ki0.022_kd0_-300_r2,left,0.0095,0.022,0.0,-300.0,run,1.3267834550351836,-314.0,-0.19,0.01,0.19,0.02,-0.07,-2.943,-0.664,0
left_kp0.0095_ki0.022_kd0_-300_r2,left,0.0095,0.022,0.0,-300.0,run,1.3930675740120932,-308.0,-0.22,-0.04,0.22,0.08,-0.071,-2.959,-0.723,0
left_kp0.0095_ki0.022_kd0_-300_r2,left,0.0095,0.022,0.0,-300.0,run,1.4594050479936413,-304.0,-0.2,0.02,0.2,0.02,-0.069,-2.889,-0.56,0
left_kp0.0095_ki0.022_kd0_-300_r2,left,0.0095,0.022,0.0,-300.0,run,1.5256103139836341,-296.0,-0.2,0.01,-0.2,-0.02,-0.069,-2.903,-0.603,0
left_kp0.0095_ki0.022_kd0_-300_r2,left,0.0095,0.022,0.0,-300.0,run,1.5918152059894055,-294.0,-0.16,-0.04,0.17,0.08,-0.071,-2.975,-0.715,0
left_kp0.0095_ki0.022_kd0_-300_r2,left,0.0095,0.022,0.0,-300.0,run,1.6580690550035797,-292.0,-0.2,-0.03,0.2,0.02,-0.068,-2.881,-0.506,0
left_kp0.0095_ki0.022_kd0_-300_r2,left,0.0095,0.022,0.0,-300.0,run,1.724403066036757,-286.0,-0.22,-0.04,0.22,0.02,-0.07,-2.948,-0.546,0
left_kp0.0095_ki0.022_kd0_-300_r2,left,0.0095,0.022,0.0,-300.0,run,1.790733003988862,-291.0,-0.2,0.06,0.2,0.08,-0.07,-2.924,-0.761,0
left_kp0.0095_ki0.022_kd0_-300_r2,left,0.0095,0.022,0.0,-300.0,run,1.8570102620287798,-297.0,-0.2,-0.04,0.2,0.02,-0.069,-2.9,-0.576,0
left_kp0.0095_ki0.022_kd0_-300_r2,left,0.0095,0.022,0.0,-300.0,run,1.9233650580281392,-294.0,-0.17,-0.06,0.18,0.02,-0.07,-2.956,-0.541,0
left_kp0.0095_ki0.022_kd0_-300_r2,left,0.0095,0.022,0.0,-300.0,run,1.989721557998564,-291.0,-0.24,0.02,0.24,0.08,-0.069,-2.895,-0.659,0
left_kp0.0095_ki0.022_kd0_-300_r2,left,0.0095,0.022,0.0,-300.0,run,2.0560352990287356,-288.0,-0.2,0.05,0.21,0.02,-0.067,-2.836,-0.562,0
left_kp0.0095_ki0.022_kd0_-300_r2,left,0.0095,0.022,0.0,-300.0,run,2.122372237034142,-287.0,-0.21,0.04,-0.21,-0.02,-0.069,-2.892,-0.6,0
left_kp0.0095_ki0.022_kd0_-300_r2,left,0.0095,0.022,0.0,-300.0,run,2.188634145015385,-281.0,-0.24,0.03,0.24,0.08,-0.072,-3.042,-0.635,0
left_kp0.0095_ki0.022_kd0_-300_r2,left,0.0095,0.022,0.0,-300.0,run,2.257849221001379,-296.0,-0.22,0.02,0.22,0.02,-0.068,-2.862,-0.576,0
left_kp0.0095_ki0.022_kd0_-300_r2,left,0.0095,0.022,0.0,-300.0,run,2.324354336014949,-297.0,-0.22,0.04,0.23,0.02,-0.07,-2.924,-0.605,0
left_kp0.0095_ki0.022_kd0_-300_r2,left,0.0095,0.022,0.0,-300.0,run,2.3907850490068085,-291.0,-0.26,0.04,0.26,0.08,-0.072,-3.031,-0.648,0
left_kp0.0095_ki0.022_kd0_-300_r2,left,0.0095,0.022,0.0,-300.0,run,2.457063929992728,-299.0,-0.24,-0.04,0.24,0.06,-0.067,-2.838,-0.56,0
left_kp0.0095_ki0.022_kd0_-300_r2,left,0.0095,0.022,0.0,-300.0,run,2.5234307600185275,-299.0,-0.2,0.05,0.21,0.0,-0.07,-2.946,-0.544,0
left_kp0.0095_ki0.022_kd0_-300_r2,left,0.0095,0.022,0.0,-300.0,run,2.5896747180377133,-285.0,-0.21,-0.01,0.21,0.08,-0.072,-3.039,-0.597,0
left_kp0.0095_ki0.022_kd0_-300_r2,left,0.0095,0.022,0.0,-300.0,run,2.6560946970130317,-296.0,-0.21,-0.03,0.21,0.02,-0.068,-2.862,-0.511,0
left_kp0.0095_ki0.022_kd0_-300_r2,left,0.0095,0.022,0.0,-300.0,run,2.722535089997109,-299.0,-0.17,-0.08,-0.19,-0.02,-0.07,-2.964,-0.407,0
left_kp0.0095_ki0.022_kd0_-300_r2,left,0.0095,0.022,0.0,-300.0,run,2.788862904009875,-285.0,-0.25,-0.04,0.26,0.02,-0.071,-3.004,-0.611,0
left_kp0.0095_ki0.022_kd0_-300_r2,left,0.0095,0.022,0.0,-300.0,run,2.8551689970190637,-294.0,-0.21,-0.05,0.22,0.08,-0.069,-2.903,-0.579,0
left_kp0.0095_ki0.022_kd0_-300_r2,left,0.0095,0.022,0.0,-300.0,run,2.9214646369800903,-302.0,-0.21,-0.09,0.23,0.02,-0.068,-2.897,-0.418,0
left_kp0.0095_ki0.022_kd0_-300_r2,left,0.0095,0.022,0.0,-300.0,run,2.9877559980377555,-289.0,-0.19,-0.07,0.2,0.08,-0.072,-3.034,-0.643,0
left_kp0.0095_ki0.022_kd0_-300_r2,left,0.0095,0.022,0.0,0,stop,7.330090738832951e-07,-294.0,-0.17,-0.08,0.19,0.04,-0.07,-2.935,-0.525,0
left_kp0.0095_ki0.022_kd0_-300_r2,left,0.0095,0.022,0.0,0,stop,0.07638891198439524,-295.0,-0.17,0.02,0.17,0.06,-0.063,-2.677,-0.482,0
left_kp0.0095_ki0.022_kd0_-300_r2,left,0.0095,0.022,0.0,0,stop,0.14272334898123518,-278.0,-0.16,0.01,0.16,0.04,-0.051,-2.112,-0.53,0
left_kp0.0095_ki0.022_kd0_-300_r2,left,0.0095,0.022,0.0,0,stop,0.20907297497615218,-234.0,0.0,0.0,0.0,0.0,0.0,0.0,0.0,0
left_kp0.0095_ki0.022_kd0_-300_r2,left,0.0095,0.022,0.0,0,stop,0.275442878017202,-234.0,0.0,0.0,0.0,0.0,0.0,0.0,0.0,0
left_kp0.0095_ki0.022_kd0_-300_r2,left,0.0095,0.022,0.0,0,stop,0.34176448098151013,-234.0,0.0,0.0,0.0,0.0,0.0,0.0,0.0,0
left_kp0.0095_ki0.022_kd0_-300_r2,left,0.0095,0.022,0.0,0,stop,0.40828682901337743,-234.0,0.0,0.0,0.0,0.0,0.0,0.0,0.0,0
left_kp0.0095_ki0.022_kd0_-300_r2,left,0.0095,0.022,0.0,0,stop,0.47476562700467184,-234.0,0.0,0.0,0.0,0.0,0.0,0.0,0.0,0
left_kp0.0095_ki0.022_kd0_-300_r2,left,0.0095,0.022,0.0,0,stop,0.5412561019766144,-234.0,0.0,0.0,0.0,0.0,0.0,0.0,0.0,0
left_kp0.0095_ki0.022_kd0_-300_r2,left,0.0095,0.022,0.0,0,stop,0.6076966110267676,-234.0,0.0,0.0,0.0,0.0,0.0,0.0,0.0,0
left_kp0.0095_ki0.022_kd0_-300_r2,left,0.0095,0.022,0.0,0,stop,0.674088167026639,0.0,0.0,0.0,0.0,0.0,0.0,0.0,0.0,0
left_kp0.0095_ki0.022_kd0_-300_r2,left,0.0095,0.022,0.0,0,stop,0.740412799990736,0.0,0.0,0.0,0.0,0.0,0.0,0.0,0.0,0
right_kp0.0095_ki0.018_kd0_+300_r1,right,0.0095,0.018,0.0,300.0,run,0.00012867501936852932,0.0,0.0,0.0,0.0,0.0,0.0,0.0,0.0,0
right_kp0.0095_ki0.018_kd0_+300_r1,right,0.0095,0.018,0.0,300.0,run,0.06625319697195664,0.0,0.0,0.0,0.0,0.02,0.008,0.327,0.037,0
right_kp0.0095_ki0.018_kd0_+300_r1,right,0.0095,0.018,0.0,300.0,run,0.13261824898654595,0.0,0.01,-0.01,0.02,0.02,0.029,1.251,0.083,0
right_kp0.0095_ki0.018_kd0_+300_r1,right,0.0095,0.018,0.0,300.0,run,0.1989267030148767,0.0,0.14,0.0,0.14,0.06,0.043,1.809,0.225,0
right_kp0.0095_ki0.018_kd0_+300_r1,right,0.0095,0.018,0.0,300.0,run,0.2651738889981061,0.0,0.18,-0.02,0.18,0.04,0.042,1.785,0.332,0
right_kp0.0095_ki0.018_kd0_+300_r1,right,0.0095,0.018,0.0,300.0,run,0.33142413600580767,0.0,0.18,0.0,0.18,0.08,0.047,1.951,0.431,0
right_kp0.0095_ki0.018_kd0_+300_r1,right,0.0095,0.018,0.0,300.0,run,0.3977636540075764,0.0,0.17,0.01,0.17,0.06,0.046,1.954,0.26,0
right_kp0.0095_ki0.018_kd0_+300_r1,right,0.0095,0.018,0.0,300.0,run,0.46406964398920536,0.0,0.24,0.01,0.24,0.04,0.041,1.739,-0.193,0
right_kp0.0095_ki0.018_kd0_+300_r1,right,0.0095,0.018,0.0,300.0,run,0.5303858229890466,0.0,0.24,0.0,0.24,0.04,0.043,1.798,-0.3,0
right_kp0.0095_ki0.018_kd0_+300_r1,right,0.0095,0.018,0.0,300.0,run,0.5972635020152666,0.0,0.28,0.0,0.28,0.06,0.043,1.806,-0.327,0
right_kp0.0095_ki0.018_kd0_+300_r1,right,0.0095,0.018,0.0,300.0,run,0.6642653130111285,0.0,0.28,0.0,0.28,0.04,0.044,1.854,-0.337,0
right_kp0.0095_ki0.018_kd0_+300_r1,right,0.0095,0.018,0.0,300.0,run,0.7305097890202887,0.0,0.33,0.0,0.33,0.04,0.044,1.841,-0.337,0
right_kp0.0095_ki0.018_kd0_+300_r1,right,0.0095,0.018,0.0,300.0,run,0.7967938049696386,0.0,0.32,0.0,0.32,0.06,0.045,1.908,-0.335,0
right_kp0.0095_ki0.018_kd0_+300_r1,right,0.0095,0.018,0.0,300.0,run,0.8630399709800258,0.0,0.35,0.0,0.35,0.1,0.048,2.021,-0.313,0
right_kp0.0095_ki0.018_kd0_+300_r1,right,0.0095,0.018,0.0,300.0,run,0.929254968999885,0.0,0.33,0.0,0.33,0.08,0.054,2.318,-0.27,0
right_kp0.0095_ki0.018_kd0_+300_r1,right,0.0095,0.018,0.0,300.0,run,0.9954998890170828,0.0,0.33,0.07,0.34,0.1,0.073,3.128,-0.318,0
right_kp0.0095_ki0.018_kd0_+300_r1,right,0.0095,0.018,0.0,300.0,run,1.0618211069959216,57.0,0.34,0.2,0.39,0.14,0.087,3.538,-1.227,0
right_kp0.0095_ki0.018_kd0_+300_r1,right,0.0095,0.018,0.0,300.0,run,1.1281007539946586,295.0,0.25,0.06,0.26,0.08,0.082,2.988,-1.825,0
right_kp0.0095_ki0.018_kd0_+300_r1,right,0.0095,0.018,0.0,300.0,run,1.1945059190038592,438.0,0.18,-0.04,0.18,0.06,0.08,3.299,-0.873,0
right_kp0.0095_ki0.018_kd0_+300_r1,right,0.0095,0.018,0.0,300.0,run,1.2607920140144415,393.0,0.22,-0.08,0.23,0.12,0.079,3.396,-0.048,0
right_kp0.0095_ki0.018_kd0_+300_r1,right,0.0095,0.018,0.0,300.0,run,1.327061326999683,378.0,0.25,-0.02,0.25,0.06,0.079,3.388,0.064,0
right_kp0.0095_ki0.018_kd0_+300_r1,right,0.0095,0.018,0.0,300.0,run,1.3932666369946674,376.0,0.18,0.03,0.18,0.08,0.082,3.492,-0.201,0
right_kp0.0095_ki0.018_kd0_+300_r1,right,0.0095,0.018,0.0,300.0,run,1.4595522820018232,380.0,0.17,0.06,0.18,0.08,0.079,3.364,0.15,0
right_kp0.0095_ki0.018_kd0_+300_r1,right,0.0095,0.018,0.0,300.0,run,1.525861984002404,371.0,0.19,0.06,0.2,0.04,0.079,3.399,-0.203,0
right_kp0.0095_ki0.018_kd0_+300_r1,right,0.0095,0.018,0.0,300.0,run,1.5920815839781426,378.0,0.16,-0.01,0.16,0.06,0.076,3.265,0.04,0
right_kp0.0095_ki0.018_kd0_+300_r1,right,0.0095,0.018,0.0,300.0,run,1.6583501159911975,360.0,0.2,0.05,0.2,0.06,0.075,3.203,-0.002,0
right_kp0.0095_ki0.018_kd0_+300_r1,right,0.0095,0.018,0.0,300.0,run,1.7247674399986863,345.0,0.15,0.0,0.15,0.04,0.078,3.34,-0.195,0
right_kp0.0095_ki0.018_kd0_+300_r1,right,0.0095,0.018,0.0,300.0,run,1.7914280879776925,341.0,0.2,0.02,0.2,0.06,0.074,3.147,0.198,0
right_kp0.0095_ki0.018_kd0_+300_r1,right,0.0095,0.018,0.0,300.0,run,1.8576434749993496,332.0,0.2,-0.05,0.2,0.06,0.075,3.222,-0.104,0
right_kp0.0095_ki0.018_kd0_+300_r1,right,0.0095,0.018,0.0,300.0,run,1.9242137459805235,319.0,0.23,0.02,0.23,0.04,0.073,3.117,-0.176,0
right_kp0.0095_ki0.018_kd0_+300_r1,right,0.0095,0.018,0.0,300.0,run,1.9904915089718997,315.0,0.15,0.07,0.16,0.08,0.072,3.098,0.037,0
right_kp0.0095_ki0.018_kd0_+300_r1,right,0.0095,0.018,0.0,300.0,run,2.056787360983435,310.0,0.23,0.0,0.23,0.06,0.072,3.069,-0.107,0
right_kp0.0095_ki0.018_kd0_+300_r1,right,0.0095,0.018,0.0,300.0,run,2.1229646839783527,301.0,0.22,0.01,0.22,0.04,0.071,3.053,-0.187,0
right_kp0.0095_ki0.018_kd0_+300_r1,right,0.0095,0.018,0.0,300.0,run,2.189232026983518,300.0,0.17,0.06,0.18,0.08,0.071,3.034,0.048,0
right_kp0.0095_ki0.018_kd0_+300_r1,right,0.0095,0.018,0.0,300.0,run,2.255519218975678,290.0,0.23,-0.04,0.24,0.04,0.072,3.082,-0.166,0
right_kp0.0095_ki0.018_kd0_+300_r1,right,0.0095,0.018,0.0,300.0,run,2.3218697530101053,289.0,0.25,0.01,0.25,0.08,0.071,3.034,-0.15,0
right_kp0.0095_ki0.018_kd0_+300_r1,right,0.0095,0.018,0.0,300.0,run,2.3881313420133665,294.0,0.22,0.04,0.22,0.08,0.069,2.956,0.128,0
right_kp0.0095_ki0.018_kd0_+300_r1,right,0.0095,0.018,0.0,300.0,run,2.4544202859979123,283.0,0.15,0.02,0.15,0.06,0.071,3.037,-0.273,0
right_kp0.0095_ki0.018_kd0_+300_r1,right,0.0095,0.018,0.0,300.0,run,2.5207099679973908,281.0,0.16,0.02,0.16,0.06,0.073,3.12,-0.217,0
right_kp0.0095_ki0.018_kd0_+300_r1,right,0.0095,0.018,0.0,300.0,run,2.58695736998925,285.0,0.21,-0.05,0.22,0.08,0.068,2.927,0.233,0
right_kp0.0095_ki0.018_kd0_+300_r1,right,0.0095,0.018,0.0,300.0,run,2.653182559006382,275.0,0.22,0.03,0.23,0.08,0.067,2.868,-0.034,0
right_kp0.0095_ki0.018_kd0_+300_r1,right,0.0095,0.018,0.0,300.0,run,2.719402437971439,259.0,0.23,-0.02,-0.23,-0.04,0.071,3.053,-0.163,0
right_kp0.0095_ki0.018_kd0_+300_r1,right,0.0095,0.018,0.0,300.0,run,2.785646836971864,268.0,0.25,-0.03,0.26,0.08,0.066,2.844,0.072,0
right_kp0.0095_ki0.018_kd0_+300_r1,right,0.0095,0.018,0.0,300.0,run,2.8519503279821947,262.0,0.21,0.0,0.21,0.08,0.07,3.01,-0.018,0
right_kp0.0095_ki0.018_kd0_+300_r1,right,0.0095,0.018,0.0,300.0,run,2.918379704991821,256.0,0.27,-0.03,0.27,0.08,0.07,2.988,-0.088,0
right_kp0.0095_ki0.018_kd0_+300_r1,right,0.0095,0.018,0.0,300.0,run,2.984727760020178,264.0,0.31,0.0,0.31,0.06,0.069,2.962,-0.128,0
right_kp0.0095_ki0.018_kd0_+300_r1,right,0.0095,0.018,0.0,0,stop,1.2430245988070965e-06,268.0,0.26,-0.02,0.26,0.08,0.069,2.937,0.225,0
right_kp0.0095_ki0.018_kd0_+300_r1,right,0.0095,0.018,0.0,0,stop,0.07658328203251585,264.0,0.16,-0.01,0.16,0.1,0.069,2.929,-0.262,0
right_kp0.0095_ki0.018_kd0_+300_r1,right,0.0095,0.018,0.0,0,stop,0.14286882401211187,255.0,0.15,0.0,0.15,0.04,0.06,2.554,-0.05,0
right_kp0.0095_ki0.018_kd0_+300_r1,right,0.0095,0.018,0.0,0,stop,0.20930082601262257,246.0,0.0,0.0,0.0,0.0,0.0,0.0,0.0,0
right_kp0.0095_ki0.018_kd0_+300_r1,right,0.0095,0.018,0.0,0,stop,0.2756026580464095,246.0,0.0,0.0,0.0,0.0,0.0,0.0,0.0,0
right_kp0.0095_ki0.018_kd0_+300_r1,right,0.0095,0.018,0.0,0,stop,0.3419169450062327,246.0,0.0,0.0,0.0,0.0,0.0,0.0,0.0,0
right_kp0.0095_ki0.018_kd0_+300_r1,right,0.0095,0.018,0.0,0,stop,0.4082326120114885,246.0,0.0,0.0,0.0,0.0,0.0,0.0,0.0,0
right_kp0.0095_ki0.018_kd0_+300_r1,right,0.0095,0.018,0.0,0,stop,0.47490863903658465,246.0,0.0,0.0,0.0,0.0,0.0,0.0,0.0,0
right_kp0.0095_ki0.018_kd0_+300_r1,right,0.0095,0.018,0.0,0,stop,0.5413273750455119,246.0,0.0,0.0,0.0,0.0,0.0,0.0,0.0,0
right_kp0.0095_ki0.018_kd0_+300_r1,right,0.0095,0.018,0.0,0,stop,0.6077181510045193,246.0,0.0,0.0,0.0,0.0,0.0,0.0,0.0,0
right_kp0.0095_ki0.018_kd0_+300_r1,right,0.0095,0.018,0.0,0,stop,0.6739783930242993,0.0,0.0,0.0,0.0,0.0,0.0,0.0,0.0,0
right_kp0.0095_ki0.018_kd0_+300_r1,right,0.0095,0.018,0.0,0,stop,0.740401663002558,0.0,0.0,0.0,0.0,0.0,0.0,0.0,0.0,0
right_kp0.0095_ki0.018_kd0_-300_r1,right,0.0095,0.018,0.0,-300.0,run,0.00017774396110326052,0.0,0.0,0.0,0.0,0.0,0.0,0.0,0.0,0
right_kp0.0095_ki0.018_kd0_-300_r1,right,0.0095,0.018,0.0,-300.0,run,0.0664592589600943,0.0,0.0,0.0,0.0,0.0,-0.01,-0.426,0.134,0
right_kp0.0095_ki0.018_kd0_-300_r1,right,0.0095,0.018,0.0,-300.0,run,0.1328573749633506,0.0,-0.05,0.0,0.05,0.04,-0.029,-1.243,0.125,0
right_kp0.0095_ki0.018_kd0_-300_r1,right,0.0095,0.018,0.0,-300.0,run,0.19922262098407373,0.0,-0.15,0.0,-0.15,-0.06,-0.041,-1.723,0.251,0
right_kp0.0095_ki0.018_kd0_-300_r1,right,0.0095,0.018,0.0,-300.0,run,0.2656369999749586,0.0,-0.21,0.0,0.21,0.06,-0.041,-1.739,0.353,0
right_kp0.0095_ki0.018_kd0_-300_r1,right,0.0095,0.018,0.0,-300.0,run,0.3319185739965178,0.0,-0.22,0.0,0.22,0.04,-0.042,-1.739,0.383,0
right_kp0.0095_ki0.018_kd0_-300_r1,right,0.0095,0.018,0.0,-300.0,run,0.3982301519718021,0.0,-0.21,-0.01,0.21,0.06,-0.043,-1.787,0.399,0
right_kp0.0095_ki0.018_kd0_-300_r1,right,0.0095,0.018,0.0,-300.0,run,0.46449507598299533,0.0,-0.26,0.01,0.26,0.06,-0.043,-1.806,0.404,0
right_kp0.0095_ki0.018_kd0_-300_r1,right,0.0095,0.018,0.0,-300.0,run,0.5307876889710315,0.0,-0.23,0.0,0.23,0.06,-0.044,-1.857,0.431,0
right_kp0.0095_ki0.018_kd0_-300_r1,right,0.0095,0.018,0.0,-300.0,run,0.5971491349628195,0.0,-0.27,0.0,0.27,0.04,-0.046,-1.905,0.447,0
right_kp0.0095_ki0.018_kd0_-300_r1,right,0.0095,0.018,0.0,-300.0,run,0.6635008459561504,0.0,-0.24,-0.01,0.24,0.06,-0.045,-1.897,0.447,0
right_kp0.0095_ki0.018_kd0_-300_r1,right,0.0095,0.018,0.0,-300.0,run,0.7300330459838733,0.0,-0.28,0.09,0.29,0.06,-0.044,-1.86,0.273,0
right_kp0.0095_ki0.018_kd0_-300_r1,right,0.0095,0.018,0.0,-300.0,run,0.7963916799635626,0.0,-0.31,-0.01,0.31,0.06,-0.046,-1.911,0.49,0
right_kp0.0095_ki0.018_kd0_-300_r1,right,0.0095,0.018,0.0,-300.0,run,0.8626954869832844,0.0,-0.31,0.01,0.31,0.04,-0.052,-2.16,0.506,0
right_kp0.0095_ki0.018_kd0_-300_r1,right,0.0095,0.018,0.0,-300.0,run,0.9290191729669459,0.0,-0.32,0.03,0.32,0.12,-0.059,-2.525,0.104,0
right_kp0.0095_ki0.018_kd0_-300_r1,right,0.0095,0.018,0.0,-300.0,run,0.9954381819698028,0.0,-0.32,0.06,0.32,0.08,-0.078,-3.315,-0.265,0
right_kp0.0095_ki0.018_kd0_-300_r1,right,0.0095,0.018,0.0,-300.0,run,1.06178613594966,-251.0,-0.33,0.09,0.34,0.08,-0.077,-3.216,-0.739,0
right_kp0.0095_ki0.018_kd0_-300_r1,right,0.0095,0.018,0.0,-300.0,run,1.128113611950539,-374.0,-0.18,-0.08,0.2,0.04,-0.078,-3.265,-0.664,0
right_kp0.0095_ki0.018_kd0_-300_r1,right,0.0095,0.018,0.0,-300.0,run,1.194435657991562,-351.0,-0.27,0.03,0.27,0.06,-0.072,-3.042,-0.597,0
right_kp0.0095_ki0.018_kd0_-300_r1,right,0.0095,0.018,0.0,-300.0,run,1.2609685749630444,-334.0,-0.25,0.05,0.26,0.08,-0.071,-2.97,-0.629,0
right_kp0.0095_ki0.018_kd0_-300_r1,right,0.0095,0.018,0.0,-300.0,run,1.3273876369930804,-314.0,-0.21,-0.07,0.22,0.08,-0.073,-3.106,-0.367,0
right_kp0.0095_ki0.018_kd0_-300_r1,right,0.0095,0.018,0.0,-300.0,run,1.3937178429914638,-307.0,-0.19,-0.04,-0.2,-0.08,-0.073,-3.096,-0.557,0
right_kp0.0095_ki0.018_kd0_-300_r1,right,0.0095,0.018,0.0,-300.0,run,1.4601203289930709,-318.0,-0.19,-0.01,0.19,0.08,-0.073,-3.066,-0.71,0
right_kp0.0095_ki0.018_kd0_-300_r1,right,0.0095,0.018,0.0,-300.0,run,1.5265988829778507,-320.0,-0.16,-0.02,-0.16,-0.04,-0.075,-3.192,-0.332,0
right_kp0.0095_ki0.018_kd0_-300_r1,right,0.0095,0.018,0.0,-300.0,run,1.5928910069633275,-320.0,-0.24,0.0,0.24,0.02,-0.074,-3.117,-0.538,0
right_kp0.0095_ki0.018_kd0_-300_r1,right,0.0095,0.018,0.0,-300.0,run,1.6589557659463026,-334.0,-0.28,-0.01,0.28,0.04,-0.072,-3.007,-0.616,0
right_kp0.0095_ki0.018_kd0_-300_r1,right,0.0095,0.018,0.0,-300.0,run,1.7253249079803936,-334.0,-0.18,-0.05,0.19,0.08,-0.078,-3.315,-0.394,0
right_kp0.0095_ki0.018_kd0_-300_r1,right,0.0095,0.018,0.0,-300.0,run,1.7922231069533154,-331.0,-0.12,0.0,0.12,0.08,-0.075,-3.144,-0.742,0
right_kp0.0095_ki0.018_kd0_-300_r1,right,0.0095,0.018,0.0,-300.0,run,1.8585083039943129,-340.0,-0.16,-0.01,0.16,0.08,-0.075,-3.152,-0.608,0
right_kp0.0095_ki0.018_kd0_-300_r1,right,0.0095,0.018,0.0,-300.0,run,1.9248228049837053,-334.0,-0.27,0.03,0.28,0.04,-0.073,-3.09,-0.544,0
right_kp0.0095_ki0.018_kd0_-300_r1,right,0.0095,0.018,0.0,-300.0,run,1.9912032399442978,-348.0,-0.16,0.02,0.16,0.04,-0.074,-3.077,-0.785,0
right_kp0.0095_ki0.018_kd0_-300_r1,right,0.0095,0.018,0.0,-300.0,run,2.0574813329731114,-334.0,-0.22,-0.02,0.22,0.08,-0.073,-3.098,-0.436,0
right_kp0.0095_ki0.018_kd0_-300_r1,right,0.0095,0.018,0.0,-300.0,run,2.123774308944121,-322.0,-0.18,-0.01,0.18,0.04,-0.073,-3.069,-0.57,0
right_kp0.0095_ki0.018_kd0_-300_r1,right,0.0095,0.018,0.0,-300.0,run,2.19011231494369,-331.0,-0.2,0.0,-0.2,-0.08,-0.072,-3.01,-0.64,0
right_kp0.0095_ki0.018_kd0_-300_r1,right,0.0095,0.018,0.0,-300.0,run,2.2564783269772306,-323.0,-0.19,0.04,0.2,0.02,-0.074,-3.165,-0.426,0
right_kp0.0095_ki0.018_kd0_-300_r1,right,0.0095,0.018,0.0,-300.0,run,2.322743829980027,-313.0,-0.25,0.02,0.25,0.06,-0.07,-2.937,-0.584,0
right_kp0.0095_ki0.018_kd0_-300_r1,right,0.0095,0.018,0.0,-300.0,run,2.388981039985083,-318.0,-0.17,0.03,0.18,0.08,-0.07,-2.946,-0.678,0
right_kp0.0095_ki0.018_kd0_-300_r1,right,0.0095,0.018,0.0,-300.0,run,2.4553871419630013,-317.0,-0.17,-0.01,0.17,0.06,-0.075,-3.181,-0.45,0
right_kp0.0095_ki0.018_kd0_-300_r1,right,0.0095,0.018,0.0,-300.0,run,2.521734262991231,-305.0,-0.23,0.07,0.24,0.08,-0.068,-2.849,-0.662,0
right_kp0.0095_ki0.018_kd0_-300_r1,right,0.0095,0.018,0.0,-300.0,run,2.588143847999163,-312.0,-0.15,-0.05,0.16,0.06,-0.071,-2.975,-0.57,0
right_kp0.0095_ki0.018_kd0_-300_r1,right,0.0095,0.018,0.0,-300.0,run,2.6544390639755875,-313.0,-0.23,-0.04,0.23,0.08,-0.074,-3.144,-0.404,0
right_kp0.0095_ki0.018_kd0_-300_r1,right,0.0095,0.018,0.0,-300.0,run,2.7206919709569775,-310.0,-0.11,0.01,0.11,0.08,-0.073,-3.021,-0.769,0
right_kp0.0095_ki0.018_kd0_-300_r1,right,0.0095,0.018,0.0,-300.0,run,2.7887024359661154,-319.0,-0.17,0.01,0.17,0.04,-0.07,-2.959,-0.579,0
right_kp0.0095_ki0.018_kd0_-300_r1,right,0.0095,0.018,0.0,-300.0,run,2.8551849169889465,-310.0,-0.22,0.02,0.22,0.02,-0.071,-3.002,-0.463,0
right_kp0.0095_ki0.018_kd0_-300_r1,right,0.0095,0.018,0.0,-300.0,run,2.9215555189875886,-295.0,-0.16,-0.03,0.17,0.06,-0.07,-2.914,-0.672,0
right_kp0.0095_ki0.018_kd0_-300_r1,right,0.0095,0.018,0.0,-300.0,run,2.9877624129876494,-297.0,-0.2,0.0,-0.2,-0.04,-0.068,-2.866,-0.503,0
right_kp0.0095_ki0.018_kd0_-300_r1,right,0.0095,0.018,0.0,0,stop,1.23301288112998e-06,-288.0,-0.26,-0.02,0.26,0.04,-0.07,-2.986,-0.34,0
right_kp0.0095_ki0.018_kd0_-300_r1,right,0.0095,0.018,0.0,0,stop,0.07649608299834654,-274.0,-0.14,-0.02,0.14,0.02,-0.066,-2.748,-0.605,0
right_kp0.0095_ki0.018_kd0_-300_r1,right,0.0095,0.018,0.0,0,stop,0.14286983502097428,-262.0,-0.15,0.0,0.15,0.02,-0.053,-2.26,-0.345,0
right_kp0.0095_ki0.018_kd0_-300_r1,right,0.0095,0.018,0.0,0,stop,0.20928729203296825,-262.0,0.0,0.0,0.0,0.0,0.0,0.0,0.0,0
right_kp0.0095_ki0.018_kd0_-300_r1,right,0.0095,0.018,0.0,0,stop,0.2756917360238731,-262.0,0.0,0.0,0.0,0.0,0.0,0.0,0.0,0
right_kp0.0095_ki0.018_kd0_-300_r1,right,0.0095,0.018,0.0,0,stop,0.3420968800201081,-262.0,0.0,0.0,0.0,0.0,0.0,0.0,0.0,0
right_kp0.0095_ki0.018_kd0_-300_r1,right,0.0095,0.018,0.0,0,stop,0.40845955500844866,-262.0,0.0,0.0,0.0,0.0,0.0,0.0,0.0,0
right_kp0.0095_ki0.018_kd0_-300_r1,right,0.0095,0.018,0.0,0,stop,0.474851751991082,-262.0,0.0,0.0,0.0,0.0,0.0,0.0,0.0,0
right_kp0.0095_ki0.018_kd0_-300_r1,right,0.0095,0.018,0.0,0,stop,0.5412164939916693,-262.0,0.0,0.0,0.0,0.0,0.0,0.0,0.0,0
right_kp0.0095_ki0.018_kd0_-300_r1,right,0.0095,0.018,0.0,0,stop,0.6075201330240816,-262.0,0.0,0.0,0.0,0.0,0.0,0.0,0.0,0
right_kp0.0095_ki0.018_kd0_-300_r1,right,0.0095,0.018,0.0,0,stop,0.6738654110231437,0.0,0.0,0.0,0.0,0.0,0.0,0.0,0.0,0
right_kp0.0095_ki0.018_kd0_-300_r1,right,0.0095,0.018,0.0,0,stop,0.7401962230214849,0.0,0.0,0.0,0.0,0.0,0.0,0.0,0.0,0
right_kp0.0095_ki0.018_kd0_+300_r2,right,0.0095,0.018,0.0,300.0,run,0.00023264094488695264,0.0,0.0,0.0,0.0,0.0,0.0,0.0,0.0,0
right_kp0.0095_ki0.018_kd0_+300_r2,right,0.0095,0.018,0.0,300.0,run,0.06651786895236,0.0,-0.02,0.0,0.02,0.02,0.011,0.461,0.064,0
right_kp0.0095_ki0.018_kd0_+300_r2,right,0.0095,0.018,0.0,300.0,run,0.13310354994609952,0.0,0.05,0.0,0.05,0.04,0.031,1.305,0.091,0
right_kp0.0095_ki0.018_kd0_+300_r2,right,0.0095,0.018,0.0,300.0,run,0.19933661998948082,0.0,0.13,-0.01,0.13,0.06,0.044,1.86,0.235,0
right_kp0.0095_ki0.018_kd0_+300_r2,right,0.0095,0.018,0.0,300.0,run,0.26562083495082334,0.0,0.2,0.02,0.21,0.02,0.044,1.879,0.163,0
right_kp0.0095_ki0.018_kd0_+300_r2,right,0.0095,0.018,0.0,300.0,run,0.33196060999762267,0.0,0.18,0.01,-0.18,-0.06,0.047,1.983,0.436,0
right_kp0.0095_ki0.018_kd0_+300_r2,right,0.0095,0.018,0.0,300.0,run,0.3982826799619943,0.0,0.18,0.01,0.18,0.02,0.048,2.058,0.158,0
right_kp0.0095_ki0.018_kd0_+300_r2,right,0.0095,0.018,0.0,300.0,run,0.4646065689739771,0.0,0.26,0.01,0.26,0.04,0.043,1.814,-0.217,0
right_kp0.0095_ki0.018_kd0_+300_r2,right,0.0095,0.018,0.0,300.0,run,0.531283012998756,0.0,0.24,0.0,0.24,0.04,0.043,1.804,-0.318,0
right_kp0.0095_ki0.018_kd0_+300_r2,right,0.0095,0.018,0.0,300.0,run,0.5975859109894373,0.0,0.3,0.0,0.3,0.0,0.043,1.818,-0.334,0
right_kp0.0095_ki0.018_kd0_+300_r2,right,0.0095,0.018,0.0,300.0,run,0.6639208849519491,0.0,0.29,0.0,0.29,0.06,0.044,1.851,-0.337,0
right_kp0.0095_ki0.018_kd0_+300_r2,right,0.0095,0.018,0.0,300.0,run,0.7301921239704825,0.0,0.33,0.0,0.33,0.08,0.046,1.926,-0.324,0
right_kp0.0095_ki0.018_kd0_+300_r2,right,0.0095,0.018,0.0,300.0,run,0.7964765929500572,0.0,0.28,0.02,0.28,0.08,0.055,2.325,-0.361,0
right_kp0.0095_ki0.018_kd0_+300_r2,right,0.0095,0.018,0.0,300.0,run,0.8627542609465308,22.0,0.31,0.08,0.32,0.04,0.07,2.96,-0.364,0
right_kp0.0095_ki0.018_kd0_+300_r2,right,0.0095,0.018,0.0,300.0,run,0.9292663099477068,72.0,0.3,0.14,0.33,0.06,0.082,3.359,-0.972,0
right_kp0.0095_ki0.018_kd0_+300_r2,right,0.0095,0.018,0.0,300.0,run,0.9955270949867554,332.0,0.16,0.01,0.16,0.06,0.081,3.206,-1.309,0
right_kp0.0095_ki0.018_kd0_+300_r2,right,0.0095,0.018,0.0,300.0,run,1.061829662998207,411.0,0.21,-0.01,0.21,0.06,0.076,3.166,-0.83,0
right_kp0.0095_ki0.018_kd0_+300_r2,right,0.0095,0.018,0.0,300.0,run,1.1281499239848927,374.0,0.12,0.01,0.12,0.06,0.075,3.104,-0.817,0
right_kp0.0095_ki0.018_kd0_+300_r2,right,0.0095,0.018,0.0,300.0,run,1.1945826099836268,336.0,0.21,0.0,0.21,0.06,0.072,3.04,-0.447,0
right_kp0.0095_ki0.018_kd0_+300_r2,right,0.0095,0.018,0.0,300.0,run,1.2609199269791134,311.0,0.14,0.06,0.16,0.06,0.068,2.852,-0.626,0
right_kp0.0095_ki0.018_kd0_+300_r2,right,0.0095,0.018,0.0,300.0,run,1.327158715983387,290.0,0.22,0.01,0.22,0.04,0.067,2.815,-0.562,0
right_kp0.0095_ki0.018_kd0_+300_r2,right,0.0095,0.018,0.0,300.0,run,1.393522406986449,283.0,0.23,0.03,0.24,0.04,0.069,2.93,-0.377,0
right_kp0.0095_ki0.018_kd0_+300_r2,right,0.0095,0.018,0.0,300.0,run,1.4598119839793071,273.0,0.25,0.01,0.25,0.08,0.068,2.885,-0.466,0
right_kp0.0095_ki0.018_kd0_+300_r2,right,0.0095,0.018,0.0,300.0,run,1.526159597968217,284.0,0.2,-0.02,0.2,0.06,0.07,2.938,-0.608,0
right_kp0.0095_ki0.018_kd0_+300_r2,right,0.0095,0.018,0.0,300.0,run,1.5924158159759827,297.0,0.18,0.01,0.18,0.08,0.071,3.016,-0.372,0
right_kp0.0095_ki0.018_kd0_+300_r2,right,0.0095,0.018,0.0,300.0,run,1.6587080239551142,290.0,0.22,-0.02,0.22,0.06,0.07,2.957,-0.479,0
right_kp0.0095_ki0.018_kd0_+300_r2,right,0.0095,0.018,0.0,300.0,run,1.7249815719551407,294.0,0.2,-0.04,0.21,0.04,0.07,2.943,-0.624,0
right_kp0.0095_ki0.018_kd0_+300_r2,right,0.0095,0.018,0.0,300.0,run,1.7912036489578895,298.0,0.17,-0.02,0.17,0.0,0.07,2.976,-0.358,0
right_kp0.0095_ki0.018_kd0_+300_r2,right,0.0095,0.018,0.0,300.0,run,1.857510628993623,287.0,0.23,-0.04,0.24,0.06,0.07,2.949,-0.543,0
right_kp0.0095_ki0.018_kd0_+300_r2,right,0.0095,0.018,0.0,300.0,run,1.923826462996658,292.0,0.16,0.0,0.16,0.06,0.069,2.89,-0.669,0
right_kp0.0095_ki0.018_kd0_+300_r2,right,0.0095,0.018,0.0,300.0,run,1.9901625139755197,294.0,0.24,-0.04,0.24,0.08,0.069,2.911,-0.399,0
right_kp0.0095_ki0.018_kd0_+300_r2,right,0.0095,0.018,0.0,300.0,run,2.056392706988845,281.0,0.2,0.02,-0.2,-0.04,0.071,2.951,-0.648,0
right_kp0.0095_ki0.018_kd0_+300_r2,right,0.0095,0.018,0.0,300.0,run,2.122568283986766,289.0,0.26,0.05,0.27,0.06,0.067,2.801,-0.621,0
right_kp0.0095_ki0.018_kd0_+300_r2,right,0.0095,0.018,0.0,300.0,run,2.1888913239818066,294.0,0.21,-0.07,0.22,0.08,0.07,2.954,-0.541,0
right_kp0.0095_ki0.018_kd0_+300_r2,right,0.0095,0.018,0.0,300.0,run,2.25510144099826,283.0,0.28,0.05,0.28,0.08,0.069,2.901,-0.567,0
right_kp0.0095_ki0.018_kd0_+300_r2,right,0.0095,0.018,0.0,300.0,run,2.3212947389693,285.0,0.25,0.0,0.25,0.06,0.068,2.876,-0.583,0
right_kp0.0095_ki0.018_kd0_+300_r2,right,0.0095,0.018,0.0,300.0,run,2.387519107956905,289.0,0.17,0.02,-0.17,-0.04,0.07,2.933,-0.61,0
right_kp0.0095_ki0.018_kd0_+300_r2,right,0.0095,0.018,0.0,300.0,run,2.4536732839769684,286.0,0.2,0.03,0.21,0.06,0.072,3.026,-0.533,0
right_kp0.0095_ki0.018_kd0_+300_r2,right,0.0095,0.018,0.0,300.0,run,2.519954824994784,288.0,0.22,-0.04,0.23,0.08,0.07,2.938,-0.616,0
right_kp0.0095_ki0.018_kd0_+300_r2,right,0.0095,0.018,0.0,300.0,run,2.586090995988343,292.0,0.26,0.0,0.26,0.06,0.068,2.871,-0.594,0
right_kp0.0095_ki0.018_kd0_+300_r2,right,0.0095,0.018,0.0,300.0,run,2.652183067984879,277.0,0.25,-0.03,0.25,0.06,0.07,2.976,-0.444,0
right_kp0.0095_ki0.018_kd0_+300_r2,right,0.0095,0.018,0.0,300.0,run,2.7184800269897096,277.0,0.18,0.07,0.2,0.06,0.067,2.81,-0.675,0
right_kp0.0095_ki0.018_kd0_+300_r2,right,0.0095,0.018,0.0,300.0,run,2.7846717249485664,283.0,0.2,0.05,-0.2,-0.08,0.068,2.828,-0.653,0
right_kp0.0095_ki0.018_kd0_+300_r2,right,0.0095,0.018,0.0,300.0,run,2.8509526669513434,276.0,0.24,0.02,0.24,0.08,0.067,2.86,-0.369,0
right_kp0.0095_ki0.018_kd0_+300_r2,right,0.0095,0.018,0.0,300.0,run,2.9172652769484557,265.0,0.24,-0.04,0.25,0.06,0.068,2.866,-0.474,0
right_kp0.0095_ki0.018_kd0_+300_r2,right,0.0095,0.018,0.0,300.0,run,2.98345297499327,265.0,0.18,0.02,0.18,0.08,0.068,2.844,-0.64,0
right_kp0.0095_ki0.018_kd0_+300_r2,right,0.0095,0.018,0.0,0,stop,1.1890078894793987e-06,273.0,0.23,-0.09,-0.24,-0.06,0.068,2.893,-0.35,0
right_kp0.0095_ki0.018_kd0_+300_r2,right,0.0095,0.018,0.0,0,stop,0.07642375701107085,264.0,0.18,0.0,0.18,0.02,0.067,2.769,-0.677,0
right_kp0.0095_ki0.018_kd0_+300_r2,right,0.0095,0.018,0.0,0,stop,0.14278987399302423,255.0,0.16,-0.03,0.17,0.04,0.057,2.405,-0.316,0
right_kp0.0095_ki0.018_kd0_+300_r2,right,0.0095,0.018,0.0,0,stop,0.20909632003167644,227.0,0.0,0.0,0.0,0.0,0.0,0.0,0.0,0
right_kp0.0095_ki0.018_kd0_+300_r2,right,0.0095,0.018,0.0,0,stop,0.27543675003107637,227.0,0.0,0.0,0.0,0.0,0.0,0.0,0.0,0
right_kp0.0095_ki0.018_kd0_+300_r2,right,0.0095,0.018,0.0,0,stop,0.3416676750057377,227.0,0.0,0.0,0.0,0.0,0.0,0.0,0.0,0
right_kp0.0095_ki0.018_kd0_+300_r2,right,0.0095,0.018,0.0,0,stop,0.407972282031551,227.0,0.0,0.0,0.0,0.0,0.0,0.0,0.0,0
right_kp0.0095_ki0.018_kd0_+300_r2,right,0.0095,0.018,0.0,0,stop,0.4742940629948862,227.0,0.0,0.0,0.0,0.0,0.0,0.0,0.0,0
right_kp0.0095_ki0.018_kd0_+300_r2,right,0.0095,0.018,0.0,0,stop,0.5406162629951723,227.0,0.0,0.0,0.0,0.0,0.0,0.0,0.0,0
right_kp0.0095_ki0.018_kd0_+300_r2,right,0.0095,0.018,0.0,0,stop,0.6069482599850744,227.0,0.0,0.0,0.0,0.0,0.0,0.0,0.0,0
right_kp0.0095_ki0.018_kd0_+300_r2,right,0.0095,0.018,0.0,0,stop,0.6733144430327229,0.0,0.0,0.0,0.0,0.0,0.0,0.0,0.0,0
right_kp0.0095_ki0.018_kd0_+300_r2,right,0.0095,0.018,0.0,0,stop,0.7396279689855874,0.0,0.0,0.0,0.0,0.0,0.0,0.0,0.0,0
right_kp0.0095_ki0.018_kd0_-300_r2,right,0.0095,0.018,0.0,-300.0,run,0.00015013996744528413,0.0,0.0,0.0,0.0,0.0,0.0,0.0,0.0,0
right_kp0.0095_ki0.018_kd0_-300_r2,right,0.0095,0.018,0.0,-300.0,run,0.06618698296369985,0.0,0.0,-0.02,0.02,0.04,-0.007,-0.091,0.283,0
right_kp0.0095_ki0.018_kd0_-300_r2,right,0.0095,0.018,0.0,-300.0,run,0.13256977999117225,0.0,-0.03,-0.02,0.04,0.06,-0.026,-0.948,0.551,0
right_kp0.0095_ki0.018_kd0_-300_r2,right,0.0095,0.018,0.0,-300.0,run,0.19937724096234888,0.0,-0.13,0.0,0.13,0.0,-0.036,-1.457,0.567,0
right_kp0.0095_ki0.018_kd0_-300_r2,right,0.0095,0.018,0.0,-300.0,run,0.26576113497139886,0.0,-0.18,0.0,0.18,0.06,-0.038,-1.526,0.527,0
right_kp0.0095_ki0.018_kd0_-300_r2,right,0.0095,0.018,0.0,-300.0,run,0.33202778798295185,0.0,-0.19,0.0,0.19,0.06,-0.038,-1.559,0.538,0
right_kp0.0095_ki0.018_kd0_-300_r2,right,0.0095,0.018,0.0,-300.0,run,0.3982427059672773,0.0,-0.21,0.0,0.21,0.06,-0.039,-1.583,0.559,0
right_kp0.0095_ki0.018_kd0_-300_r2,right,0.0095,0.018,0.0,-300.0,run,0.4646105259889737,0.0,-0.23,0.0,0.23,0.04,-0.04,-1.615,0.527,0
right_kp0.0095_ki0.018_kd0_-300_r2,right,0.0095,0.018,0.0,-300.0,run,0.5308877559727989,0.0,-0.25,0.0,0.25,0.06,-0.041,-1.652,0.533,0
right_kp0.0095_ki0.018_kd0_-300_r2,right,0.0095,0.018,0.0,-300.0,run,0.5972530029830523,0.0,-0.27,0.0,0.27,0.02,-0.041,-1.671,0.53,0
right_kp0.0095_ki0.018_kd0_-300_r2,right,0.0095,0.018,0.0,-300.0,run,0.6636034119874239,0.0,-0.32,0.0,-0.32,-0.08,-0.043,-1.802,0.345,0
right_kp0.0095_ki0.018_kd0_-300_r2,right,0.0095,0.018,0.0,-300.0,run,0.729905541986227,0.0,-0.29,0.01,0.29,0.02,-0.045,-1.893,-0.259,0
right_kp0.0095_ki0.018_kd0_-300_r2,right,0.0095,0.018,0.0,-300.0,run,0.7961334679857828,0.0,-0.35,0.0,0.35,0.02,-0.045,-1.891,-0.297,0
right_kp0.0095_ki0.018_kd0_-300_r2,right,0.0095,0.018,0.0,-300.0,run,0.8624840329866856,0.0,-0.34,0.0,0.34,0.02,-0.046,-1.928,-0.297,0
right_kp0.0095_ki0.018_kd0_-300_r2,right,0.0095,0.018,0.0,-300.0,run,0.9287803389597684,0.0,-0.36,0.0,0.36,0.02,-0.046,-1.966,-0.31,0
right_kp0.0095_ki0.018_kd0_-300_r2,right,0.0095,0.018,0.0,-300.0,run,0.9951158369658515,0.0,-0.4,0.0,0.4,0.02,-0.047,-1.984,-0.281,0
right_kp0.0095_ki0.018_kd0_-300_r2,right,0.0095,0.018,0.0,-300.0,run,1.061405696964357,0.0,-0.35,-0.01,0.35,0.02,-0.052,-2.231,-0.192,0
right_kp0.0095_ki0.018_kd0_-300_r2,right,0.0095,0.018,0.0,-300.0,run,1.1278244279674254,0.0,-0.34,-0.11,0.36,0.04,-0.071,-3.013,-0.222,0
right_kp0.0095_ki0.018_kd0_-300_r2,right,0.0095,0.018,0.0,-300.0,run,1.19413686695043,-15.0,-0.33,0.11,0.34,0.04,-0.089,-3.718,-0.752,0
right_kp0.0095_ki0.018_kd0_-300_r2,right,0.0095,0.018,0.0,-300.0,run,1.2604483089526184,-376.0,-0.2,-0.06,0.21,0.08,-0.087,-3.452,-1.358,0
right_kp0.0095_ki0.018_kd0_-300_r2,right,0.0095,0.018,0.0,-300.0,run,1.326817865949124,-454.0,-0.18,-0.01,0.18,0.1,-0.088,-3.651,-0.921,0
right_kp0.0095_ki0.018_kd0_-300_r2,right,0.0095,0.018,0.0,-300.0,run,1.393122642999515,-461.0,-0.19,-0.1,0.22,0.06,-0.088,-3.771,-0.107,0
right_kp0.0095_ki0.018_kd0_-300_r2,right,0.0095,0.018,0.0,-300.0,run,1.459298723959364,-459.0,-0.22,0.05,0.23,0.02,-0.085,-3.656,0.056,0
right_kp0.0095_ki0.018_kd0_-300_r2,right,0.0095,0.018,0.0,-300.0,run,1.525442263984587,-444.0,-0.2,-0.02,0.2,0.1,-0.085,-3.651,-0.021,0
right_kp0.0095_ki0.018_kd0_-300_r2,right,0.0095,0.018,0.0,-300.0,run,1.5917587099829689,-432.0,-0.21,0.01,0.21,0.08,-0.084,-3.581,0.077,0
right_kp0.0095_ki0.018_kd0_-300_r2,right,0.0095,0.018,0.0,-300.0,run,1.657971321954392,-421.0,-0.22,-0.03,0.23,0.06,-0.084,-3.578,0.002,0
right_kp0.0095_ki0.018_kd0_-300_r2,right,0.0095,0.018,0.0,-300.0,run,1.7242352619650774,-408.0,-0.18,0.0,0.18,0.06,-0.082,-3.514,0.187,0
right_kp0.0095_ki0.018_kd0_-300_r2,right,0.0095,0.018,0.0,-300.0,run,1.7905553869786672,-404.0,-0.2,0.0,0.2,0.06,-0.081,-3.49,-0.077,0
right_kp0.0095_ki0.018_kd0_-300_r2,right,0.0095,0.018,0.0,-300.0,run,1.8569493519607931,-407.0,-0.2,0.06,0.21,0.06,-0.079,-3.383,0.147,0
right_kp0.0095_ki0.018_kd0_-300_r2,right,0.0095,0.018,0.0,-300.0,run,1.9232638489920646,-383.0,-0.18,0.01,0.18,0.08,-0.08,-3.436,-0.136,0
right_kp0.0095_ki0.018_kd0_-300_r2,right,0.0095,0.018,0.0,-300.0,run,1.989951409981586,-375.0,-0.18,0.0,-0.18,-0.04,-0.076,-3.26,0.056,0
right_kp0.0095_ki0.018_kd0_-300_r2,right,0.0095,0.018,0.0,-300.0,run,2.0562508749426343,-359.0,-0.19,0.03,-0.19,-0.06,-0.075,-3.225,0.005,0
right_kp0.0095_ki0.018_kd0_-300_r2,right,0.0095,0.018,0.0,-300.0,run,2.1225172779522836,-349.0,-0.15,0.0,0.15,0.06,-0.077,-3.305,-0.107,0
right_kp0.0095_ki0.018_kd0_-300_r2,right,0.0095,0.018,0.0,-300.0,run,2.18887537997216,-355.0,-0.21,0.05,0.22,0.06,-0.073,-3.134,0.133,0
right_kp0.0095_ki0.018_kd0_-300_r2,right,0.0095,0.018,0.0,-300.0,run,2.2551872639451176,-329.0,-0.18,-0.03,-0.19,-0.04,-0.076,-3.27,-0.163,0
right_kp0.0095_ki0.018_kd0_-300_r2,right,0.0095,0.018,0.0,-300.0,run,2.3214465319761075,-329.0,-0.18,0.0,0.18,0.06,-0.074,-3.166,-0.056,0
right_kp0.0095_ki0.018_kd0_-300_r2,right,0.0095,0.018,0.0,-300.0,run,2.3877764549688436,-339.0,-0.19,-0.05,0.19,0.06,-0.072,-3.093,0.075,0
right_kp0.0095_ki0.018_kd0_-300_r2,right,0.0095,0.018,0.0,-300.0,run,2.4541509179980494,-321.0,-0.17,0.02,0.17,0.0,-0.075,-3.206,-0.179,0
right_kp0.0095_ki0.018_kd0_-300_r2,right,0.0095,0.018,0.0,-300.0,run,2.5204859459772706,-323.0,-0.22,-0.04,0.22,0.04,-0.072,-3.093,0.053,0
right_kp0.0095_ki0.018_kd0_-300_r2,right,0.0095,0.018,0.0,-300.0,run,2.5868111069430597,-320.0,-0.19,0.0,-0.19,-0.02,-0.072,-3.096,-0.029,0
right_kp0.0095_ki0.018_kd0_-300_r2,right,0.0095,0.018,0.0,-300.0,run,2.653097522968892,-317.0,-0.2,-0.05,-0.21,-0.02,-0.075,-3.219,-0.136,0
right_kp0.0095_ki0.018_kd0_-300_r2,right,0.0095,0.018,0.0,-300.0,run,2.7193367769941688,-322.0,-0.15,0.01,0.15,0.06,-0.072,-3.075,0.058,0
right_kp0.0095_ki0.018_kd0_-300_r2,right,0.0095,0.018,0.0,-300.0,run,2.785602610965725,-316.0,-0.2,0.0,0.2,0.06,-0.069,-2.97,0.032,0
right_kp0.0095_ki0.018_kd0_-300_r2,right,0.0095,0.018,0.0,-300.0,run,2.851933551952243,-304.0,-0.23,-0.05,0.24,0.1,-0.072,-3.085,-0.072,0
right_kp0.0095_ki0.018_kd0_-300_r2,right,0.0095,0.018,0.0,-300.0,run,2.9182458879658952,-302.0,-0.15,0.0,0.15,0.06,-0.069,-2.97,0.066,0
right_kp0.0095_ki0.018_kd0_-300_r2,right,0.0095,0.018,0.0,-300.0,run,2.984448358998634,-296.0,-0.23,-0.03,-0.23,-0.04,-0.067,-2.876,0.099,0
right_kp0.0095_ki0.018_kd0_-300_r2,right,0.0095,0.018,0.0,0,stop,1.1770171113312244e-06,-281.0,-0.21,-0.07,0.22,0.04,-0.072,-3.069,-0.093,0
right_kp0.0095_ki0.018_kd0_-300_r2,right,0.0095,0.018,0.0,0,stop,0.07633499405346811,-274.0,-0.15,0.0,-0.15,-0.04,-0.061,-2.619,0.147,0
right_kp0.0095_ki0.018_kd0_-300_r2,right,0.0095,0.018,0.0,0,stop,0.14288998901611194,-267.0,-0.14,-0.02,0.14,0.06,-0.051,-2.169,0.04,0
right_kp0.0095_ki0.018_kd0_-300_r2,right,0.0095,0.018,0.0,0,stop,0.2091690130182542,-267.0,0.0,0.0,0.0,0.0,0.0,0.0,0.0,0
right_kp0.0095_ki0.018_kd0_-300_r2,right,0.0095,0.018,0.0,0,stop,0.27538820600602776,-267.0,0.0,0.0,0.0,0.0,0.0,0.0,0.0,0
right_kp0.0095_ki0.018_kd0_-300_r2,right,0.0095,0.018,0.0,0,stop,0.34169963403837755,-267.0,0.0,0.0,0.0,0.0,0.0,0.0,0.0,0
right_kp0.0095_ki0.018_kd0_-300_r2,right,0.0095,0.018,0.0,0,stop,0.4080843510455452,-267.0,0.0,0.0,0.0,0.0,0.0,0.0,0.0,0
right_kp0.0095_ki0.018_kd0_-300_r2,right,0.0095,0.018,0.0,0,stop,0.47435176704311743,-267.0,0.0,0.0,0.0,0.0,0.0,0.0,0.0,0
right_kp0.0095_ki0.018_kd0_-300_r2,right,0.0095,0.018,0.0,0,stop,0.5406368200201541,-267.0,0.0,0.0,0.0,0.0,0.0,0.0,0.0,0
right_kp0.0095_ki0.018_kd0_-300_r2,right,0.0095,0.018,0.0,0,stop,0.6069091749959625,0.0,0.0,0.0,0.0,0.0,0.0,0.0,0.0,0
right_kp0.0095_ki0.018_kd0_-300_r2,right,0.0095,0.018,0.0,0,stop,0.673121924046427,0.0,0.0,0.0,0.0,0.0,0.0,0.0,0.0,0
right_kp0.0095_ki0.018_kd0_-300_r2,right,0.0095,0.018,0.0,0,stop,0.7394466420519166,0.0,0.0,0.0,0.0,0.0,0.0,0.0,0.0,0
right_kp0.0095_ki0.02_kd0_+300_r1,right,0.0095,0.02,0.0,300.0,run,0.00046169402776286006,0.0,0.0,0.0,0.0,0.0,0.0,0.0,0.0,0
right_kp0.0095_ki0.02_kd0_+300_r1,right,0.0095,0.02,0.0,300.0,run,0.06691432901425287,0.0,0.0,0.0,0.0,0.02,0.009,0.139,-0.353,0
right_kp0.0095_ki0.02_kd0_+300_r1,right,0.0095,0.02,0.0,300.0,run,0.13316197000676766,0.0,0.03,0.02,0.04,0.04,0.026,1.009,-0.5,0
right_kp0.0095_ki0.02_kd0_+300_r1,right,0.0095,0.02,0.0,300.0,run,0.19992664002347738,0.0,0.14,-0.02,0.15,0.02,0.039,1.54,-0.592,0
right_kp0.0095_ki0.02_kd0_+300_r1,right,0.0095,0.02,0.0,300.0,run,0.2663343889871612,0.0,0.18,0.02,0.18,0.04,0.042,1.674,-0.685,0
right_kp0.0095_ki0.02_kd0_+300_r1,right,0.0095,0.02,0.0,300.0,run,0.33264017599867657,0.0,0.19,-0.01,-0.19,-0.06,0.043,1.73,-0.685,0
right_kp0.0095_ki0.02_kd0_+300_r1,right,0.0095,0.02,0.0,300.0,run,0.3988424380077049,0.0,0.22,-0.01,0.22,0.04,0.049,1.974,-0.771,0
right_kp0.0095_ki0.02_kd0_+300_r1,right,0.0095,0.02,0.0,300.0,run,0.46519665501546115,0.0,0.23,-0.01,0.23,0.06,0.048,2.062,0.05,0
right_kp0.0095_ki0.02_kd0_+300_r1,right,0.0095,0.02,0.0,300.0,run,0.5315517010167241,0.0,0.19,0.05,0.2,0.06,0.053,2.268,-0.133,0
right_kp0.0095_ki0.02_kd0_+300_r1,right,0.0095,0.02,0.0,300.0,run,0.5978493640432134,0.0,0.3,0.04,0.3,0.08,0.06,2.55,-0.203,0
right_kp0.0095_ki0.02_kd0_+300_r1,right,0.0095,0.02,0.0,300.0,run,0.66459624201525,21.0,0.26,0.02,0.26,0.08,0.07,2.989,-0.316,0
right_kp0.0095_ki0.02_kd0_+300_r1,right,0.0095,0.02,0.0,300.0,run,0.7308442670037039,213.0,0.22,0.06,0.23,0.08,0.075,3.158,-0.522,0
right_kp0.0095_ki0.02_kd0_+300_r1,right,0.0095,0.02,0.0,300.0,run,0.797418070025742,314.0,0.24,0.01,0.24,0.06,0.068,2.847,-0.637,0
right_kp0.0095_ki0.02_kd0_+300_r1,right,0.0095,0.02,0.0,300.0,run,0.863971329992637,318.0,0.2,0.0,0.2,0.04,0.063,2.67,-0.492,0
right_kp0.0095_ki0.02_kd0_+300_r1,right,0.0095,0.02,0.0,300.0,run,0.9303162409923971,265.0,0.22,-0.01,0.22,0.06,0.062,2.625,-0.302,0
right_kp0.0095_ki0.02_kd0_+300_r1,right,0.0095,0.02,0.0,300.0,run,0.9966021529980935,246.0,0.23,0.0,0.23,0.06,0.06,2.552,-0.273,0
right_kp0.0095_ki0.02_kd0_+300_r1,right,0.0095,0.02,0.0,300.0,run,1.062927816004958,218.0,0.23,0.06,0.24,0.04,0.061,2.587,-0.377,0
right_kp0.0095_ki0.02_kd0_+300_r1,right,0.0095,0.02,0.0,300.0,run,1.129157062037848,223.0,0.23,0.01,0.23,0.04,0.064,2.737,-0.318,0
right_kp0.0095_ki0.02_kd0_+300_r1,right,0.0095,0.02,0.0,300.0,run,1.1957187040243298,228.0,0.24,0.0,0.24,0.08,0.067,2.85,-0.324,0
right_kp0.0095_ki0.02_kd0_+300_r1,right,0.0095,0.02,0.0,300.0,run,1.2621720129973255,251.0,0.19,0.07,0.2,0.08,0.067,2.807,-0.578,0
right_kp0.0095_ki0.02_kd0_+300_r1,right,0.0095,0.02,0.0,300.0,run,1.3282511410070583,273.0,0.24,0.02,0.24,0.06,0.067,2.834,-0.551,0
right_kp0.0095_ki0.02_kd0_+300_r1,right,0.0095,0.02,0.0,300.0,run,1.394885283021722,278.0,0.21,0.03,0.22,0.08,0.069,2.927,-0.385,0
right_kp0.0095_ki0.02_kd0_+300_r1,right,0.0095,0.02,0.0,300.0,run,1.461362364992965,274.0,0.24,-0.02,0.24,0.06,0.067,2.842,-0.423,0
right_kp0.0095_ki0.02_kd0_+300_r1,right,0.0095,0.02,0.0,300.0,run,1.527820374991279,279.0,0.19,-0.05,0.2,0.06,0.069,2.887,-0.562,0
right_kp0.0095_ki0.02_kd0_+300_r1,right,0.0095,0.02,0.0,300.0,run,1.5943494020029902,285.0,0.19,-0.02,0.19,0.08,0.067,2.863,-0.321,0
right_kp0.0095_ki0.02_kd0_+300_r1,right,0.0095,0.02,0.0,300.0,run,1.6608409699983895,273.0,0.19,-0.04,-0.2,-0.06,0.07,2.943,-0.594,0
right_kp0.0095_ki0.02_kd0_+300_r1,right,0.0095,0.02,0.0,300.0,run,1.727182189002633,278.0,0.24,0.05,0.24,0.08,0.067,2.818,-0.621,0
right_kp0.0095_ki0.02_kd0_+300_r1,right,0.0095,0.02,0.0,300.0,run,1.7934439519885927,290.0,0.21,-0.07,0.22,0.06,0.07,2.954,-0.484,0
right_kp0.0095_ki0.02_kd0_+300_r1,right,0.0095,0.02,0.0,300.0,run,1.8597946380032226,285.0,0.27,0.07,0.27,0.08,0.07,2.922,-0.61,0
right_kp0.0095_ki0.02_kd0_+300_r1,right,0.0095,0.02,0.0,300.0,run,1.9263075059861876,293.0,0.29,0.0,0.29,0.06,0.068,2.842,-0.565,0
right_kp0.0095_ki0.02_kd0_+300_r1,right,0.0095,0.02,0.0,300.0,run,1.9925512170302682,297.0,0.19,0.01,0.19,0.06,0.07,2.914,-0.629,0
right_kp0.0095_ki0.02_kd0_+300_r1,right,0.0095,0.02,0.0,300.0,run,2.0589788309880532,287.0,0.23,0.01,0.23,0.04,0.07,2.97,-0.527,0
right_kp0.0095_ki0.02_kd0_+300_r1,right,0.0095,0.02,0.0,300.0,run,2.125311582989525,290.0,0.2,-0.03,0.21,0.04,0.07,2.938,-0.538,0
right_kp0.0095_ki0.02_kd0_+300_r1,right,0.0095,0.02,0.0,300.0,run,2.1916362729971297,289.0,0.22,-0.01,0.22,0.06,0.068,2.876,-0.57,0
right_kp0.0095_ki0.02_kd0_+300_r1,right,0.0095,0.02,0.0,300.0,run,2.2579087000340223,280.0,0.22,0.0,0.22,0.08,0.07,2.954,-0.412,0
right_kp0.0095_ki0.02_kd0_+300_r1,right,0.0095,0.02,0.0,300.0,run,2.32414077303838,279.0,0.15,0.01,0.15,0.04,0.07,2.89,-0.725,0
right_kp0.0095_ki0.02_kd0_+300_r1,right,0.0095,0.02,0.0,300.0,run,2.3907367000356317,286.0,0.21,-0.06,0.22,0.06,0.07,2.951,-0.632,0
right_kp0.0095_ki0.02_kd0_+300_r1,right,0.0095,0.02,0.0,300.0,run,2.4573850980377756,287.0,0.21,-0.03,0.21,0.06,0.072,3.059,-0.463,0
right_kp0.0095_ki0.02_kd0_+300_r1,right,0.0095,0.02,0.0,300.0,run,2.5238128030323423,293.0,0.19,0.07,0.21,0.06,0.069,2.852,-0.75,0
right_kp0.0095_ki0.02_kd0_+300_r1,right,0.0095,0.02,0.0,300.0,run,2.5900652690324932,300.0,0.17,-0.01,0.17,0.08,0.071,2.97,-0.701,0
right_kp0.0095_ki0.02_kd0_+300_r1,right,0.0095,0.02,0.0,300.0,run,2.656525589991361,285.0,0.19,0.04,0.2,0.06,0.07,2.962,-0.533,0
right_kp0.0095_ki0.02_kd0_+300_r1,right,0.0095,0.02,0.0,300.0,run,2.722904295020271,282.0,0.26,0.04,0.27,0.08,0.066,2.783,-0.557,0
right_kp0.0095_ki0.02_kd0_+300_r1,right,0.0095,0.02,0.0,300.0,run,2.7891169849899597,278.0,0.24,-0.01,0.24,0.06,0.068,2.847,-0.608,0
right_kp0.0095_ki0.02_kd0_+300_r1,right,0.0095,0.02,0.0,300.0,run,2.8554930530372076,277.0,0.2,-0.01,0.2,0.08,0.068,2.885,-0.313,0
right_kp0.0095_ki0.02_kd0_+300_r1,right,0.0095,0.02,0.0,300.0,run,2.9218845409923233,267.0,0.24,-0.07,0.25,0.06,0.069,2.919,-0.562,0
right_kp0.0095_ki0.02_kd0_+300_r1,right,0.0095,0.02,0.0,300.0,run,2.988143194001168,268.0,0.26,0.05,0.26,0.06,0.065,2.743,-0.594,0
right_kp0.0095_ki0.02_kd0_+300_r1,right,0.0095,0.02,0.0,0,stop,1.2639793567359447e-06,276.0,0.21,-0.05,0.22,0.04,0.069,2.906,-0.503,0
right_kp0.0095_ki0.02_kd0_+300_r1,right,0.0095,0.02,0.0,0,stop,0.07649048295570537,265.0,0.24,0.07,0.25,0.08,0.065,2.718,-0.653,0
right_kp0.0095_ki0.02_kd0_+300_r1,right,0.0095,0.02,0.0,0,stop,0.1428435449488461,253.0,0.18,-0.04,0.18,0.06,0.056,2.376,-0.34,0
right_kp0.0095_ki0.02_kd0_+300_r1,right,0.0095,0.02,0.0,0,stop,0.20910537097370252,253.0,0.0,0.0,0.0,0.0,0.0,0.0,0.0,0
right_kp0.0095_ki0.02_kd0_+300_r1,right,0.0095,0.02,0.0,0,stop,0.2754364729626104,253.0,0.0,0.0,0.0,0.0,0.0,0.0,0.0,0
right_kp0.0095_ki0.02_kd0_+300_r1,right,0.0095,0.02,0.0,0,stop,0.34154465195024386,253.0,0.0,0.0,0.0,0.0,0.0,0.0,0.0,0
right_kp0.0095_ki0.02_kd0_+300_r1,right,0.0095,0.02,0.0,0,stop,0.40798839594936,253.0,0.0,0.0,0.0,0.0,0.0,0.0,0.0,0
right_kp0.0095_ki0.02_kd0_+300_r1,right,0.0095,0.02,0.0,0,stop,0.47427689796313643,253.0,0.0,0.0,0.0,0.0,0.0,0.0,0.0,0
right_kp0.0095_ki0.02_kd0_+300_r1,right,0.0095,0.02,0.0,0,stop,0.5411829489748925,253.0,0.0,0.0,0.0,0.0,0.0,0.0,0.0,0
right_kp0.0095_ki0.02_kd0_+300_r1,right,0.0095,0.02,0.0,0,stop,0.6077210949733853,253.0,0.0,0.0,0.0,0.0,0.0,0.0,0.0,0
right_kp0.0095_ki0.02_kd0_+300_r1,right,0.0095,0.02,0.0,0,stop,0.674025829997845,0.0,0.0,0.0,0.0,0.0,0.0,0.0,0.0,0
right_kp0.0095_ki0.02_kd0_+300_r1,right,0.0095,0.02,0.0,0,stop,0.7404167779604904,0.0,0.0,0.0,0.0,0.0,0.0,0.0,0.0,0
right_kp0.0095_ki0.02_kd0_-300_r1,right,0.0095,0.02,0.0,-300.0,run,0.00013908505206927657,0.0,0.0,0.0,0.0,0.0,0.0,0.0,0.0,0
right_kp0.0095_ki0.02_kd0_-300_r1,right,0.0095,0.02,0.0,-300.0,run,0.0663506620330736,0.0,-0.01,0.0,0.01,0.02,0.003,0.136,0.034,0
right_kp0.0095_ki0.02_kd0_-300_r1,right,0.0095,0.02,0.0,-300.0,run,0.13266025303164497,0.0,-0.04,0.0,0.04,0.06,-0.011,-0.463,0.029,0
right_kp0.0095_ki0.02_kd0_-300_r1,right,0.0095,0.02,0.0,-300.0,run,0.198841990029905,0.0,-0.09,0.02,-0.1,-0.06,-0.035,-1.505,-0.184,0
right_kp0.0095_ki0.02_kd0_-300_r1,right,0.0095,0.02,0.0,-300.0,run,0.2651297220145352,0.0,-0.18,0.0,0.18,0.08,-0.04,-1.692,-0.265,0
right_kp0.0095_ki0.02_kd0_-300_r1,right,0.0095,0.02,0.0,-300.0,run,0.3315137490280904,0.0,-0.19,0.0,-0.19,-0.06,-0.041,-1.727,-0.289,0
right_kp0.0095_ki0.02_kd0_-300_r1,right,0.0095,0.02,0.0,-300.0,run,0.39777995803160593,0.0,-0.23,0.0,0.23,0.08,-0.042,-1.767,-0.278,0
right_kp0.0095_ki0.02_kd0_-300_r1,right,0.0095,0.02,0.0,-300.0,run,0.46422155702020973,0.0,-0.25,0.0,0.25,0.06,-0.043,-1.813,-0.289,0
right_kp0.0095_ki0.02_kd0_-300_r1,right,0.0095,0.02,0.0,-300.0,run,0.5304748600465246,0.0,-0.26,0.0,-0.26,-0.08,-0.044,-1.856,-0.281,0
right_kp0.0095_ki0.02_kd0_-300_r1,right,0.0095,0.02,0.0,-300.0,run,0.5967407890129834,0.0,-0.27,0.0,0.27,0.04,-0.046,-1.944,-0.259,0
right_kp0.0095_ki0.02_kd0_-300_r1,right,0.0095,0.02,0.0,-300.0,run,0.6630666390410624,0.0,-0.28,0.0,0.28,0.04,-0.049,-2.108,-0.219,0
right_kp0.0095_ki0.02_kd0_-300_r1,right,0.0095,0.02,0.0,-300.0,run,0.729402780008968,0.0,-0.27,-0.06,0.28,0.04,-0.059,-2.507,-0.305,0
right_kp0.0095_ki0.02_kd0_-300_r1,right,0.0095,0.02,0.0,-300.0,run,0.7957270750193857,0.0,-0.35,0.04,0.35,0.08,-0.071,-3.048,-0.195,0
right_kp0.0095_ki0.02_kd0_-300_r1,right,0.0095,0.02,0.0,-300.0,run,0.8620306860539131,-21.0,-0.23,0.02,0.23,0.04,-0.081,-3.356,-0.808,0
right_kp0.0095_ki0.02_kd0_-300_r1,right,0.0095,0.02,0.0,-300.0,run,0.9283355040242895,-350.0,-0.19,-0.01,0.19,0.08,-0.077,-3.233,-0.693,0
right_kp0.0095_ki0.02_kd0_-300_r1,right,0.0095,0.02,0.0,-300.0,run,0.9946257570409216,-345.0,-0.16,-0.04,0.17,0.08,-0.072,-3.021,-0.6,0
right_kp0.0095_ki0.02_kd0_-300_r1,right,0.0095,0.02,0.0,-300.0,run,1.0609615700086579,-323.0,-0.18,0.05,0.19,0.06,-0.07,-2.911,-0.634,0
right_kp0.0095_ki0.02_kd0_-300_r1,right,0.0095,0.02,0.0,-300.0,run,1.1275893910205923,-291.0,-0.2,-0.03,0.2,0.08,-0.068,-2.911,-0.375,0
right_kp0.0095_ki0.02_kd0_-300_r1,right,0.0095,0.02,0.0,-300.0,run,1.1938198230345733,-277.0,-0.28,0.01,-0.28,-0.04,-0.068,-2.866,-0.439,0
right_kp0.0095_ki0.02_kd0_-300_r1,right,0.0095,0.02,0.0,-300.0,run,1.2601536250440404,-270.0,-0.23,-0.02,0.23,0.04,-0.071,-3.002,-0.458,0
right_kp0.0095_ki0.02_kd0_-300_r1,right,0.0095,0.02,0.0,-300.0,run,1.3264247960178182,-286.0,-0.2,-0.02,0.2,0.02,-0.07,-2.986,-0.436,0
right_kp0.0095_ki0.02_kd0_-300_r1,right,0.0095,0.02,0.0,-300.0,run,1.392639918019995,-294.0,-0.25,0.02,0.25,0.04,-0.072,-3.067,-0.401,0
right_kp0.0095_ki0.02_kd0_-300_r1,right,0.0095,0.02,0.0,-300.0,run,1.4588755650329404,-301.0,-0.24,-0.01,0.24,0.04,-0.073,-3.064,-0.565,0
right_kp0.0095_ki0.02_kd0_-300_r1,right,0.0095,0.02,0.0,-300.0,run,1.5250658740405925,-315.0,-0.2,0.01,0.2,0.02,-0.072,-3.037,-0.506,0
right_kp0.0095_ki0.02_kd0_-300_r1,right,0.0095,0.02,0.0,-300.0,run,1.5911403310019523,-305.0,-0.29,0.02,0.29,0.04,-0.07,-2.968,-0.53,0
right_kp0.0095_ki0.02_kd0_-300_r1,right,0.0095,0.02,0.0,-300.0,run,1.6573986110161059,-317.0,-0.27,0.04,-0.27,-0.04,-0.071,-2.965,-0.637,0
right_kp0.0095_ki0.02_kd0_-300_r1,right,0.0095,0.02,0.0,-300.0,run,1.7237698310054839,-318.0,-0.16,-0.07,-0.18,-0.08,-0.073,-3.099,-0.463,0
right_kp0.0095_ki0.02_kd0_-300_r1,right,0.0095,0.02,0.0,-300.0,run,1.7901198020554148,-314.0,-0.17,-0.03,0.17,0.06,-0.073,-3.067,-0.6,0
right_kp0.0095_ki0.02_kd0_-300_r1,right,0.0095,0.02,0.0,-300.0,run,1.8564210320473649,-329.0,-0.2,-0.05,0.2,0.08,-0.072,-3.018,-0.642,0
right_kp0.0095_ki0.02_kd0_-300_r1,right,0.0095,0.02,0.0,-300.0,run,1.9227102570002899,-317.0,-0.16,-0.01,0.16,0.08,-0.073,-3.085,-0.391,0
right_kp0.0095_ki0.02_kd0_-300_r1,right,0.0095,0.02,0.0,-300.0,run,1.9889782380196266,-307.0,-0.21,-0.02,0.21,0.06,-0.072,-3.018,-0.535,0
right_kp0.0095_ki0.02_kd0_-300_r1,right,0.0095,0.02,0.0,-300.0,run,2.055296993057709,-319.0,-0.2,-0.03,0.2,0.04,-0.071,-2.96,-0.648,0
right_kp0.0095_ki0.02_kd0_-300_r1,right,0.0095,0.02,0.0,-300.0,run,2.121588636015076,-311.0,-0.17,0.02,0.17,0.02,-0.073,-3.112,-0.377,0
right_kp0.0095_ki0.02_kd0_-300_r1,right,0.0095,0.02,0.0,-300.0,run,2.187862771039363,-301.0,-0.25,-0.01,0.25,0.04,-0.07,-2.954,-0.511,0
right_kp0.0095_ki0.02_kd0_-300_r1,right,0.0095,0.02,0.0,-300.0,run,2.25416715600295,-308.0,-0.21,-0.02,0.21,0.02,-0.07,-2.911,-0.634,0
right_kp0.0095_ki0.02_kd0_-300_r1,right,0.0095,0.02,0.0,-300.0,run,2.320555458019953,-304.0,-0.18,0.03,0.18,0.06,-0.073,-3.104,-0.393,0
right_kp0.0095_ki0.02_kd0_-300_r1,right,0.0095,0.02,0.0,-300.0,run,2.3868508350569755,-298.0,-0.24,0.0,0.24,0.06,-0.069,-2.93,-0.503,0
right_kp0.0095_ki0.02_kd0_-300_r1,right,0.0095,0.02,0.0,-300.0,run,2.453197312017437,-308.0,-0.24,-0.02,0.24,0.04,-0.069,-2.879,-0.589,0
right_kp0.0095_ki0.02_kd0_-300_r1,right,0.0095,0.02,0.0,-300.0,run,2.5199684830149636,-303.0,-0.18,0.04,0.19,0.02,-0.074,-3.144,-0.455,0
right_kp0.0095_ki0.02_kd0_-300_r1,right,0.0095,0.02,0.0,-300.0,run,2.5864248320576735,-307.0,-0.25,0.04,0.25,0.14,-0.069,-2.893,-0.597,0
right_kp0.0095_ki0.02_kd0_-300_r1,right,0.0095,0.02,0.0,-300.0,run,2.65267646004213,-318.0,-0.19,0.01,0.19,0.04,-0.069,-2.893,-0.669,0
right_kp0.0095_ki0.02_kd0_-300_r1,right,0.0095,0.02,0.0,-300.0,run,2.718998360040132,-310.0,-0.17,0.0,0.17,0.06,-0.074,-3.155,-0.479,0
right_kp0.0095_ki0.02_kd0_-300_r1,right,0.0095,0.02,0.0,-300.0,run,2.7854365590028465,-299.0,-0.23,0.06,0.24,0.08,-0.067,-2.785,-0.613,0
right_kp0.0095_ki0.02_kd0_-300_r1,right,0.0095,0.02,0.0,-300.0,run,2.851804949052166,-304.0,-0.17,0.0,0.17,0.08,-0.068,-2.836,-0.621,0
right_kp0.0095_ki0.02_kd0_-300_r1,right,0.0095,0.02,0.0,-300.0,run,2.91837624902837,-294.0,-0.19,0.04,0.19,0.06,-0.072,-3.04,-0.431,0
right_kp0.0095_ki0.02_kd0_-300_r1,right,0.0095,0.02,0.0,-300.0,run,2.984666060016025,-285.0,-0.25,0.02,0.25,0.06,-0.067,-2.831,-0.415,0
right_kp0.0095_ki0.02_kd0_-300_r1,right,0.0095,0.02,0.0,0,stop,1.2800446711480618e-06,-285.0,-0.24,-0.01,0.24,0.04,-0.066,-2.785,-0.503,0
right_kp0.0095_ki0.02_kd0_-300_r1,right,0.0095,0.02,0.0,0,stop,0.07629385904874653,-268.0,-0.15,0.0,0.15,0.06,-0.064,-2.743,-0.235,0
right_kp0.0095_ki0.02_kd0_-300_r1,right,0.0095,0.02,0.0,0,stop,0.1425707529997453,-239.0,-0.15,0.01,0.15,0.02,-0.054,-2.247,-0.487,0
right_kp0.0095_ki0.02_kd0_-300_r1,right,0.0095,0.02,0.0,0,stop,0.2088183350278996,-239.0,0.0,0.0,0.0,0.0,0.0,0.0,0.0,0
right_kp0.0095_ki0.02_kd0_-300_r1,right,0.0095,0.02,0.0,0,stop,0.2750849630101584,-239.0,0.0,0.0,0.0,0.0,0.0,0.0,0.0,0
right_kp0.0095_ki0.02_kd0_-300_r1,right,0.0095,0.02,0.0,0,stop,0.34159076400101185,-239.0,0.0,0.0,0.0,0.0,0.0,0.0,0.0,0
right_kp0.0095_ki0.02_kd0_-300_r1,right,0.0095,0.02,0.0,0,stop,0.4077876569936052,-239.0,0.0,0.0,0.0,0.0,0.0,0.0,0.0,0
right_kp0.0095_ki0.02_kd0_-300_r1,right,0.0095,0.02,0.0,0,stop,0.4743005180498585,-239.0,0.0,0.0,0.0,0.0,0.0,0.0,0.0,0
right_kp0.0095_ki0.02_kd0_-300_r1,right,0.0095,0.02,0.0,0,stop,0.5407954920083284,-239.0,0.0,0.0,0.0,0.0,0.0,0.0,0.0,0
right_kp0.0095_ki0.02_kd0_-300_r1,right,0.0095,0.02,0.0,0,stop,0.6071433580364101,-239.0,0.0,0.0,0.0,0.0,0.0,0.0,0.0,0
right_kp0.0095_ki0.02_kd0_-300_r1,right,0.0095,0.02,0.0,0,stop,0.6735078270430677,0.0,0.0,0.0,0.0,0.0,0.0,0.0,0.0,0
right_kp0.0095_ki0.02_kd0_-300_r1,right,0.0095,0.02,0.0,0,stop,0.7398833330371417,0.0,0.0,0.0,0.0,0.0,0.0,0.0,0.0,0
right_kp0.0095_ki0.02_kd0_+300_r2,right,0.0095,0.02,0.0,300.0,run,0.0001495080068707466,0.0,0.0,0.0,0.0,0.0,0.0,0.0,0.0,0
right_kp0.0095_ki0.02_kd0_+300_r2,right,0.0095,0.02,0.0,300.0,run,0.06663175002904609,0.0,0.01,0.0,0.01,0.04,-0.005,-0.112,-0.171,0
right_kp0.0095_ki0.02_kd0_+300_r2,right,0.0095,0.02,0.0,300.0,run,0.13304731203243136,0.0,0.04,0.0,0.04,0.04,0.013,0.444,-0.358,0
right_kp0.0095_ki0.02_kd0_+300_r2,right,0.0095,0.02,0.0,300.0,run,0.19931763800559565,0.0,0.11,0.0,0.11,0.04,0.033,1.366,-0.385,0
right_kp0.0095_ki0.02_kd0_+300_r2,right,0.0095,0.02,0.0,300.0,run,0.2656354540376924,0.0,0.16,0.0,-0.16,-0.04,0.042,1.743,-0.369,0
right_kp0.0095_ki0.02_kd0_+300_r2,right,0.0095,0.02,0.0,300.0,run,0.33232880901778117,0.0,0.19,0.0,0.19,0.06,0.045,1.883,-0.407,0
right_kp0.0095_ki0.02_kd0_+300_r2,right,0.0095,0.02,0.0,300.0,run,0.3985601590247825,0.0,0.22,0.0,-0.22,-0.08,0.048,2.017,-0.42,0
right_kp0.0095_ki0.02_kd0_+300_r2,right,0.0095,0.02,0.0,300.0,run,0.4648990310379304,0.0,0.26,-0.06,0.27,0.08,0.053,2.223,-0.35,0
right_kp0.0095_ki0.02_kd0_+300_r2,right,0.0095,0.02,0.0,300.0,run,0.5312026570318267,0.0,0.21,0.05,0.21,0.04,0.055,2.362,-0.158,0
right_kp0.0095_ki0.02_kd0_+300_r2,right,0.0095,0.02,0.0,300.0,run,0.5975680450210348,26.0,0.2,0.05,0.21,0.08,0.064,2.7,-0.369,0
right_kp0.0095_ki0.02_kd0_+300_r2,right,0.0095,0.02,0.0,300.0,run,0.6639304580166936,184.0,0.21,0.03,0.21,0.02,0.068,2.866,-0.409,0
right_kp0.0095_ki0.02_kd0_+300_r2,right,0.0095,0.02,0.0,300.0,run,0.7301551150158048,223.0,0.2,0.01,0.2,0.04,0.069,2.911,-0.399,0
right_kp0.0095_ki0.02_kd0_+300_r2,right,0.0095,0.02,0.0,300.0,run,0.7963890820392407,268.0,0.2,-0.03,0.2,0.08,0.066,2.78,-0.441,0
right_kp0.0095_ki0.02_kd0_+300_r2,right,0.0095,0.02,0.0,300.0,run,0.8626756080193445,266.0,0.15,-0.01,0.15,0.0,0.065,2.726,-0.476,0
right_kp0.0095_ki0.02_kd0_+300_r2,right,0.0095,0.02,0.0,300.0,run,0.9290307660121471,249.0,0.18,0.0,0.18,0.04,0.061,2.601,-0.192,0
right_kp0.0095_ki0.02_kd0_+300_r2,right,0.0095,0.02,0.0,300.0,run,0.9954033620306291,219.0,0.22,0.06,0.23,0.04,0.062,2.635,-0.458,0
right_kp0.0095_ki0.02_kd0_+300_r2,right,0.0095,0.02,0.0,300.0,run,1.0621496920357458,216.0,0.2,-0.04,0.2,0.08,0.064,2.745,-0.294,0
right_kp0.0095_ki0.02_kd0_+300_r2,right,0.0095,0.02,0.0,300.0,run,1.1284680780372582,231.0,0.17,0.03,0.18,0.08,0.066,2.796,-0.452,0
right_kp0.0095_ki0.02_kd0_+300_r2,right,0.0095,0.02,0.0,300.0,run,1.194727414054796,238.0,0.22,0.02,0.22,0.08,0.067,2.858,-0.334,0
right_kp0.0095_ki0.02_kd0_+300_r2,right,0.0095,0.02,0.0,300.0,run,1.2611142560490407,254.0,0.2,-0.01,0.2,0.06,0.068,2.885,-0.404,0
right_kp0.0095_ki0.02_kd0_+300_r2,right,0.0095,0.02,0.0,300.0,run,1.32738936500391,268.0,0.16,-0.03,0.17,0.06,0.068,2.858,-0.559,0
right_kp0.0095_ki0.02_kd0_+300_r2,right,0.0095,0.02,0.0,300.0,run,1.3935714920517057,276.0,0.23,-0.06,0.24,0.06,0.068,2.885,-0.337,0
right_kp0.0095_ki0.02_kd0_+300_r2,right,0.0095,0.02,0.0,300.0,run,1.4598603040212765,271.0,0.23,0.07,0.24,0.08,0.069,2.882,-0.57,0
right_kp0.0095_ki0.02_kd0_+300_r2,right,0.0095,0.02,0.0,300.0,run,1.5262432060553692,277.0,0.27,0.01,0.27,0.06,0.068,2.85,-0.538,0
right_kp0.0095_ki0.02_kd0_+300_r2,right,0.0095,0.02,0.0,300.0,run,1.5926282870350406,285.0,0.19,0.02,0.19,0.06,0.069,2.898,-0.554,0
right_kp0.0095_ki0.02_kd0_+300_r2,right,0.0095,0.02,0.0,300.0,run,1.6588921900256537,277.0,0.21,0.02,0.21,0.06,0.07,2.97,-0.423,0
right_kp0.0095_ki0.02_kd0_+300_r2,right,0.0095,0.02,0.0,300.0,run,1.725142056006007,281.0,0.19,-0.05,0.2,0.04,0.07,2.933,-0.543,0
right_kp0.0095_ki0.02_kd0_+300_r2,right,0.0095,0.02,0.0,300.0,run,1.7914089020341635,289.0,0.24,-0.01,0.24,0.06,0.068,2.879,-0.543,0
right_kp0.0095_ki0.02_kd0_+300_r2,right,0.0095,0.02,0.0,300.0,run,1.8576931910356507,282.0,0.22,0.0,0.22,0.06,0.071,3.013,-0.385,0
right_kp0.0095_ki0.02_kd0_+300_r2,right,0.0095,0.02,0.0,300.0,run,1.92402634001337,287.0,0.13,0.03,0.14,0.06,0.07,2.911,-0.664,0
right_kp0.0095_ki0.02_kd0_+300_r2,right,0.0095,0.02,0.0,300.0,run,1.9902905760100111,288.0,0.17,0.01,0.17,0.0,0.07,2.922,-0.685,0
right_kp0.0095_ki0.02_kd0_+300_r2,right,0.0095,0.02,0.0,300.0,run,2.056623341049999,281.0,0.18,0.03,0.19,0.06,0.071,3.008,-0.503,0
right_kp0.0095_ki0.02_kd0_+300_r2,right,0.0095,0.02,0.0,300.0,run,2.1229283260181546,289.0,0.26,0.03,0.26,0.06,0.066,2.772,-0.562,0
right_kp0.0095_ki0.02_kd0_+300_r2,right,0.0095,0.02,0.0,300.0,run,2.189253874006681,290.0,0.25,0.01,0.25,0.06,0.068,2.847,-0.624,0
right_kp0.0095_ki0.02_kd0_+300_r2,right,0.0095,0.02,0.0,300.0,run,2.2555769260507077,291.0,0.22,0.02,0.22,0.08,0.07,2.962,-0.415,0
right_kp0.0095_ki0.02_kd0_+300_r2,right,0.0095,0.02,0.0,300.0,run,2.321986453025602,281.0,0.24,0.0,0.24,0.06,0.069,2.906,-0.479,0
right_kp0.0095_ki0.02_kd0_+300_r2,right,0.0095,0.02,0.0,300.0,run,2.388210622011684,286.0,0.2,-0.03,0.21,0.06,0.07,2.933,-0.624,0
right_kp0.0095_ki0.02_kd0_+300_r2,right,0.0095,0.02,0.0,300.0,run,2.454428038035985,289.0,0.19,-0.01,0.19,0.08,0.071,2.992,-0.423,0
right_kp0.0095_ki0.02_kd0_+300_r2,right,0.0095,0.02,0.0,300.0,run,2.5207204870530404,289.0,0.24,-0.04,0.25,0.08,0.071,2.981,-0.533,0
right_kp0.0095_ki0.02_kd0_+300_r2,right,0.0095,0.02,0.0,300.0,run,2.58697863901034,298.0,0.17,-0.04,0.18,0.04,0.07,2.898,-0.707,0
right_kp0.0095_ki0.02_kd0_+300_r2,right,0.0095,0.02,0.0,300.0,run,2.653351253014989,297.0,0.22,-0.02,0.22,0.06,0.069,2.922,-0.417,0
right_kp0.0095_ki0.02_kd0_+300_r2,right,0.0095,0.02,0.0,300.0,run,2.7195792530546896,286.0,0.2,-0.04,0.21,0.0,0.071,2.968,-0.602,0
right_kp0.0095_ki0.02_kd0_+300_r2,right,0.0095,0.02,0.0,300.0,run,2.785936507047154,282.0,0.25,0.05,0.25,0.06,0.065,2.729,-0.645,0
right_kp0.0095_ki0.02_kd0_+300_r2,right,0.0095,0.02,0.0,300.0,run,2.852509495045524,278.0,0.22,0.0,0.22,0.06,0.069,2.885,-0.597,0
right_kp0.0095_ki0.02_kd0_+300_r2,right,0.0095,0.02,0.0,300.0,run,2.918820047052577,267.0,0.24,0.02,0.24,0.06,0.07,2.954,-0.463,0
right_kp0.0095_ki0.02_kd0_+300_r2,right,0.0095,0.02,0.0,300.0,run,2.9851766010397114,270.0,0.26,-0.04,-0.26,-0.04,0.069,2.906,-0.495,0
right_kp0.0095_ki0.02_kd0_+300_r2,right,0.0095,0.02,0.0,0,stop,1.1969823390245438e-06,279.0,0.27,0.0,0.27,0.04,0.067,2.836,-0.53,0
right_kp0.0095_ki0.02_kd0_+300_r2,right,0.0095,0.02,0.0,0,stop,0.07646599499275908,262.0,0.23,0.03,0.23,0.12,0.064,2.726,-0.38,0
right_kp0.0095_ki0.02_kd0_+300_r2,right,0.0095,0.02,0.0,0,stop,0.14270954701351002,256.0,0.18,0.0,0.18,0.04,0.053,2.258,-0.286,0
right_kp0.0095_ki0.02_kd0_+300_r2,right,0.0095,0.02,0.0,0,stop,0.20898554899031296,233.0,0.0,0.0,0.0,0.0,0.0,0.0,0.0,0
right_kp0.0095_ki0.02_kd0_+300_r2,right,0.0095,0.02,0.0,0,stop,0.2753154229721986,233.0,0.0,0.0,0.0,0.0,0.0,0.0,0.0,0
right_kp0.0095_ki0.02_kd0_+300_r2,right,0.0095,0.02,0.0,0,stop,0.3416202910011634,233.0,0.0,0.0,0.0,0.0,0.0,0.0,0.0,0
right_kp0.0095_ki0.02_kd0_+300_r2,right,0.0095,0.02,0.0,0,stop,0.4079690109938383,233.0,0.0,0.0,0.0,0.0,0.0,0.0,0.0,0
right_kp0.0095_ki0.02_kd0_+300_r2,right,0.0095,0.02,0.0,0,stop,0.47432818496599793,233.0,0.0,0.0,0.0,0.0,0.0,0.0,0.0,0
right_kp0.0095_ki0.02_kd0_+300_r2,right,0.0095,0.02,0.0,0,stop,0.5406157560064457,233.0,0.0,0.0,0.0,0.0,0.0,0.0,0.0,0
right_kp0.0095_ki0.02_kd0_+300_r2,right,0.0095,0.02,0.0,0,stop,0.6068950379849412,233.0,0.0,0.0,0.0,0.0,0.0,0.0,0.0,0
right_kp0.0095_ki0.02_kd0_+300_r2,right,0.0095,0.02,0.0,0,stop,0.6733023049891926,0.0,0.0,0.0,0.0,0.0,0.0,0.0,0.0,0
right_kp0.0095_ki0.02_kd0_+300_r2,right,0.0095,0.02,0.0,0,stop,0.7395287029794417,0.0,0.0,0.0,0.0,0.0,0.0,0.0,0.0,0
right_kp0.0095_ki0.02_kd0_-300_r2,right,0.0095,0.02,0.0,-300.0,run,0.00012949900701642036,0.0,0.0,0.0,0.0,0.0,0.0,0.0,0.0,0
right_kp0.0095_ki0.02_kd0_-300_r2,right,0.0095,0.02,0.0,-300.0,run,0.06634728901553899,0.0,0.0,0.0,0.0,0.06,-0.003,-0.125,0.066,0
right_kp0.0095_ki0.02_kd0_-300_r2,right,0.0095,0.02,0.0,-300.0,run,0.13255953800398856,0.0,-0.02,0.0,0.02,0.06,-0.021,-0.905,0.066,0
right_kp0.0095_ki0.02_kd0_-300_r2,right,0.0095,0.02,0.0,-300.0,run,0.1987079789978452,0.0,-0.14,0.0,0.14,0.06,-0.041,-1.754,-0.208,0
right_kp0.0095_ki0.02_kd0_-300_r2,right,0.0095,0.02,0.0,-300.0,run,0.2649357230402529,0.0,-0.2,-0.08,0.21,0.04,-0.044,-1.899,-0.144,0
right_kp0.0095_ki0.02_kd0_-300_r2,right,0.0095,0.02,0.0,-300.0,run,0.3312304750434123,0.0,-0.21,0.0,0.21,0.04,-0.04,-1.722,-0.01,0
right_kp0.0095_ki0.02_kd0_-300_r2,right,0.0095,0.02,0.0,-300.0,run,0.39757292199647054,0.0,-0.23,0.01,0.23,0.02,-0.041,-1.762,-0.016,0
right_kp0.0095_ki0.02_kd0_-300_r2,right,0.0095,0.02,0.0,-300.0,run,0.46389831602573395,0.0,-0.24,0.0,0.24,0.02,-0.043,-1.829,-0.029,0
right_kp0.0095_ki0.02_kd0_-300_r2,right,0.0095,0.02,0.0,-300.0,run,0.530177159991581,0.0,-0.24,0.0,0.24,0.04,-0.048,-2.057,0.005,0
right_kp0.0095_ki0.02_kd0_-300_r2,right,0.0095,0.02,0.0,-300.0,run,0.5965020399889909,0.0,-0.24,-0.05,0.25,0.06,-0.062,-2.641,0.029,0
right_kp0.0095_ki0.02_kd0_-300_r2,right,0.0095,0.02,0.0,-300.0,run,0.6629285060334951,0.0,-0.25,-0.02,0.25,0.02,-0.061,-2.595,0.083,0
right_kp0.0095_ki0.02_kd0_-300_r2,right,0.0095,0.02,0.0,-300.0,run,0.7291328380233608,-24.0,-0.28,-0.01,0.28,0.02,-0.063,-2.684,-0.144,0
right_kp0.0095_ki0.02_kd0_-300_r2,right,0.0095,0.02,0.0,-300.0,run,0.7954230020404793,-199.0,-0.17,0.04,0.18,0.04,-0.068,-2.858,-0.498,0
right_kp0.0095_ki0.02_kd0_-300_r2,right,0.0095,0.02,0.0,-300.0,run,0.86173254303867,-251.0,-0.23,0.04,0.23,0.08,-0.074,-3.158,-0.27,0
right_kp0.0095_ki0.02_kd0_-300_r2,right,0.0095,0.02,0.0,-300.0,run,0.928001319989562,-285.0,-0.3,0.06,0.31,0.08,-0.065,-2.767,-0.294,0
right_kp0.0095_ki0.02_kd0_-300_r2,right,0.0095,0.02,0.0,-300.0,run,0.994234852027148,-290.0,-0.2,-0.01,0.2,0.02,-0.064,-2.708,-0.5,0
right_kp0.0095_ki0.02_kd0_-300_r2,right,0.0095,0.02,0.0,-300.0,run,1.0605828120023943,-252.0,-0.23,-0.1,0.25,0.08,-0.068,-2.885,-0.219,0
right_kp0.0095_ki0.02_kd0_-300_r2,right,0.0095,0.02,0.0,-300.0,run,1.1268812069902197,-249.0,-0.29,0.04,0.29,0.08,-0.066,-2.828,-0.115,0
right_kp0.0095_ki0.02_kd0_-300_r2,right,0.0095,0.02,0.0,-300.0,run,1.193219022010453,-253.0,-0.23,0.0,0.23,0.06,-0.066,-2.818,-0.399,0
right_kp0.0095_ki0.02_kd0_-300_r2,right,0.0095,0.02,0.0,-300.0,run,1.2595134950242937,-268.0,-0.22,0.01,0.22,0.08,-0.068,-2.871,-0.5,0
right_kp0.0095_ki0.02_kd0_-300_r2,right,0.0095,0.02,0.0,-300.0,run,1.3258218090049922,-271.0,-0.28,-0.04,0.29,0.08,-0.074,-3.155,-0.133,0
right_kp0.0095_ki0.02_kd0_-300_r2,right,0.0095,0.02,0.0,-300.0,run,1.3920808830298483,-293.0,-0.18,-0.01,0.18,0.08,-0.07,-2.938,-0.546,0
right_kp0.0095_ki0.02_kd0_-300_r2,right,0.0095,0.02,0.0,-300.0,run,1.4585376070463099,-304.0,-0.21,-0.02,0.21,0.08,-0.07,-2.946,-0.589,0
right_kp0.0095_ki0.02_kd0_-300_r2,right,0.0095,0.02,0.0,-300.0,run,1.5250100060366094,-299.0,-0.26,0.0,0.26,0.04,-0.074,-3.182,-0.208,0
right_kp0.0095_ki0.02_kd0_-300_r2,right,0.0095,0.02,0.0,-300.0,run,1.5914721570443362,-310.0,-0.21,-0.01,0.21,0.04,-0.071,-2.984,-0.578,0
right_kp0.0095_ki0.02_kd0_-300_r2,right,0.0095,0.02,0.0,-300.0,run,1.6578205529949628,-315.0,-0.15,-0.04,0.16,0.08,-0.073,-3.048,-0.632,0
right_kp0.0095_ki0.02_kd0_-300_r2,right,0.0095,0.02,0.0,-300.0,run,1.7241908829892054,-314.0,-0.25,0.03,0.25,0.04,-0.073,-3.112,-0.286,0
right_kp0.0095_ki0.02_kd0_-300_r2,right,0.0095,0.02,0.0,-300.0,run,1.7906054250197485,-332.0,-0.23,0.04,0.23,0.06,-0.069,-2.876,-0.648,0
right_kp0.0095_ki0.02_kd0_-300_r2,right,0.0095,0.02,0.0,-300.0,run,1.8569170419941656,-307.0,-0.19,0.02,0.19,0.1,-0.073,-3.075,-0.618,0
right_kp0.0095_ki0.02_kd0_-300_r2,right,0.0095,0.02,0.0,-300.0,run,1.9232353250263259,-303.0,-0.27,0.05,0.28,0.06,-0.069,-2.943,-0.417,0
right_kp0.0095_ki0.02_kd0_-300_r2,right,0.0095,0.02,0.0,-300.0,run,1.9895756249898113,-322.0,-0.19,0.07,0.2,0.08,-0.069,-2.847,-0.747,0
right_kp0.0095_ki0.02_kd0_-300_r2,right,0.0095,0.02,0.0,-300.0,run,2.0560433139908127,-303.0,-0.18,-0.07,0.19,0.08,-0.072,-3.064,-0.468,0
right_kp0.0095_ki0.02_kd0_-300_r2,right,0.0095,0.02,0.0,-300.0,run,2.122296372021083,-298.0,-0.2,0.05,0.21,0.08,-0.069,-2.933,-0.487,0
right_kp0.0095_ki0.02_kd0_-300_r2,right,0.0095,0.02,0.0,-300.0,run,2.1886757150059566,-309.0,-0.19,0.07,0.2,0.06,-0.068,-2.818,-0.76,0
right_kp0.0095_ki0.02_kd0_-300_r2,right,0.0095,0.02,0.0,-300.0,run,2.2550345140043646,-294.0,-0.18,-0.06,0.19,0.08,-0.072,-3.056,-0.49,0
right_kp0.0095_ki0.02_kd0_-300_r2,right,0.0095,0.02,0.0,-300.0,run,2.3214005129993893,-297.0,-0.2,0.05,0.21,0.08,-0.069,-2.925,-0.468,0
right_kp0.0095_ki0.02_kd0_-300_r2,right,0.0095,0.02,0.0,-300.0,run,2.3876482100458816,-313.0,-0.18,0.05,0.19,0.08,-0.069,-2.842,-0.782,0
right_kp0.0095_ki0.02_kd0_-300_r2,right,0.0095,0.02,0.0,-300.0,run,2.4540395120275207,-297.0,-0.19,-0.07,0.2,0.08,-0.073,-3.104,-0.49,0
right_kp0.0095_ki0.02_kd0_-300_r2,right,0.0095,0.02,0.0,-300.0,run,2.5203590349992737,-301.0,-0.18,0.01,0.18,0.08,-0.071,-3.0,-0.527,0
right_kp0.0095_ki0.02_kd0_-300_r2,right,0.0095,0.02,0.0,-300.0,run,2.586693537014071,-321.0,-0.17,-0.02,0.17,0.08,-0.069,-2.876,-0.763,0
right_kp0.0095_ki0.02_kd0_-300_r2,right,0.0095,0.02,0.0,-300.0,run,2.6529915970168076,-304.0,-0.19,-0.07,0.21,0.08,-0.072,-3.064,-0.358,0
right_kp0.0095_ki0.02_kd0_-300_r2,right,0.0095,0.02,0.0,-300.0,run,2.719305113016162,-301.0,-0.19,-0.05,0.2,0.06,-0.069,-2.946,-0.433,0
right_kp0.0095_ki0.02_kd0_-300_r2,right,0.0095,0.02,0.0,-300.0,run,2.785582513024565,-307.0,-0.18,-0.01,0.18,0.06,-0.069,-2.842,-0.736,0
right_kp0.0095_ki0.02_kd0_-300_r2,right,0.0095,0.02,0.0,-300.0,run,2.852014400996268,-287.0,-0.18,-0.09,0.21,0.08,-0.071,-3.016,-0.399,0
right_kp0.0095_ki0.02_kd0_-300_r2,right,0.0095,0.02,0.0,-300.0,run,2.918241402017884,-288.0,-0.19,0.02,0.2,0.06,-0.068,-2.876,-0.433,0
right_kp0.0095_ki0.02_kd0_-300_r2,right,0.0095,0.02,0.0,-300.0,run,2.984465209010523,-292.0,-0.27,0.06,0.28,0.0,-0.065,-2.721,-0.586,0
right_kp0.0095_ki0.02_kd0_-300_r2,right,0.0095,0.02,0.0,0,stop,1.1199736036360264e-06,-285.0,-0.21,0.01,0.21,0.06,-0.068,-2.901,-0.423,0
right_kp0.0095_ki0.02_kd0_-300_r2,right,0.0095,0.02,0.0,0,stop,0.07643652602564543,-268.0,-0.25,0.01,0.25,0.02,-0.063,-2.694,-0.353,0
right_kp0.0095_ki0.02_kd0_-300_r2,right,0.0095,0.02,0.0,0,stop,0.14281353098340333,-247.0,-0.11,-0.01,0.11,0.02,-0.054,-2.293,-0.316,0
right_kp0.0095_ki0.02_kd0_-300_r2,right,0.0095,0.02,0.0,0,stop,0.20905689697246999,-247.0,0.0,0.0,0.0,0.0,0.0,0.0,0.0,0
right_kp0.0095_ki0.02_kd0_-300_r2,right,0.0095,0.02,0.0,0,stop,0.2753482469706796,-247.0,0.0,0.0,0.0,0.0,0.0,0.0,0.0,0
right_kp0.0095_ki0.02_kd0_-300_r2,right,0.0095,0.02,0.0,0,stop,0.34192539600189775,-247.0,0.0,0.0,0.0,0.0,0.0,0.0,0.0,0
right_kp0.0095_ki0.02_kd0_-300_r2,right,0.0095,0.02,0.0,0,stop,0.40822391799883917,-247.0,0.0,0.0,0.0,0.0,0.0,0.0,0.0,0
right_kp0.0095_ki0.02_kd0_-300_r2,right,0.0095,0.02,0.0,0,stop,0.47467608598526567,-247.0,0.0,0.0,0.0,0.0,0.0,0.0,0.0,0
right_kp0.0095_ki0.02_kd0_-300_r2,right,0.0095,0.02,0.0,0,stop,0.5409582689753734,-247.0,0.0,0.0,0.0,0.0,0.0,0.0,0.0,0
right_kp0.0095_ki0.02_kd0_-300_r2,right,0.0095,0.02,0.0,0,stop,0.6072943069739267,-247.0,0.0,0.0,0.0,0.0,0.0,0.0,0.0,0
right_kp0.0095_ki0.02_kd0_-300_r2,right,0.0095,0.02,0.0,0,stop,0.6736834549810737,0.0,0.0,0.0,0.0,0.0,0.0,0.0,0.0,0
right_kp0.0095_ki0.02_kd0_-300_r2,right,0.0095,0.02,0.0,0,stop,0.7400706770131364,0.0,0.0,0.0,0.0,0.0,0.0,0.0,0.0,0
right_kp0.0095_ki0.022_kd0_+300_r1,right,0.0095,0.022,0.0,300.0,run,0.0001434279838576913,0.0,0.0,0.0,0.0,0.0,0.0,0.0,0.0,0
right_kp0.0095_ki0.022_kd0_+300_r1,right,0.0095,0.022,0.0,300.0,run,0.06643799995072186,0.0,0.01,0.0,0.01,0.06,-0.006,-0.23,0.131,0
right_kp0.0095_ki0.022_kd0_+300_r1,right,0.0095,0.022,0.0,300.0,run,0.1326934959506616,0.0,0.05,0.0,0.05,0.06,0.009,0.31,0.259,0
right_kp0.0095_ki0.022_kd0_+300_r1,right,0.0095,0.022,0.0,300.0,run,0.19895851897308603,0.0,0.11,0.01,0.11,0.08,0.032,1.363,0.136,0
right_kp0.0095_ki0.022_kd0_+300_r1,right,0.0095,0.022,0.0,300.0,run,0.2652304639923386,0.0,0.17,0.02,0.17,0.04,0.039,1.668,-0.155,0
right_kp0.0095_ki0.022_kd0_+300_r1,right,0.0095,0.022,0.0,300.0,run,0.33145274000708014,0.0,0.21,0.0,0.21,0.02,0.04,1.687,-0.259,0
right_kp0.0095_ki0.022_kd0_+300_r1,right,0.0095,0.022,0.0,300.0,run,0.39777012600097805,0.0,0.23,0.0,0.23,0.06,0.041,1.746,-0.27,0
right_kp0.0095_ki0.022_kd0_+300_r1,right,0.0095,0.022,0.0,300.0,run,0.4641123039764352,0.0,0.25,0.0,0.25,0.06,0.043,1.804,-0.273,0
right_kp0.0095_ki0.022_kd0_+300_r1,right,0.0095,0.022,0.0,300.0,run,0.5303802659618668,0.0,0.3,0.0,0.3,0.06,0.043,1.836,-0.276,0
right_kp0.0095_ki0.022_kd0_+300_r1,right,0.0095,0.022,0.0,300.0,run,0.5966498979832977,0.0,0.31,0.0,0.31,0.12,0.045,1.905,-0.292,0
right_kp0.0095_ki0.022_kd0_+300_r1,right,0.0095,0.022,0.0,300.0,run,0.6632230670074932,0.0,0.28,0.0,0.28,0.06,0.05,2.131,-0.3,0
right_kp0.0095_ki0.022_kd0_+300_r1,right,0.0095,0.022,0.0,300.0,run,0.7294884389848448,0.0,0.27,0.0,0.27,0.08,0.063,2.715,-0.12,0
right_kp0.0095_ki0.022_kd0_+300_r1,right,0.0095,0.022,0.0,300.0,run,0.7957142979721539,0.0,0.28,0.04,0.28,0.08,0.082,3.449,-0.648,0
right_kp0.0095_ki0.022_kd0_+300_r1,right,0.0095,0.022,0.0,300.0,run,0.8623721349867992,393.0,0.22,0.02,0.22,0.06,0.08,3.122,-1.393,0
right_kp0.0095_ki0.022_kd0_+300_r1,right,0.0095,0.022,0.0,300.0,run,0.9286569739924744,423.0,0.2,0.05,0.21,0.1,0.08,3.302,-0.857,0
right_kp0.0095_ki0.022_kd0_+300_r1,right,0.0095,0.022,0.0,300.0,run,0.9949140420067124,380.0,0.14,0.03,0.14,0.0,0.073,3.037,-0.828,0
right_kp0.0095_ki0.022_kd0_+300_r1,right,0.0095,0.022,0.0,300.0,run,1.0612640729523264,356.0,0.16,-0.06,0.17,0.06,0.072,3.074,-0.38,0
right_kp0.0095_ki0.022_kd0_+300_r1,right,0.0095,0.022,0.0,300.0,run,1.1275599749642424,324.0,0.22,-0.03,0.22,0.06,0.071,3.004,-0.461,0
right_kp0.0095_ki0.022_kd0_+300_r1,right,0.0095,0.022,0.0,300.0,run,1.1939032200025395,310.0,0.19,-0.03,0.2,0.08,0.07,2.94,-0.605,0
right_kp0.0095_ki0.022_kd0_+300_r1,right,0.0095,0.022,0.0,300.0,run,1.260280692949891,303.0,0.17,-0.03,0.17,0.06,0.07,2.98,-0.353,0
right_kp0.0095_ki0.022_kd0_+300_r1,right,0.0095,0.022,0.0,300.0,run,1.3265433179913089,293.0,0.24,-0.05,0.24,0.04,0.071,2.988,-0.493,0
right_kp0.0095_ki0.022_kd0_+300_r1,right,0.0095,0.022,0.0,300.0,run,1.3929630779894069,297.0,0.18,-0.04,0.18,0.08,0.07,2.956,-0.624,0
right_kp0.0095_ki0.022_kd0_+300_r1,right,0.0095,0.022,0.0,300.0,run,1.4594636969850399,300.0,0.2,-0.01,0.2,0.08,0.07,2.983,-0.369,0
right_kp0.0095_ki0.022_kd0_+300_r1,right,0.0095,0.022,0.0,300.0,run,1.5257041529985145,293.0,0.24,-0.05,0.24,0.06,0.071,3.002,-0.527,0
right_kp0.0095_ki0.022_kd0_+300_r1,right,0.0095,0.022,0.0,300.0,run,1.592047277954407,299.0,0.17,-0.03,0.17,0.08,0.07,2.927,-0.688,0
right_kp0.0095_ki0.022_kd0_+300_r1,right,0.0095,0.022,0.0,300.0,run,1.6583984709577635,305.0,0.2,-0.02,0.2,0.08,0.069,2.951,-0.388,0
right_kp0.0095_ki0.022_kd0_+300_r1,right,0.0095,0.022,0.0,300.0,run,1.7246394929825328,293.0,0.22,-0.05,0.22,0.04,0.071,2.986,-0.535,0
right_kp0.0095_ki0.022_kd0_+300_r1,right,0.0095,0.022,0.0,300.0,run,1.7909533039783128,295.0,0.17,0.01,-0.17,-0.04,0.07,2.906,-0.709,0
right_kp0.0095_ki0.022_kd0_+300_r1,right,0.0095,0.022,0.0,300.0,run,1.8575759649975225,299.0,0.24,-0.04,0.24,0.06,0.07,2.957,-0.391,0
right_kp0.0095_ki0.022_kd0_+300_r1,right,0.0095,0.022,0.0,300.0,run,1.9238610689644702,289.0,0.2,-0.02,0.2,0.08,0.071,2.997,-0.618,0
right_kp0.0095_ki0.022_kd0_+300_r1,right,0.0095,0.022,0.0,300.0,run,1.9902491659740917,299.0,0.16,0.03,0.16,0.06,0.069,2.879,-0.723,0
right_kp0.0095_ki0.022_kd0_+300_r1,right,0.0095,0.022,0.0,300.0,run,2.0564947779639624,301.0,0.24,-0.07,0.25,0.06,0.07,2.949,-0.436,0
right_kp0.0095_ki0.022_kd0_+300_r1,right,0.0095,0.022,0.0,300.0,run,2.1227941520046443,288.0,0.18,0.04,0.19,0.04,0.071,2.965,-0.672,0
right_kp0.0095_ki0.022_kd0_+300_r1,right,0.0095,0.022,0.0,300.0,run,2.1891418189625256,295.0,0.23,0.06,0.24,0.06,0.067,2.799,-0.669,0
right_kp0.0095_ki0.022_kd0_+300_r1,right,0.0095,0.022,0.0,300.0,run,2.255482692969963,296.0,0.2,-0.07,0.21,0.06,0.069,2.927,-0.543,0
right_kp0.0095_ki0.022_kd0_+300_r1,right,0.0095,0.022,0.0,300.0,run,2.3218683159793727,282.0,0.29,0.04,0.29,0.04,0.069,2.89,-0.567,0
right_kp0.0095_ki0.022_kd0_+300_r1,right,0.0095,0.022,0.0,300.0,run,2.3884214779827744,283.0,0.24,0.0,0.24,0.06,0.068,2.868,-0.567,0
right_kp0.0095_ki0.022_kd0_+300_r1,right,0.0095,0.022,0.0,300.0,run,2.4550423019682057,287.0,0.22,0.0,0.22,0.0,0.069,2.901,-0.594,0
right_kp0.0095_ki0.022_kd0_+300_r1,right,0.0095,0.022,0.0,300.0,run,2.5214050809736364,285.0,0.23,0.0,0.23,0.08,0.072,3.04,-0.476,0
right_kp0.0095_ki0.022_kd0_+300_r1,right,0.0095,0.022,0.0,300.0,run,2.587672785972245,290.0,0.21,-0.04,0.21,0.06,0.07,2.951,-0.594,0
right_kp0.0095_ki0.022_kd0_+300_r1,right,0.0095,0.022,0.0,300.0,run,2.6539542909595184,295.0,0.2,0.02,-0.21,-0.06,0.069,2.903,-0.632,0
right_kp0.0095_ki0.022_kd0_+300_r1,right,0.0095,0.022,0.0,300.0,run,2.720359903003555,283.0,0.25,0.02,0.25,0.08,0.071,2.992,-0.476,0
right_kp0.0095_ki0.022_kd0_+300_r1,right,0.0095,0.022,0.0,300.0,run,2.78664793696953,287.0,0.18,-0.04,0.19,0.04,0.07,2.93,-0.669,0
right_kp0.0095_ki0.022_kd0_+300_r1,right,0.0095,0.022,0.0,300.0,run,2.8529290309525095,295.0,0.24,-0.07,0.25,0.08,0.069,2.909,-0.605,0
right_kp0.0095_ki0.022_kd0_+300_r1,right,0.0095,0.022,0.0,300.0,run,2.9193051479524,274.0,0.17,0.01,0.17,0.06,0.07,2.943,-0.498,0
right_kp0.0095_ki0.022_kd0_+300_r1,right,0.0095,0.022,0.0,300.0,run,2.9855443019769154,271.0,0.27,0.03,0.27,0.06,0.066,2.777,-0.495,0
right_kp0.0095_ki0.022_kd0_+300_r1,right,0.0095,0.022,0.0,0,stop,1.294014509767294e-06,270.0,0.24,0.0,0.24,0.04,0.069,2.879,-0.581,0
right_kp0.0095_ki0.022_kd0_+300_r1,right,0.0095,0.022,0.0,0,stop,0.07652848196448758,272.0,0.2,0.01,0.2,0.04,0.065,2.745,-0.329,0
right_kp0.0095_ki0.022_kd0_+300_r1,right,0.0095,0.022,0.0,0,stop,0.1428709090105258,246.0,0.16,-0.05,0.17,0.06,0.057,2.4,-0.482,0
right_kp0.0095_ki0.022_kd0_+300_r1,right,0.0095,0.022,0.0,0,stop,0.20928538497537374,246.0,0.0,0.0,0.0,0.0,0.0,0.0,0.0,0
right_kp0.0095_ki0.022_kd0_+300_r1,right,0.0095,0.022,0.0,0,stop,0.27559738600393757,246.0,0.0,0.0,0.0,0.0,0.0,0.0,0.0,0
right_kp0.0095_ki0.022_kd0_+300_r1,right,0.0095,0.022,0.0,0,stop,0.34190826601115987,246.0,0.0,0.0,0.0,0.0,0.0,0.0,0.0,0
right_kp0.0095_ki0.022_kd0_+300_r1,right,0.0095,0.022,0.0,0,stop,0.40848378697410226,246.0,0.0,0.0,0.0,0.0,0.0,0.0,0.0,0
right_kp0.0095_ki0.022_kd0_+300_r1,right,0.0095,0.022,0.0,0,stop,0.47479959297925234,246.0,0.0,0.0,0.0,0.0,0.0,0.0,0.0,0
right_kp0.0095_ki0.022_kd0_+300_r1,right,0.0095,0.022,0.0,0,stop,0.5412209290079772,246.0,0.0,0.0,0.0,0.0,0.0,0.0,0.0,0
right_kp0.0095_ki0.022_kd0_+300_r1,right,0.0095,0.022,0.0,0,stop,0.6075613920111209,246.0,0.0,0.0,0.0,0.0,0.0,0.0,0.0,0
right_kp0.0095_ki0.022_kd0_+300_r1,right,0.0095,0.022,0.0,0,stop,0.6740948630031198,0.0,0.0,0.0,0.0,0.0,0.0,0.0,0.0,0
right_kp0.0095_ki0.022_kd0_+300_r1,right,0.0095,0.022,0.0,0,stop,0.7407347480184399,0.0,0.0,0.0,0.0,0.0,0.0,0.0,0.0,0
right_kp0.0095_ki0.022_kd0_-300_r1,right,0.0095,0.022,0.0,-300.0,run,0.00015199201880022883,0.0,0.0,0.0,0.0,0.0,0.0,0.0,0.0,0
right_kp0.0095_ki0.022_kd0_-300_r1,right,0.0095,0.022,0.0,-300.0,run,0.06636025902116671,0.0,0.0,0.0,0.0,0.1,0.007,0.139,-0.251,0
right_kp0.0095_ki0.022_kd0_-300_r1,right,0.0095,0.022,0.0,-300.0,run,0.1325797900208272,0.0,-0.03,0.0,0.03,0.02,-0.016,-0.629,-0.291,0
right_kp0.0095_ki0.022_kd0_-300_r1,right,0.0095,0.022,0.0,-300.0,run,0.19867529202019796,0.0,-0.1,-0.01,-0.1,-0.06,-0.037,-1.588,-0.158,0
right_kp0.0095_ki0.022_kd0_-300_r1,right,0.0095,0.022,0.0,-300.0,run,0.2650229959981516,0.0,-0.17,0.0,0.17,0.04,-0.047,-2.022,-0.091,0
right_kp0.0095_ki0.022_kd0_-300_r1,right,0.0095,0.022,0.0,-300.0,run,0.33140489499783143,0.0,-0.23,0.01,0.23,0.02,-0.044,-1.904,-0.091,0
right_kp0.0095_ki0.022_kd0_-300_r1,right,0.0095,0.022,0.0,-300.0,run,0.39766184403561056,0.0,-0.22,0.0,0.22,0.06,-0.039,-1.674,-0.083,0
right_kp0.0095_ki0.022_kd0_-300_r1,right,0.0095,0.022,0.0,-300.0,run,0.4639869880047627,0.0,-0.26,0.03,0.26,0.02,-0.039,-1.679,-0.211,0
right_kp0.0095_ki0.022_kd0_-300_r1,right,0.0095,0.022,0.0,-300.0,run,0.5302627410273999,0.0,-0.26,0.0,0.26,0.04,-0.041,-1.727,-0.286,0
right_kp0.0095_ki0.022_kd0_-300_r1,right,0.0095,0.022,0.0,-300.0,run,0.596578677999787,0.0,-0.3,0.0,0.3,0.0,-0.042,-1.765,-0.305,0
right_kp0.0095_ki0.022_kd0_-300_r1,right,0.0095,0.022,0.0,-300.0,run,0.6628038710332476,0.0,-0.32,-0.01,-0.32,-0.1,-0.043,-1.794,-0.324,0
right_kp0.0095_ki0.022_kd0_-300_r1,right,0.0095,0.022,0.0,-300.0,run,0.7290864080423489,0.0,-0.34,0.0,0.34,0.02,-0.044,-1.853,-0.318,0
right_kp0.0095_ki0.022_kd0_-300_r1,right,0.0095,0.022,0.0,-300.0,run,0.7953893770463765,0.0,-0.32,0.01,0.32,0.06,-0.05,-2.108,-0.353,0
right_kp0.0095_ki0.022_kd0_-300_r1,right,0.0095,0.022,0.0,-300.0,run,0.8616711370414123,0.0,-0.32,-0.06,0.32,0.02,-0.062,-2.665,-0.032,0
right_kp0.0095_ki0.022_kd0_-300_r1,right,0.0095,0.022,0.0,-300.0,run,0.9278867700486444,-21.0,-0.43,0.04,0.43,0.06,-0.075,-3.171,-0.391,0
right_kp0.0095_ki0.022_kd0_-300_r1,right,0.0095,0.022,0.0,-300.0,run,0.9943741180468351,-251.0,-0.31,0.0,0.31,0.08,-0.088,-3.72,-0.656,0
right_kp0.0095_ki0.022_kd0_-300_r1,right,0.0095,0.022,0.0,-300.0,run,1.0609011380001903,-373.0,-0.23,-0.03,0.23,0.04,-0.088,-3.594,-1.087,0
right_kp0.0095_ki0.022_kd0_-300_r1,right,0.0095,0.022,0.0,-300.0,run,1.1272274010116234,-459.0,-0.23,-0.11,0.25,0.02,-0.082,-3.506,0.112,0
right_kp0.0095_ki0.022_kd0_-300_r1,right,0.0095,0.022,0.0,-300.0,run,1.1935129199991934,-408.0,-0.18,-0.03,0.19,0.08,-0.084,-3.61,-0.099,0
right_kp0.0095_ki0.022_kd0_-300_r1,right,0.0095,0.022,0.0,-300.0,run,1.2597399069927633,-399.0,-0.23,-0.06,-0.24,-0.02,-0.082,-3.501,0.136,0
right_kp0.0095_ki0.022_kd0_-300_r1,right,0.0095,0.022,0.0,-300.0,run,1.3260190900182351,-399.0,-0.19,0.06,0.2,0.06,-0.081,-3.477,0.024,0
right_kp0.0095_ki0.022_kd0_-300_r1,right,0.0095,0.022,0.0,-300.0,run,1.392246128001716,-398.0,-0.23,0.0,0.23,0.1,-0.081,-3.452,-0.056,0
right_kp0.0095_ki0.022_kd0_-300_r1,right,0.0095,0.022,0.0,-300.0,run,1.4588207839988172,-389.0,-0.19,0.0,0.19,0.04,-0.08,-3.423,0.2,0
right_kp0.0095_ki0.022_kd0_-300_r1,right,0.0095,0.022,0.0,-300.0,run,1.52508938399842,-384.0,-0.21,-0.03,0.21,0.1,-0.08,-3.412,-0.05,0
right_kp0.0095_ki0.022_kd0_-300_r1,right,0.0095,0.022,0.0,-300.0,run,1.5914084020187147,-382.0,-0.19,0.0,0.19,0.08,-0.078,-3.321,0.238,0
right_kp0.0095_ki0.022_kd0_-300_r1,right,0.0095,0.022,0.0,-300.0,run,1.6576870020362549,-356.0,-0.13,-0.01,0.13,0.14,-0.077,-3.316,-0.15,0
right_kp0.0095_ki0.022_kd0_-300_r1,right,0.0095,0.022,0.0,-300.0,run,1.7241306450450793,-344.0,-0.18,0.01,0.18,0.04,-0.075,-3.209,-0.053,0
right_kp0.0095_ki0.022_kd0_-300_r1,right,0.0095,0.022,0.0,-300.0,run,1.7904883250012062,-350.0,-0.19,-0.05,0.19,0.04,-0.074,-3.176,0.163,0
right_kp0.0095_ki0.022_kd0_-300_r1,right,0.0095,0.022,0.0,-300.0,run,1.856741250026971,-336.0,-0.15,0.03,0.15,0.06,-0.076,-3.241,-0.235,0
right_kp0.0095_ki0.022_kd0_-300_r1,right,0.0095,0.022,0.0,-300.0,run,1.9229864890221506,-331.0,-0.21,0.0,0.21,0.04,-0.072,-3.093,0.088,0
right_kp0.0095_ki0.022_kd0_-300_r1,right,0.0095,0.022,0.0,-300.0,run,1.9893332709907554,-322.0,-0.22,-0.02,0.22,0.04,-0.071,-3.056,0.093,0
right_kp0.0095_ki0.022_kd0_-300_r1,right,0.0095,0.022,0.0,-300.0,run,2.055699585995171,-315.0,-0.22,-0.06,0.23,0.08,-0.073,-3.139,-0.083,0
right_kp0.0095_ki0.022_kd0_-300_r1,right,0.0095,0.022,0.0,-300.0,run,2.1220102850347757,-314.0,-0.14,0.0,0.14,0.06,-0.072,-3.088,0.069,0
right_kp0.0095_ki0.022_kd0_-300_r1,right,0.0095,0.022,0.0,-300.0,run,2.1883212540415116,-311.0,-0.2,0.01,-0.2,-0.04,-0.07,-3.005,0.048,0
right_kp0.0095_ki0.022_kd0_-300_r1,right,0.0095,0.022,0.0,-300.0,run,2.25472573103616,-309.0,-0.22,-0.01,0.22,0.06,-0.072,-3.077,-0.064,0
right_kp0.0095_ki0.022_kd0_-300_r1,right,0.0095,0.022,0.0,-300.0,run,2.3210109639912844,-309.0,-0.16,-0.04,0.16,0.04,-0.073,-3.128,0.115,0
right_kp0.0095_ki0.022_kd0_-300_r1,right,0.0095,0.022,0.0,-300.0,run,2.38730826304527,-309.0,-0.15,0.05,0.15,0.06,-0.071,-3.045,-0.058,0
right_kp0.0095_ki0.022_kd0_-300_r1,right,0.0095,0.022,0.0,-300.0,run,2.4537255140021443,-310.0,-0.19,0.02,0.19,0.06,-0.072,-3.075,-0.104,0
right_kp0.0095_ki0.022_kd0_-300_r1,right,0.0095,0.022,0.0,-300.0,run,2.519985154038295,-317.0,-0.2,-0.04,0.21,0.06,-0.072,-3.08,0.19,0
right_kp0.0095_ki0.022_kd0_-300_r1,right,0.0095,0.022,0.0,-300.0,run,2.5863619340234436,-308.0,-0.12,0.03,0.13,0.06,-0.071,-3.035,-0.091,0
right_kp0.0095_ki0.022_kd0_-300_r1,right,0.0095,0.022,0.0,-300.0,run,2.6526950050028972,-299.0,-0.17,0.02,0.17,0.06,-0.07,-3.016,-0.144,0
right_kp0.0095_ki0.022_kd0_-300_r1,right,0.0095,0.022,0.0,-300.0,run,2.719053620006889,-296.0,-0.18,-0.05,0.19,0.04,-0.071,-3.035,0.184,0
right_kp0.0095_ki0.022_kd0_-300_r1,right,0.0095,0.022,0.0,-300.0,run,2.785415891034063,-293.0,-0.17,0.04,0.18,0.04,-0.068,-2.901,0.029,0
right_kp0.0095_ki0.022_kd0_-300_r1,right,0.0095,0.022,0.0,-300.0,run,2.8517148960381746,-281.0,-0.22,-0.02,0.22,0.04,-0.07,-2.986,-0.032,0
right_kp0.0095_ki0.022_kd0_-300_r1,right,0.0095,0.022,0.0,-300.0,run,2.917996931995731,-274.0,-0.21,0.02,0.21,0.06,-0.067,-2.855,0.155,0
right_kp0.0095_ki0.022_kd0_-300_r1,right,0.0095,0.022,0.0,-300.0,run,2.9843407360021956,-276.0,-0.21,0.0,0.21,0.08,-0.068,-2.927,0.056,0
right_kp0.0095_ki0.022_kd0_-300_r1,right,0.0095,0.022,0.0,0,stop,1.2299860827624798e-06,-270.0,-0.19,0.06,0.2,0.06,-0.071,-3.018,-0.243,0
right_kp0.0095_ki0.022_kd0_-300_r1,right,0.0095,0.022,0.0,0,stop,0.07635270501486957,-268.0,-0.22,-0.04,0.22,0.04,-0.063,-2.676,0.139,0
right_kp0.0095_ki0.022_kd0_-300_r1,right,0.0095,0.022,0.0,0,stop,0.1426197899854742,-259.0,-0.15,0.04,0.16,0.06,-0.05,-2.153,0.053,0
right_kp0.0095_ki0.022_kd0_-300_r1,right,0.0095,0.022,0.0,0,stop,0.20898160198703408,-259.0,0.0,0.0,0.0,0.0,0.0,0.0,0.0,0
right_kp0.0095_ki0.022_kd0_-300_r1,right,0.0095,0.022,0.0,0,stop,0.2752416409784928,-259.0,0.0,0.0,0.0,0.0,0.0,0.0,0.0,0
right_kp0.0095_ki0.022_kd0_-300_r1,right,0.0095,0.022,0.0,0,stop,0.3415298649924807,-259.0,0.0,0.0,0.0,0.0,0.0,0.0,0.0,0
right_kp0.0095_ki0.022_kd0_-300_r1,right,0.0095,0.022,0.0,0,stop,0.40785284800222144,-259.0,0.0,0.0,0.0,0.0,0.0,0.0,0.0,0
right_kp0.0095_ki0.022_kd0_-300_r1,right,0.0095,0.022,0.0,0,stop,0.47413701203186065,-259.0,0.0,0.0,0.0,0.0,0.0,0.0,0.0,0
right_kp0.0095_ki0.022_kd0_-300_r1,right,0.0095,0.022,0.0,0,stop,0.5406963769928552,-259.0,0.0,0.0,0.0,0.0,0.0,0.0,0.0,0
right_kp0.0095_ki0.022_kd0_-300_r1,right,0.0095,0.022,0.0,0,stop,0.6072694860049523,-259.0,0.0,0.0,0.0,0.0,0.0,0.0,0.0,0
right_kp0.0095_ki0.022_kd0_-300_r1,right,0.0095,0.022,0.0,0,stop,0.6735617300146259,0.0,0.0,0.0,0.0,0.0,0.0,0.0,0.0,0
right_kp0.0095_ki0.022_kd0_-300_r1,right,0.0095,0.022,0.0,0,stop,0.7398608649964444,0.0,0.0,0.0,0.0,0.0,0.0,0.0,0.0,0
right_kp0.0095_ki0.022_kd0_+300_r2,right,0.0095,0.022,0.0,300.0,run,0.0001625079894438386,0.0,0.0,0.0,0.0,0.0,0.0,0.0,0.0,0
right_kp0.0095_ki0.022_kd0_+300_r2,right,0.0095,0.022,0.0,300.0,run,0.06638223998015746,0.0,0.0,0.01,0.01,0.04,0.005,0.101,-0.206,0
right_kp0.0095_ki0.022_kd0_+300_r2,right,0.0095,0.022,0.0,300.0,run,0.13289896299829707,0.0,0.03,0.03,0.04,0.04,0.026,0.988,-0.487,0
right_kp0.0095_ki0.022_kd0_+300_r2,right,0.0095,0.022,0.0,300.0,run,0.19912230997579172,0.0,0.13,0.0,0.13,0.02,0.039,1.604,-0.519,0
right_kp0.0095_ki0.022_kd0_+300_r2,right,0.0095,0.022,0.0,300.0,run,0.2655166889890097,0.0,0.18,0.01,0.18,0.06,0.045,1.797,-0.664,0
right_kp0.0095_ki0.022_kd0_+300_r2,right,0.0095,0.022,0.0,300.0,run,0.3318745289579965,0.0,0.21,-0.02,0.21,0.06,0.04,1.73,0.056,0
right_kp0.0095_ki0.022_kd0_+300_r2,right,0.0095,0.022,0.0,300.0,run,0.398179703974165,0.0,0.22,0.0,0.22,0.0,0.041,1.754,0.163,0
right_kp0.0095_ki0.022_kd0_+300_r2,right,0.0095,0.022,0.0,300.0,run,0.4645381399895996,0.0,0.26,0.0,-0.26,-0.02,0.042,1.808,0.19,0
right_kp0.0095_ki0.022_kd0_+300_r2,right,0.0095,0.022,0.0,300.0,run,0.5307896310114302,0.0,0.27,0.01,0.27,0.04,0.044,1.893,0.19,0
right_kp0.0095_ki0.022_kd0_+300_r2,right,0.0095,0.022,0.0,300.0,run,0.5974249789724126,0.0,0.28,0.01,0.28,0.04,0.046,1.966,0.195,0
right_kp0.0095_ki0.022_kd0_+300_r2,right,0.0095,0.022,0.0,300.0,run,0.6637246359605342,0.0,0.28,0.03,0.28,0.04,0.053,2.26,0.061,0
right_kp0.0095_ki0.022_kd0_+300_r2,right,0.0095,0.022,0.0,300.0,run,0.730043533956632,0.0,0.38,0.09,0.39,0.08,0.066,2.828,-0.216,0
right_kp0.0095_ki0.022_kd0_+300_r2,right,0.0095,0.022,0.0,300.0,run,0.7963516970048659,22.0,0.31,0.06,0.31,0.06,0.08,3.383,-0.546,0
right_kp0.0095_ki0.022_kd0_+300_r2,right,0.0095,0.022,0.0,300.0,run,0.8626975439838134,332.0,0.22,-0.02,0.22,0.08,0.085,3.554,-0.766,0
right_kp0.0095_ki0.022_kd0_+300_r2,right,0.0095,0.022,0.0,300.0,run,0.9289733819896355,437.0,0.17,-0.03,-0.18,-0.04,0.08,3.286,-0.95,0
right_kp0.0095_ki0.022_kd0_+300_r2,right,0.0095,0.022,0.0,300.0,run,0.9953326489776373,399.0,0.24,0.01,0.24,0.04,0.075,3.152,-0.567,0
right_kp0.0095_ki0.022_kd0_+300_r2,right,0.0095,0.022,0.0,300.0,run,1.0616143330116756,353.0,0.23,0.04,0.23,0.06,0.068,2.855,-0.672,0
right_kp0.0095_ki0.022_kd0_+300_r2,right,0.0095,0.022,0.0,300.0,run,1.127905330969952,326.0,0.19,-0.1,0.22,0.0,0.07,2.965,-0.433,0
right_kp0.0095_ki0.022_kd0_+300_r2,right,0.0095,0.022,0.0,300.0,run,1.194259677955415,298.0,0.19,0.06,0.2,0.06,0.07,2.96,-0.562,0
right_kp0.0095_ki0.022_kd0_+300_r2,right,0.0095,0.022,0.0,300.0,run,1.2605809049564414,291.0,0.28,0.01,0.28,0.06,0.067,2.823,-0.546,0
right_kp0.0095_ki0.022_kd0_+300_r2,right,0.0095,0.022,0.0,300.0,run,1.3269473089603707,292.0,0.2,0.01,0.2,0.06,0.07,2.951,-0.586,0
right_kp0.0095_ki0.022_kd0_+300_r2,right,0.0095,0.022,0.0,300.0,run,1.393255851988215,289.0,0.28,0.02,-0.28,-0.02,0.07,2.954,-0.487,0
right_kp0.0095_ki0.022_kd0_+300_r2,right,0.0095,0.022,0.0,300.0,run,1.4597483439720236,295.0,0.27,0.02,-0.27,-0.04,0.069,2.887,-0.565,0
right_kp0.0095_ki0.022_kd0_+300_r2,right,0.0095,0.022,0.0,300.0,run,1.5261848119553179,299.0,0.18,0.02,0.18,0.04,0.071,2.965,-0.6,0
right_kp0.0095_ki0.022_kd0_+300_r2,right,0.0095,0.022,0.0,300.0,run,1.5924903829582036,290.0,0.23,0.0,0.23,0.06,0.071,2.994,-0.455,0
right_kp0.0095_ki0.022_kd0_+300_r2,right,0.0095,0.022,0.0,300.0,run,1.658818338997662,295.0,0.21,-0.02,0.21,0.06,0.07,2.968,-0.549,0
right_kp0.0095_ki0.022_kd0_+300_r2,right,0.0095,0.022,0.0,300.0,run,1.7251331220031716,298.0,0.19,-0.01,0.19,0.08,0.07,2.943,-0.573,0
right_kp0.0095_ki0.022_kd0_+300_r2,right,0.0095,0.022,0.0,300.0,run,1.791535361960996,288.0,0.2,0.03,0.21,0.08,0.071,3.008,-0.463,0
right_kp0.0095_ki0.022_kd0_+300_r2,right,0.0095,0.022,0.0,300.0,run,1.8577972289640456,291.0,0.24,-0.03,-0.25,-0.04,0.07,2.943,-0.586,0
right_kp0.0095_ki0.022_kd0_+300_r2,right,0.0095,0.022,0.0,300.0,run,1.9240766629809514,298.0,0.2,0.01,0.2,0.04,0.07,2.927,-0.583,0
right_kp0.0095_ki0.022_kd0_+300_r2,right,0.0095,0.022,0.0,300.0,run,1.990320804005023,292.0,0.22,0.0,0.22,0.06,0.072,3.043,-0.393,0
right_kp0.0095_ki0.022_kd0_+300_r2,right,0.0095,0.022,0.0,300.0,run,2.056743712979369,297.0,0.19,-0.05,0.2,0.08,0.071,2.986,-0.6,0
right_kp0.0095_ki0.022_kd0_+300_r2,right,0.0095,0.022,0.0,300.0,run,2.1230980120017193,296.0,0.25,-0.03,0.25,0.06,0.069,2.911,-0.602,0
right_kp0.0095_ki0.022_kd0_+300_r2,right,0.0095,0.022,0.0,300.0,run,2.1892703509656712,288.0,0.25,-0.01,0.25,0.08,0.07,2.986,-0.417,0
right_kp0.0095_ki0.022_kd0_+300_r2,right,0.0095,0.022,0.0,300.0,run,2.2556037139729597,293.0,0.13,0.01,0.13,0.06,0.07,2.93,-0.696,0
right_kp0.0095_ki0.022_kd0_+300_r2,right,0.0095,0.022,0.0,300.0,run,2.321938281005714,292.0,0.17,-0.04,0.18,0.06,0.071,2.943,-0.691,0
right_kp0.0095_ki0.022_kd0_+300_r2,right,0.0095,0.022,0.0,300.0,run,2.3883132669725455,285.0,0.2,-0.04,0.2,0.06,0.072,3.061,-0.436,0
right_kp0.0095_ki0.022_kd0_+300_r2,right,0.0095,0.022,0.0,300.0,run,2.454854328010697,289.0,0.27,0.05,-0.28,-0.04,0.066,2.767,-0.632,0
right_kp0.0095_ki0.022_kd0_+300_r2,right,0.0095,0.022,0.0,300.0,run,2.5211284409742802,295.0,0.21,0.05,-0.22,-0.04,0.07,2.887,-0.731,0
right_kp0.0095_ki0.022_kd0_+300_r2,right,0.0095,0.022,0.0,300.0,run,2.5874009910039604,290.0,0.21,0.06,0.21,0.06,0.072,3.026,-0.535,0
right_kp0.0095_ki0.022_kd0_+300_r2,right,0.0095,0.022,0.0,300.0,run,2.653789142961614,294.0,0.28,0.02,0.28,0.06,0.066,2.78,-0.559,0
right_kp0.0095_ki0.022_kd0_+300_r2,right,0.0095,0.022,0.0,300.0,run,2.7200982329668477,297.0,0.25,0.0,0.25,0.04,0.069,2.866,-0.672,0
right_kp0.0095_ki0.022_kd0_+300_r2,right,0.0095,0.022,0.0,300.0,run,2.786354643001687,294.0,0.23,0.03,0.23,0.06,0.071,2.994,-0.431,0
right_kp0.0095_ki0.022_kd0_+300_r2,right,0.0095,0.022,0.0,300.0,run,2.8526888819760643,285.0,0.28,0.0,-0.28,-0.04,0.069,2.903,-0.468,0
right_kp0.0095_ki0.022_kd0_+300_r2,right,0.0095,0.022,0.0,300.0,run,2.919088363996707,285.0,0.22,-0.03,0.22,0.06,0.068,2.858,-0.642,0
right_kp0.0095_ki0.022_kd0_+300_r2,right,0.0095,0.022,0.0,300.0,run,2.985346228000708,281.0,0.23,-0.01,0.23,0.04,0.068,2.885,-0.353,0
right_kp0.0095_ki0.022_kd0_+300_r2,right,0.0095,0.022,0.0,0,stop,1.2399978004395962e-06,273.0,0.24,-0.07,-0.25,-0.06,0.07,2.938,-0.522,0
right_kp0.0095_ki0.022_kd0_+300_r2,right,0.0095,0.022,0.0,0,stop,0.07637067598989233,273.0,0.14,0.0,0.14,0.06,0.064,2.676,-0.616,0
right_kp0.0095_ki0.022_kd0_+300_r2,right,0.0095,0.022,0.0,0,stop,0.14272827503737062,273.0,0.16,0.0,0.16,0.06,0.054,2.266,-0.415,0
right_kp0.0095_ki0.022_kd0_+300_r2,right,0.0095,0.022,0.0,0,stop,0.2090565719990991,239.0,0.0,0.0,0.0,0.0,0.0,0.0,0.0,0
right_kp0.0095_ki0.022_kd0_+300_r2,right,0.0095,0.022,0.0,0,stop,0.2754541100002825,239.0,0.0,0.0,0.0,0.0,0.0,0.0,0.0,0
right_kp0.0095_ki0.022_kd0_+300_r2,right,0.0095,0.022,0.0,0,stop,0.34179266600403935,239.0,0.0,0.0,0.0,0.0,0.0,0.0,0.0,0
right_kp0.0095_ki0.022_kd0_+300_r2,right,0.0095,0.022,0.0,0,stop,0.4081823310116306,239.0,0.0,0.0,0.0,0.0,0.0,0.0,0.0,0
right_kp0.0095_ki0.022_kd0_+300_r2,right,0.0095,0.022,0.0,0,stop,0.4744907370186411,239.0,0.0,0.0,0.0,0.0,0.0,0.0,0.0,0
right_kp0.0095_ki0.022_kd0_+300_r2,right,0.0095,0.022,0.0,0,stop,0.5408986409893259,239.0,0.0,0.0,0.0,0.0,0.0,0.0,0.0,0
right_kp0.0095_ki0.022_kd0_+300_r2,right,0.0095,0.022,0.0,0,stop,0.6072614470031112,239.0,0.0,0.0,0.0,0.0,0.0,0.0,0.0,0
right_kp0.0095_ki0.022_kd0_+300_r2,right,0.0095,0.022,0.0,0,stop,0.6735574959893711,0.0,0.0,0.0,0.0,0.0,0.0,0.0,0.0,0
right_kp0.0095_ki0.022_kd0_+300_r2,right,0.0095,0.022,0.0,0,stop,0.7398945650202222,0.0,0.0,0.0,0.0,0.0,0.0,0.0,0.0,0
right_kp0.0095_ki0.022_kd0_-300_r2,right,0.0095,0.022,0.0,-300.0,run,0.00014468503650277853,0.0,0.0,0.0,0.0,0.0,0.0,0.0,0.0,0
right_kp0.0095_ki0.022_kd0_-300_r2,right,0.0095,0.022,0.0,-300.0,run,0.06641333503648639,0.0,0.01,0.01,0.01,0.04,-0.011,-0.412,-0.216,0
right_kp0.0095_ki0.022_kd0_-300_r2,right,0.0095,0.022,0.0,-300.0,run,0.13277655199635774,0.0,-0.05,-0.01,0.05,0.04,-0.027,-1.143,-0.096,0
right_kp0.0095_ki0.022_kd0_-300_r2,right,0.0095,0.022,0.0,-300.0,run,0.19886802905239165,0.0,-0.15,-0.02,-0.15,-0.04,-0.038,-1.626,0.147,0
right_kp0.0095_ki0.022_kd0_-300_r2,right,0.0095,0.022,0.0,-300.0,run,0.26564908801810816,0.0,-0.18,0.0,0.18,0.06,-0.039,-1.65,0.281,0
right_kp0.0095_ki0.022_kd0_-300_r2,right,0.0095,0.022,0.0,-300.0,run,0.33209917205385864,0.0,-0.21,-0.01,0.21,0.06,-0.04,-1.674,0.316,0
right_kp0.0095_ki0.022_kd0_-300_r2,right,0.0095,0.022,0.0,-300.0,run,0.39836763800121844,0.0,-0.23,0.0,0.23,0.1,-0.041,-1.719,0.316,0
right_kp0.0095_ki0.022_kd0_-300_r2,right,0.0095,0.022,0.0,-300.0,run,0.4646817530156113,0.0,-0.26,-0.01,0.26,0.06,-0.042,-1.749,0.326,0
right_kp0.0095_ki0.022_kd0_-300_r2,right,0.0095,0.022,0.0,-300.0,run,0.5309583020280115,0.0,-0.23,-0.02,0.23,0.06,-0.044,-1.888,0.2,0
right_kp0.0095_ki0.022_kd0_-300_r2,right,0.0095,0.022,0.0,-300.0,run,0.59728448104579,0.0,-0.25,0.0,0.25,0.04,-0.052,-2.207,0.372,0
right_kp0.0095_ki0.022_kd0_-300_r2,right,0.0095,0.022,0.0,-300.0,run,0.6636579290498048,0.0,-0.29,-0.04,-0.3,-0.04,-0.062,-2.649,-0.042,0
right_kp0.0095_ki0.022_kd0_-300_r2,right,0.0095,0.022,0.0,-300.0,run,0.7299413120490499,0.0,-0.27,0.04,0.28,0.02,-0.072,-3.072,-0.216,0
right_kp0.0095_ki0.022_kd0_-300_r2,right,0.0095,0.022,0.0,-300.0,run,0.7961873110034503,-259.0,-0.35,0.01,0.35,0.08,-0.077,-3.289,-0.337,0
right_kp0.0095_ki0.022_kd0_-300_r2,right,0.0095,0.022,0.0,-300.0,run,0.86252595303813,-360.0,-0.17,-0.01,0.17,0.06,-0.075,-3.099,-0.817,0
right_kp0.0095_ki0.022_kd0_-300_r2,right,0.0095,0.022,0.0,-300.0,run,0.9287791520473547,-348.0,-0.16,-0.04,0.16,0.08,-0.071,-3.032,-0.318,0
right_kp0.0095_ki0.022_kd0_-300_r2,right,0.0095,0.022,0.0,-300.0,run,0.9949979220400564,-310.0,-0.21,-0.04,0.22,0.02,-0.068,-2.885,-0.364,0
right_kp0.0095_ki0.022_kd0_-300_r2,right,0.0095,0.022,0.0,-300.0,run,1.061586324009113,-287.0,-0.2,0.06,0.21,0.08,-0.066,-2.775,-0.567,0
right_kp0.0095_ki0.022_kd0_-300_r2,right,0.0095,0.022,0.0,-300.0,run,1.1278655560454354,-277.0,-0.23,0.03,0.23,0.02,-0.067,-2.855,-0.417,0
right_kp0.0095_ki0.022_kd0_-300_r2,right,0.0095,0.022,0.0,-300.0,run,1.1941233050310984,-267.0,-0.26,0.03,0.27,0.04,-0.069,-2.954,-0.291,0
right_kp0.0095_ki0.022_kd0_-300_r2,right,0.0095,0.022,0.0,-300.0,run,1.2607129440293647,-274.0,-0.23,-0.02,0.23,0.06,-0.07,-2.965,-0.466,0
right_kp0.0095_ki0.022_kd0_-300_r2,right,0.0095,0.022,0.0,-300.0,run,1.3270021560019813,-293.0,-0.17,0.0,0.17,0.08,-0.07,-2.96,-0.541,0
right_kp0.0095_ki0.022_kd0_-300_r2,right,0.0095,0.022,0.0,-300.0,run,1.3933289240230806,-294.0,-0.25,0.02,0.25,0.06,-0.073,-3.115,-0.308,0
right_kp0.0095_ki0.022_kd0_-300_r2,right,0.0095,0.022,0.0,-300.0,run,1.4598313370370306,-303.0,-0.22,-0.01,0.22,0.06,-0.072,-3.01,-0.592,0
right_kp0.0095_ki0.022_kd0_-300_r2,right,0.0095,0.022,0.0,-300.0,run,1.5261016250005923,-318.0,-0.19,0.0,0.19,0.02,-0.072,-3.032,-0.53,0
right_kp0.0095_ki0.022_kd0_-300_r2,right,0.0095,0.022,0.0,-300.0,run,1.5923945140093565,-307.0,-0.26,0.05,0.26,0.06,-0.071,-3.0,-0.447,0
right_kp0.0095_ki0.022_kd0_-300_r2,right,0.0095,0.022,0.0,-300.0,run,1.658911386039108,-325.0,-0.21,0.04,0.22,0.08,-0.07,-2.925,-0.65,0
right_kp0.0095_ki0.022_kd0_-300_r2,right,0.0095,0.022,0.0,-300.0,run,1.725332766014617,-310.0,-0.2,-0.05,0.2,0.08,-0.072,-3.04,-0.53,0
right_kp0.0095_ki0.022_kd0_-300_r2,right,0.0095,0.022,0.0,-300.0,run,1.7915518960217014,-301.0,-0.18,0.05,0.19,0.08,-0.071,-2.978,-0.562,0
right_kp0.0095_ki0.022_kd0_-300_r2,right,0.0095,0.022,0.0,-300.0,run,1.8580485450220294,-319.0,-0.17,0.03,0.17,0.08,-0.07,-2.911,-0.709,0
right_kp0.0095_ki0.022_kd0_-300_r2,right,0.0095,0.022,0.0,-300.0,run,1.9244135090266354,-306.0,-0.22,-0.07,0.23,0.08,-0.071,-3.008,-0.404,0
right_kp0.0095_ki0.022_kd0_-300_r2,right,0.0095,0.022,0.0,-300.0,run,1.990723674010951,-296.0,-0.17,0.01,0.17,0.04,-0.071,-2.986,-0.575,0
right_kp0.0095_ki0.022_kd0_-300_r2,right,0.0095,0.022,0.0,-300.0,run,2.057426771032624,-308.0,-0.18,0.01,0.18,0.06,-0.069,-2.874,-0.723,0
right_kp0.0095_ki0.022_kd0_-300_r2,right,0.0095,0.022,0.0,-300.0,run,2.123756635002792,-300.0,-0.22,-0.06,0.23,0.08,-0.07,-2.992,-0.415,0
right_kp0.0095_ki0.022_kd0_-300_r2,right,0.0095,0.022,0.0,-300.0,run,2.189989698003046,-295.0,-0.17,-0.01,0.17,0.06,-0.071,-2.997,-0.565,0
right_kp0.0095_ki0.022_kd0_-300_r2,right,0.0095,0.022,0.0,-300.0,run,2.2565434930147603,-311.0,-0.16,-0.02,0.16,0.06,-0.07,-2.909,-0.693,0
right_kp0.0095_ki0.022_kd0_-300_r2,right,0.0095,0.022,0.0,-300.0,run,2.322852111014072,-301.0,-0.22,-0.05,0.23,0.08,-0.071,-3.013,-0.407,0
right_kp0.0095_ki0.022_kd0_-300_r2,right,0.0095,0.022,0.0,-300.0,run,2.3891112100100145,-297.0,-0.18,-0.04,0.19,0.08,-0.071,-2.997,-0.538,0
right_kp0.0095_ki0.022_kd0_-300_r2,right,0.0095,0.022,0.0,-300.0,run,2.455780799034983,-312.0,-0.18,-0.04,0.18,0.08,-0.069,-2.895,-0.677,0
right_kp0.0095_ki0.022_kd0_-300_r2,right,0.0095,0.022,0.0,-300.0,run,2.5220600070315413,-302.0,-0.21,-0.03,0.21,0.08,-0.07,-2.994,-0.38,0
right_kp0.0095_ki0.022_kd0_-300_r2,right,0.0095,0.022,0.0,-300.0,run,2.5883270199992694,-295.0,-0.21,-0.06,-0.22,-0.04,-0.07,-2.973,-0.525,0
right_kp0.0095_ki0.022_kd0_-300_r2,right,0.0095,0.022,0.0,-300.0,run,2.6548020479967818,-305.0,-0.18,-0.04,0.19,0.04,-0.069,-2.879,-0.699,0
right_kp0.0095_ki0.022_kd0_-300_r2,right,0.0095,0.022,0.0,-300.0,run,2.721259174053557,-293.0,-0.22,-0.06,0.23,0.08,-0.069,-2.946,-0.385,0
right_kp0.0095_ki0.022_kd0_-300_r2,right,0.0095,0.022,0.0,-300.0,run,2.787599178031087,-288.0,-0.17,-0.01,0.17,0.08,-0.069,-2.933,-0.49,0
right_kp0.0095_ki0.022_kd0_-300_r2,right,0.0095,0.022,0.0,-300.0,run,2.854121250042226,-293.0,-0.22,0.05,0.23,0.08,-0.066,-2.777,-0.605,0
right_kp0.0095_ki0.022_kd0_-300_r2,right,0.0095,0.022,0.0,-300.0,run,2.9204401470487937,-276.0,-0.22,0.03,0.22,0.06,-0.068,-2.871,-0.479,0
right_kp0.0095_ki0.022_kd0_-300_r2,right,0.0095,0.022,0.0,-300.0,run,2.986757219012361,-276.0,-0.27,0.03,0.27,0.04,-0.069,-2.927,-0.369,0
right_kp0.0095_ki0.022_kd0_-300_r2,right,0.0095,0.022,0.0,0,stop,1.3199751265347004e-06,-271.0,-0.23,-0.01,0.23,0.02,-0.068,-2.866,-0.474,0
right_kp0.0095_ki0.022_kd0_-300_r2,right,0.0095,0.022,0.0,0,stop,0.07644392701331526,-284.0,-0.19,-0.01,0.19,0.04,-0.061,-2.606,-0.302,0
right_kp0.0095_ki0.022_kd0_-300_r2,right,0.0095,0.022,0.0,0,stop,0.1427217290038243,-261.0,-0.15,0.02,0.15,0.04,-0.054,-2.306,-0.198,0
right_kp0.0095_ki0.022_kd0_-300_r2,right,0.0095,0.022,0.0,0,stop,0.20909131196094677,-232.0,0.0,0.0,0.0,0.0,0.0,0.0,0.0,0
right_kp0.0095_ki0.022_kd0_-300_r2,right,0.0095,0.022,0.0,0,stop,0.2756876689963974,-232.0,0.0,0.0,0.0,0.0,0.0,0.0,0.0,0
right_kp0.0095_ki0.022_kd0_-300_r2,right,0.0095,0.022,0.0,0,stop,0.3420265960157849,-232.0,0.0,0.0,0.0,0.0,0.0,0.0,0.0,0
right_kp0.0095_ki0.022_kd0_-300_r2,right,0.0095,0.022,0.0,0,stop,0.40842606901424006,-232.0,0.0,0.0,0.0,0.0,0.0,0.0,0.0,0
right_kp0.0095_ki0.022_kd0_-300_r2,right,0.0095,0.022,0.0,0,stop,0.47472159896278754,-232.0,0.0,0.0,0.0,0.0,0.0,0.0,0.0,0
right_kp0.0095_ki0.022_kd0_-300_r2,right,0.0095,0.022,0.0,0,stop,0.5410879019764252,-232.0,0.0,0.0,0.0,0.0,0.0,0.0,0.0,0
right_kp0.0095_ki0.022_kd0_-300_r2,right,0.0095,0.022,0.0,0,stop,0.6074168559862301,-232.0,0.0,0.0,0.0,0.0,0.0,0.0,0.0,0
right_kp0.0095_ki0.022_kd0_-300_r2,right,0.0095,0.022,0.0,0,stop,0.6737569940160029,0.0,0.0,0.0,0.0,0.0,0.0,0.0,0.0,0
right_kp0.0095_ki0.022_kd0_-300_r2,right,0.0095,0.022,0.0,0,stop,0.7400773739791475,0.0,0.0,0.0,0.0,0.0,0.0,0.0,0.0,0
