case,motor,kp,ki,kd,target,phase,t,erpm,iq,id,imotor,iin,duty,vq,vd,fault
left_kp0.009_ki0.021_kd0_+300,left,0.009,0.021,0.0,300.0,run,0.0001574010238982737,0.0,0.0,0.0,0.0,0.0,0.0,0.0,0.0,0
left_kp0.009_ki0.021_kd0_+300,left,0.009,0.021,0.0,300.0,run,0.06645376601954922,0.0,0.01,0.0,0.01,0.02,0.009,0.37,0.155,0
left_kp0.009_ki0.021_kd0_+300,left,0.009,0.021,0.0,300.0,run,0.1327117090113461,0.0,0.02,0.01,0.03,0.02,0.025,1.049,0.101,0
left_kp0.009_ki0.021_kd0_+300,left,0.009,0.021,0.0,300.0,run,0.19898377498611808,0.0,0.13,0.0,0.13,0.04,0.037,1.594,0.013,0
left_kp0.009_ki0.021_kd0_+300,left,0.009,0.021,0.0,300.0,run,0.26548592699691653,0.0,0.18,0.0,0.18,0.02,0.04,1.709,0.016,0
left_kp0.009_ki0.021_kd0_+300,left,0.009,0.021,0.0,300.0,run,0.3317938019754365,0.0,0.2,-0.01,0.2,0.02,0.041,1.741,0.077,0
left_kp0.009_ki0.021_kd0_+300,left,0.009,0.021,0.0,300.0,run,0.3981467030243948,0.0,0.24,0.0,0.24,0.06,0.042,1.798,0.107,0
left_kp0.009_ki0.021_kd0_+300,left,0.009,0.021,0.0,300.0,run,0.4644833679776639,0.0,0.24,-0.01,0.24,0.06,0.044,1.867,0.155,0
left_kp0.009_ki0.021_kd0_+300,left,0.009,0.021,0.0,300.0,run,0.5307665470172651,0.0,0.27,0.0,0.27,0.02,0.046,1.948,0.174,0
left_kp0.009_ki0.021_kd0_+300,left,0.009,0.021,0.0,300.0,run,0.5968315590289421,0.0,0.28,-0.06,0.29,0.06,0.051,2.177,0.115,0
left_kp0.009_ki0.021_kd0_+300,left,0.009,0.021,0.0,300.0,run,0.663125952007249,0.0,0.28,0.06,0.29,0.06,0.063,2.681,0.104,0
left_kp0.009_ki0.021_kd0_+300,left,0.009,0.021,0.0,300.0,run,0.7293830609996803,0.0,0.22,0.03,0.22,0.1,0.084,3.564,-0.466,0
left_kp0.009_ki0.021_kd0_+300,left,0.009,0.021,0.0,300.0,run,0.7956833650241606,411.0,0.21,0.01,0.21,0.06,0.08,3.304,-0.973,0
left_kp0.009_ki0.021_kd0_+300,left,0.009,0.021,0.0,300.0,run,0.8618635300081223,430.0,0.12,-0.09,0.15,0.04,0.075,3.167,-0.549,0
left_kp0.009_ki0.021_kd0_+300,left,0.009,0.021,0.0,300.0,run,0.9281595019856468,374.0,0.18,0.01,0.18,0.06,0.07,2.968,-0.421,0
left_kp0.009_ki0.021_kd0_+300,left,0.009,0.021,0.0,300.0,run,0.9944943470181897,324.0,0.17,-0.03,0.17,0.04,0.066,2.794,-0.38,0
left_kp0.009_ki0.021_kd0_+300,left,0.009,0.021,0.0,300.0,run,1.060858282027766,272.0,0.23,-0.01,0.23,0.04,0.064,2.732,-0.388,0
left_kp0.009_ki0.021_kd0_+300,left,0.009,0.021,0.0,300.0,run,1.127194689004682,252.0,0.22,0.05,0.22,0.06,0.067,2.837,-0.418,0
left_kp0.009_ki0.021_kd0_+300,left,0.009,0.021,0.0,300.0,run,1.1935620970325544,253.0,0.21,0.0,0.21,0.04,0.067,2.842,-0.402,0
left_kp0.009_ki0.021_kd0_+300,left,0.009,0.021,0.0,300.0,run,1.2598726690048352,267.0,0.22,0.0,0.22,0.06,0.068,2.883,-0.356,0
left_kp0.009_ki0.021_kd0_+300,left,0.009,0.021,0.0,0,stop,1.5730038285255432e-06,272.0,0.19,0.0,0.19,0.0,0.07,2.984,-0.351,0
left_kp0.009_ki0.021_kd0_+300,left,0.009,0.021,0.0,0,stop,0.07641596801113337,284.0,0.19,-0.02,0.19,0.06,0.064,2.73,-0.431,0
left_kp0.009_ki0.021_kd0_+300,left,0.009,0.021,0.0,0,stop,0.14279931201599538,263.0,0.09,0.04,0.1,0.04,0.054,2.303,-0.383,0
left_kp0.009_ki0.021_kd0_+300,left,0.009,0.021,0.0,0,stop,0.20914387702941895,263.0,0.0,0.0,0.0,0.0,0.0,0.0,0.0,0
left_kp0.009_ki0.021_kd0_+300,left,0.009,0.021,0.0,0,stop,0.27543595200404525,263.0,0.0,0.0,0.0,0.0,0.0,0.0,0.0,0
left_kp0.009_ki0.021_kd0_+300,left,0.009,0.021,0.0,0,stop,0.34169985103653744,263.0,0.0,0.0,0.0,0.0,0.0,0.0,0.0,0
left_kp0.009_ki0.021_kd0_+300,left,0.009,0.021,0.0,0,stop,0.4081560240010731,263.0,0.0,0.0,0.0,0.0,0.0,0.0,0.0,0
left_kp0.009_ki0.021_kd0_+300,left,0.009,0.021,0.0,0,stop,0.47447653900599107,263.0,0.0,0.0,0.0,0.0,0.0,0.0,0.0,0
left_kp0.009_ki0.021_kd0_+300,left,0.009,0.021,0.0,0,stop,0.5408065000083297,263.0,0.0,0.0,0.0,0.0,0.0,0.0,0.0,0
left_kp0.009_ki0.021_kd0_+300,left,0.009,0.021,0.0,0,stop,0.607179195038043,263.0,0.0,0.0,0.0,0.0,0.0,0.0,0.0,0
left_kp0.009_ki0.021_kd0_+300,left,0.009,0.021,0.0,0,stop,0.6735070320428349,0.0,0.0,0.0,0.0,0.0,0.0,0.0,0.0,0
left_kp0.009_ki0.021_kd0_-300,left,0.009,0.021,0.0,-300.0,run,9.173800935968757e-05,0.0,0.0,0.0,0.0,0.0,0.0,0.0,0.0,0
left_kp0.009_ki0.021_kd0_-300,left,0.009,0.021,0.0,-300.0,run,0.06613888399442658,0.0,0.0,0.01,0.01,0.0,-0.004,-0.171,-0.069,0
left_kp0.009_ki0.021_kd0_-300,left,0.009,0.021,0.0,-300.0,run,0.1324309260235168,0.0,-0.03,0.0,0.03,0.06,-0.025,-1.053,-0.187,0
left_kp0.009_ki0.021_kd0_-300,left,0.009,0.021,0.0,-300.0,run,0.19875958398915827,0.0,-0.13,-0.01,0.13,0.04,-0.04,-1.697,-0.107,0
left_kp0.009_ki0.021_kd0_-300,left,0.009,0.021,0.0,-300.0,run,0.26505512901348993,0.0,-0.19,0.0,0.19,0.0,-0.038,-1.643,-0.131,0
left_kp0.009_ki0.021_kd0_-300,left,0.009,0.021,0.0,-300.0,run,0.33134791802149266,0.0,-0.17,0.0,0.17,0.04,-0.041,-1.745,-0.123,0
left_kp0.009_ki0.021_kd0_-300,left,0.009,0.021,0.0,-300.0,run,0.3977027689688839,0.0,-0.21,0.0,0.21,0.02,-0.042,-1.802,-0.107,0
left_kp0.009_ki0.021_kd0_-300,left,0.009,0.021,0.0,-300.0,run,0.46414873498724774,0.0,-0.25,0.0,0.25,0.08,-0.044,-1.896,-0.059,0
left_kp0.009_ki0.021_kd0_-300,left,0.009,0.021,0.0,-300.0,run,0.5303980919998139,0.0,-0.25,0.01,0.25,0.04,-0.05,-2.158,-0.085,0
left_kp0.009_ki0.021_kd0_-300,left,0.009,0.021,0.0,-300.0,run,0.5967210190137848,0.0,-0.21,-0.05,0.22,0.0,-0.062,-2.663,-0.195,0
left_kp0.009_ki0.021_kd0_-300,left,0.009,0.021,0.0,-300.0,run,0.6630332180066034,0.0,-0.29,0.05,0.3,0.0,-0.075,-3.215,-0.313,0
left_kp0.009_ki0.021_kd0_-300,left,0.009,0.021,0.0,-300.0,run,0.7293410670245066,-296.0,-0.25,0.08,0.26,0.2,-0.074,-3.054,-0.836,0
left_kp0.009_ki0.021_kd0_-300,left,0.009,0.021,0.0,-300.0,run,0.7958000819780864,-359.0,-0.14,-0.05,0.14,0.02,-0.071,-2.987,-0.662,0
left_kp0.009_ki0.021_kd0_-300,left,0.009,0.021,0.0,-300.0,run,0.8620178420096636,-325.0,-0.19,0.0,-0.19,-0.02,-0.067,-2.848,-0.485,0
left_kp0.009_ki0.021_kd0_-300,left,0.009,0.021,0.0,-300.0,run,0.9283037109998986,-286.0,-0.16,0.03,0.17,0.06,-0.065,-2.719,-0.541,0
left_kp0.009_ki0.021_kd0_-300,left,0.009,0.021,0.0,-300.0,run,0.9945777070242912,-261.0,-0.18,0.02,0.18,0.02,-0.063,-2.652,-0.399,0
left_kp0.009_ki0.021_kd0_-300,left,0.009,0.021,0.0,-300.0,run,1.0609654400032014,-237.0,-0.24,-0.08,0.25,0.42,-0.067,-2.858,-0.211,0
left_kp0.009_ki0.021_kd0_-300,left,0.009,0.021,0.0,-300.0,run,1.1272795289987698,-246.0,-0.22,0.07,0.23,0.06,-0.067,-2.872,-0.337,0
left_kp0.009_ki0.021_kd0_-300,left,0.009,0.021,0.0,-300.0,run,1.1935457909712568,-274.0,-0.25,0.02,0.25,0.06,-0.065,-2.751,-0.533,0
left_kp0.009_ki0.021_kd0_-300,left,0.009,0.021,0.0,-300.0,run,1.2599196020164527,-276.0,-0.15,0.0,-0.15,-0.02,-0.07,-2.982,-0.504,0
left_kp0.009_ki0.021_kd0_-300,left,0.009,0.021,0.0,0,stop,1.5569967217743397e-06,-275.0,-0.22,0.0,0.22,0.06,-0.07,-2.979,-0.426,0
left_kp0.009_ki0.021_kd0_-300,left,0.009,0.021,0.0,0,stop,0.07648717297706753,-292.0,-0.2,0.01,0.2,0.04,-0.06,-2.529,-0.541,0
left_kp0.009_ki0.021_kd0_-300,left,0.009,0.021,0.0,0,stop,0.14300685201305896,-243.0,-0.1,-0.01,0.1,0.06,-0.053,-2.191,-0.576,0
left_kp0.009_ki0.021_kd0_-300,left,0.009,0.021,0.0,0,stop,0.2094389569829218,-243.0,0.0,0.0,0.0,0.0,0.0,0.0,0.0,0
left_kp0.009_ki0.021_kd0_-300,left,0.009,0.021,0.0,0,stop,0.27574058301979676,-243.0,0.0,0.0,0.0,0.0,0.0,0.0,0.0,0
left_kp0.009_ki0.021_kd0_-300,left,0.009,0.021,0.0,0,stop,0.3420848899986595,-243.0,0.0,0.0,0.0,0.0,0.0,0.0,0.0,0
left_kp0.009_ki0.021_kd0_-300,left,0.009,0.021,0.0,0,stop,0.4084078019950539,-243.0,0.0,0.0,0.0,0.0,0.0,0.0,0.0,0
left_kp0.009_ki0.021_kd0_-300,left,0.009,0.021,0.0,0,stop,0.4746345549938269,-243.0,0.0,0.0,0.0,0.0,0.0,0.0,0.0,0
left_kp0.009_ki0.021_kd0_-300,left,0.009,0.021,0.0,0,stop,0.540991669986397,-243.0,0.0,0.0,0.0,0.0,0.0,0.0,0.0,0
left_kp0.009_ki0.021_kd0_-300,left,0.009,0.021,0.0,0,stop,0.6073874200228602,-243.0,0.0,0.0,0.0,0.0,0.0,0.0,0.0,0
left_kp0.009_ki0.021_kd0_-300,left,0.009,0.021,0.0,0,stop,0.6737074740231037,0.0,0.0,0.0,0.0,0.0,0.0,0.0,0.0,0
left_kp0.009_ki0.022_kd0_+300,left,0.009,0.022,0.0,300.0,run,0.00013206800213083625,0.0,0.0,0.0,0.0,0.0,0.0,0.0,0.0,0
left_kp0.009_ki0.022_kd0_+300,left,0.009,0.022,0.0,300.0,run,0.06630079500610009,0.0,0.02,-0.01,0.02,0.02,0.009,0.354,0.177,0
left_kp0.009_ki0.022_kd0_+300,left,0.009,0.022,0.0,300.0,run,0.1326793030020781,0.0,0.02,0.0,0.02,0.06,0.024,1.035,0.128,0
left_kp0.009_ki0.022_kd0_+300,left,0.009,0.022,0.0,300.0,run,0.19898325798567384,0.0,0.14,0.0,0.14,0.02,0.037,1.566,0.048,0
left_kp0.009_ki0.022_kd0_+300,left,0.009,0.022,0.0,300.0,run,0.26546045002760366,0.0,0.17,0.0,0.17,0.04,0.04,1.735,0.037,0
left_kp0.009_ki0.022_kd0_+300,left,0.009,0.022,0.0,300.0,run,0.33241101703606546,0.0,0.2,0.0,0.2,0.02,0.04,1.724,0.099,0
left_kp0.009_ki0.022_kd0_+300,left,0.009,0.022,0.0,300.0,run,0.39870710601098835,0.0,0.22,0.0,0.22,0.26,0.043,1.837,0.144,0
left_kp0.009_ki0.022_kd0_+300,left,0.009,0.022,0.0,300.0,run,0.46505355002591386,0.0,0.25,0.0,0.25,0.06,0.044,1.877,0.163,0
left_kp0.009_ki0.022_kd0_+300,left,0.009,0.022,0.0,300.0,run,0.5314740540343337,0.0,0.24,0.01,0.24,0.1,0.046,1.973,0.179,0
left_kp0.009_ki0.022_kd0_+300,left,0.009,0.022,0.0,300.0,run,0.5978179349913262,0.0,0.29,-0.01,0.29,0.06,0.052,2.204,0.182,0
left_kp0.009_ki0.022_kd0_+300,left,0.009,0.022,0.0,300.0,run,0.6641296530142426,0.0,0.26,-0.05,0.27,0.06,0.067,2.856,0.01,0
left_kp0.009_ki0.022_kd0_+300,left,0.009,0.022,0.0,300.0,run,0.730538172996603,21.0,0.3,-0.05,0.3,0.1,0.086,3.668,-0.332,0
left_kp0.009_ki0.022_kd0_+300,left,0.009,0.022,0.0,300.0,run,0.7968677480239421,410.0,0.12,-0.07,0.14,0.08,0.083,3.422,-0.952,0
left_kp0.009_ki0.022_kd0_+300,left,0.009,0.022,0.0,300.0,run,0.8631257960223593,416.0,0.13,-0.02,0.13,0.04,0.078,3.293,-0.603,0
left_kp0.009_ki0.022_kd0_+300,left,0.009,0.022,0.0,300.0,run,0.929448715003673,369.0,0.1,0.01,0.1,0.08,0.072,3.006,-0.632,0
left_kp0.009_ki0.022_kd0_+300,left,0.009,0.022,0.0,300.0,run,0.9958155060303397,325.0,0.17,-0.03,0.17,0.02,0.068,2.869,-0.426,0
left_kp0.009_ki0.022_kd0_+300,left,0.009,0.022,0.0,300.0,run,1.0620681610307656,283.0,0.15,0.0,0.15,0.04,0.067,2.856,-0.437,0
left_kp0.009_ki0.022_kd0_+300,left,0.009,0.022,0.0,300.0,run,1.1283338030334562,270.0,0.21,0.03,0.21,0.02,0.069,2.928,-0.375,0
left_kp0.009_ki0.022_kd0_+300,left,0.009,0.022,0.0,300.0,run,1.1947518900269642,268.0,0.2,-0.03,0.2,0.02,0.068,2.893,-0.362,0
left_kp0.009_ki0.022_kd0_+300,left,0.009,0.022,0.0,300.0,run,1.261107461003121,274.0,0.23,0.01,0.23,0.04,0.067,2.826,-0.394,0
left_kp0.009_ki0.022_kd0_+300,left,0.009,0.022,0.0,0,stop,1.2999516911804676e-06,277.0,0.19,-0.05,0.2,0.06,0.072,3.062,-0.482,0
left_kp0.009_ki0.022_kd0_+300,left,0.009,0.022,0.0,0,stop,0.07686010998440906,285.0,0.14,-0.02,0.15,0.08,0.065,2.73,-0.496,0
left_kp0.009_ki0.022_kd0_+300,left,0.009,0.022,0.0,0,stop,0.14334640896413475,272.0,0.13,-0.06,0.14,0.06,0.057,2.408,-0.324,0
left_kp0.009_ki0.022_kd0_+300,left,0.009,0.022,0.0,0,stop,0.20967664296040311,272.0,0.0,0.0,0.0,0.0,0.0,0.0,0.0,0
left_kp0.009_ki0.022_kd0_+300,left,0.009,0.022,0.0,0,stop,0.27604000695282593,272.0,0.0,0.0,0.0,0.0,0.0,0.0,0.0,0
left_kp0.009_ki0.022_kd0_+300,left,0.009,0.022,0.0,0,stop,0.3424102009739727,272.0,0.0,0.0,0.0,0.0,0.0,0.0,0.0,0
left_kp0.009_ki0.022_kd0_+300,left,0.009,0.022,0.0,0,stop,0.4093164329533465,272.0,0.0,0.0,0.0,0.0,0.0,0.0,0.0,0
left_kp0.009_ki0.022_kd0_+300,left,0.009,0.022,0.0,0,stop,0.4760511699714698,272.0,0.0,0.0,0.0,0.0,0.0,0.0,0.0,0
left_kp0.009_ki0.022_kd0_+300,left,0.009,0.022,0.0,0,stop,0.5425960219581611,272.0,0.0,0.0,0.0,0.0,0.0,0.0,0.0,0
left_kp0.009_ki0.022_kd0_+300,left,0.009,0.022,0.0,0,stop,0.6092110919998959,272.0,0.0,0.0,0.0,0.0,0.0,0.0,0.0,0
left_kp0.009_ki0.022_kd0_+300,left,0.009,0.022,0.0,0,stop,0.6760166849708185,0.0,0.0,0.0,0.0,0.0,0.0,0.0,0.0,0
left_kp0.009_ki0.022_kd0_-300,left,0.009,0.022,0.0,-300.0,run,0.00012849702034145594,0.0,0.0,0.0,0.0,0.0,0.0,0.0,0.0,0
left_kp0.009_ki0.022_kd0_-300,left,0.009,0.022,0.0,-300.0,run,0.06635050603654236,0.0,0.0,0.01,0.01,0.4,-0.007,-0.12,-0.27,0
left_kp0.009_ki0.022_kd0_-300,left,0.009,0.022,0.0,-300.0,run,0.13275750301545486,0.0,-0.04,-0.01,0.05,0.04,-0.027,-1.094,-0.329,0
left_kp0.009_ki0.022_kd0_-300,left,0.009,0.022,0.0,-300.0,run,0.19925928203156218,0.0,-0.01,-0.04,0.04,0.04,-0.044,-1.866,-0.185,0
left_kp0.009_ki0.022_kd0_-300,left,0.009,0.022,0.0,-300.0,run,0.2656233820016496,0.0,-0.22,-0.03,0.22,0.06,-0.043,-1.829,0.128,0
left_kp0.009_ki0.022_kd0_-300,left,0.009,0.022,0.0,-300.0,run,0.33192920102737844,0.0,-0.22,0.01,0.22,0.08,-0.041,-1.732,0.136,0
left_kp0.009_ki0.022_kd0_-300,left,0.009,0.022,0.0,-300.0,run,0.3982110460055992,0.0,-0.23,0.01,0.23,0.4,-0.043,-1.815,0.222,0
left_kp0.009_ki0.022_kd0_-300,left,0.009,0.022,0.0,-300.0,run,0.46456577302888036,0.0,-0.25,0.01,0.25,0.02,-0.045,-1.914,0.265,0
left_kp0.009_ki0.022_kd0_-300,left,0.009,0.022,0.0,-300.0,run,0.5310054459841922,0.0,-0.27,0.0,0.27,0.1,-0.047,-2.016,0.219,0
left_kp0.009_ki0.022_kd0_-300,left,0.009,0.022,0.0,-300.0,run,0.5974866680335253,0.0,-0.28,0.01,0.28,0.0,-0.05,-2.153,0.23,0
left_kp0.009_ki0.022_kd0_-300,left,0.009,0.022,0.0,-300.0,run,0.664043152006343,0.0,-0.27,-0.04,0.28,0.0,-0.06,-2.555,-0.021,0
left_kp0.009_ki0.022_kd0_-300,left,0.009,0.022,0.0,-300.0,run,0.7303225180367008,0.0,-0.29,0.04,0.29,0.04,-0.077,-3.274,-0.257,0
left_kp0.009_ki0.022_kd0_-300,left,0.009,0.022,0.0,-300.0,run,0.7965045170276426,-264.0,-0.19,0.12,0.23,0.02,-0.086,-3.574,-0.903,0
left_kp0.009_ki0.022_kd0_-300,left,0.009,0.022,0.0,-300.0,run,0.8628651080070995,-412.0,-0.22,-0.06,0.22,0.06,-0.082,-3.363,-0.984,0
left_kp0.009_ki0.022_kd0_-300,left,0.009,0.022,0.0,-300.0,run,0.9291933060158044,-403.0,-0.21,0.03,0.21,0.2,-0.074,-3.081,-0.785,0
left_kp0.009_ki0.022_kd0_-300,left,0.009,0.022,0.0,-300.0,run,0.9954438480199315,-359.0,-0.14,0.02,0.14,0.02,-0.071,-2.944,-0.769,0
left_kp0.009_ki0.022_kd0_-300,left,0.009,0.022,0.0,-300.0,run,1.0617885559913702,-325.0,-0.24,-0.03,0.24,0.02,-0.07,-2.944,-0.474,0
left_kp0.009_ki0.022_kd0_-300,left,0.009,0.022,0.0,-300.0,run,1.1280449220212176,-297.0,-0.13,0.05,0.14,0.02,-0.07,-2.904,-0.691,0
left_kp0.009_ki0.022_kd0_-300,left,0.009,0.022,0.0,-300.0,run,1.1942332820035517,-283.0,-0.22,0.02,0.22,0.26,-0.065,-2.732,-0.573,0
left_kp0.009_ki0.022_kd0_-300,left,0.009,0.022,0.0,-300.0,run,1.2607908350182697,-275.0,-0.17,0.02,-0.17,-0.02,-0.071,-2.998,-0.552,0
left_kp0.009_ki0.022_kd0_-300,left,0.009,0.022,0.0,0,stop,1.0770163498818874e-06,-277.0,-0.23,0.01,0.23,0.08,-0.07,-2.96,-0.447,0
left_kp0.009_ki0.022_kd0_-300,left,0.009,0.022,0.0,0,stop,0.07698055496439338,-287.0,-0.21,0.03,0.21,0.06,-0.061,-2.558,-0.595,0
left_kp0.009_ki0.022_kd0_-300,left,0.009,0.022,0.0,0,stop,0.14317258796654642,-261.0,-0.11,0.0,0.11,0.08,-0.056,-2.354,-0.531,0
left_kp0.009_ki0.022_kd0_-300,left,0.009,0.022,0.0,0,stop,0.20960106397978961,402.0,0.0,0.0,0.0,0.0,0.0,0.0,0.0,0
left_kp0.009_ki0.022_kd0_-300,left,0.009,0.022,0.0,0,stop,0.27590869198320433,402.0,0.0,0.0,0.0,0.0,0.0,0.0,0.0,0
left_kp0.009_ki0.022_kd0_-300,left,0.009,0.022,0.0,0,stop,0.34236610296647996,402.0,0.0,0.0,0.0,0.0,0.0,0.0,0.0,0
left_kp0.009_ki0.022_kd0_-300,left,0.009,0.022,0.0,0,stop,0.40862614096840844,402.0,0.0,0.0,0.0,0.0,0.0,0.0,0.0,0
left_kp0.009_ki0.022_kd0_-300,left,0.009,0.022,0.0,0,stop,0.47484967997297645,402.0,0.0,0.0,0.0,0.0,0.0,0.0,0.0,0
left_kp0.009_ki0.022_kd0_-300,left,0.009,0.022,0.0,0,stop,0.5411485079675913,402.0,0.0,0.0,0.0,0.0,0.0,0.0,0.0,0
left_kp0.009_ki0.022_kd0_-300,left,0.009,0.022,0.0,0,stop,0.6074774389853701,402.0,0.0,0.0,0.0,0.0,0.0,0.0,0.0,0
left_kp0.009_ki0.022_kd0_-300,left,0.009,0.022,0.0,0,stop,0.6737852700171061,402.0,0.0,0.0,0.0,0.0,0.0,0.0,0.0,0
left_kp0.0095_ki0.021_kd0_+300,left,0.0095,0.021,0.0,300.0,run,0.0001624980359338224,0.0,0.0,0.0,0.0,0.0,0.0,0.0,0.0,0
left_kp0.0095_ki0.021_kd0_+300,left,0.0095,0.021,0.0,300.0,run,0.06665006600087509,0.0,0.02,0.0,0.02,0.0,0.009,0.356,0.185,0
left_kp0.0095_ki0.021_kd0_+300,left,0.0095,0.021,0.0,300.0,run,0.1329992400133051,0.0,0.06,0.01,0.06,0.08,0.024,1.037,0.131,0
left_kp0.0095_ki0.021_kd0_+300,left,0.0095,0.021,0.0,300.0,run,0.19931275502312928,0.0,0.15,0.0,0.15,0.0,0.038,1.611,0.05,0
left_kp0.0095_ki0.021_kd0_+300,left,0.0095,0.021,0.0,300.0,run,0.26580703002400696,0.0,0.18,0.0,0.18,0.0,0.042,1.788,0.056,0
left_kp0.0095_ki0.021_kd0_+300,left,0.0095,0.021,0.0,300.0,run,0.3321614440064877,0.0,0.21,0.0,0.21,0.0,0.042,1.818,0.096,0
left_kp0.0095_ki0.021_kd0_+300,left,0.0095,0.021,0.0,300.0,run,0.3983848100178875,0.0,0.25,0.0,0.25,0.36,0.042,1.804,0.139,0
left_kp0.0095_ki0.021_kd0_+300,left,0.0095,0.021,0.0,300.0,run,0.4647766000125557,0.0,0.25,0.0,0.25,0.0,0.044,1.885,0.182,0
left_kp0.0095_ki0.021_kd0_+300,left,0.0095,0.021,0.0,300.0,run,0.5311273930128664,0.0,0.23,0.0,0.23,0.0,0.047,2.016,0.193,0
left_kp0.0095_ki0.021_kd0_+300,left,0.0095,0.021,0.0,300.0,run,0.5974687309935689,0.0,0.28,0.01,0.28,0.0,0.05,2.124,0.16,0
left_kp0.0095_ki0.021_kd0_+300,left,0.0095,0.021,0.0,300.0,run,0.6638231450342573,23.0,0.25,-0.01,0.25,0.06,0.06,2.558,0.313,0
left_kp0.0095_ki0.021_kd0_+300,left,0.0095,0.021,0.0,300.0,run,0.730418338032905,22.0,0.26,0.05,0.27,0.06,0.074,3.161,-0.281,0
left_kp0.0095_ki0.021_kd0_+300,left,0.0095,0.021,0.0,300.0,run,0.7970880439970642,159.0,0.23,0.04,0.23,0.02,0.087,3.633,-0.769,0
left_kp0.0095_ki0.021_kd0_+300,left,0.0095,0.021,0.0,300.0,run,0.8633704460225999,227.0,0.21,0.0,0.21,0.06,0.084,3.325,-1.394,0
left_kp0.0095_ki0.021_kd0_+300,left,0.0095,0.021,0.0,300.0,run,0.9297077630180866,428.0,0.14,-0.01,0.14,0.04,0.076,3.218,-0.391,0
left_kp0.0095_ki0.021_kd0_+300,left,0.0095,0.021,0.0,300.0,run,0.9964568340219557,378.0,0.13,0.01,0.13,0.0,0.074,3.156,-0.099,0
left_kp0.0095_ki0.021_kd0_+300,left,0.0095,0.021,0.0,300.0,run,1.0628405379829928,329.0,0.15,-0.05,0.16,0.44,0.073,3.11,0.16,0
left_kp0.0095_ki0.021_kd0_+300,left,0.0095,0.021,0.0,300.0,run,1.1291082100360654,320.0,0.16,0.05,0.17,0.08,0.074,3.172,0.069,0
left_kp0.0095_ki0.021_kd0_+300,left,0.0095,0.021,0.0,300.0,run,1.1953326049842872,316.0,0.13,0.03,0.13,0.0,0.074,3.191,-0.104,0
left_kp0.0095_ki0.021_kd0_+300,left,0.0095,0.021,0.0,300.0,run,1.2617604690021835,323.0,0.21,0.0,0.21,0.08,0.072,3.094,0.203,0
left_kp0.0095_ki0.021_kd0_+300,left,0.0095,0.021,0.0,0,stop,8.799834176898003e-07,327.0,0.21,-0.01,0.21,0.06,0.074,3.194,-0.045,0
left_kp0.0095_ki0.021_kd0_+300,left,0.0095,0.021,0.0,0,stop,0.07633483497193083,320.0,0.11,0.0,0.11,0.02,0.068,2.901,0.008,0
left_kp0.0095_ki0.021_kd0_+300,left,0.0095,0.021,0.0,0,stop,0.14265906298533082,289.0,0.11,0.0,-0.11,-0.02,0.052,2.234,0.19,0
left_kp0.0095_ki0.021_kd0_+300,left,0.0095,0.021,0.0,0,stop,0.20906655298313126,289.0,0.0,0.0,0.0,0.0,0.0,0.0,0.0,0
left_kp0.0095_ki0.021_kd0_+300,left,0.0095,0.021,0.0,0,stop,0.2754931150120683,289.0,0.0,0.0,0.0,0.0,0.0,0.0,0.0,0
left_kp0.0095_ki0.021_kd0_+300,left,0.0095,0.021,0.0,0,stop,0.3419116589939222,289.0,0.0,0.0,0.0,0.0,0.0,0.0,0.0,0
left_kp0.0095_ki0.021_kd0_+300,left,0.0095,0.021,0.0,0,stop,0.4082252799998969,289.0,0.0,0.0,0.0,0.0,0.0,0.0,0.0,0
left_kp0.0095_ki0.021_kd0_+300,left,0.0095,0.021,0.0,0,stop,0.4747886299737729,289.0,0.0,0.0,0.0,0.0,0.0,0.0,0.0,0
left_kp0.0095_ki0.021_kd0_+300,left,0.0095,0.021,0.0,0,stop,0.5410993779660203,289.0,0.0,0.0,0.0,0.0,0.0,0.0,0.0,0
left_kp0.0095_ki0.021_kd0_+300,left,0.0095,0.021,0.0,0,stop,0.6075201539788395,289.0,0.0,0.0,0.0,0.0,0.0,0.0,0.0,0
left_kp0.0095_ki0.021_kd0_+300,left,0.0095,0.021,0.0,0,stop,0.6738455250160769,0.0,0.0,0.0,0.0,0.0,0.0,0.0,0.0,0
left_kp0.0095_ki0.021_kd0_-300,left,0.0095,0.021,0.0,-300.0,run,0.00013171799946576357,0.0,0.0,0.0,0.0,0.0,0.0,0.0,0.0,0
left_kp0.0095_ki0.021_kd0_-300,left,0.0095,0.021,0.0,-300.0,run,0.06634100101655349,0.0,0.0,0.02,0.02,0.0,-0.009,-0.211,-0.337,0
left_kp0.0095_ki0.021_kd0_-300,left,0.0095,0.021,0.0,-300.0,run,0.13267825898947194,0.0,-0.06,0.0,0.06,0.0,-0.031,-1.123,-0.689,0
left_kp0.0095_ki0.021_kd0_-300,left,0.0095,0.021,0.0,-300.0,run,0.1990043559926562,0.0,-0.14,0.0,0.14,0.02,-0.042,-1.629,-0.726,0
left_kp0.0095_ki0.021_kd0_-300,left,0.0095,0.021,0.0,-300.0,run,0.26556914701359347,0.0,-0.18,-0.01,0.18,0.0,-0.044,-1.782,-0.557,0
left_kp0.0095_ki0.021_kd0_-300,left,0.0095,0.021,0.0,-300.0,run,0.33183432900113985,0.0,-0.21,0.0,0.21,0.04,-0.047,-1.919,-0.619,0
left_kp0.0095_ki0.021_kd0_-300,left,0.0095,0.021,0.0,-300.0,run,0.3981334799900651,0.0,-0.19,-0.06,0.2,0.0,-0.057,-2.431,-0.179,0
left_kp0.0095_ki0.021_kd0_-300,left,0.0095,0.021,0.0,-300.0,run,0.4644825169816613,0.0,-0.25,-0.01,0.25,0.0,-0.063,-2.677,-0.201,0
left_kp0.0095_ki0.021_kd0_-300,left,0.0095,0.021,0.0,-300.0,run,0.5307613980257884,-28.0,-0.17,0.07,0.18,0.06,-0.068,-2.878,-0.308,0
left_kp0.0095_ki0.021_kd0_-300,left,0.0095,0.021,0.0,-300.0,run,0.5973026329884306,-245.0,-0.14,0.0,0.14,0.02,-0.071,-2.994,-0.538,0
left_kp0.0095_ki0.021_kd0_-300,left,0.0095,0.021,0.0,-300.0,run,0.6636778360116296,-286.0,-0.23,0.0,-0.23,-0.02,-0.067,-2.801,-0.651,0
left_kp0.0095_ki0.021_kd0_-300,left,0.0095,0.021,0.0,-300.0,run,0.7300182760227472,-287.0,-0.19,-0.05,0.19,0.02,-0.06,-2.551,-0.268,0
left_kp0.0095_ki0.021_kd0_-300,left,0.0095,0.021,0.0,-300.0,run,0.7963560339994729,-240.0,-0.18,0.01,0.18,0.02,-0.056,-2.393,-0.337,0
left_kp0.0095_ki0.021_kd0_-300,left,0.0095,0.021,0.0,-300.0,run,0.8626443630200811,-240.0,-0.18,0.02,-0.19,-0.02,-0.052,-2.171,-0.509,0
left_kp0.0095_ki0.021_kd0_-300,left,0.0095,0.021,0.0,-300.0,run,0.9289922320167534,-190.0,-0.23,0.01,0.23,0.06,-0.052,-2.173,-0.434,0
left_kp0.0095_ki0.021_kd0_-300,left,0.0095,0.021,0.0,-300.0,run,0.9952555110212415,-153.0,-0.23,-0.04,0.23,0.02,-0.06,-2.559,-0.058,0
left_kp0.0095_ki0.021_kd0_-300,left,0.0095,0.021,0.0,-300.0,run,1.0616447309730574,-144.0,-0.26,0.0,0.26,0.0,-0.062,-2.659,-0.085,0
left_kp0.0095_ki0.021_kd0_-300,left,0.0095,0.021,0.0,-300.0,run,1.1282406970276497,-161.0,-0.16,0.01,0.16,0.06,-0.068,-2.884,-0.337,0
left_kp0.0095_ki0.021_kd0_-300,left,0.0095,0.021,0.0,-300.0,run,1.1945369130116887,-232.0,-0.15,-0.02,0.15,0.02,-0.076,-3.208,-0.533,0
left_kp0.0095_ki0.021_kd0_-300,left,0.0095,0.021,0.0,-300.0,run,1.2610747229773551,-309.0,-0.14,0.04,0.15,0.42,-0.076,-3.152,-0.903,0
left_kp0.0095_ki0.021_kd0_-300,left,0.0095,0.021,0.0,0,stop,1.2739910744130611e-06,-346.0,-0.19,0.02,0.19,0.04,-0.073,-3.077,-0.605,0
left_kp0.0095_ki0.021_kd0_-300,left,0.0095,0.021,0.0,0,stop,0.07654243899742141,-311.0,-0.14,0.1,0.17,0.0,-0.065,-2.691,-0.742,0
left_kp0.0095_ki0.021_kd0_-300,left,0.0095,0.021,0.0,0,stop,0.14286238595377654,-296.0,-0.15,0.01,0.15,0.06,-0.053,-2.227,-0.431,0
left_kp0.0095_ki0.021_kd0_-300,left,0.0095,0.021,0.0,0,stop,0.20913599198684096,412.0,0.0,0.0,0.0,0.0,0.0,0.0,0.0,0
left_kp0.0095_ki0.021_kd0_-300,left,0.0095,0.021,0.0,0,stop,0.2758783589815721,412.0,0.0,0.0,0.0,0.0,0.0,0.0,0.0,0
left_kp0.0095_ki0.021_kd0_-300,left,0.0095,0.021,0.0,0,stop,0.34225285897264257,412.0,0.0,0.0,0.0,0.0,0.0,0.0,0.0,0
left_kp0.0095_ki0.021_kd0_-300,left,0.0095,0.021,0.0,0,stop,0.40846997796325013,412.0,0.0,0.0,0.0,0.0,0.0,0.0,0.0,0
left_kp0.0095_ki0.021_kd0_-300,left,0.0095,0.021,0.0,0,stop,0.4747708259965293,412.0,0.0,0.0,0.0,0.0,0.0,0.0,0.0,0
left_kp0.0095_ki0.021_kd0_-300,left,0.0095,0.021,0.0,0,stop,0.5413999619777314,412.0,0.0,0.0,0.0,0.0,0.0,0.0,0.0,0
left_kp0.0095_ki0.021_kd0_-300,left,0.0095,0.021,0.0,0,stop,0.6079369559884071,412.0,0.0,0.0,0.0,0.0,0.0,0.0,0.0,0
left_kp0.0095_ki0.021_kd0_-300,left,0.0095,0.021,0.0,0,stop,0.6745206129853614,412.0,0.0,0.0,0.0,0.0,0.0,0.0,0.0,0
left_kp0.009_ki0.021_kd3e-05_+300,left,0.009,0.021,3e-05,300.0,run,0.0001476390170864761,0.0,0.0,0.0,0.0,0.0,0.0,0.0,0.0,0
left_kp0.009_ki0.021_kd3e-05_+300,left,0.009,0.021,3e-05,300.0,run,0.06654849898768589,0.0,0.02,-0.01,0.02,0.08,-0.005,-0.198,-0.045,0
left_kp0.009_ki0.021_kd3e-05_+300,left,0.009,0.021,3e-05,300.0,run,0.13284005998866633,0.0,0.04,0.0,-0.04,-0.02,0.008,0.329,-0.061,0
left_kp0.009_ki0.021_kd3e-05_+300,left,0.009,0.021,3e-05,300.0,run,0.19919203000608832,0.0,0.1,0.0,-0.1,-0.02,0.033,1.38,-0.233,0
left_kp0.009_ki0.021_kd3e-05_+300,left,0.009,0.021,3e-05,300.0,run,0.2659294580225833,0.0,0.18,-0.01,0.18,0.06,0.038,1.627,-0.243,0
left_kp0.009_ki0.021_kd3e-05_+300,left,0.009,0.021,3e-05,300.0,run,0.33222173899412155,0.0,0.19,0.0,0.19,0.32,0.039,1.645,-0.262,0
left_kp0.009_ki0.021_kd3e-05_+300,left,0.009,0.021,3e-05,300.0,run,0.3985994560061954,0.0,0.18,0.02,0.18,0.44,0.041,1.739,-0.26,0
left_kp0.009_ki0.021_kd3e-05_+300,left,0.009,0.021,3e-05,300.0,run,0.46539820200996473,0.0,0.24,-0.03,0.24,0.04,0.045,1.924,-0.249,0
left_kp0.009_ki0.021_kd3e-05_+300,left,0.009,0.021,3e-05,300.0,run,0.5316978199989535,24.0,0.22,0.02,-0.22,-0.02,0.056,2.366,-0.396,0
left_kp0.009_ki0.021_kd3e-05_+300,left,0.009,0.021,3e-05,300.0,run,0.5982698969892226,24.0,0.26,-0.06,0.27,0.04,0.063,2.694,-0.337,0
left_kp0.009_ki0.021_kd3e-05_+300,left,0.009,0.021,3e-05,300.0,run,0.6647171869990416,23.0,0.3,0.02,0.3,0.4,0.076,3.224,-0.461,0
left_kp0.009_ki0.021_kd3e-05_+300,left,0.009,0.021,3e-05,300.0,run,0.7307306519942358,189.0,0.21,0.06,0.22,0.04,0.077,3.214,-0.75,0
left_kp0.009_ki0.021_kd3e-05_+300,left,0.009,0.021,3e-05,300.0,run,0.7971550390357152,214.0,0.24,0.04,0.24,0.04,0.083,3.479,-0.71,0
left_kp0.009_ki0.021_kd3e-05_+300,left,0.009,0.021,3e-05,300.0,run,0.8634570119902492,398.0,0.12,-0.07,0.14,0.04,0.076,3.197,-0.694,0
left_kp0.009_ki0.021_kd3e-05_+300,left,0.009,0.021,3e-05,300.0,run,0.9298129649832845,373.0,0.1,-0.04,0.11,0.02,0.068,2.895,-0.447,0
left_kp0.009_ki0.021_kd3e-05_+300,left,0.009,0.021,3e-05,300.0,run,0.9963770220056176,315.0,0.15,0.0,0.15,0.02,0.068,2.884,-0.487,0
left_kp0.009_ki0.021_kd3e-05_+300,left,0.009,0.021,3e-05,300.0,run,1.06270534300711,273.0,0.26,0.02,0.26,0.06,0.061,2.597,-0.404,0
left_kp0.009_ki0.021_kd3e-05_+300,left,0.009,0.021,3e-05,300.0,run,1.1291930879815482,261.0,0.18,0.06,0.18,0.02,0.064,2.723,-0.294,0
left_kp0.009_ki0.021_kd3e-05_+300,left,0.009,0.021,3e-05,300.0,run,1.1956894919858314,239.0,0.19,0.0,-0.19,-0.02,0.064,2.715,-0.329,0
left_kp0.009_ki0.021_kd3e-05_+300,left,0.009,0.021,3e-05,300.0,run,1.2620804859907366,240.0,0.24,0.02,0.24,0.06,0.068,2.897,-0.436,0
left_kp0.009_ki0.021_kd3e-05_+300,left,0.009,0.021,3e-05,0,stop,1.2730015441775322e-06,269.0,0.25,0.0,0.25,0.36,0.067,2.87,-0.265,0
left_kp0.009_ki0.021_kd3e-05_+300,left,0.009,0.021,3e-05,0,stop,0.07641121000051498,276.0,0.17,0.02,0.17,0.04,0.062,2.624,-0.485,0
left_kp0.009_ki0.021_kd3e-05_+300,left,0.009,0.021,3e-05,0,stop,0.14296995697077364,257.0,0.1,-0.02,0.11,0.0,0.056,2.353,-0.503,0
left_kp0.009_ki0.021_kd3e-05_+300,left,0.009,0.021,3e-05,0,stop,0.2094821140053682,220.0,0.0,0.0,0.0,0.0,0.0,0.0,0.0,0
left_kp0.009_ki0.021_kd3e-05_+300,left,0.009,0.021,3e-05,0,stop,0.2757990139652975,-265.0,0.0,0.0,0.0,0.0,0.0,0.0,0.0,0
left_kp0.009_ki0.021_kd3e-05_+300,left,0.009,0.021,3e-05,0,stop,0.34221851400798187,-265.0,0.0,0.0,0.0,0.0,0.0,0.0,0.0,0
left_kp0.009_ki0.021_kd3e-05_+300,left,0.009,0.021,3e-05,0,stop,0.4085631049820222,-265.0,0.0,0.0,0.0,0.0,0.0,0.0,0.0,0
left_kp0.009_ki0.021_kd3e-05_+300,left,0.009,0.021,3e-05,0,stop,0.47512200899655,-265.0,0.0,0.0,0.0,0.0,0.0,0.0,0.0,0
left_kp0.009_ki0.021_kd3e-05_+300,left,0.009,0.021,3e-05,0,stop,0.5418502090033144,-265.0,0.0,0.0,0.0,0.0,0.0,0.0,0.0,0
left_kp0.009_ki0.021_kd3e-05_+300,left,0.009,0.021,3e-05,0,stop,0.6082067259703763,-265.0,0.0,0.0,0.0,0.0,0.0,0.0,0.0,0
left_kp0.009_ki0.021_kd3e-05_+300,left,0.009,0.021,3e-05,0,stop,0.674470747995656,-265.0,0.0,0.0,0.0,0.0,0.0,0.0,0.0,0
left_kp0.009_ki0.021_kd3e-05_-300,left,0.009,0.021,3e-05,-300.0,run,0.0001399629982188344,0.0,0.0,0.0,0.0,0.0,0.0,0.0,0.0,0
left_kp0.009_ki0.021_kd3e-05_-300,left,0.009,0.021,3e-05,-300.0,run,0.06640725204488263,0.0,0.0,-0.01,0.01,0.06,0.005,0.136,-0.144,0
left_kp0.009_ki0.021_kd3e-05_-300,left,0.009,0.021,3e-05,-300.0,run,0.1328666780027561,0.0,-0.04,0.02,0.05,0.06,-0.015,-0.587,-0.251,0
left_kp0.009_ki0.021_kd3e-05_-300,left,0.009,0.021,3e-05,-300.0,run,0.199573545018211,0.0,-0.11,-0.01,0.11,0.02,-0.036,-1.535,-0.214,0
left_kp0.009_ki0.021_kd3e-05_-300,left,0.009,0.021,3e-05,-300.0,run,0.2658873689942993,0.0,-0.18,0.0,0.18,0.04,-0.04,-1.704,-0.308,0
left_kp0.009_ki0.021_kd3e-05_-300,left,0.009,0.021,3e-05,-300.0,run,0.33224912302102894,0.0,-0.2,0.0,0.2,0.02,-0.042,-1.75,-0.364,0
left_kp0.009_ki0.021_kd3e-05_-300,left,0.009,0.021,3e-05,-300.0,run,0.3988593720132485,0.0,-0.22,0.0,0.22,0.02,-0.043,-1.817,-0.394,0
left_kp0.009_ki0.021_kd3e-05_-300,left,0.009,0.021,3e-05,-300.0,run,0.4651229369919747,0.0,-0.25,0.01,0.25,0.1,-0.045,-1.897,-0.402,0
left_kp0.009_ki0.021_kd3e-05_-300,left,0.009,0.021,3e-05,-300.0,run,0.5314934700145386,0.0,-0.25,-0.01,0.25,0.04,-0.047,-1.978,-0.386,0
left_kp0.009_ki0.021_kd3e-05_-300,left,0.009,0.021,3e-05,-300.0,run,0.5979366190149449,0.0,-0.25,0.02,0.25,0.04,-0.055,-2.318,-0.479,0
left_kp0.009_ki0.021_kd3e-05_-300,left,0.009,0.021,3e-05,-300.0,run,0.6642353900242597,-26.0,-0.29,-0.01,0.29,0.46,-0.063,-2.704,-0.12,0
left_kp0.009_ki0.021_kd3e-05_-300,left,0.009,0.021,3e-05,-300.0,run,0.7305853310390376,-25.0,-0.32,-0.01,0.32,0.06,-0.072,-3.034,-0.56,0
left_kp0.009_ki0.021_kd3e-05_-300,left,0.009,0.021,3e-05,-300.0,run,0.796856735018082,-203.0,-0.19,0.03,0.19,0.06,-0.083,-3.482,-0.79,0
left_kp0.009_ki0.021_kd3e-05_-300,left,0.009,0.021,3e-05,-300.0,run,0.8631187060382217,-232.0,-0.23,-0.01,0.23,0.06,-0.085,-3.527,-0.879,0
left_kp0.009_ki0.021_kd3e-05_-300,left,0.009,0.021,3e-05,-300.0,run,0.9293915510061197,-421.0,-0.16,-0.04,0.17,0.1,-0.077,-3.16,-0.914,0
left_kp0.009_ki0.021_kd3e-05_-300,left,0.009,0.021,3e-05,-300.0,run,0.995782855025027,-381.0,-0.21,0.0,0.21,0.02,-0.072,-3.026,-0.506,0
left_kp0.009_ki0.021_kd3e-05_-300,left,0.009,0.021,3e-05,-300.0,run,1.0620949889998883,-344.0,-0.22,0.01,0.22,0.02,-0.066,-2.777,-0.621,0
left_kp0.009_ki0.021_kd3e-05_-300,left,0.009,0.021,3e-05,-300.0,run,1.128419273009058,-293.0,-0.23,-0.01,0.23,0.06,-0.066,-2.779,-0.528,0
left_kp0.009_ki0.021_kd3e-05_-300,left,0.009,0.021,3e-05,-300.0,run,1.194807212043088,-264.0,-0.21,-0.05,0.22,0.04,-0.071,-3.01,-0.359,0
left_kp0.009_ki0.021_kd3e-05_-300,left,0.009,0.021,3e-05,-300.0,run,1.2611396920401603,-279.0,-0.24,0.07,0.25,0.02,-0.066,-2.777,-0.557,0
left_kp0.009_ki0.021_kd3e-05_-300,left,0.009,0.021,3e-05,0,stop,1.2159580364823341e-06,-273.0,-0.21,0.04,0.21,0.08,-0.066,-2.766,-0.637,0
left_kp0.009_ki0.021_kd3e-05_-300,left,0.009,0.021,3e-05,0,stop,0.07647829497000203,-264.0,-0.17,0.02,0.17,0.0,-0.064,-2.704,-0.501,0
left_kp0.009_ki0.021_kd3e-05_-300,left,0.009,0.021,3e-05,0,stop,0.14272585697472095,-248.0,-0.13,-0.06,0.14,0.06,-0.056,-2.369,-0.402,0
left_kp0.009_ki0.021_kd3e-05_-300,left,0.009,0.021,3e-05,0,stop,0.20911742595490068,-225.0,0.0,0.0,0.0,0.0,0.0,0.0,0.0,0
left_kp0.009_ki0.021_kd3e-05_-300,left,0.009,0.021,3e-05,0,stop,0.27545602299505845,296.0,0.0,0.0,0.0,0.0,0.0,0.0,0.0,0
left_kp0.009_ki0.021_kd3e-05_-300,left,0.009,0.021,3e-05,0,stop,0.34189721097936854,296.0,0.0,0.0,0.0,0.0,0.0,0.0,0.0,0
left_kp0.009_ki0.021_kd3e-05_-300,left,0.009,0.021,3e-05,0,stop,0.40820612595416605,296.0,0.0,0.0,0.0,0.0,0.0,0.0,0.0,0
left_kp0.009_ki0.021_kd3e-05_-300,left,0.009,0.021,3e-05,0,stop,0.474605408962816,296.0,0.0,0.0,0.0,0.0,0.0,0.0,0.0,0
left_kp0.009_ki0.021_kd3e-05_-300,left,0.009,0.021,3e-05,0,stop,0.5410989239462651,296.0,0.0,0.0,0.0,0.0,0.0,0.0,0.0,0
left_kp0.009_ki0.021_kd3e-05_-300,left,0.009,0.021,3e-05,0,stop,0.6073703279835172,296.0,0.0,0.0,0.0,0.0,0.0,0.0,0.0,0
left_kp0.009_ki0.021_kd3e-05_-300,left,0.009,0.021,3e-05,0,stop,0.6737683079554699,296.0,0.0,0.0,0.0,0.0,0.0,0.0,0.0,0
left_kp0.009_ki0.021_kd6e-05_+300,left,0.009,0.021,6e-05,300.0,run,0.00016331998631358147,0.0,0.0,0.0,0.0,0.0,0.0,0.0,0.0,0
left_kp0.009_ki0.021_kd6e-05_+300,left,0.009,0.021,6e-05,300.0,run,0.06639937200816348,0.0,0.02,0.01,0.02,0.04,0.007,0.152,-0.273,0
left_kp0.009_ki0.021_kd6e-05_+300,left,0.009,0.021,6e-05,300.0,run,0.13277419202495366,0.0,0.06,0.01,0.06,0.14,0.024,1.015,-0.214,0
left_kp0.009_ki0.021_kd6e-05_+300,left,0.009,0.021,6e-05,300.0,run,0.1991501849843189,0.0,0.12,-0.01,0.12,0.06,0.041,1.745,-0.136,0
left_kp0.009_ki0.021_kd6e-05_+300,left,0.009,0.021,6e-05,300.0,run,0.2655373680172488,0.0,0.16,0.0,0.16,0.08,0.044,1.884,-0.203,0
left_kp0.009_ki0.021_kd6e-05_+300,left,0.009,0.021,6e-05,300.0,run,0.331932848028373,0.0,0.22,0.01,0.22,0.04,0.046,1.967,-0.249,0
left_kp0.009_ki0.021_kd6e-05_+300,left,0.009,0.021,6e-05,300.0,run,0.39842311199754477,0.0,0.2,0.01,0.2,0.28,0.052,2.192,-0.348,0
left_kp0.009_ki0.021_kd6e-05_+300,left,0.009,0.021,6e-05,300.0,run,0.46460254897829145,26.0,0.22,0.01,0.22,0.06,0.058,2.466,-0.048,0
left_kp0.009_ki0.021_kd6e-05_+300,left,0.009,0.021,6e-05,300.0,run,0.531065960007254,25.0,0.29,0.03,0.29,0.04,0.062,2.675,-0.069,0
left_kp0.009_ki0.021_kd6e-05_+300,left,0.009,0.021,6e-05,300.0,run,0.5975887340027839,25.0,0.25,-0.05,0.25,0.08,0.066,2.817,-0.168,0
left_kp0.009_ki0.021_kd6e-05_+300,left,0.009,0.021,6e-05,300.0,run,0.6639749910100363,174.0,0.18,-0.01,0.18,0.28,0.072,3.034,-0.495,0
left_kp0.009_ki0.021_kd6e-05_+300,left,0.009,0.021,6e-05,300.0,run,0.7301836360129528,201.0,0.16,0.02,0.16,0.04,0.076,3.214,-0.402,0
left_kp0.009_ki0.021_kd6e-05_+300,left,0.009,0.021,6e-05,300.0,run,0.7964877799968235,325.0,0.16,-0.04,0.17,0.08,0.067,2.811,-0.482,0
left_kp0.009_ki0.021_kd6e-05_+300,left,0.009,0.021,6e-05,300.0,run,0.8627514009713195,292.0,0.15,-0.02,0.15,0.06,0.065,2.755,-0.52,0
left_kp0.009_ki0.021_kd6e-05_+300,left,0.009,0.021,6e-05,300.0,run,0.9290800850139931,270.0,0.17,-0.02,0.17,0.42,0.067,2.854,-0.171,0
left_kp0.009_ki0.021_kd6e-05_+300,left,0.009,0.021,6e-05,300.0,run,0.9953552400111221,252.0,0.21,-0.01,0.21,0.06,0.063,2.71,-0.268,0
left_kp0.009_ki0.021_kd6e-05_+300,left,0.009,0.021,6e-05,300.0,run,1.0616051380056888,240.0,0.23,0.01,0.23,0.06,0.06,2.565,-0.292,0
left_kp0.009_ki0.021_kd6e-05_+300,left,0.009,0.021,6e-05,300.0,run,1.127861010027118,231.0,0.13,0.0,0.13,0.08,0.066,2.825,-0.351,0
left_kp0.009_ki0.021_kd6e-05_+300,left,0.009,0.021,6e-05,300.0,run,1.1941541869891807,235.0,0.14,0.0,0.14,0.04,0.071,3.037,-0.268,0
left_kp0.009_ki0.021_kd6e-05_+300,left,0.009,0.021,6e-05,300.0,run,1.2604571650153957,273.0,0.19,0.04,0.19,0.06,0.064,2.723,-0.439,0
left_kp0.009_ki0.021_kd6e-05_+300,left,0.009,0.021,6e-05,0,stop,1.5569967217743397e-06,280.0,0.19,0.0,0.19,0.0,0.068,2.889,-0.517,0
left_kp0.009_ki0.021_kd6e-05_+300,left,0.009,0.021,6e-05,0,stop,0.07649828103603795,270.0,0.16,0.03,0.16,0.06,0.066,2.811,-0.351,0
left_kp0.009_ki0.021_kd6e-05_+300,left,0.009,0.021,6e-05,0,stop,0.1429785360232927,272.0,0.13,0.0,0.13,0.0,0.054,2.294,-0.294,0
left_kp0.009_ki0.021_kd6e-05_+300,left,0.009,0.021,6e-05,0,stop,0.20928591303527355,245.0,0.0,0.0,0.0,0.0,0.0,0.0,0.0,0
left_kp0.009_ki0.021_kd6e-05_+300,left,0.009,0.021,6e-05,0,stop,0.27555954101262614,245.0,0.0,0.0,0.0,0.0,0.0,0.0,0.0,0
left_kp0.009_ki0.021_kd6e-05_+300,left,0.009,0.021,6e-05,0,stop,0.3420548290014267,245.0,0.0,0.0,0.0,0.0,0.0,0.0,0.0,0
left_kp0.009_ki0.021_kd6e-05_+300,left,0.009,0.021,6e-05,0,stop,0.4083498800173402,245.0,0.0,0.0,0.0,0.0,0.0,0.0,0.0,0
left_kp0.009_ki0.021_kd6e-05_+300,left,0.009,0.021,6e-05,0,stop,0.47470014001009986,245.0,0.0,0.0,0.0,0.0,0.0,0.0,0.0,0
left_kp0.009_ki0.021_kd6e-05_+300,left,0.009,0.021,6e-05,0,stop,0.5411640350357629,245.0,0.0,0.0,0.0,0.0,0.0,0.0,0.0,0
left_kp0.009_ki0.021_kd6e-05_+300,left,0.009,0.021,6e-05,0,stop,0.6078366030124016,245.0,0.0,0.0,0.0,0.0,0.0,0.0,0.0,0
left_kp0.009_ki0.021_kd6e-05_+300,left,0.009,0.021,6e-05,0,stop,0.6741912030265667,0.0,0.0,0.0,0.0,0.0,0.0,0.0,0.0,0
left_kp0.009_ki0.021_kd6e-05_-300,left,0.009,0.021,6e-05,-300.0,run,0.00013873097486793995,0.0,0.0,0.0,0.0,0.0,0.0,0.0,0.0,0
left_kp0.009_ki0.021_kd6e-05_-300,left,0.009,0.021,6e-05,-300.0,run,0.06634349300293252,0.0,0.0,0.0,0.0,0.06,-0.012,-0.037,0.517,0
left_kp0.009_ki0.021_kd6e-05_-300,left,0.009,0.021,6e-05,-300.0,run,0.13268926297314465,0.0,-0.03,0.0,0.03,0.06,-0.026,-0.898,0.643,0
left_kp0.009_ki0.021_kd6e-05_-300,left,0.009,0.021,6e-05,-300.0,run,0.19902710296446458,0.0,-0.12,0.05,0.13,0.04,-0.037,-1.506,0.528,0
left_kp0.009_ki0.021_kd6e-05_-300,left,0.009,0.021,6e-05,-300.0,run,0.2653680829680525,0.0,-0.15,0.02,0.16,0.06,-0.041,-1.769,0.013,0
left_kp0.009_ki0.021_kd6e-05_-300,left,0.009,0.021,6e-05,-300.0,run,0.331766216957476,0.0,-0.18,0.01,0.18,0.08,-0.046,-1.986,-0.163,0
left_kp0.009_ki0.021_kd6e-05_-300,left,0.009,0.021,6e-05,-300.0,run,0.397984548995737,0.0,-0.2,0.01,0.2,0.04,-0.047,-2.005,-0.249,0
left_kp0.009_ki0.021_kd6e-05_-300,left,0.009,0.021,6e-05,-300.0,run,0.46439266798552126,0.0,-0.26,0.02,0.26,0.08,-0.044,-1.814,-0.482,0
left_kp0.009_ki0.021_kd6e-05_-300,left,0.009,0.021,6e-05,-300.0,run,0.5308568759937771,0.0,-0.29,0.04,0.3,0.12,-0.044,-1.801,-0.49,0
left_kp0.009_ki0.021_kd6e-05_-300,left,0.009,0.021,6e-05,-300.0,run,0.5971750559983775,0.0,-0.3,0.04,0.3,0.02,-0.045,-1.846,-0.498,0
left_kp0.009_ki0.021_kd6e-05_-300,left,0.009,0.021,6e-05,-300.0,run,0.6635915649821982,0.0,-0.3,0.02,0.3,0.08,-0.047,-1.946,-0.495,0
left_kp0.009_ki0.021_kd6e-05_-300,left,0.009,0.021,6e-05,-300.0,run,0.7299436350003816,0.0,-0.28,0.01,0.28,0.06,-0.056,-2.361,-0.517,0
left_kp0.009_ki0.021_kd6e-05_-300,left,0.009,0.021,6e-05,-300.0,run,0.7962613760028034,-24.0,-0.24,0.11,0.27,0.12,-0.071,-2.972,-0.718,0
left_kp0.009_ki0.021_kd6e-05_-300,left,0.009,0.021,6e-05,-300.0,run,0.8625597099890001,-81.0,-0.27,0.07,0.28,0.08,-0.08,-3.286,-1.04,0
left_kp0.009_ki0.021_kd6e-05_-300,left,0.009,0.021,6e-05,-300.0,run,0.9289127420051955,-337.0,-0.14,0.01,0.14,0.08,-0.085,-3.458,-1.099,0
left_kp0.009_ki0.021_kd6e-05_-300,left,0.009,0.021,6e-05,-300.0,run,0.9952066270052455,-423.0,-0.27,0.0,0.27,0.06,-0.079,-3.238,-1.058,0
left_kp0.009_ki0.021_kd6e-05_-300,left,0.009,0.021,6e-05,-300.0,run,1.0615310639841482,-414.0,-0.13,-0.1,0.17,0.04,-0.077,-3.265,-0.584,0
left_kp0.009_ki0.021_kd6e-05_-300,left,0.009,0.021,6e-05,-300.0,run,1.1279716559802182,-368.0,-0.26,0.02,0.26,0.06,-0.075,-3.114,-0.734,0
left_kp0.009_ki0.021_kd6e-05_-300,left,0.009,0.021,6e-05,-300.0,run,1.194306418998167,-347.0,-0.15,-0.02,0.15,0.06,-0.072,-3.037,-0.621,0
left_kp0.009_ki0.021_kd6e-05_-300,left,0.009,0.021,6e-05,-300.0,run,1.2606128699844703,-321.0,-0.2,-0.02,0.2,0.04,-0.073,-3.074,-0.57,0
left_kp0.009_ki0.021_kd6e-05_-300,left,0.009,0.021,6e-05,0,stop,1.3059470802545547e-06,-314.0,-0.12,0.01,0.12,0.04,-0.073,-3.015,-0.796,0
left_kp0.009_ki0.021_kd6e-05_-300,left,0.009,0.021,6e-05,0,stop,0.07639524195110425,-310.0,-0.15,-0.01,0.15,0.06,-0.066,-2.779,-0.482,0
left_kp0.009_ki0.021_kd6e-05_-300,left,0.009,0.021,6e-05,0,stop,0.14274308900348842,-273.0,-0.16,-0.02,0.16,0.08,-0.052,-2.195,-0.495,0
left_kp0.009_ki0.021_kd6e-05_-300,left,0.009,0.021,6e-05,0,stop,0.20902544999262318,-273.0,0.0,0.0,0.0,0.0,0.0,0.0,0.0,0
left_kp0.009_ki0.021_kd6e-05_-300,left,0.009,0.021,6e-05,0,stop,0.275310423981864,-273.0,0.0,0.0,0.0,0.0,0.0,0.0,0.0,0
left_kp0.009_ki0.021_kd6e-05_-300,left,0.009,0.021,6e-05,0,stop,0.34165778796887025,-273.0,0.0,0.0,0.0,0.0,0.0,0.0,0.0,0
left_kp0.009_ki0.021_kd6e-05_-300,left,0.009,0.021,6e-05,0,stop,0.40794605895644054,-273.0,0.0,0.0,0.0,0.0,0.0,0.0,0.0,0
left_kp0.009_ki0.021_kd6e-05_-300,left,0.009,0.021,6e-05,0,stop,0.47428314900025725,-273.0,0.0,0.0,0.0,0.0,0.0,0.0,0.0,0
left_kp0.009_ki0.021_kd6e-05_-300,left,0.009,0.021,6e-05,0,stop,0.5408050589612685,-273.0,0.0,0.0,0.0,0.0,0.0,0.0,0.0,0
left_kp0.009_ki0.021_kd6e-05_-300,left,0.009,0.021,6e-05,0,stop,0.6070950129651465,-273.0,0.0,0.0,0.0,0.0,0.0,0.0,0.0,0
left_kp0.009_ki0.021_kd6e-05_-300,left,0.009,0.021,6e-05,0,stop,0.6735050489660352,0.0,0.0,0.0,0.0,0.0,0.0,0.0,0.0,0
left_kp0.0095_ki0.022_kd3e-05_+300,left,0.0095,0.022,3e-05,300.0,run,0.00015940098091959953,0.0,0.0,0.0,0.0,0.0,0.0,0.0,0.0,0
left_kp0.0095_ki0.022_kd3e-05_+300,left,0.0095,0.022,3e-05,300.0,run,0.06653442402603105,0.0,0.0,0.0,0.0,0.04,0.007,0.219,-0.217,0
left_kp0.0095_ki0.022_kd3e-05_+300,left,0.0095,0.022,3e-05,300.0,run,0.13293146999785677,0.0,0.05,0.0,-0.05,-0.02,0.025,0.997,-0.343,0
left_kp0.0095_ki0.022_kd3e-05_+300,left,0.0095,0.022,3e-05,300.0,run,0.199297402985394,0.0,0.14,0.0,0.14,0.02,0.039,1.624,-0.383,0
left_kp0.0095_ki0.022_kd3e-05_+300,left,0.0095,0.022,3e-05,300.0,run,0.2656184600200504,0.0,0.18,-0.01,0.18,0.04,0.043,1.822,-0.369,0
left_kp0.0095_ki0.022_kd3e-05_+300,left,0.0095,0.022,3e-05,300.0,run,0.3319257500115782,0.0,0.22,-0.05,0.22,0.02,0.044,1.9,0.048,0
left_kp0.0095_ki0.022_kd3e-05_+300,left,0.0095,0.022,3e-05,300.0,run,0.3982358369976282,0.0,0.19,0.04,-0.19,-0.02,0.05,2.149,0.241,0
left_kp0.0095_ki0.022_kd3e-05_+300,left,0.0095,0.022,3e-05,300.0,run,0.46455530100502074,0.0,0.27,-0.01,0.27,0.04,0.055,2.361,0.005,0
left_kp0.0095_ki0.022_kd3e-05_+300,left,0.0095,0.022,3e-05,300.0,run,0.5309355040080845,0.0,0.2,0.0,0.2,0.28,0.061,2.613,-0.152,0
left_kp0.0095_ki0.022_kd3e-05_+300,left,0.0095,0.022,3e-05,300.0,run,0.5972606369759887,24.0,0.23,0.05,0.24,0.0,0.072,3.074,-0.219,0
left_kp0.0095_ki0.022_kd3e-05_+300,left,0.0095,0.022,3e-05,300.0,run,0.6636565030203201,268.0,0.24,0.06,0.25,0.06,0.074,3.149,-0.377,0
left_kp0.0095_ki0.022_kd3e-05_+300,left,0.0095,0.022,3e-05,300.0,run,0.7299475310137495,334.0,0.2,0.02,0.21,0.3,0.067,2.79,-0.67,0
left_kp0.0095_ki0.022_kd3e-05_+300,left,0.0095,0.022,3e-05,300.0,run,0.7962754939799197,304.0,0.18,0.02,0.18,0.02,0.066,2.763,-0.506,0
left_kp0.0095_ki0.022_kd3e-05_+300,left,0.0095,0.022,3e-05,300.0,run,0.8625440479954705,282.0,0.16,-0.01,0.16,0.02,0.064,2.723,-0.27,0
left_kp0.0095_ki0.022_kd3e-05_+300,left,0.0095,0.022,3e-05,300.0,run,0.9289040350122377,247.0,0.17,0.05,0.18,0.04,0.063,2.656,-0.394,0
left_kp0.0095_ki0.022_kd3e-05_+300,left,0.0095,0.022,3e-05,300.0,run,0.9953188439831138,238.0,0.18,-0.06,0.19,0.04,0.062,2.659,-0.206,0
left_kp0.0095_ki0.022_kd3e-05_+300,left,0.0095,0.022,3e-05,300.0,run,1.061584374983795,228.0,0.22,-0.05,0.23,0.02,0.066,2.803,-0.27,0
left_kp0.0095_ki0.022_kd3e-05_+300,left,0.0095,0.022,3e-05,300.0,run,1.1278429129743017,240.0,0.23,0.01,0.23,0.04,0.067,2.857,-0.268,0
left_kp0.0095_ki0.022_kd3e-05_+300,left,0.0095,0.022,3e-05,300.0,run,1.1941466800053604,258.0,0.28,-0.01,0.28,0.04,0.066,2.811,-0.461,0
left_kp0.0095_ki0.022_kd3e-05_+300,left,0.0095,0.022,3e-05,300.0,run,1.2604680699878372,282.0,0.14,0.03,0.15,0.0,0.069,2.935,-0.439,0
left_kp0.0095_ki0.022_kd3e-05_+300,left,0.0095,0.022,3e-05,0,stop,1.2799864634871483e-06,282.0,0.17,-0.02,0.17,0.04,0.07,2.972,-0.329,0
left_kp0.0095_ki0.022_kd3e-05_+300,left,0.0095,0.022,3e-05,0,stop,0.07639290299266577,285.0,0.21,-0.01,0.21,0.04,0.063,2.667,-0.514,0
left_kp0.0095_ki0.022_kd3e-05_+300,left,0.0095,0.022,3e-05,0,stop,0.1427276799804531,264.0,0.12,-0.05,0.13,0.0,0.053,2.251,-0.276,0
left_kp0.0095_ki0.022_kd3e-05_+300,left,0.0095,0.022,3e-05,0,stop,0.20909098000265658,264.0,0.0,0.0,0.0,0.0,0.0,0.0,0.0,0
left_kp0.0095_ki0.022_kd3e-05_+300,left,0.0095,0.022,3e-05,0,stop,0.275487189006526,264.0,0.0,0.0,0.0,0.0,0.0,0.0,0.0,0
left_kp0.0095_ki0.022_kd3e-05_+300,left,0.0095,0.022,3e-05,0,stop,0.34195744298631325,264.0,0.0,0.0,0.0,0.0,0.0,0.0,0.0,0
left_kp0.0095_ki0.022_kd3e-05_+300,left,0.0095,0.022,3e-05,0,stop,0.4086318169720471,264.0,0.0,0.0,0.0,0.0,0.0,0.0,0.0,0
left_kp0.0095_ki0.022_kd3e-05_+300,left,0.0095,0.022,3e-05,0,stop,0.4750535599887371,264.0,0.0,0.0,0.0,0.0,0.0,0.0,0.0,0
left_kp0.0095_ki0.022_kd3e-05_+300,left,0.0095,0.022,3e-05,0,stop,0.5415519769885577,264.0,0.0,0.0,0.0,0.0,0.0,0.0,0.0,0
left_kp0.0095_ki0.022_kd3e-05_+300,left,0.0095,0.022,3e-05,0,stop,0.6078397840028629,264.0,0.0,0.0,0.0,0.0,0.0,0.0,0.0,0
left_kp0.0095_ki0.022_kd3e-05_+300,left,0.0095,0.022,3e-05,0,stop,0.6742551829665899,0.0,0.0,0.0,0.0,0.0,0.0,0.0,0.0,0
left_kp0.0095_ki0.022_kd3e-05_-300,left,0.0095,0.022,3e-05,-300.0,run,0.00013902800856158137,0.0,0.0,0.0,0.0,0.0,0.0,0.0,0.0,0
left_kp0.0095_ki0.022_kd3e-05_-300,left,0.0095,0.022,3e-05,-300.0,run,0.06626152497483417,0.0,-0.02,0.01,0.02,0.4,-0.007,-0.305,0.048,0
left_kp0.0095_ki0.022_kd3e-05_-300,left,0.0095,0.022,3e-05,-300.0,run,0.132627715007402,0.0,-0.05,0.0,0.05,0.04,-0.027,-1.141,0.0,0
left_kp0.0095_ki0.022_kd3e-05_-300,left,0.0095,0.022,3e-05,-300.0,run,0.1989672210183926,0.0,-0.18,0.0,0.18,0.38,-0.038,-1.637,0.008,0
left_kp0.0095_ki0.022_kd3e-05_-300,left,0.0095,0.022,3e-05,-300.0,run,0.26529352500801906,0.0,-0.2,0.0,0.2,0.04,-0.04,-1.704,0.085,0
left_kp0.0095_ki0.022_kd3e-05_-300,left,0.0095,0.022,3e-05,-300.0,run,0.3316915269824676,0.0,-0.2,-0.01,-0.2,-0.04,-0.042,-1.782,0.166,0
left_kp0.0095_ki0.022_kd3e-05_-300,left,0.0095,0.022,3e-05,-300.0,run,0.3980361240101047,0.0,-0.2,-0.03,0.2,0.0,-0.044,-1.873,0.227,0
left_kp0.0095_ki0.022_kd3e-05_-300,left,0.0095,0.022,3e-05,-300.0,run,0.4644324749824591,0.0,-0.25,0.0,0.25,0.0,-0.047,-2.018,0.201,0
left_kp0.0095_ki0.022_kd3e-05_-300,left,0.0095,0.022,3e-05,-300.0,run,0.5310600909870118,0.0,-0.21,0.07,0.22,0.0,-0.05,-2.163,-0.037,0
left_kp0.0095_ki0.022_kd3e-05_-300,left,0.0095,0.022,3e-05,-300.0,run,0.5973858310026117,0.0,-0.27,0.05,0.28,0.04,-0.062,-2.648,-0.085,0
left_kp0.0095_ki0.022_kd3e-05_-300,left,0.0095,0.022,3e-05,-300.0,run,0.6638212089892477,0.0,-0.28,0.06,0.29,0.06,-0.078,-3.329,-0.356,0
left_kp0.0095_ki0.022_kd3e-05_-300,left,0.0095,0.022,3e-05,-300.0,run,0.7302999600069597,-334.0,-0.15,0.07,0.17,0.0,-0.077,-3.139,-1.045,0
left_kp0.0095_ki0.022_kd3e-05_-300,left,0.0095,0.022,3e-05,-300.0,run,0.7966542660142295,-391.0,-0.13,0.01,0.13,0.02,-0.074,-3.096,-0.734,0
left_kp0.0095_ki0.022_kd3e-05_-300,left,0.0095,0.022,3e-05,-300.0,run,0.8629325999645516,-354.0,-0.21,0.01,0.21,0.04,-0.066,-2.769,-0.557,0
left_kp0.0095_ki0.022_kd3e-05_-300,left,0.0095,0.022,3e-05,-300.0,run,0.9292842769646086,-303.0,-0.22,0.0,-0.22,-0.02,-0.064,-2.685,-0.56,0
left_kp0.0095_ki0.022_kd3e-05_-300,left,0.0095,0.022,3e-05,-300.0,run,0.99556086800294,-256.0,-0.12,-0.01,0.12,0.38,-0.063,-2.669,-0.407,0
left_kp0.0095_ki0.022_kd3e-05_-300,left,0.0095,0.022,3e-05,-300.0,run,1.0622603219817393,-241.0,-0.2,0.01,0.2,0.04,-0.065,-2.793,-0.27,0
left_kp0.0095_ki0.022_kd3e-05_-300,left,0.0095,0.022,3e-05,-300.0,run,1.128540362988133,-231.0,-0.2,-0.06,0.21,0.02,-0.068,-2.881,-0.383,0
left_kp0.0095_ki0.022_kd3e-05_-300,left,0.0095,0.022,3e-05,-300.0,run,1.1947884369874373,-251.0,-0.24,0.05,0.25,0.02,-0.064,-2.683,-0.509,0
left_kp0.0095_ki0.022_kd3e-05_-300,left,0.0095,0.022,3e-05,-300.0,run,1.261204739974346,-255.0,-0.22,0.02,0.22,0.14,-0.07,-2.962,-0.447,0
left_kp0.0095_ki0.022_kd3e-05_-300,left,0.0095,0.022,3e-05,0,stop,1.209962647408247e-06,-259.0,-0.23,0.04,0.23,0.16,-0.071,-3.034,-0.426,0
left_kp0.0095_ki0.022_kd3e-05_-300,left,0.0095,0.022,3e-05,0,stop,0.07639032899169251,-301.0,-0.18,0.02,0.18,0.04,-0.065,-2.688,-0.683,0
left_kp0.0095_ki0.022_kd3e-05_-300,left,0.0095,0.022,3e-05,0,stop,0.14295716100605205,-291.0,-0.1,0.0,-0.1,-0.02,-0.056,-2.366,-0.418,0
left_kp0.0095_ki0.022_kd3e-05_-300,left,0.0095,0.022,3e-05,0,stop,0.20907130895648152,-266.0,0.0,0.0,0.0,0.0,0.0,0.0,0.0,0
left_kp0.0095_ki0.022_kd3e-05_-300,left,0.0095,0.022,3e-05,0,stop,0.2754805139848031,-266.0,0.0,0.0,0.0,0.0,0.0,0.0,0.0,0
left_kp0.0095_ki0.022_kd3e-05_-300,left,0.0095,0.022,3e-05,0,stop,0.34177076595369726,-266.0,0.0,0.0,0.0,0.0,0.0,0.0,0.0,0
left_kp0.0095_ki0.022_kd3e-05_-300,left,0.0095,0.022,3e-05,0,stop,0.40792617795523256,-266.0,0.0,0.0,0.0,0.0,0.0,0.0,0.0,0
left_kp0.0095_ki0.022_kd3e-05_-300,left,0.0095,0.022,3e-05,0,stop,0.4742630409891717,-266.0,0.0,0.0,0.0,0.0,0.0,0.0,0.0,0
left_kp0.0095_ki0.022_kd3e-05_-300,left,0.0095,0.022,3e-05,0,stop,0.5406074339989573,-266.0,0.0,0.0,0.0,0.0,0.0,0.0,0.0,0
left_kp0.0095_ki0.022_kd3e-05_-300,left,0.0095,0.022,3e-05,0,stop,0.6068841209635139,-266.0,0.0,0.0,0.0,0.0,0.0,0.0,0.0,0
left_kp0.0095_ki0.022_kd3e-05_-300,left,0.0095,0.022,3e-05,0,stop,0.6732045019743964,0.0,0.0,0.0,0.0,0.0,0.0,0.0,0.0,0
left_kp0.0095_ki0.022_kd6e-05_+300,left,0.0095,0.022,6e-05,300.0,run,0.00013164803385734558,0.0,0.0,0.0,0.0,0.0,0.0,0.0,0.0,0
left_kp0.0095_ki0.022_kd6e-05_+300,left,0.0095,0.022,6e-05,300.0,run,0.06642657803604379,0.0,0.02,0.0,0.02,0.02,0.019,0.493,-0.656,0
left_kp0.0095_ki0.022_kd6e-05_+300,left,0.0095,0.022,6e-05,300.0,run,0.1326833920320496,0.0,0.07,-0.01,0.07,0.04,0.034,1.222,-0.812,0
left_kp0.0095_ki0.022_kd6e-05_+300,left,0.0095,0.022,6e-05,300.0,run,0.19900404301006347,0.0,0.11,-0.02,0.12,0.0,0.043,1.675,-0.742,0
left_kp0.0095_ki0.022_kd6e-05_+300,left,0.0095,0.022,6e-05,300.0,run,0.26541850401554257,0.0,0.15,-0.01,0.15,0.0,0.045,1.889,-0.343,0
left_kp0.0095_ki0.022_kd6e-05_+300,left,0.0095,0.022,6e-05,300.0,run,0.33167774899629876,0.0,0.19,-0.01,0.19,0.04,0.051,2.176,-0.072,0
left_kp0.0095_ki0.022_kd6e-05_+300,left,0.0095,0.022,6e-05,300.0,run,0.39802370202960446,0.0,0.21,-0.06,0.22,0.08,0.059,2.517,0.171,0
left_kp0.0095_ki0.022_kd6e-05_+300,left,0.0095,0.022,6e-05,300.0,run,0.46440132398856804,0.0,0.22,0.03,0.22,0.02,0.064,2.747,0.217,0
left_kp0.0095_ki0.022_kd6e-05_+300,left,0.0095,0.022,6e-05,300.0,run,0.5305375669850037,125.0,0.2,0.01,0.2,0.02,0.066,2.814,-0.217,0
left_kp0.0095_ki0.022_kd6e-05_+300,left,0.0095,0.022,6e-05,300.0,run,0.5966978829819709,245.0,0.17,0.06,0.18,0.08,0.064,2.683,-0.635,0
left_kp0.0095_ki0.022_kd6e-05_+300,left,0.0095,0.022,6e-05,300.0,run,0.6628545940038748,251.0,0.18,-0.03,0.18,0.32,0.066,2.801,-0.235,0
left_kp0.0095_ki0.022_kd6e-05_+300,left,0.0095,0.022,6e-05,300.0,run,0.7290400920319371,246.0,0.21,0.0,0.21,0.08,0.057,2.458,-0.069,0
left_kp0.0095_ki0.022_kd6e-05_+300,left,0.0095,0.022,6e-05,300.0,run,0.7952196709811687,233.0,0.17,0.03,0.17,0.06,0.056,2.345,-0.42,0
left_kp0.0095_ki0.022_kd6e-05_+300,left,0.0095,0.022,6e-05,300.0,run,0.8613103569950908,209.0,0.16,0.02,0.16,0.06,0.059,2.479,-0.503,0
left_kp0.0095_ki0.022_kd6e-05_+300,left,0.0095,0.022,6e-05,300.0,run,0.9274027310311794,184.0,0.23,0.0,0.23,0.0,0.063,2.643,-0.463,0
left_kp0.0095_ki0.022_kd6e-05_+300,left,0.0095,0.022,6e-05,300.0,run,0.9934725450002588,193.0,0.21,0.02,0.21,0.06,0.069,2.97,-0.104,0
left_kp0.0095_ki0.022_kd6e-05_+300,left,0.0095,0.022,6e-05,300.0,run,1.0595434969873168,250.0,0.21,0.06,0.21,0.06,0.067,2.838,-0.428,0
left_kp0.0095_ki0.022_kd6e-05_+300,left,0.0095,0.022,6e-05,300.0,run,1.1255952150095254,279.0,0.17,-0.05,0.18,0.0,0.072,2.967,-0.785,0
left_kp0.0095_ki0.022_kd6e-05_+300,left,0.0095,0.022,6e-05,300.0,run,1.1916975780040957,285.0,0.17,-0.05,0.17,0.06,0.071,3.029,-0.369,0
left_kp0.0095_ki0.022_kd6e-05_+300,left,0.0095,0.022,6e-05,300.0,run,1.2579138210276142,294.0,0.19,0.0,0.19,0.04,0.064,2.726,-0.372,0
left_kp0.0095_ki0.022_kd6e-05_+300,left,0.0095,0.022,6e-05,0,stop,8.119968697428703e-07,270.0,0.22,0.02,0.22,0.04,0.066,2.75,-0.68,0
left_kp0.0095_ki0.022_kd6e-05_+300,left,0.0095,0.022,6e-05,0,stop,0.0761883920058608,256.0,0.17,-0.06,0.18,0.04,0.064,2.726,-0.26,0
left_kp0.0095_ki0.022_kd6e-05_+300,left,0.0095,0.022,6e-05,0,stop,0.14243851002538577,256.0,0.14,0.0,0.14,0.0,0.048,2.072,-0.064,0
left_kp0.0095_ki0.022_kd6e-05_+300,left,0.0095,0.022,6e-05,0,stop,0.20855019602458924,256.0,0.0,0.0,0.0,0.0,0.0,0.0,0.0,0
left_kp0.0095_ki0.022_kd6e-05_+300,left,0.0095,0.022,6e-05,0,stop,0.27474345301743597,256.0,0.0,0.0,0.0,0.0,0.0,0.0,0.0,0
left_kp0.0095_ki0.022_kd6e-05_+300,left,0.0095,0.022,6e-05,0,stop,0.34087668400024995,256.0,0.0,0.0,0.0,0.0,0.0,0.0,0.0,0
left_kp0.0095_ki0.022_kd6e-05_+300,left,0.0095,0.022,6e-05,0,stop,0.40709132299525663,256.0,0.0,0.0,0.0,0.0,0.0,0.0,0.0,0
left_kp0.0095_ki0.022_kd6e-05_+300,left,0.0095,0.022,6e-05,0,stop,0.4732172900112346,256.0,0.0,0.0,0.0,0.0,0.0,0.0,0.0,0
left_kp0.0095_ki0.022_kd6e-05_+300,left,0.0095,0.022,6e-05,0,stop,0.5393508329871111,256.0,0.0,0.0,0.0,0.0,0.0,0.0,0.0,0
left_kp0.0095_ki0.022_kd6e-05_+300,left,0.0095,0.022,6e-05,0,stop,0.6055451030260883,256.0,0.0,0.0,0.0,0.0,0.0,0.0,0.0,0
left_kp0.0095_ki0.022_kd6e-05_+300,left,0.0095,0.022,6e-05,0,stop,0.671758331998717,0.0,0.0,0.0,0.0,0.0,0.0,0.0,0.0,0
left_kp0.0095_ki0.022_kd6e-05_-300,left,0.0095,0.022,6e-05,-300.0,run,9.264901746064425e-05,0.0,0.0,0.0,0.0,0.0,0.0,0.0,0.0,0
left_kp0.0095_ki0.022_kd6e-05_-300,left,0.0095,0.022,6e-05,-300.0,run,0.06612541200593114,0.0,0.0,0.0,0.0,0.06,-0.008,-0.297,-0.123,0
left_kp0.0095_ki0.022_kd6e-05_-300,left,0.0095,0.022,6e-05,-300.0,run,0.13217604800593108,0.0,-0.07,-0.03,0.08,0.04,-0.029,-1.225,0.018,0
left_kp0.0095_ki0.022_kd6e-05_-300,left,0.0095,0.022,6e-05,-300.0,run,0.1983790390077047,0.0,-0.14,-0.01,0.14,0.02,-0.042,-1.782,0.257,0
left_kp0.0095_ki0.022_kd6e-05_-300,left,0.0095,0.022,6e-05,-300.0,run,0.2646991549991071,0.0,-0.2,0.0,0.2,0.04,-0.045,-1.927,0.262,0
left_kp0.0095_ki0.022_kd6e-05_-300,left,0.0095,0.022,6e-05,-300.0,run,0.33091474702814594,0.0,-0.23,0.0,-0.23,-0.02,-0.044,-1.841,0.305,0
left_kp0.0095_ki0.022_kd6e-05_-300,left,0.0095,0.022,6e-05,-300.0,run,0.39721989701502025,0.0,-0.21,0.0,0.21,0.02,-0.044,-1.871,0.351,0
left_kp0.0095_ki0.022_kd6e-05_-300,left,0.0095,0.022,6e-05,-300.0,run,0.4636114499880932,0.0,-0.26,0.0,-0.26,-0.02,-0.044,-1.868,0.364,0
left_kp0.0095_ki0.022_kd6e-05_-300,left,0.0095,0.022,6e-05,-300.0,run,0.5298500939970836,0.0,-0.29,0.0,0.29,0.06,-0.046,-1.946,0.321,0
left_kp0.0095_ki0.022_kd6e-05_-300,left,0.0095,0.022,6e-05,-300.0,run,0.5959671410382725,0.0,-0.3,0.0,0.3,0.04,-0.049,-2.08,0.225,0
left_kp0.0095_ki0.022_kd6e-05_-300,left,0.0095,0.022,6e-05,-300.0,run,0.6623217100277543,0.0,-0.27,-0.01,0.27,0.08,-0.054,-2.332,0.152,0
left_kp0.0095_ki0.022_kd6e-05_-300,left,0.0095,0.022,6e-05,-300.0,run,0.7286866260110401,0.0,-0.27,0.0,0.27,0.1,-0.066,-2.844,-0.142,0
left_kp0.0095_ki0.022_kd6e-05_-300,left,0.0095,0.022,6e-05,-300.0,run,0.7949483540141955,-23.0,-0.31,0.06,0.32,0.08,-0.086,-3.672,-0.439,0
left_kp0.0095_ki0.022_kd6e-05_-300,left,0.0095,0.022,6e-05,-300.0,run,0.8614390569855459,-448.0,-0.24,0.0,0.24,0.06,-0.071,-2.83,-1.16,0
left_kp0.0095_ki0.022_kd6e-05_-300,left,0.0095,0.022,6e-05,-300.0,run,0.9278371499967761,-439.0,-0.2,-0.07,0.21,0.06,-0.075,-3.2,-0.335,0
left_kp0.0095_ki0.022_kd6e-05_-300,left,0.0095,0.022,6e-05,-300.0,run,0.9943213030346669,-381.0,-0.13,0.03,0.14,0.04,-0.076,-3.246,-0.091,0
left_kp0.0095_ki0.022_kd6e-05_-300,left,0.0095,0.022,6e-05,-300.0,run,1.0608448560233228,-323.0,-0.17,0.0,0.17,0.02,-0.074,-3.179,-0.233,0
left_kp0.0095_ki0.022_kd6e-05_-300,left,0.0095,0.022,6e-05,-300.0,run,1.1271468839840963,-320.0,-0.19,-0.01,0.19,0.02,-0.074,-3.181,0.058,0
left_kp0.0095_ki0.022_kd6e-05_-300,left,0.0095,0.022,6e-05,-300.0,run,1.1933038790011778,-323.0,-0.18,0.0,0.18,0.06,-0.076,-3.243,-0.227,0
left_kp0.0095_ki0.022_kd6e-05_-300,left,0.0095,0.022,6e-05,-300.0,run,1.259673938038759,-319.0,-0.2,0.0,0.2,0.02,-0.074,-3.168,-0.193,0
left_kp0.0095_ki0.022_kd6e-05_-300,left,0.0095,0.022,6e-05,0,stop,8.090282790362835e-07,-323.0,-0.17,0.04,0.17,0.06,-0.075,-3.2,-0.096,0
left_kp0.0095_ki0.022_kd6e-05_-300,left,0.0095,0.022,6e-05,0,stop,0.07620938803302124,-316.0,-0.14,0.04,0.15,0.02,-0.067,-2.828,-0.372,0
left_kp0.0095_ki0.022_kd6e-05_-300,left,0.0095,0.022,6e-05,0,stop,0.1423959149979055,-288.0,-0.11,-0.03,0.12,0.06,-0.054,-2.334,-0.093,0
left_kp0.0095_ki0.022_kd6e-05_-300,left,0.0095,0.022,6e-05,0,stop,0.2086704319808632,680.0,0.0,0.0,0.0,0.0,0.0,0.0,0.0,0
left_kp0.0095_ki0.022_kd6e-05_-300,left,0.0095,0.022,6e-05,0,stop,0.2749571489985101,680.0,0.0,0.0,0.0,0.0,0.0,0.0,0.0,0
left_kp0.0095_ki0.022_kd6e-05_-300,left,0.0095,0.022,6e-05,0,stop,0.34129141201265156,680.0,0.0,0.0,0.0,0.0,0.0,0.0,0.0,0
left_kp0.0095_ki0.022_kd6e-05_-300,left,0.0095,0.022,6e-05,0,stop,0.4076895579928532,680.0,0.0,0.0,0.0,0.0,0.0,0.0,0.0,0
left_kp0.0095_ki0.022_kd6e-05_-300,left,0.0095,0.022,6e-05,0,stop,0.4739846580196172,680.0,0.0,0.0,0.0,0.0,0.0,0.0,0.0,0
left_kp0.0095_ki0.022_kd6e-05_-300,left,0.0095,0.022,6e-05,0,stop,0.5403240009909496,680.0,0.0,0.0,0.0,0.0,0.0,0.0,0.0,0
left_kp0.0095_ki0.022_kd6e-05_-300,left,0.0095,0.022,6e-05,0,stop,0.6066813400248066,680.0,0.0,0.0,0.0,0.0,0.0,0.0,0.0,0
left_kp0.0095_ki0.022_kd6e-05_-300,left,0.0095,0.022,6e-05,0,stop,0.6730187890352681,680.0,0.0,0.0,0.0,0.0,0.0,0.0,0.0,0
right_kp0.009_ki0.021_kd0_+300,right,0.009,0.021,0.0,300.0,run,0.00017213099636137486,0.0,0.0,0.0,0.0,0.0,0.0,0.0,0.0,0
right_kp0.009_ki0.021_kd0_+300,right,0.009,0.021,0.0,300.0,run,0.06630160397617146,0.0,0.01,-0.03,0.03,0.02,0.014,0.091,0.595,0
right_kp0.009_ki0.021_kd0_+300,right,0.009,0.021,0.0,300.0,run,0.13257428299402818,0.0,0.03,0.0,0.03,0.02,0.029,0.865,0.865,0
right_kp0.009_ki0.021_kd0_+300,right,0.009,0.021,0.0,300.0,run,0.19865466497140005,0.0,0.13,-0.01,0.13,0.02,0.039,1.498,0.721,0
right_kp0.009_ki0.021_kd0_+300,right,0.009,0.021,0.0,300.0,run,0.2649208889924921,0.0,0.18,0.0,0.18,0.02,0.04,1.613,0.6,0
right_kp0.009_ki0.021_kd0_+300,right,0.009,0.021,0.0,300.0,run,0.33123351901303977,0.0,0.18,0.04,0.19,0.04,0.039,1.616,0.495,0
right_kp0.009_ki0.021_kd0_+300,right,0.009,0.021,0.0,300.0,run,0.3975572849740274,0.0,0.21,0.02,0.21,0.08,0.038,1.632,0.115,0
right_kp0.009_ki0.021_kd0_+300,right,0.009,0.021,0.0,300.0,run,0.4638554520206526,0.0,0.25,0.01,0.25,0.04,0.041,1.755,-0.219,0
right_kp0.009_ki0.021_kd0_+300,right,0.009,0.021,0.0,300.0,run,0.5301189559977502,0.0,0.27,0.0,0.27,0.06,0.042,1.79,-0.278,0
right_kp0.009_ki0.021_kd0_+300,right,0.009,0.021,0.0,300.0,run,0.5965044850017875,0.0,0.27,0.0,0.27,0.06,0.044,1.86,-0.294,0
right_kp0.009_ki0.021_kd0_+300,right,0.009,0.021,0.0,300.0,run,0.6627577330218628,0.0,0.32,0.0,0.32,0.06,0.045,1.892,-0.284,0
right_kp0.009_ki0.021_kd0_+300,right,0.009,0.021,0.0,300.0,run,0.7289768040063791,0.0,0.31,0.0,0.31,0.08,0.048,2.029,-0.257,0
right_kp0.009_ki0.021_kd0_+300,right,0.009,0.021,0.0,300.0,run,0.7952325380174443,0.0,0.3,0.01,0.3,0.08,0.056,2.377,-0.305,0
right_kp0.009_ki0.021_kd0_+300,right,0.009,0.021,0.0,300.0,run,0.8614993449882604,0.0,0.32,0.07,0.33,0.06,0.073,3.109,-0.487,0
right_kp0.009_ki0.021_kd0_+300,right,0.009,0.021,0.0,300.0,run,0.9278308249777183,66.0,0.32,0.2,0.38,0.1,0.089,3.583,-1.326,0
right_kp0.009_ki0.021_kd0_+300,right,0.009,0.021,0.0,300.0,run,0.9940451969741844,397.0,0.18,-0.01,0.18,0.1,0.085,3.34,-1.503,0
right_kp0.009_ki0.021_kd0_+300,right,0.009,0.021,0.0,300.0,run,1.0603003000142053,453.0,0.17,-0.01,0.17,0.06,0.088,3.701,-0.664,0
right_kp0.009_ki0.021_kd0_+300,right,0.009,0.021,0.0,300.0,run,1.1267587619950064,450.0,0.16,-0.08,0.18,0.04,0.082,3.506,0.021,0
right_kp0.009_ki0.021_kd0_+300,right,0.009,0.021,0.0,300.0,run,1.19296439999016,413.0,0.13,-0.02,0.13,0.06,0.084,3.616,-0.187,0
right_kp0.009_ki0.021_kd0_+300,right,0.009,0.021,0.0,300.0,run,1.259268419991713,399.0,0.18,-0.05,0.19,0.04,0.08,3.433,0.029,0
right_kp0.009_ki0.021_kd0_+300,right,0.009,0.021,0.0,0,stop,1.3160170055925846e-06,378.0,0.21,0.0,0.21,0.08,0.077,3.305,0.024,0
right_kp0.009_ki0.021_kd0_+300,right,0.009,0.021,0.0,0,stop,0.07638703600969166,352.0,0.14,0.03,0.14,0.04,0.075,3.2,0.021,0
right_kp0.009_ki0.021_kd0_+300,right,0.009,0.021,0.0,0,stop,0.14296758401906118,348.0,0.12,0.0,0.12,0.08,0.055,2.342,0.142,0
right_kp0.009_ki0.021_kd0_+300,right,0.009,0.021,0.0,0,stop,0.2092156020225957,308.0,0.0,0.0,0.0,0.0,0.0,0.0,0.0,0
right_kp0.009_ki0.021_kd0_+300,right,0.009,0.021,0.0,0,stop,0.27550448902184144,308.0,0.0,0.0,0.0,0.0,0.0,0.0,0.0,0
right_kp0.009_ki0.021_kd0_+300,right,0.009,0.021,0.0,0,stop,0.341812729020603,308.0,0.0,0.0,0.0,0.0,0.0,0.0,0.0,0
right_kp0.009_ki0.021_kd0_+300,right,0.009,0.021,0.0,0,stop,0.4082224040175788,308.0,0.0,0.0,0.0,0.0,0.0,0.0,0.0,0
right_kp0.009_ki0.021_kd0_+300,right,0.009,0.021,0.0,0,stop,0.47451622702647,308.0,0.0,0.0,0.0,0.0,0.0,0.0,0.0,0
right_kp0.009_ki0.021_kd0_+300,right,0.009,0.021,0.0,0,stop,0.5408464369829744,308.0,0.0,0.0,0.0,0.0,0.0,0.0,0.0,0
right_kp0.009_ki0.021_kd0_+300,right,0.009,0.021,0.0,0,stop,0.6071529830223881,308.0,0.0,0.0,0.0,0.0,0.0,0.0,0.0,0
right_kp0.009_ki0.021_kd0_+300,right,0.009,0.021,0.0,0,stop,0.6734910830273293,0.0,0.0,0.0,0.0,0.0,0.0,0.0,0.0,0
right_kp0.009_ki0.021_kd0_-300,right,0.009,0.021,0.0,-300.0,run,0.0001386849908158183,0.0,0.0,0.0,0.0,0.0,0.0,0.0,0.0,0
right_kp0.009_ki0.021_kd0_-300,right,0.009,0.021,0.0,-300.0,run,0.06631517695495859,0.0,-0.01,0.02,0.02,0.06,0.011,0.048,-0.45,0
right_kp0.009_ki0.021_kd0_-300,right,0.009,0.021,0.0,-300.0,run,0.13288359594298527,0.0,-0.03,0.01,0.03,0.04,-0.022,-0.675,-0.664,0
right_kp0.009_ki0.021_kd0_-300,right,0.009,0.021,0.0,-300.0,run,0.19907061499543488,0.0,-0.12,0.0,0.12,0.02,-0.036,-1.447,-0.52,0
right_kp0.009_ki0.021_kd0_-300,right,0.009,0.021,0.0,-300.0,run,0.2653689779690467,0.0,-0.17,-0.02,0.17,0.06,-0.039,-1.6,-0.447,0
right_kp0.009_ki0.021_kd0_-300,right,0.009,0.021,0.0,-300.0,run,0.3319895769818686,0.0,-0.19,0.0,0.19,0.0,-0.039,-1.629,-0.431,0
right_kp0.009_ki0.021_kd0_-300,right,0.009,0.021,0.0,-300.0,run,0.39829029695829377,0.0,-0.22,0.03,0.22,0.0,-0.04,-1.678,-0.436,0
right_kp0.009_ki0.021_kd0_-300,right,0.009,0.021,0.0,-300.0,run,0.4647181009640917,0.0,-0.23,0.01,0.23,0.08,-0.042,-1.766,-0.388,0
right_kp0.009_ki0.021_kd0_-300,right,0.009,0.021,0.0,-300.0,run,0.5310777039849199,0.0,-0.26,0.02,0.26,0.12,-0.043,-1.812,-0.423,0
right_kp0.009_ki0.021_kd0_-300,right,0.009,0.021,0.0,-300.0,run,0.5974404259468429,0.0,-0.24,-0.02,0.24,0.04,-0.054,-2.321,0.067,0
right_kp0.009_ki0.021_kd0_-300,right,0.009,0.021,0.0,-300.0,run,0.6637513019959442,0.0,-0.24,-0.02,0.24,0.1,-0.065,-2.779,-0.179,0
right_kp0.009_ki0.021_kd0_-300,right,0.009,0.021,0.0,-300.0,run,0.7300518819829449,-25.0,-0.21,-0.02,0.21,0.08,-0.077,-3.278,-0.461,0
right_kp0.009_ki0.021_kd0_-300,right,0.009,0.021,0.0,-300.0,run,0.7964518509688787,-291.0,-0.29,0.03,0.29,0.06,-0.078,-3.281,-0.557,0
right_kp0.009_ki0.021_kd0_-300,right,0.009,0.021,0.0,-300.0,run,0.8627285409602337,-380.0,-0.12,-0.01,0.12,0.06,-0.075,-3.093,-0.887,0
right_kp0.009_ki0.021_kd0_-300,right,0.009,0.021,0.0,-300.0,run,0.9290674369549379,-351.0,-0.14,-0.03,0.14,0.08,-0.071,-3.039,-0.372,0
right_kp0.009_ki0.021_kd0_-300,right,0.009,0.021,0.0,-300.0,run,0.9954314819769934,-311.0,-0.2,-0.03,0.2,0.0,-0.065,-2.75,-0.544,0
right_kp0.009_ki0.021_kd0_-300,right,0.009,0.021,0.0,-300.0,run,1.0616567939869128,-277.0,-0.21,0.04,0.21,0.08,-0.066,-2.744,-0.68,0
right_kp0.009_ki0.021_kd0_-300,right,0.009,0.021,0.0,-300.0,run,1.1281540099880658,-265.0,-0.21,0.0,0.21,0.02,-0.067,-2.846,-0.351,0
right_kp0.009_ki0.021_kd0_-300,right,0.009,0.021,0.0,-300.0,run,1.1958676599897444,-262.0,-0.23,0.02,0.23,0.04,-0.067,-2.846,-0.329,0
right_kp0.009_ki0.021_kd0_-300,right,0.009,0.021,0.0,-300.0,run,1.2621779869659804,-256.0,-0.17,0.05,0.17,0.08,-0.066,-2.755,-0.643,0
right_kp0.009_ki0.021_kd0_-300,right,0.009,0.021,0.0,0,stop,1.3060052879154682e-06,-267.0,-0.16,-0.05,0.17,0.04,-0.069,-2.935,-0.471,0
right_kp0.009_ki0.021_kd0_-300,right,0.009,0.021,0.0,0,stop,0.07648878003237769,-272.0,-0.19,-0.03,0.19,0.02,-0.066,-2.825,-0.313,0
right_kp0.009_ki0.021_kd0_-300,right,0.009,0.021,0.0,0,stop,0.14295657799812034,-265.0,-0.15,0.0,0.15,0.04,-0.055,-2.305,-0.426,0
right_kp0.009_ki0.021_kd0_-300,right,0.009,0.021,0.0,0,stop,0.2094304350321181,-228.0,0.0,0.0,0.0,0.0,0.0,0.0,0.0,0
right_kp0.009_ki0.021_kd0_-300,right,0.009,0.021,0.0,0,stop,0.275853970029857,-228.0,0.0,0.0,0.0,0.0,0.0,0.0,0.0,0
right_kp0.009_ki0.021_kd0_-300,right,0.009,0.021,0.0,0,stop,0.34213360003195703,-228.0,0.0,0.0,0.0,0.0,0.0,0.0,0.0,0
right_kp0.009_ki0.021_kd0_-300,right,0.009,0.021,0.0,0,stop,0.40842948702629656,-228.0,0.0,0.0,0.0,0.0,0.0,0.0,0.0,0
right_kp0.009_ki0.021_kd0_-300,right,0.009,0.021,0.0,0,stop,0.4747297430294566,-228.0,0.0,0.0,0.0,0.0,0.0,0.0,0.0,0
right_kp0.009_ki0.021_kd0_-300,right,0.009,0.021,0.0,0,stop,0.5410852490458637,-228.0,0.0,0.0,0.0,0.0,0.0,0.0,0.0,0
right_kp0.009_ki0.021_kd0_-300,right,0.009,0.021,0.0,0,stop,0.607474374002777,-228.0,0.0,0.0,0.0,0.0,0.0,0.0,0.0,0
right_kp0.009_ki0.021_kd0_-300,right,0.009,0.021,0.0,0,stop,0.6737867670017295,0.0,0.0,0.0,0.0,0.0,0.0,0.0,0.0,0
right_kp0.009_ki0.022_kd0_+300,right,0.009,0.022,0.0,300.0,run,0.0001594570348970592,0.0,0.0,0.0,0.0,0.0,0.0,0.0,0.0,0
right_kp0.009_ki0.022_kd0_+300,right,0.009,0.022,0.0,300.0,run,0.06647514703217894,0.0,0.03,0.0,0.03,0.02,-0.008,-0.345,-0.026,0
right_kp0.009_ki0.022_kd0_+300,right,0.009,0.022,0.0,300.0,run,0.1327925240038894,0.0,0.04,0.0,0.04,0.06,0.004,0.171,-0.021,0
right_kp0.009_ki0.022_kd0_+300,right,0.009,0.022,0.0,300.0,run,0.19910715601872653,0.0,0.06,0.02,0.06,0.04,0.03,1.267,-0.184,0
right_kp0.009_ki0.022_kd0_+300,right,0.009,0.022,0.0,300.0,run,0.26549937803065404,0.0,0.18,-0.05,0.19,0.08,0.042,1.771,-0.211,0
right_kp0.009_ki0.022_kd0_+300,right,0.009,0.022,0.0,300.0,run,0.3317408250295557,0.0,0.2,0.0,0.2,0.04,0.042,1.75,-0.388,0
right_kp0.009_ki0.022_kd0_+300,right,0.009,0.022,0.0,300.0,run,0.39801008999347687,0.0,0.23,0.0,0.23,0.04,0.043,1.777,-0.453,0
right_kp0.009_ki0.022_kd0_+300,right,0.009,0.022,0.0,300.0,run,0.4643438220373355,0.0,0.24,0.0,0.24,0.04,0.045,1.857,-0.455,0
right_kp0.009_ki0.022_kd0_+300,right,0.009,0.022,0.0,300.0,run,0.530640019045677,0.0,0.24,-0.01,0.24,0.02,0.048,2.031,-0.399,0
right_kp0.009_ki0.022_kd0_+300,right,0.009,0.022,0.0,300.0,run,0.5969255919917487,0.0,0.26,0.04,0.26,0.06,0.061,2.568,-0.533,0
right_kp0.009_ki0.022_kd0_+300,right,0.009,0.022,0.0,300.0,run,0.6632640820462257,0.0,0.3,-0.07,0.31,0.08,0.075,3.173,-0.442,0
right_kp0.009_ki0.022_kd0_+300,right,0.009,0.022,0.0,300.0,run,0.7296268829959445,306.0,0.26,-0.01,0.26,0.06,0.077,3.171,-0.946,0
right_kp0.009_ki0.022_kd0_+300,right,0.009,0.022,0.0,300.0,run,0.7958852740121074,356.0,0.18,0.0,0.18,0.08,0.077,3.208,-0.785,0
right_kp0.009_ki0.022_kd0_+300,right,0.009,0.022,0.0,300.0,run,0.8622120729996823,363.0,0.19,-0.03,0.2,0.08,0.073,3.055,-0.646,0
right_kp0.009_ki0.022_kd0_+300,right,0.009,0.022,0.0,300.0,run,0.9285037270165049,345.0,0.19,0.01,0.19,0.04,0.068,2.849,-0.565,0
right_kp0.009_ki0.022_kd0_+300,right,0.009,0.022,0.0,300.0,run,0.9947146319900639,294.0,0.17,0.01,0.17,0.06,0.067,2.833,-0.455,0
right_kp0.009_ki0.022_kd0_+300,right,0.009,0.022,0.0,300.0,run,1.0609799590311013,267.0,0.13,0.03,0.13,0.06,0.068,2.852,-0.573,0
right_kp0.009_ki0.022_kd0_+300,right,0.009,0.022,0.0,300.0,run,1.127291385026183,268.0,0.21,0.02,0.21,0.0,0.066,2.785,-0.45,0
right_kp0.009_ki0.022_kd0_+300,right,0.009,0.022,0.0,300.0,run,1.1936270440346561,264.0,0.19,0.02,0.19,0.04,0.067,2.849,-0.399,0
right_kp0.009_ki0.022_kd0_+300,right,0.009,0.022,0.0,300.0,run,1.259997513028793,256.0,0.22,-0.04,0.22,0.06,0.07,2.948,-0.482,0
right_kp0.009_ki0.022_kd0_+300,right,0.009,0.022,0.0,0,stop,1.3170065358281136e-06,268.0,0.16,-0.02,0.16,0.04,0.069,2.911,-0.53,0
right_kp0.009_ki0.022_kd0_+300,right,0.009,0.022,0.0,0,stop,0.07646999496500939,280.0,0.17,-0.01,0.17,0.04,0.063,2.672,-0.372,0
right_kp0.009_ki0.022_kd0_+300,right,0.009,0.022,0.0,0,stop,0.14275862200884148,261.0,0.14,0.02,0.14,0.06,0.057,2.393,-0.477,0
right_kp0.009_ki0.022_kd0_+300,right,0.009,0.022,0.0,0,stop,0.209030341997277,237.0,0.0,0.0,0.0,0.0,0.0,0.0,0.0,0
right_kp0.009_ki0.022_kd0_+300,right,0.009,0.022,0.0,0,stop,0.2753451509634033,237.0,0.0,0.0,0.0,0.0,0.0,0.0,0.0,0
right_kp0.009_ki0.022_kd0_+300,right,0.009,0.022,0.0,0,stop,0.34163173101842403,237.0,0.0,0.0,0.0,0.0,0.0,0.0,0.0,0
right_kp0.009_ki0.022_kd0_+300,right,0.009,0.022,0.0,0,stop,0.4079739240114577,237.0,0.0,0.0,0.0,0.0,0.0,0.0,0.0,0
right_kp0.009_ki0.022_kd0_+300,right,0.009,0.022,0.0,0,stop,0.47430705797160044,237.0,0.0,0.0,0.0,0.0,0.0,0.0,0.0,0
right_kp0.009_ki0.022_kd0_+300,right,0.009,0.022,0.0,0,stop,0.5405750729842111,237.0,0.0,0.0,0.0,0.0,0.0,0.0,0.0,0
right_kp0.009_ki0.022_kd0_+300,right,0.009,0.022,0.0,0,stop,0.6069152560085058,237.0,0.0,0.0,0.0,0.0,0.0,0.0,0.0,0
right_kp0.009_ki0.022_kd0_+300,right,0.009,0.022,0.0,0,stop,0.673212538997177,0.0,0.0,0.0,0.0,0.0,0.0,0.0,0.0,0
right_kp0.009_ki0.022_kd0_-300,right,0.009,0.022,0.0,-300.0,run,0.0002025169669650495,0.0,0.0,0.0,0.0,0.0,0.0,0.0,0.0,0
right_kp0.009_ki0.022_kd0_-300,right,0.009,0.022,0.0,-300.0,run,0.06642177101457492,0.0,-0.03,0.01,0.03,0.04,0.01,0.361,-0.214,0
right_kp0.009_ki0.022_kd0_-300,right,0.009,0.022,0.0,-300.0,run,0.13267813401762396,0.0,-0.05,0.01,0.05,0.0,-0.008,-0.193,-0.292,0
right_kp0.009_ki0.022_kd0_-300,right,0.009,0.022,0.0,-300.0,run,0.19897409400437027,0.0,-0.1,0.0,0.1,0.0,-0.03,-1.281,-0.15,0
right_kp0.009_ki0.022_kd0_-300,right,0.009,0.022,0.0,-300.0,run,0.2654668479808606,0.0,-0.16,0.0,0.16,0.04,-0.042,-1.793,-0.037,0
right_kp0.009_ki0.022_kd0_-300,right,0.009,0.022,0.0,-300.0,run,0.3318660329678096,0.0,-0.2,0.0,0.2,0.0,-0.04,-1.715,-0.072,0
right_kp0.009_ki0.022_kd0_-300,right,0.009,0.022,0.0,-300.0,run,0.3982013550121337,0.0,-0.22,0.0,0.22,0.02,-0.039,-1.683,-0.158,0
right_kp0.009_ki0.022_kd0_-300,right,0.009,0.022,0.0,-300.0,run,0.46515234699472785,0.0,-0.24,0.03,0.25,0.0,-0.04,-1.718,-0.217,0
right_kp0.009_ki0.022_kd0_-300,right,0.009,0.022,0.0,-300.0,run,0.5314425209653564,0.0,-0.26,0.01,-0.26,-0.04,-0.042,-1.782,-0.241,0
right_kp0.009_ki0.022_kd0_-300,right,0.009,0.022,0.0,-300.0,run,0.5977337039657868,0.0,-0.26,-0.01,-0.26,-0.1,-0.044,-1.889,-0.257,0
right_kp0.009_ki0.022_kd0_-300,right,0.009,0.022,0.0,-300.0,run,0.6641719649778679,0.0,-0.29,0.02,0.29,0.04,-0.05,-2.125,-0.289,0
right_kp0.009_ki0.022_kd0_-300,right,0.009,0.022,0.0,-300.0,run,0.7303547100163996,0.0,-0.3,0.04,0.3,0.0,-0.064,-2.736,-0.104,0
right_kp0.009_ki0.022_kd0_-300,right,0.009,0.022,0.0,-300.0,run,0.7965614109998569,-24.0,-0.29,-0.07,0.3,0.06,-0.077,-3.267,-0.56,0
right_kp0.009_ki0.022_kd0_-300,right,0.009,0.022,0.0,-300.0,run,0.8628924309741706,-324.0,-0.16,-0.05,0.17,0.06,-0.088,-3.709,-0.635,0
right_kp0.009_ki0.022_kd0_-300,right,0.009,0.022,0.0,-300.0,run,0.9291446239803918,-433.0,-0.23,0.03,0.23,0.02,-0.079,-3.238,-1.053,0
right_kp0.009_ki0.022_kd0_-300,right,0.009,0.022,0.0,-300.0,run,0.9954142969800159,-416.0,-0.16,0.02,0.16,0.04,-0.08,-3.401,-0.546,0
right_kp0.009_ki0.022_kd0_-300,right,0.009,0.022,0.0,-300.0,run,1.0617599459947087,-366.0,-0.25,0.04,0.25,0.02,-0.07,-2.897,-0.737,0
right_kp0.009_ki0.022_kd0_-300,right,0.009,0.022,0.0,-300.0,run,1.1280772659811191,-342.0,-0.15,-0.07,0.16,0.06,-0.073,-3.055,-0.651,0
right_kp0.009_ki0.022_kd0_-300,right,0.009,0.022,0.0,-300.0,run,1.1943833359982818,-323.0,-0.24,-0.02,0.25,0.04,-0.072,-3.066,-0.318,0
right_kp0.009_ki0.022_kd0_-300,right,0.009,0.022,0.0,-300.0,run,1.260718781966716,-298.0,-0.19,0.07,-0.2,-0.06,-0.066,-2.763,-0.68,0
right_kp0.009_ki0.022_kd0_-300,right,0.009,0.022,0.0,0,stop,1.2970413081347942e-06,-293.0,-0.17,-0.07,0.19,0.02,-0.07,-2.967,-0.538,0
right_kp0.009_ki0.022_kd0_-300,right,0.009,0.022,0.0,0,stop,0.07638229499571025,-284.0,-0.21,-0.02,0.21,0.02,-0.066,-2.828,-0.327,0
right_kp0.009_ki0.022_kd0_-300,right,0.009,0.022,0.0,0,stop,0.14265377901028842,-275.0,-0.15,0.0,0.15,0.02,-0.054,-2.294,-0.404,0
right_kp0.009_ki0.022_kd0_-300,right,0.009,0.022,0.0,0,stop,0.20899089402519166,-242.0,0.0,0.0,0.0,0.0,0.0,0.0,0.0,0
right_kp0.009_ki0.022_kd0_-300,right,0.009,0.022,0.0,0,stop,0.2752787310164422,-242.0,0.0,0.0,0.0,0.0,0.0,0.0,0.0,0
right_kp0.009_ki0.022_kd0_-300,right,0.009,0.022,0.0,0,stop,0.34164083999348804,-242.0,0.0,0.0,0.0,0.0,0.0,0.0,0.0,0
right_kp0.009_ki0.022_kd0_-300,right,0.009,0.022,0.0,0,stop,0.407917667995207,-242.0,0.0,0.0,0.0,0.0,0.0,0.0,0.0,0
right_kp0.009_ki0.022_kd0_-300,right,0.009,0.022,0.0,0,stop,0.4742317520431243,-242.0,0.0,0.0,0.0,0.0,0.0,0.0,0.0,0
right_kp0.009_ki0.022_kd0_-300,right,0.009,0.022,0.0,0,stop,0.5409691090462729,-242.0,0.0,0.0,0.0,0.0,0.0,0.0,0.0,0
right_kp0.009_ki0.022_kd0_-300,right,0.009,0.022,0.0,0,stop,0.6073430730029941,-242.0,0.0,0.0,0.0,0.0,0.0,0.0,0.0,0
right_kp0.009_ki0.022_kd0_-300,right,0.009,0.022,0.0,0,stop,0.6737131120171398,0.0,0.0,0.0,0.0,0.0,0.0,0.0,0.0,0
right_kp0.0095_ki0.021_kd0_+300,right,0.0095,0.021,0.0,300.0,run,0.00018137000733986497,0.0,0.0,0.0,0.0,0.0,0.0,0.0,0.0,0
right_kp0.0095_ki0.021_kd0_+300,right,0.0095,0.021,0.0,300.0,run,0.06639044097391888,0.0,0.0,0.0,0.0,0.0,-0.012,-0.506,0.163,0
right_kp0.0095_ki0.021_kd0_+300,right,0.0095,0.021,0.0,300.0,run,0.1326304490212351,0.0,0.05,-0.01,0.05,0.0,0.006,0.024,0.262,0
right_kp0.0095_ki0.021_kd0_+300,right,0.0095,0.021,0.0,300.0,run,0.19892981601879,0.0,0.07,0.0,0.07,0.06,0.023,0.922,0.318,0
right_kp0.0095_ki0.021_kd0_+300,right,0.0095,0.021,0.0,300.0,run,0.26530699396971613,0.0,0.17,0.02,0.17,0.02,0.036,1.544,0.136,0
right_kp0.0095_ki0.021_kd0_+300,right,0.0095,0.021,0.0,300.0,run,0.3315082279732451,0.0,0.19,0.01,0.19,0.06,0.041,1.734,-0.182,0
right_kp0.0095_ki0.021_kd0_+300,right,0.0095,0.021,0.0,300.0,run,0.39778482500696555,0.0,0.25,-0.06,0.26,0.0,0.044,1.881,-0.139,0
right_kp0.0095_ki0.021_kd0_+300,right,0.0095,0.021,0.0,300.0,run,0.46418971300590783,0.0,0.23,0.0,0.23,0.06,0.045,1.913,-0.359,0
right_kp0.0095_ki0.021_kd0_+300,right,0.0095,0.021,0.0,300.0,run,0.5304778990102932,0.0,0.23,0.0,0.23,0.04,0.052,2.203,-0.402,0
right_kp0.0095_ki0.021_kd0_+300,right,0.0095,0.021,0.0,300.0,run,0.5967915219953284,0.0,0.24,0.01,0.24,0.04,0.064,2.699,-0.463,0
right_kp0.0095_ki0.021_kd0_+300,right,0.0095,0.021,0.0,300.0,run,0.663139546988532,23.0,0.18,0.09,0.21,0.04,0.077,3.184,-0.79,0
right_kp0.0095_ki0.021_kd0_+300,right,0.0095,0.021,0.0,300.0,run,0.7293285430059768,284.0,0.22,-0.01,0.22,0.08,0.075,3.104,-0.847,0
right_kp0.0095_ki0.021_kd0_+300,right,0.0095,0.021,0.0,300.0,run,0.7955594370141625,347.0,0.21,0.04,0.22,0.0,0.071,2.929,-0.83,0
right_kp0.0095_ki0.021_kd0_+300,right,0.0095,0.021,0.0,300.0,run,0.8618854159722105,327.0,0.21,0.0,0.21,0.04,0.067,2.803,-0.576,0
right_kp0.0095_ki0.021_kd0_+300,right,0.0095,0.021,0.0,300.0,run,0.9282678770250641,297.0,0.19,0.0,0.19,0.06,0.063,2.669,-0.369,0
right_kp0.0095_ki0.021_kd0_+300,right,0.0095,0.021,0.0,300.0,run,0.9944631480029784,246.0,0.18,0.0,0.18,0.06,0.061,2.594,-0.426,0
right_kp0.0095_ki0.021_kd0_+300,right,0.0095,0.021,0.0,300.0,run,1.0609743840177543,229.0,0.22,-0.03,-0.23,-0.04,0.063,2.659,-0.509,0
right_kp0.0095_ki0.021_kd0_+300,right,0.0095,0.021,0.0,300.0,run,1.1275061540072784,219.0,0.28,0.01,0.28,0.04,0.066,2.795,-0.388,0
right_kp0.0095_ki0.021_kd0_+300,right,0.0095,0.021,0.0,300.0,run,1.1939822459826246,255.0,0.23,0.04,0.23,0.06,0.068,2.876,-0.436,0
right_kp0.0095_ki0.021_kd0_+300,right,0.0095,0.021,0.0,300.0,run,1.260404244007077,264.0,0.21,0.03,0.21,0.06,0.07,2.924,-0.579,0
right_kp0.0095_ki0.021_kd0_+300,right,0.0095,0.021,0.0,0,stop,1.300009898841381e-06,274.0,0.22,-0.04,0.22,0.08,0.071,2.986,-0.568,0
right_kp0.0095_ki0.021_kd0_+300,right,0.0095,0.021,0.0,0,stop,0.07653172599384561,288.0,0.19,0.02,0.19,0.0,0.063,2.68,-0.453,0
right_kp0.0095_ki0.021_kd0_+300,right,0.0095,0.021,0.0,0,stop,0.14284915901953354,260.0,0.15,0.0,0.15,0.06,0.051,2.131,-0.436,0
right_kp0.0095_ki0.021_kd0_+300,right,0.0095,0.021,0.0,0,stop,0.20915521099232137,260.0,0.0,0.0,0.0,0.0,0.0,0.0,0.0,0
right_kp0.0095_ki0.021_kd0_+300,right,0.0095,0.021,0.0,0,stop,0.2755560519872233,260.0,0.0,0.0,0.0,0.0,0.0,0.0,0.0,0
right_kp0.0095_ki0.021_kd0_+300,right,0.0095,0.021,0.0,0,stop,0.3420872350106947,260.0,0.0,0.0,0.0,0.0,0.0,0.0,0.0,0
right_kp0.0095_ki0.021_kd0_+300,right,0.0095,0.021,0.0,0,stop,0.4083876319928095,260.0,0.0,0.0,0.0,0.0,0.0,0.0,0.0,0
right_kp0.0095_ki0.021_kd0_+300,right,0.0095,0.021,0.0,0,stop,0.47472292702877894,260.0,0.0,0.0,0.0,0.0,0.0,0.0,0.0,0
right_kp0.0095_ki0.021_kd0_+300,right,0.0095,0.021,0.0,0,stop,0.5411493080318905,260.0,0.0,0.0,0.0,0.0,0.0,0.0,0.0,0
right_kp0.0095_ki0.021_kd0_+300,right,0.0095,0.021,0.0,0,stop,0.6074509210302494,260.0,0.0,0.0,0.0,0.0,0.0,0.0,0.0,0
right_kp0.0095_ki0.021_kd0_+300,right,0.0095,0.021,0.0,0,stop,0.6737885600305162,0.0,0.0,0.0,0.0,0.0,0.0,0.0,0.0,0
right_kp0.0095_ki0.021_kd0_-300,right,0.0095,0.021,0.0,-300.0,run,0.00016516400501132011,0.0,0.0,0.0,0.0,0.0,0.0,0.0,0.0,0
right_kp0.0095_ki0.021_kd0_-300,right,0.0095,0.021,0.0,-300.0,run,0.06636512198019773,0.0,0.0,0.02,0.02,0.0,-0.016,-0.072,-0.672,0
right_kp0.0095_ki0.021_kd0_-300,right,0.0095,0.021,0.0,-300.0,run,0.13258113898336887,0.0,-0.03,-0.02,0.04,0.04,-0.029,-0.871,-0.86,0
right_kp0.0095_ki0.021_kd0_-300,right,0.0095,0.021,0.0,-300.0,run,0.19895122799789533,0.0,-0.13,0.0,0.13,0.0,-0.038,-1.53,-0.587,0
right_kp0.0095_ki0.021_kd0_-300,right,0.0095,0.021,0.0,-300.0,run,0.2653620319906622,0.0,-0.18,0.01,0.18,0.04,-0.041,-1.656,-0.538,0
right_kp0.0095_ki0.021_kd0_-300,right,0.0095,0.021,0.0,-300.0,run,0.33160938997752964,0.0,-0.2,0.0,0.2,0.0,-0.042,-1.707,-0.511,0
right_kp0.0095_ki0.021_kd0_-300,right,0.0095,0.021,0.0,-300.0,run,0.397954388987273,0.0,-0.22,0.0,0.22,0.08,-0.042,-1.729,-0.495,0
right_kp0.0095_ki0.021_kd0_-300,right,0.0095,0.021,0.0,-300.0,run,0.46437871898524463,0.0,-0.25,0.01,0.25,0.04,-0.045,-1.844,-0.538,0
right_kp0.0095_ki0.021_kd0_-300,right,0.0095,0.021,0.0,-300.0,run,0.5306869919877499,0.0,-0.19,-0.01,0.19,0.02,-0.053,-2.265,-0.125,0
right_kp0.0095_ki0.021_kd0_-300,right,0.0095,0.021,0.0,-300.0,run,0.5970909229945391,0.0,-0.25,-0.04,0.25,0.04,-0.064,-2.75,-0.193,0
right_kp0.0095_ki0.021_kd0_-300,right,0.0095,0.021,0.0,-300.0,run,0.6633976009907201,-25.0,-0.25,0.06,0.25,0.04,-0.071,-3.034,-0.359,0
right_kp0.0095_ki0.021_kd0_-300,right,0.0095,0.021,0.0,-300.0,run,0.7295638570212759,-286.0,-0.22,-0.01,0.22,0.08,-0.076,-3.238,-0.479,0
right_kp0.0095_ki0.021_kd0_-300,right,0.0095,0.021,0.0,-300.0,run,0.7958815799793229,-336.0,-0.16,-0.03,0.17,0.04,-0.073,-3.047,-0.777,0
right_kp0.0095_ki0.021_kd0_-300,right,0.0095,0.021,0.0,-300.0,run,0.8622631679754704,-335.0,-0.17,-0.01,0.17,0.02,-0.066,-2.803,-0.404,0
right_kp0.0095_ki0.021_kd0_-300,right,0.0095,0.021,0.0,-300.0,run,0.9285679340246134,-293.0,-0.21,0.03,0.22,0.02,-0.063,-2.648,-0.418,0
right_kp0.0095_ki0.021_kd0_-300,right,0.0095,0.021,0.0,-300.0,run,0.9948530810070224,-261.0,-0.2,0.0,0.2,0.02,-0.062,-2.589,-0.525,0
right_kp0.0095_ki0.021_kd0_-300,right,0.0095,0.021,0.0,-300.0,run,1.0611658329726197,-232.0,-0.18,-0.07,0.19,0.04,-0.067,-2.836,-0.42,0
right_kp0.0095_ki0.021_kd0_-300,right,0.0095,0.021,0.0,-300.0,run,1.127390210982412,-237.0,-0.2,0.01,0.2,0.04,-0.065,-2.782,-0.343,0
right_kp0.0095_ki0.021_kd0_-300,right,0.0095,0.021,0.0,-300.0,run,1.193623540981207,-251.0,-0.23,0.04,0.24,0.02,-0.066,-2.779,-0.506,0
right_kp0.0095_ki0.021_kd0_-300,right,0.0095,0.021,0.0,-300.0,run,1.2598628620035015,-249.0,-0.16,-0.04,0.17,0.06,-0.07,-2.924,-0.651,0
right_kp0.0095_ki0.021_kd0_-300,right,0.0095,0.021,0.0,0,stop,1.1669471859931946e-06,-273.0,-0.23,-0.01,0.23,0.08,-0.068,-2.884,-0.348,0
right_kp0.0095_ki0.021_kd0_-300,right,0.0095,0.021,0.0,0,stop,0.0763545679510571,-280.0,-0.18,0.04,0.18,0.1,-0.064,-2.688,-0.458,0
right_kp0.0095_ki0.021_kd0_-300,right,0.0095,0.021,0.0,0,stop,0.1427082539885305,-268.0,-0.15,-0.01,0.15,0.04,-0.055,-2.278,-0.533,0
right_kp0.0095_ki0.021_kd0_-300,right,0.0095,0.021,0.0,0,stop,0.20899665396427736,-233.0,0.0,0.0,0.0,0.0,0.0,0.0,0.0,0
right_kp0.0095_ki0.021_kd0_-300,right,0.0095,0.021,0.0,0,stop,0.2752806599601172,-233.0,0.0,0.0,0.0,0.0,0.0,0.0,0.0,0
right_kp0.0095_ki0.021_kd0_-300,right,0.0095,0.021,0.0,0,stop,0.3414927839767188,-233.0,0.0,0.0,0.0,0.0,0.0,0.0,0.0,0
right_kp0.0095_ki0.021_kd0_-300,right,0.0095,0.021,0.0,0,stop,0.4079128689481877,-233.0,0.0,0.0,0.0,0.0,0.0,0.0,0.0,0
right_kp0.0095_ki0.021_kd0_-300,right,0.0095,0.021,0.0,0,stop,0.4741931780008599,-233.0,0.0,0.0,0.0,0.0,0.0,0.0,0.0,0
right_kp0.0095_ki0.021_kd0_-300,right,0.0095,0.021,0.0,0,stop,0.5405232469784096,-233.0,0.0,0.0,0.0,0.0,0.0,0.0,0.0,0
right_kp0.0095_ki0.021_kd0_-300,right,0.0095,0.021,0.0,0,stop,0.6070396829745732,-233.0,0.0,0.0,0.0,0.0,0.0,0.0,0.0,0
right_kp0.0095_ki0.021_kd0_-300,right,0.0095,0.021,0.0,0,stop,0.6733453689957969,0.0,0.0,0.0,0.0,0.0,0.0,0.0,0.0,0
right_kp0.009_ki0.021_kd3e-05_+300,right,0.009,0.021,3e-05,300.0,run,0.00015060801524668932,0.0,0.0,0.0,0.0,0.0,0.0,0.0,0.0,0
right_kp0.009_ki0.021_kd3e-05_+300,right,0.009,0.021,3e-05,300.0,run,0.0663452050066553,0.0,0.02,0.0,0.02,0.0,-0.01,-0.426,-0.01,0
right_kp0.009_ki0.021_kd3e-05_+300,right,0.009,0.021,3e-05,300.0,run,0.13254691602196544,0.0,0.06,0.0,0.06,0.0,-0.001,-0.021,0.008,0
right_kp0.009_ki0.021_kd3e-05_+300,right,0.009,0.021,3e-05,300.0,run,0.19894744298653677,0.0,0.06,0.02,0.06,0.02,0.027,1.168,-0.131,0
right_kp0.009_ki0.021_kd3e-05_+300,right,0.009,0.021,3e-05,300.0,run,0.26518923800904304,0.0,0.17,0.0,0.17,0.1,0.041,1.72,-0.308,0
right_kp0.009_ki0.021_kd3e-05_+300,right,0.009,0.021,3e-05,300.0,run,0.33146288397256285,0.0,0.2,0.0,0.2,0.04,0.042,1.761,-0.361,0
right_kp0.009_ki0.021_kd3e-05_+300,right,0.009,0.021,3e-05,300.0,run,0.397746263013687,0.0,0.24,-0.07,0.25,0.04,0.044,1.865,-0.243,0
right_kp0.009_ki0.021_kd3e-05_+300,right,0.009,0.021,3e-05,300.0,run,0.46398255100939423,0.0,0.24,0.01,0.24,0.08,0.045,1.857,-0.447,0
right_kp0.009_ki0.021_kd3e-05_+300,right,0.009,0.021,3e-05,300.0,run,0.5302642770111561,0.0,0.23,-0.01,0.23,0.04,0.048,2.037,-0.404,0
right_kp0.009_ki0.021_kd3e-05_+300,right,0.009,0.021,3e-05,300.0,run,0.5965814290102571,0.0,0.25,0.03,0.25,0.04,0.06,2.525,-0.56,0
right_kp0.009_ki0.021_kd3e-05_+300,right,0.009,0.021,3e-05,300.0,run,0.6628795290016569,0.0,0.28,-0.06,0.29,0.04,0.073,3.101,-0.528,0
right_kp0.009_ki0.021_kd3e-05_+300,right,0.009,0.021,3e-05,300.0,run,0.7291508559719659,125.0,0.23,0.0,0.23,0.04,0.077,3.189,-0.889,0
right_kp0.009_ki0.021_kd3e-05_+300,right,0.009,0.021,3e-05,300.0,run,0.7954402280156501,344.0,0.15,0.02,0.15,0.04,0.074,3.071,-0.729,0
right_kp0.009_ki0.021_kd3e-05_+300,right,0.009,0.021,3e-05,300.0,run,0.8616865749936551,324.0,0.19,0.04,0.19,0.06,0.069,2.868,-0.696,0
right_kp0.009_ki0.021_kd3e-05_+300,right,0.009,0.021,3e-05,300.0,run,0.9280041909660213,308.0,0.19,0.02,0.19,0.08,0.067,2.844,-0.458,0
right_kp0.009_ki0.021_kd3e-05_+300,right,0.009,0.021,3e-05,300.0,run,0.9942426810157485,293.0,0.18,0.03,0.19,0.04,0.064,2.723,-0.359,0
right_kp0.009_ki0.021_kd3e-05_+300,right,0.009,0.021,3e-05,300.0,run,1.0607062350027263,251.0,0.22,-0.1,-0.24,-0.04,0.067,2.825,-0.562,0
right_kp0.009_ki0.021_kd3e-05_+300,right,0.009,0.021,3e-05,300.0,run,1.1271246650139801,241.0,0.26,0.0,0.26,0.06,0.066,2.811,-0.367,0
right_kp0.009_ki0.021_kd3e-05_+300,right,0.009,0.021,3e-05,300.0,run,1.1936367549933493,254.0,0.21,0.03,0.21,0.06,0.066,2.798,-0.364,0
right_kp0.009_ki0.021_kd3e-05_+300,right,0.009,0.021,3e-05,300.0,run,1.259798121987842,251.0,0.23,0.0,0.23,0.04,0.068,2.881,-0.442,0
right_kp0.009_ki0.021_kd3e-05_+300,right,0.009,0.021,3e-05,0,stop,1.3240496627986431e-06,258.0,0.16,0.06,0.18,0.06,0.07,2.916,-0.637,0
right_kp0.009_ki0.021_kd3e-05_+300,right,0.009,0.021,3e-05,0,stop,0.07648466801038012,279.0,0.2,-0.03,0.2,0.0,0.064,2.723,-0.479,0
right_kp0.009_ki0.021_kd3e-05_+300,right,0.009,0.021,3e-05,0,stop,0.14279408002039418,273.0,0.13,0.0,0.13,0.0,0.054,2.275,-0.351,0
right_kp0.009_ki0.021_kd3e-05_+300,right,0.009,0.021,3e-05,0,stop,0.20912088203476742,229.0,0.0,0.0,0.0,0.0,0.0,0.0,0.0,0
right_kp0.009_ki0.021_kd3e-05_+300,right,0.009,0.021,3e-05,0,stop,0.2754429680062458,229.0,0.0,0.0,0.0,0.0,0.0,0.0,0.0,0
right_kp0.009_ki0.021_kd3e-05_+300,right,0.009,0.021,3e-05,0,stop,0.3418089860351756,229.0,0.0,0.0,0.0,0.0,0.0,0.0,0.0,0
right_kp0.009_ki0.021_kd3e-05_+300,right,0.009,0.021,3e-05,0,stop,0.4081658310024068,229.0,0.0,0.0,0.0,0.0,0.0,0.0,0.0,0
right_kp0.009_ki0.021_kd3e-05_+300,right,0.009,0.021,3e-05,0,stop,0.4745126730413176,229.0,0.0,0.0,0.0,0.0,0.0,0.0,0.0,0
right_kp0.009_ki0.021_kd3e-05_+300,right,0.009,0.021,3e-05,0,stop,0.540835560997948,229.0,0.0,0.0,0.0,0.0,0.0,0.0,0.0,0
right_kp0.009_ki0.021_kd3e-05_+300,right,0.009,0.021,3e-05,0,stop,0.6070012970012613,229.0,0.0,0.0,0.0,0.0,0.0,0.0,0.0,0
right_kp0.009_ki0.021_kd3e-05_+300,right,0.009,0.021,3e-05,0,stop,0.6732993260375224,0.0,0.0,0.0,0.0,0.0,0.0,0.0,0.0,0
right_kp0.009_ki0.021_kd3e-05_-300,right,0.009,0.021,3e-05,-300.0,run,0.00019450398394837976,0.0,0.0,0.0,0.0,0.0,0.0,0.0,0.0,0
right_kp0.009_ki0.021_kd3e-05_-300,right,0.009,0.021,3e-05,-300.0,run,0.06672463699942455,0.0,0.0,0.02,0.02,0.06,0.011,0.034,-0.471,0
right_kp0.009_ki0.021_kd3e-05_-300,right,0.009,0.021,3e-05,-300.0,run,0.1330899180029519,0.0,-0.02,0.0,0.02,0.02,-0.021,-0.723,-0.557,0
right_kp0.009_ki0.021_kd3e-05_-300,right,0.009,0.021,3e-05,-300.0,run,0.19950086198514327,0.0,-0.13,0.02,0.13,0.1,-0.037,-1.463,-0.565,0
right_kp0.009_ki0.021_kd3e-05_-300,right,0.009,0.021,3e-05,-300.0,run,0.26598610199289396,0.0,-0.17,-0.02,0.17,0.02,-0.04,-1.702,-0.324,0
right_kp0.009_ki0.021_kd3e-05_-300,right,0.009,0.021,3e-05,-300.0,run,0.33244801801629364,0.0,-0.19,-0.03,0.19,0.04,-0.046,-1.959,-0.029,0
right_kp0.009_ki0.021_kd3e-05_-300,right,0.009,0.021,3e-05,-300.0,run,0.39879736001603305,0.0,-0.23,0.02,0.23,0.02,-0.048,-2.056,-0.048,0
right_kp0.009_ki0.021_kd3e-05_-300,right,0.009,0.021,3e-05,-300.0,run,0.4652218439732678,0.0,-0.21,0.02,0.21,0.02,-0.059,-2.525,-0.026,0
right_kp0.009_ki0.021_kd3e-05_-300,right,0.009,0.021,3e-05,-300.0,run,0.5316612080205232,-28.0,-0.22,0.04,0.22,0.06,-0.06,-2.584,0.002,0
right_kp0.009_ki0.021_kd3e-05_-300,right,0.009,0.021,3e-05,-300.0,run,0.5979750099941157,-112.0,-0.21,0.03,0.21,0.02,-0.069,-2.959,-0.155,0
right_kp0.009_ki0.021_kd3e-05_-300,right,0.009,0.021,3e-05,-300.0,run,0.6643419950269163,-232.0,-0.2,-0.02,0.2,0.02,-0.064,-2.718,-0.399,0
right_kp0.009_ki0.021_kd3e-05_-300,right,0.009,0.021,3e-05,-300.0,run,0.7306338279740885,-256.0,-0.2,0.04,0.2,0.08,-0.062,-2.613,-0.53,0
right_kp0.009_ki0.021_kd3e-05_-300,right,0.009,0.021,3e-05,-300.0,run,0.7969328199978918,-248.0,-0.16,0.0,0.16,0.04,-0.061,-2.602,-0.201,0
right_kp0.009_ki0.021_kd3e-05_-300,right,0.009,0.021,3e-05,-300.0,run,0.8633333470206708,-231.0,-0.22,0.04,0.23,0.06,-0.061,-2.621,-0.195,0
right_kp0.009_ki0.021_kd3e-05_-300,right,0.009,0.021,3e-05,-300.0,run,0.9298717330093496,-206.0,-0.18,-0.04,0.18,0.04,-0.058,-2.471,-0.364,0
right_kp0.009_ki0.021_kd3e-05_-300,right,0.009,0.021,3e-05,-300.0,run,0.9961303200107068,-192.0,-0.21,-0.03,0.21,0.06,-0.06,-2.57,-0.31,0
right_kp0.009_ki0.021_kd3e-05_-300,right,0.009,0.021,3e-05,-300.0,run,1.062752937024925,-194.0,-0.25,0.01,0.25,0.04,-0.063,-2.688,-0.243,0
right_kp0.009_ki0.021_kd3e-05_-300,right,0.009,0.021,3e-05,-300.0,run,1.129107089014724,-210.0,-0.17,-0.01,0.17,0.02,-0.069,-2.964,-0.174,0
right_kp0.009_ki0.021_kd3e-05_-300,right,0.009,0.021,3e-05,-300.0,run,1.1954123880132101,-254.0,-0.21,-0.02,0.21,0.04,-0.068,-2.897,-0.455,0
right_kp0.009_ki0.021_kd3e-05_-300,right,0.009,0.021,3e-05,-300.0,run,1.261774629005231,-278.0,-0.18,0.05,0.19,0.04,-0.069,-2.889,-0.721,0
right_kp0.009_ki0.021_kd3e-05_-300,right,0.009,0.021,3e-05,0,stop,1.2730015441775322e-06,-279.0,-0.23,-0.06,0.24,0.04,-0.069,-2.946,-0.289,0
right_kp0.009_ki0.021_kd3e-05_-300,right,0.009,0.021,3e-05,0,stop,0.07640314899617806,-281.0,-0.14,-0.03,0.15,0.06,-0.063,-2.656,-0.485,0
right_kp0.009_ki0.021_kd3e-05_-300,right,0.009,0.021,3e-05,0,stop,0.14267626602668315,-257.0,-0.13,-0.01,0.13,0.06,-0.056,-2.353,-0.49,0
right_kp0.009_ki0.021_kd3e-05_-300,right,0.009,0.021,3e-05,0,stop,0.2089925580075942,-240.0,0.0,0.0,0.0,0.0,0.0,0.0,0.0,0
right_kp0.009_ki0.021_kd3e-05_-300,right,0.009,0.021,3e-05,0,stop,0.27542854100465775,-240.0,0.0,0.0,0.0,0.0,0.0,0.0,0.0,0
right_kp0.009_ki0.021_kd3e-05_-300,right,0.009,0.021,3e-05,0,stop,0.3417564000119455,-240.0,0.0,0.0,0.0,0.0,0.0,0.0,0.0,0
right_kp0.009_ki0.021_kd3e-05_-300,right,0.009,0.021,3e-05,0,stop,0.4080830890452489,-240.0,0.0,0.0,0.0,0.0,0.0,0.0,0.0,0
right_kp0.009_ki0.021_kd3e-05_-300,right,0.009,0.021,3e-05,0,stop,0.47445470304228365,-240.0,0.0,0.0,0.0,0.0,0.0,0.0,0.0,0
right_kp0.009_ki0.021_kd3e-05_-300,right,0.009,0.021,3e-05,0,stop,0.5408064009970985,-240.0,0.0,0.0,0.0,0.0,0.0,0.0,0.0,0
right_kp0.009_ki0.021_kd3e-05_-300,right,0.009,0.021,3e-05,0,stop,0.6071604340104386,-240.0,0.0,0.0,0.0,0.0,0.0,0.0,0.0,0
right_kp0.009_ki0.021_kd3e-05_-300,right,0.009,0.021,3e-05,0,stop,0.6735062380321324,0.0,0.0,0.0,0.0,0.0,0.0,0.0,0.0,0
right_kp0.009_ki0.021_kd6e-05_+300,right,0.009,0.021,6e-05,300.0,run,0.00014091201592236757,0.0,0.0,0.0,0.0,0.0,0.0,0.0,0.0,0
right_kp0.009_ki0.021_kd6e-05_+300,right,0.009,0.021,6e-05,300.0,run,0.06633973203133792,0.0,0.0,-0.03,0.03,0.04,0.017,0.128,0.729,0
right_kp0.009_ki0.021_kd6e-05_+300,right,0.009,0.021,6e-05,300.0,run,0.1326653840369545,0.0,0.03,0.03,0.04,0.06,0.031,0.991,0.889,0
right_kp0.009_ki0.021_kd6e-05_+300,right,0.009,0.021,6e-05,300.0,run,0.1989818430156447,0.0,0.14,0.02,0.15,0.06,0.039,1.549,0.646,0
right_kp0.009_ki0.021_kd6e-05_+300,right,0.009,0.021,6e-05,300.0,run,0.2652693390264176,0.0,0.18,0.0,0.18,0.1,0.041,1.653,0.581,0
right_kp0.009_ki0.021_kd6e-05_+300,right,0.009,0.021,6e-05,300.0,run,0.33155893901130185,0.0,0.19,-0.01,-0.19,-0.04,0.041,1.635,0.611,0
right_kp0.009_ki0.021_kd6e-05_+300,right,0.009,0.021,6e-05,300.0,run,0.39787771401461214,0.0,0.22,0.01,0.22,0.0,0.041,1.672,0.595,0
right_kp0.009_ki0.021_kd6e-05_+300,right,0.009,0.021,6e-05,300.0,run,0.4642210020101629,0.0,0.25,0.04,0.26,0.06,0.041,1.723,0.367,0
right_kp0.009_ki0.021_kd6e-05_+300,right,0.009,0.021,6e-05,300.0,run,0.5304666620213538,0.0,0.24,0.02,0.24,0.02,0.041,1.753,-0.101,0
right_kp0.009_ki0.021_kd6e-05_+300,right,0.009,0.021,6e-05,300.0,run,0.5968722390243784,0.0,0.28,0.0,0.28,0.04,0.042,1.804,-0.257,0
right_kp0.009_ki0.021_kd6e-05_+300,right,0.009,0.021,6e-05,300.0,run,0.6631897520273924,0.0,0.3,0.0,0.3,0.04,0.044,1.857,-0.278,0
right_kp0.009_ki0.021_kd6e-05_+300,right,0.009,0.021,6e-05,300.0,run,0.7294531119987369,0.0,0.33,0.0,0.33,0.04,0.045,1.922,-0.265,0
right_kp0.009_ki0.021_kd6e-05_+300,right,0.009,0.021,6e-05,300.0,run,0.7958469350123778,0.0,0.32,0.0,0.32,0.06,0.05,2.125,-0.233,0
right_kp0.009_ki0.021_kd6e-05_+300,right,0.009,0.021,6e-05,300.0,run,0.8621088890358806,0.0,0.3,-0.04,0.3,0.06,0.062,2.637,-0.337,0
right_kp0.009_ki0.021_kd6e-05_+300,right,0.009,0.021,6e-05,300.0,run,0.9283688649884425,0.0,0.36,0.07,0.37,0.08,0.082,3.474,-0.654,0
right_kp0.009_ki0.021_kd6e-05_+300,right,0.009,0.021,6e-05,300.0,run,0.994700717041269,303.0,0.29,0.08,0.3,0.06,0.086,3.326,-1.621,0
right_kp0.009_ki0.021_kd6e-05_+300,right,0.009,0.021,6e-05,300.0,run,1.0610059900209308,417.0,0.21,0.04,0.22,0.06,0.088,3.546,-1.254,0
right_kp0.009_ki0.021_kd6e-05_+300,right,0.009,0.021,6e-05,300.0,run,1.1275088679976761,439.0,0.17,0.01,0.17,0.04,0.088,3.768,-0.404,0
right_kp0.009_ki0.021_kd6e-05_+300,right,0.009,0.021,6e-05,300.0,run,1.1938208510400727,439.0,0.12,0.0,0.12,0.14,0.084,3.583,0.005,0
right_kp0.009_ki0.021_kd6e-05_+300,right,0.009,0.021,6e-05,300.0,run,1.2600766770192422,412.0,0.2,-0.05,0.21,0.04,0.085,3.661,-0.101,0
right_kp0.009_ki0.021_kd6e-05_+300,right,0.009,0.021,6e-05,0,stop,1.133012119680643e-06,411.0,0.2,0.03,0.2,0.04,0.079,3.374,0.107,0
right_kp0.009_ki0.021_kd6e-05_+300,right,0.009,0.021,6e-05,0,stop,0.07646129000931978,375.0,0.13,0.02,0.13,0.06,0.076,3.27,-0.174,0
right_kp0.009_ki0.021_kd6e-05_+300,right,0.009,0.021,6e-05,0,stop,0.14314451202517375,340.0,0.18,0.0,0.18,0.02,0.059,2.506,0.182,0
right_kp0.009_ki0.021_kd6e-05_+300,right,0.009,0.021,6e-05,0,stop,0.20949535502586514,340.0,0.0,0.0,0.0,0.0,0.0,0.0,0.0,0
right_kp0.009_ki0.021_kd6e-05_+300,right,0.009,0.021,6e-05,0,stop,0.2758733879891224,340.0,0.0,0.0,0.0,0.0,0.0,0.0,0.0,0
right_kp0.009_ki0.021_kd6e-05_+300,right,0.009,0.021,6e-05,0,stop,0.34255027101607993,340.0,0.0,0.0,0.0,0.0,0.0,0.0,0.0,0
right_kp0.009_ki0.021_kd6e-05_+300,right,0.009,0.021,6e-05,0,stop,0.4088953399914317,340.0,0.0,0.0,0.0,0.0,0.0,0.0,0.0,0
right_kp0.009_ki0.021_kd6e-05_+300,right,0.009,0.021,6e-05,0,stop,0.47524724499089643,340.0,0.0,0.0,0.0,0.0,0.0,0.0,0.0,0
right_kp0.009_ki0.021_kd6e-05_+300,right,0.009,0.021,6e-05,0,stop,0.5418708759825677,340.0,0.0,0.0,0.0,0.0,0.0,0.0,0.0,0
right_kp0.009_ki0.021_kd6e-05_+300,right,0.009,0.021,6e-05,0,stop,0.608478123031091,340.0,0.0,0.0,0.0,0.0,0.0,0.0,0.0,0
right_kp0.009_ki0.021_kd6e-05_+300,right,0.009,0.021,6e-05,0,stop,0.6748220110312104,0.0,0.0,0.0,0.0,0.0,0.0,0.0,0.0,0
right_kp0.009_ki0.021_kd6e-05_-300,right,0.009,0.021,6e-05,-300.0,run,0.00013153802137821913,0.0,0.0,0.0,0.0,0.0,0.0,0.0,0.0,0
right_kp0.009_ki0.021_kd6e-05_-300,right,0.009,0.021,6e-05,-300.0,run,0.0664018570096232,0.0,0.0,0.01,0.01,0.02,-0.012,-0.332,-0.372,0
right_kp0.009_ki0.021_kd6e-05_-300,right,0.009,0.021,6e-05,-300.0,run,0.13279856799636036,0.0,-0.05,0.0,0.05,0.0,-0.03,-1.166,-0.56,0
right_kp0.009_ki0.021_kd6e-05_-300,right,0.009,0.021,6e-05,-300.0,run,0.19914875301765278,0.0,-0.14,-0.01,0.14,0.02,-0.04,-1.622,-0.501,0
right_kp0.009_ki0.021_kd6e-05_-300,right,0.009,0.021,6e-05,-300.0,run,0.26548061199719086,0.0,-0.15,0.0,0.15,0.04,-0.043,-1.807,-0.362,0
right_kp0.009_ki0.021_kd6e-05_-300,right,0.009,0.021,6e-05,-300.0,run,0.3318280359962955,0.0,-0.2,-0.05,0.2,0.04,-0.046,-1.971,-0.214,0
right_kp0.009_ki0.021_kd6e-05_-300,right,0.009,0.021,6e-05,-300.0,run,0.3982210769900121,0.0,-0.19,0.01,0.19,0.04,-0.054,-2.301,0.0,0
right_kp0.009_ki0.021_kd6e-05_-300,right,0.009,0.021,6e-05,-300.0,run,0.4648589870193973,0.0,-0.24,-0.03,0.24,0.02,-0.057,-2.44,0.185,0
right_kp0.009_ki0.021_kd6e-05_-300,right,0.009,0.021,6e-05,-300.0,run,0.5312673010048456,-15.0,-0.25,0.06,0.26,0.06,-0.064,-2.723,-0.16,0
right_kp0.009_ki0.021_kd6e-05_-300,right,0.009,0.021,6e-05,-300.0,run,0.5976762379868887,-152.0,-0.22,0.04,0.22,0.1,-0.067,-2.873,-0.235,0
right_kp0.009_ki0.021_kd6e-05_-300,right,0.009,0.021,6e-05,-300.0,run,0.6640037370380014,-233.0,-0.12,0.04,0.12,0.04,-0.063,-2.664,-0.557,0
right_kp0.009_ki0.021_kd6e-05_-300,right,0.009,0.021,6e-05,-300.0,run,0.7303443650016561,-253.0,-0.21,-0.01,0.21,0.06,-0.061,-2.589,-0.329,0
right_kp0.009_ki0.021_kd6e-05_-300,right,0.009,0.021,6e-05,-300.0,run,0.7966920500039123,-231.0,-0.22,-0.04,-0.22,-0.08,-0.06,-2.573,-0.128,0
right_kp0.009_ki0.021_kd6e-05_-300,right,0.009,0.021,6e-05,-300.0,run,0.8630743240355514,-221.0,-0.21,0.03,0.21,0.12,-0.058,-2.49,-0.23,0
right_kp0.009_ki0.021_kd6e-05_-300,right,0.009,0.021,6e-05,-300.0,run,0.9294711080146953,-206.0,-0.21,0.0,0.21,0.1,-0.058,-2.46,-0.233,0
right_kp0.009_ki0.021_kd6e-05_-300,right,0.009,0.021,6e-05,-300.0,run,0.9957541910116561,-194.0,-0.23,0.07,0.24,0.04,-0.062,-2.632,-0.42,0
right_kp0.009_ki0.021_kd6e-05_-300,right,0.009,0.021,6e-05,-300.0,run,1.0621311650029384,-198.0,-0.22,-0.01,0.22,0.1,-0.066,-2.838,-0.227,0
right_kp0.009_ki0.021_kd6e-05_-300,right,0.009,0.021,6e-05,-300.0,run,1.1285657220287248,-235.0,-0.26,0.0,0.26,0.06,-0.07,-2.972,-0.222,0
right_kp0.009_ki0.021_kd6e-05_-300,right,0.009,0.021,6e-05,-300.0,run,1.1948220750200562,-259.0,-0.17,0.09,0.2,0.1,-0.066,-2.744,-0.632,0
right_kp0.009_ki0.021_kd6e-05_-300,right,0.009,0.021,6e-05,-300.0,run,1.2611569170258008,-279.0,-0.16,0.0,0.16,0.04,-0.068,-2.868,-0.541,0
right_kp0.009_ki0.021_kd6e-05_-300,right,0.009,0.021,6e-05,0,stop,1.7069978639483452e-06,-278.0,-0.21,0.05,0.22,0.1,-0.07,-2.978,-0.391,0
right_kp0.009_ki0.021_kd6e-05_-300,right,0.009,0.021,6e-05,0,stop,0.07654729200294241,-264.0,-0.2,0.02,0.2,0.04,-0.065,-2.728,-0.493,0
right_kp0.009_ki0.021_kd6e-05_-300,right,0.009,0.021,6e-05,0,stop,0.142809801036492,-260.0,-0.16,-0.05,0.16,0.06,-0.054,-2.297,-0.394,0
right_kp0.009_ki0.021_kd6e-05_-300,right,0.009,0.021,6e-05,0,stop,0.20915321202483028,-260.0,0.0,0.0,0.0,0.0,0.0,0.0,0.0,0
right_kp0.009_ki0.021_kd6e-05_-300,right,0.009,0.021,6e-05,0,stop,0.2755934130400419,-260.0,0.0,0.0,0.0,0.0,0.0,0.0,0.0,0
right_kp0.009_ki0.021_kd6e-05_-300,right,0.009,0.021,6e-05,0,stop,0.34226506599225104,-260.0,0.0,0.0,0.0,0.0,0.0,0.0,0.0,0
right_kp0.009_ki0.021_kd6e-05_-300,right,0.009,0.021,6e-05,0,stop,0.4086729360278696,-260.0,0.0,0.0,0.0,0.0,0.0,0.0,0.0,0
right_kp0.009_ki0.021_kd6e-05_-300,right,0.009,0.021,6e-05,0,stop,0.47529279004083946,-260.0,0.0,0.0,0.0,0.0,0.0,0.0,0.0,0
right_kp0.009_ki0.021_kd6e-05_-300,right,0.009,0.021,6e-05,0,stop,0.5417197039932944,-260.0,0.0,0.0,0.0,0.0,0.0,0.0,0.0,0
right_kp0.009_ki0.021_kd6e-05_-300,right,0.009,0.021,6e-05,0,stop,0.608212144987192,-260.0,0.0,0.0,0.0,0.0,0.0,0.0,0.0,0
right_kp0.009_ki0.021_kd6e-05_-300,right,0.009,0.021,6e-05,0,stop,0.674614819989074,0.0,0.0,0.0,0.0,0.0,0.0,0.0,0.0,0
right_kp0.0095_ki0.022_kd3e-05_+300,right,0.0095,0.022,3e-05,300.0,run,0.00013707100879400969,0.0,0.0,0.0,0.0,0.0,0.0,0.0,0.0,0
right_kp0.0095_ki0.022_kd3e-05_+300,right,0.0095,0.022,3e-05,300.0,run,0.06662866001715884,0.0,0.01,-0.01,0.01,0.06,-0.011,-0.008,0.466,0
right_kp0.0095_ki0.022_kd3e-05_+300,right,0.0095,0.022,3e-05,300.0,run,0.13303557399194688,0.0,0.02,0.0,0.02,0.0,0.024,0.871,0.57,0
right_kp0.0095_ki0.022_kd3e-05_+300,right,0.0095,0.022,3e-05,300.0,run,0.1995308159966953,0.0,0.14,-0.01,0.14,0.06,0.039,1.573,0.533,0
right_kp0.0095_ki0.022_kd3e-05_+300,right,0.0095,0.022,3e-05,300.0,run,0.2659581730258651,0.0,0.17,0.0,-0.17,-0.08,0.044,1.833,0.528,0
right_kp0.0095_ki0.022_kd3e-05_+300,right,0.0095,0.022,3e-05,300.0,run,0.33223640301730484,0.0,0.24,-0.01,0.24,0.06,0.048,1.999,0.394,0
right_kp0.0095_ki0.022_kd3e-05_+300,right,0.0095,0.022,3e-05,300.0,run,0.39843764598481357,0.0,0.25,0.03,0.25,0.02,0.044,1.863,-0.168,0
right_kp0.0095_ki0.022_kd3e-05_+300,right,0.0095,0.022,3e-05,300.0,run,0.4648501999909058,0.0,0.24,0.01,0.24,0.04,0.042,1.787,-0.348,0
right_kp0.0095_ki0.022_kd3e-05_+300,right,0.0095,0.022,3e-05,300.0,run,0.5311677220161073,0.0,0.27,0.0,0.27,0.02,0.044,1.833,-0.377,0
right_kp0.0095_ki0.022_kd3e-05_+300,right,0.0095,0.022,3e-05,300.0,run,0.5976029349840246,0.0,0.28,0.0,0.28,0.02,0.045,1.905,-0.383,0
right_kp0.0095_ki0.022_kd3e-05_+300,right,0.0095,0.022,3e-05,300.0,run,0.6638873239862733,0.0,0.31,0.0,0.31,0.12,0.051,2.141,-0.375,0
right_kp0.0095_ki0.022_kd3e-05_+300,right,0.0095,0.022,3e-05,300.0,run,0.7301647369749844,0.0,0.27,0.01,0.27,0.02,0.065,2.766,-0.241,0
right_kp0.0095_ki0.022_kd3e-05_+300,right,0.0095,0.022,3e-05,300.0,run,0.7968739420175552,21.0,0.31,-0.06,0.31,0.06,0.085,3.562,-0.705,0
right_kp0.0095_ki0.022_kd3e-05_+300,right,0.0095,0.022,3e-05,300.0,run,0.8631495250156149,378.0,0.17,0.04,0.18,0.04,0.08,3.141,-1.345,0
right_kp0.0095_ki0.022_kd3e-05_+300,right,0.0095,0.022,3e-05,300.0,run,0.929423334018793,412.0,0.22,0.06,0.23,0.06,0.08,3.273,-0.983,0
right_kp0.0095_ki0.022_kd3e-05_+300,right,0.0095,0.022,3e-05,300.0,run,0.9957880720030516,383.0,0.13,-0.07,0.15,0.0,0.077,3.195,-0.747,0
right_kp0.0095_ki0.022_kd3e-05_+300,right,0.0095,0.022,3e-05,300.0,run,1.062564575986471,372.0,0.17,0.02,0.17,0.06,0.073,3.093,-0.509,0
right_kp0.0095_ki0.022_kd3e-05_+300,right,0.0095,0.022,3e-05,300.0,run,1.1289090269710869,333.0,0.25,0.01,0.25,0.04,0.071,2.996,-0.573,0
right_kp0.0095_ki0.022_kd3e-05_+300,right,0.0095,0.022,3e-05,300.0,run,1.1952195800258778,318.0,0.24,0.02,0.24,0.06,0.07,2.935,-0.522,0
right_kp0.0095_ki0.022_kd3e-05_+300,right,0.0095,0.022,3e-05,300.0,run,1.2613081319723278,312.0,0.19,0.04,0.19,0.04,0.07,2.956,-0.498,0
right_kp0.0095_ki0.022_kd3e-05_+300,right,0.0095,0.022,3e-05,0,stop,3.302993718534708e-06,291.0,0.24,0.02,0.24,0.06,0.07,2.937,-0.536,0
right_kp0.0095_ki0.022_kd3e-05_+300,right,0.0095,0.022,3e-05,0,stop,0.07653716497588903,288.0,0.2,0.02,0.2,0.06,0.064,2.696,-0.487,0
right_kp0.0095_ki0.022_kd3e-05_+300,right,0.0095,0.022,3e-05,0,stop,0.14291398297064006,273.0,0.11,-0.02,0.12,0.0,0.053,2.251,-0.318,0
right_kp0.0095_ki0.022_kd3e-05_+300,right,0.0095,0.022,3e-05,0,stop,0.20923513395246118,273.0,0.0,0.0,0.0,0.0,0.0,0.0,0.0,0
right_kp0.0095_ki0.022_kd3e-05_+300,right,0.0095,0.022,3e-05,0,stop,0.2757693659514189,273.0,0.0,0.0,0.0,0.0,0.0,0.0,0.0,0
right_kp0.0095_ki0.022_kd3e-05_+300,right,0.0095,0.022,3e-05,0,stop,0.34249162394553423,273.0,0.0,0.0,0.0,0.0,0.0,0.0,0.0,0
right_kp0.0095_ki0.022_kd3e-05_+300,right,0.0095,0.022,3e-05,0,stop,0.40874893398722634,273.0,0.0,0.0,0.0,0.0,0.0,0.0,0.0,0
right_kp0.0095_ki0.022_kd3e-05_+300,right,0.0095,0.022,3e-05,0,stop,0.47505938896210864,273.0,0.0,0.0,0.0,0.0,0.0,0.0,0.0,0
right_kp0.0095_ki0.022_kd3e-05_+300,right,0.0095,0.022,3e-05,0,stop,0.54179489397211,273.0,0.0,0.0,0.0,0.0,0.0,0.0,0.0,0
right_kp0.0095_ki0.022_kd3e-05_+300,right,0.0095,0.022,3e-05,0,stop,0.6082793299574405,273.0,0.0,0.0,0.0,0.0,0.0,0.0,0.0,0
right_kp0.0095_ki0.022_kd3e-05_+300,right,0.0095,0.022,3e-05,0,stop,0.6745535989757627,0.0,0.0,0.0,0.0,0.0,0.0,0.0,0.0,0
right_kp0.0095_ki0.022_kd3e-05_-300,right,0.0095,0.022,3e-05,-300.0,run,0.00013309501809999347,0.0,0.0,0.0,0.0,0.0,0.0,0.0,0.0,0
right_kp0.0095_ki0.022_kd3e-05_-300,right,0.0095,0.022,3e-05,-300.0,run,0.06657041801372543,0.0,0.02,0.02,0.03,0.04,-0.016,-0.568,-0.404,0
right_kp0.0095_ki0.022_kd3e-05_-300,right,0.0095,0.022,3e-05,-300.0,run,0.13279873097781092,0.0,-0.06,0.0,0.06,0.08,-0.034,-1.372,-0.549,0
right_kp0.0095_ki0.022_kd3e-05_-300,right,0.0095,0.022,3e-05,-300.0,run,0.19910198997240514,0.0,-0.15,-0.02,0.15,0.0,-0.041,-1.729,-0.412,0
right_kp0.0095_ki0.022_kd3e-05_-300,right,0.0095,0.022,3e-05,-300.0,run,0.2653930389788002,0.0,-0.16,0.0,0.16,0.08,-0.046,-1.967,-0.219,0
right_kp0.0095_ki0.022_kd3e-05_-300,right,0.0095,0.022,3e-05,-300.0,run,0.3316450249985792,0.0,-0.15,-0.03,0.15,0.08,-0.053,-2.265,0.069,0
right_kp0.0095_ki0.022_kd3e-05_-300,right,0.0095,0.022,3e-05,-300.0,run,0.397968897013925,0.0,-0.23,-0.02,0.24,0.04,-0.058,-2.468,0.193,0
right_kp0.0095_ki0.022_kd3e-05_-300,right,0.0095,0.022,3e-05,-300.0,run,0.4642523329821415,-15.0,-0.24,0.05,0.24,0.02,-0.06,-2.586,-0.008,0
right_kp0.0095_ki0.022_kd3e-05_-300,right,0.0095,0.022,3e-05,-300.0,run,0.5305982410209253,-164.0,-0.18,0.0,0.18,0.04,-0.067,-2.846,-0.308,0
right_kp0.0095_ki0.022_kd3e-05_-300,right,0.0095,0.022,3e-05,-300.0,run,0.596903798985295,-197.0,-0.18,0.0,0.18,0.06,-0.063,-2.672,-0.447,0
right_kp0.0095_ki0.022_kd3e-05_-300,right,0.0095,0.022,3e-05,-300.0,run,0.6632382610114291,-233.0,-0.14,-0.01,0.14,0.06,-0.064,-2.68,-0.482,0
right_kp0.0095_ki0.022_kd3e-05_-300,right,0.0095,0.022,3e-05,-300.0,run,0.7295082770287991,-238.0,-0.2,0.02,0.2,0.02,-0.058,-2.501,-0.19,0
right_kp0.0095_ki0.022_kd3e-05_-300,right,0.0095,0.022,3e-05,-300.0,run,0.7958067490253597,-224.0,-0.2,0.04,0.2,0.08,-0.06,-2.541,-0.318,0
right_kp0.0095_ki0.022_kd3e-05_-300,right,0.0095,0.022,3e-05,-300.0,run,0.8621184040093794,-193.0,-0.16,0.03,0.17,0.08,-0.057,-2.383,-0.608,0
right_kp0.0095_ki0.022_kd3e-05_-300,right,0.0095,0.022,3e-05,-300.0,run,0.9284494280000217,-179.0,-0.15,-0.02,0.15,0.06,-0.062,-2.64,-0.458,0
right_kp0.0095_ki0.022_kd3e-05_-300,right,0.0095,0.022,3e-05,-300.0,run,0.9947470540064387,-201.0,-0.26,-0.02,0.26,0.04,-0.063,-2.715,-0.203,0
right_kp0.0095_ki0.022_kd3e-05_-300,right,0.0095,0.022,3e-05,-300.0,run,1.0610903649940155,-220.0,-0.17,0.01,0.17,0.04,-0.069,-2.932,-0.254,0
right_kp0.0095_ki0.022_kd3e-05_-300,right,0.0095,0.022,3e-05,-300.0,run,1.1274561330210418,-258.0,-0.21,-0.04,0.21,0.04,-0.068,-2.876,-0.597,0
right_kp0.0095_ki0.022_kd3e-05_-300,right,0.0095,0.022,3e-05,-300.0,run,1.1938650130177848,-276.0,-0.17,0.02,0.17,0.08,-0.07,-2.927,-0.683,0
right_kp0.0095_ki0.022_kd3e-05_-300,right,0.0095,0.022,3e-05,-300.0,run,1.2601023530005477,-282.0,-0.2,-0.06,0.21,0.04,-0.068,-2.903,-0.348,0
right_kp0.0095_ki0.022_kd3e-05_-300,right,0.0095,0.022,3e-05,0,stop,1.3830140233039856e-06,-279.0,-0.19,0.03,0.19,0.06,-0.068,-2.814,-0.696,0
right_kp0.0095_ki0.022_kd3e-05_-300,right,0.0095,0.022,3e-05,0,stop,0.07641506398795173,-273.0,-0.19,0.02,0.19,0.06,-0.065,-2.702,-0.6,0
right_kp0.0095_ki0.022_kd3e-05_-300,right,0.0095,0.022,3e-05,0,stop,0.14274268201552331,-269.0,-0.14,-0.01,0.14,0.06,-0.051,-2.198,-0.15,0
right_kp0.0095_ki0.022_kd3e-05_-300,right,0.0095,0.022,3e-05,0,stop,0.20921317097963765,-269.0,0.0,0.0,0.0,0.0,0.0,0.0,0.0,0
right_kp0.0095_ki0.022_kd3e-05_-300,right,0.0095,0.022,3e-05,0,stop,0.27563807199476287,-269.0,0.0,0.0,0.0,0.0,0.0,0.0,0.0,0
right_kp0.0095_ki0.022_kd3e-05_-300,right,0.0095,0.022,3e-05,0,stop,0.3420448490069248,-269.0,0.0,0.0,0.0,0.0,0.0,0.0,0.0,0
right_kp0.0095_ki0.022_kd3e-05_-300,right,0.0095,0.022,3e-05,0,stop,0.4084135820157826,-269.0,0.0,0.0,0.0,0.0,0.0,0.0,0.0,0
right_kp0.0095_ki0.022_kd3e-05_-300,right,0.0095,0.022,3e-05,0,stop,0.4747729239752516,-269.0,0.0,0.0,0.0,0.0,0.0,0.0,0.0,0
right_kp0.0095_ki0.022_kd3e-05_-300,right,0.0095,0.022,3e-05,0,stop,0.5440363870002329,-269.0,0.0,0.0,0.0,0.0,0.0,0.0,0.0,0
right_kp0.0095_ki0.022_kd3e-05_-300,right,0.0095,0.022,3e-05,0,stop,0.6104887510300614,0.0,0.0,0.0,0.0,0.0,0.0,0.0,0.0,0
right_kp0.0095_ki0.022_kd3e-05_-300,right,0.0095,0.022,3e-05,0,stop,0.676848934032023,0.0,0.0,0.0,0.0,0.0,0.0,0.0,0.0,0
right_kp0.0095_ki0.022_kd6e-05_+300,right,0.0095,0.022,6e-05,300.0,run,0.00014215102419257164,0.0,0.0,0.0,0.0,0.0,0.0,0.0,0.0,0
right_kp0.0095_ki0.022_kd6e-05_+300,right,0.0095,0.022,6e-05,300.0,run,0.06652028800453991,0.0,-0.03,0.0,0.03,0.08,0.018,0.747,0.184,0
right_kp0.0095_ki0.022_kd6e-05_+300,right,0.0095,0.022,6e-05,300.0,run,0.132857843011152,0.0,0.09,0.0,0.09,0.06,0.036,1.544,0.243,0
right_kp0.0095_ki0.022_kd6e-05_+300,right,0.0095,0.022,6e-05,300.0,run,0.1993923310074024,0.0,0.14,0.0,0.14,0.06,0.048,2.021,0.294,0
right_kp0.0095_ki0.022_kd6e-05_+300,right,0.0095,0.022,6e-05,300.0,run,0.26565632998244837,0.0,0.17,0.0,0.17,0.04,0.05,2.139,0.182,0
right_kp0.0095_ki0.022_kd6e-05_+300,right,0.0095,0.022,6e-05,300.0,run,0.33191204798640683,0.0,0.19,-0.05,0.2,0.06,0.05,2.12,0.404,0
right_kp0.0095_ki0.022_kd6e-05_+300,right,0.0095,0.022,6e-05,300.0,run,0.3982243280042894,0.0,0.25,-0.02,0.25,0.1,0.054,2.278,0.345,0
right_kp0.0095_ki0.022_kd6e-05_+300,right,0.0095,0.022,6e-05,300.0,run,0.4648626780253835,0.0,0.26,0.04,0.27,0.04,0.051,2.165,-0.203,0
right_kp0.0095_ki0.022_kd6e-05_+300,right,0.0095,0.022,6e-05,300.0,run,0.5312432720093057,0.0,0.25,0.03,0.25,0.04,0.058,2.463,-0.367,0
right_kp0.0095_ki0.022_kd6e-05_+300,right,0.0095,0.022,6e-05,300.0,run,0.5978829510277137,131.0,0.19,0.0,-0.19,-0.06,0.068,2.82,-0.702,0
right_kp0.0095_ki0.022_kd6e-05_+300,right,0.0095,0.022,6e-05,300.0,run,0.6646068969857879,158.0,0.27,0.02,0.27,0.06,0.07,2.972,-0.552,0
right_kp0.0095_ki0.022_kd6e-05_+300,right,0.0095,0.022,6e-05,300.0,run,0.7312456460203975,285.0,0.19,0.03,0.19,0.04,0.068,2.862,-0.506,0
right_kp0.0095_ki0.022_kd6e-05_+300,right,0.0095,0.022,6e-05,300.0,run,0.7976952260360122,278.0,0.17,0.04,0.18,0.06,0.066,2.753,-0.611,0
right_kp0.0095_ki0.022_kd6e-05_+300,right,0.0095,0.022,6e-05,300.0,run,0.8640674100024626,258.0,0.12,0.01,0.12,0.0,0.067,2.785,-0.705,0
right_kp0.0095_ki0.022_kd6e-05_+300,right,0.0095,0.022,6e-05,300.0,run,0.9305999479838647,258.0,0.24,0.02,0.24,0.0,0.066,2.817,-0.292,0
right_kp0.0095_ki0.022_kd6e-05_+300,right,0.0095,0.022,6e-05,300.0,run,0.9969476620317437,258.0,0.19,0.02,0.2,0.06,0.063,2.685,-0.286,0
right_kp0.0095_ki0.022_kd6e-05_+300,right,0.0095,0.022,6e-05,300.0,run,1.0633843290270306,242.0,0.18,-0.01,0.18,0.06,0.067,2.758,-0.726,0
right_kp0.0095_ki0.022_kd6e-05_+300,right,0.0095,0.022,6e-05,300.0,run,1.1296739670215175,237.0,0.22,-0.01,0.22,0.1,0.068,2.895,-0.444,0
right_kp0.0095_ki0.022_kd6e-05_+300,right,0.0095,0.022,6e-05,300.0,run,1.1960334529867396,254.0,0.19,0.01,0.19,0.04,0.067,2.868,-0.343,0
right_kp0.0095_ki0.022_kd6e-05_+300,right,0.0095,0.022,6e-05,300.0,run,1.2623821290326305,264.0,0.23,0.02,0.23,0.06,0.067,2.83,-0.477,0
right_kp0.0095_ki0.022_kd6e-05_+300,right,0.0095,0.022,6e-05,0,stop,1.1579832062125206e-06,264.0,0.17,0.06,0.18,0.04,0.069,2.881,-0.75,0
right_kp0.0095_ki0.022_kd6e-05_+300,right,0.0095,0.022,6e-05,0,stop,0.07640075101517141,276.0,0.18,-0.04,0.18,0.02,0.065,2.758,-0.418,0
right_kp0.0095_ki0.022_kd6e-05_+300,right,0.0095,0.022,6e-05,0,stop,0.1426639970159158,274.0,0.15,0.02,0.15,0.0,0.051,2.176,-0.313,0
right_kp0.0095_ki0.022_kd6e-05_+300,right,0.0095,0.022,6e-05,0,stop,0.20892182498937473,-298.0,0.0,0.0,0.0,0.0,0.0,0.0,0.0,0
right_kp0.0095_ki0.022_kd6e-05_+300,right,0.0095,0.022,6e-05,0,stop,0.27512135601136833,-298.0,0.0,0.0,0.0,0.0,0.0,0.0,0.0,0
right_kp0.0095_ki0.022_kd6e-05_+300,right,0.0095,0.022,6e-05,0,stop,0.34146050800336525,-298.0,0.0,0.0,0.0,0.0,0.0,0.0,0.0,0
right_kp0.0095_ki0.022_kd6e-05_+300,right,0.0095,0.022,6e-05,0,stop,0.4082359420135617,-298.0,0.0,0.0,0.0,0.0,0.0,0.0,0.0,0
right_kp0.0095_ki0.022_kd6e-05_+300,right,0.0095,0.022,6e-05,0,stop,0.4746594789903611,-298.0,0.0,0.0,0.0,0.0,0.0,0.0,0.0,0
right_kp0.0095_ki0.022_kd6e-05_+300,right,0.0095,0.022,6e-05,0,stop,0.5409586239838973,-298.0,0.0,0.0,0.0,0.0,0.0,0.0,0.0,0
right_kp0.0095_ki0.022_kd6e-05_+300,right,0.0095,0.022,6e-05,0,stop,0.6072686120169237,-298.0,0.0,0.0,0.0,0.0,0.0,0.0,0.0,0
right_kp0.0095_ki0.022_kd6e-05_+300,right,0.0095,0.022,6e-05,0,stop,0.6737582170171663,-298.0,0.0,0.0,0.0,0.0,0.0,0.0,0.0,0
right_kp0.0095_ki0.022_kd6e-05_-300,right,0.0095,0.022,6e-05,-300.0,run,0.00013209797907620668,0.0,0.0,0.0,0.0,0.0,0.0,0.0,0.0,0
right_kp0.0095_ki0.022_kd6e-05_-300,right,0.0095,0.022,6e-05,-300.0,run,0.0664278399781324,0.0,0.01,0.02,0.03,0.04,-0.016,-0.549,-0.394,0
right_kp0.0095_ki0.022_kd6e-05_-300,right,0.0095,0.022,6e-05,-300.0,run,0.13312195497564971,0.0,-0.08,-0.02,-0.08,-0.08,-0.033,-1.346,-0.49,0
right_kp0.0095_ki0.022_kd6e-05_-300,right,0.0095,0.022,6e-05,-300.0,run,0.19940846698591486,0.0,-0.15,-0.02,0.15,0.04,-0.041,-1.743,-0.354,0
right_kp0.0095_ki0.022_kd6e-05_-300,right,0.0095,0.022,6e-05,-300.0,run,0.26580534398090094,0.0,-0.17,-0.02,0.17,0.04,-0.049,-2.078,-0.136,0
right_kp0.0095_ki0.022_kd6e-05_-300,right,0.0095,0.022,6e-05,-300.0,run,0.33225913997739553,-32.0,-0.19,-0.02,0.19,0.06,-0.052,-2.212,-0.032,0
right_kp0.0095_ki0.022_kd6e-05_-300,right,0.0095,0.022,6e-05,-300.0,run,0.3985090160276741,-31.0,-0.24,-0.05,0.25,0.04,-0.057,-2.431,0.069,0
right_kp0.0095_ki0.022_kd6e-05_-300,right,0.0095,0.022,6e-05,-300.0,run,0.46476595499552786,-30.0,-0.24,0.02,0.24,0.06,-0.055,-2.358,0.179,0
right_kp0.0095_ki0.022_kd6e-05_-300,right,0.0095,0.022,6e-05,-300.0,run,0.5310225849971175,-30.0,-0.21,0.03,-0.21,-0.06,-0.062,-2.669,-0.12,0
right_kp0.0095_ki0.022_kd6e-05_-300,right,0.0095,0.022,6e-05,-300.0,run,0.5972773170215078,-157.0,-0.22,0.05,0.23,0.04,-0.062,-2.586,-0.538,0
right_kp0.0095_ki0.022_kd6e-05_-300,right,0.0095,0.022,6e-05,-300.0,run,0.663626444991678,-171.0,-0.18,-0.04,0.18,0.06,-0.068,-2.86,-0.455,0
right_kp0.0095_ki0.022_kd6e-05_-300,right,0.0095,0.022,6e-05,-300.0,run,0.7299707289785147,-245.0,-0.19,-0.05,0.2,0.08,-0.064,-2.723,-0.265,0
right_kp0.0095_ki0.022_kd6e-05_-300,right,0.0095,0.022,6e-05,-300.0,run,0.7962572110118344,-247.0,-0.2,0.05,0.2,0.06,-0.064,-2.715,-0.337,0
right_kp0.0095_ki0.022_kd6e-05_-300,right,0.0095,0.022,6e-05,-300.0,run,0.8625335899996571,-231.0,-0.18,-0.06,0.19,0.04,-0.061,-2.554,-0.503,0
right_kp0.0095_ki0.022_kd6e-05_-300,right,0.0095,0.022,6e-05,-300.0,run,0.928804148978088,-215.0,-0.19,-0.02,0.19,0.06,-0.065,-2.758,-0.359,0
right_kp0.0095_ki0.022_kd6e-05_-300,right,0.0095,0.022,6e-05,-300.0,run,0.9951032610260881,-220.0,-0.18,-0.05,0.18,0.04,-0.065,-2.766,-0.211,0
right_kp0.0095_ki0.022_kd6e-05_-300,right,0.0095,0.022,6e-05,-300.0,run,1.0613933089771308,-225.0,-0.21,0.04,0.21,0.02,-0.068,-2.9,-0.3,0
right_kp0.0095_ki0.022_kd6e-05_-300,right,0.0095,0.022,6e-05,-300.0,run,1.1276681519811973,-243.0,-0.2,-0.02,0.2,0.06,-0.067,-2.838,-0.511,0
right_kp0.0095_ki0.022_kd6e-05_-300,right,0.0095,0.022,6e-05,-300.0,run,1.194008552993182,-259.0,-0.17,-0.01,0.17,0.08,-0.069,-2.921,-0.576,0
right_kp0.0095_ki0.022_kd6e-05_-300,right,0.0095,0.022,6e-05,-300.0,run,1.2603112710057758,-270.0,-0.18,-0.05,-0.19,-0.04,-0.068,-2.903,-0.318,0
right_kp0.0095_ki0.022_kd6e-05_-300,right,0.0095,0.022,6e-05,0,stop,1.2799864634871483e-06,-275.0,-0.18,0.04,0.19,0.02,-0.068,-2.82,-0.686,0
right_kp0.0095_ki0.022_kd6e-05_-300,right,0.0095,0.022,6e-05,0,stop,0.07634352799504995,-272.0,-0.18,0.01,0.18,0.04,-0.064,-2.667,-0.592,0
right_kp0.0095_ki0.022_kd6e-05_-300,right,0.0095,0.022,6e-05,0,stop,0.1426940750097856,-266.0,-0.13,-0.01,0.13,0.06,-0.051,-2.179,-0.158,0
right_kp0.0095_ki0.022_kd6e-05_-300,right,0.0095,0.022,6e-05,0,stop,0.20901116699678823,-266.0,0.0,0.0,0.0,0.0,0.0,0.0,0.0,0
right_kp0.0095_ki0.022_kd6e-05_-300,right,0.0095,0.022,6e-05,0,stop,0.2753226920031011,-266.0,0.0,0.0,0.0,0.0,0.0,0.0,0.0,0
right_kp0.0095_ki0.022_kd6e-05_-300,right,0.0095,0.022,6e-05,0,stop,0.34167418896686286,-266.0,0.0,0.0,0.0,0.0,0.0,0.0,0.0,0
right_kp0.0095_ki0.022_kd6e-05_-300,right,0.0095,0.022,6e-05,0,stop,0.4081236720085144,-266.0,0.0,0.0,0.0,0.0,0.0,0.0,0.0,0
right_kp0.0095_ki0.022_kd6e-05_-300,right,0.0095,0.022,6e-05,0,stop,0.47439150797436014,-266.0,0.0,0.0,0.0,0.0,0.0,0.0,0.0,0
right_kp0.0095_ki0.022_kd6e-05_-300,right,0.0095,0.022,6e-05,0,stop,0.5408135280013084,-266.0,0.0,0.0,0.0,0.0,0.0,0.0,0.0,0
right_kp0.0095_ki0.022_kd6e-05_-300,right,0.0095,0.022,6e-05,0,stop,0.607216808013618,-266.0,0.0,0.0,0.0,0.0,0.0,0.0,0.0,0
right_kp0.0095_ki0.022_kd6e-05_-300,right,0.0095,0.022,6e-05,0,stop,0.6735736819682643,0.0,0.0,0.0,0.0,0.0,0.0,0.0,0.0,0
