host_time,elapsed_s,telemetry_version,cmdL,cmdR,rpmL,rpmR,dutyL_pct,dutyR_pct,currentMotorL_A,currentMotorR_A,currentInL_A,currentInR_A,idL_A,idR_A,iqL_A,iqR_A,vdL_V,vdR_V,vqL_V,vqR_V,hallL,hallR,faultL,faultR,dcl_raw,rla_raw,rlb_raw,dcr_raw,rrb_raw,rrc_raw,battery_V,temperature_C,foc_isr_cycles,foc_isr_us,foc_isr_load_pct,status
2026-09-01T21:22:09.733,0.008,2,0,0,0,0,0.0,0.0,0.13,0.31,0.04,0.02,-0.33,0.00,0.13,0.31,0.00,0.00,0.00,0.00,010,010,0,0,1926,1984,2019,1860,1969,1940,42.68,33.3,3277,51.203,81.92,1
2026-09-01T21:22:09.744,0.019,2,2,2,0,0,0.0,0.0,0.12,0.30,0.04,0.02,-0.34,0.00,0.12,0.30,0.00,0.00,0.00,0.00,010,010,0,0,1928,1983,2007,1865,1971,1945,42.68,33.3,3278,51.219,81.95,1
2026-09-01T21:22:09.754,0.029,2,16,16,0,0,0.0,0.0,0.10,0.31,0.10,0.02,-0.39,0.00,0.10,0.31,0.00,0.00,0.00,0.00,010,010,0,0,1927,1984,2006,1863,1971,1945,42.68,33.3,3278,51.219,81.95,1
2026-09-01T21:22:09.764,0.040,2,32,32,0,0,0.0,0.0,0.12,0.31,0.04,0.02,-0.33,0.00,0.12,0.31,0.00,0.00,0.00,0.00,010,010,0,0,1928,1983,2005,1866,1971,1944,42.68,33.3,3277,51.203,81.92,1
2026-09-01T21:22:09.775,0.050,2,45,45,0,0,0.0,0.0,0.13,0.31,0.04,0.00,-0.35,0.00,0.13,0.31,0.00,0.00,0.00,0.00,010,010,0,0,1927,1983,2006,1864,1970,1945,42.68,33.3,3278,51.219,81.95,1
2026-09-01T21:22:09.785,0.060,2,55,55,0,0,0.0,0.0,0.13,0.30,0.06,0.00,-0.37,0.00,0.13,0.30,0.00,0.00,0.00,0.00,010,010,0,0,1927,1985,2006,1864,1971,1946,42.68,33.3,3278,51.219,81.95,1
2026-09-01T21:22:09.795,0.070,2,64,64,0,0,0.0,0.0,0.13,0.31,0.04,-0.02,-0.34,0.00,0.13,0.31,0.00,0.00,0.00,0.00,010,010,0,0,1927,1984,2004,1863,1971,1946,42.68,33.3,3278,51.219,81.95,1
2026-09-01T21:22:09.806,0.081,2,71,71,0,0,0.0,0.0,0.12,0.31,0.10,0.04,-0.35,0.00,0.12,0.31,0.00,0.00,0.00,0.00,010,010,0,0,1927,1984,2005,1866,1971,1946,42.68,33.3,3278,51.219,81.95,1
2026-09-01T21:22:09.816,0.091,2,76,76,0,0,0.0,0.0,0.11,0.30,0.04,0.00,-0.34,0.00,0.11,0.30,0.00,0.00,0.00,0.00,010,010,0,0,1926,1983,2018,1859,1969,1940,42.68,33.3,3278,51.219,81.95,1
2026-09-01T21:22:09.826,0.102,2,80,80,0,0,0.0,0.0,0.13,0.31,0.04,0.02,-0.33,0.00,0.13,0.31,0.00,0.00,0.00,0.00,010,010,0,0,1927,1983,2006,1865,1971,1943,42.68,33.3,3278,51.219,81.95,1
2026-09-01T21:22:09.948,0.224,2,84,84,0,0,6.3,8.7,0.94,0.70,0.08,0.08,0.31,0.31,0.94,0.70,-0.03,-1.09,3.39,4.08,001,110,0,0,1929,2015,2003,1867,1999,1935,42.68,33.3,3332,52.062,83.30,1
2026-09-01T21:22:09.960,0.235,2,87,87,0,0,7.6,9.9,0.41,0.55,0.06,0.10,0.13,-0.13,0.41,0.55,-0.48,-1.41,3.84,4.55,101,100,0,0,1928,1976,2020,1868,1975,1911,42.68,33.3,3332,52.062,83.30,1
2026-09-01T21:22:09.971,0.246,2,89,89,0,0,8.9,11.3,0.80,0.86,0.06,0.10,0.33,0.49,0.79,0.86,-0.90,-1.83,4.36,5.12,101,100,0,0,1932,1972,2034,1872,2010,1891,42.68,33.3,3331,52.047,83.28,1
2026-09-01T21:22:09.982,0.257,2,91,91,0,0,10.5,13.1,0.32,0.54,0.08,0.18,0.49,-0.04,0.27,0.54,-1.83,-1.60,4.70,6.25,100,101,0,0,1929,1969,2005,1872,1954,1923,42.68,33.3,3332,52.062,83.30,1
2026-09-01T21:22:09.993,0.268,2,93,93,0,0,11.5,14.2,0.76,0.55,0.14,0.12,0.30,-0.43,0.76,0.55,-1.72,-1.75,5.30,6.72,100,001,0,0,1936,1937,2031,1874,1935,1966,42.68,33.3,3329,52.016,83.22,1
2026-09-01T21:22:10.005,0.280,2,94,94,26,37,13.3,14.6,0.55,0.77,0.30,0.20,-0.28,-0.40,0.55,0.77,-1.72,-1.85,6.28,6.67,110,011,0,0,1938,1971,1973,1872,1972,1967,42.68,33.3,3402,53.156,85.05,1
2026-09-01T21:22:10.016,0.291,2,95,95,31,49,14.8,15.1,0.65,0.78,0.36,0.18,-0.56,0.01,0.65,0.78,-1.79,-1.76,6.78,7.10,010,010,0,0,1937,2018,1969,1871,1992,1940,42.68,33.3,3349,52.328,83.72,1
2026-09-01T21:22:10.027,0.303,2,96,96,41,58,15.9,16.0,0.72,0.63,0.20,0.22,-0.37,0.22,0.72,0.63,-1.21,-2.06,7.41,8.08,011,110,0,0,1937,2001,2004,1877,1993,1911,42.68,33.3,3349,52.328,83.72,1
2026-09-01T21:22:10.039,0.314,2,97,97,53,72,16.0,19.5,0.78,0.72,0.18,0.36,0.28,-0.46,0.78,0.72,-1.44,-1.66,7.85,9.06,001,101,0,0,1935,1987,2024,1883,1920,1952,42.68,33.3,3350,52.344,83.75,1
2026-09-01T21:22:10.050,0.325,2,97,97,73,87,19.3,19.8,0.61,0.63,0.36,0.24,0.03,-0.07,0.61,0.63,-1.73,-1.31,8.98,10.01,100,011,0,0,1943,1943,2002,1875,1953,1969,42.68,33.3,3348,52.312,83.70,1
2026-09-01T21:22:10.062,0.337,2,98,98,87,96,20.6,20.5,0.56,0.72,0.40,0.22,0.06,0.16,0.56,0.72,-1.73,-1.25,10.16,10.46,010,010,0,0,1943,1991,1967,1876,1993,1934,42.68,33.3,3348,52.312,83.70,1
2026-09-01T21:22:10.074,0.349,2,98,98,93,106,21.2,22.9,0.92,0.56,0.30,0.30,-0.10,0.14,0.92,0.56,-1.17,-1.45,10.58,11.50,011,100,0,0,1941,2009,2004,1883,1961,1915,42.68,33.3,3350,52.344,83.75,1
2026-09-01T21:22:10.084,0.360,2,98,98,111,115,21.8,23.1,0.47,0.74,0.36,0.38,0.29,-0.05,0.47,0.74,-1.65,-1.00,11.63,12.30,101,011,0,0,1942,1954,2016,1880,1946,1973,42.68,33.3,3347,52.297,83.67,1
2026-09-01T21:22:10.096,0.371,2,99,99,126,131,26.9,27.5,0.55,0.70,0.48,0.34,-0.42,0.12,0.55,0.70,-1.43,-1.09,12.84,13.01,010,110,0,0,1948,2019,1971,1880,2001,1913,42.68,33.5,3350,52.344,83.75,1
2026-09-01T21:22:10.107,0.383,2,99,99,136,142,27.1,26.7,0.82,0.71,0.36,0.54,0.26,-0.24,0.82,0.71,-1.44,-1.01,13.16,14.06,001,101,0,0,1940,1987,2039,1886,1926,1958,42.68,33.3,3350,52.344,83.75,1
2026-09-01T21:22:10.119,0.394,2,99,99,150,154,30.9,30.4,0.44,0.78,0.52,0.36,-0.18,0.11,0.44,0.78,-1.59,-0.89,14.58,14.57,110,010,0,0,1953,1986,1965,1880,1993,1941,42.68,33.5,3349,52.328,83.72,1
2026-09-01T21:22:10.130,0.406,2,99,99,164,166,31.6,33.3,0.77,0.65,0.34,0.60,0.06,-0.25,0.77,0.65,-1.39,-1.03,15.06,15.84,001,101,0,0,1942,1990,2023,1894,1928,1953,42.68,33.5,3350,52.344,83.75,1
2026-09-01T21:22:10.142,0.417,2,99,99,174,177,34.7,32.1,0.51,0.78,0.62,0.38,-0.22,0.17,0.51,0.78,-1.51,-1.01,16.39,16.21,110,010,0,0,1959,1985,1963,1886,1996,1934,42.68,33.5,3350,52.344,83.75,1
2026-09-01T21:22:10.154,0.429,2,99,99,187,190,33.1,34.2,0.76,0.68,0.44,0.68,0.30,-0.08,0.76,0.68,-1.49,-1.09,16.75,17.44,001,001,0,0,1950,1985,2027,1895,1932,1972,42.68,33.5,3349,52.328,83.72,1
2026-09-01T21:22:10.165,0.441,2,99,99,201,201,38.0,38.0,0.59,0.65,0.72,0.46,-0.21,0.19,0.59,0.65,-1.57,-1.16,18.11,18.02,010,110,0,0,1960,2016,1972,1888,1999,1913,42.68,33.5,3352,52.375,83.80,1
2026-09-01T21:22:10.177,0.452,2,99,99,217,209,36.3,37.1,0.47,0.57,0.52,0.62,0.30,0.29,0.45,0.48,-1.81,-1.33,18.83,19.16,100,011,0,0,1954,1951,2008,1887,1910,1963,42.68,33.3,3349,52.328,83.72,1
2026-09-01T21:22:10.188,0.464,2,99,99,226,226,35.9,39.0,0.95,0.46,0.64,0.74,-0.03,0.46,0.95,0.46,-1.63,-1.87,19.49,20.05,001,101,0,0,1957,2005,2010,1902,1964,1913,42.68,33.3,3408,53.250,85.20,1
2026-09-01T21:22:10.200,0.475,2,99,99,237,237,41.1,40.8,0.64,0.72,0.84,0.50,0.04,0.21,0.67,0.69,-2.02,-1.72,20.85,20.46,010,110,0,0,1969,1995,1971,1883,1992,1916,42.65,33.3,3352,52.375,83.80,1
2026-09-01T21:22:10.212,0.487,2,99,99,253,242,46.0,45.2,0.35,0.89,0.68,0.66,0.30,-0.05,0.35,0.89,-2.33,-1.72,21.67,21.44,100,011,0,0,1963,1955,2010,1898,1960,1978,42.65,33.3,3350,52.344,83.75,1
2026-09-01T21:22:10.223,0.498,2,99,99,266,260,43.0,45.4,0.74,0.60,0.68,0.94,0.07,-0.19,0.74,0.60,-2.32,-1.96,22.17,22.65,101,101,0,0,1959,2022,2010,1911,1925,1957,42.65,33.3,3353,52.391,83.83,1
2026-09-01T21:22:10.235,0.510,2,99,99,280,266,43.9,49.7,1.12,0.39,0.98,0.70,-0.05,0.24,1.12,0.39,-2.52,-2.29,23.14,23.45,011,100,0,0,1972,2012,2016,1904,1973,1911,42.65,33.3,3352,52.375,83.80,1
2026-09-01T21:22:10.246,0.522,2,99,99,296,280,46.8,51.0,0.97,0.62,1.08,0.62,-0.31,0.34,0.97,0.62,-2.76,-2.41,24.33,24.03,010,110,0,0,1981,2030,1980,1896,1993,1921,42.65,33.5,3351,52.359,83.78,1
2026-09-01T21:22:10.258,0.533,2,99,99,304,296,52.3,52.6,0.60,0.86,1.10,0.64,-0.09,0.06,0.60,0.86,-3.21,-2.30,25.53,24.79,010,010,0,0,1982,2011,1967,1898,1999,1940,42.65,33.5,3349,52.328,83.72,1
2026-09-01T21:22:10.269,0.545,2,99,99,313,304,55.2,52.8,0.38,1.01,1.00,0.86,-0.12,-0.16,0.38,1.01,-3.28,-2.31,26.39,25.72,110,011,0,0,1976,1988,1968,1908,1977,1972,42.65,33.5,3350,52.344,83.75,1
2026-09-01T21:22:10.281,0.556,2,100,100,333,323,56.9,52.6,0.16,0.94,1.00,1.10,0.24,-0.10,0.14,0.95,-3.64,-2.39,27.52,26.62,110,011,0,0,1967,1962,2003,1913,1949,1983,42.65,33.5,3350,52.344,83.75,1
2026-09-01T21:22:10.292,0.568,2,100,100,344,323,57.6,56.3,0.33,0.74,1.08,0.92,0.06,-0.21,0.33,0.74,-3.59,-2.35,28.33,27.73,110,001,0,0,1986,1979,1979,1914,1937,1983,42.65,33.5,3350,52.344,83.75,1
2026-09-01T21:22:10.304,0.579,2,100,100,355,344,62.1,60.0,0.11,0.46,1.02,0.88,0.27,-0.23,0.11,0.46,-3.96,-2.31,29.48,28.88,110,001,0,0,1979,1978,1980,1910,1946,1975,42.65,33.5,3350,52.344,83.75,1
2026-09-01T21:22:10.315,0.591,2,100,100,367,355,64.2,61.3,0.33,0.70,1.24,1.10,0.05,-0.45,0.33,0.70,-4.05,-2.13,30.35,29.62,110,001,0,0,1990,1989,1971,1922,1946,1986,42.65,33.5,3350,52.344,83.75,1
2026-09-01T21:22:10.327,0.602,2,100,100,395,367,62.9,59.2,0.40,0.79,1.30,1.08,0.03,-0.37,0.40,0.79,-4.23,-2.11,31.44,30.50,010,001,0,0,1990,2000,1969,1922,1949,1988,42.65,33.5,3350,52.344,83.75,1
2026-09-01T21:22:10.341,0.616,2,100,100,410,380,59.6,65.9,0.83,0.57,1.48,0.90,-0.55,0.39,0.83,0.57,-4.09,-2.47,32.16,31.50,011,011,0,0,1999,2035,1993,1901,1934,1976,42.65,33.5,3347,52.297,83.67,1
2026-09-01T21:22:10.350,0.625,2,100,100,410,395,62.4,63.0,1.21,1.02,1.64,1.06,-0.13,0.26,1.21,1.02,-4.46,-2.64,32.83,32.31,001,010,0,0,2010,2001,2017,1919,1986,1973,42.65,33.5,3349,52.328,83.72,1
2026-09-01T21:22:10.362,0.637,2,100,100,426,410,72.2,62.4,0.77,1.07,1.12,1.18,0.54,0.24,0.77,1.07,-4.93,-2.94,33.96,33.07,101,110,0,0,2000,1969,2021,1928,2016,1926,42.65,33.5,3351,52.359,83.78,1
2026-09-01T21:22:10.373,0.648,2,100,100,444,410,67.0,66.5,0.25,0.59,1.44,1.32,0.20,0.85,0.23,0.33,-5.15,-3.45,35.63,34.49,100,100,0,0,2008,1963,1995,1920,2052,1935,42.65,33.5,3351,52.359,83.78,1
2026-09-01T21:22:10.385,0.660,2,100,100,444,426,76.3,76.3,0.61,0.09,1.80,1.42,0.01,0.23,0.61,0.09,-5.51,-3.95,36.77,35.92,010,101,0,0,2012,2016,1963,1934,1954,1938,42.65,33.5,3352,52.375,83.80,1
2026-09-01T21:22:10.396,0.671,2,100,100,463,444,78.6,68.1,0.66,0.91,0.98,1.72,0.72,-0.38,0.66,0.91,-6.25,-3.97,37.36,36.53,001,011,0,0,1969,2008,2016,1952,1942,1997,42.65,33.5,3345,52.266,83.62,1
2026-09-01T21:22:10.408,0.683,2,100,100,484,463,71.5,73.3,-0.50,1.24,0.68,1.58,0.65,0.02,-0.50,1.24,-6.83,-4.79,37.28,37.04,100,010,0,0,1960,1988,2020,1944,2031,1915,42.65,33.5,3350,52.344,83.75,1
2026-09-01T21:22:10.419,0.695,2,100,100,484,463,78.8,74.2,0.48,0.19,0.98,1.66,-0.93,0.11,0.48,0.16,-5.89,-5.04,37.44,37.57,011,100,0,0,1972,2004,2018,1944,1963,1935,42.65,33.5,3352,52.375,83.80,1
2026-09-01T21:22:10.431,0.706,2,100,100,484,484,73.4,75.9,0.31,0.38,1.14,1.04,0.44,-1.04,0.31,0.38,-6.46,-4.16,37.35,37.68,101,011,0,0,1979,1974,2008,1907,1966,1955,42.65,33.5,3349,52.328,83.72,1
2026-09-01T21:22:10.443,0.718,2,100,100,484,484,80.0,79.4,-0.61,-0.07,0.48,0.54,0.15,1.20,-0.61,-0.07,-6.32,-4.75,37.36,37.60,010,110,0,0,1944,1961,2019,1889,1975,1975,42.65,33.5,3352,52.375,83.80,1
2026-09-01T21:22:10.455,0.730,2,100,100,507,484,76.3,74.3,0.54,-0.30,0.78,0.70,0.09,-0.56,0.54,-0.22,-6.31,-3.61,37.38,37.73,101,001,0,0,1969,1964,2018,1903,1974,1963,42.65,33.5,3348,52.312,83.70,1
2026-09-01T21:22:10.466,0.741,2,100,100,484,484,78.9,80.0,-0.85,0.38,0.48,0.38,0.34,-0.11,-0.85,0.38,-6.32,-3.38,37.37,37.75,110,010,0,0,1945,1980,2024,1885,1991,1922,42.65,33.5,3350,52.344,83.75,1
2026-09-01T21:22:10.478,0.753,2,100,100,484,484,76.0,74.3,0.31,-0.78,0.46,0.32,-0.19,0.37,0.35,-0.77,-5.88,-3.52,37.44,37.74,001,100,0,0,1960,1986,2002,1881,1985,1970,42.65,33.5,3351,52.359,83.78,1
2026-09-01T21:22:10.490,0.765,2,100,100,507,484,72.7,78.3,-0.50,-0.15,0.72,0.38,0.01,0.00,-0.50,-0.15,-5.97,-2.98,37.43,37.79,100,011,0,0,1961,2018,1986,1865,1919,1947,42.65,33.5,3350,52.344,83.75,1
2026-09-01T21:22:10.505,0.780,2,100,100,507,484,80.0,75.5,0.14,0.28,0.20,0.70,-0.31,0.38,0.14,0.28,-5.78,-3.76,37.46,37.72,011,110,0,0,1940,1983,2016,1908,1971,1927,42.65,33.5,3354,52.406,83.85,1
2026-09-01T21:22:10.513,0.788,2,100,100,507,484,71.8,71.3,-0.07,-0.50,0.60,0.50,0.40,-0.45,-0.07,-0.50,-6.22,-3.74,37.40,37.72,100,001,0,0,1959,1982,1998,1894,1973,1961,42.65,33.5,3345,52.266,83.62,1
2026-09-01T21:22:10.525,0.800,2,100,100,484,484,79.5,79.8,-0.29,0.54,0.48,0.52,-0.52,-0.05,-0.29,0.57,-5.98,-4.00,37.43,37.69,010,010,0,0,1956,1990,2010,1896,1987,1941,42.65,33.5,3350,52.344,83.75,1
2026-09-01T21:22:10.537,0.812,2,100,100,484,484,72.1,79.4,0.37,-0.63,0.52,0.38,0.48,0.66,0.37,-0.63,-6.37,-4.75,37.36,37.60,101,100,0,0,1952,1999,2010,1884,1978,1955,42.65,33.5,3352,52.375,83.80,1
2026-09-01T21:22:10.548,0.823,2,100,100,484,484,79.8,73.9,-0.84,0.05,0.68,0.74,0.28,-0.78,-0.84,0.05,-6.50,-4.07,37.34,37.68,110,001,0,0,1948,1982,2024,1904,1985,1961,42.65,33.5,3350,52.344,83.75,1
2026-09-01T21:22:10.560,0.835,2,100,100,484,484,71.8,73.2,0.39,0.68,0.44,0.70,-0.25,-0.03,0.43,0.50,-6.04,-4.07,37.42,37.68,001,110,0,0,1955,1983,2014,1899,1975,1989,42.65,33.5,3351,52.359,83.78,1
2026-09-01T21:22:10.572,0.847,2,100,100,484,484,78.8,79.9,-0.81,-0.33,0.16,1.02,0.94,-0.42,-0.81,-0.33,-6.73,-3.87,37.30,37.70,100,101,0,0,1932,2004,2017,1918,1955,1968,42.65,33.5,3353,52.391,83.83,1
2026-09-01T21:22:10.583,0.859,2,100,100,484,484,78.7,71.2,0.11,0.26,0.68,0.30,-0.70,-0.16,0.11,0.26,-5.69,-3.53,37.47,37.74,011,010,0,0,1947,1988,2004,1880,1979,1943,42.65,33.5,3350,52.344,83.75,1
2026-09-01T21:22:10.595,0.870,2,100,100,507,484,73.9,77.8,-0.03,-0.07,0.52,0.76,0.50,0.51,-0.03,-0.07,-6.46,-3.74,37.36,37.72,101,100,0,0,1957,1976,2000,1897,1979,1959,42.65,33.5,3352,52.375,83.80,1
2026-09-01T21:22:10.607,0.882,2,100,100,507,484,80.0,78.0,-0.26,-0.53,0.68,0.22,-0.63,-0.24,-0.26,-0.53,-5.63,-3.08,37.48,37.78,010,001,0,0,1960,2009,2025,1874,1991,1945,42.65,33.5,3352,52.375,83.80,1
2026-09-01T21:22:10.619,0.894,2,100,100,507,484,74.6,75.3,0.45,0.49,0.76,0.58,-0.12,0.20,0.45,0.49,-5.70,-3.13,37.47,37.78,101,110,0,0,1963,2084,1998,1887,1974,1970,42.65,33.5,3352,52.375,83.80,1
2026-09-01T21:22:10.630,0.905,2,100,100,484,484,79.5,80.0,-0.75,-0.83,0.52,0.36,0.16,0.28,-0.75,-0.83,-6.14,-3.82,37.41,37.71,110,101,0,0,1950,1988,2021,1884,1975,1963,42.65,33.5,3352,52.375,83.80,1
2026-09-01T21:22:10.642,0.917,2,100,100,484,463,80.0,69.9,0.22,0.21,0.76,0.22,0.53,0.65,0.22,0.21,-6.21,-4.01,37.39,37.69,001,011,0,0,1949,2026,1965,1878,1943,1971,42.65,33.5,3350,52.344,83.75,1
2026-09-01T21:22:10.654,0.929,2,100,100,484,484,71.6,78.3,-0.73,-0.37,0.26,0.22,0.68,0.75,-0.73,-0.37,-6.75,-4.56,37.31,37.63,100,100,0,0,1945,1988,2020,1885,1975,1955,42.65,33.5,3352,52.375,83.80,1
2026-09-01T21:22:10.666,0.941,2,100,100,507,484,79.4,79.1,0.49,-0.30,0.84,0.46,-0.67,-0.42,0.60,-0.21,-5.86,-4.04,37.45,37.69,011,001,0,0,1966,1988,2028,1886,1981,1949,42.65,33.5,3352,52.375,83.80,1
2026-09-01T21:22:10.677,0.952,2,100,100,507,484,73.6,73.6,0.00,0.44,0.82,0.46,0.31,0.21,0.00,0.44,-6.39,-4.46,37.36,37.64,101,010,0,0,1963,1976,2000,1889,1981,1941,42.65,33.5,3349,52.328,83.72,1
2026-09-01T21:22:10.689,0.964,2,100,100,484,484,78.4,78.1,-0.24,-0.30,0.36,0.86,-0.64,-0.29,-0.24,-0.30,-5.89,-4.22,37.45,37.67,010,101,0,0,1956,1994,2013,1918,1952,1962,42.65,33.5,3353,52.391,83.83,1
2026-09-01T21:22:10.701,0.976,2,100,100,507,484,76.1,79.9,0.52,0.22,0.88,0.36,0.10,-0.54,0.52,0.22,-6.07,-3.66,37.41,37.73,101,011,0,0,1965,2032,2006,1887,1983,1943,42.65,33.5,3349,52.328,83.72,1
2026-09-01T21:22:10.712,0.988,2,100,100,484,484,76.3,69.8,-0.82,-0.12,0.40,0.54,0.14,0.54,-0.82,-0.12,-6.27,-4.04,37.38,37.69,110,100,0,0,1943,1983,2022,1889,1970,1950,42.65,33.5,3352,52.375,83.80,1
2026-09-01T21:22:10.724,0.999,2,100,100,484,484,80.0,80.0,0.48,-0.20,0.60,0.66,-0.13,-0.78,0.48,-0.20,-5.75,-3.08,37.46,37.78,001,001,0,0,1960,1979,2016,1900,1985,1966,42.65,33.5,3352,52.375,83.80,1
2026-09-01T21:22:10.736,1.011,2,100,100,507,484,74.4,69.9,-0.43,0.55,1.24,0.52,-0.34,-0.08,-0.43,0.55,-5.53,-3.01,37.50,37.78,110,010,0,0,1984,1947,2079,1893,1976,1942,42.65,33.5,3426,53.531,85.65,1
2026-09-01T21:22:10.748,1.023,2,100,100,507,484,77.1,79.6,0.31,-0.82,0.52,0.30,-0.23,0.10,0.31,-0.82,-5.59,-3.29,37.49,37.76,011,101,0,0,1952,1985,2012,1880,1977,1961,42.65,33.5,3352,52.375,83.80,1
2026-09-01T21:22:10.759,1.034,2,100,100,484,484,76.1,79.6,-0.09,0.05,0.66,0.36,0.40,0.46,-0.09,0.05,-6.11,-3.83,37.38,37.68,100,011,0,0,1950,2000,2033,1879,1951,1956,42.62,33.5,3349,52.328,83.72,1
2026-09-01T21:22:10.770,1.046,2,100,100,484,484,79.9,77.5,-0.28,0.29,0.60,0.76,-0.51,0.43,-0.28,0.29,-5.88,-4.19,37.42,37.64,010,110,0,0,1956,1993,2012,1906,1971,1927,42.62,33.5,3353,52.391,83.83,1
2026-09-01T21:22:10.782,1.057,2,100,100,484,484,70.2,72.1,0.46,-0.58,0.56,0.62,0.42,-0.20,0.46,-0.58,-6.21,-4.37,37.36,37.62,101,101,0,0,1952,2005,2015,1893,1975,1958,42.62,33.5,3353,52.391,83.83,1
2026-09-01T21:22:10.794,1.069,2,100,100,484,484,78.9,78.1,-0.77,0.49,0.64,0.54,0.23,-0.16,-0.77,0.49,-6.32,-4.21,37.35,37.64,110,010,0,0,1969,1992,2020,1897,1995,1943,42.62,33.5,3350,52.344,83.75,1
2026-09-01T21:22:10.806,1.081,2,100,100,507,484,78.9,78.3,0.37,-0.16,0.76,0.94,-0.08,0.00,0.37,-0.16,-5.86,-4.31,37.42,37.64,001,100,0,0,1948,1976,2016,1914,1943,1959,42.62,33.5,3353,52.391,83.83,1
2026-09-01T21:22:10.817,1.093,2,100,100,484,484,77.2,71.2,-0.57,0.07,0.48,0.68,0.54,-0.90,-0.57,0.07,-6.44,-3.53,37.33,37.71,100,011,0,0,1947,1993,2015,1895,1997,1959,42.62,33.5,3415,53.359,85.38,1
2026-09-01T21:22:10.829,1.104,2,100,100,484,484,79.7,79.3,0.19,-0.07,0.76,0.46,-0.49,1.27,0.22,-0.07,-5.72,-4.22,37.44,37.64,011,110,0,0,1956,1985,2007,1880,1974,1992,42.62,33.5,3352,52.375,83.80,1
2026-09-01T21:22:10.841,1.116,2,100,100,507,484,70.6,77.9,0.03,-0.63,0.68,0.54,0.34,-0.36,0.03,-0.63,-6.29,-3.45,37.35,37.72,101,101,0,0,1964,1969,1996,1890,1976,1963,42.62,33.5,3353,52.391,83.83,1
2026-09-01T21:22:10.853,1.128,2,100,100,507,484,74.5,79.9,0.00,0.39,0.76,0.34,-0.91,-0.03,0.00,0.40,-5.53,-3.13,37.47,37.75,010,010,0,0,1966,2013,2047,1880,1977,1943,42.62,33.5,3352,52.375,83.80,1
2026-09-01T21:22:10.865,1.140,2,100,100,484,484,79.8,74.4,0.37,-0.79,0.74,0.30,0.60,0.38,0.37,-0.79,-6.11,-3.50,37.38,37.72,101,100,0,0,1957,1994,2008,1881,1983,1959,42.62,33.5,3352,52.375,83.80,1
2026-09-01T21:22:10.877,1.152,2,100,100,484,463,71.6,76.3,-0.50,-0.13,0.52,0.46,-0.31,-0.03,-0.50,-0.13,-5.91,-2.98,37.41,37.73,010,011,0,0,1956,1990,2002,1868,1895,1948,42.62,33.5,3348,52.312,83.70,1
2026-09-01T21:22:10.888,1.163,2,100,100,484,484,80.0,80.0,0.16,0.23,0.36,0.62,0.59,0.57,0.16,0.23,-6.31,-4.19,37.35,37.65,001,110,0,0,1933,2012,1984,1896,1975,1951,42.62,33.5,3352,52.375,83.80,1
2026-09-01T21:22:10.900,1.175,2,100,100,484,484,69.8,78.3,-0.78,-0.63,0.30,0.70,0.63,-0.05,-0.78,-0.63,-6.75,-4.35,37.27,37.63,100,101,0,0,1947,1991,2015,1899,1975,1963,42.62,33.5,3410,53.281,85.25,1
2026-09-01T21:22:10.912,1.187,2,100,100,507,484,78.7,70.1,0.36,0.39,0.68,0.38,-0.48,-0.14,0.36,0.39,-5.97,-4.34,37.40,37.63,011,011,0,0,1961,1983,2026,1888,1982,1945,42.62,33.5,3349,52.328,83.72,1
2026-09-01T21:22:10.925,1.200,2,100,100,484,484,77.2,79.1,-0.06,-0.33,1.08,0.50,0.61,0.64,-0.28,-0.43,-6.33,-4.90,37.34,37.56,100,100,0,0,1963,1998,2040,1891,1979,1957,42.62,33.5,3351,52.359,83.78,1
2026-09-01T21:22:10.935,1.210,2,100,100,484,484,77.5,79.5,-0.21,-0.11,0.60,0.70,-0.59,-0.78,-0.21,-0.11,-5.85,-4.17,37.42,37.65,010,001,0,0,1956,1994,2012,1901,1984,1970,42.62,33.5,3350,52.344,83.75,1
2026-09-01T21:22:10.947,1.222,2,100,100,507,484,79.9,71.4,0.44,0.86,0.84,1.10,0.21,-0.18,0.44,0.86,-6.07,-3.85,37.39,37.68,101,110,0,0,1967,1973,2008,1913,1967,1991,42.62,33.5,3427,53.547,85.67,1
2026-09-01T21:22:10.958,1.234,2,100,100,484,484,70.4,80.0,-0.76,-0.45,0.32,0.86,-0.13,-0.44,-0.63,-0.38,-6.04,-3.78,37.39,37.69,010,101,0,0,1937,1982,2025,1904,1955,1963,42.62,33.5,3410,53.281,85.25,1
2026-09-01T21:22:10.970,1.245,2,100,100,484,484,80.0,77.0,0.39,0.24,0.68,0.38,0.10,-0.26,0.39,0.24,-5.82,-3.27,37.43,37.74,001,011,0,0,1953,1994,2005,1881,1979,1943,42.62,33.5,3350,52.344,83.75,1
2026-09-01T21:22:10.982,1.257,2,100,100,507,484,71.3,72.7,-0.48,-0.08,0.80,0.54,-0.15,0.35,-0.48,-0.08,-5.71,-3.47,37.46,37.72,110,100,0,0,1967,2013,1985,1888,1996,1964,42.62,33.5,3346,52.281,83.65,1
2026-09-01T21:22:10.993,1.269,2,100,100,507,484,79.4,79.8,0.23,-0.11,0.48,0.70,-0.26,-0.78,0.23,-0.11,-5.69,-2.77,37.45,37.78,011,001,0,0,1949,1984,2016,1900,1992,1966,42.62,33.5,3350,52.344,83.75,1
2026-09-01T21:22:11.005,1.280,2,100,100,484,484,71.7,78.0,-0.33,0.44,0.26,0.42,1.27,0.09,-0.33,0.44,-6.66,-3.25,37.29,37.74,101,010,0,0,1939,1996,2005,1889,1995,1927,42.62,33.5,3350,52.344,83.75,1
2026-09-01T21:22:11.017,1.292,2,100,100,507,484,79.7,71.5,-0.31,-0.78,0.66,0.38,-0.55,0.44,-0.31,-0.78,-6.04,-3.94,37.39,37.68,010,101,0,0,1954,2003,2034,1877,1981,1948,42.62,33.5,3351,52.359,83.78,1
2026-09-01T21:22:11.028,1.304,2,100,100,507,463,75.1,79.1,0.54,0.01,0.74,0.30,0.44,0.03,0.54,0.01,-6.44,-3.93,37.31,37.67,101,011,0,0,1961,1995,2013,1874,1944,1960,42.62,33.5,3349,52.328,83.72,1
2026-09-01T21:22:11.040,1.315,2,100,100,484,484,79.5,79.4,-0.54,0.06,0.90,0.54,-0.24,1.11,-0.54,0.06,-6.19,-4.80,37.37,37.57,110,110,0,0,1964,1995,2001,1886,1973,1954,42.62,33.5,3352,52.375,83.80,1
2026-09-01T21:22:11.052,1.327,2,100,100,507,484,74.7,75.1,0.44,-0.44,0.60,0.68,-0.41,-0.40,0.44,-0.44,-5.88,-4.41,37.42,37.63,001,101,0,0,1973,2008,1976,1905,1970,1975,42.62,33.5,3352,52.375,83.80,1
2026-09-01T21:22:11.063,1.339,2,100,100,484,484,78.0,76.0,-0.77,0.57,0.22,0.64,0.81,-0.28,-0.77,0.57,-6.65,-4.07,37.29,37.66,100,010,0,0,1940,1995,2016,1900,1993,1939,42.62,33.5,3349,52.328,83.72,1
2026-09-01T21:22:11.077,1.352,2,100,100,484,484,78.7,79.5,0.07,-0.51,0.92,0.46,-0.58,0.23,0.07,-0.51,-5.53,-4.41,37.47,37.62,011,100,0,0,1954,1988,1977,1890,1943,1975,42.62,33.5,3352,52.375,83.80,1
2026-09-01T21:22:11.087,1.362,2,100,100,507,484,74.0,73.0,-0.01,0.41,0.60,1.18,0.54,-1.07,-0.01,0.41,-6.32,-3.33,37.35,37.73,101,001,0,0,1956,1980,2000,1920,2001,1975,42.62,33.7,3350,52.344,83.75,1
2026-09-01T21:22:11.098,1.374,2,100,100,484,484,80.0,79.2,-0.19,0.35,0.92,0.54,-0.63,0.34,-0.12,0.31,-5.49,-3.55,37.48,37.71,010,110,0,0,1982,2008,2010,1896,1983,1955,42.62,33.7,3353,52.391,83.83,1
2026-09-01T21:22:11.110,1.385,2,100,100,484,484,73.1,74.7,0.51,-0.49,0.64,0.60,0.33,-0.58,0.51,-0.49,-5.75,-3.12,37.44,37.76,101,101,0,0,1959,1997,2024,1893,1954,1975,42.62,33.7,3353,52.391,83.83,1
2026-09-01T21:22:11.122,1.398,2,100,100,484,484,77.6,77.4,-0.73,0.45,0.52,0.44,-0.09,-0.15,-0.73,0.45,-5.84,-2.85,37.42,37.77,110,010,0,0,1952,1992,2009,1888,1981,1943,42.62,33.7,3350,52.344,83.75,1
2026-09-01T21:22:11.134,1.409,2,100,100,484,463,78.7,79.7,0.30,-0.95,0.82,0.06,0.23,1.48,0.30,-0.95,-5.74,-4.18,37.44,37.65,001,100,0,0,1947,2025,1967,1864,2019,1947,42.62,33.7,3352,52.375,83.80,1
2026-09-01T21:22:11.145,1.421,2,100,100,484,484,76.0,73.0,-0.84,0.18,0.16,0.90,0.91,-0.89,-0.84,0.18,-6.66,-3.33,37.29,37.73,100,001,0,0,1929,1990,2032,1904,1979,1967,42.62,33.7,3350,52.344,83.75,1
2026-09-01T21:22:11.157,1.432,2,100,100,507,484,80.0,75.9,0.40,0.38,0.76,0.78,-0.75,1.18,0.48,0.11,-5.75,-4.30,37.44,37.63,011,110,0,0,1964,1992,2036,1880,1971,2035,42.62,33.7,3351,52.359,83.78,1
2026-09-01T21:22:11.169,1.444,2,100,100,507,484,70.6,80.0,0.17,-0.71,0.92,0.46,0.31,-0.14,0.17,-0.71,-6.34,-4.22,37.34,37.64,101,101,0,0,1980,1972,1992,1892,1980,1963,42.62,33.7,3353,52.391,83.83,1
2026-09-01T21:22:11.180,1.456,2,100,100,484,484,79.4,78.4,-0.57,0.42,0.60,0.62,0.01,-0.32,-0.57,0.42,-6.24,-4.09,37.36,37.66,010,011,0,0,1939,1952,2024,1897,1990,1947,42.62,33.7,3350,52.344,83.75,1
2026-09-01T21:22:11.193,1.468,2,100,100,507,484,79.1,78.9,0.34,-0.15,0.52,0.60,0.59,0.32,0.34,-0.15,-6.40,-4.40,37.33,37.62,101,100,0,0,1963,1996,1998,1905,1967,1959,42.62,33.7,3352,52.375,83.80,1
2026-09-01T21:22:11.204,1.479,2,100,100,484,484,79.4,80.0,-0.87,-0.45,0.36,0.62,0.27,-0.19,-0.87,-0.45,-6.47,-3.77,37.32,37.69,110,001,0,0,1944,1977,2021,1888,1986,1939,42.62,33.7,3350,52.344,83.75,1
2026-09-01T21:22:11.216,1.491,2,100,100,484,484,77.9,71.3,0.52,0.66,0.84,0.70,-0.31,-0.18,0.52,0.66,-5.70,-3.46,37.44,37.72,001,110,0,0,1963,1986,2006,1905,1999,1927,42.62,33.7,3344,52.250,83.60,1
2026-09-01T21:22:11.227,1.503,2,100,100,484,484,76.5,77.8,-0.52,-0.79,0.72,0.46,0.21,-0.04,-0.52,-0.79,-5.92,-3.50,37.41,37.72,100,101,0,0,1956,2000,1997,1886,1968,1967,42.62,33.7,3353,52.391,83.83,1
2026-09-01T21:22:11.239,1.514,2,100,100,507,484,78.0,80.0,-0.01,0.27,0.24,0.38,-0.35,-0.53,-0.01,0.27,-5.64,-2.89,37.46,37.77,011,011,0,0,1944,1986,2010,1888,1981,1947,42.62,33.7,3349,52.328,83.72,1
2026-09-01T21:22:11.251,1.526,2,100,100,484,484,73.4,69.7,-0.29,0.09,0.36,0.78,1.16,0.29,-0.29,0.09,-6.50,-3.29,37.31,37.74,101,110,0,0,1940,1997,2003,1903,1988,1944,42.62,33.7,3347,52.297,83.67,1
2026-09-01T21:22:11.262,1.538,2,100,100,507,484,80.0,78.6,-0.33,-0.40,0.52,0.54,-0.47,-0.34,-0.33,-0.36,-5.94,-3.53,37.41,37.71,010,001,0,0,1956,2000,2026,1892,1987,1947,42.62,33.7,3350,52.344,83.75,1
2026-09-01T21:22:11.277,1.552,2,100,100,507,484,69.9,80.0,0.57,0.52,0.80,0.60,0.08,0.18,0.57,0.52,-6.15,-4.00,37.38,37.67,101,010,0,0,1964,1979,2021,1892,1978,1956,42.62,33.7,3346,52.281,83.65,1
2026-09-01T21:22:11.286,1.561,2,100,100,507,484,80.0,77.3,-0.81,-0.63,0.52,0.46,0.06,0.46,-0.81,-0.63,-6.29,-4.45,37.35,37.62,110,100,0,0,1947,1995,2019,1887,1975,1959,42.62,33.7,3352,52.375,83.80,1
2026-09-01T21:22:11.298,1.573,2,100,100,507,484,77.2,75.9,0.50,0.03,0.66,0.50,-0.24,-0.39,0.50,0.03,-5.92,-4.06,37.41,37.66,001,011,0,0,1964,1984,2016,1881,1939,1949,42.62,33.7,3348,52.312,83.70,1
2026-09-01T21:22:11.309,1.585,2,100,100,484,484,74.8,79.8,-0.80,0.07,0.68,0.56,0.63,0.91,-0.80,0.07,-6.57,-4.74,37.30,37.58,100,110,0,0,1944,2002,2017,1888,1973,1953,42.62,33.7,3352,52.375,83.80,1
2026-09-01T21:22:11.323,1.598,2,100,100,484,484,79.3,75.3,0.21,-0.50,0.72,0.66,-0.74,-0.49,0.23,-0.40,-5.62,-4.08,37.46,37.66,011,101,0,0,1958,1983,2000,1902,1971,1971,42.62,33.7,3353,52.391,83.83,1
2026-09-01T21:22:11.333,1.608,2,100,100,507,484,71.6,76.9,-0.01,0.58,0.68,0.60,0.26,-0.33,-0.01,0.58,-6.02,-3.77,37.40,37.69,100,010,0,0,1972,1976,1988,1898,1994,1940,42.62,33.5,3407,53.234,85.17,1
2026-09-01T21:22:11.344,1.620,2,100,100,507,484,78.8,79.1,-0.31,-0.50,0.64,0.68,-0.63,0.36,-0.31,-0.50,-5.61,-3.98,37.46,37.67,010,100,0,0,1950,2002,2029,1892,1964,1964,42.62,33.5,3353,52.391,83.83,1
2026-09-01T21:22:11.356,1.632,2,100,100,484,484,76.9,72.1,0.43,0.13,0.88,0.98,0.16,-1.18,0.43,0.13,-5.59,-2.76,37.46,37.78,101,011,0,0,1951,2067,2005,1905,1915,1935,42.62,33.5,3350,52.344,83.75,1
2026-09-01T21:22:11.368,1.643,2,100,100,484,484,77.5,79.7,-0.65,0.29,0.52,0.58,-0.12,0.48,-0.65,0.29,-5.85,-3.54,37.42,37.71,110,110,0,0,1956,1996,2010,1888,1970,1958,42.62,33.5,3353,52.391,83.83,1
2026-09-01T21:22:11.380,1.655,2,100,100,484,484,74.7,78.0,0.47,-0.66,0.64,0.46,-0.21,-0.37,0.43,-0.55,-5.91,-3.12,37.41,37.75,001,101,0,0,1954,2017,1972,1892,1960,1973,42.62,33.5,3352,52.375,83.80,1
2026-09-01T21:22:11.392,1.667,2,100,100,484,484,79.3,72.6,-0.59,0.12,0.48,0.14,0.88,0.42,-0.59,0.12,-6.86,-3.88,37.25,37.68,100,011,0,0,1948,1997,2019,1879,1974,1951,42.62,33.7,3349,52.328,83.72,1
2026-09-01T21:22:11.403,1.679,2,100,100,484,484,80.0,79.9,0.33,-0.34,0.68,0.74,-0.51,0.47,0.33,-0.34,-5.88,-4.40,37.42,37.62,011,100,0,0,1960,1989,2011,1898,1971,1955,42.62,33.7,3352,52.375,83.80,1
2026-09-01T21:22:11.415,1.690,2,100,100,507,463,71.9,77.9,-0.01,-0.53,0.76,0.22,0.40,0.10,-0.01,-0.53,-6.38,-4.37,37.33,37.62,101,001,0,0,1964,1983,2000,1872,1977,1947,42.62,33.7,3406,53.219,85.15,1
2026-09-01T21:22:11.427,1.702,2,100,100,484,484,80.0,70.1,-0.34,0.62,0.50,0.70,-0.46,0.13,-0.34,0.62,-5.99,-4.33,37.41,37.62,010,110,0,0,1949,1995,2022,1898,1979,1953,42.62,33.7,3426,53.531,85.65,1
2026-09-01T21:22:11.439,1.714,2,100,100,507,484,76.2,79.4,0.48,-0.49,0.72,0.90,0.16,-0.05,0.48,-0.53,-6.12,-4.32,37.38,37.63,101,101,0,0,1976,1981,2008,1906,1989,1958,42.62,33.7,3352,52.375,83.80,1
2026-09-01T21:22:11.450,1.725,2,100,100,484,484,79.5,79.2,-0.86,0.49,0.36,0.62,0.25,-0.66,-0.86,0.49,-6.25,-3.73,37.36,37.69,110,011,0,0,1944,1977,2025,1899,1989,1949,42.62,33.7,3350,52.344,83.75,1
2026-09-01T21:22:11.462,1.737,2,100,100,484,484,74.6,72.2,0.42,-0.12,0.60,0.46,-0.28,0.62,0.45,-0.13,-5.72,-4.24,37.44,37.64,001,110,0,0,1976,1986,2008,1892,1971,1957,42.62,33.7,3351,52.359,83.78,1
2026-09-01T21:22:11.477,1.752,2,100,100,484,484,76.4,79.6,-0.57,-0.16,0.60,0.74,0.33,-0.71,-0.57,-0.16,-5.98,-3.25,37.40,37.74,100,001,0,0,1952,1997,2002,1905,1979,1967,42.62,33.7,3350,52.344,83.75,1
2026-09-01T21:22:11.485,1.760,2,100,100,507,484,79.8,73.2,0.07,0.51,0.20,0.46,-0.38,-0.19,0.07,0.51,-5.56,-3.10,37.47,37.75,011,010,0,0,1942,1984,2016,1894,1998,1923,42.62,33.7,3352,52.375,83.80,1
2026-09-01T21:22:11.497,1.773,2,100,100,484,484,79.8,77.9,-0.37,-0.73,0.52,0.42,0.52,-0.26,-0.37,-0.73,-6.13,-3.20,37.38,37.74,100,101,0,0,1950,1996,2008,1886,1971,1967,42.62,33.7,3353,52.391,83.83,1
2026-09-01T21:22:11.509,1.784,2,100,100,507,463,71.2,73.6,-0.01,-0.31,0.82,-0.50,-0.81,1.35,-0.01,-0.31,-5.69,-4.10,37.45,37.65,010,011,0,0,1968,2007,2039,1835,1918,1975,42.62,33.7,3415,53.359,85.38,1
2026-09-01T21:22:11.521,1.796,2,100,100,484,463,80.0,78.0,0.16,-0.25,0.62,0.76,0.79,0.98,0.16,-0.25,-6.42,-4.28,37.33,37.61,101,100,0,0,1952,1998,2000,1888,2027,1959,42.62,33.7,3352,52.375,83.80,1
2026-09-01T21:22:11.532,1.807,2,100,100,507,484,71.6,79.9,-0.52,-0.28,0.52,0.54,-0.43,-0.63,-0.52,-0.28,-6.00,-4.09,37.40,37.66,010,001,0,0,1955,2007,1999,1891,1980,1962,42.62,33.7,3406,53.219,85.15,1
2026-09-01T21:22:11.544,1.819,2,100,100,507,484,78.7,72.2,0.49,0.63,1.00,0.78,-0.06,0.15,0.49,0.63,-5.94,-4.34,37.41,37.63,001,010,0,0,1961,1974,2018,1901,1993,1937,42.62,33.7,3350,52.344,83.75,1
2026-09-01T21:22:11.556,1.831,2,100,100,484,484,77.4,78.2,-0.78,-0.39,0.32,0.94,0.29,-0.28,-0.78,-0.39,-6.33,-4.40,37.34,37.62,110,101,0,0,1944,1984,2024,1912,1953,1963,42.62,33.7,3351,52.359,83.78,1
2026-09-01T21:22:11.568,1.843,2,100,100,484,484,77.5,79.9,0.05,0.63,0.24,0.94,0.14,-0.80,0.05,0.63,-5.99,-3.75,37.40,37.69,011,011,0,0,1940,1988,2000,1912,1995,1957,42.62,33.7,3350,52.344,83.75,1
2026-09-01T21:22:11.579,1.854,2,100,100,484,484,78.0,75.2,-0.05,-0.05,0.84,0.46,0.23,0.56,-0.05,-0.05,-5.92,-4.18,37.40,37.65,100,110,0,0,1984,2004,2000,1895,1971,1957,42.62,33.7,3351,52.359,83.78,1
2026-09-01T21:22:11.591,1.867,2,100,100,507,484,71.5,77.7,-0.10,-0.29,0.58,0.68,-0.99,-0.50,-0.10,-0.29,-5.38,-3.43,37.49,37.72,010,001,0,0,1956,2004,2040,1896,1983,1945,42.62,33.7,3350,52.344,83.75,1
2026-09-01T21:22:11.603,1.878,2,100,100,484,484,72.1,74.0,-0.23,0.57,0.28,0.68,0.99,-0.06,-0.23,0.57,-6.16,-3.27,37.37,37.73,100,110,0,0,1945,1994,2004,1895,1973,1983,42.62,33.7,3352,52.375,83.80,1
2026-09-01T21:22:11.615,1.890,2,100,100,484,484,79.9,79.3,-0.34,-0.65,0.52,0.46,-0.42,-0.32,-0.34,-0.65,-5.67,-3.24,37.45,37.75,010,101,0,0,1950,1988,2018,1890,1967,1975,42.62,33.7,3353,52.391,83.83,1
2026-09-01T21:22:11.627,1.902,2,100,100,484,484,70.1,74.6,0.39,0.13,0.52,0.28,0.44,0.20,0.39,0.13,-6.13,-3.22,37.38,37.74,001,011,0,0,1947,1998,2024,1873,1965,1943,42.62,33.7,3349,52.328,83.72,1
2026-09-01T21:22:11.638,1.913,2,100,100,484,484,80.0,73.2,-0.65,-0.02,0.84,0.62,0.14,0.53,-0.65,-0.02,-6.42,-4.03,37.34,37.66,110,100,0,0,1949,1994,2009,1889,2049,1985,42.62,33.7,3353,52.391,83.83,1
2026-09-01T21:22:11.650,1.925,2,100,100,507,484,71.3,79.3,0.64,-0.20,0.84,0.70,-0.53,-0.62,0.64,-0.20,-5.75,-3.87,37.44,37.68,011,001,0,0,1973,1977,2036,1904,1983,1971,42.62,33.7,3344,52.250,83.60,1
2026-09-01T21:22:11.662,1.937,2,100,100,507,484,79.2,78.2,-0.46,0.51,0.64,0.52,0.44,0.24,-0.46,0.51,-6.40,-4.43,37.33,37.62,100,010,0,0,1958,2004,2005,1893,1983,1947,42.62,33.7,3350,52.344,83.75,1
2026-09-01T21:22:11.673,1.948,2,100,100,484,484,70.8,76.1,-0.16,-0.60,0.52,0.54,-0.64,0.30,-0.16,-0.60,-5.78,-4.69,37.44,37.59,011,100,0,0,1948,1992,2016,1888,1965,1962,42.62,33.7,3353,52.391,83.83,1
2026-09-01T21:22:11.685,1.960,2,100,100,507,484,79.2,74.7,0.17,0.13,0.52,0.54,0.60,-0.51,0.17,0.13,-6.42,-4.15,37.33,37.65,101,011,0,0,1955,1985,2000,1893,1971,1955,42.62,33.7,3349,52.328,83.72,1
2026-09-01T21:22:11.696,1.972,2,100,100,507,484,77.3,79.9,-0.51,0.13,0.54,0.54,-0.26,0.65,-0.51,0.13,-6.14,-4.43,37.36,37.60,010,110,0,0,1954,2000,2017,1886,1970,1955,42.60,33.5,3352,52.375,83.80,1
2026-09-01T21:22:11.708,1.983,2,100,100,484,484,78.4,72.8,0.48,-0.12,0.68,1.12,-0.01,-0.80,0.48,-0.12,-5.86,-3.57,37.40,37.70,001,101,0,0,1959,1981,2017,1919,1948,1984,42.60,33.5,3353,52.391,83.83,1
2026-09-01T21:22:11.720,1.995,2,100,100,484,484,78.8,79.1,-0.61,0.56,0.68,0.58,-0.15,-0.24,-0.57,0.60,-5.77,-3.27,37.42,37.72,110,010,0,0,1956,1994,2016,1892,1995,1927,42.60,33.5,3350,52.344,83.75,1
2026-09-01T21:22:11.731,2.007,2,100,100,507,484,74.6,78.7,0.34,-0.40,0.52,0.66,-0.41,0.19,0.34,-0.40,-5.52,-3.43,37.46,37.70,011,100,0,0,1952,1981,2024,1894,1962,1969,42.60,33.5,3353,52.391,83.83,1
2026-09-01T21:22:11.743,2.019,2,100,100,484,484,79.8,72.1,-0.33,-0.06,0.52,0.46,0.57,-0.75,-0.33,-0.06,-6.17,-2.84,37.35,37.75,100,011,0,0,1953,1992,2006,1880,1947,1943,42.60,33.5,3349,52.328,83.72,1
2026-09-01T21:22:11.755,2.030,2,100,100,507,484,71.2,79.9,-0.11,0.47,0.58,0.76,-0.85,0.33,-0.11,0.40,-5.61,-3.19,37.44,37.73,010,110,0,0,1958,2005,2061,1900,1984,1943,42.60,33.5,3354,52.406,83.85,1
2026-09-01T21:22:11.767,2.042,2,100,100,484,484,80.0,75.6,0.23,-0.76,0.68,0.38,0.74,-0.15,0.23,-0.76,-6.43,-3.57,37.31,37.69,101,101,0,0,1956,1996,2001,1886,1967,1963,42.60,33.5,3353,52.391,83.83,1
2026-09-01T21:22:11.778,2.054,2,100,100,507,484,74.8,74.7,-0.50,0.29,0.60,0.26,-0.43,0.61,-0.50,0.29,-5.93,-4.06,37.39,37.64,010,010,0,0,1962,1997,2002,1881,1967,1955,42.60,33.5,3348,52.312,83.70,1
2026-09-01T21:22:11.790,2.065,2,100,100,507,484,78.7,79.5,0.55,-0.38,0.76,0.42,-0.03,0.60,0.55,-0.38,-5.92,-4.46,37.39,37.60,001,100,0,0,1964,1976,2018,1890,1965,1952,42.60,33.5,3353,52.391,83.83,1
2026-09-01T21:22:11.802,2.077,2,100,100,507,484,75.1,79.6,-0.83,-0.24,0.20,0.54,0.43,-0.37,-0.83,-0.24,-6.41,-4.01,37.31,37.65,110,001,0,0,1945,1986,2017,1893,1981,1951,42.60,33.7,3349,52.328,83.72,1
2026-09-01T21:22:11.813,2.088,2,100,100,484,484,79.1,73.9,0.23,0.75,0.92,0.86,-0.46,-0.13,0.23,0.75,-5.65,-4.12,37.44,37.63,011,010,0,0,1952,1982,2013,1908,2002,1918,42.60,33.7,3352,52.375,83.80,1
2026-09-01T21:22:11.825,2.100,2,100,100,484,484,78.1,77.2,-0.08,-0.50,1.16,0.78,0.28,-0.11,-0.08,-0.50,-6.09,-4.15,37.37,37.63,100,101,0,0,1964,1996,2008,1904,1965,1959,42.60,33.7,3350,52.344,83.75,1
2026-09-01T21:22:11.836,2.112,2,100,100,507,484,76.0,80.0,-0.19,0.18,0.68,0.30,-0.75,-0.48,-0.19,0.24,-5.34,-3.59,37.48,37.69,010,011,0,0,1956,2000,2040,1876,1981,1938,42.60,33.7,3352,52.375,83.80,1
2026-09-01T21:22:11.848,2.124,2,100,100,484,484,79.3,70.8,0.13,-0.10,0.74,0.66,0.80,0.54,0.13,-0.10,-5.77,-3.92,37.38,37.66,101,100,0,0,1939,2035,2008,1891,1967,1943,42.60,33.7,3418,53.406,85.45,1
2026-09-01T21:22:11.860,2.135,2,100,100,484,484,69.7,79.9,-0.67,-0.02,0.40,0.90,-0.19,-0.84,-0.67,-0.02,-5.79,-2.96,37.41,37.75,010,001,0,0,1947,1989,2013,1911,1983,1975,42.60,33.7,3408,53.250,85.20,1
2026-09-01T21:22:11.872,2.147,2,100,100,484,484,79.6,73.2,0.54,0.60,0.68,0.70,0.11,-0.02,0.54,0.60,-5.89,-3.13,37.40,37.73,001,010,0,0,1960,1995,2009,1898,1991,1933,42.60,33.7,3350,52.344,83.75,1
2026-09-01T21:22:11.883,2.159,2,100,100,484,484,72.2,75.7,-0.68,-0.89,0.46,0.26,0.39,0.42,-0.68,-0.89,-6.45,-3.65,37.31,37.68,110,101,0,0,1948,1980,2016,1878,1977,1955,42.60,33.7,3351,52.359,83.78,1
2026-09-01T21:22:11.895,2.170,2,100,100,484,463,79.9,79.1,0.25,-0.16,0.68,0.30,-0.51,0.43,0.25,-0.16,-5.88,-3.70,37.40,37.68,011,011,0,0,1971,1984,2008,1872,1909,1959,42.60,33.7,3350,52.344,83.75,1
2026-09-01T21:22:11.907,2.182,2,100,100,507,484,72.0,79.0,0.10,0.15,0.92,0.54,0.36,0.57,0.10,0.15,-6.41,-4.29,37.31,37.62,101,110,0,0,1968,1973,1999,1894,1976,1946,42.60,33.7,3410,53.281,85.25,1
2026-09-01T21:22:11.918,2.194,2,100,100,484,484,80.0,73.9,-0.27,-0.45,0.58,0.66,-0.52,-0.44,-0.19,-0.36,-5.83,-4.07,37.41,37.64,010,101,0,0,1959,1996,2014,1902,1971,1967,42.60,33.7,3353,52.391,83.83,1
2026-09-01T21:22:11.930,2.205,2,100,100,507,484,76.1,76.1,0.51,0.40,0.76,0.40,0.20,0.00,0.47,0.44,-6.05,-4.29,37.37,37.62,101,010,0,0,1966,1979,2017,1887,1981,1946,42.60,33.7,3349,52.328,83.72,1
2026-09-01T21:22:11.943,2.218,2,100,100,484,484,71.7,74.9,-0.66,-0.35,0.40,0.78,-0.09,0.10,-0.66,-0.35,-6.02,-4.57,37.38,37.58,010,100,0,0,1938,1985,2026,1898,1954,1950,42.60,33.7,3352,52.375,83.80,1
2026-09-01T21:22:11.954,2.229,2,100,100,507,484,77.0,75.7,0.43,0.20,0.56,0.74,-0.07,-0.80,0.43,0.19,-5.73,-3.81,37.42,37.67,001,011,0,0,1976,1962,2016,1896,1967,1953,42.60,33.7,3349,52.328,83.72,1
2026-09-01T21:22:11.966,2.241,2,100,100,484,484,78.7,79.0,-0.92,0.07,0.68,0.62,0.40,0.63,-0.92,0.07,-5.75,-4.21,37.42,37.63,110,110,0,0,1944,1946,2065,1892,1971,1959,42.60,33.7,3352,52.375,83.80,1
2026-09-01T21:22:11.978,2.253,2,100,100,507,484,71.0,72.6,0.38,-0.17,0.64,0.98,-0.34,-0.93,0.38,-0.17,-5.44,-3.31,37.47,37.72,001,001,0,0,1959,1979,2025,1907,1971,1944,42.60,33.7,3407,53.234,85.17,1
2026-09-01T21:22:11.989,2.265,2,100,100,484,484,79.5,80.0,-0.51,0.49,0.48,0.52,0.55,-0.05,-0.51,0.49,-6.14,-3.22,37.36,37.72,100,010,0,0,1950,2000,2016,1890,1987,1935,42.60,33.7,3350,52.344,83.75,1
2026-09-01T21:22:12.001,2.276,2,100,100,507,484,74.5,75.5,0.05,-0.93,0.80,0.14,-0.94,0.71,0.05,-0.93,-5.60,-3.72,37.44,37.68,011,100,0,0,1966,1969,1964,1870,1983,1953,42.60,33.7,3353,52.391,83.83,1
2026-09-01T21:22:12.013,2.288,2,100,100,484,463,78.1,76.2,0.17,-0.25,0.76,0.34,0.54,0.01,0.17,-0.25,-6.52,-2.90,37.29,37.75,101,011,0,0,1969,1976,2016,1861,1890,1939,42.60,33.7,3349,52.328,83.72,1
2026-09-01T21:22:12.024,2.299,2,100,100,484,484,70.1,79.7,-0.45,0.34,0.76,0.58,-0.35,0.57,-0.45,0.28,-6.10,-3.96,37.36,37.65,010,110,0,0,1979,1995,2001,1897,1981,1954,42.60,33.7,3410,53.281,85.25,1
2026-09-01T21:22:12.036,2.311,2,100,100,484,484,80.0,79.1,0.43,-0.65,0.44,0.42,-0.03,-0.11,0.43,-0.65,-5.93,-3.99,37.39,37.66,001,101,0,0,1954,1988,2009,1890,1975,1959,42.60,33.7,3353,52.391,83.83,1
2026-09-01T21:22:12.047,2.323,2,100,100,484,484,74.9,69.6,-0.71,0.53,0.50,0.62,0.02,-0.31,-0.71,0.53,-6.19,-3.86,37.35,37.66,110,010,0,0,1947,1967,2060,1897,1990,1943,42.60,33.7,3349,52.328,83.72,1
2026-09-01T21:22:12.059,2.334,2,100,100,484,484,79.1,76.2,0.16,-0.20,0.46,0.60,-0.33,0.63,0.16,-0.40,-5.96,-4.52,37.39,37.59,011,100,0,0,1948,1984,2012,1885,1993,1963,42.60,33.7,3351,52.359,83.78,1
2026-09-01T21:22:12.071,2.346,2,100,100,484,484,74.9,80.0,-0.01,-0.46,0.76,0.44,0.36,-0.42,-0.10,-0.38,-6.16,-3.90,37.36,37.66,100,001,0,0,1963,1992,2020,1888,1983,1947,42.60,33.7,3349,52.328,83.72,1
2026-09-01T21:22:12.083,2.358,2,100,100,507,484,74.7,72.7,-0.06,0.82,0.64,0.94,-0.98,-0.11,-0.06,0.82,-5.37,-3.76,37.48,37.67,010,010,0,0,1962,2008,2044,1911,2001,1920,42.60,33.7,3351,52.359,83.78,1
2026-09-01T21:22:12.094,2.370,2,100,100,484,484,79.8,78.7,0.32,-0.71,0.68,0.46,0.57,-0.09,0.32,-0.71,-6.01,-3.85,37.38,37.66,101,101,0,0,1956,2000,2008,1888,1967,1971,42.60,33.7,3352,52.375,83.80,1
2026-09-01T21:22:12.106,2.381,2,100,100,484,484,72.4,79.8,-0.62,0.36,0.44,0.66,-0.27,-0.36,-0.62,0.36,-5.88,-3.19,37.40,37.72,110,011,0,0,1952,1996,2004,1892,1983,1942,42.60,33.7,3350,52.344,83.75,1
2026-09-01T21:22:12.118,2.393,2,100,100,484,484,80.0,71.1,0.21,-0.12,0.42,0.44,0.56,0.44,0.21,-0.12,-6.13,-3.54,37.36,37.69,001,100,0,0,1935,2010,1987,1891,2005,1961,42.60,33.7,3353,52.391,83.83,1
2026-09-01T21:22:12.129,2.405,2,100,100,484,484,69.9,79.0,-0.84,-0.21,0.26,0.76,0.64,-0.64,-0.84,-0.12,-6.58,-2.91,37.28,37.75,110,001,0,0,1943,1983,2019,1903,1974,1964,42.60,33.7,3408,53.250,85.20,1
2026-09-01T21:22:12.142,2.417,2,100,100,484,484,80.0,79.2,0.39,0.27,0.84,0.14,-0.30,0.41,0.39,0.27,-5.94,-3.45,37.39,37.70,011,010,0,0,1965,1994,2004,1875,1983,1935,42.60,33.7,3350,52.344,83.75,1
2026-09-01T21:22:12.153,2.428,2,100,100,507,484,79.9,79.4,-0.37,-0.75,0.64,0.38,0.51,0.17,-0.37,-0.75,-6.53,-3.98,37.29,37.65,100,101,0,0,1953,2004,2006,1885,1979,1955,42.60,33.7,3352,52.375,83.80,1
2026-09-01T21:22:12.165,2.440,2,100,100,484,463,69.8,80.0,0.01,0.09,0.60,0.14,-0.68,0.17,0.01,0.09,-5.86,-4.13,37.40,37.63,011,011,0,0,1959,1997,2005,1879,1946,1962,42.60,33.7,3408,53.250,85.20,1
2026-09-01T21:22:12.177,2.452,2,100,100,507,484,77.7,71.7,0.10,-0.13,0.68,0.46,0.43,0.84,0.10,-0.13,-6.33,-4.87,37.33,37.55,101,110,0,0,1961,1980,2000,1889,1971,1949,42.60,33.7,3352,52.375,83.80,1
2026-09-01T21:22:12.188,2.464,2,100,100,507,484,79.0,78.1,-0.54,-0.34,0.40,0.62,-0.24,-0.32,-0.54,-0.34,-5.96,-4.21,37.39,37.63,010,001,0,0,1949,2000,2028,1892,1991,1947,42.60,33.7,3350,52.344,83.75,1
2026-09-01T21:22:12.200,2.475,2,100,100,507,484,74.4,79.6,0.36,0.62,0.68,0.74,0.03,-0.14,0.36,0.62,-5.78,-3.88,37.41,37.66,001,010,0,0,1953,1970,2016,1900,1995,1929,42.60,33.7,3350,52.344,83.75,1
2026-09-01T21:22:12.212,2.487,2,100,100,507,484,78.8,72.6,-0.81,-0.63,0.60,0.58,0.02,-0.23,-0.81,-0.63,-5.76,-3.76,37.42,37.67,110,100,0,0,1950,1983,2024,1900,1947,1983,42.60,33.7,3354,52.406,83.85,1
2026-09-01T21:22:12.223,2.499,2,100,100,507,484,69.5,78.4,0.44,0.16,0.84,0.58,-0.41,-0.51,0.44,0.18,-5.45,-3.35,37.47,37.71,001,011,0,0,1963,1978,2028,1888,1965,1946,42.60,33.7,3345,52.266,83.62,1
2026-09-01T21:22:12.235,2.510,2,100,100,484,484,79.9,75.7,-0.45,0.22,0.52,0.78,0.44,0.37,-0.45,0.22,-6.11,-3.53,37.36,37.70,100,110,0,0,1965,2000,2008,1905,1969,1931,42.60,33.7,3352,52.375,83.80,1
2026-09-01T21:22:12.248,2.523,2,100,100,507,484,79.4,79.4,0.24,-0.44,0.60,0.36,-0.39,-0.45,0.24,-0.44,-5.73,-2.95,37.42,37.75,011,001,0,0,1952,1985,2016,1880,1990,1946,42.60,33.7,3350,52.344,83.75,1
2026-09-01T21:22:12.259,2.535,2,100,100,484,484,76.3,72.5,-0.05,0.38,0.78,0.46,0.34,0.36,-0.08,0.34,-6.39,-3.23,37.32,37.72,100,110,0,0,1970,1984,2000,1889,1975,1949,42.60,33.7,3350,52.344,83.75,1
2026-09-01T21:22:12.271,2.546,2,100,100,507,484,75.6,80.0,-0.07,-0.88,0.80,0.30,-0.62,0.49,-0.07,-0.88,-5.97,-4.21,37.39,37.64,010,101,0,0,1960,2000,2013,1878,1979,1959,42.60,33.7,3353,52.391,83.83,1
2026-09-01T21:22:12.283,2.558,2,100,100,507,463,80.0,77.1,0.28,0.13,0.74,0.30,0.39,0.60,0.28,0.13,-6.17,-4.17,37.35,37.63,101,011,0,0,1961,1994,2004,1877,1947,1967,42.60,33.7,3350,52.344,83.75,1
2026-09-01T21:22:12.295,2.570,2,100,100,484,484,71.9,75.3,-0.70,-0.27,0.36,0.36,-0.22,0.71,-0.70,-0.26,-6.14,-4.75,37.36,37.56,010,100,0,0,1964,1996,2010,1887,1973,1962,42.60,33.7,3351,52.359,83.78,1
2026-09-01T21:22:12.306,2.582,2,100,100,507,484,79.8,79.4,0.43,-0.29,0.56,0.70,-0.01,-0.36,0.43,-0.29,-6.07,-4.25,37.37,37.62,001,001,0,0,1956,1980,2018,1896,1983,1949,42.60,33.7,3350,52.344,83.75,1
2026-09-01T21:22:12.319,2.594,2,100,100,484,484,71.9,79.0,-0.67,0.72,0.52,0.86,0.08,-0.19,-0.67,0.72,-6.18,-4.26,37.35,37.62,100,010,0,0,1951,2002,2007,1907,2004,1917,42.60,33.7,3351,52.359,83.78,1
2026-09-01T21:22:12.330,2.605,2,100,100,507,484,79.5,72.2,0.37,-0.30,0.76,0.90,-0.60,-0.09,0.37,-0.30,-5.35,-4.22,37.48,37.63,011,100,0,0,1960,1983,2020,1910,1950,1973,42.60,33.7,3353,52.391,83.83,1
2026-09-01T21:22:12.342,2.617,2,100,100,507,484,77.3,78.6,-0.38,0.19,0.32,0.54,0.32,-0.55,-0.53,0.44,-6.00,-3.59,37.38,37.69,100,011,0,0,1953,2016,1986,1896,1993,1943,42.60,33.7,3350,52.344,83.75,1
2026-09-01T21:22:12.354,2.629,2,100,100,484,484,76.8,74.5,0.22,-0.21,0.74,0.74,-0.53,0.48,0.31,-0.21,-5.48,-3.86,37.46,37.66,011,100,0,0,1964,1994,2004,1893,1985,1963,42.60,33.7,3350,52.344,83.75,1
2026-09-01T21:22:12.365,2.640,2,100,100,507,484,76.8,80.0,0.06,-0.09,0.84,0.88,0.51,-0.83,0.06,-0.09,-6.15,-3.02,37.36,37.74,101,001,0,0,1960,1977,2000,1907,1983,1973,42.60,33.7,3350,52.344,83.75,1
2026-09-01T21:22:12.377,2.652,2,100,100,507,484,76.1,76.0,-0.31,0.62,0.70,0.66,-0.44,-0.04,-0.31,0.62,-6.02,-3.07,37.38,37.73,010,010,0,0,1965,2002,2004,1898,1989,1929,42.60,33.7,3349,52.328,83.72,1
2026-09-01T21:22:12.388,2.664,2,100,100,484,484,79.4,72.9,0.02,-0.95,0.20,0.26,1.22,0.53,0.02,-0.95,-6.63,-3.64,37.27,37.68,001,101,0,0,1919,2042,1978,1877,1980,1949,42.60,33.7,3351,52.359,83.78,1
2026-09-01T21:22:12.400,2.675,2,100,100,484,484,78.2,79.7,-0.74,0.01,0.68,0.46,0.07,0.45,-0.79,-0.01,-6.28,-3.91,37.34,37.66,110,011,0,0,1969,1985,2020,1885,1935,1959,42.60,33.7,3349,52.328,83.72,1
2026-09-01T21:22:12.412,2.687,2,100,100,484,484,76.4,78.3,0.29,0.34,0.52,0.78,-0.32,0.44,0.29,0.34,-6.01,-4.36,37.38,37.61,011,110,0,0,1950,1983,2012,1906,1975,1929,42.60,33.7,3353,52.391,83.83,1
2026-09-01T21:22:12.424,2.699,2,100,100,484,484,79.6,71.7,-0.45,-0.13,0.66,1.08,0.88,-0.53,-0.45,-0.14,-6.79,-4.14,37.25,37.63,100,001,0,0,1939,2003,2035,1915,1979,1919,42.60,33.7,3351,52.359,83.78,1
2026-09-01T21:22:12.435,2.710,2,100,100,507,484,71.0,78.0,0.10,0.47,0.84,0.46,-1.02,-0.19,0.10,0.51,-5.74,-4.14,37.42,37.63,010,010,0,0,1976,2018,2042,1892,1991,1939,42.60,33.7,3350,52.344,83.75,1
2026-09-01T21:22:12.447,2.723,2,100,100,507,484,69.8,73.3,0.08,-0.39,0.80,1.00,0.18,-0.23,0.08,-0.39,-6.15,-4.11,37.36,37.64,101,100,0,0,1968,1969,1993,1904,2019,1938,42.60,33.7,3346,52.281,83.65,1
2026-09-01T21:22:12.459,2.734,2,100,100,507,484,79.4,80.0,-0.33,0.20,0.52,0.46,-0.49,-0.34,-0.33,0.20,-5.54,-3.70,37.45,37.68,010,011,0,0,1968,1993,2024,1888,1973,1953,42.60,33.7,3350,52.344,83.75,1
2026-09-01T21:22:12.471,2.746,2,100,100,507,484,74.5,76.6,0.56,0.01,0.84,0.54,-0.10,0.59,0.56,-0.05,-5.67,-4.00,37.43,37.65,101,110,0,0,1964,2030,2010,1892,1970,1950,42.60,33.7,3351,52.359,83.78,1
2026-09-01T21:22:12.483,2.758,2,100,100,507,484,76.8,76.6,-0.71,-0.20,0.44,0.78,-0.11,-0.70,-0.71,-0.20,-6.07,-3.24,37.37,37.73,110,001,0,0,1960,2001,2005,1908,1977,1973,42.60,33.7,3349,52.328,83.72,1
2026-09-01T21:22:12.494,2.770,2,100,100,484,484,78.1,78.8,0.31,0.42,0.60,0.46,0.17,-0.02,0.31,0.42,-5.92,-3.05,37.39,37.74,001,010,0,0,1945,2016,1977,1889,1983,1935,42.60,33.7,3349,52.328,83.72,1
2026-09-01T21:22:12.506,2.781,2,100,100,484,484,76.2,71.2,-0.36,-1.00,0.78,0.14,0.20,0.62,-0.36,-1.00,-6.39,-3.53,37.32,37.70,100,101,0,0,1965,1990,2002,1870,1991,1952,42.60,33.7,3352,52.375,83.80,1
2026-09-01T21:22:12.518,2.793,2,100,100,484,484,79.8,79.1,0.22,-0.20,0.68,0.26,-0.36,0.58,0.26,-0.19,-5.97,-3.28,37.39,37.72,011,011,0,0,1960,1984,2028,1865,1911,1947,42.60,33.7,3350,52.344,83.75,1
2026-09-01T21:22:12.529,2.805,2,100,100,484,484,73.2,78.6,-0.33,0.42,0.30,0.94,1.20,0.38,-0.33,0.42,-6.78,-3.70,37.25,37.68,101,110,0,0,1936,1998,2002,1913,1979,1925,42.60,33.7,3352,52.375,83.80,1
2026-09-01T21:22:12.541,2.817,2,100,100,507,484,79.9,74.1,-0.38,-0.55,0.40,0.46,-0.49,-0.28,-0.31,-0.48,-5.99,-3.85,37.38,37.66,010,101,0,0,1950,2000,2024,1894,1967,1959,42.60,33.7,3353,52.391,83.83,1
2026-09-01T21:22:12.553,2.828,2,100,100,507,484,80.0,79.5,0.48,0.50,0.92,0.46,0.24,0.11,0.48,0.50,-6.21,-4.21,37.35,37.63,101,010,0,0,1975,1970,2010,1893,1987,1947,42.60,33.7,3350,52.344,83.75,1
2026-09-01T21:22:12.565,2.840,2,100,100,484,484,76.3,78.2,-0.82,-0.55,0.50,0.60,0.15,0.44,-0.82,-0.55,-6.20,-4.53,37.35,37.59,110,100,0,0,1945,1989,2021,1891,1971,1963,42.60,33.7,3352,52.375,83.80,1
2026-09-01T21:22:12.577,2.852,2,100,100,507,484,80.0,73.0,0.38,0.34,0.58,0.70,0.04,-0.84,0.38,0.34,-5.64,-3.78,37.44,37.67,001,011,0,0,1953,1984,2008,1904,1991,1963,42.60,33.7,3349,52.328,83.72,1
2026-09-01T21:22:12.588,2.864,2,100,100,507,484,74.6,80.0,-0.69,0.09,0.92,0.58,-0.14,1.02,-0.69,0.09,-5.75,-4.39,37.42,37.60,110,110,0,0,1961,1973,2047,1883,1972,1967,42.60,33.7,3353,52.391,83.83,1
2026-09-01T21:22:12.600,2.875,2,100,100,484,484,79.9,75.6,0.31,-0.47,0.56,0.66,-0.27,-0.65,0.31,-0.47,-5.58,-3.60,37.44,37.70,011,101,0,0,1958,1977,2024,1906,1953,1987,42.60,33.7,3353,52.391,83.83,1
2026-09-01T21:22:12.612,2.887,2,100,100,484,484,70.3,72.5,-0.04,0.37,0.60,0.46,0.59,-0.22,-0.04,0.37,-6.29,-3.26,37.34,37.72,100,010,0,0,1955,1983,2011,1887,1977,1943,42.60,33.7,3407,53.234,85.17,1
2026-09-01T21:22:12.623,2.899,2,100,100,507,484,78.7,80.0,-0.21,-0.40,0.68,0.62,-0.66,0.46,-0.21,-0.40,-5.92,-3.48,37.39,37.70,010,100,0,0,1964,2006,2020,1896,1973,1958,42.60,33.7,3352,52.375,83.80,1
2026-09-01T21:22:12.635,2.910,2,100,100,484,484,71.9,73.6,0.35,0.22,0.52,0.86,0.50,-1.02,0.35,0.22,-6.23,-2.69,37.34,37.76,101,001,0,0,1951,2000,2012,1908,1991,1970,42.60,33.7,3350,52.344,83.75,1
2026-09-01T21:22:12.646,2.922,2,100,100,484,484,79.9,74.0,-0.65,0.49,0.60,0.54,-0.05,0.10,-0.65,0.49,-6.16,-3.38,37.36,37.71,110,110,0,0,1952,1995,2016,1885,1975,1993,42.60,33.5,3351,52.359,83.78,1
2026-09-01T21:22:12.658,2.933,2,100,100,507,484,73.2,79.3,0.48,-0.73,0.66,0.38,-0.35,0.18,0.48,-0.73,-5.96,-3.95,37.39,37.66,001,101,0,0,1965,2014,1980,1887,1981,1955,42.60,33.7,3353,52.391,83.83,1
2026-09-01T21:22:12.670,2.945,2,100,100,484,484,80.0,79.6,-0.57,0.29,0.84,0.62,0.84,-0.23,-0.57,0.29,-6.66,-3.84,37.26,37.66,100,011,0,0,1944,2001,2018,1888,1977,1947,42.60,33.7,3350,52.344,83.75,1
2026-09-01T21:22:12.681,2.956,2,100,100,507,484,73.0,74.9,0.21,-0.03,0.84,0.46,-1.23,0.68,0.21,-0.03,-5.64,-4.61,37.44,37.58,011,110,0,0,1970,1991,2013,1886,1967,1941,42.60,33.7,3353,52.391,83.83,1
2026-09-01T21:22:12.693,2.968,2,100,100,507,484,77.8,76.1,0.09,-0.29,0.62,0.64,0.40,-0.55,0.09,-0.29,-6.12,-4.24,37.36,37.63,101,001,0,0,1960,1980,2000,1904,1971,1967,42.60,33.7,3349,52.328,83.72,1
2026-09-01T21:22:12.706,2.981,2,100,100,484,484,78.7,79.6,-0.39,0.61,0.68,0.70,-0.32,-0.15,-0.39,0.61,-5.56,-3.91,37.45,37.66,010,010,0,0,1948,1980,2021,1901,1999,1927,42.60,33.7,3350,52.344,83.75,1
2026-09-01T21:22:12.717,2.992,2,100,100,507,484,73.0,73.8,0.66,-0.48,0.92,0.50,-0.18,-0.35,0.66,-0.56,-5.57,-4.12,37.45,37.63,001,100,0,0,1970,1956,2030,1898,1940,1984,42.60,33.7,3353,52.391,83.83,1
2026-09-01T21:22:12.728,3.003,2,100,100,507,484,80.0,77.7,-0.69,0.18,0.52,0.54,0.00,-0.71,-0.73,0.26,-6.01,-3.47,37.38,37.70,110,011,0,0,1951,1997,2016,1889,1987,1947,42.60,33.7,3350,52.344,83.75,1
2026-09-01T21:22:12.740,3.015,2,100,100,484,484,71.6,77.7,0.36,-0.05,0.60,0.46,-0.12,0.64,0.36,-0.05,-5.85,-3.79,37.40,37.67,011,110,0,0,1951,1987,2009,1883,1967,1954,42.60,33.5,3410,53.281,85.25,1
2026-09-01T21:22:12.752,3.027,2,100,100,484,484,78.2,75.3,-0.28,-0.62,0.94,0.44,0.17,-0.39,-0.28,-0.62,-6.22,-3.15,37.34,37.73,100,001,0,0,1976,1997,1990,1880,1998,1919,42.60,33.7,3349,52.328,83.72,1
2026-09-01T21:22:12.763,3.039,2,100,100,484,484,74.5,80.0,0.08,0.49,0.76,0.54,-0.89,-0.08,0.08,0.49,-5.60,-3.11,37.45,37.73,011,010,0,0,1960,1986,1992,1892,1987,1935,42.60,33.7,3349,52.328,83.72,1
2026-09-01T21:22:12.775,3.050,2,100,100,507,463,78.6,77.2,0.06,-0.73,0.52,0.38,0.63,0.57,0.06,-0.73,-6.28,-4.03,37.34,37.65,101,100,0,0,1952,1984,2000,1885,1987,1951,42.60,33.7,3352,52.375,83.80,1
2026-09-01T21:22:12.787,3.062,2,100,100,507,484,78.2,74.2,-0.52,0.17,0.36,0.62,-0.30,-0.62,-0.52,0.17,-6.02,-3.62,37.38,37.69,010,011,0,0,1948,1995,2018,1892,1937,1951,42.60,33.7,3348,52.312,83.70,1
2026-09-01T21:22:12.798,3.074,2,100,100,507,484,76.8,79.5,0.54,0.22,0.72,0.46,0.01,0.94,0.54,0.22,-6.10,-4.52,37.36,37.59,001,110,0,0,1961,1977,2020,1886,1975,1967,42.60,33.7,3352,52.375,83.80,1
2026-09-01T21:22:12.810,3.085,2,100,100,484,484,77.2,79.5,-0.70,-0.59,0.50,0.60,-0.07,-0.19,-0.70,-0.59,-6.08,-4.32,37.37,37.61,110,101,0,0,1952,2001,2014,1896,1973,1961,42.60,33.7,3410,53.281,85.25,1
2026-09-01T21:22:12.822,3.097,2,100,100,484,484,77.6,75.2,0.09,0.54,0.32,0.74,0.07,-0.36,0.09,0.54,-5.72,-4.24,37.43,37.62,011,011,0,0,1940,1988,2000,1901,1993,1943,42.60,33.7,3350,52.344,83.75,1
2026-09-01T21:22:12.833,3.108,2,100,100,507,484,79.9,76.3,-0.27,-0.09,0.70,0.64,0.28,0.31,-0.35,-0.13,-6.03,-4.52,37.38,37.59,100,100,0,0,1957,2000,1992,1899,1967,1943,42.60,33.7,3351,52.359,83.78,1
2026-09-01T21:22:12.845,3.120,2,100,100,484,484,74.2,80.0,-0.08,-0.43,0.78,0.64,-0.72,-0.20,0.04,-0.42,-5.44,-3.89,37.47,37.66,010,001,0,0,1966,2000,2005,1888,1988,1938,42.60,33.7,3352,52.375,83.80,1
2026-09-01T21:22:12.857,3.132,2,100,100,484,484,80.0,69.5,0.06,0.75,0.76,0.78,1.00,-0.34,0.06,0.75,-6.25,-3.42,37.34,37.70,101,110,0,0,1944,2011,2007,1908,1995,1923,42.60,33.7,3426,53.531,85.65,1
2026-09-01T21:22:12.869,3.144,2,100,100,484,484,71.9,79.9,-0.47,-0.73,0.92,0.46,-0.21,-0.21,-0.47,-0.73,-6.16,-3.46,37.36,37.71,010,101,0,0,1957,1990,2008,1888,1966,1973,42.60,33.7,3352,52.375,83.80,1
2026-09-01T21:22:12.880,3.155,2,100,100,484,484,80.0,78.0,0.29,0.20,0.42,0.30,0.31,-0.18,0.29,0.20,-6.21,-3.02,37.35,37.74,001,011,0,0,1945,2000,2004,1880,1977,1943,42.60,33.7,3350,52.344,83.75,1
2026-09-01T21:22:12.892,3.167,2,100,100,507,484,80.0,79.7,-0.65,-0.65,0.68,0.38,0.03,1.21,-0.65,-0.65,-6.30,-3.57,37.33,37.69,110,100,0,0,1960,1996,2010,1880,2023,1971,42.60,33.7,3353,52.391,83.83,1
2026-09-01T21:22:12.904,3.179,2,100,100,484,484,76.5,79.7,0.39,-0.05,0.76,0.82,-0.25,-0.77,0.39,-0.05,-5.87,-3.36,37.40,37.71,011,001,0,0,1956,1989,2008,1908,1979,1972,42.60,33.7,3350,52.344,83.75,1
2026-09-01T21:22:12.915,3.191,2,100,100,484,484,79.8,72.3,-0.32,0.45,1.12,0.54,0.64,0.34,-0.32,0.45,-6.33,-4.15,37.33,37.63,100,010,0,0,1955,1999,2022,1891,1983,1947,42.60,33.7,3350,52.344,83.75,1
2026-09-01T21:22:12.927,3.202,2,100,100,507,484,69.3,74.9,0.14,-0.49,0.84,0.74,-0.97,-0.03,0.10,-0.49,-5.57,-4.34,37.45,37.61,011,101,0,0,1968,2012,2037,1901,1963,1963,42.60,33.7,3345,52.266,83.62,1
2026-09-01T21:22:12.939,3.214,2,100,100,507,484,80.0,78.8,0.21,0.02,0.64,0.38,0.45,0.04,0.15,0.06,-6.12,-4.21,37.36,37.63,101,011,0,0,1960,1984,2004,1880,1947,1951,42.60,33.7,3350,52.344,83.75,1
2026-09-01T21:22:12.950,3.225,2,100,100,507,484,69.3,79.5,-0.58,0.15,0.52,0.54,-0.40,0.63,-0.58,0.15,-5.63,-4.59,37.44,37.58,110,110,0,0,1960,2007,2003,1889,1973,1953,42.60,33.7,3346,52.281,83.65,1
2026-09-01T21:22:12.963,3.238,2,100,100,484,484,80.0,73.9,0.39,-0.63,0.48,0.56,0.02,-0.28,0.39,-0.53,-5.68,-3.99,37.43,37.65,001,101,0,0,1948,1987,2008,1890,1979,1958,42.60,33.7,3354,52.406,83.85,1
2026-09-01T21:22:12.974,3.249,2,100,100,484,484,71.8,78.6,-0.59,0.60,0.52,0.62,0.19,-0.28,-0.59,0.60,-6.03,-3.57,37.38,37.69,110,010,0,0,1951,1984,2015,1900,1994,1936,42.60,33.7,3350,52.344,83.75,1
2026-09-01T21:22:12.985,3.260,2,100,100,484,484,80.0,79.6,-0.07,-0.52,0.36,0.56,0.19,0.43,-0.07,-0.52,-5.97,-3.90,37.39,37.66,011,100,0,0,1937,1994,1972,1891,1973,1973,42.60,33.7,3352,52.375,83.80,1
2026-09-01T21:22:12.997,3.273,2,100,100,484,484,79.8,79.9,-0.33,0.25,0.76,0.62,0.33,-0.34,-0.42,0.25,-6.43,-3.01,37.31,37.74,100,011,0,0,1963,2005,2002,1889,1975,1945,42.60,33.7,3350,52.344,83.75,1
2026-09-01T21:22:13.009,3.284,2,100,100,507,484,71.4,75.9,0.11,0.18,0.76,0.62,-0.91,0.35,0.11,0.18,-5.83,-3.26,37.41,37.72,011,110,0,0,1967,2007,2027,1903,1966,1934,42.60,33.7,3409,53.266,85.22,1
2026-09-01T21:22:13.021,3.296,2,100,100,484,484,79.4,76.4,-0.11,-0.26,0.36,0.78,1.33,-0.52,-0.11,-0.26,-6.77,-2.99,37.25,37.74,101,001,0,0,1944,2012,2005,1904,1979,1946,42.60,33.7,3349,52.328,83.72,1
2026-09-01T21:22:13.032,3.308,2,100,100,507,484,75.0,79.9,-0.54,0.43,0.52,0.42,-0.38,0.11,-0.44,0.46,-6.18,-3.57,37.35,37.69,010,010,0,0,1955,1994,2010,1889,1983,1945,42.60,33.7,3349,52.328,83.72,1
2026-09-01T21:22:13.044,3.319,2,100,100,507,463,79.3,79.2,0.54,-0.67,0.52,0.22,-0.06,1.14,0.54,-0.67,-6.11,-4.56,37.36,37.58,001,100,0,0,1960,1977,2021,1878,1998,1944,42.60,33.7,3353,52.391,83.83,1
2026-09-01T21:22:13.055,3.331,2,100,100,507,463,71.5,78.0,-0.25,-0.55,1.24,0.22,-0.47,0.10,-0.25,-0.55,-5.97,-4.24,37.39,37.62,110,001,0,0,1988,2019,1968,1871,1972,1945,42.60,33.7,3346,52.281,83.65,1
2026-09-01T21:22:13.067,3.342,2,100,100,507,484,78.9,73.4,0.25,0.59,0.52,0.70,-0.46,0.16,0.25,0.42,-5.54,-4.31,37.45,37.61,011,110,0,0,1952,1984,2018,1896,1977,2002,42.60,33.7,3351,52.359,83.78,1
2026-09-01T21:22:13.080,3.355,2,100,100,507,484,78.9,80.0,-0.06,-0.60,0.84,0.78,0.19,-0.06,-0.06,-0.60,-5.84,-4.27,37.41,37.62,100,101,0,0,1968,1993,1988,1896,1983,1959,42.60,33.7,3352,52.375,83.80,1
2026-09-01T21:22:13.091,3.366,2,100,100,484,484,76.8,76.7,-0.14,0.54,0.68,0.62,-0.63,-0.56,-0.14,0.54,-5.45,-3.71,37.47,37.68,010,011,0,0,1960,1993,2011,1900,1993,1945,42.60,33.7,3350,52.344,83.75,1
2026-09-01T21:22:13.103,3.378,2,100,100,484,484,78.2,80.0,0.07,-0.24,0.48,0.72,0.59,0.28,0.07,-0.24,-6.26,-4.11,37.34,37.64,101,100,0,0,1956,1988,2005,1904,1957,1962,42.60,33.7,3352,52.375,83.80,1
2026-09-01T21:22:13.114,3.390,2,100,100,507,484,74.8,76.0,-0.29,0.13,0.84,0.84,-0.58,-0.93,-0.29,0.13,-5.98,-3.02,37.38,37.74,010,001,0,0,1966,1982,2009,1904,1989,1967,42.60,33.7,3349,52.328,83.72,1
2026-09-01T21:22:13.126,3.401,2,100,100,484,484,78.3,77.6,0.40,0.33,0.42,0.52,0.30,0.39,0.40,0.33,-6.22,-3.40,37.34,37.71,001,110,0,0,1949,1996,2008,1888,1967,1963,42.60,33.7,3352,52.375,83.80,1
2026-09-01T21:22:13.138,3.413,2,100,100,484,484,78.9,78.0,-0.77,-0.64,0.44,0.46,0.15,-0.29,-0.77,-0.64,-6.28,-3.09,37.34,37.74,110,101,0,0,1946,1988,2017,1890,1975,1959,42.60,33.7,3352,52.375,83.80,1
2026-09-01T21:22:13.150,3.425,2,100,100,507,484,71.4,74.4,0.57,0.00,0.84,-0.20,-0.43,0.98,0.57,0.00,-5.79,-3.68,37.41,37.68,001,010,0,0,1970,1978,2035,1855,1954,1960,42.60,33.7,3346,52.281,83.65,1
2026-09-01T21:22:13.161,3.437,2,100,100,484,463,79.4,80.0,-0.56,-0.59,0.52,0.46,0.69,1.25,-0.56,-0.59,-6.49,-4.45,37.30,37.60,100,100,0,0,1953,2004,2016,1880,2011,1959,42.60,33.7,3352,52.375,83.80,1
2026-09-01T21:22:13.173,3.448,2,100,100,507,484,74.4,77.6,0.18,-0.02,0.88,0.70,-1.17,-0.81,0.18,-0.02,-5.41,-3.81,37.47,37.67,011,001,0,0,1968,1990,2000,1902,1987,1967,42.60,33.7,3349,52.328,83.72,1
2026-09-01T21:22:13.185,3.460,2,100,100,507,484,75.6,73.4,-0.06,0.60,0.46,0.76,0.46,0.13,-0.06,0.60,-6.04,-4.25,37.38,37.62,101,010,0,0,1950,1987,2001,1896,1973,2005,42.60,33.7,3351,52.359,83.78,1
2026-09-01T21:22:13.197,3.473,2,100,100,484,484,76.5,73.8,-0.61,-0.32,-0.04,0.86,0.09,-0.52,-0.61,-0.32,-5.81,-4.18,37.42,37.63,010,101,0,0,1924,1980,2010,1908,1954,1977,42.60,33.7,3353,52.391,83.83,1
2026-09-01T21:22:13.209,3.484,2,100,100,484,484,80.0,76.9,0.21,0.71,0.64,0.94,0.40,-0.04,0.16,0.64,-5.93,-3.97,37.39,37.65,101,010,0,0,1976,1994,2002,1907,1975,1959,42.60,33.7,3349,52.328,83.72,1
2026-09-01T21:22:13.221,3.496,2,100,100,484,484,72.4,79.9,-0.55,-0.43,0.60,0.42,-0.21,0.27,-0.55,-0.43,-5.88,-4.24,37.40,37.62,110,100,0,0,1956,1986,2006,1892,1942,1969,42.60,33.7,3352,52.375,83.80,1
2026-09-01T21:22:13.232,3.508,2,100,100,484,484,79.4,74.6,0.18,0.19,0.52,0.94,0.46,-0.98,0.18,0.19,-6.17,-3.21,37.35,37.72,001,001,0,0,1936,2025,1964,1912,1991,1967,42.60,33.7,3350,52.344,83.75,1
2026-09-01T21:22:13.244,3.519,2,100,100,484,484,73.6,75.5,-0.33,0.36,0.82,0.44,0.13,0.21,-0.33,0.32,-6.22,-3.44,37.34,37.70,100,110,0,0,1969,1990,2000,1888,1975,1947,42.60,33.7,3351,52.359,83.78,1
2026-09-01T21:22:13.256,3.531,2,100,100,507,484,80.0,78.8,0.35,-0.65,0.68,0.46,-0.59,-0.42,0.35,-0.65,-5.84,-3.15,37.41,37.73,011,101,0,0,1959,1992,2024,1891,1963,1979,42.60,33.7,3353,52.391,83.83,1
2026-09-01T21:22:13.267,3.542,2,100,100,507,484,71.8,71.9,-0.02,0.34,1.06,0.46,0.28,-0.26,-0.02,0.34,-6.21,-2.77,37.35,37.76,100,010,0,0,1963,1973,1995,1882,1978,1941,42.60,33.7,3469,54.203,86.72,1
2026-09-01T21:22:13.280,3.556,2,100,100,507,463,78.7,78.5,-0.28,-0.46,0.52,0.30,-0.60,0.83,-0.28,-0.46,-5.78,-3.86,37.41,37.66,010,100,0,0,1956,2000,2020,1880,1983,1961,42.60,33.7,3352,52.375,83.80,1
2026-09-01T21:22:13.291,3.567,2,100,100,507,484,78.9,77.8,0.39,-0.15,0.98,0.46,0.23,-0.67,0.39,-0.15,-5.95,-3.45,37.38,37.71,101,001,0,0,1968,1976,2016,1896,1983,1963,42.60,33.7,3350,52.344,83.75,1
2026-09-01T21:22:13.303,3.578,2,100,100,507,463,79.5,79.7,-0.52,-0.01,0.36,0.62,-0.28,1.58,-0.52,-0.01,-5.86,-4.44,37.40,37.60,010,110,0,0,1949,1988,2024,1884,1979,2031,42.60,33.7,3351,52.359,83.78,1
2026-09-01T21:22:13.315,3.590,2,100,100,507,484,72.9,78.4,0.31,-0.53,0.48,0.66,0.07,-0.31,0.31,-0.53,-5.69,-4.13,37.43,37.64,001,101,0,0,1948,1973,2016,1900,1963,1961,42.60,33.7,3354,52.406,83.85,1
2026-09-01T21:22:13.326,3.602,2,100,100,484,484,80.0,70.0,-0.72,0.34,0.66,0.44,0.07,0.05,-0.72,0.34,-5.83,-4.28,37.41,37.62,110,010,0,0,1947,1989,2015,1883,1975,1947,42.60,33.7,3351,52.359,83.78,1
2026-09-01T21:22:13.338,3.614,2,100,100,507,484,74.6,79.8,0.40,-0.06,0.84,0.94,-0.03,0.20,0.40,-0.10,-5.74,-4.34,37.42,37.61,001,100,0,0,1956,1988,2006,1912,1955,1947,42.60,33.7,3351,52.359,83.78,1
2026-09-01T21:22:13.350,3.625,2,100,100,484,484,79.8,79.1,-0.35,-0.37,0.72,0.58,0.48,-0.22,-0.35,-0.37,-6.44,-3.94,37.31,37.65,100,001,0,0,1966,1986,2013,1888,1993,1945,42.60,33.7,3350,52.344,83.75,1
2026-09-01T21:22:13.361,3.636,2,100,100,507,484,71.1,74.3,0.10,0.60,1.04,0.68,-0.94,-0.08,0.10,0.60,-5.82,-3.56,37.41,37.69,010,010,0,0,1970,2011,2040,1896,1993,1927,42.60,33.7,3350,52.344,83.75,1
2026-09-01T21:22:13.373,3.648,2,100,100,507,484,79.9,78.6,0.22,-0.81,1.00,0.46,0.57,-0.08,0.22,-0.81,-6.49,-3.46,37.30,37.70,101,101,0,0,1958,1981,2004,1884,1979,1957,42.60,33.7,3353,52.391,83.83,1
2026-09-01T21:22:13.384,3.660,2,100,100,484,484,70.3,79.4,-0.63,0.13,0.52,0.26,-0.24,-0.18,-0.63,0.13,-6.20,-3.05,37.35,37.74,110,011,0,0,1948,1992,2008,1876,1970,1943,42.60,33.7,3350,52.344,83.75,1
2026-09-01T21:22:13.396,3.672,2,100,100,507,484,79.3,72.5,0.37,0.09,0.52,0.86,0.07,0.19,0.37,0.09,-6.24,-3.20,37.34,37.72,001,100,0,0,1951,1977,2011,1899,2039,1982,42.60,33.7,3353,52.391,83.83,1
2026-09-01T21:22:13.408,3.683,2,100,100,484,484,72.3,79.1,-0.78,-0.23,0.36,0.74,0.37,-0.47,-0.78,-0.23,-6.63,-3.29,37.28,37.72,110,001,0,0,1943,1987,2018,1899,1977,1950,42.60,33.7,3351,52.359,83.78,1
2026-09-01T21:22:13.420,3.695,2,100,100,484,484,79.6,79.9,0.22,0.25,0.52,0.30,-0.45,0.47,0.22,0.25,-5.85,-3.88,37.41,37.66,011,010,0,0,1951,1984,2016,1880,1973,1957,42.60,33.7,3350,52.344,83.75,1
2026-09-01T21:22:13.431,3.706,2,100,100,507,484,71.5,79.0,0.30,-0.64,1.12,0.34,-0.08,0.59,0.30,-0.64,-5.98,-4.33,37.39,37.61,101,100,0,0,1987,1957,1989,1879,1979,1963,42.60,33.7,3411,53.297,85.28,1
2026-09-01T21:22:13.443,3.718,2,100,100,484,484,80.0,74.1,-0.49,-0.07,0.28,0.46,-0.33,-0.53,-0.49,-0.07,-5.68,-3.85,37.43,37.66,010,001,0,0,1944,1982,2016,1892,1979,1955,42.60,33.7,3350,52.344,83.75,1
2026-09-01T21:22:13.454,3.730,2,100,100,484,484,74.7,76.1,0.36,0.51,0.50,0.72,0.41,0.69,0.29,0.34,-5.93,-4.44,37.39,37.60,101,110,0,0,1952,1994,2008,1893,1978,1973,42.60,33.7,3350,52.344,83.75,1
2026-09-01T21:22:13.466,3.741,2,100,100,507,484,78.7,80.0,-0.79,-0.50,0.36,0.94,-0.05,-0.02,-0.79,-0.50,-6.07,-4.13,37.37,37.63,110,101,0,0,1946,2000,2008,1904,1975,1955,42.60,33.7,3353,52.391,83.83,1
2026-09-01T21:22:13.481,3.756,2,100,100,484,484,73.3,77.7,0.42,0.27,0.60,0.30,-0.19,-0.40,0.42,0.27,-5.99,-3.63,37.38,37.68,001,011,0,0,1955,2023,1967,1883,1980,1942,42.60,33.7,3351,52.359,83.78,1
2026-09-01T21:22:13.489,3.764,2,100,100,484,484,79.8,72.9,-0.24,0.23,0.76,0.98,0.20,0.18,-0.24,0.23,-6.45,-3.73,37.31,37.68,100,100,0,0,1966,1994,1998,1908,1995,1949,42.60,33.7,3352,52.375,83.80,1
2026-09-01T21:22:13.501,3.776,2,100,100,507,484,71.5,79.6,0.09,-0.30,0.72,0.54,-0.81,-0.67,0.09,-0.30,-5.87,-3.11,37.40,37.74,011,001,0,0,1957,1995,2029,1889,1983,1958,42.60,33.7,3351,52.359,83.78,1
2026-09-01T21:22:13.512,3.788,2,100,100,484,484,80.0,78.0,-0.05,0.44,0.42,0.46,1.26,0.10,-0.05,0.44,-6.47,-3.12,37.27,37.73,101,010,0,0,1939,2037,2008,1891,1983,1941,42.60,33.7,3350,52.344,83.75,1
2026-09-01T21:22:13.524,3.799,2,100,100,507,484,76.2,75.5,-0.51,-0.89,0.52,0.18,-0.31,0.21,-0.42,-0.86,-6.10,-3.37,37.36,37.71,010,101,0,0,1956,1988,2010,1876,1980,1958,42.60,33.7,3350,52.344,83.75,1
2026-09-01T21:22:13.536,3.811,2,100,100,484,484,79.0,79.2,0.27,-0.10,0.36,0.38,0.36,0.31,0.27,-0.10,-6.08,-3.60,37.37,37.69,001,011,0,0,1944,1994,2016,1872,1918,1951,42.60,33.7,3350,52.344,83.75,1
2026-09-01T21:22:13.548,3.823,2,100,100,484,484,80.0,72.2,-0.94,0.24,0.44,0.92,0.35,0.34,-0.94,0.24,-6.18,-4.29,37.35,37.62,110,110,0,0,1944,1969,2034,1913,1971,1927,42.60,33.7,3352,52.375,83.80,1
2026-09-01T21:22:13.559,3.835,2,100,100,507,484,71.1,73.2,0.35,-0.23,0.48,1.02,-0.34,-0.55,0.35,-0.23,-5.52,-4.06,37.46,37.64,001,001,0,0,1955,1978,2018,1908,2001,1868,42.60,33.7,3405,53.203,85.12,1
2026-09-01T21:22:13.571,3.846,2,100,100,507,484,78.0,80.0,-0.24,0.48,0.84,0.44,0.02,-0.06,-0.24,0.48,-5.80,-4.33,37.41,37.61,100,010,0,0,1972,2005,1978,1892,1999,1923,42.60,33.7,3350,52.344,83.75,1
2026-09-01T21:22:13.582,3.858,2,100,100,484,484,69.5,79.5,0.03,-0.22,0.82,0.92,-0.52,0.17,0.03,-0.22,-5.58,-4.54,37.44,37.59,010,100,0,0,1954,1993,2002,1908,1953,1955,42.60,33.7,3409,53.266,85.22,1
2026-09-01T21:22:13.594,3.869,2,100,100,484,484,80.0,74.1,0.18,0.02,0.44,0.62,0.59,-0.76,0.12,0.02,-6.36,-3.75,37.32,37.68,101,001,0,0,1952,1986,2006,1892,1987,1953,42.60,33.7,3350,52.344,83.75,1
2026-09-01T21:22:13.606,3.881,2,100,100,484,484,72.0,78.7,-0.52,0.51,0.60,0.78,-0.22,0.38,-0.52,0.34,-6.19,-4.03,37.35,37.65,010,110,0,0,1957,1989,2008,1898,1971,1957,42.60,33.7,3353,52.391,83.83,1
2026-09-01T21:22:13.617,3.893,2,100,100,484,484,80.0,78.7,0.30,-0.29,0.40,1.06,0.28,-0.61,0.30,-0.29,-6.20,-3.40,37.34,37.71,001,101,0,0,1946,1996,2016,1910,1955,1981,42.60,33.7,3353,52.391,83.83,1
2026-09-01T21:22:13.629,3.904,2,100,100,507,484,76.3,75.2,-0.48,0.35,0.72,0.34,0.07,-0.15,-0.50,0.37,-6.31,-3.05,37.33,37.74,110,010,0,0,1965,1988,2008,1888,1983,1935,42.60,33.7,3348,52.312,83.70,1
2026-09-01T21:22:13.641,3.917,2,100,100,484,484,79.1,79.9,0.35,-0.54,0.66,0.38,-0.32,0.63,0.40,-0.61,-5.89,-3.41,37.40,37.70,011,100,0,0,1972,1992,2000,1884,1978,1975,42.60,33.7,3354,52.406,83.85,1
2026-09-01T21:22:13.653,3.928,2,100,100,484,463,79.8,71.8,-0.48,0.03,0.50,0.86,0.75,-0.78,-0.48,0.03,-6.48,-2.49,37.30,37.76,100,011,0,0,1952,2000,2013,1896,1863,1925,42.60,33.7,3349,52.328,83.72,1
2026-09-01T21:22:13.665,3.940,2,100,100,507,484,74.5,79.7,0.06,0.35,0.82,0.54,-1.08,0.50,0.06,0.35,-5.60,-3.91,37.44,37.65,011,110,0,0,1965,1986,2006,1894,1978,1938,42.60,33.7,3352,52.375,83.80,1
2026-09-01T21:22:13.676,3.951,2,100,100,507,484,79.3,79.1,0.01,-0.53,0.48,0.70,0.58,-0.23,0.01,-0.53,-6.17,-3.90,37.35,37.66,101,101,0,0,1948,1992,2000,1898,1969,1961,42.60,33.7,3353,52.391,83.83,1
2026-09-01T21:22:13.688,3.963,2,100,100,484,484,73.0,75.3,-0.37,0.28,0.84,0.36,-0.35,0.06,-0.37,0.28,-5.65,-4.01,37.44,37.65,010,011,0,0,1960,1942,2021,1880,1975,1949,42.60,33.7,3349,52.328,83.72,1
2026-09-01T21:22:13.700,3.975,2,100,100,484,484,77.5,75.1,0.38,-0.07,0.44,0.62,0.16,0.57,0.38,-0.07,-5.97,-4.60,37.39,37.58,001,100,0,0,1955,1986,2010,1891,1995,1962,42.60,33.7,3351,52.359,83.78,1
2026-09-01T21:22:13.711,3.987,2,100,100,507,484,79.6,79.9,-0.67,-0.08,0.60,0.84,0.13,-0.77,-0.67,-0.08,-6.27,-4.07,37.34,37.64,110,001,0,0,1953,1997,2010,1908,1979,1975,42.60,33.7,3350,52.344,83.75,1
2026-09-01T21:22:13.723,3.998,2,100,100,484,484,76.2,75.4,0.08,0.77,0.20,0.94,0.29,-0.14,0.08,0.77,-6.31,-3.89,37.33,37.66,011,010,0,0,1932,1992,2006,1909,2001,1917,42.60,33.7,3350,52.344,83.75,1
2026-09-01T21:22:13.735,4.010,2,100,100,484,484,79.9,77.0,-0.13,-0.58,0.76,0.62,0.31,-0.35,-0.28,-0.59,-6.60,-3.86,37.28,37.66,100,101,0,0,1964,2000,2002,1900,1963,1966,42.60,33.5,3351,52.359,83.78,1
2026-09-01T21:22:13.746,4.022,2,100,100,507,484,71.5,78.7,0.12,0.24,0.76,0.38,-0.86,-0.27,0.12,0.24,-5.91,-3.29,37.39,37.72,011,011,0,0,1967,2007,2027,1883,1978,1940,42.60,33.5,3407,53.234,85.17,1
2026-09-01T21:22:13.758,4.034,2,100,100,484,484,79.4,74.3,-0.14,-0.11,0.32,0.62,1.34,0.39,-0.14,-0.11,-6.75,-3.50,37.25,37.70,101,100,0,0,1943,2016,2008,1889,1991,1963,42.60,33.5,3351,52.359,83.78,1
2026-09-01T21:22:13.770,4.045,2,100,100,507,484,78.3,79.4,-0.46,-0.13,0.48,0.66,-0.35,-0.81,-0.46,-0.13,-6.19,-2.84,37.35,37.76,010,001,0,0,1952,1996,2016,1898,1985,1963,42.60,33.5,3349,52.328,83.72,1
2026-09-01T21:22:13.782,4.057,2,100,100,507,484,76.8,72.9,0.56,0.36,0.80,0.30,0.01,0.27,0.56,0.36,-6.17,-3.53,37.35,37.70,001,010,0,0,1967,1974,2024,1883,1985,1939,42.60,33.5,3350,52.344,83.75,1
2026-09-01T21:22:13.793,4.069,2,100,100,484,484,79.4,77.0,-0.72,-0.82,0.96,0.58,0.33,0.44,-0.81,-0.99,-6.27,-4.05,37.34,37.64,110,101,0,0,1955,1960,2034,1888,2023,1927,42.60,33.7,3351,52.359,83.78,1
2026-09-01T21:22:13.805,4.080,2,100,100,507,484,71.3,80.0,0.32,0.13,0.44,0.38,-0.43,-0.13,0.32,0.13,-5.55,-3.89,37.45,37.65,011,011,0,0,1952,1981,2020,1880,1962,1953,42.60,33.5,3350,52.344,83.75,1
2026-09-01T21:22:13.817,4.092,2,100,100,507,484,79.4,74.9,-0.22,-0.05,0.84,0.46,0.09,0.79,-0.22,-0.05,-5.88,-4.59,37.40,37.58,100,110,0,0,1973,2008,1984,1889,1971,1953,42.60,33.5,3352,52.375,83.80,1
2026-09-01T21:22:13.828,4.104,2,100,100,484,484,71.4,71.8,-0.16,-0.30,0.28,0.64,-0.35,-0.48,-0.16,-0.30,-5.66,-4.25,37.44,37.63,011,001,0,0,1941,1989,2003,1901,1980,1914,42.60,33.5,3346,52.281,83.65,1
2026-09-01T21:22:13.840,4.115,2,100,100,484,484,78.1,79.8,0.00,0.58,0.44,0.62,0.81,-0.13,0.00,0.58,-6.47,-4.15,37.30,37.63,101,010,0,0,1951,1996,2003,1899,1995,1935,42.60,33.5,3350,52.344,83.75,1
2026-09-01T21:22:13.852,4.127,2,100,100,507,484,79.0,75.2,-0.35,-0.33,0.68,0.78,-0.38,-0.04,-0.35,-0.33,-6.05,-4.19,37.37,37.63,010,100,0,0,1958,2000,2020,1903,1951,1971,42.60,33.5,3353,52.391,83.83,1
2026-09-01T21:22:13.864,4.139,2,100,100,484,484,77.4,74.1,0.33,0.14,0.52,0.62,0.33,-0.85,0.33,0.23,-6.19,-3.29,37.35,37.72,001,011,0,0,1949,1996,2010,1893,1987,1951,42.60,33.5,3349,52.328,83.72,1
2026-09-01T21:22:13.875,4.150,2,100,100,484,484,77.3,80.0,-0.61,0.21,0.62,0.58,-0.04,0.60,-0.62,0.07,-6.16,-3.63,37.36,37.68,110,110,0,0,1957,1994,2010,1889,1969,1960,42.60,33.5,3351,52.359,83.78,1
2026-09-01T21:22:13.887,4.162,2,100,100,507,484,76.9,75.9,0.34,-0.62,0.48,0.46,-0.35,-0.42,0.34,-0.62,-5.97,-3.20,37.39,37.73,011,101,0,0,1954,1982,2024,1892,1962,1969,42.60,33.5,3353,52.391,83.83,1
2026-09-01T21:22:13.899,4.174,2,100,100,484,484,79.4,80.0,-0.63,0.45,0.36,0.46,0.85,0.00,-0.63,0.45,-6.61,-3.18,37.28,37.73,100,010,0,0,1943,1997,2013,1893,1982,1943,42.60,33.5,3350,52.344,83.75,1
2026-09-01T21:22:13.910,4.186,2,100,100,507,463,71.2,79.9,0.06,-0.97,0.90,0.02,-0.92,1.54,0.06,-0.97,-5.62,-4.46,37.44,37.60,011,100,0,0,1967,2007,2027,1859,2022,1948,42.60,33.5,3410,53.281,85.25,1
2026-09-01T21:22:13.924,4.199,2,100,100,507,484,78.7,69.4,0.06,0.30,0.44,0.90,0.45,-0.93,0.06,0.30,-6.11,-3.50,37.36,37.70,101,011,0,0,1956,1991,2003,1910,1970,1956,42.60,33.5,3345,52.266,83.62,1
2026-09-01T21:22:13.934,4.209,2,100,100,484,484,78.0,78.2,-0.61,0.27,0.28,0.70,-0.22,0.96,-0.61,0.27,-5.72,-4.72,37.43,37.56,010,110,0,0,1951,1973,2025,1888,1979,2019,42.60,33.5,3351,52.359,83.78,1
2026-09-01T21:22:13.945,4.221,2,100,100,507,484,73.1,79.8,0.64,-0.66,0.96,0.54,-0.24,-0.17,0.64,-0.66,-5.53,-4.45,37.45,37.60,001,101,0,0,1996,1952,2029,1895,1980,1963,42.60,33.5,3353,52.391,83.83,1
2026-09-01T21:22:13.957,4.232,2,100,100,507,484,79.0,76.4,-0.87,0.28,0.32,0.46,0.31,-0.12,-0.87,0.28,-6.15,-4.26,37.36,37.62,110,011,0,0,1944,1994,2019,1885,1983,1947,42.60,33.5,3350,52.344,83.75,1
2026-09-01T21:22:13.969,4.244,2,100,100,484,484,72.4,76.3,0.31,-0.21,0.58,0.50,-0.16,0.47,0.31,-0.21,-5.86,-4.48,37.40,37.60,011,100,0,0,1960,1987,2002,1896,1971,1959,42.60,33.5,3351,52.359,83.78,1
2026-09-01T21:22:13.981,4.256,2,100,100,484,484,80.0,79.6,-0.32,-0.54,0.74,0.38,0.38,-0.06,-0.32,-0.54,-6.43,-3.98,37.31,37.65,100,001,0,0,1961,1990,2001,1880,1987,1939,42.60,33.5,3350,52.344,83.75,1
2026-09-01T21:22:13.992,4.267,2,100,100,484,484,70.6,69.4,-0.02,0.67,0.56,0.62,-0.54,-0.20,-0.02,0.67,-5.94,-3.55,37.39,37.69,011,110,0,0,1956,1990,2026,1901,1986,1928,42.60,33.5,3483,54.422,87.08,1
2026-09-01T21:22:14.004,4.279,2,100,100,484,484,79.4,79.9,-0.20,-0.71,0.36,0.62,1.44,-0.25,-0.20,-0.67,-6.78,-3.26,37.22,37.69,101,101,0,0,1938,2012,2008,1896,1973,1959,42.57,33.5,3354,52.406,83.85,1
2026-09-01T21:22:14.016,4.291,2,100,100,507,484,78.2,73.4,-0.42,0.21,0.52,0.20,-0.31,-0.06,-0.42,0.21,-6.00,-2.95,37.35,37.72,010,010,0,0,1953,1999,2018,1874,1975,1943,42.57,33.5,3414,53.344,85.35,1
2026-09-01T21:22:14.028,4.303,2,100,100,507,484,72.6,78.6,0.54,-0.58,0.80,0.44,0.05,1.18,0.54,-0.58,-6.02,-3.55,37.35,37.67,001,100,0,0,1968,1977,2020,1872,2023,1971,42.57,33.5,3352,52.375,83.80,1
2026-09-01T21:22:14.039,4.315,2,100,100,484,484,80.0,76.9,-0.74,-0.07,0.48,0.66,-0.13,-0.64,-0.74,-0.07,-6.06,-3.36,37.34,37.68,110,001,0,0,1950,1994,2026,1892,1985,1957,42.57,33.5,3350,52.344,83.75,1
2026-09-01T21:22:14.051,4.326,2,100,100,507,484,72.8,70.7,0.46,0.40,0.68,0.46,-0.39,0.45,0.46,0.40,-5.50,-4.09,37.43,37.61,001,110,0,0,1964,2009,1980,1886,1981,1954,42.57,33.5,3424,53.500,85.60,1
2026-09-01T21:22:14.063,4.338,2,100,100,507,484,77.0,78.8,-0.22,-0.66,0.94,0.52,-0.01,0.04,-0.22,-0.66,-5.67,-4.18,37.41,37.60,100,101,0,0,1976,2010,1973,1892,1977,1961,42.57,33.5,3352,52.375,83.80,1
2026-09-01T21:22:14.075,4.350,2,100,100,484,484,78.6,79.0,0.18,0.20,0.66,0.34,-0.41,0.09,0.18,0.20,-5.38,-4.20,37.45,37.60,011,011,0,0,1957,1990,1998,1881,1967,1951,42.57,33.5,3350,52.344,83.75,1
2026-09-01T21:22:14.087,4.362,2,100,100,484,484,70.2,70.5,-0.04,-0.03,0.62,0.62,0.54,0.56,-0.04,-0.03,-6.33,-4.69,37.30,37.54,101,110,0,0,1955,1977,2001,1895,1969,1936,42.57,33.5,3353,52.391,83.83,1
2026-09-01T21:22:14.099,4.374,2,100,100,507,484,71.2,76.6,0.34,-0.25,1.20,0.46,-1.26,-0.59,0.34,-0.25,-5.62,-3.92,37.41,37.64,011,001,0,0,1987,2021,2035,1888,1986,1951,42.57,33.5,3344,52.250,83.60,1
2026-09-01T21:22:14.110,4.386,2,100,100,507,484,79.2,75.7,0.19,0.51,0.66,0.86,0.59,0.20,0.19,0.51,-6.37,-3.67,37.29,37.65,101,110,0,0,1963,1984,1998,1893,1973,2018,42.57,33.5,3351,52.359,83.78,1
2026-09-01T21:22:14.122,4.397,2,100,100,484,484,71.7,79.9,-0.54,-0.67,0.52,0.54,-0.31,-0.30,-0.54,-0.67,-5.97,-3.60,37.36,37.67,010,101,0,0,1952,1990,2008,1892,1971,1963,42.57,33.5,3352,52.375,83.80,1
2026-09-01T21:22:14.134,4.409,2,100,100,484,484,79.9,74.6,0.54,0.28,0.72,0.30,0.02,-0.19,0.54,0.28,-5.90,-3.19,37.37,37.70,001,011,0,0,1960,1986,2028,1876,1975,1940,42.57,33.5,3350,52.344,83.75,1
2026-09-01T21:22:14.145,4.421,2,100,100,507,484,76.4,78.5,-0.81,-0.24,0.26,0.44,0.40,0.55,-0.81,-0.24,-6.50,-3.49,37.28,37.67,110,100,0,0,1949,1988,2016,1891,1978,1962,42.57,33.5,3351,52.359,83.78,1
2026-09-01T21:22:14.157,4.432,2,100,100,484,484,78.5,78.9,0.27,0.01,0.58,0.78,-0.41,-0.90,0.27,0.01,-5.73,-2.74,37.40,37.73,011,001,0,0,1948,1980,2026,1902,1981,1967,42.57,33.5,3352,52.375,83.80,1
2026-09-01T21:22:14.168,4.444,2,100,100,484,484,76.0,74.1,-0.06,0.40,0.68,0.40,0.20,0.29,-0.06,0.40,-5.97,-3.90,37.36,37.63,100,010,0,0,1956,2003,2017,1887,1982,1948,42.57,33.5,3349,52.328,83.72,1
2026-09-01T21:22:14.180,4.456,2,100,100,484,484,71.1,78.9,-0.02,-0.87,0.62,0.72,-0.58,0.40,-0.02,-0.87,-5.40,-4.36,37.44,37.58,010,101,0,0,1956,1992,2016,1889,2029,1929,42.57,33.5,3351,52.359,83.78,1
2026-09-01T21:22:14.192,4.468,2,100,100,507,484,78.8,78.4,0.21,0.24,0.68,0.38,0.42,-0.08,0.21,0.24,-5.72,-4.14,37.40,37.60,101,011,0,0,1965,1978,2004,1884,1979,1945,42.57,33.5,3350,52.344,83.75,1
2026-09-01T21:22:14.204,4.479,2,100,100,484,484,76.9,72.2,-0.51,-0.09,1.00,0.54,-0.33,0.62,-0.51,-0.09,-5.57,-4.71,37.42,37.54,010,100,0,0,1951,1931,2021,1895,2006,1961,42.57,33.5,3352,52.375,83.80,1
2026-09-01T21:22:14.216,4.491,2,100,100,484,484,75.1,79.8,0.28,-0.45,0.44,0.52,0.42,-0.35,0.28,-0.45,-6.09,-4.11,37.34,37.61,001,001,0,0,1960,2004,2004,1890,1995,1950,42.57,33.5,3350,52.344,83.75,1
2026-09-01T21:22:14.227,4.503,2,100,100,484,484,78.9,77.6,-0.43,0.69,0.88,0.74,-0.06,-0.17,-0.43,0.69,-6.15,-3.91,37.33,37.63,110,010,0,0,1970,1995,2005,1903,1999,1927,42.57,33.5,3350,52.344,83.75,1
2026-09-01T21:22:14.239,4.514,2,100,100,507,484,69.5,75.9,0.55,-0.74,0.78,0.46,-0.50,-0.05,0.55,-0.71,-5.79,-3.84,37.39,37.64,011,101,0,0,1981,1978,2022,1890,1973,1979,42.57,33.5,3345,52.266,83.62,1
2026-09-01T21:22:14.251,4.526,2,100,100,484,484,79.8,79.4,-0.47,0.33,0.52,0.46,0.53,-0.58,-0.47,0.33,-6.43,-3.03,37.28,37.71,100,011,0,0,1953,1994,2025,1882,1983,1937,42.57,33.5,3350,52.344,83.75,1
2026-09-01T21:22:14.263,4.538,2,100,100,507,484,69.3,74.6,0.06,-0.04,0.76,0.46,-1.17,0.42,0.06,-0.04,-5.63,-3.28,37.41,37.69,010,110,0,0,1969,2012,2036,1891,1967,1943,42.57,33.5,3346,52.281,83.65,1
2026-09-01T21:22:14.274,4.550,2,100,100,507,484,79.7,78.3,0.19,-0.37,0.52,0.54,0.67,-0.55,0.19,-0.37,-6.42,-2.74,37.28,37.73,101,001,0,0,1956,1992,2004,1891,1989,1957,42.57,33.5,3350,52.344,83.75,1
2026-09-01T21:22:14.286,4.561,2,100,100,484,484,70.1,79.7,-0.61,0.21,0.48,0.06,-0.08,0.58,-0.61,0.21,-6.10,-3.60,37.34,37.66,110,010,0,0,1950,1984,2008,1871,1981,1940,42.57,33.5,3351,52.359,83.78,1
2026-09-01T21:22:14.297,4.573,2,100,100,484,463,79.9,77.0,0.39,-0.73,0.60,0.30,0.01,1.05,0.39,-0.73,-5.71,-4.45,37.39,37.57,001,100,0,0,1955,1988,2010,1881,1999,1947,42.57,33.5,3352,52.375,83.80,1
2026-09-01T21:22:14.311,4.586,2,100,100,507,484,74.6,69.7,-0.61,-0.03,0.92,0.46,-0.24,-0.60,-0.61,-0.03,-5.72,-3.91,37.40,37.63,110,011,0,0,1966,1973,2040,1888,1962,1942,42.57,33.5,3412,53.312,85.30,1
2026-09-01T21:22:14.321,4.596,2,100,100,484,484,78.5,79.0,0.34,0.34,0.60,0.62,-0.29,0.87,0.34,0.34,-5.64,-4.68,37.41,37.54,011,110,0,0,1956,1990,2005,1892,1977,1969,42.57,33.5,3352,52.375,83.80,1
2026-09-01T21:22:14.333,4.608,2,100,100,507,484,79.0,77.4,-0.07,-0.49,0.84,0.74,0.25,-0.39,-0.07,-0.49,-6.29,-4.28,37.31,37.60,100,101,0,0,1984,1992,1992,1904,1971,1975,42.57,33.5,3352,52.375,83.80,1
2026-09-01T21:22:14.344,4.619,2,100,100,507,484,75.7,69.6,0.03,0.82,0.84,0.98,-0.87,-0.53,0.03,0.82,-5.87,-3.89,37.37,37.63,010,010,0,0,1971,2007,2021,1911,1983,1959,42.57,33.5,3416,53.375,85.40,1
2026-09-01T21:22:14.356,4.631,2,100,100,507,484,79.6,79.8,0.34,-0.38,0.52,0.42,0.73,0.24,0.25,-0.43,-6.61,-4.33,37.25,37.58,101,100,0,0,1956,1993,2008,1892,1951,1967,42.57,33.5,3352,52.375,83.80,1
2026-09-01T21:22:14.368,4.643,2,100,100,507,484,71.6,74.5,-0.41,0.04,0.64,0.62,-0.58,-0.82,-0.41,0.04,-6.07,-3.41,37.34,37.68,110,001,0,0,1969,2021,1989,1897,1997,1957,42.57,33.5,3342,52.219,83.55,1
2026-09-01T21:22:14.380,4.655,2,100,100,484,484,79.6,78.6,0.58,0.35,0.68,0.46,0.01,0.30,0.58,0.35,-6.03,-3.53,37.35,37.67,001,110,0,0,1961,1988,2016,1892,1979,1947,42.57,33.5,3352,52.375,83.80,1
2026-09-01T21:22:14.392,4.667,2,100,100,507,484,79.9,72.2,-0.80,-0.26,0.48,0.90,0.13,-0.79,-0.80,-0.26,-6.52,-2.94,37.27,37.72,110,101,0,0,1944,1994,2016,1909,1947,1939,42.57,33.5,3350,52.344,83.75,1
2026-09-01T21:22:14.404,4.679,2,100,100,484,484,74.7,80.0,0.37,0.45,0.60,0.42,-0.32,-0.01,0.37,0.45,-5.87,-2.88,37.37,37.72,001,010,0,0,1959,2017,1983,1883,1980,1940,42.57,33.5,3351,52.359,83.78,1
2026-09-01T21:22:14.415,4.690,2,100,100,484,484,79.0,77.7,-0.42,-0.79,0.68,0.30,0.34,0.58,-0.42,-0.79,-6.17,-3.82,37.33,37.64,100,100,0,0,1960,2000,2000,1880,1985,1955,42.57,33.5,3352,52.375,83.80,1
2026-09-01T21:22:14.427,4.702,2,100,100,507,484,78.8,72.6,0.09,0.06,0.84,0.78,-0.42,-0.78,0.09,0.06,-5.45,-3.30,37.44,37.69,011,011,0,0,1946,1985,2016,1897,1887,1939,42.57,33.5,3349,52.328,83.72,1
2026-09-01T21:22:14.439,4.714,2,100,100,484,484,70.7,79.8,-0.14,0.03,0.84,0.52,0.50,1.44,-0.14,0.03,-5.87,-4.53,37.37,37.56,101,110,0,0,1953,1987,2001,1880,1979,1995,42.57,33.5,3352,52.375,83.80,1
2026-09-01T21:22:14.450,4.726,2,100,100,484,484,79.9,75.3,-0.71,-0.43,0.12,0.78,0.29,-0.41,-0.71,-0.43,-6.03,-4.14,37.35,37.61,010,101,0,0,1926,1960,2016,1904,1961,1968,42.57,33.5,3353,52.391,83.83,1
2026-09-01T21:22:14.462,4.737,2,100,100,484,484,70.3,71.6,0.42,0.53,0.48,0.62,0.50,-0.32,0.42,0.53,-6.34,-4.05,37.30,37.62,101,010,0,0,1949,2003,2012,1898,1990,1942,42.57,33.5,3348,52.312,83.70,1
2026-09-01T21:22:14.474,4.749,2,100,100,484,484,79.4,80.0,-0.59,-0.46,0.80,0.30,0.35,0.44,-0.59,-0.46,-6.56,-4.48,37.26,37.57,110,100,0,0,1963,1966,2024,1888,1959,1959,42.57,33.5,3352,52.375,83.80,1
2026-09-01T21:22:14.485,4.760,2,100,100,484,484,70.5,79.9,0.26,-0.46,0.44,0.58,-0.17,-0.10,0.26,-0.46,-6.06,-3.95,37.34,37.63,011,001,0,0,1964,1983,2000,1888,1995,1945,42.57,33.5,3353,52.391,83.83,1
2026-09-01T21:22:14.497,4.772,2,100,100,507,484,80.0,72.9,-0.18,0.68,0.84,0.78,0.35,-0.18,-0.18,0.68,-6.40,-3.55,37.29,37.67,100,010,0,0,1965,1997,2002,1905,2003,1925,42.57,33.5,3350,52.344,83.75,1
2026-09-01T21:22:14.512,4.787,2,100,100,507,484,74.4,79.2,0.01,-0.50,0.92,0.78,-1.38,-0.34,0.01,-0.45,-5.46,-3.31,37.44,37.69,011,101,0,0,1969,1979,1987,1904,1969,1965,42.57,33.5,3351,52.359,83.78,1
2026-09-01T21:22:14.520,4.795,2,100,100,507,484,79.2,78.8,0.26,0.27,0.64,0.30,0.71,-0.44,0.26,0.27,-6.47,-2.95,37.28,37.72,101,011,0,0,1957,1992,2000,1886,1985,1947,42.57,33.5,3350,52.344,83.75,1
2026-09-01T21:22:14.532,4.807,2,100,100,507,484,74.7,70.9,-0.40,0.13,0.72,0.78,-0.38,0.25,-0.40,0.08,-5.85,-3.26,37.38,37.69,010,100,0,0,1963,2002,2010,1907,2025,1968,42.57,33.5,3416,53.375,85.40,1
2026-09-01T21:22:14.544,4.819,2,100,100,484,484,77.6,79.7,0.33,-0.19,0.44,0.70,0.23,-0.62,0.33,-0.19,-5.75,-3.56,37.39,37.67,001,001,0,0,1945,1992,2004,1904,1973,1971,42.57,33.5,3350,52.344,83.75,1
2026-09-01T21:22:14.556,4.831,2,100,100,484,484,79.8,77.4,-0.83,0.43,0.52,0.40,0.13,0.37,-0.83,0.43,-5.90,-4.38,37.37,37.58,110,010,0,0,1952,1984,2021,1890,1983,1947,42.57,33.5,3350,52.344,83.75,1
2026-09-01T21:22:14.567,4.842,2,100,100,484,484,69.8,73.6,0.26,-0.66,0.36,0.54,0.13,0.19,0.26,-0.66,-5.85,-4.47,37.38,37.57,001,101,0,0,1951,1993,1992,1894,1980,1959,42.57,33.5,3351,52.359,83.78,1
2026-09-01T21:22:14.579,4.854,2,100,100,507,484,78.5,80.0,-0.36,0.12,0.80,0.38,0.27,-0.15,-0.36,0.12,-6.34,-4.10,37.30,37.61,100,011,0,0,1968,1992,1996,1880,1963,1948,42.57,33.5,3350,52.344,83.75,1
2026-09-01T21:22:14.590,4.866,2,100,100,507,484,74.4,77.3,0.00,0.03,1.00,0.46,-1.34,0.58,0.00,0.03,-5.55,-4.48,37.42,37.57,011,110,0,0,1975,1982,1961,1891,1968,1944,42.57,33.5,3352,52.375,83.80,1
2026-09-01T21:22:14.603,4.878,2,100,100,484,484,78.1,78.5,-0.03,-0.17,0.90,0.74,0.28,-0.61,-0.03,-0.17,-6.15,-3.73,37.33,37.65,100,001,0,0,1964,2000,2009,1896,1995,1955,42.57,33.5,3349,52.328,83.72,1
2026-09-01T21:22:14.615,4.890,2,100,100,484,484,74.0,74.3,-0.08,0.78,0.72,1.02,-0.55,-0.12,-0.08,0.78,-5.75,-3.53,37.39,37.66,010,110,0,0,1956,1995,2016,1904,1979,1967,42.57,33.5,3351,52.359,83.78,1
2026-09-01T21:22:14.627,4.902,2,100,100,507,484,80.0,79.7,0.11,-0.71,0.52,0.46,0.72,-0.26,0.11,-0.71,-6.46,-3.45,37.28,37.68,101,101,0,0,1948,1996,2000,1888,1975,1959,42.57,33.5,3353,52.391,83.83,1
2026-09-01T21:22:14.638,4.913,2,100,100,484,484,70.4,73.2,-0.54,0.35,0.60,0.38,-0.21,-0.23,-0.54,0.35,-6.14,-3.08,37.33,37.71,010,010,0,0,1951,1986,2015,1879,1975,1938,42.57,33.5,3409,53.266,85.22,1
2026-09-01T21:22:14.650,4.925,2,100,100,484,484,79.5,78.6,0.19,-0.46,0.30,0.56,0.50,1.01,0.19,-0.46,-6.08,-3.52,37.34,37.67,001,100,0,0,1945,1994,2001,1881,2011,1967,42.57,33.5,3352,52.375,83.80,1
2026-09-01T21:22:14.662,4.937,2,100,100,507,484,78.1,76.1,-0.63,0.10,0.84,0.78,-0.15,-0.91,-0.63,0.10,-5.78,-2.95,37.39,37.72,110,001,0,0,1968,1992,2016,1912,1999,1973,42.57,33.5,3349,52.328,83.72,1
2026-09-01T21:22:14.673,4.949,2,100,100,507,484,76.0,69.8,0.30,0.52,0.52,0.58,-0.38,0.36,0.30,0.52,-5.46,-4.04,37.44,37.62,011,110,0,0,1951,1984,2019,1892,1986,1945,42.57,33.5,3351,52.359,83.78,1
2026-09-01T21:22:14.685,4.960,2,100,100,484,484,79.4,78.9,-0.46,-0.83,0.64,0.66,0.94,0.32,-0.63,-0.89,-6.21,-4.50,37.32,37.57,100,101,0,0,1944,2008,2060,1889,2003,1943,42.57,33.5,3352,52.375,83.80,1
2026-09-01T21:22:14.697,4.972,2,100,100,484,484,74.0,79.9,-0.31,0.15,0.38,0.34,-0.24,-0.06,-0.31,0.15,-5.83,-4.16,37.38,37.60,010,011,0,0,1941,1988,2013,1880,1970,1950,42.57,33.5,3350,52.344,83.75,1
2026-09-01T21:22:14.709,4.984,2,100,100,507,484,80.0,70.1,0.13,0.09,0.48,0.76,0.66,0.42,0.13,0.09,-6.34,-4.57,37.30,37.55,101,110,0,0,1951,1997,2004,1907,1967,1937,42.57,33.5,3346,52.281,83.65,1
2026-09-01T21:22:14.720,4.996,2,100,100,484,484,73.3,78.8,-0.27,-0.38,0.84,0.52,-0.31,-0.53,-0.21,-0.31,-5.99,-4.06,37.36,37.61,010,001,0,0,1971,1994,2003,1893,1982,1961,42.57,33.5,3351,52.359,83.78,1
2026-09-01T21:22:14.732,5.007,2,100,100,484,484,79.6,79.2,0.58,0.77,0.76,0.82,-0.09,-0.21,0.58,0.77,-6.01,-3.76,37.35,37.65,001,010,0,0,1966,1978,2018,1908,2003,1921,42.57,33.5,3350,52.344,83.75,1
2026-09-01T21:22:14.744,5.019,2,100,100,507,484,74.9,72.5,-0.68,-0.69,0.68,0.46,-0.03,0.17,-0.68,-0.69,-6.11,-3.98,37.34,37.62,100,100,0,0,1960,1970,2050,1887,1976,1980,42.57,33.5,3416,53.375,85.40,1
2026-09-01T21:22:14.755,5.030,2,100,100,507,484,79.4,76.4,0.18,0.00,0.52,0.46,-0.39,-0.54,0.18,0.00,-5.80,-3.18,37.39,37.70,011,011,0,0,1952,1984,2016,1881,1957,1947,42.57,33.5,3349,52.328,83.72,1
2026-09-01T21:22:14.767,5.042,2,100,100,484,484,77.2,77.9,-0.11,0.05,0.78,0.56,0.45,0.39,-0.24,0.01,-6.19,-3.44,37.32,37.68,100,110,0,0,1959,1996,2012,1896,1967,1939,42.57,33.5,3351,52.359,83.78,1
2026-09-01T21:22:14.779,5.054,2,100,100,507,484,71.5,73.9,0.13,-0.46,0.76,0.38,-1.09,-0.39,0.13,-0.46,-5.39,-3.13,37.46,37.70,010,001,0,0,1976,2017,2042,1889,1981,1953,42.57,33.5,3349,52.328,83.72,1
2026-09-01T21:22:14.790,5.066,2,100,100,507,484,79.8,79.9,0.17,0.12,0.68,-0.08,0.52,0.63,0.17,0.12,-5.79,-3.86,37.39,37.64,101,010,0,0,1975,2005,1993,1867,1982,1950,42.57,33.5,3350,52.344,83.75,1
2026-09-01T21:22:14.802,5.077,2,100,100,507,463,71.2,79.7,-0.63,-0.61,0.58,0.46,-0.31,1.14,-0.63,-0.61,-5.64,-4.58,37.41,37.55,110,100,0,0,1954,2001,2000,1880,1996,1949,42.57,33.5,3353,52.391,83.83,1
2026-09-01T21:22:14.813,5.089,2,100,100,507,484,79.8,74.1,0.53,0.07,0.52,0.66,-0.07,-0.84,0.53,0.07,-5.69,-3.90,37.40,37.63,001,001,0,0,1958,1976,2019,1902,1990,1967,42.57,33.5,3352,52.375,83.80,1
2026-09-01T21:22:14.825,5.100,2,100,100,484,484,75.0,73.5,-0.43,0.61,0.68,0.76,0.35,0.14,-0.43,0.61,-6.32,-4.36,37.30,37.58,100,110,0,0,1962,1986,2017,1896,1972,2004,42.57,33.5,3351,52.359,83.78,1
2026-09-01T21:22:14.837,5.112,2,100,100,484,484,80.0,80.0,0.21,-0.57,0.68,0.62,-0.42,-0.26,0.25,-0.56,-5.87,-4.34,37.37,37.58,011,101,0,0,1954,1983,2009,1898,1969,1963,42.57,33.5,3353,52.391,83.83,1
2026-09-01T21:22:14.848,5.124,2,100,100,507,484,70.5,77.6,0.03,0.34,0.76,0.52,0.39,-0.28,0.03,0.34,-6.41,-3.84,37.29,37.64,101,011,0,0,1964,1970,1997,1888,1981,1943,42.57,33.5,3350,52.344,83.75,1
2026-09-01T21:22:14.860,5.135,2,100,100,484,484,80.0,76.2,-0.30,-0.43,0.62,0.16,-0.53,0.82,-0.30,-0.43,-5.92,-4.32,37.37,37.59,010,100,0,0,1960,1997,2008,1877,1963,1961,42.57,33.5,3351,52.359,83.78,1
2026-09-01T21:22:14.872,5.147,2,100,100,507,484,71.7,80.0,0.44,-0.25,0.60,0.68,0.04,-0.51,0.44,-0.25,-6.18,-3.39,37.32,37.68,001,001,0,0,1966,1978,2012,1899,1993,1953,42.57,33.5,3407,53.234,85.17,1
2026-09-01T21:22:14.883,5.159,2,100,100,484,484,79.5,69.8,-0.72,0.66,0.36,0.74,0.07,-0.04,-0.72,0.66,-6.37,-3.12,37.29,37.70,110,110,0,0,1946,1989,2015,1900,1979,1945,42.57,33.5,3425,53.516,85.62,1
2026-09-01T21:22:14.895,5.171,2,100,100,484,484,77.0,79.9,0.44,-0.78,0.92,0.34,-0.19,-0.03,0.44,-0.78,-5.97,-3.28,37.36,37.69,001,101,0,0,1952,2032,1960,1884,1978,1963,42.57,33.5,3352,52.375,83.80,1
2026-09-01T21:22:14.907,5.182,2,100,100,484,484,72.2,74.8,-0.55,0.27,0.74,0.38,0.13,-0.24,-0.55,0.27,-6.07,-2.93,37.34,37.72,100,011,0,0,1957,2003,2016,1880,1977,1939,42.57,33.5,3350,52.344,83.75,1
2026-09-01T21:22:14.919,5.194,2,100,100,507,463,79.5,75.6,0.25,-0.36,0.78,0.68,-0.41,0.95,0.25,-0.36,-5.38,-4.02,37.45,37.62,011,100,0,0,1950,1983,2018,1876,2040,1965,42.57,33.5,3353,52.391,83.83,1
2026-09-01T21:22:14.931,5.206,2,100,100,507,484,74.6,80.0,-0.04,-0.09,0.68,0.78,0.22,-0.73,-0.04,-0.09,-5.71,-3.51,37.40,37.67,100,001,0,0,1963,2015,2059,1907,1973,1973,42.57,33.5,3351,52.359,83.78,1
2026-09-01T21:22:14.942,5.218,2,100,100,484,484,77.6,75.2,-0.34,0.57,0.48,0.66,-0.37,0.32,-0.34,0.57,-5.72,-4.22,37.40,37.60,010,010,0,0,1945,1986,2011,1897,1986,1945,42.57,33.5,3350,52.344,83.75,1
2026-09-01T21:22:14.956,5.231,2,100,100,507,484,79.6,76.2,0.30,-0.54,0.58,0.72,0.60,-0.14,0.30,-0.54,-6.36,-4.32,37.29,37.59,101,101,0,0,1950,1995,2004,1900,1967,1967,42.57,33.5,3351,52.359,83.78,1
2026-09-01T21:22:14.966,5.241,2,100,100,484,484,76.2,79.8,-0.69,0.26,0.50,0.50,0.12,-0.47,-0.69,0.26,-6.29,-4.05,37.31,37.62,110,011,0,0,1953,1986,2016,1890,1983,1949,42.57,33.5,3350,52.344,83.75,1
2026-09-01T21:22:14.977,5.253,2,100,100,484,484,79.8,75.1,0.40,0.11,0.64,0.62,-0.03,0.44,0.40,0.10,-5.98,-4.34,37.36,37.58,001,110,0,0,1956,1988,2016,1896,1971,1941,42.57,33.5,3352,52.375,83.80,1
2026-09-01T21:22:14.989,5.265,2,100,100,507,484,73.4,76.8,-0.74,-0.11,0.50,1.08,-0.04,-0.58,-0.74,-0.11,-6.17,-3.57,37.33,37.66,110,001,0,0,1964,1984,2027,1908,1989,1949,42.57,33.5,3348,52.312,83.70,1
2026-09-01T21:22:15.001,5.276,2,100,100,484,484,79.9,79.7,0.21,0.47,0.52,0.46,-0.43,-0.17,0.21,0.47,-5.82,-3.42,37.38,37.68,011,010,0,0,1948,1984,2012,1892,2001,1915,42.57,33.5,3352,52.375,83.80,1
2026-09-01T21:22:15.012,5.288,2,100,100,507,484,70.6,77.8,0.00,-0.52,0.68,0.62,0.39,0.38,0.00,-0.52,-6.28,-3.65,37.31,37.66,101,100,0,0,1968,1976,1996,1889,1973,1969,42.57,33.5,3352,52.375,83.80,1
2026-09-01T21:22:15.024,5.299,2,100,100,507,484,79.8,75.1,-0.37,0.01,0.50,0.32,-0.62,-0.63,-0.37,0.01,-5.86,-2.81,37.38,37.73,010,011,0,0,1956,2008,2022,1880,1979,1945,42.57,33.5,3349,52.328,83.72,1
2026-09-01T21:22:15.036,5.311,2,100,100,507,484,73.0,80.0,0.41,0.28,0.58,0.60,0.02,0.42,0.41,0.28,-5.64,-3.30,37.41,37.69,101,110,0,0,1959,2010,1999,1896,1977,1947,42.57,33.5,3353,52.391,83.83,1
2026-09-01T21:22:15.048,5.323,2,100,100,484,484,73.1,76.8,-0.59,-0.35,0.40,0.62,-0.27,-0.36,-0.59,-0.35,-5.72,-3.59,37.40,37.65,010,001,0,0,1948,1937,2042,1892,1979,1943,42.57,33.5,3347,52.297,83.67,1
2026-09-01T21:22:15.060,5.335,2,100,100,507,484,78.8,80.0,0.51,0.57,0.68,0.54,-0.08,0.19,0.53,0.57,-5.69,-3.91,37.40,37.63,001,010,0,0,1964,1962,2026,1894,1985,1943,42.57,33.7,3350,52.344,83.75,1
2026-09-01T21:22:15.071,5.347,2,100,100,507,484,73.6,78.3,-0.71,-0.38,0.44,0.76,0.30,0.15,-0.71,-0.38,-6.38,-4.32,37.29,37.59,110,100,0,0,1948,1968,2040,1902,1955,1958,42.57,33.5,3352,52.375,83.80,1
2026-09-01T21:22:15.084,5.359,2,100,100,484,484,79.9,72.5,0.27,-0.03,0.60,0.62,-0.52,-0.64,0.27,-0.03,-5.90,-3.88,37.37,37.63,011,001,0,0,1956,1986,2016,1892,1989,1955,42.57,33.7,3350,52.344,83.75,1
2026-09-01T21:22:15.095,5.370,2,100,100,507,484,72.0,74.7,0.02,0.71,0.68,0.92,0.35,-0.04,0.02,0.52,-6.43,-4.18,37.28,37.60,100,110,0,0,1972,1975,1994,1902,1978,1969,42.57,33.5,3408,53.250,85.20,1
2026-09-01T21:22:15.106,5.382,2,100,100,484,484,77.5,78.4,-0.16,-0.68,0.64,0.58,-0.47,-0.11,-0.16,-0.68,-6.02,-4.07,37.35,37.62,010,101,0,0,1955,1992,2008,1890,1979,1956,42.57,33.7,3353,52.391,83.83,1
2026-09-01T21:22:15.118,5.393,2,100,100,507,484,79.9,74.2,0.21,0.63,0.56,0.74,0.59,-0.37,0.09,0.70,-6.39,-3.48,37.29,37.67,101,010,0,0,1950,1995,2001,1904,1999,1939,42.57,33.7,3349,52.328,83.72,1
2026-09-01T21:22:15.130,5.405,2,100,100,484,484,73.7,79.7,-0.66,-0.34,0.60,0.58,-0.20,0.52,-0.66,-0.34,-6.12,-3.83,37.34,37.64,110,100,0,0,1954,1987,2005,1886,1973,1963,42.57,33.5,3353,52.391,83.83,1
2026-09-01T21:22:15.142,5.417,2,100,100,484,484,76.3,73.6,0.07,0.21,0.12,0.86,0.65,-0.97,0.07,0.21,-6.20,-2.71,37.32,37.73,001,011,0,0,1932,2000,2005,1896,1959,1951,42.57,33.7,3349,52.328,83.72,1
2026-09-01T21:22:15.154,5.429,2,100,100,484,484,80.0,79.7,-0.62,0.03,0.76,0.46,-0.14,0.77,-0.62,0.03,-5.84,-3.51,37.38,37.67,110,110,0,0,1960,1994,2009,1880,1971,1959,42.57,33.7,3352,52.375,83.80,1
2026-09-01T21:22:15.165,5.441,2,100,100,507,484,70.9,73.2,0.49,-0.52,0.68,0.52,-0.42,-0.46,0.49,-0.52,-5.28,-3.09,37.46,37.71,001,101,0,0,1961,1978,2029,1895,1958,1970,42.57,33.7,3411,53.297,85.28,1
2026-09-01T21:22:15.177,5.452,2,100,100,507,484,79.3,76.9,-0.51,0.35,0.52,0.34,0.45,0.11,-0.51,0.35,-6.08,-3.77,37.34,37.65,100,010,0,0,1973,2009,1997,1888,1978,1951,42.57,33.7,3349,52.328,83.72,1
2026-09-01T21:22:15.188,5.464,2,100,100,484,463,72.2,78.0,-0.41,-0.18,0.18,0.78,-0.10,0.87,-0.41,-0.18,-6.01,-4.36,37.35,37.58,011,100,0,0,1940,1990,2002,1892,2023,1951,42.57,33.7,3353,52.391,83.83,1
2026-09-01T21:22:15.200,5.475,2,100,100,507,484,80.0,79.9,0.30,-0.23,0.68,0.74,0.54,-0.43,0.30,-0.23,-6.29,-4.06,37.31,37.61,101,001,0,0,1955,1984,2017,1892,1983,1947,42.57,33.7,3350,52.344,83.75,1
2026-09-01T21:22:15.212,5.487,2,100,100,484,484,70.2,70.6,-0.68,0.65,0.36,0.62,-0.09,-0.06,-0.68,0.65,-6.22,-4.13,37.32,37.61,010,010,0,0,1950,1984,2011,1903,1997,1927,42.57,33.7,3344,52.250,83.60,1
2026-09-01T21:22:15.224,5.500,2,100,100,484,484,79.0,78.8,0.48,-0.59,0.52,0.82,0.01,0.00,0.48,-0.59,-6.04,-4.13,37.35,37.61,001,101,0,0,1960,1986,2016,1900,1993,1949,42.57,33.7,3352,52.375,83.80,1
2026-09-01T21:22:15.235,5.511,2,100,100,484,484,77.4,76.9,-0.59,0.44,0.72,0.62,0.25,-0.54,-0.59,0.44,-6.42,-3.47,37.28,37.67,110,011,0,0,1957,1984,2017,1897,1989,1943,42.57,33.7,3349,52.328,83.72,1
2026-09-01T21:22:15.248,5.523,2,100,100,484,484,78.1,79.6,0.54,-0.59,0.76,0.38,-0.10,0.55,0.54,-0.59,-6.07,-3.91,37.34,37.63,001,100,0,0,1964,1992,2010,1884,1975,1967,42.57,33.7,3351,52.359,83.78,1
2026-09-01T21:22:15.259,5.535,2,100,100,507,484,74.1,71.7,-0.41,-0.06,0.92,0.54,-0.03,-0.76,-0.41,-0.06,-6.13,-2.96,37.33,37.72,100,001,0,0,1968,2026,1984,1888,1987,1949,42.57,33.7,3414,53.344,85.35,1
2026-09-01T21:22:15.271,5.546,2,100,100,507,484,80.0,79.6,0.23,0.15,0.76,0.46,-0.53,0.69,0.28,0.04,-5.60,-3.40,37.42,37.68,011,110,0,0,1956,1983,2013,1882,1967,1962,42.57,33.7,3354,52.406,83.85,1
2026-09-01T21:22:15.284,5.559,2,100,100,507,484,69.7,77.9,-0.10,-0.69,0.52,0.42,0.43,-0.19,-0.10,-0.69,-6.02,-3.31,37.35,37.69,100,101,0,0,1953,1979,1997,1887,1972,1962,42.57,33.7,3411,53.297,85.28,1
2026-09-01T21:22:15.295,5.570,2,100,100,484,484,69.4,80.0,-0.01,0.12,0.84,-0.18,-0.47,0.69,-0.01,0.12,-5.43,-3.98,37.44,37.62,010,010,0,0,1955,1993,2004,1860,1975,1945,42.57,33.7,3350,52.344,83.75,1
2026-09-01T21:22:15.307,5.582,2,100,100,507,484,79.8,78.2,0.05,-0.32,0.48,0.92,0.72,0.62,0.05,-0.32,-5.99,-4.49,37.36,37.57,101,100,0,0,1947,2000,2001,1905,1975,1955,42.57,33.7,3352,52.375,83.80,1
2026-09-01T21:22:15.318,5.593,2,100,100,484,484,73.7,76.6,-0.75,-0.16,0.48,0.58,-0.09,-0.61,-0.75,-0.16,-6.10,-3.94,37.34,37.63,110,001,0,0,1944,1988,2024,1888,1983,1951,42.57,33.7,3350,52.344,83.75,1
2026-09-01T21:22:15.330,5.605,2,100,100,484,484,80.0,73.5,0.41,0.57,0.36,0.60,0.17,0.69,0.43,0.40,-6.07,-4.44,37.34,37.57,001,110,0,0,1955,1992,2008,1893,1975,2011,42.57,33.5,3351,52.359,83.78,1
2026-09-01T21:22:15.342,5.617,2,100,100,484,484,78.9,76.3,-0.73,-0.53,0.56,0.70,0.27,-0.33,-0.73,-0.53,-6.23,-4.34,37.31,37.58,110,101,0,0,1941,1968,2036,1897,1967,1967,42.57,33.5,3352,52.375,83.80,1
2026-09-01T21:22:15.354,5.629,2,100,100,507,484,72.8,72.9,0.47,0.75,0.68,0.94,-0.41,-0.61,0.54,0.72,-5.78,-3.67,37.39,37.65,011,010,0,0,1957,1979,2046,1904,1951,1964,42.57,33.5,3349,52.328,83.72,1
2026-09-01T21:22:15.365,5.641,2,100,100,507,484,80.0,80.0,-0.35,-0.53,0.62,0.36,0.49,0.40,-0.35,-0.53,-6.41,-4.25,37.29,37.60,100,100,0,0,1952,2000,2004,1888,1951,1967,42.57,33.5,3352,52.375,83.80,1
2026-09-01T21:22:15.377,5.652,2,100,100,507,484,69.4,75.8,0.01,-0.14,0.68,0.54,-0.86,-0.70,0.01,-0.14,-5.74,-3.33,37.39,37.69,010,001,0,0,1961,2004,2033,1889,1995,1953,42.57,33.7,3344,52.250,83.60,1
2026-09-01T21:22:15.389,5.664,2,100,100,507,484,79.2,77.6,0.05,0.37,0.44,0.62,0.60,0.49,0.05,0.37,-6.29,-3.50,37.31,37.67,101,110,0,0,1953,1986,2000,1889,1971,1966,42.57,33.7,3352,52.375,83.80,1
2026-09-01T21:22:15.400,5.676,2,100,100,507,484,74.5,79.3,-0.30,-0.68,0.68,0.34,-0.55,-0.29,-0.22,-0.61,-5.61,-3.17,37.42,37.70,010,101,0,0,1970,2008,2001,1888,1964,1973,42.57,33.7,3352,52.375,83.80,1
2026-09-01T21:22:15.412,5.687,2,100,100,484,484,79.6,74.6,0.44,0.13,0.64,0.14,0.07,0.30,0.44,0.13,-5.72,-3.15,37.40,37.70,001,011,0,0,1959,1992,2008,1875,1963,1941,42.57,33.7,3350,52.344,83.75,1
2026-09-01T21:22:15.424,5.699,2,100,100,484,463,77.1,75.8,-0.62,-0.34,0.62,0.60,0.23,1.34,-0.79,-0.61,-6.03,-4.31,37.35,37.59,110,100,0,0,1953,1969,2045,1879,2039,1963,42.57,33.7,3350,52.344,83.75,1
2026-09-01T21:22:15.435,5.711,2,100,100,507,484,76.8,80.0,0.32,-0.03,0.52,0.86,-0.26,-0.78,0.32,-0.03,-6.00,-3.75,37.35,37.65,011,001,0,0,1953,1986,2020,1909,1982,1977,42.57,33.7,3350,52.344,83.75,1
2026-09-01T21:22:15.447,5.723,2,100,100,484,484,79.9,69.9,-0.47,0.63,0.50,0.78,0.94,0.04,-0.47,0.63,-6.79,-4.10,37.20,37.61,100,110,0,0,1937,1999,2035,1903,1979,1950,42.57,33.7,3347,52.297,83.67,1
2026-09-01T21:22:15.459,5.734,2,100,100,484,484,71.7,78.9,0.11,-0.76,0.80,0.70,-0.67,0.15,0.11,-0.76,-5.99,-4.45,37.35,37.56,011,101,0,0,1967,1995,2007,1895,1991,1943,42.57,33.7,3352,52.375,83.80,1
2026-09-01T21:22:15.471,5.746,2,100,100,507,484,79.2,79.6,0.25,0.37,0.68,0.54,0.45,-0.47,0.25,0.37,-6.40,-3.99,37.29,37.62,101,011,0,0,1960,1984,2002,1893,1985,1947,42.57,33.7,3350,52.344,83.75,1
2026-09-01T21:22:15.484,5.759,2,100,100,484,484,72.0,77.4,-0.80,-0.01,0.34,0.46,-0.16,0.61,-0.80,-0.01,-6.28,-4.31,37.31,37.59,110,110,0,0,1944,1988,2010,1888,1969,1947,42.57,33.7,3352,52.375,83.80,1
2026-09-01T21:22:15.494,5.770,2,100,100,484,484,79.9,74.2,0.51,-0.18,0.68,1.10,0.06,-0.78,0.51,-0.18,-6.03,-3.46,37.35,37.68,001,001,0,0,1961,1992,2010,1904,1991,1901,42.57,33.7,3350,52.344,83.75,1
2026-09-01T21:22:15.506,5.781,2,100,100,484,484,80.0,72.9,-0.99,0.65,0.36,0.70,0.55,-0.29,-0.99,0.65,-6.37,-3.46,37.29,37.68,110,010,0,0,1936,1960,2038,1905,2015,1915,42.57,33.7,3350,52.344,83.75,1
2026-09-01T21:22:15.518,5.793,2,100,100,484,484,74.6,78.5,0.38,-0.72,0.68,0.54,-0.35,-0.16,0.41,-0.71,-5.72,-3.38,37.40,37.68,001,101,0,0,1954,2004,1990,1888,1977,1959,42.57,33.7,3352,52.375,83.80,1
2026-09-01T21:22:15.530,5.805,2,100,100,484,484,79.0,79.7,-0.47,0.09,0.66,0.22,0.42,-0.04,-0.47,0.09,-6.10,-3.20,37.34,37.70,100,011,0,0,1960,1997,2002,1877,1963,1951,42.57,33.7,3350,52.344,83.75,1
2026-09-01T21:22:15.542,5.817,2,100,100,507,484,74.5,71.4,-0.08,0.28,0.36,0.94,-0.48,0.26,0.03,0.26,-5.62,-3.29,37.41,37.69,011,110,0,0,1968,1988,1996,1921,1967,1933,42.57,33.7,3345,52.266,83.62,1
2026-09-01T21:22:15.553,5.828,2,100,100,484,484,70.6,80.0,-0.39,-0.30,0.44,0.66,1.09,-0.42,-0.39,-0.30,-6.62,-3.49,37.26,37.67,100,001,0,0,1939,1994,2005,1891,1978,1951,42.57,33.7,3408,53.250,85.20,1
2026-09-01T21:22:15.566,5.841,2,100,100,507,484,78.6,72.4,-0.29,0.51,0.52,0.54,-0.47,0.37,-0.29,0.51,-6.19,-4.01,37.32,37.62,010,010,0,0,1953,2000,2019,1896,1983,1947,42.57,33.7,3350,52.344,83.75,1
2026-09-01T21:22:15.577,5.852,2,100,100,484,484,77.3,78.1,0.53,-0.55,0.92,0.66,0.21,-0.10,0.53,-0.55,-6.31,-4.21,37.28,37.60,101,101,0,0,1960,2012,2008,1900,1967,1959,42.57,33.7,3351,52.359,83.78,1
2026-09-01T21:22:15.588,5.864,2,100,100,484,484,73.6,79.5,-0.65,0.16,0.60,0.30,-0.29,0.12,-0.65,0.16,-6.24,-4.27,37.31,37.59,110,011,0,0,1954,2000,2002,1880,1961,1953,42.57,33.7,3350,52.344,83.75,1
2026-09-01T21:22:15.600,5.875,2,100,100,484,484,79.4,73.5,0.39,0.04,0.52,0.62,-0.10,0.53,0.40,0.02,-5.91,-4.54,37.37,37.56,001,110,0,0,1942,1986,2021,1892,1967,1933,42.57,33.7,3352,52.375,83.80,1
2026-09-01T21:22:15.612,5.887,2,100,100,507,484,71.8,77.9,-0.69,-0.38,0.48,0.54,0.14,-0.51,-0.69,-0.38,-6.23,-3.81,37.32,37.64,110,001,0,0,1951,2004,2002,1895,1979,1961,42.57,33.7,3407,53.234,85.17,1
2026-09-01T21:22:15.623,5.899,2,100,100,484,484,80.0,79.7,0.13,0.64,0.44,0.70,-0.46,-0.16,0.13,0.64,-5.82,-3.57,37.38,37.66,011,010,0,0,1948,1986,2008,1902,1999,1931,42.57,33.7,3350,52.344,83.75,1
2026-09-01T21:22:15.635,5.910,2,100,100,507,484,71.7,74.1,0.00,-0.69,0.68,0.42,0.35,0.31,0.00,-0.69,-6.19,-3.84,37.32,37.64,100,100,0,0,1964,1976,1996,1884,1978,1963,42.57,33.7,3410,53.281,85.25,1
2026-09-01T21:22:15.648,5.923,2,100,100,484,484,75.4,74.7,0.11,0.35,0.88,0.42,-1.17,-0.25,0.04,0.37,-5.18,-3.12,37.48,37.70,011,011,0,0,1960,1984,1958,1886,1977,1942,42.57,33.7,3349,52.328,83.72,1
2026-09-01T21:22:15.659,5.935,2,100,100,484,484,75.2,77.8,0.05,-0.43,0.76,0.38,0.64,0.75,0.05,-0.43,-6.07,-3.54,37.34,37.67,101,100,0,0,1960,1986,2008,1880,1983,1965,42.57,33.7,3352,52.375,83.80,1
2026-09-01T21:22:15.671,5.946,2,100,100,484,484,78.7,79.8,-0.36,-0.30,0.68,0.54,-0.45,-0.47,-0.36,-0.30,-5.73,-3.09,37.40,37.71,010,001,0,0,1968,1995,2008,1892,1995,1955,42.57,33.7,3350,52.344,83.75,1
2026-09-01T21:22:15.683,5.958,2,100,100,484,484,76.3,75.5,0.15,0.52,0.18,0.60,0.64,0.14,0.15,0.52,-6.25,-3.83,37.31,37.64,001,010,0,0,1938,2000,2005,1897,1991,1937,42.57,33.7,3350,52.344,83.75,1
2026-09-01T21:22:15.694,5.970,2,100,100,484,484,79.9,75.1,-0.72,-0.73,0.48,0.44,0.30,0.65,-0.72,-0.73,-6.51,-4.57,37.27,37.56,110,101,0,0,1951,1992,2012,1889,1991,1935,42.57,33.7,3351,52.359,83.78,1
2026-09-01T21:22:15.706,5.981,2,100,100,507,484,70.9,79.4,0.52,0.06,0.68,0.38,-0.45,-0.18,0.59,0.12,-5.96,-4.16,37.36,37.60,011,011,0,0,1968,1978,2032,1880,1959,1951,42.57,33.7,3350,52.344,83.75,1
2026-09-01T21:22:15.717,5.993,2,100,100,484,484,79.5,79.4,-0.26,-0.09,0.80,0.38,0.61,1.29,-0.26,-0.09,-6.35,-5.00,37.27,37.50,100,110,0,0,1955,2000,2025,1883,1975,1963,42.57,33.7,3352,52.375,83.80,1
2026-09-01T21:22:15.731,6.006,2,100,100,484,484,73.9,73.7,-0.12,-0.64,0.60,0.54,-0.59,-0.28,-0.12,-0.64,-5.86,-4.33,37.38,37.58,010,101,0,0,1954,1996,2010,1890,1975,1957,42.57,33.7,3353,52.391,83.83,1
2026-09-01T21:22:15.741,6.016,2,100,100,507,484,79.7,78.7,0.22,0.82,0.68,0.94,0.46,-0.38,0.22,0.82,-6.25,-3.78,37.31,37.64,101,010,0,0,1960,1985,2000,1913,2007,1931,42.57,33.7,3350,52.344,83.75,1
2026-09-01T21:22:15.752,6.028,2,100,100,484,484,69.9,79.6,-0.44,-0.40,0.68,0.44,-0.34,0.26,-0.44,-0.40,-5.97,-4.13,37.36,37.61,010,100,0,0,1963,1994,2004,1895,1961,1963,42.57,33.7,3352,52.375,83.80,1
2026-09-01T21:22:15.764,6.039,2,100,100,484,484,80.1,71.6,0.42,0.18,0.48,0.78,0.01,-0.90,0.42,0.18,-5.74,-3.12,37.39,37.70,001,011,0,0,1952,1989,2008,1905,1987,1963,42.57,33.7,3345,52.266,83.62,1
2026-09-01T21:22:15.776,6.051,2,100,100,507,484,75.9,79.6,-0.64,0.28,0.72,0.54,-0.16,0.43,-0.64,0.28,-5.61,-3.47,37.42,37.67,110,110,0,0,1956,1977,2044,1892,1970,1955,42.57,33.7,3352,52.375,83.80,1
2026-09-01T21:22:15.787,6.063,2,100,100,507,484,78.1,77.9,0.30,-0.74,0.52,0.36,-0.37,-0.26,0.30,-0.74,-5.48,-3.31,37.43,37.70,011,101,0,0,1955,1981,2020,1886,1968,1963,42.57,33.7,3353,52.391,83.83,1
2026-09-01T21:22:15.799,6.074,2,100,100,484,484,78.2,73.3,-0.24,-0.28,0.52,-0.50,0.58,1.22,-0.30,-0.19,-6.19,-4.18,37.32,37.60,100,010,0,0,1958,1994,2011,1844,1941,1973,42.57,33.7,3349,52.328,83.72,1
2026-09-01T21:22:15.811,6.086,2,100,100,507,463,75.7,78.0,-0.24,-0.18,0.52,0.78,-0.65,0.99,-0.24,-0.18,-5.82,-4.34,37.38,37.56,010,100,0,0,1952,2001,2028,1888,2025,1961,42.57,33.7,3352,52.375,83.80,1
2026-09-01T21:22:15.822,6.098,2,100,100,484,484,77.2,79.9,0.54,-0.29,0.92,0.54,0.28,-0.61,0.54,-0.29,-6.13,-4.07,37.31,37.61,101,001,0,0,1963,2028,2006,1897,1985,1961,42.57,33.7,3349,52.328,83.72,1
2026-09-01T21:22:15.834,6.109,2,100,100,484,484,74.9,72.1,-0.83,0.61,0.28,0.72,0.31,0.17,-0.83,0.61,-6.46,-4.34,37.28,37.58,110,010,0,0,1939,1984,2018,1904,1993,1939,42.57,33.7,3350,52.344,83.75,1
2026-09-01T21:22:15.846,6.121,2,100,100,507,484,80.0,78.2,0.50,-0.59,0.60,0.62,-0.04,-0.14,0.50,-0.57,-6.03,-4.45,37.35,37.57,001,101,0,0,1954,1972,2020,1898,1963,1962,42.57,33.7,3353,52.391,83.83,1
2026-09-01T21:22:15.858,6.133,2,100,100,484,484,70.3,79.9,-0.56,0.67,0.64,1.02,0.30,-0.78,-0.56,0.67,-6.28,-3.77,37.31,37.65,110,011,0,0,1952,1988,2020,1915,1995,1959,42.57,33.7,3351,52.359,83.78,1
2026-09-01T21:22:15.869,6.144,2,100,100,484,484,80.0,76.2,0.21,-0.30,0.60,0.22,-0.58,1.24,0.21,-0.34,-5.57,-4.57,37.42,37.55,011,110,0,0,1956,1983,2011,1876,1969,1959,42.57,33.7,3352,52.375,83.80,1
2026-09-01T21:22:15.881,6.156,2,100,100,484,484,74.8,77.7,0.00,-0.25,0.74,0.76,0.24,-0.56,0.00,-0.25,-5.98,-3.52,37.36,37.67,100,001,0,0,1968,1990,2017,1901,1981,1946,42.57,33.7,3349,52.328,83.72,1
2026-09-01T21:22:15.893,6.168,2,100,100,507,484,76.0,77.9,-0.20,0.40,0.66,0.44,-0.69,0.07,-0.20,0.40,-5.44,-3.45,37.44,37.68,010,010,0,0,1957,1997,2032,1885,1981,1939,42.57,33.7,3350,52.344,83.75,1
2026-09-01T21:22:15.904,6.180,2,100,100,484,484,79.4,75.7,0.16,-0.92,0.72,0.34,0.81,0.40,0.16,-0.92,-5.85,-3.64,37.34,37.66,101,101,0,0,1947,2032,2008,1879,1983,1959,42.57,33.7,3351,52.359,83.78,1
2026-09-01T21:22:15.916,6.191,2,100,100,484,484,73.9,79.9,-0.82,0.18,0.60,0.54,0.01,-0.25,-0.82,0.18,-5.82,-3.08,37.38,37.71,110,011,0,0,1944,1986,2009,1884,1969,1946,42.57,33.7,3350,52.344,83.75,1
2026-09-01T21:22:15.928,6.203,2,100,100,484,484,80.0,74.1,0.42,-0.07,0.50,0.36,0.23,0.64,0.42,-0.07,-6.00,-3.86,37.35,37.63,001,110,0,0,1952,2000,2002,1888,1971,1947,42.57,33.7,3352,52.375,83.80,1
2026-09-01T21:22:15.940,6.215,2,100,100,484,484,72.2,76.9,-0.78,-0.27,0.36,0.74,0.54,-0.48,-0.76,-0.16,-6.49,-3.78,37.27,37.64,110,001,0,0,1943,1987,2023,1903,1975,1967,42.57,33.7,3350,52.344,83.75,1
2026-09-01T21:22:15.954,6.229,2,100,100,484,484,79.9,80.0,0.16,0.56,0.52,0.58,-0.32,-0.08,0.19,0.60,-6.01,-4.08,37.35,37.61,011,010,0,0,1948,1986,2008,1896,1993,1938,42.57,33.7,3352,52.375,83.80,1
2026-09-01T21:22:15.963,6.238,2,100,100,507,484,73.5,78.8,0.14,-0.63,1.00,0.40,0.23,0.58,0.14,-0.63,-6.31,-4.77,37.30,37.53,100,100,0,0,1972,1994,2029,1881,1977,1966,42.57,33.7,3351,52.359,83.78,1
2026-09-01T21:22:15.974,6.250,2,100,100,484,484,79.9,72.5,-0.48,-0.02,0.44,0.62,-0.36,-0.60,-0.48,-0.02,-5.92,-3.98,37.37,37.62,010,001,0,0,1946,1985,2024,1892,1983,1957,42.57,33.7,3350,52.344,83.75,1
2026-09-01T21:22:15.986,6.261,2,100,100,507,484,73.3,74.8,0.46,0.36,0.68,0.46,0.17,0.29,0.46,0.36,-6.02,-4.35,37.34,37.58,101,110,0,0,1962,1978,2013,1880,1972,2003,42.57,33.7,3349,52.328,83.72,1
2026-09-01T21:22:15.998,6.273,2,100,100,484,484,79.9,80.0,-0.85,-0.19,0.52,1.18,-0.04,-0.66,-0.85,-0.19,-6.06,-3.85,37.34,37.64,110,101,0,0,1946,1993,2012,1928,1935,1982,42.57,33.7,3353,52.391,83.83,1
2026-09-01T21:22:16.009,6.284,2,100,100,484,484,71.5,76.8,0.28,0.24,0.44,0.34,-0.06,-0.32,0.28,0.24,-5.69,-3.54,37.40,37.67,011,011,0,0,1945,1985,2008,1881,1981,1943,42.57,33.7,3350,52.344,83.75,1
2026-09-01T21:22:16.021,6.296,2,100,100,507,484,76.9,76.8,-0.44,-0.08,0.68,0.76,0.16,0.46,-0.44,-0.08,-5.81,-3.75,37.39,37.65,100,100,0,0,1969,2016,1984,1899,1981,1963,42.57,33.7,3351,52.359,83.78,1
2026-09-01T21:22:16.032,6.308,2,100,100,507,484,76.9,79.8,-0.10,-0.21,0.24,0.64,-0.41,-0.60,-0.10,-0.21,-5.43,-2.96,37.44,37.72,011,001,0,0,1944,1986,2009,1892,1993,1955,42.57,33.7,3349,52.328,83.72,1
2026-09-01T21:22:16.047,6.322,2,100,100,484,484,78.2,73.1,-0.26,0.46,0.36,0.46,1.46,0.03,-0.26,0.46,-6.39,-3.21,37.29,37.70,101,010,0,0,1943,2040,2004,1891,1991,1933,42.57,33.7,3350,52.344,83.75,1
2026-09-01T21:22:16.056,6.331,2,100,100,507,484,79.0,78.0,-0.38,-0.98,0.68,0.22,-0.39,0.49,-0.34,-0.90,-6.00,-3.99,37.35,37.62,010,101,0,0,1960,1995,2020,1877,1991,1955,42.57,33.7,3352,52.375,83.80,1
2026-09-01T21:22:16.068,6.343,2,100,100,507,463,75.6,79.9,0.57,0.00,0.76,0.38,0.05,0.49,0.57,0.00,-6.07,-3.95,37.34,37.63,001,011,0,0,1969,1976,2024,1879,1918,1963,42.57,33.7,3350,52.344,83.75,1
2026-09-01T21:22:16.079,6.355,2,100,100,484,484,79.5,74.8,-0.95,-0.43,0.52,0.14,0.50,1.51,-0.95,-0.43,-6.31,-4.81,37.30,37.52,110,110,0,0,1939,1945,2045,1873,1975,1959,42.57,33.7,3352,52.375,83.80,1
2026-09-01T21:22:16.092,6.367,2,100,100,484,484,69.9,76.0,0.44,-0.39,0.60,0.70,-0.11,-0.36,0.44,-0.39,-5.97,-4.08,37.36,37.61,001,001,0,0,1964,1976,2010,1892,1990,1955,42.57,33.7,3350,52.344,83.75,1
2026-09-01T21:22:16.103,6.378,2,100,100,484,484,76.1,77.5,-0.75,0.79,0.28,0.94,0.63,-0.18,-0.75,0.79,-6.48,-4.20,37.27,37.60,100,010,0,0,1944,1996,2016,1914,2007,1915,42.57,33.7,3350,52.344,83.75,1
2026-09-01T21:22:16.115,6.390,2,100,100,484,484,80.0,73.4,0.24,-0.45,0.68,0.76,-0.54,-0.17,0.27,-0.50,-5.61,-4.24,37.42,37.60,011,101,0,0,1954,1983,2012,1902,1963,1965,42.57,33.7,3352,52.375,83.80,1
2026-09-01T21:22:16.127,6.402,2,100,100,507,484,74.8,80.0,0.04,0.17,0.82,0.34,0.19,-0.43,0.04,0.17,-6.03,-3.67,37.35,37.65,100,011,0,0,1967,1988,2021,1882,1983,1943,42.57,33.7,3350,52.344,83.75,1
2026-09-01T21:22:16.141,6.416,2,100,100,507,484,79.5,74.2,-0.30,0.07,0.60,0.70,-0.46,0.38,-0.30,0.07,-5.51,-3.75,37.43,37.65,010,110,0,0,1948,1988,2024,1902,1966,1931,42.57,33.7,3353,52.391,83.83,1
2026-09-01T21:22:16.150,6.425,2,100,100,507,484,77.1,78.4,0.51,-0.33,0.80,0.50,0.43,-0.62,0.51,-0.33,-5.82,-3.10,37.38,37.70,101,001,0,0,1963,1990,2010,1897,1983,1963,42.57,33.7,3349,52.328,83.72,1
2026-09-01T21:22:16.161,6.437,2,100,100,484,484,77.5,79.4,-0.74,0.49,0.42,0.46,-0.05,0.04,-0.74,0.49,-5.87,-3.08,37.37,37.71,110,010,0,0,1949,1994,2008,1892,1983,1939,42.57,33.7,3350,52.344,83.75,1
2026-09-01T21:22:16.173,6.448,2,100,100,484,463,75.8,74.9,0.47,-1.04,0.88,-0.04,-0.34,1.14,0.47,-0.95,-5.75,-4.04,37.39,37.62,001,101,0,0,1956,2040,1946,1868,2010,1945,42.57,33.7,3352,52.375,83.80,1
2026-09-01T21:22:16.185,6.460,2,100,100,484,463,76.0,76.6,-0.82,-0.09,0.18,0.62,0.88,-0.05,-0.82,-0.09,-6.70,-3.52,37.23,37.67,100,011,0,0,1939,1989,2017,1880,1899,1950,42.57,33.7,3349,52.328,83.72,1
2026-09-01T21:22:16.197,6.473,2,100,100,507,484,72.8,71.8,0.43,0.07,0.72,0.74,-0.45,0.36,0.43,0.07,-5.87,-4.32,37.37,37.59,011,100,0,0,1959,1979,2028,1899,2003,1950,42.57,33.7,3353,52.391,83.83,1
2026-09-01T21:22:16.211,6.486,2,100,100,507,484,80.0,79.4,-0.27,-0.44,0.76,0.58,0.39,-0.38,-0.40,-0.42,-6.48,-4.12,37.27,37.61,100,001,0,0,1960,2004,2006,1889,1991,1947,42.57,33.7,3350,52.344,83.75,1
2026-09-01T21:22:16.221,6.496,2,100,100,484,484,70.7,79.0,-0.12,0.56,0.44,0.54,-0.61,-0.09,-0.12,0.56,-5.86,-4.34,37.38,37.58,010,010,0,0,1948,1990,2013,1896,2003,1916,42.57,33.7,3351,52.359,83.78,1
2026-09-01T21:22:16.232,6.508,2,100,100,507,484,80.0,73.7,0.42,-0.25,0.84,1.02,0.26,-0.20,0.32,-0.25,-6.14,-4.34,37.33,37.58,101,100,0,0,1966,1976,2005,1916,1947,1969,42.57,33.7,3353,52.391,83.83,1
2026-09-01T21:22:16.244,6.519,2,100,100,507,484,74.7,77.7,-0.37,0.31,0.60,0.54,-0.40,-0.80,-0.37,0.31,-5.84,-3.52,37.38,37.67,010,011,0,0,1961,1994,2006,1896,1985,1951,42.57,33.7,3349,52.328,83.72,1
2026-09-01T21:22:16.256,6.531,2,100,100,484,484,79.6,79.9,0.36,-0.10,0.52,0.36,0.09,1.25,0.36,-0.10,-5.74,-4.31,37.39,37.59,001,110,0,0,1957,1992,2016,1880,1973,1975,42.57,33.7,3352,52.375,83.80,1
2026-09-01T21:22:16.267,6.542,2,100,100,507,484,71.3,75.8,-0.58,-0.47,0.68,0.66,-0.10,-0.74,-0.58,-0.47,-5.73,-3.35,37.41,37.69,110,101,0,0,1959,2007,1989,1903,1942,1990,42.57,33.7,3411,53.297,85.28,1
2026-09-01T21:22:16.279,6.554,2,100,100,507,484,78.9,77.5,0.21,0.39,0.36,0.38,-0.38,-0.15,0.21,0.39,-5.45,-3.12,37.44,37.70,011,010,0,0,1948,1984,2020,1885,1989,1931,42.57,33.7,3350,52.344,83.75,1
2026-09-01T21:22:16.291,6.566,2,100,100,484,484,77.3,79.2,-0.35,-0.75,0.44,0.28,0.71,0.62,-0.35,-0.75,-6.19,-3.59,37.32,37.66,100,100,0,0,1945,1994,2021,1873,1981,1953,42.57,33.7,3352,52.375,83.80,1
2026-09-01T21:22:16.303,6.578,2,100,100,484,463,74.5,77.4,0.09,-0.21,0.76,0.38,-0.87,0.20,0.09,-0.21,-5.53,-3.42,37.43,37.68,011,011,0,0,1967,1985,1985,1872,1895,1951,42.57,33.7,3349,52.328,83.72,1
2026-09-01T21:22:16.314,6.590,2,100,100,484,484,79.4,79.6,0.04,0.40,0.76,0.86,0.77,0.40,0.04,0.40,-6.42,-3.94,37.28,37.63,101,110,0,0,1950,2002,2002,1912,1983,1939,42.57,33.7,3352,52.375,83.80,1
2026-09-01T21:22:16.326,6.601,2,100,100,484,484,71.9,79.0,-0.71,-0.67,0.36,0.46,-0.04,0.07,-0.71,-0.67,-6.38,-4.37,37.29,37.58,110,101,0,0,1948,1990,2009,1892,1974,1956,42.57,33.7,3352,52.375,83.80,1
2026-09-01T21:22:16.338,6.613,2,100,100,484,484,79.9,69.9,0.51,0.37,0.78,0.36,-0.03,-0.06,0.51,0.37,-5.99,-4.18,37.36,37.60,001,010,0,0,1968,1985,2011,1888,1980,1947,42.57,33.7,3349,52.328,83.72,1
2026-09-01T21:22:16.352,6.627,2,100,100,484,484,76.2,79.5,-0.75,-0.29,0.50,0.52,0.00,0.63,-0.75,-0.29,-6.24,-4.62,37.32,37.55,110,100,0,0,1952,1970,2050,1894,1978,1955,42.57,33.7,3351,52.359,83.78,1
2026-09-01T21:22:16.361,6.636,2,100,100,484,484,78.4,79.1,0.25,-0.16,0.50,0.62,-0.39,-0.78,0.25,-0.16,-5.83,-4.00,37.38,37.62,011,001,0,0,1948,1984,2016,1898,1989,1965,42.57,33.7,3350,52.344,83.75,1
2026-09-01T21:22:16.373,6.648,2,100,100,484,484,76.1,70.9,0.08,0.78,0.90,0.84,0.12,-0.16,0.08,0.78,-6.13,-3.86,37.33,37.63,100,010,0,0,1967,1992,2011,1911,1999,1923,42.57,33.7,3343,52.234,83.58,1
2026-09-01T21:22:16.384,6.660,2,100,100,507,484,74.6,79.7,-0.03,-0.57,0.68,0.68,-0.87,-0.36,-0.03,-0.57,-5.57,-3.88,37.43,37.64,010,101,0,0,1962,2010,2049,1900,1956,1984,42.57,33.7,3353,52.391,83.83,1
2026-09-01T21:22:16.396,6.671,2,100,100,484,484,77.9,78.7,0.26,0.22,0.76,0.44,0.50,-0.26,0.26,0.22,-5.63,-3.31,37.36,37.69,101,011,0,0,1947,2065,2006,1883,1979,1943,42.57,33.7,3349,52.328,83.72,1
2026-09-01T21:22:16.407,6.683,2,100,100,484,484,72.4,74.2,-0.66,-0.05,0.52,0.68,-0.14,0.31,-0.66,-0.05,-5.78,-3.49,37.39,37.67,110,100,0,0,1948,1990,2012,1889,1989,1959,42.57,33.7,3351,52.359,83.78,1
2026-09-01T21:22:16.419,6.695,2,100,100,484,484,80.0,79.4,0.17,-0.01,0.40,0.90,0.60,-0.90,0.17,-0.01,-6.12,-2.82,37.34,37.73,001,001,0,0,1933,2012,1988,1908,1991,1975,42.57,33.7,3350,52.344,83.75,1
2026-09-01T21:22:16.431,6.706,2,100,100,484,484,75.2,70.9,-0.69,0.51,0.36,0.58,0.43,0.08,-0.69,0.51,-6.53,-3.29,37.26,37.69,110,110,0,0,1947,1983,2015,1889,1970,1998,42.57,33.7,3352,52.375,83.80,1
2026-09-01T21:22:16.443,6.718,2,100,100,507,484,78.8,77.1,0.47,-0.80,0.76,0.36,-0.67,0.34,0.47,-0.80,-5.71,-3.96,37.40,37.63,011,101,0,0,1964,1986,2025,1882,1985,1949,42.57,33.7,3351,52.359,83.78,1
2026-09-01T21:22:16.454,6.730,2,100,100,507,484,74.9,80.0,0.06,0.25,0.84,0.56,0.27,-0.26,-0.04,0.28,-6.13,-3.83,37.33,37.64,100,011,0,0,1969,1990,2016,1889,1971,1947,42.57,33.7,3349,52.328,83.72,1
2026-09-01T21:22:16.466,6.741,2,100,100,484,484,77.5,74.9,-0.25,-0.03,0.52,0.46,-0.49,0.75,-0.25,-0.03,-5.87,-4.58,37.37,37.55,010,110,0,0,1956,1992,2016,1890,1970,1952,42.57,33.7,3354,52.406,83.85,1
2026-09-01T21:22:16.478,6.753,2,100,100,507,484,79.9,75.9,0.26,-0.06,0.48,1.12,0.62,-0.66,0.26,-0.06,-6.34,-4.05,37.30,37.62,101,001,0,0,1953,1988,2000,1915,1975,1947,42.57,33.7,3349,52.328,83.72,1
2026-09-01T21:22:16.489,6.765,2,100,100,484,484,73.8,80.0,-0.63,0.56,0.60,0.70,-0.26,0.00,-0.56,0.50,-5.94,-3.97,37.36,37.63,110,010,0,0,1955,1992,2012,1896,1977,1947,42.57,33.7,3350,52.344,83.75,1
2026-09-01T21:22:16.501,6.777,2,100,100,507,484,79.8,72.5,0.37,-0.62,0.54,0.62,-0.02,-0.24,0.37,-0.62,-5.61,-3.99,37.42,37.63,001,100,0,0,1950,1976,2012,1902,1942,1980,42.57,33.7,3353,52.391,83.83,1
2026-09-01T21:22:16.513,6.788,2,100,100,507,484,75.9,78.5,-0.69,0.23,0.96,0.74,-0.03,-0.57,-0.69,0.23,-5.67,-3.39,37.41,37.68,110,011,0,0,1956,2000,2005,1889,1967,1943,42.57,33.7,3349,52.328,83.72,1
2026-09-01T21:22:16.525,6.800,2,100,100,507,484,78.1,78.6,0.33,0.25,0.52,0.70,-0.40,0.38,0.38,0.19,-5.49,-3.57,37.43,37.66,011,110,0,0,1952,1982,2020,1900,1973,1935,42.57,33.7,3352,52.375,83.80,1
2026-09-01T21:22:16.537,6.812,2,100,100,484,484,78.2,73.9,-0.31,-0.33,0.44,0.54,0.58,-0.54,-0.38,-0.33,-6.19,-3.00,37.32,37.71,100,001,0,0,1953,2000,2008,1895,1983,1959,42.57,33.7,3348,52.312,83.70,1
2026-09-01T21:22:16.548,6.823,2,100,100,507,484,75.8,79.9,-0.18,0.29,0.66,0.22,-0.63,0.21,-0.18,0.29,-5.79,-3.14,37.39,37.70,010,010,0,0,1957,2003,2021,1877,1983,1939,42.57,33.7,3350,52.344,83.75,1
2026-09-01T21:22:16.560,6.835,2,100,100,484,463,79.5,77.1,0.31,-1.13,0.84,-0.04,0.66,1.35,0.31,-1.13,-6.27,-4.31,37.31,37.59,101,100,0,0,1960,2004,2006,1864,2015,1935,42.57,33.7,3352,52.375,83.80,1
2026-09-01T21:22:16.571,6.847,2,100,100,484,484,73.7,72.7,-0.72,0.25,0.48,0.86,-0.25,-0.93,-0.72,0.25,-6.14,-3.42,37.33,37.68,110,011,0,0,1968,1999,2004,1911,1909,1937,42.57,33.7,3350,52.344,83.75,1
2026-09-01T21:22:16.583,6.859,2,100,100,507,484,80.0,79.5,0.45,0.14,0.84,0.62,-0.05,1.47,0.46,-0.04,-5.98,-4.84,37.36,37.52,001,110,0,0,1964,1976,2017,1882,1977,1995,42.57,33.7,3354,52.406,83.85,1
2026-09-01T21:22:16.595,6.870,2,100,100,507,484,71.8,79.0,-0.67,-0.57,0.60,0.62,0.00,-0.24,-0.67,-0.57,-6.21,-4.32,37.32,37.59,100,101,0,0,1953,2015,1997,1895,1974,1961,42.57,33.7,3411,53.297,85.28,1
2026-09-01T21:22:16.606,6.882,2,100,100,484,484,80.0,73.8,0.15,0.37,0.44,0.46,-0.44,-0.16,0.15,0.37,-5.78,-4.21,37.39,37.60,011,011,0,0,1944,1983,2008,1886,1981,1943,42.57,33.7,3352,52.375,83.80,1
2026-09-01T21:22:16.618,6.893,2,100,100,507,484,71.8,75.0,-0.03,-0.06,0.68,0.68,0.41,0.37,-0.03,-0.06,-6.16,-4.39,37.33,37.58,100,100,0,0,1960,1977,1996,1900,1967,1944,42.57,33.7,3351,52.359,83.78,1
2026-09-01T21:22:16.630,6.905,2,100,100,507,484,79.8,79.7,-0.30,-0.22,0.60,0.78,-0.65,-0.48,-0.30,-0.22,-5.51,-3.78,37.43,37.64,010,001,0,0,1958,2005,2032,1900,1989,1948,42.57,33.7,3352,52.375,83.80,1
2026-09-01T21:22:16.642,6.917,2,100,100,484,484,79.8,74.2,0.34,0.70,0.64,0.78,0.65,-0.28,0.34,0.70,-5.90,-3.41,37.37,37.68,101,110,0,0,1950,2000,2008,1900,1979,1959,42.57,33.7,3353,52.391,83.83,1
2026-09-01T21:22:16.654,6.929,2,100,100,484,484,72.5,79.9,-0.56,-0.70,0.60,0.50,-0.21,-0.22,-0.45,-0.64,-5.73,-3.37,37.40,37.68,110,101,0,0,1962,2005,2000,1887,1985,1968,42.57,33.7,3353,52.391,83.83,1
2026-09-01T21:22:16.665,6.940,2,100,100,484,484,79.4,77.2,0.29,0.33,0.68,0.46,0.29,-0.45,0.29,0.33,-5.79,-2.85,37.36,37.73,001,011,0,0,1941,2020,1974,1888,1983,1943,42.57,33.7,3350,52.344,83.75,1
2026-09-01T21:22:16.677,6.952,2,100,100,484,484,70.0,74.1,-0.75,-0.12,0.36,0.64,0.58,0.53,-0.75,-0.12,-6.52,-3.34,37.27,37.68,100,100,0,0,1944,1986,2019,1884,2039,1969,42.57,33.7,3352,52.375,83.80,1
2026-09-01T21:22:16.688,6.964,2,100,100,484,484,79.6,79.7,0.21,0.05,0.56,0.90,-0.41,-0.82,0.21,0.05,-5.88,-3.52,37.37,37.67,011,001,0,0,1950,1982,2012,1912,1975,1980,42.57,33.7,3352,52.375,83.80,1
2026-09-01T21:22:16.700,6.975,2,100,100,484,484,71.9,79.0,0.06,0.44,0.74,0.44,0.56,0.33,0.06,0.44,-6.44,-4.17,37.28,37.60,101,010,0,0,1963,1984,2009,1889,1983,1945,42.57,33.7,3350,52.344,83.75,1
2026-09-01T21:22:16.712,6.987,2,100,100,484,484,79.8,73.6,-0.38,-0.48,0.60,0.62,-0.43,0.15,-0.38,-0.48,-5.99,-4.52,37.36,37.56,010,100,0,0,1952,1990,2016,1896,1967,1959,42.57,33.7,3352,52.375,83.80,1
2026-09-01T21:22:16.723,6.999,2,100,100,507,484,73.4,75.9,0.52,0.02,0.78,0.48,0.12,-0.40,0.52,0.02,-6.12,-4.03,37.34,37.62,101,011,0,0,1966,1976,2017,1880,1939,1949,42.57,33.7,3347,52.297,83.67,1
2026-09-01T21:22:16.735,7.010,2,100,100,484,484,79.9,80.0,-0.68,0.26,0.58,0.62,-0.12,0.73,-0.68,0.13,-6.12,-4.71,37.34,37.54,110,110,0,0,1956,1994,2012,1892,1973,1957,42.57,33.7,3352,52.375,83.80,1
2026-09-01T21:22:16.747,7.022,2,100,100,484,484,71.6,77.4,0.22,-0.73,0.36,0.54,0.00,-0.12,0.22,-0.73,-5.84,-4.29,37.38,37.59,011,101,0,0,1944,1987,2007,1889,1981,1955,42.57,33.7,3351,52.359,83.78,1
2026-09-01T21:22:16.758,7.034,2,100,100,507,484,76.9,76.8,-0.37,0.42,0.86,0.50,0.15,-0.24,-0.37,0.42,-5.93,-3.67,37.36,37.65,100,010,0,0,1963,2010,1987,1889,1991,1934,42.57,33.7,3349,52.328,83.72,1
2026-09-01T21:22:16.770,7.045,2,100,100,507,484,77.0,80.0,-0.11,-0.41,0.32,0.54,-0.41,0.50,-0.11,-0.41,-5.52,-3.91,37.43,37.63,011,100,0,0,1944,1985,2009,1888,1973,1965,42.57,33.7,3351,52.359,83.78,1
2026-09-01T21:22:16.782,7.057,2,100,100,484,484,78.2,74.8,-0.27,0.03,0.20,0.70,1.42,-0.99,-0.27,0.03,-6.40,-2.97,37.29,37.72,101,001,0,0,1937,2006,2008,1901,1990,1963,42.57,33.7,3350,52.344,83.75,1
2026-09-01T21:22:16.793,7.069,2,100,100,507,484,79.0,77.6,-0.39,0.29,1.00,0.62,-0.25,0.62,-0.39,0.29,-5.98,-3.50,37.36,37.67,010,110,0,0,1960,1993,2016,1885,1974,1974,42.57,33.7,3352,52.375,83.80,1
2026-09-01T21:22:16.805,7.080,2,100,100,507,484,75.6,79.7,0.64,-0.79,0.84,0.38,0.06,0.08,0.64,-0.79,-6.04,-3.63,37.35,37.66,001,101,0,0,1968,1977,2024,1885,1975,1963,42.57,33.7,3352,52.375,83.80,1
2026-09-01T21:22:16.817,7.092,2,100,100,484,463,77.2,77.1,-0.71,-0.08,0.68,-0.04,0.52,0.77,-0.91,0.01,-6.32,-4.18,37.30,37.60,110,011,0,0,1957,1941,2075,1867,1940,1976,42.57,33.7,3349,52.328,83.72,1
2026-09-01T21:22:16.828,7.104,2,100,100,507,484,71.0,74.8,0.42,0.03,0.52,0.78,-0.41,0.38,0.42,0.03,-5.87,-4.28,37.37,37.59,011,100,0,0,1956,1978,2027,1896,1993,1951,42.57,33.7,3351,52.359,83.78,1
2026-09-01T21:22:16.840,7.115,2,100,100,484,484,80.0,80.0,-0.56,-0.40,0.44,0.46,0.90,-0.32,-0.56,-0.40,-6.52,-4.11,37.27,37.61,100,001,0,0,1940,2000,2021,1890,1983,1947,42.57,33.7,3350,52.344,83.75,1
2026-09-01T21:22:16.853,7.128,2,100,100,507,484,72.9,76.4,0.14,0.63,0.84,0.66,-1.03,-0.13,0.14,0.63,-5.61,-4.29,37.42,37.59,011,010,0,0,1963,1983,1997,1899,2005,1909,42.57,33.7,3351,52.359,83.78,1
2026-09-01T21:22:16.863,7.139,2,100,100,507,484,77.7,73.7,0.00,-0.40,0.36,0.86,0.53,0.00,0.00,-0.40,-6.26,-4.59,37.31,37.55,101,101,0,0,1953,1986,2001,1904,2027,1925,42.57,33.7,3351,52.359,83.78,1
2026-09-01T21:22:16.875,7.150,2,100,100,507,484,78.8,80.0,-0.26,0.42,0.80,0.62,-0.44,-0.77,-0.26,0.42,-5.59,-3.76,37.42,37.65,010,011,0,0,1960,1984,2018,1896,1991,1951,42.57,33.7,3350,52.344,83.75,1
2026-09-01T21:22:16.887,7.162,2,100,100,484,484,75.4,76.2,0.54,-0.21,0.80,0.30,0.06,1.01,0.54,-0.21,-5.69,-4.49,37.40,37.57,001,110,0,0,1968,1984,2020,1881,1967,1957,42.57,33.7,3352,52.375,83.80,1
2026-09-01T21:22:16.899,7.174,2,100,100,507,484,80.0,77.7,-0.72,-0.16,0.36,0.70,-0.21,-0.74,-0.64,-0.16,-5.89,-3.37,37.37,37.68,110,001,0,0,1948,2001,2008,1900,1979,1967,42.57,33.7,3350,52.344,83.75,1
2026-09-01T21:22:16.910,7.185,2,100,100,507,484,71.0,79.3,0.48,0.49,1.00,0.50,-0.36,-0.16,0.48,0.49,-5.87,-3.23,37.37,37.70,011,010,0,0,1962,1980,2032,1886,1995,1915,42.57,33.7,3352,52.375,83.80,1
2026-09-01T21:22:16.922,7.197,2,100,100,484,484,80.0,69.5,-0.39,-0.94,0.66,0.22,0.81,0.54,-0.39,-0.94,-6.66,-3.72,37.24,37.65,100,101,0,0,1947,2002,2023,1876,1987,1955,42.57,33.7,3351,52.359,83.78,1
2026-09-01T21:22:16.934,7.209,2,100,100,507,484,74.6,79.7,0.02,-0.04,0.84,0.46,-1.18,0.26,0.02,-0.04,-5.77,-3.48,37.39,37.67,011,011,0,0,1974,1989,2013,1870,1931,1951,42.57,33.7,3350,52.344,83.75,1
2026-09-01T21:22:16.945,7.221,2,100,100,507,484,79.2,77.6,0.21,0.30,0.74,0.86,0.46,0.40,0.21,0.30,-6.39,-3.98,37.29,37.62,101,110,0,0,1960,1984,2004,1906,1973,1933,42.57,33.7,3352,52.375,83.80,1
2026-09-01T21:22:16.957,7.232,2,100,100,484,484,72.2,75.4,-0.55,-0.43,0.72,0.78,-0.18,-0.43,-0.55,-0.43,-6.08,-3.96,37.34,37.63,110,101,0,0,1950,1983,2009,1903,1959,1970,42.57,33.7,3353,52.391,83.83,1
2026-09-01T21:22:16.969,7.244,2,100,100,484,484,79.9,74.7,0.35,0.40,0.80,0.46,0.16,0.02,0.35,0.40,-6.06,-4.11,37.34,37.61,001,010,0,0,1955,1994,2008,1888,1975,1950,42.57,33.7,3349,52.328,83.72,1
2026-09-01T21:22:16.980,7.255,2,100,100,507,484,74.8,79.5,-0.61,-0.39,0.92,0.46,-0.13,0.72,-0.61,-0.39,-6.04,-4.59,37.35,37.55,110,100,0,0,1977,1943,2068,1887,1979,1959,42.57,33.7,3353,52.391,83.83,1
2026-09-01T21:22:16.992,7.268,2,100,100,507,484,71.1,72.7,0.47,0.14,0.68,0.74,-0.47,-1.02,0.47,0.14,-5.53,-3.50,37.43,37.67,011,011,0,0,1963,1979,2040,1899,2003,1963,42.57,33.7,3345,52.266,83.62,1
2026-09-01T21:22:17.004,7.279,2,100,100,484,484,80.0,78.8,-0.35,0.20,0.68,0.60,0.35,0.81,-0.35,0.20,-5.83,-4.23,37.38,37.60,100,110,0,0,1957,1994,2008,1883,1971,1991,42.57,33.7,3352,52.375,83.80,1
2026-09-01T21:22:17.015,7.291,2,100,100,484,484,71.0,78.6,-0.12,-0.59,0.46,0.54,-0.50,-0.44,-0.12,-0.59,-5.51,-3.68,37.43,37.66,011,101,0,0,1947,1994,2009,1896,1959,1982,42.57,33.7,3409,53.266,85.22,1
2026-09-01T21:22:17.027,7.302,2,100,100,484,484,80.0,71.5,0.09,0.34,0.52,0.46,1.14,-0.28,0.09,0.34,-6.32,-3.19,37.30,37.70,101,010,0,0,1941,2035,2009,1888,1979,1943,42.57,33.7,3416,53.375,85.40,1
2026-09-01T21:22:17.039,7.314,2,100,100,484,484,71.8,79.3,-0.49,-0.44,0.68,0.38,-0.16,0.71,-0.49,-0.44,-6.03,-3.66,37.35,37.65,010,100,0,0,1963,1990,2013,1883,1980,1965,42.57,33.7,3352,52.375,83.80,1
2026-09-01T21:22:17.050,7.326,2,100,100,484,484,80.0,78.1,0.34,0.05,0.50,0.86,0.28,-0.85,0.34,0.05,-6.09,-2.83,37.34,37.73,001,001,0,0,1948,1998,2005,1905,1989,1969,42.57,33.7,3350,52.344,83.75,1
2026-09-01T21:22:17.062,7.337,2,100,100,484,484,75.0,72.7,-0.55,0.50,0.66,0.46,0.03,0.44,-0.54,0.36,-6.24,-3.43,37.31,37.68,110,110,0,0,1959,1994,2004,1889,1974,1993,42.57,33.7,3350,52.344,83.75,1
2026-09-01T21:22:17.074,7.349,2,100,100,507,484,78.7,78.8,0.28,-0.78,0.52,0.38,-0.33,0.47,0.28,-0.78,-5.92,-4.17,37.37,37.60,011,101,0,0,1956,1984,2020,1886,1983,1944,42.57,33.7,3352,52.375,83.80,1
2026-09-01T21:22:17.087,7.362,2,100,100,484,484,77.3,78.4,-0.12,0.26,0.80,0.50,0.49,-0.19,-0.12,0.26,-6.21,-4.01,37.32,37.62,100,011,0,0,1953,2004,2050,1889,1979,1945,42.57,33.7,3349,52.328,83.72,1
2026-09-01T21:22:17.097,7.373,2,100,100,507,484,73.0,75.1,0.13,-0.17,0.76,0.54,-1.04,0.56,0.13,-0.17,-5.65,-4.56,37.41,37.56,011,100,0,0,1962,1982,1996,1882,1998,1965,42.57,33.7,3351,52.359,83.78,1
2026-09-01T21:22:17.109,7.384,2,100,100,507,484,79.7,79.8,0.11,-0.13,0.36,0.86,0.57,-0.51,0.05,-0.13,-6.39,-4.20,37.29,37.60,101,001,0,0,1952,1985,2000,1905,1979,1951,42.57,33.7,3350,52.344,83.75,1
2026-09-01T21:22:17.121,7.396,2,100,100,507,484,73.0,78.4,-0.34,0.50,0.80,0.46,-0.57,0.08,-0.34,0.50,-5.75,-4.15,37.39,37.60,010,010,0,0,1968,1964,2016,1892,1983,1941,42.57,33.7,3349,52.328,83.72,1
2026-09-01T21:22:17.132,7.408,2,100,100,484,484,79.9,69.8,0.47,-0.55,0.62,0.70,-0.01,-0.40,0.47,-0.55,-5.74,-4.01,37.39,37.62,001,101,0,0,1958,1989,2015,1906,1939,1973,42.57,33.7,3351,52.359,83.78,1
2026-09-01T21:22:17.144,7.419,2,100,100,484,484,76.1,79.6,-0.69,0.09,0.44,0.38,0.28,-0.27,-0.70,0.13,-6.06,-3.48,37.34,37.67,110,011,0,0,1953,1984,2020,1883,1967,1943,42.57,33.7,3349,52.328,83.72,1
2026-09-01T21:22:17.156,7.431,2,100,100,507,484,78.0,76.8,0.30,0.25,0.52,0.78,-0.37,0.39,0.30,0.25,-5.73,-3.60,37.40,37.66,011,110,0,0,1962,1983,2016,1908,1972,1939,42.57,33.7,3352,52.375,83.80,1
2026-09-01T21:22:17.167,7.443,2,100,100,484,484,77.3,75.1,-0.20,-0.47,0.84,0.82,0.53,-0.45,-0.20,-0.47,-6.27,-3.08,37.27,37.71,100,001,0,0,1953,2001,2052,1891,1995,1891,42.57,33.7,3348,52.312,83.70,1
2026-09-01T21:22:17.179,7.454,2,100,100,507,484,76.8,80.0,-0.18,0.37,0.60,0.30,-0.59,0.08,-0.18,0.37,-6.11,-3.23,37.34,37.70,010,010,0,0,1955,2000,2021,1883,1987,1933,42.57,33.7,3350,52.344,83.75,1
2026-09-01T21:22:17.191,7.467,2,100,100,507,463,77.4,78.0,0.40,-0.98,0.72,0.06,0.19,1.21,0.40,-0.98,-6.28,-4.28,37.30,37.59,101,100,0,0,1963,1984,2012,1867,2003,1945,42.57,33.7,3351,52.359,83.78,1
2026-09-01T21:22:17.203,7.478,2,100,100,484,463,74.8,79.1,-0.53,0.05,0.60,0.58,-0.27,0.52,-0.49,0.03,-6.00,-3.89,37.36,37.63,010,011,0,0,1957,1960,2022,1883,1911,1959,42.57,33.7,3349,52.328,83.72,1
2026-09-01T21:22:17.214,7.490,2,100,100,507,484,78.7,79.0,0.47,0.01,0.64,0.42,0.03,0.90,0.47,0.01,-6.07,-4.39,37.34,37.58,001,110,0,0,1960,1980,2017,1885,1971,1955,42.57,33.7,3352,52.375,83.80,1
2026-09-01T21:22:17.226,7.501,2,100,100,484,484,70.3,76.5,-0.70,-0.24,0.48,1.02,0.20,-0.47,-0.70,-0.24,-6.36,-4.05,37.30,37.62,110,101,0,0,1943,2001,2013,1915,1953,1974,42.57,33.7,3411,53.297,85.28,1
2026-09-01T21:22:17.238,7.513,2,100,100,484,484,80.0,69.6,0.16,0.49,0.60,0.62,-0.24,-0.38,0.16,0.55,-5.82,-3.86,37.38,37.63,011,010,0,0,1949,1990,1991,1897,1991,1943,42.57,33.7,3350,52.344,83.75,1
2026-09-01T21:22:17.249,7.525,2,100,100,507,484,76.1,79.8,0.10,-0.15,0.82,0.60,0.06,0.26,0.10,-0.15,-5.92,-4.06,37.36,37.62,100,100,0,0,1969,1992,2010,1904,1959,1955,42.57,33.7,3351,52.359,83.78,1
2026-09-01T21:22:17.261,7.536,2,100,100,484,484,76.6,75.7,-0.56,-0.16,0.12,0.54,-0.15,-0.64,-0.56,-0.16,-5.79,-3.43,37.39,37.68,010,001,0,0,1932,1984,2019,1890,1990,1952,42.57,33.7,3350,52.344,83.75,1
2026-09-01T21:22:17.273,7.548,2,100,100,484,484,79.8,77.6,0.08,0.41,0.52,0.78,1.31,0.31,-0.10,0.41,-6.32,-3.44,37.30,37.68,101,110,0,0,1955,2064,2000,1899,1979,1963,42.57,33.7,3352,52.375,83.80,1
2026-09-01T21:22:17.288,7.563,2,100,100,484,484,73.6,79.7,-0.55,-0.68,0.60,0.46,-0.02,-0.25,-0.55,-0.68,-6.20,-3.32,37.32,37.69,110,101,0,0,1952,1983,2008,1890,1965,1973,42.57,33.7,3353,52.391,83.83,1
2026-09-01T21:22:17.296,7.571,2,100,100,484,484,80.0,71.6,0.30,0.31,0.50,0.30,0.33,0.01,0.30,0.31,-6.16,-3.08,37.33,37.71,001,010,0,0,1951,2003,2001,1883,1974,1947,42.57,33.7,3350,52.344,83.75,1
2026-09-01T21:22:17.311,7.586,2,100,100,507,463,74.9,78.5,-0.39,-0.71,1.16,0.24,-0.33,1.40,-0.39,-0.71,-6.16,-3.69,37.33,37.65,110,100,0,0,1984,1939,2081,1863,2035,1964,42.57,33.7,3353,52.391,83.83,1
2026-09-01T21:22:17.320,7.595,2,100,100,484,484,79.6,79.3,0.32,-0.14,0.60,0.70,-0.38,-0.65,0.32,-0.14,-5.86,-3.42,37.38,37.68,011,001,0,0,1952,1989,2008,1896,1991,1962,42.57,33.7,3350,52.344,83.75,1
2026-09-01T21:22:17.332,7.607,2,100,100,507,484,74.9,75.2,0.00,0.49,0.78,0.50,0.14,0.31,0.00,0.49,-6.16,-4.18,37.33,37.60,100,010,0,0,1964,2012,2059,1892,1988,1943,42.57,33.7,3349,52.328,83.72,1
2026-09-01T21:22:17.343,7.618,2,100,100,507,484,75.8,76.1,-0.13,-0.48,0.74,0.82,-0.73,-0.09,-0.13,-0.48,-5.79,-4.32,37.40,37.59,010,101,0,0,1958,2002,2028,1902,1961,1959,42.57,33.7,3352,52.375,83.80,1
2026-09-01T21:22:17.355,7.630,2,100,100,507,484,79.9,80.0,0.16,0.06,0.44,0.30,0.62,0.12,0.16,0.06,-6.28,-4.33,37.31,37.58,101,011,0,0,1952,1992,2006,1878,1959,1959,42.57,33.7,3350,52.344,83.75,1
2026-09-01T21:22:17.367,7.642,2,100,100,507,484,72.9,71.8,-0.34,-0.07,0.84,0.50,-0.54,0.62,-0.34,-0.07,-5.65,-4.70,37.41,37.54,010,110,0,0,1966,1962,2018,1892,1971,1947,42.57,33.7,3352,52.375,83.80,1
2026-09-01T21:22:17.378,7.653,2,100,100,484,484,79.9,75.8,0.44,-0.16,0.60,1.06,0.00,-0.60,0.44,-0.20,-5.71,-3.92,37.40,37.63,001,001,0,0,1957,1986,2016,1905,1987,1943,42.57,33.7,3349,52.328,83.72,1
2026-09-01T21:22:17.390,7.665,2,100,100,484,484,70.0,79.9,-0.67,0.79,0.48,0.92,0.43,-0.33,-0.67,0.79,-6.06,-3.65,37.34,37.66,100,010,0,0,1943,1986,2026,1911,2009,1919,42.57,33.7,3351,52.359,83.78,1
2026-09-01T21:22:17.401,7.677,2,100,100,507,484,79.8,75.4,0.23,-0.62,0.44,0.46,-0.36,0.27,0.23,-0.68,-5.72,-3.83,37.40,37.64,011,100,0,0,1950,1987,2018,1886,1971,1962,42.57,33.7,3352,52.375,83.80,1
2026-09-01T21:22:17.413,7.688,2,100,100,507,484,75.0,77.4,0.00,0.01,0.78,0.44,0.24,-0.51,0.00,0.01,-6.29,-3.06,37.32,37.71,100,011,0,0,1968,2005,2064,1880,1961,1948,42.57,33.7,3348,52.312,83.70,1
2026-09-01T21:22:17.425,7.700,2,100,100,507,484,79.3,79.7,-0.28,-0.04,0.72,0.38,-0.41,0.94,-0.28,-0.04,-6.14,-3.60,37.33,37.66,010,110,0,0,1956,2000,2020,1880,1967,1959,42.57,33.7,3352,52.375,83.80,1
2026-09-01T21:22:17.436,7.712,2,100,100,484,484,73.5,73.1,0.46,-0.56,0.60,0.46,0.19,-0.41,0.46,-0.56,-6.16,-3.29,37.33,37.70,101,101,0,0,1959,1985,2012,1895,1960,1967,42.57,33.7,3352,52.375,83.80,1
2026-09-01T21:22:17.448,7.723,2,100,100,507,484,79.2,73.1,-0.63,0.31,0.52,0.30,-0.06,0.16,-0.63,0.31,-6.32,-3.88,37.31,37.63,110,010,0,0,1955,2002,2004,1883,1974,1947,42.57,33.7,3349,52.328,83.72,1
2026-09-01T21:22:17.459,7.735,2,100,100,484,463,73.3,78.1,0.36,-0.19,0.52,0.78,-0.25,0.89,0.36,-0.19,-5.93,-4.44,37.36,37.55,001,100,0,0,1959,1986,2012,1892,2022,1961,42.57,33.7,3353,52.391,83.83,1
2026-09-01T21:22:17.471,7.746,2,100,100,484,484,79.4,79.9,-0.39,-0.22,0.68,0.74,0.35,-0.46,-0.39,-0.22,-6.34,-4.13,37.30,37.61,100,001,0,0,1960,2002,2002,1896,1985,1951,42.57,33.7,3350,52.344,83.75,1
2026-09-01T21:22:17.482,7.758,2,100,100,507,484,69.3,78.4,0.04,0.59,0.68,0.62,-0.94,-0.09,0.04,0.59,-5.64,-4.14,37.41,37.61,010,010,0,0,1963,2008,2036,1897,1994,1929,42.57,33.7,3344,52.250,83.60,1
2026-09-01T21:22:17.494,7.769,2,100,100,507,484,80.0,70.6,0.36,-0.24,0.74,1.02,0.32,-0.18,0.36,-0.24,-5.90,-4.09,37.37,37.61,101,100,0,0,1961,1988,2006,1914,1951,1971,42.57,33.7,3346,52.281,83.65,1
2026-09-01T21:22:17.506,7.781,2,100,100,484,484,73.1,78.6,-0.66,0.19,0.44,0.58,-0.30,-0.47,-0.66,0.19,-5.75,-3.66,37.39,37.65,010,011,0,0,1950,1940,2044,1887,1966,1951,42.57,33.7,3351,52.359,83.78,1
2026-09-01T21:22:17.517,7.793,2,100,100,507,484,79.4,79.1,0.42,0.08,0.68,0.58,0.09,0.69,0.42,0.08,-5.87,-4.04,37.37,37.62,001,110,0,0,1967,1985,2009,1889,1969,1954,42.57,33.7,3352,52.375,83.80,1
2026-09-01T21:22:17.529,7.804,2,100,100,507,484,70.6,75.7,-0.31,-0.55,0.92,0.62,0.06,-0.46,-0.31,-0.55,-6.29,-3.44,37.31,37.68,100,101,0,0,1974,2004,2008,1890,1970,1963,42.57,33.7,3353,52.391,83.83,1
2026-09-01T21:22:17.543,7.819,2,100,100,484,484,80.0,77.6,0.17,0.25,0.76,0.22,-0.17,0.12,0.20,0.31,-6.05,-3.29,37.35,37.69,011,010,0,0,1955,1990,1994,1880,1981,1939,42.57,33.7,3351,52.359,83.78,1
2026-09-01T21:22:17.553,7.828,2,100,100,484,484,78.2,76.7,-0.48,-0.74,0.66,0.46,0.30,-0.04,-0.48,-0.74,-6.28,-3.39,37.31,37.68,100,101,0,0,1956,2001,2016,1884,1971,1955,42.57,33.7,3351,52.359,83.78,1
2026-09-01T21:22:17.565,7.840,2,100,100,507,484,76.1,79.9,-0.08,-0.17,0.40,0.10,-0.27,0.64,0.03,-0.17,-5.90,-3.47,37.37,37.68,011,011,0,0,1953,1989,2004,1867,1922,1955,42.57,33.7,3349,52.328,83.72,1
2026-09-01T21:22:17.577,7.852,2,100,100,507,484,74.0,73.9,0.00,-0.03,0.66,0.54,0.48,0.59,0.00,-0.03,-6.32,-4.13,37.30,37.61,101,110,0,0,1973,1984,1990,1896,1973,1949,42.57,33.7,3352,52.375,83.80,1
2026-09-01T21:22:17.588,7.864,2,100,100,507,484,80.0,75.7,-0.36,-0.21,0.58,0.92,-0.39,-0.49,-0.36,-0.26,-5.96,-3.77,37.36,37.65,010,001,0,0,1952,1994,2024,1900,1983,1943,42.57,33.7,3349,52.328,83.72,1
2026-09-01T21:22:17.600,7.875,2,100,100,484,484,72.1,79.8,0.31,0.64,0.28,0.74,0.43,-0.10,0.31,0.64,-6.17,-4.08,37.33,37.61,101,010,0,0,1944,2008,2010,1904,1997,1941,42.57,33.7,3351,52.359,83.78,1
2026-09-01T21:22:17.612,7.887,2,100,100,484,484,80.0,79.4,-0.65,-0.53,0.64,0.46,-0.01,0.60,-0.65,-0.53,-6.03,-4.67,37.36,37.55,110,100,0,0,1956,1992,2010,1886,1979,1958,42.57,33.7,3352,52.375,83.80,1
2026-09-01T21:22:17.623,7.898,2,100,100,507,484,71.0,74.1,0.50,-0.06,0.64,0.58,-0.47,-0.71,0.50,-0.06,-5.39,-3.87,37.45,37.63,011,001,0,0,1963,1979,2031,1895,1983,1956,42.57,33.7,3408,53.250,85.20,1
2026-09-01T21:22:17.635,7.910,2,100,100,507,484,79.3,76.9,-0.51,0.44,0.52,0.92,0.43,0.51,-0.51,0.44,-6.06,-4.15,37.34,37.60,100,110,0,0,1954,2002,2004,1893,1973,2018,42.57,33.7,3351,52.359,83.78,1
2026-09-01T21:22:17.646,7.922,2,100,100,484,484,71.7,79.6,-0.17,-0.61,0.28,0.50,-0.32,-0.31,-0.17,-0.61,-5.94,-3.82,37.36,37.64,011,101,0,0,1944,1991,2002,1894,1959,1979,42.57,33.7,3351,52.359,83.78,1
2026-09-01T21:22:17.658,7.933,2,100,100,507,484,79.6,74.5,0.20,0.38,0.92,0.54,0.58,-0.29,0.20,0.38,-6.56,-3.33,37.26,37.69,101,011,0,0,1956,1980,2002,1888,1980,1943,42.57,33.7,3350,52.344,83.75,1
2026-09-01T21:22:17.670,7.945,2,100,100,484,484,70.1,74.2,-0.60,0.06,0.60,1.02,-0.11,0.28,-0.60,0.06,-6.34,-3.61,37.30,37.66,010,100,0,0,1951,1987,2007,1895,2025,1961,42.57,33.7,3407,53.234,85.17,1
2026-09-01T21:22:17.681,7.957,2,100,100,484,484,80.0,80.0,0.44,-0.28,0.52,0.54,-0.05,-0.62,0.44,-0.20,-6.03,-3.04,37.35,37.71,001,001,0,0,1952,1988,2010,1893,1985,1959,42.57,33.7,3350,52.344,83.75,1
2026-09-01T21:22:17.693,7.968,2,100,100,507,484,75.0,72.7,-0.57,0.31,0.66,0.14,0.14,0.28,-0.57,0.31,-6.23,-3.70,37.32,37.65,110,010,0,0,1953,1966,2060,1876,1987,1939,42.57,33.7,3349,52.328,83.72,1
2026-09-01T21:22:17.705,7.980,2,100,100,484,484,77.6,77.1,0.26,-0.80,0.48,0.46,-0.28,0.32,0.26,-0.80,-5.85,-4.08,37.38,37.60,011,101,0,0,1960,1986,2004,1884,2025,1933,42.57,33.7,3351,52.359,83.78,1
2026-09-01T21:22:17.716,7.992,2,100,100,507,484,78.2,80.0,0.17,0.06,1.16,0.22,0.12,0.00,0.02,0.12,-6.01,-3.97,37.35,37.63,100,011,0,0,1976,1989,2016,1873,1959,1947,42.57,33.7,3349,52.328,83.72,1
2026-09-01T21:22:17.728,8.003,2,100,100,507,484,75.9,78.1,-0.25,0.03,0.60,0.54,-0.83,0.93,-0.25,0.03,-5.59,-4.73,37.42,37.54,010,110,0,0,1954,2004,2040,1887,1971,1957,42.57,33.7,3353,52.391,83.83,1
2026-09-01T21:22:17.740,8.015,2,100,100,507,484,79.9,71.9,0.14,-0.30,0.60,0.78,0.64,-0.49,0.14,-0.30,-5.93,-4.36,37.36,37.58,101,001,0,0,1945,2001,2000,1901,1983,1911,42.57,33.7,3351,52.359,83.78,1
2026-09-01T21:22:17.751,8.027,2,100,100,484,484,72.5,78.0,-0.77,0.70,0.48,0.94,0.00,-0.21,-0.77,0.70,-5.75,-4.18,37.40,37.60,110,010,0,0,1944,1988,2020,1904,1975,1951,42.57,33.7,3350,52.344,83.75,1
2026-09-01T21:22:17.763,8.038,2,100,100,507,484,79.5,77.5,0.44,-0.45,0.60,0.66,-0.03,-0.06,0.44,-0.45,-5.55,-4.21,37.42,37.60,001,100,0,0,1954,1968,2024,1899,1931,1991,42.57,33.7,3353,52.391,83.83,1
2026-09-01T21:22:17.775,8.050,2,100,100,484,484,74.9,74.0,-0.64,0.22,0.52,0.84,0.30,-0.97,-0.64,0.22,-6.11,-3.32,37.34,37.69,110,011,0,0,1955,1979,2022,1897,1959,1946,42.57,33.7,3348,52.312,83.70,1
2026-09-01T21:22:17.787,8.062,2,100,100,484,484,79.5,80.1,-0.07,0.30,0.66,0.74,0.28,0.40,-0.07,0.30,-6.12,-3.63,37.34,37.66,011,110,0,0,1936,1993,1984,1899,1977,1941,42.57,33.7,3352,52.375,83.80,1
2026-09-01T21:22:17.798,8.073,2,100,100,507,484,70.1,78.0,0.06,-0.60,0.76,0.50,0.37,-0.43,0.06,-0.60,-6.42,-3.25,37.29,37.70,100,101,0,0,1968,1970,1995,1893,1959,1979,42.57,33.7,3347,52.297,83.67,1
2026-09-01T21:22:17.810,8.085,2,100,100,484,484,79.9,73.8,-0.27,0.42,0.60,0.46,-0.43,-0.24,-0.27,0.42,-5.98,-2.99,37.36,37.71,010,010,0,0,1956,1989,2012,1888,1983,1943,42.57,33.7,3349,52.328,83.72,1
2026-09-01T21:22:17.821,8.097,2,100,100,484,463,72.0,78.6,0.32,-0.60,0.42,0.38,0.50,1.33,0.32,-0.60,-6.31,-4.18,37.30,37.60,101,100,0,0,1942,1997,2004,1870,2035,1959,42.57,33.7,3352,52.375,83.80,1
2026-09-01T21:22:17.833,8.108,2,100,100,507,484,79.3,79.2,-0.75,-0.04,0.48,0.78,-0.05,-0.75,-0.75,-0.04,-6.23,-3.60,37.32,37.66,110,001,0,0,1948,2002,2016,1900,1975,1965,42.57,33.7,3350,52.344,83.75,1
2026-09-01T21:22:17.844,8.120,2,100,100,507,484,74.6,74.0,0.37,0.59,0.60,0.62,-0.40,0.11,0.37,0.59,-5.72,-3.97,37.40,37.63,011,010,0,0,1957,1978,1930,1896,1990,1939,42.57,33.7,3348,52.312,83.70,1
2026-09-01T21:22:17.856,8.131,2,100,100,484,484,79.5,72.1,-0.41,-0.74,0.66,0.42,0.41,0.22,-0.41,-0.74,-6.07,-4.57,37.34,37.55,100,101,0,0,1954,2004,2006,1884,1979,1957,42.57,33.7,3352,52.375,83.80,1
2026-09-01T21:22:17.868,8.143,2,100,100,484,484,76.8,79.9,0.13,0.15,0.48,0.40,-0.46,0.02,0.13,0.15,-5.37,-4.12,37.45,37.61,011,011,0,0,1968,1988,2001,1884,1962,1957,42.57,33.7,3349,52.328,83.72,1
2026-09-01T21:22:17.879,8.155,2,100,100,484,484,77.5,78.2,0.05,-0.06,0.66,0.40,0.50,0.85,0.05,-0.06,-5.96,-4.56,37.36,37.56,101,110,0,0,1960,1990,2007,1885,1969,1951,42.57,33.7,3352,52.375,83.80,1
2026-09-01T21:22:17.892,8.167,2,100,100,484,484,77.5,80.0,-0.51,-0.39,0.26,0.94,-0.06,-0.09,-0.51,-0.39,-5.94,-3.83,37.36,37.64,010,001,0,0,1944,1984,2016,1892,1988,1941,42.57,33.7,3350,52.344,83.75,1
2026-09-01T21:22:17.903,8.178,2,100,100,484,484,71.9,76.9,0.41,0.57,0.52,0.58,0.41,-0.29,0.41,0.57,-6.21,-3.42,37.32,37.68,101,010,0,0,1972,2006,2004,1902,2013,1914,42.57,33.7,3351,52.359,83.78,1
2026-09-01T21:22:17.915,8.190,2,100,100,484,484,80.0,71.1,-0.77,-0.69,0.60,0.46,0.24,0.11,-0.77,-0.69,-6.31,-3.50,37.30,37.67,110,101,0,0,1952,1978,2024,1884,1977,1963,42.57,33.7,3352,52.375,83.80,1
2026-09-01T21:22:17.926,8.202,2,100,100,484,484,69.9,79.0,0.38,0.04,0.52,0.22,-0.27,-0.44,0.38,0.04,-5.91,-2.78,37.37,37.73,001,011,0,0,1953,1983,2011,1879,1965,1943,42.57,33.7,3408,53.250,85.20,1
2026-09-01T21:22:17.938,8.213,2,100,100,484,484,79.4,74.7,-0.71,0.13,0.20,0.76,0.96,0.39,-0.71,0.13,-6.60,-3.14,37.25,37.70,100,110,0,0,1936,2000,2018,1905,1967,1937,42.57,33.7,3352,52.375,83.80,1
2026-09-01T21:22:17.951,8.226,2,100,100,484,484,76.9,76.7,0.08,-0.28,1.02,0.58,-0.40,-0.50,0.03,-0.28,-5.70,-3.41,37.40,37.68,011,001,0,0,1956,1984,1962,1899,1979,1947,42.57,33.7,3348,52.312,83.70,1
2026-09-01T21:22:17.962,8.237,2,100,100,484,484,77.2,79.8,-0.10,0.37,0.52,0.30,0.73,0.49,-0.10,0.37,-6.52,-4.18,37.27,37.60,101,010,0,0,1952,1992,2001,1888,1975,1951,42.57,33.7,3350,52.344,83.75,1
2026-09-01T21:22:17.973,8.249,2,100,100,507,484,79.8,76.3,-0.19,-0.48,0.84,0.62,-0.58,0.21,-0.19,-0.48,-5.89,-4.45,37.37,37.57,010,100,0,0,1965,2012,2024,1896,1966,1967,42.57,33.7,3352,52.375,83.80,1
2026-09-01T21:22:17.985,8.260,2,100,100,484,484,69.7,73.2,0.38,0.02,0.40,0.46,0.30,-0.59,0.36,0.01,-5.83,-4.01,37.38,37.62,101,011,0,0,1950,1997,2008,1884,1937,1945,42.57,33.7,3349,52.328,83.72,1
2026-09-01T21:22:17.997,8.273,2,100,100,484,484,73.0,71.9,-0.57,0.04,0.44,0.70,-0.34,0.46,-0.57,0.04,-5.61,-4.63,37.42,37.55,010,110,0,0,1950,1940,2040,1900,1969,1938,42.57,33.7,3352,52.375,83.80,1
2026-09-01T21:22:18.009,8.285,2,100,100,507,484,77.0,78.0,0.50,-0.21,0.60,0.78,0.05,-0.41,0.50,-0.21,-5.74,-4.02,37.39,37.61,001,001,0,0,1961,1970,2020,1904,1983,1946,42.57,33.7,3350,52.344,83.75,1
2026-09-01T21:22:18.021,8.296,2,100,100,484,484,78.2,77.6,-0.61,0.60,0.58,0.70,0.30,-0.05,-0.61,0.60,-6.31,-3.87,37.30,37.63,110,010,0,0,1952,1978,2026,1901,1995,1935,42.57,33.7,3349,52.328,83.72,1
2026-09-01T21:22:18.033,8.308,2,100,100,484,484,76.5,71.3,0.31,-0.72,0.60,0.46,-0.41,-0.01,0.31,-0.72,-5.92,-3.78,37.37,37.65,011,101,0,0,1956,1987,2017,1885,1974,1968,42.57,33.7,3351,52.359,83.78,1
2026-09-01T21:22:18.044,8.320,2,100,100,484,484,79.5,80.0,-0.14,0.06,0.84,0.30,0.37,-0.21,-0.14,0.06,-6.36,-3.18,37.29,37.70,100,011,0,0,1978,2008,2001,1880,1975,1955,42.57,33.7,3350,52.344,83.75,1
2026-09-01T21:22:18.056,8.331,2,100,100,484,484,70.6,69.5,-0.05,-0.05,0.64,0.54,-0.54,0.38,-0.05,-0.05,-5.91,-3.42,37.37,37.68,010,110,0,0,1957,1994,2002,1897,1985,1949,42.57,33.7,3406,53.219,85.15,1
2026-09-01T21:22:18.068,8.343,2,100,100,507,484,78.5,79.6,0.12,-0.09,0.52,0.70,0.56,-0.69,0.12,-0.09,-6.37,-3.30,37.29,37.69,101,001,0,0,1956,1984,2000,1908,1975,1975,42.57,33.7,3350,52.344,83.75,1
2026-09-01T21:22:18.079,8.355,2,100,100,507,484,74.7,79.6,-0.33,0.42,1.00,0.36,-0.54,0.37,-0.33,0.42,-5.88,-4.12,37.38,37.61,010,010,0,0,1963,1972,2010,1885,1981,1945,42.57,33.7,3349,52.328,83.72,1
2026-09-01T21:22:18.092,8.367,2,100,100,484,484,79.6,75.0,0.18,-0.49,0.32,0.70,0.37,0.31,0.18,-0.49,-5.97,-4.54,37.36,37.56,001,101,0,0,1945,2002,2010,1899,1969,1955,42.57,33.7,3352,52.375,83.80,1
2026-09-01T21:22:18.103,8.379,2,100,100,484,484,79.9,79.8,-0.62,0.05,0.52,0.30,-0.07,0.04,-0.62,0.05,-5.86,-4.28,37.38,37.59,110,011,0,0,1956,1992,2010,1880,1954,1955,42.57,33.7,3350,52.344,83.75,1
2026-09-01T21:22:18.115,8.390,2,100,100,507,484,74.3,78.2,0.44,0.17,0.88,0.70,-0.47,0.60,0.44,0.17,-5.35,-4.60,37.45,37.55,011,110,0,0,1958,2006,1988,1896,1971,1942,42.57,33.7,3352,52.375,83.80,1
2026-09-01T21:22:18.127,8.402,2,100,100,484,484,80.0,72.2,-0.43,-0.68,0.52,0.54,0.71,-0.31,-0.43,-0.68,-6.15,-4.23,37.33,37.60,100,101,0,0,1948,1992,2020,1890,1971,1957,42.57,33.7,3353,52.391,83.83,1
2026-09-01T21:22:18.138,8.414,2,100,100,484,484,74.5,79.3,0.14,0.70,0.52,0.70,-0.46,-0.28,0.23,0.75,-5.59,-3.74,37.42,37.65,011,010,0,0,1960,1996,1995,1908,2003,1931,42.57,33.7,3349,52.328,83.72,1
2026-09-01T21:22:18.150,8.425,2,100,100,507,484,78.5,79.1,0.04,-0.37,0.40,0.70,0.68,0.18,0.04,-0.37,-6.37,-4.08,37.29,37.61,101,100,0,0,1945,1994,2002,1901,1955,1959,42.57,33.7,3352,52.375,83.80,1
2026-09-01T21:22:18.161,8.437,2,100,100,484,484,70.5,74.7,-0.40,0.06,0.84,0.70,-0.25,-0.94,-0.40,0.06,-6.08,-3.06,37.34,37.71,010,001,0,0,1966,1992,2002,1900,1995,1963,42.57,33.7,3348,52.312,83.70,1
2026-09-01T21:22:18.173,8.448,2,100,100,484,484,79.5,78.5,0.47,0.31,0.64,0.46,0.03,0.44,0.47,0.18,-6.14,-3.46,37.33,37.68,001,110,0,0,1960,1984,2009,1888,1967,1959,42.57,33.7,3352,52.375,83.80,1
2026-09-01T21:22:18.185,8.460,2,100,100,507,484,74.9,79.4,-0.65,-0.68,0.66,0.50,-0.04,-0.29,-0.65,-0.68,-6.13,-3.13,37.33,37.70,100,101,0,0,1956,1975,2058,1889,1979,1958,42.57,33.7,3351,52.359,83.78,1
2026-09-01T21:22:18.196,8.472,2,100,100,484,463,79.6,75.3,0.20,-0.16,0.60,-0.26,-0.33,1.00,0.20,-0.16,-5.82,-3.63,37.38,37.66,011,011,0,0,1957,1986,2011,1853,1929,1979,42.57,33.7,3350,52.344,83.75,1
2026-09-01T21:22:18.208,8.483,2,100,100,507,463,78.1,76.9,0.02,-0.21,1.00,0.78,0.20,1.17,-0.11,-0.45,-5.97,-4.28,37.36,37.59,100,100,0,0,1974,1994,2004,1890,2029,1959,42.57,33.7,3350,52.344,83.75,1
2026-09-01T21:22:18.220,8.495,2,100,100,507,484,75.9,80.0,-0.27,-0.46,0.48,0.46,-0.77,-0.24,-0.27,-0.46,-5.62,-4.18,37.41,37.61,010,001,0,0,1952,2000,2028,1885,1986,1945,42.57,33.7,3350,52.344,83.75,1
2026-09-01T21:22:18.231,8.507,2,100,100,484,484,79.8,73.8,0.18,0.70,0.48,0.86,0.65,0.00,0.18,0.70,-5.91,-4.26,37.37,37.59,101,010,0,0,1963,2016,1992,1911,1999,1935,42.57,33.7,3350,52.344,83.75,1
2026-09-01T21:22:18.243,8.518,2,100,100,484,484,72.5,73.6,-0.62,-0.46,0.48,0.78,-0.25,-0.04,-0.62,-0.46,-5.76,-4.50,37.39,37.56,110,101,0,0,1952,1995,2008,1900,2024,1926,42.57,33.7,3351,52.359,83.78,1
2026-09-01T21:22:18.255,8.530,2,100,100,507,484,79.8,80.0,0.44,0.32,0.64,0.62,0.00,-0.37,0.44,0.32,-5.76,-4.00,37.39,37.62,001,011,0,0,1960,1973,2020,1892,1973,1951,42.57,33.7,3350,52.344,83.75,1
2026-09-01T21:22:18.267,8.542,2,100,100,484,484,73.6,73.6,-0.61,-0.21,0.68,0.38,0.36,0.83,-0.61,-0.21,-6.37,-4.47,37.29,37.57,110,110,0,0,1958,1977,2017,1884,1969,1949,42.57,33.7,3352,52.375,83.80,1
2026-09-01T21:22:18.278,8.554,2,100,100,484,484,77.5,78.6,0.39,-0.22,0.52,0.70,-0.47,-0.55,0.44,-0.22,-5.91,-3.57,37.37,37.66,011,001,0,0,1956,1984,2017,1900,1982,1950,42.57,33.7,3350,52.344,83.75,1
2026-09-01T21:22:18.290,8.565,2,100,100,484,484,76.2,79.3,0.06,0.45,0.96,0.48,0.19,-0.04,0.06,0.45,-6.30,-3.39,37.30,37.68,100,010,0,0,1968,1992,2016,1891,1985,1933,42.57,33.7,3349,52.328,83.72,1
2026-09-01T21:22:18.302,8.577,2,100,100,484,484,76.5,72.6,-0.07,-0.72,0.72,0.46,-0.55,0.04,-0.07,-0.72,-5.85,-3.33,37.38,37.69,010,101,0,0,1964,2000,2008,1884,1979,1970,42.57,33.7,3353,52.391,83.83,1
2026-09-01T21:22:18.313,8.589,2,100,100,484,484,79.9,80.0,0.18,-0.06,0.44,0.20,0.62,0.29,0.18,-0.06,-6.40,-3.15,37.29,37.70,101,011,0,0,1949,2000,2000,1873,1943,1951,42.57,33.7,3350,52.344,83.75,1
2026-09-01T21:22:18.325,8.600,2,100,100,484,484,77.3,78.6,-0.68,0.06,0.52,0.54,-0.02,0.71,-0.68,0.06,-6.34,-3.68,37.30,37.65,110,110,0,0,1950,1990,2010,1888,1972,1948,42.57,33.7,3352,52.375,83.80,1
2026-09-01T21:22:18.336,8.612,2,100,100,484,484,77.0,72.7,0.36,-0.61,0.78,0.48,-0.12,-0.32,0.36,-0.50,-6.01,-3.66,37.35,37.65,001,101,0,0,1950,2032,1953,1896,1969,1957,42.57,33.7,3351,52.359,83.78,1
2026-09-01T21:22:18.348,8.624,2,100,100,484,484,72.2,77.9,-0.52,0.49,0.68,0.54,0.10,-0.15,-0.52,0.49,-6.07,-3.89,37.34,37.63,100,010,0,0,1955,2006,2002,1892,1987,1943,42.57,33.7,3350,52.344,83.75,1
2026-09-01T21:22:18.360,8.635,2,100,100,507,484,79.5,79.4,0.22,-0.51,0.44,0.54,-0.45,0.56,0.22,-0.51,-5.36,-4.70,37.45,37.54,011,100,0,0,1948,1982,2021,1888,1973,1965,42.57,33.7,3353,52.391,83.83,1
2026-09-01T21:22:18.372,8.647,2,100,100,484,484,73.2,75.2,-0.07,-0.09,0.52,0.60,0.51,-0.49,-0.07,-0.09,-5.85,-4.20,37.38,37.60,100,001,0,0,1956,1988,2004,1894,1977,1958,42.57,33.7,3350,52.344,83.75,1
2026-09-01T21:22:18.383,8.659,2,100,100,484,484,78.3,76.1,-0.63,0.35,0.32,0.60,0.20,0.45,-0.63,0.35,-6.00,-4.49,37.36,37.57,010,110,0,0,1949,1980,2006,1889,1975,1997,42.57,33.7,3351,52.359,83.78,1
2026-09-01T21:22:18.395,8.671,2,100,100,507,484,79.1,78.5,0.28,-0.11,0.44,1.26,0.68,-0.68,0.28,-0.11,-6.36,-3.82,37.29,37.65,101,101,0,0,1948,2000,2004,1928,1939,1987,42.57,33.7,3352,52.375,83.80,1
2026-09-01T21:22:18.407,8.682,2,100,100,484,484,77.3,71.2,-0.74,0.34,0.58,0.42,0.10,-0.28,-0.74,0.34,-6.36,-3.58,37.29,37.66,110,010,0,0,1952,1988,2021,1883,1982,1943,42.57,33.7,3350,52.344,83.75,1
2026-09-01T21:22:18.419,8.694,2,100,100,484,484,79.4,79.7,0.45,-0.39,0.68,0.68,-0.10,0.48,0.51,-0.39,-5.98,-3.82,37.36,37.64,001,100,0,0,1960,1982,2017,1892,1978,1967,42.57,33.7,3352,52.375,83.80,1
2026-09-01T21:22:18.430,8.706,2,100,100,484,484,70.2,73.4,-0.56,-0.03,0.64,0.62,0.28,-0.86,-0.56,-0.03,-6.38,-2.90,37.29,37.72,110,001,0,0,1962,1992,2016,1896,2013,1961,42.57,33.7,3351,52.359,83.78,1
2026-09-01T21:22:18.442,8.718,2,100,100,484,484,77.4,80.0,0.11,0.15,0.44,0.54,0.04,0.73,0.11,0.15,-6.08,-3.58,37.34,37.66,011,110,0,0,1944,1988,2016,1882,1967,1951,42.57,33.7,3352,52.375,83.80,1
2026-09-01T21:22:18.454,8.729,2,100,100,507,484,78.2,77.6,0.19,-0.67,1.22,0.46,0.00,-0.36,0.19,-0.67,-6.00,-3.86,37.35,37.63,100,101,0,0,1980,1994,2002,1896,1961,1981,42.57,33.7,3351,52.359,83.78,1
2026-09-01T21:22:18.466,8.741,2,100,100,507,463,75.9,74.7,-0.16,0.16,0.60,0.14,-0.80,0.72,-0.16,0.16,-5.63,-4.37,37.41,37.58,010,011,0,0,1960,2008,2032,1873,1941,1974,42.57,33.7,3350,52.344,83.75,1
2026-09-01T21:22:18.477,8.753,2,100,100,507,484,80.0,77.3,0.33,-0.21,0.66,0.54,0.22,0.67,0.26,-0.39,-5.80,-4.57,37.39,37.55,101,100,0,0,1968,1974,2006,1888,1983,1967,42.57,33.7,3351,52.359,83.78,1
2026-09-01T21:22:18.489,8.765,2,100,100,484,484,72.4,80.0,-0.79,-0.39,0.28,0.46,0.16,-0.24,-0.79,-0.39,-5.86,-4.31,37.38,37.59,110,001,0,0,1944,1984,2016,1889,1981,1949,42.57,33.7,3350,52.344,83.75,1
2026-09-01T21:22:18.501,8.776,2,100,100,507,484,79.4,73.8,0.38,0.65,0.50,0.74,0.05,-0.03,0.38,0.65,-5.64,-4.25,37.41,37.59,001,010,0,0,1951,1974,2016,1904,1997,1927,42.57,33.7,3350,52.344,83.75,1
2026-09-01T21:22:18.512,8.788,2,100,100,507,484,73.3,74.7,-0.40,-0.35,0.84,0.94,-0.04,-0.28,-0.40,-0.35,-6.04,-4.04,37.35,37.62,110,101,0,0,1972,1972,2028,1914,1953,1963,42.57,33.7,3351,52.359,83.78,1
2026-09-01T21:22:18.524,8.799,2,100,100,484,484,80.0,79.7,0.28,0.09,0.72,0.30,-0.41,-0.46,0.28,0.09,-5.80,-3.58,37.38,37.66,011,011,0,0,1956,1988,2008,1880,1983,1943,42.57,33.7,3350,52.344,83.75,1
2026-09-01T21:22:18.536,8.811,2,100,100,507,484,74.9,72.6,0.08,0.02,0.88,0.58,0.15,0.41,0.08,0.02,-6.17,-3.84,37.33,37.64,100,110,0,0,1969,1990,2012,1899,1967,1935,42.57,33.7,3351,52.359,83.78,1
2026-09-01T21:22:18.547,8.823,2,100,100,484,484,74.0,80.0,-0.11,-0.21,0.68,0.62,-0.57,-0.76,-0.11,-0.21,-5.71,-3.09,37.40,37.71,010,001,0,0,1956,1992,2004,1896,1984,1963,42.57,33.7,3351,52.359,83.78,1
2026-09-01T21:22:18.559,8.835,2,100,100,507,484,79.9,76.0,0.26,0.52,0.64,0.62,0.52,0.01,0.26,0.52,-6.12,-3.07,37.34,37.71,101,010,0,0,1955,1992,2002,1895,1987,1935,42.57,33.7,3350,52.344,83.75,1
2026-09-01T21:22:18.571,8.846,2,100,100,484,484,69.8,76.8,-0.45,-0.85,0.52,0.22,-0.27,0.17,-0.45,-0.85,-5.83,-3.56,37.38,37.67,010,101,0,0,1956,1984,2004,1878,1979,1959,42.57,33.7,3352,52.375,83.80,1
2026-09-01T21:22:18.583,8.858,2,100,100,484,484,80.0,79.7,0.13,0.06,0.32,0.62,0.59,0.20,0.13,0.06,-5.89,-3.87,37.36,37.63,001,011,0,0,1931,2010,1995,1883,1931,1951,42.57,33.7,3350,52.344,83.75,1
2026-09-01T21:22:18.596,8.871,2,100,100,484,484,71.6,78.3,-0.61,0.26,0.60,0.74,0.11,0.44,-0.61,0.26,-5.83,-4.30,37.38,37.59,110,110,0,0,1951,2001,2007,1903,1976,1935,42.57,33.7,3353,52.391,83.83,1
2026-09-01T21:22:18.606,8.881,2,100,100,484,484,79.9,72.3,0.15,-0.18,0.28,0.98,-0.23,-0.44,0.15,-0.18,-5.48,-4.20,37.43,37.60,011,101,0,0,1942,1983,2012,1914,1953,1971,42.57,33.7,3353,52.391,83.83,1
2026-09-01T21:22:18.618,8.893,2,100,100,484,484,74.6,78.0,0.05,0.50,0.88,0.56,0.15,-0.22,0.05,0.50,-5.76,-4.10,37.39,37.61,100,010,0,0,1968,2008,2058,1897,1991,1935,42.57,33.7,3349,52.328,83.72,1
2026-09-01T21:22:18.629,8.904,2,100,100,484,484,79.6,80.0,-0.44,-0.29,0.44,0.70,-0.15,0.35,-0.44,-0.29,-5.90,-4.59,37.37,37.55,010,100,0,0,1948,1983,2008,1902,1960,1952,42.57,33.7,3353,52.391,83.83,1
2026-09-01T21:22:18.641,8.917,2,100,100,484,484,72.0,76.6,0.36,-0.15,0.44,0.62,0.58,-0.64,0.36,-0.15,-6.24,-3.89,37.31,37.63,101,001,0,0,1945,2002,2028,1888,1986,1950,42.57,33.7,3350,52.344,83.75,1
2026-09-01T21:22:18.653,8.928,2,100,100,484,484,75.1,78.8,-0.45,0.20,0.90,0.58,-0.19,0.89,-0.45,0.00,-6.12,-4.32,37.34,37.59,110,110,0,0,1964,1990,2004,1880,1973,1997,42.57,33.7,3352,52.375,83.80,1
2026-09-01T21:22:18.664,8.940,2,100,100,484,484,80.0,75.7,0.40,-0.54,0.52,0.62,0.00,-0.44,0.40,-0.54,-6.05,-3.51,37.34,37.68,001,101,0,0,1948,1986,2008,1894,1971,1967,42.57,33.7,3353,52.391,83.83,1
2026-09-01T21:22:18.677,8.953,2,100,100,484,484,72.1,78.4,-0.78,0.36,0.36,0.42,0.43,-0.14,-0.78,0.36,-6.38,-3.20,37.29,37.70,110,010,0,0,1938,1982,2030,1880,1987,1927,42.57,33.5,3350,52.344,83.75,1
2026-09-01T21:22:18.688,8.963,2,100,100,484,484,79.9,79.7,0.01,-0.55,0.44,0.54,0.00,0.45,0.01,-0.55,-5.91,-3.47,37.37,37.67,011,100,0,0,1945,1991,1989,1889,1973,1969,42.57,33.5,3352,52.375,83.80,1
2026-09-01T21:22:18.699,8.975,2,92,92,484,484,71.8,76.3,-0.01,0.18,0.60,0.94,0.60,-0.95,-0.01,0.18,-6.48,-2.66,37.27,37.74,101,001,0,0,1956,1988,2002,1909,1995,1973,42.57,33.7,3350,52.344,83.75,1
2026-09-01T21:22:18.711,8.987,2,84,84,507,484,79.4,74.5,-0.12,0.46,0.80,0.46,-0.73,0.48,-0.12,0.46,-5.74,-3.86,37.39,37.63,010,110,0,0,1968,2016,2033,1892,1983,1951,42.57,33.7,3351,52.359,83.78,1
2026-09-01T21:22:18.723,8.998,2,77,77,507,484,74.5,79.4,0.32,-0.57,0.52,0.62,0.02,0.02,0.32,-0.57,-5.62,-3.99,37.41,37.62,101,101,0,0,1951,2042,2002,1895,1972,1958,42.57,33.7,3352,52.375,83.80,1
2026-09-01T21:22:18.734,9.009,2,72,72,484,484,79.6,79.9,-0.81,0.13,0.44,0.30,0.45,0.00,-0.81,0.13,-5.86,-3.94,37.38,37.63,110,011,0,0,1948,1975,2031,1882,1966,1951,42.57,33.7,3350,52.344,83.75,1
2026-09-01T21:22:18.747,9.022,2,68,68,484,484,71.0,78.9,0.33,0.11,0.54,0.58,-0.10,0.83,0.33,0.11,-5.50,-4.60,37.43,37.56,001,110,0,0,1949,1989,2003,1889,1976,1950,42.57,33.7,3410,53.281,85.25,1
2026-09-01T21:22:18.757,9.033,2,64,64,507,484,79.3,70.0,-0.19,-0.55,0.92,0.62,0.19,-0.42,-0.19,-0.55,-6.16,-4.18,37.33,37.61,100,001,0,0,1984,1997,1986,1896,1979,1967,42.57,33.7,3350,52.344,83.75,1
2026-09-01T21:22:18.769,9.044,2,61,61,484,484,75.8,79.6,0.20,0.67,0.86,0.74,-1.05,-0.24,0.20,0.70,-5.67,-3.77,37.41,37.55,011,010,0,0,1960,1988,1994,1904,1999,1933,42.57,33.7,3349,52.328,83.72,1
2026-09-01T21:22:18.781,9.056,2,59,59,507,484,78.5,78.4,0.16,-0.46,0.68,0.68,0.61,0.16,0.16,-0.46,-6.41,-4.05,37.29,37.62,101,100,0,0,1961,1978,2001,1900,1953,1963,42.57,33.7,3352,52.375,83.80,1
2026-09-01T21:22:18.793,9.068,2,57,57,484,484,77.2,73.9,-0.47,0.07,0.56,0.38,-0.47,-0.58,-0.37,0.07,-5.94,-3.09,37.36,37.71,010,011,0,0,1960,1995,2008,1881,1979,1945,42.57,33.7,3348,52.312,83.70,1
2026-09-01T21:22:18.804,9.080,2,56,56,507,484,72.6,79.3,0.43,0.07,0.52,0.46,0.06,0.45,0.43,0.07,-6.04,-3.28,37.32,37.66,001,110,0,0,1955,1972,2016,1889,1967,1947,42.54,33.7,3352,52.375,83.80,1
2026-09-01T21:22:18.816,9.091,2,55,55,484,484,80.0,72.3,-0.72,-0.43,0.50,0.54,0.16,-0.49,-0.72,-0.34,-6.23,-2.93,37.29,37.69,110,001,0,0,1949,1986,2018,1893,1975,1963,42.54,33.7,3349,52.328,83.72,1
2026-09-01T21:22:18.828,9.103,2,54,54,507,484,73.9,80.0,0.61,0.18,1.08,-0.06,-0.63,0.53,0.61,0.18,-5.62,-3.46,37.08,37.65,001,010,0,0,1979,1975,2039,1861,1976,1945,42.54,33.7,3349,52.328,83.72,1
2026-09-01T21:22:18.839,9.115,2,53,53,507,484,80.0,79.9,-0.19,-0.68,0.98,0.38,0.21,1.18,-0.19,-0.68,-6.05,-4.33,37.32,37.56,100,100,0,0,1969,2002,1994,1880,1993,1959,42.54,33.7,3352,52.375,83.80,1
2026-09-01T21:22:18.851,9.126,2,52,52,484,484,71.0,76.6,-0.15,-0.23,0.44,0.48,-0.49,-0.49,-0.15,-0.23,-5.55,-3.90,37.40,37.60,010,001,0,0,1945,1991,2011,1885,1985,1951,42.54,33.7,3408,53.250,85.20,1
2026-09-01T21:22:18.863,9.138,2,52,52,484,484,79.1,73.5,0.12,0.66,0.52,0.78,0.51,0.22,0.04,0.49,-5.96,-4.47,37.33,37.52,101,110,0,0,1954,1990,2008,1900,1977,2001,42.54,33.7,3351,52.359,83.78,1
2026-09-01T21:22:18.874,9.150,2,51,51,484,484,77.0,80.0,-0.56,-0.52,0.78,0.58,0.15,-0.22,-0.63,-0.52,-5.87,-4.54,37.35,37.53,010,101,0,0,1946,1924,2020,1902,1963,1961,42.54,33.7,3352,52.375,83.80,1
2026-09-01T21:22:18.886,9.161,2,51,51,484,484,78.3,77.1,0.24,0.83,0.20,1.08,0.49,-0.70,0.24,0.83,-6.15,-3.92,37.30,37.35,001,011,0,0,1944,2000,2006,1920,2002,1949,42.54,33.7,3350,52.344,83.75,1
2026-09-01T21:22:18.898,9.173,2,51,51,484,484,78.9,73.6,-0.45,-0.20,0.84,0.44,0.01,0.50,-0.45,-0.20,-6.23,-4.40,37.29,37.55,110,100,0,0,1981,1992,2004,1893,1971,1963,42.54,33.7,3351,52.359,83.78,1
2026-09-01T21:22:18.909,9.185,2,50,50,484,484,75.3,79.7,0.43,-0.15,0.68,0.82,-0.35,-0.60,0.43,-0.15,-5.91,-3.56,37.34,37.64,011,001,0,0,1956,1984,2018,1900,1988,1955,42.54,33.7,3350,52.344,83.75,1
2026-09-01T21:22:18.924,9.199,2,50,50,507,484,80.0,74.1,-0.43,0.50,0.48,0.58,0.52,0.00,-0.43,0.50,-6.41,-3.44,37.26,37.46,100,010,0,0,1949,2001,1990,1893,1987,1935,42.54,33.7,3350,52.344,83.75,1
2026-09-01T21:22:18.933,9.208,2,50,50,507,484,74.5,78.6,0.04,-0.87,0.80,0.22,-1.14,0.24,0.06,-0.84,-5.51,-3.51,37.40,37.64,011,101,0,0,1972,1972,1960,1879,1981,1958,42.54,33.7,3353,52.391,83.83,1
2026-09-01T21:22:18.945,9.220,2,50,50,507,484,79.3,79.8,0.40,0.16,1.00,0.30,0.23,-0.20,0.40,0.16,-6.15,-3.03,37.30,37.68,101,011,0,0,1979,1966,2006,1880,1975,1943,42.54,33.7,3350,52.344,83.75,1
2026-09-01T21:22:18.956,9.231,2,50,50,484,484,72.3,77.6,-0.55,-0.01,0.68,0.42,-0.31,0.76,-0.55,-0.01,-5.90,-3.94,37.35,37.60,010,110,0,0,1956,1990,2004,1886,1971,1946,42.54,33.7,3352,52.375,83.80,1
2026-09-01T21:22:18.968,9.243,2,50,50,507,484,79.4,73.1,0.33,-0.38,0.52,0.66,0.07,-0.41,0.31,-0.28,-5.61,-3.87,37.39,37.61,001,001,0,0,1951,1976,2010,1901,1971,1967,42.54,33.7,3349,52.328,83.72,1
2026-09-01T21:22:18.980,9.255,2,50,50,484,484,77.0,80.0,-0.69,0.54,0.62,0.56,-0.06,-0.10,-0.69,0.54,-5.80,-4.09,37.36,37.57,110,010,0,0,1953,1979,2032,1896,1991,1939,42.54,33.7,3349,52.328,83.72,1
2026-09-01T21:22:18.992,9.267,2,50,50,507,484,78.1,76.3,0.42,-0.66,0.62,0.48,-0.01,0.10,0.42,-0.66,-5.71,-4.55,37.37,37.53,001,101,0,0,1958,1984,2011,1891,1973,1959,42.54,33.7,3350,52.344,83.75,1
2026-09-01T21:22:19.003,9.279,2,50,50,484,484,78.1,79.8,-0.48,0.25,0.68,0.62,0.52,-0.36,-0.48,0.25,-6.44,-4.19,37.25,37.57,100,011,0,0,1956,1989,2016,1890,1971,1947,42.54,33.7,3350,52.344,83.75,1
2026-09-01T21:22:19.015,9.291,2,50,50,484,484,78.7,76.1,0.23,-0.12,0.92,0.38,-0.75,0.81,0.23,-0.12,-5.69,-4.74,37.38,37.51,011,110,0,0,1964,1988,2002,1884,1971,1951,42.54,33.7,3352,52.375,83.80,1
2026-09-01T21:22:19.027,9.302,2,50,50,507,484,70.4,75.7,0.00,-0.04,0.62,1.40,0.44,-0.60,0.00,-0.04,-6.40,-3.87,37.26,37.61,101,001,0,0,1963,1972,1996,1913,1987,1907,42.54,33.7,3349,52.328,83.72,1
2026-09-01T21:22:19.039,9.314,2,50,50,484,484,80.0,78.0,-0.19,0.65,0.72,0.68,-0.51,-0.26,-0.19,0.67,-5.89,-3.63,37.34,37.33,010,010,0,0,1962,1996,2012,1900,1999,1917,42.54,33.7,3351,52.359,83.78,1
2026-09-01T21:22:19.051,9.326,2,50,50,484,484,74.9,74.4,0.40,-0.78,0.62,0.38,0.31,0.01,0.31,-0.75,-6.18,-3.62,37.30,37.63,101,101,0,0,1975,2037,1996,1891,1981,1973,42.54,33.7,3350,52.344,83.75,1
2026-09-01T21:22:19.062,9.338,2,50,50,484,484,77.3,80.0,-0.65,0.15,0.50,0.34,-0.04,-0.26,-0.65,0.15,-6.29,-3.06,37.28,37.68,110,011,0,0,1952,1988,2005,1880,1971,1945,42.54,33.7,3350,52.344,83.75,1
2026-09-01T21:22:19.074,9.349,2,50,50,484,484,79.4,69.4,0.33,-0.12,0.76,0.54,0.22,0.48,0.33,-0.12,-5.93,-3.52,37.34,37.64,001,100,0,0,1948,2014,1979,1894,1990,1953,42.54,33.7,3348,52.312,83.70,1
2026-09-01T21:22:19.086,9.361,2,50,50,484,484,72.2,75.8,-0.49,-0.42,0.78,0.64,0.06,-0.41,-0.52,-0.39,-6.00,-3.89,37.33,37.60,100,001,0,0,1961,2010,2002,1891,1989,1939,42.54,33.7,3349,52.328,83.72,1
2026-09-01T21:22:19.098,9.373,2,50,50,507,484,77.2,78.3,0.29,0.53,0.44,0.54,-0.42,0.25,0.29,0.53,-5.44,-4.15,37.41,37.55,011,010,0,0,1950,1981,2024,1893,1988,1939,42.54,33.7,3350,52.344,83.75,1
2026-09-01T21:22:19.110,9.385,2,50,50,484,484,78.9,72.0,-0.45,-0.40,0.60,0.78,0.92,-0.08,-0.45,-0.40,-6.09,-4.44,37.28,37.55,100,101,0,0,1936,2007,2047,1908,1959,1963,42.54,33.7,3352,52.375,83.80,1
2026-09-01T21:22:19.121,9.397,2,50,50,484,484,70.8,79.4,0.00,0.03,0.68,0.30,-0.47,-0.06,0.00,0.03,-5.71,-4.18,37.37,37.57,011,011,0,0,1957,1996,1999,1875,1950,1951,42.54,33.7,3409,53.266,85.22,1
2026-09-01T21:22:19.133,9.408,2,50,50,507,484,79.2,76.1,0.08,0.03,0.52,0.54,0.60,0.57,0.08,0.03,-6.46,-4.64,37.25,37.52,101,110,0,0,1951,1993,2004,1889,1967,1935,42.54,33.7,3352,52.375,83.80,1
2026-09-01T21:22:19.147,9.422,2,50,50,507,484,76.3,75.7,-0.46,-0.10,0.68,1.10,-0.10,-0.68,-0.46,-0.10,-6.27,-3.77,37.28,37.62,010,001,0,0,1956,1988,2016,1912,1981,1945,42.54,33.7,3348,52.312,83.70,1
2026-09-01T21:22:19.157,9.432,2,50,50,484,484,79.0,79.7,0.47,0.47,0.66,0.38,0.08,-0.18,0.47,0.52,-6.11,-3.60,37.31,37.47,001,010,0,0,1953,1989,2012,1892,1995,1921,42.54,33.7,3350,52.344,83.75,1
2026-09-01T21:22:19.168,9.444,2,50,50,484,484,78.1,71.0,-0.56,-0.66,0.68,0.38,0.08,0.11,-0.56,-0.66,-6.24,-3.68,37.29,37.63,110,101,0,0,1960,1976,2029,1890,1973,1973,42.54,33.7,3472,54.250,86.80,1
2026-09-01T21:22:19.180,9.455,2,50,50,484,484,72.3,79.5,0.26,0.24,0.40,0.58,-0.26,-0.45,0.26,0.24,-5.94,-2.91,37.36,37.72,011,011,0,0,1948,1984,2010,1888,1970,1945,42.57,33.7,3350,52.344,83.75,1
2026-09-01T21:22:19.192,9.467,2,50,50,484,484,75.0,72.7,-0.57,-0.18,0.68,0.42,0.30,0.54,-0.57,-0.18,-6.31,-3.43,37.30,37.68,100,100,0,0,1955,1998,2002,1883,1999,1966,42.57,33.7,3351,52.359,83.78,1
2026-09-01T21:22:19.204,9.479,2,50,50,484,484,80.0,79.8,0.05,0.05,0.52,0.94,-0.16,-0.89,0.05,0.05,-5.63,-2.94,37.41,37.72,011,001,0,0,1944,1989,1983,1916,1975,1979,42.57,33.7,3352,52.375,83.80,1
2026-09-01T21:22:19.216,9.491,2,50,50,507,484,76.0,72.6,-0.07,0.46,0.58,0.50,0.23,0.17,-0.07,0.46,-5.82,-3.88,37.38,37.63,100,010,0,0,1964,1987,1991,1891,1986,1942,42.57,33.7,3349,52.328,83.72,1
2026-09-01T21:22:19.227,9.503,2,50,50,484,484,79.6,73.7,-0.56,-0.68,0.20,0.46,-0.05,0.60,-0.45,-0.71,-5.68,-4.55,37.40,37.56,010,101,0,0,1940,1981,2016,1892,1991,1935,42.57,33.7,3351,52.359,83.78,1
2026-09-01T21:22:19.239,9.514,2,50,50,484,484,78.0,80.0,0.41,0.32,0.74,0.54,0.67,-0.33,0.25,0.40,-6.04,-4.23,37.35,37.60,101,011,0,0,1957,2010,2006,1897,1983,1951,42.57,33.7,3349,52.328,83.72,1
2026-09-01T21:22:19.251,9.526,2,50,50,484,484,73.7,74.9,-0.62,-0.03,0.68,0.46,-0.17,0.66,-0.62,-0.03,-6.11,-4.68,37.34,37.54,110,110,0,0,1952,1993,2010,1888,1968,1948,42.57,33.7,3353,52.391,83.83,1
2026-09-01T21:22:19.262,9.538,2,50,50,507,484,80.0,75.9,0.46,-0.34,0.58,0.78,0.00,-0.51,0.46,-0.35,-6.00,-4.08,37.36,37.61,001,001,0,0,1955,1984,2016,1897,1983,1939,42.57,33.7,3349,52.328,83.72,1
2026-09-01T21:22:19.274,9.550,2,50,50,484,484,70.4,79.3,-0.63,0.74,0.50,0.74,0.14,-0.29,-0.63,0.74,-6.09,-3.82,37.34,37.30,100,010,0,0,1948,2005,2008,1908,2002,1923,42.57,33.7,3352,52.375,83.80,1
2026-09-01T21:22:19.286,9.561,2,50,50,507,484,79.4,73.8,0.33,-0.69,0.60,0.38,-0.35,0.30,0.33,-0.69,-5.80,-4.17,37.39,37.60,011,100,0,0,1954,1985,2018,1882,1971,1963,42.57,33.7,3353,52.391,83.83,1
2026-09-01T21:22:19.298,9.573,2,50,50,507,484,76.3,78.2,-0.13,0.32,0.64,0.82,0.44,-0.60,-0.13,0.32,-6.24,-3.21,37.32,37.63,100,011,0,0,1975,1995,1998,1901,1975,1949,42.57,33.7,3349,52.328,83.72,1
2026-09-01T21:22:19.310,9.585,2,50,50,507,484,74.4,76.8,-0.14,-0.07,1.00,0.46,-0.72,0.61,-0.14,-0.07,-5.78,-3.65,37.39,37.66,010,110,0,0,1954,1998,2037,1886,1968,1945,42.57,33.7,3353,52.391,83.83,1
2026-09-01T21:22:19.321,9.597,2,50,50,507,484,80.0,76.5,0.16,-0.28,0.44,0.70,0.65,-0.55,0.16,-0.28,-6.21,-3.04,37.32,37.71,101,001,0,0,1949,1993,2004,1899,1983,1963,42.57,33.7,3349,52.328,83.72,1
2026-09-01T21:22:19.333,9.608,2,50,50,507,484,69.4,80.0,-0.43,0.18,0.72,-0.02,-0.45,0.48,-0.43,0.18,-5.69,-3.57,37.40,37.66,110,010,0,0,1965,2012,1994,1872,1979,1939,42.57,33.7,3342,52.219,83.55,1
2026-09-01T21:22:19.345,9.620,2,50,50,484,484,79.6,75.1,0.39,-0.75,0.52,0.36,0.08,0.77,0.39,-0.75,-5.60,-4.31,37.42,37.59,001,100,0,0,1963,1986,2002,1885,1987,1965,42.57,33.7,3352,52.375,83.80,1
2026-09-01T21:22:19.357,9.632,2,50,50,484,463,77.1,74.4,-0.86,0.02,0.36,0.52,0.14,-0.53,-0.86,0.02,-5.99,-3.88,37.36,37.63,110,011,0,0,1949,1994,2008,1883,1933,1947,42.57,33.7,3348,52.312,83.70,1
2026-09-01T21:22:19.368,9.643,2,50,50,484,484,78.4,79.5,0.29,0.19,0.52,0.46,-0.17,1.06,0.29,0.19,-5.92,-4.84,37.37,37.52,011,110,0,0,1956,1988,2010,1884,1977,1968,42.57,33.7,3352,52.375,83.80,1
2026-09-01T21:22:19.380,9.655,2,50,50,484,484,78.2,76.4,-0.08,-0.56,1.00,0.62,0.45,-0.34,-0.08,-0.56,-6.44,-4.20,37.28,37.60,100,101,0,0,1960,2004,2036,1896,1973,1967,42.57,33.7,3351,52.359,83.78,1
2026-09-01T21:22:19.392,9.668,2,50,50,484,484,78.7,79.8,0.11,0.47,0.68,0.62,-0.74,0.06,0.11,0.47,-5.63,-4.18,37.41,37.56,011,010,0,0,1956,1984,2002,1892,1979,1943,42.57,33.7,3350,52.344,83.75,1
2026-09-01T21:22:19.404,9.679,2,50,50,507,484,74.0,73.9,0.11,-0.49,0.76,0.70,0.41,-0.27,0.11,-0.49,-6.31,-4.08,37.30,37.63,101,100,0,0,1964,1976,2000,1902,1938,1995,42.57,33.7,3353,52.391,83.83,1
2026-09-01T21:22:19.416,9.691,2,50,50,484,484,79.8,77.6,-0.45,0.20,0.60,0.70,-0.40,-0.48,-0.40,0.22,-5.96,-3.38,37.36,37.68,010,011,0,0,1952,1984,2018,1892,1967,1947,42.57,33.7,3350,52.344,83.75,1
2026-09-01T21:22:19.427,9.703,2,50,50,484,484,70.2,76.8,0.45,0.19,0.56,0.70,0.40,0.40,0.45,0.19,-6.20,-3.61,37.32,37.66,001,110,0,0,1948,2003,2012,1902,1970,1937,42.57,33.7,3353,52.391,83.83,1
2026-09-01T21:22:19.439,9.714,2,50,50,484,484,78.9,75.2,-0.85,-0.48,0.42,0.84,0.29,-0.41,-0.85,-0.48,-6.38,-2.95,37.29,37.72,110,001,0,0,1949,1985,2024,1889,2001,1895,42.57,33.7,3349,52.328,83.72,1
2026-09-01T21:22:19.451,9.726,2,50,50,484,484,74.7,80.0,0.44,0.42,0.52,0.22,-0.19,0.00,0.47,0.42,-5.82,-3.21,37.38,37.70,001,010,0,0,1959,1984,2012,1883,1987,1931,42.57,33.7,3349,52.328,83.72,1
2026-09-01T21:22:19.463,9.738,2,50,50,507,463,74.4,74.8,-0.34,-0.92,0.84,0.10,-0.04,1.03,-0.34,-0.92,-5.80,-4.26,37.39,37.59,100,100,0,0,1972,2028,1976,1870,2004,1943,42.57,33.7,3352,52.375,83.80,1
2026-09-01T21:22:19.474,9.750,2,50,50,507,463,80.0,76.5,0.14,0.09,0.44,0.82,-0.41,-0.21,0.14,0.04,-5.46,-3.64,37.44,37.66,011,011,0,0,1952,1984,2016,1888,1903,1953,42.57,33.7,3349,52.328,83.72,1
2026-09-01T21:22:19.486,9.761,2,50,50,484,463,72.2,79.6,-0.41,-0.28,0.32,0.14,1.14,1.78,-0.41,-0.28,-6.45,-4.75,37.28,37.53,101,110,0,0,1944,1997,2007,1868,1991,2000,42.57,33.7,3353,52.391,83.83,1
2026-09-01T21:22:19.498,9.773,2,50,50,507,484,79.7,73.8,-0.28,-0.50,0.52,0.62,-0.42,-0.36,-0.28,-0.50,-6.05,-4.24,37.36,37.60,010,101,0,0,1962,2001,2020,1900,1970,1962,42.57,33.7,3353,52.391,83.83,1
2026-09-01T21:22:19.509,9.785,2,50,50,507,484,71.5,73.2,0.68,0.32,0.96,0.34,0.09,-0.07,0.68,0.32,-6.12,-4.07,37.23,37.61,101,010,0,0,1976,1972,2025,1880,1977,1947,42.57,33.7,3405,53.203,85.12,1
2026-09-01T21:22:19.521,9.796,2,50,50,484,484,79.4,80.0,-0.98,-0.24,0.18,0.62,0.67,0.29,-0.98,-0.24,-6.54,-4.37,37.26,37.58,110,100,0,0,1936,1954,2036,1905,1961,1951,42.57,33.7,3352,52.375,83.80,1
2026-09-01T21:22:19.532,9.808,2,50,50,507,484,71.4,79.2,0.48,-0.44,0.68,0.46,-0.41,-0.17,0.48,-0.44,-5.84,-3.76,37.38,37.65,001,001,0,0,1967,1978,2030,1884,1993,1945,42.57,33.7,3408,53.250,85.20,1
2026-09-01T21:22:19.544,9.819,2,50,50,484,484,79.4,74.0,-0.37,0.49,0.60,0.58,0.42,0.10,-0.37,0.49,-6.33,-3.54,37.30,37.55,100,110,0,0,1955,1994,2014,1895,1986,1939,42.57,33.7,3351,52.359,83.78,1
2026-09-01T21:22:19.556,9.831,2,50,50,484,484,77.8,79.7,0.18,-0.70,0.92,0.54,-0.93,-0.27,0.18,-0.70,-5.31,-3.30,37.46,37.69,011,101,0,0,1958,1986,2001,1888,1977,1959,42.57,33.7,3352,52.375,83.80,1
2026-09-01T21:22:19.567,9.843,2,50,50,507,484,75.5,73.4,0.08,0.25,0.68,0.30,0.46,-0.21,0.08,0.25,-6.17,-2.86,37.33,37.73,101,010,0,0,1962,1968,1997,1880,1975,1944,42.57,33.7,3351,52.359,83.78,1
2026-09-01T21:22:19.579,9.855,2,50,50,507,484,79.8,78.6,-0.33,-0.57,0.64,0.42,-0.60,0.71,-0.26,-0.57,-5.68,-3.60,37.40,37.66,010,100,0,0,1956,2002,2022,1880,1983,1967,42.57,33.7,3352,52.375,83.80,1
2026-09-01T21:22:19.592,9.867,2,50,50,507,484,71.1,79.7,0.52,-0.30,0.80,0.54,-0.03,-0.43,0.52,-0.30,-5.64,-3.35,37.34,37.68,001,001,0,0,1960,2080,2002,1893,1983,1954,42.57,33.7,3349,52.328,83.72,1
2026-09-01T21:22:19.603,9.878,2,50,50,484,484,76.4,76.0,-0.75,0.46,0.38,0.60,0.00,0.58,-0.75,0.46,-5.93,-4.20,37.36,37.60,110,110,0,0,1948,1988,2012,1896,1981,1951,42.57,33.7,3351,52.359,83.78,1
2026-09-01T21:22:19.619,9.894,2,50,50,484,484,79.4,79.9,0.32,-0.56,0.52,0.60,0.31,-0.14,0.32,-0.56,-5.96,-4.16,37.33,37.58,001,101,0,0,1940,2020,1972,1900,1970,1959,42.54,33.7,3353,52.391,83.83,1
2026-09-01T21:22:19.627,9.902,2,50,50,484,484,69.9,73.8,-0.72,0.30,0.42,0.38,0.51,0.08,-0.72,0.30,-6.59,-4.25,37.23,37.57,100,011,0,0,1947,1988,2014,1883,1971,1949,42.54,33.7,3409,53.266,85.22,1
2026-09-01T21:22:19.638,9.914,2,50,50,484,484,79.6,77.3,0.15,-0.08,0.50,0.78,-0.33,0.45,0.15,-0.08,-5.96,-4.40,37.33,37.55,011,100,0,0,1948,1984,2008,1900,1981,1951,42.54,33.7,3351,52.359,83.78,1
2026-09-01T21:22:19.650,9.925,2,50,50,507,484,75.0,80.0,0.18,-0.22,1.08,0.78,0.08,-0.53,0.18,-0.22,-6.27,-3.80,37.28,37.61,100,001,0,0,1983,2004,2002,1897,2002,1956,42.54,33.7,3350,52.344,83.75,1
2026-09-01T21:22:19.662,9.937,2,50,50,484,484,78.3,70.5,-0.24,0.66,0.48,0.72,-0.41,-0.08,-0.24,0.66,-5.96,-3.57,37.34,37.27,010,010,0,0,1952,1988,2016,1904,1995,1929,42.54,33.7,3344,52.250,83.60,1
2026-09-01T21:22:19.674,9.949,2,50,50,507,484,79.6,79.2,0.29,-0.62,0.58,0.62,0.60,-0.23,0.29,-0.62,-6.40,-3.43,37.26,37.65,101,101,0,0,1952,1992,2004,1894,1967,1963,42.54,33.7,3353,52.391,83.83,1
2026-09-01T21:22:19.685,9.961,2,50,50,484,484,70.4,77.0,-0.36,0.26,0.92,0.34,-0.31,-0.22,-0.36,0.26,-6.13,-3.03,37.31,37.65,110,011,0,0,1975,1991,1995,1883,1979,1941,42.54,33.7,3406,53.219,85.15,1
2026-09-01T21:22:19.698,9.973,2,50,50,484,484,70.0,79.7,0.38,-0.56,0.62,0.46,0.29,0.46,0.38,-0.56,-6.03,-3.43,37.32,37.65,001,100,0,0,1954,1999,2012,1887,1972,1970,42.54,33.7,3353,52.391,83.83,1
2026-09-01T21:22:19.709,9.985,2,50,50,507,484,77.9,70.3,-0.77,0.37,0.44,0.90,-0.09,-0.99,-0.77,0.37,-5.86,-2.72,37.35,37.71,110,001,0,0,1952,2003,2015,1910,1942,1934,42.54,33.7,3345,52.266,83.62,1
2026-09-01T21:22:19.721,9.997,2,50,50,484,484,78.7,79.1,0.39,0.56,0.52,0.70,-0.06,0.29,0.37,0.52,-5.75,-3.91,37.37,37.51,001,110,0,0,1946,1992,2000,1910,1989,1929,42.54,33.7,3353,52.391,83.83,1
2026-09-01T21:22:19.733,10.008,2,50,50,484,484,76.2,79.9,-0.63,-0.51,0.52,0.74,0.45,-0.17,-0.63,-0.51,-6.29,-4.07,37.28,37.59,100,101,0,0,1948,1992,2012,1902,1962,1962,42.54,33.7,3353,52.391,83.83,1
2026-09-01T21:22:19.745,10.020,2,50,50,484,484,79.9,69.8,0.23,0.34,0.60,0.38,-0.49,-0.13,0.23,0.34,-5.84,-4.07,37.35,37.59,011,011,0,0,1952,1988,2002,1884,1980,1943,42.54,33.7,3350,52.344,83.75,1
2026-09-01T21:22:19.757,10.032,2,50,50,484,484,70.6,76.4,0.00,-0.25,0.70,0.48,0.49,0.72,0.00,-0.25,-6.59,-4.64,37.23,37.52,100,100,0,0,1963,1983,2003,1879,1992,1965,42.54,33.7,3408,53.250,85.20,1
2026-09-01T21:22:19.768,10.044,2,50,50,507,484,79.2,79.6,-0.30,-0.16,0.52,0.70,-0.45,-0.57,-0.30,-0.16,-6.28,-4.02,37.28,37.59,010,001,0,0,1956,1993,2016,1898,1984,1958,42.54,33.7,3351,52.359,83.78,1
2026-09-01T21:22:19.780,10.055,2,50,50,507,484,74.9,71.8,0.47,0.79,0.96,0.94,-0.11,-0.24,0.47,0.79,-6.13,-3.72,37.31,37.14,101,010,0,0,1962,2008,2008,1911,2000,1915,42.54,33.7,3350,52.344,83.75,1
2026-09-01T21:22:19.793,10.069,2,50,50,507,484,76.3,77.8,-0.56,-0.55,0.46,0.64,-0.30,-0.54,-0.56,-0.55,-6.26,-3.65,37.29,37.64,010,101,0,0,1948,1993,2018,1898,1953,1984,42.54,33.7,3352,52.375,83.80,1
2026-09-01T21:22:19.804,10.079,2,50,50,484,484,79.5,69.6,0.28,0.39,0.34,0.46,0.36,-0.30,0.28,0.39,-6.36,-3.17,37.27,37.60,001,010,0,0,1942,1999,2007,1888,1981,1943,42.54,33.7,3350,52.344,83.75,1
2026-09-01T21:22:19.816,10.091,2,50,50,484,484,78.2,79.7,-0.61,-0.45,0.84,0.38,-0.20,0.62,-0.55,-0.54,-6.18,-3.69,37.30,37.63,110,100,0,0,1968,1994,2000,1884,1981,1957,42.54,33.7,3351,52.359,83.78,1
2026-09-01T21:22:19.827,10.102,2,50,50,484,484,76.6,77.3,0.16,0.05,0.44,0.82,0.00,-0.92,0.16,0.05,-5.74,-2.75,37.37,37.70,011,001,0,0,1946,1986,2001,1904,1995,1969,42.54,33.7,3350,52.344,83.75,1
2026-09-01T21:22:19.839,10.114,2,50,50,507,484,80.0,74.0,-0.14,0.40,1.00,0.46,0.12,0.16,-0.14,0.40,-5.81,-3.26,37.37,37.65,100,110,0,0,1969,1996,1984,1883,1975,1995,42.54,33.7,3351,52.359,83.78,1
2026-09-01T21:22:19.850,10.126,2,50,50,484,484,70.8,79.3,-0.32,-0.72,0.12,0.38,-0.14,0.15,-0.32,-0.72,-5.60,-3.87,37.39,37.61,011,101,0,0,1940,1990,2028,1882,1985,1959,42.54,33.7,3354,52.406,83.85,1
2026-09-01T21:22:19.862,10.138,2,50,50,484,463,79.4,78.8,-0.05,0.23,0.36,0.40,1.08,0.20,-0.05,0.23,-6.41,-4.07,37.26,37.59,101,011,0,0,1945,2002,2006,1883,1949,1963,42.54,33.7,3350,52.344,83.75,1
2026-09-01T21:22:19.874,10.149,2,50,50,507,484,77.3,72.2,-0.33,-0.21,0.84,0.38,-0.52,0.74,-0.33,-0.21,-6.02,-4.75,37.32,37.51,010,100,0,0,1968,2004,2007,1888,1971,1947,42.54,33.7,3350,52.344,83.75,1
2026-09-01T21:22:19.886,10.161,2,50,50,484,484,76.2,79.8,0.34,-0.34,0.32,0.60,0.57,-0.29,0.34,-0.34,-6.31,-4.19,37.28,37.57,001,001,0,0,1945,2010,2010,1893,1979,1947,42.54,33.7,3350,52.344,83.75,1
2026-09-01T21:22:19.898,10.173,2,50,50,484,484,79.5,69.3,-0.84,0.65,0.36,0.70,0.05,-0.04,-0.84,0.65,-6.26,-3.88,37.29,37.41,110,010,0,0,1944,1995,2018,1900,1978,1945,42.54,33.7,3426,53.531,85.65,1
2026-09-01T21:22:19.909,10.185,2,50,50,507,484,74.7,77.9,0.49,-0.51,0.68,0.78,-0.41,-0.47,0.52,-0.39,-5.92,-3.83,37.33,37.61,001,101,0,0,1957,2007,1981,1909,1946,1964,42.54,33.7,3353,52.391,83.83,1
2026-09-01T21:22:19.921,10.197,2,50,50,484,484,78.0,78.7,-0.63,0.21,0.28,0.30,0.73,-0.30,-0.63,0.21,-6.63,-3.30,37.22,37.64,100,011,0,0,1945,1996,2012,1885,1981,1943,42.54,33.7,3350,52.344,83.75,1
2026-09-01T21:22:19.933,10.208,2,50,50,507,484,79.4,74.1,0.36,0.05,0.96,0.78,-0.83,0.26,0.36,0.05,-5.67,-3.38,37.38,37.65,011,100,0,0,1966,1986,2016,1896,1990,1959,42.54,33.7,3351,52.359,83.78,1
2026-09-01T21:22:19.945,10.220,2,50,50,507,484,72.5,79.9,0.06,-0.39,0.76,0.54,0.32,-0.44,0.06,-0.39,-6.05,-3.08,37.32,37.68,101,001,0,0,1966,1968,1996,1886,1994,1947,42.54,33.7,3350,52.344,83.75,1
2026-09-01T21:22:19.956,10.232,2,50,50,484,484,78.7,77.0,-0.58,0.49,0.52,0.54,-0.11,0.02,-0.58,0.49,-5.66,-3.15,37.37,37.59,010,010,0,0,1936,1960,2020,1892,1995,1927,42.54,33.7,3350,52.344,83.75,1
2026-09-01T21:22:19.968,10.243,2,50,50,507,463,70.8,73.3,0.70,-0.98,1.12,0.04,-0.23,1.08,0.70,-0.98,-5.73,-4.44,37.21,37.55,001,100,0,0,1979,1953,2036,1869,2011,1931,42.54,33.7,3417,53.391,85.42,1
2026-09-01T21:22:19.980,10.255,2,50,50,507,463,80.0,77.6,-0.76,0.26,0.32,0.76,0.09,-0.31,-0.76,0.26,-6.24,-3.66,37.30,37.62,110,011,0,0,1944,2000,2016,1892,1945,1959,42.54,33.7,3350,52.344,83.75,1
2026-09-01T21:22:19.992,10.267,2,50,50,484,484,70.5,80.0,0.39,0.06,0.60,0.38,-0.23,0.95,0.39,0.06,-6.06,-4.51,37.32,37.54,001,110,0,0,1953,2016,1974,1885,1969,1949,42.54,33.7,3352,52.375,83.80,1
2026-09-01T21:22:20.004,10.279,2,50,50,484,484,70.0,78.1,-0.43,-0.24,0.76,0.74,0.11,-0.56,-0.43,-0.24,-6.48,-4.15,37.25,37.58,100,001,0,0,1965,1989,2003,1905,1973,1968,42.54,33.7,3350,52.344,83.75,1
2026-09-01T21:22:20.015,10.290,2,50,50,484,484,80.0,79.9,0.27,0.48,0.64,0.46,-0.40,-0.01,0.27,0.48,-6.13,-4.10,37.31,37.52,011,010,0,0,1956,1986,2016,1892,1990,1935,42.54,33.7,3350,52.344,83.75,1
2026-09-01T21:22:20.027,10.302,2,50,50,507,484,75.1,72.3,0.03,-0.26,0.60,0.78,0.26,-0.02,0.03,-0.26,-6.44,-4.13,37.25,37.58,101,100,0,0,1960,1994,2023,1909,1955,1961,42.54,33.7,3352,52.375,83.80,1
2026-09-01T21:22:20.039,10.314,2,50,50,507,484,76.9,78.5,-0.18,0.11,0.60,0.34,-0.75,-0.60,-0.05,0.17,-5.85,-3.39,37.35,37.65,010,011,0,0,1964,2006,2032,1880,1987,1943,42.54,33.7,3350,52.344,83.75,1
2026-09-01T21:22:20.051,10.326,2,50,50,507,484,79.6,76.7,0.19,0.06,0.36,0.60,0.63,0.40,0.19,0.06,-6.36,-3.74,37.27,37.62,101,110,0,0,1961,2000,1998,1897,1971,1951,42.54,33.7,3352,52.375,83.80,1
2026-09-01T21:22:20.062,10.338,2,50,50,507,484,71.4,76.4,-0.51,-0.22,0.52,0.62,-0.49,-0.75,-0.37,-0.14,-5.80,-2.94,37.36,37.69,010,001,0,0,1959,2011,1999,1903,1972,1971,42.54,33.5,3350,52.344,83.75,1
2026-09-01T21:22:20.074,10.349,2,50,50,484,484,80.1,79.9,0.40,0.46,0.52,0.46,0.00,-0.12,0.40,0.46,-5.61,-3.06,37.39,37.60,001,010,0,0,1950,1989,2008,1888,1995,1925,42.54,33.7,3350,52.344,83.75,1
2026-09-01T21:22:20.085,10.361,2,50,50,507,463,73.1,78.1,-0.48,-0.93,0.84,0.10,-0.23,1.14,-0.48,-0.93,-5.78,-3.99,37.36,37.60,100,100,0,0,1967,1979,2021,1871,1993,1948,42.54,33.7,3352,52.375,83.80,1
2026-09-01T21:22:20.098,10.373,2,50,50,484,463,71.5,79.9,0.43,-0.12,0.68,0.26,-0.16,0.67,0.43,-0.12,-5.73,-4.18,37.37,37.57,001,011,0,0,1963,1987,2007,1867,1908,1961,42.54,33.7,3351,52.359,83.78,1
2026-09-01T21:22:20.110,10.385,2,50,50,484,484,78.8,73.7,-0.48,0.14,0.52,0.76,0.60,0.46,-0.48,0.14,-6.51,-4.34,37.24,37.56,100,110,0,0,1955,1994,2028,1904,1967,1927,42.54,33.7,3352,52.375,83.80,1
2026-09-01T21:22:20.121,10.397,2,50,50,484,484,78.0,75.9,0.27,-0.39,1.02,0.70,-0.74,-0.33,0.27,-0.45,-5.88,-4.08,37.34,37.58,011,001,0,0,1964,1991,1997,1892,1989,1931,42.54,33.7,3348,52.312,83.70,1
2026-09-01T21:22:20.133,10.408,2,50,50,507,484,75.3,79.9,0.04,0.51,0.44,0.42,0.45,-0.08,0.04,0.51,-6.41,-4.06,37.26,37.52,101,010,0,0,1956,1973,2000,1892,1991,1936,42.54,33.7,3350,52.344,83.75,1
2026-09-01T21:22:20.145,10.420,2,50,50,484,484,79.4,75.0,-0.35,-0.42,0.64,0.78,-0.42,0.10,-0.35,-0.42,-6.00,-4.40,37.33,37.55,010,100,0,0,1948,1987,2026,1896,1959,1957,42.54,33.7,3353,52.391,83.83,1
2026-09-01T21:22:20.156,10.432,2,50,50,484,484,70.1,75.6,0.49,0.20,0.68,0.72,0.28,-0.83,0.49,0.20,-6.10,-3.58,37.31,37.64,001,011,0,0,1956,1996,2010,1894,1962,1950,42.54,33.7,3349,52.328,83.72,1
2026-09-01T21:22:20.168,10.444,2,50,50,484,484,79.0,79.5,-0.71,-0.19,0.50,0.30,0.00,1.32,-0.71,-0.19,-6.14,-4.39,37.31,37.55,110,110,0,0,1949,1988,2016,1876,1972,1970,42.54,33.7,3352,52.375,83.80,1
2026-09-01T21:22:20.180,10.455,2,50,50,507,484,72.9,75.8,0.42,-0.55,0.66,0.62,-0.40,-0.48,0.42,-0.55,-5.57,-3.42,37.39,37.65,001,101,0,0,1961,2011,1983,1895,1969,1967,42.54,33.7,3410,53.281,85.25,1
2026-09-01T21:22:20.192,10.467,2,50,50,484,484,73.2,78.7,-0.50,0.40,0.84,0.44,0.00,0.00,-0.50,0.40,-5.90,-3.11,37.34,37.66,100,010,0,0,1962,2001,2000,1885,1981,1939,42.54,33.7,3350,52.344,83.75,1
2026-09-01T21:22:20.204,10.479,2,50,50,484,484,77.7,74.2,0.32,-0.93,0.56,0.26,-0.38,0.41,0.39,-0.88,-5.49,-3.43,37.41,37.65,011,101,0,0,1953,1988,2016,1877,1981,1953,42.54,33.7,3351,52.359,83.78,1
2026-09-01T21:22:20.215,10.491,2,50,50,484,463,76.0,78.3,-0.08,-0.20,0.68,0.56,0.39,0.66,-0.08,-0.28,-5.91,-3.64,37.34,37.63,100,011,0,0,1964,2003,2032,1879,1864,1954,42.54,33.7,3349,52.328,83.72,1
2026-09-01T21:22:20.227,10.502,2,50,50,484,484,78.3,79.1,-0.67,0.45,0.08,0.94,0.10,0.36,-0.67,0.45,-5.99,-4.01,37.33,37.59,010,110,0,0,1928,1978,2017,1916,1985,1925,42.54,33.7,3352,52.375,83.80,1
2026-09-01T21:22:20.239,10.514,2,50,50,507,484,76.4,75.2,0.36,-0.60,0.48,0.58,0.61,-0.14,0.36,-0.60,-6.44,-4.18,37.25,37.57,101,101,0,0,1948,2002,2009,1892,1974,1957,42.54,33.7,3351,52.359,83.78,1
2026-09-01T21:22:20.250,10.526,2,50,50,484,484,76.3,76.0,-0.42,0.38,0.96,0.36,-0.22,-0.07,-0.42,0.42,-6.20,-4.16,37.29,37.57,110,010,0,0,1976,1996,2021,1880,1985,1951,42.54,33.7,3349,52.328,83.72,1
2026-09-01T21:22:20.262,10.537,2,50,50,484,484,79.7,79.8,0.52,-0.37,0.80,0.62,-0.13,0.34,0.52,-0.37,-6.12,-4.76,37.24,37.51,001,100,0,0,1956,1986,2010,1896,1962,1963,42.54,33.7,3352,52.375,83.80,1
2026-09-01T21:22:20.274,10.549,2,50,50,484,484,70.4,70.9,-0.52,0.21,0.60,0.78,0.22,-1.00,-0.52,0.21,-6.45,-3.87,37.25,37.61,100,001,0,0,1963,1991,2011,1907,1999,1969,42.54,33.7,3345,52.266,83.62,1
2026-09-01T21:22:20.286,10.561,2,50,50,484,484,79.0,78.8,0.03,0.24,0.58,0.70,0.03,0.74,0.03,0.05,-6.16,-4.46,37.30,37.54,011,110,0,0,1945,1987,1996,1885,1973,1985,42.54,33.7,3352,52.375,83.80,1
2026-09-01T21:22:20.298,10.573,2,50,50,507,484,80.0,71.1,-0.09,-0.35,0.96,0.76,0.10,-0.76,-0.09,-0.35,-6.34,-3.53,37.27,37.64,100,101,0,0,1976,1992,1978,1908,1947,1987,42.54,33.7,3346,52.281,83.65,1
2026-09-01T21:22:20.309,10.585,2,50,50,507,484,74.3,79.0,0.19,0.41,1.00,0.38,-1.35,-0.13,0.19,0.41,-5.32,-3.36,37.43,37.56,011,010,0,0,1979,1979,1971,1883,1982,1937,42.54,33.7,3351,52.359,83.78,1
2026-09-01T21:22:20.321,10.597,2,50,50,507,484,76.9,76.7,0.02,-0.76,0.52,0.30,0.50,0.52,0.02,-0.76,-5.97,-3.70,37.33,37.63,101,100,0,0,1956,1980,1998,1881,1983,1955,42.54,33.7,3352,52.375,83.80,1
2026-09-01T21:22:20.333,10.608,2,50,50,484,484,78.7,79.0,-0.56,0.22,0.52,0.70,-0.09,-0.43,-0.56,0.22,-5.74,-2.90,37.37,37.70,010,011,0,0,1944,1964,2025,1892,1963,1951,42.54,33.7,3349,52.328,83.72,1
2026-09-01T21:22:20.345,10.620,2,50,50,507,484,72.7,80.1,0.52,0.11,0.64,0.42,0.06,0.79,0.52,0.11,-5.84,-3.70,37.31,37.63,001,110,0,0,1959,1971,2032,1882,1971,1958,42.54,33.7,3352,52.375,83.80,1
2026-09-01T21:22:20.356,10.631,2,50,50,484,484,76.2,79.6,-0.42,-0.70,0.84,0.50,-0.01,-0.08,-0.42,-0.70,-6.15,-3.83,37.30,37.62,110,101,0,0,1960,1971,2052,1892,1978,1958,42.54,33.7,3351,52.359,83.78,1
2026-09-01T21:22:20.367,10.643,2,50,50,484,463,79.0,77.2,0.00,0.22,0.30,0.34,0.21,0.27,0.00,0.22,-6.06,-4.11,37.32,37.58,011,011,0,0,1959,1992,1972,1886,1951,1971,42.54,33.7,3350,52.344,83.75,1
2026-09-01T21:22:20.379,10.655,2,50,50,507,484,79.0,75.0,0.00,-0.11,0.92,0.62,0.14,0.65,-0.02,-0.28,-6.25,-4.51,37.29,37.54,100,100,0,0,1975,1984,1985,1891,1991,1959,42.54,33.7,3351,52.359,83.78,1
2026-09-01T21:22:20.391,10.667,2,50,50,484,484,77.4,79.4,-0.54,-0.41,0.42,0.62,0.03,-0.27,-0.54,-0.35,-6.06,-4.22,37.32,37.57,010,001,0,0,1936,1983,2012,1890,1979,1944,42.54,33.7,3352,52.375,83.80,1
2026-09-01T21:22:20.403,10.679,2,50,50,507,484,74.0,74.7,-0.01,0.34,0.56,0.38,0.50,0.29,-0.01,0.34,-6.28,-4.26,37.28,37.57,101,110,0,0,1960,1976,1997,1881,1971,2003,42.54,33.7,3351,52.359,83.78,1
2026-09-01T21:22:20.415,10.690,2,50,50,507,484,79.0,80.0,-0.44,-0.22,0.44,1.12,-0.33,-0.68,-0.44,-0.13,-5.95,-3.67,37.34,37.63,010,101,0,0,1952,1994,2019,1926,1939,1983,42.54,33.7,3352,52.375,83.80,1
2026-09-01T21:22:20.426,10.702,2,50,50,484,484,76.4,77.8,0.17,0.17,0.20,0.30,0.52,-0.16,0.17,0.17,-6.10,-3.61,37.31,37.63,001,011,0,0,1940,1995,2006,1878,1979,1943,42.54,33.7,3350,52.344,83.75,1
2026-09-01T21:22:20.438,10.714,2,50,50,507,484,80.0,75.6,-0.62,0.13,0.66,0.96,-0.27,0.40,-0.57,-0.02,-5.74,-3.60,37.37,37.63,110,100,0,0,1960,2000,2002,1908,1983,1947,42.54,33.7,3353,52.391,83.83,1
2026-09-01T21:22:20.450,10.725,2,50,50,484,484,71.1,80.0,0.22,-0.26,0.40,0.66,-0.14,-0.55,0.22,-0.26,-5.43,-3.13,37.42,37.68,001,001,0,0,1960,1986,2000,1896,1997,1957,42.54,33.7,3351,52.359,83.78,1
2026-09-01T21:22:20.462,10.737,2,50,50,507,484,79.3,71.3,-0.43,0.56,0.50,0.56,0.38,-0.05,-0.43,0.56,-5.97,-3.20,37.33,37.58,100,010,0,0,1952,2000,2004,1896,1997,1926,42.54,33.7,3345,52.266,83.62,1
2026-09-01T21:22:20.474,10.749,2,50,50,507,484,77.2,78.2,-0.01,-0.89,0.44,0.26,-0.30,0.75,-0.01,-0.89,-5.80,-4.39,37.36,37.55,011,101,0,0,1948,1992,2004,1881,1983,1951,42.54,33.7,3351,52.359,83.78,1
2026-09-01T21:22:20.485,10.760,2,50,50,507,463,73.9,79.7,0.03,0.09,0.74,0.46,0.49,0.51,0.03,0.09,-6.41,-4.12,37.26,37.58,101,011,0,0,1975,1988,1993,1889,1927,1967,42.54,33.7,3350,52.344,83.75,1
2026-09-01T21:22:20.497,10.773,2,50,50,484,484,79.9,73.6,-0.16,-0.11,0.68,0.42,-0.50,0.44,-0.16,-0.11,-5.96,-4.43,37.33,37.55,010,100,0,0,1964,1994,2012,1885,1999,1963,42.54,33.7,3351,52.359,83.78,1
2026-09-01T21:22:20.509,10.784,2,50,50,484,484,71.8,78.9,0.50,-0.41,0.68,0.58,0.17,-0.21,0.50,-0.41,-6.07,-4.31,37.31,37.56,101,001,0,0,1958,1988,2026,1886,1981,1939,42.54,33.7,3351,52.359,83.78,1
2026-09-01T21:22:20.521,10.796,2,50,50,484,484,78.3,77.3,-0.74,0.57,0.42,0.62,-0.04,0.04,-0.74,0.57,-6.12,-4.26,37.31,37.50,110,010,0,0,1944,1992,2016,1896,1992,1931,42.54,33.7,3350,52.344,83.75,1
2026-09-01T21:22:20.532,10.808,2,50,50,507,484,78.9,74.8,0.43,-0.30,0.52,0.94,-0.14,-0.18,0.50,-0.28,-5.84,-4.13,37.35,37.58,001,101,0,0,1952,1986,2013,1910,1959,1967,42.54,33.7,3353,52.391,83.83,1
2026-09-01T21:22:20.544,10.819,2,50,50,484,484,70.4,79.9,-0.58,0.20,0.60,0.38,0.20,-0.53,-0.58,0.20,-6.13,-3.56,37.31,37.64,100,011,0,0,1952,2000,2008,1884,1983,1943,42.54,33.7,3350,52.344,83.75,1
2026-09-01T21:22:20.556,10.831,2,50,50,484,484,79.6,69.6,0.26,-0.09,0.68,0.46,-0.46,0.42,0.26,-0.09,-5.66,-3.86,37.38,37.61,011,100,0,0,1952,1984,2012,1894,1968,1942,42.54,33.7,3351,52.359,83.78,1
2026-09-01T21:22:20.568,10.843,2,50,50,484,484,77.1,79.9,-0.08,-0.24,0.76,0.70,0.51,-0.62,-0.19,-0.21,-5.97,-3.14,37.33,37.68,100,001,0,0,1962,2007,2004,1897,1999,1955,42.54,33.7,3349,52.328,83.72,1
2026-09-01T21:22:20.579,10.855,2,50,50,484,484,78.4,76.7,-0.56,0.59,0.12,0.62,0.03,-0.01,-0.56,0.59,-5.86,-3.07,37.35,37.47,010,010,0,0,1933,1982,2020,1897,1988,1931,42.54,33.7,3351,52.359,83.78,1
2026-09-01T21:22:20.592,10.867,2,50,50,484,484,78.8,75.6,0.24,-0.90,0.78,0.26,0.68,0.33,0.24,-0.90,-5.82,-3.29,37.24,37.66,101,101,0,0,1940,2000,2008,1886,1968,1967,42.54,33.7,3353,52.391,83.83,1
2026-09-01T21:22:20.603,10.879,2,50,50,507,463,79.5,74.9,-0.42,-0.04,0.64,-0.06,-0.34,0.96,-0.42,-0.04,-6.05,-4.15,37.33,37.57,010,011,0,0,1950,1994,2028,1857,1931,1975,42.54,33.7,3350,52.344,83.75,1
2026-09-01T21:22:20.618,10.893,2,50,50,507,484,69.9,77.2,0.54,-0.04,0.78,0.78,0.13,0.50,0.54,-0.04,-6.18,-4.24,37.30,37.57,001,100,0,0,1966,1977,2019,1898,1983,1954,42.54,33.7,3346,52.281,83.65,1
2026-09-01T21:22:20.627,10.902,2,50,50,484,484,79.5,79.6,-0.72,-0.34,0.60,0.46,-0.07,-0.43,-0.72,-0.34,-6.26,-4.01,37.29,37.60,110,001,0,0,1956,1996,2016,1888,1989,1951,42.54,33.7,3350,52.344,83.75,1
2026-09-01T21:22:20.639,10.914,2,50,50,484,484,73.3,73.6,0.42,0.64,0.58,0.58,-0.24,-0.09,0.42,0.64,-5.93,-4.22,37.34,37.47,001,010,0,0,1954,1984,2015,1899,2009,1917,42.54,33.7,3350,52.344,83.75,1
2026-09-01T21:22:20.650,10.926,2,50,50,507,484,76.6,76.1,-0.53,-0.25,0.70,1.28,0.22,-0.32,-0.63,-0.36,-6.31,-4.26,37.28,37.57,100,101,0,0,1956,2012,1992,1916,1984,1941,42.54,33.7,3351,52.359,83.78,1
2026-09-01T21:22:20.662,10.937,2,50,50,484,484,79.3,79.5,0.22,0.40,0.68,0.62,-0.79,-0.66,0.22,0.40,-5.52,-3.67,37.40,37.56,011,011,0,0,1956,1984,2008,1896,1990,1949,42.54,33.7,3350,52.344,83.75,1
2026-09-01T21:22:20.674,10.949,2,50,50,507,484,71.7,70.0,0.03,-0.25,0.74,0.38,0.25,0.70,0.03,-0.25,-6.10,-4.23,37.31,37.57,101,110,0,0,1970,1970,2009,1882,1970,1956,42.54,33.7,3406,53.219,85.15,1
2026-09-01T21:22:20.686,10.961,2,50,50,507,484,78.9,80.0,-0.27,-0.15,0.52,0.70,-0.57,-0.80,-0.27,-0.15,-5.53,-3.15,37.40,37.68,010,001,0,0,1952,2000,2033,1902,1990,1968,42.54,33.7,3350,52.344,83.75,1
2026-09-01T21:22:20.698,10.973,2,50,50,484,484,79.3,72.1,0.16,0.56,0.52,0.68,0.78,-0.15,-0.01,0.42,-5.99,-3.09,37.33,37.56,101,110,0,0,1943,2033,2008,1890,1971,1986,42.54,33.7,3352,52.375,83.80,1
2026-09-01T21:22:20.709,10.985,2,50,50,484,484,73.9,79.6,-0.74,-0.73,0.80,0.54,-0.05,-0.17,-0.74,-0.73,-5.81,-3.07,37.36,37.68,110,101,0,0,1947,1986,2010,1890,1973,1957,42.54,33.7,3353,52.391,83.83,1
2026-09-01T21:22:20.721,10.996,2,50,50,484,463,80.0,77.5,0.38,-0.23,0.60,-0.26,0.21,1.06,0.38,-0.23,-5.92,-3.56,37.33,37.63,001,011,0,0,1955,2000,2004,1851,1919,1979,42.54,33.7,3350,52.344,83.75,1
2026-09-01T21:22:20.733,11.008,2,50,50,484,463,72.3,74.5,-0.83,0.06,0.24,0.96,0.52,0.44,-0.83,0.06,-6.65,-3.83,37.22,37.61,110,100,0,0,1944,1981,2017,1896,2038,1958,42.54,33.7,3349,52.328,83.72,1
2026-09-01T21:22:20.744,11.020,2,50,50,484,484,79.9,79.8,0.17,-0.24,0.44,0.70,-0.38,-0.59,0.17,-0.24,-6.04,-3.93,37.32,37.60,011,001,0,0,1966,1986,2002,1904,1990,1971,42.54,33.7,3350,52.344,83.75,1
2026-09-01T21:22:20.756,11.031,2,50,50,507,484,73.5,79.0,0.16,0.59,0.92,0.62,0.20,0.00,0.16,0.59,-6.29,-4.22,37.28,37.55,100,010,0,0,1972,1996,2030,1896,1994,1937,42.54,33.7,3348,52.312,83.70,1
2026-09-01T21:22:20.768,11.043,2,50,50,484,484,79.9,73.5,-0.48,-0.35,0.42,0.84,-0.37,0.03,-0.48,-0.35,-5.89,-4.56,37.34,37.53,010,100,0,0,1943,1983,2024,1906,1957,1965,42.54,33.7,3353,52.391,83.83,1
2026-09-01T21:22:20.779,11.055,2,50,50,507,484,77.2,77.8,0.53,0.44,0.74,0.84,0.22,-0.86,0.44,0.55,-6.04,-3.72,37.31,37.59,101,011,0,0,1966,1981,2013,1907,1988,1961,42.54,33.7,3349,52.328,83.72,1
2026-09-01T21:22:20.792,11.067,2,50,50,484,484,78.9,80.0,-0.83,-0.10,0.40,0.26,0.31,1.37,-0.83,-0.10,-6.23,-4.47,37.29,37.53,110,110,0,0,1944,1974,2024,1876,1977,1977,42.54,33.7,3354,52.406,83.85,1
2026-09-01T21:22:20.803,11.078,2,50,50,484,484,79.5,77.8,0.54,-0.18,0.68,0.84,-0.07,-0.65,0.55,-0.10,-5.80,-3.50,37.29,37.64,001,001,0,0,1963,1980,2020,1907,1973,1967,42.54,33.7,3350,52.344,83.75,1
2026-09-01T21:22:20.815,11.090,2,50,50,484,484,77.0,77.8,-0.63,0.42,0.60,0.48,0.04,0.00,-0.63,0.42,-5.82,-3.32,37.36,37.60,110,010,0,0,1958,1997,2011,1889,1983,1935,42.54,33.7,3349,52.328,83.72,1
2026-09-01T21:22:20.827,11.102,2,50,50,507,484,73.1,75.5,0.34,-0.71,0.54,0.46,-0.29,0.03,0.34,-0.71,-5.52,-3.31,37.40,37.67,011,101,0,0,1952,1981,2018,1888,1975,1958,42.54,33.7,3351,52.359,83.78,1
2026-09-01T21:22:20.838,11.114,2,50,50,484,484,80.0,79.8,-0.45,0.13,0.52,0.30,0.66,-0.06,-0.45,0.13,-6.30,-3.05,37.28,37.68,100,011,0,0,1949,2000,2016,1877,1975,1947,42.54,33.7,3350,52.344,83.75,1
2026-09-01T21:22:20.850,11.125,2,50,50,507,484,69.5,74.1,0.08,-0.07,0.76,0.46,-0.78,0.64,0.08,-0.07,-5.83,-3.84,37.35,37.61,010,110,0,0,1965,2006,2028,1889,1969,1945,42.54,33.7,3346,52.281,83.65,1
2026-09-01T21:22:20.862,11.137,2,50,50,484,484,79.8,75.6,0.17,-0.44,0.62,0.64,0.64,-0.38,0.17,-0.44,-6.51,-3.67,37.24,37.63,101,001,0,0,1957,2000,2002,1889,1991,1933,42.54,33.7,3349,52.328,83.72,1
2026-09-01T21:22:20.874,11.149,2,50,50,507,484,76.3,79.8,-0.63,0.55,0.60,0.58,-0.02,0.28,-0.63,0.55,-6.31,-4.09,37.29,37.54,010,010,0,0,1960,1987,2017,1896,1988,1953,42.54,33.7,3349,52.328,83.72,1
2026-09-01T21:22:20.885,11.161,2,50,50,507,484,77.8,77.2,0.39,-0.69,0.60,0.42,0.06,0.56,0.39,-0.69,-6.12,-4.72,37.31,37.51,001,100,0,0,1972,1976,2006,1886,1981,1968,42.54,33.7,3352,52.375,83.80,1
2026-09-01T21:22:20.898,11.173,2,50,50,507,484,76.7,80.0,-0.69,0.46,0.44,0.66,-0.16,-0.45,-0.69,0.46,-6.25,-4.24,37.29,37.57,110,011,0,0,1951,2005,2001,1900,1984,1954,42.54,33.7,3352,52.375,83.80,1
2026-09-01T21:22:20.909,11.185,2,50,50,484,484,78.8,73.5,0.27,-0.04,0.92,0.62,0.10,0.54,0.27,-0.04,-5.89,-4.62,37.34,37.52,001,110,0,0,1947,2005,1988,1896,1971,1935,42.54,33.7,3352,52.375,83.80,1
2026-09-01T21:22:20.921,11.196,2,50,50,484,484,70.1,77.9,-0.65,-0.08,0.60,1.10,0.05,-0.55,-0.78,-0.12,-6.11,-3.81,37.31,37.61,110,001,0,0,1955,2014,2007,1911,1985,1947,42.54,33.7,3408,53.250,85.20,1
2026-09-01T21:22:20.933,11.208,2,50,50,484,484,80.0,78.8,0.28,0.52,0.60,0.46,-0.58,-0.25,0.28,0.52,-5.43,-3.53,37.42,37.42,011,010,0,0,1956,1989,2016,1892,2007,1911,42.54,33.7,3351,52.359,83.78,1
2026-09-01T21:22:20.944,11.220,2,50,50,507,484,76.1,71.2,-0.10,-0.59,0.64,0.62,0.50,0.04,-0.10,-0.59,-6.02,-3.55,37.32,37.64,100,101,0,0,1958,1993,2000,1893,1971,1965,42.54,33.7,3350,52.344,83.75,1
2026-09-01T21:22:20.958,11.233,2,50,50,484,484,79.1,79.0,-0.15,0.13,0.80,0.30,-0.62,-0.62,-0.15,0.13,-5.61,-2.86,37.39,37.70,010,011,0,0,1964,2000,2006,1880,1983,1943,42.54,33.7,3350,52.344,83.75,1
2026-09-01T21:22:20.968,11.243,2,50,50,484,484,78.2,75.8,0.41,0.08,0.68,0.62,0.59,0.45,0.41,0.08,-6.20,-3.42,37.29,37.65,101,110,0,0,1955,1998,2008,1897,1971,1943,42.54,33.7,3351,52.359,83.78,1
2026-09-01T21:22:20.979,11.255,2,50,50,484,484,77.3,72.7,-0.75,-0.31,0.44,0.70,0.00,-0.67,-0.75,-0.31,-6.39,-3.47,37.26,37.65,110,001,0,0,1948,1998,2011,1904,1976,1933,42.54,33.7,3349,52.328,83.72,1
2026-09-01T21:22:20.992,11.267,2,50,50,484,484,77.4,76.5,0.32,0.33,0.46,0.36,0.33,0.42,0.32,0.33,-6.12,-4.08,37.31,37.58,001,010,0,0,1949,1997,2008,1883,1979,1955,42.54,33.7,3350,52.344,83.75,1
2026-09-01T21:22:21.004,11.279,2,50,50,507,484,79.9,74.9,-0.85,-0.71,0.46,0.54,0.07,0.09,-0.84,-0.67,-6.06,-4.29,37.32,37.56,110,101,0,0,1945,1986,2021,1893,1975,1951,42.54,33.7,3351,52.359,83.78,1
2026-09-01T21:22:21.015,11.290,2,50,50,507,484,71.0,78.8,0.44,0.06,0.64,0.38,-0.33,-0.08,0.44,0.06,-5.86,-4.14,37.35,37.57,011,011,0,0,1964,1980,2022,1880,1945,1953,42.54,33.7,3350,52.344,83.75,1
2026-09-01T21:22:21.029,11.305,2,50,50,484,484,80.0,77.3,-0.55,0.13,0.50,0.72,0.84,0.46,-0.55,0.13,-6.53,-4.56,37.24,37.53,100,110,0,0,1940,2006,2018,1900,1969,1941,42.54,33.7,3352,52.375,83.80,1
2026-09-01T21:22:21.039,11.314,2,50,50,484,484,74.6,73.1,0.07,-0.21,0.68,1.02,-0.74,-0.45,0.14,-0.21,-5.66,-3.89,37.38,37.61,011,001,0,0,1961,1985,1991,1908,1979,1931,42.54,33.7,3348,52.312,83.70,1
2026-09-01T21:22:21.050,11.326,2,50,50,507,484,78.7,79.6,0.29,0.52,0.84,0.46,0.32,-0.20,0.29,0.52,-6.09,-3.70,37.31,37.43,101,010,0,0,1972,1978,2008,1892,2000,1923,42.54,33.7,3352,52.375,83.80,1
2026-09-01T21:22:21.063,11.338,2,50,50,484,484,76.9,74.2,-0.50,-0.59,0.84,0.54,-0.22,0.16,-0.50,-0.59,-5.70,-3.70,37.37,37.63,010,100,0,0,1948,1924,2027,1892,1967,1974,42.54,33.7,3351,52.359,83.78,1
2026-09-01T21:22:21.074,11.349,2,50,50,484,484,72.4,78.3,0.36,0.20,0.52,0.62,0.21,-0.57,0.36,0.20,-5.88,-2.82,37.35,37.70,001,011,0,0,1947,1988,2022,1885,1963,1943,42.54,33.7,3350,52.344,83.75,1
2026-09-01T21:22:21.086,11.361,2,50,50,507,484,79.7,75.9,-0.64,0.15,0.52,0.70,-0.05,0.38,-0.64,0.15,-6.07,-3.23,37.31,37.67,110,110,0,0,1956,2008,2028,1896,1967,1939,42.54,33.7,3352,52.375,83.80,1
2026-09-01T21:22:21.098,11.373,2,50,50,484,484,77.1,79.1,0.39,-0.20,0.62,0.68,-0.07,-0.66,0.39,-0.20,-6.01,-3.03,37.32,37.68,001,001,0,0,1947,2012,1978,1905,1979,1971,42.54,33.7,3349,52.328,83.72,1
2026-09-01T21:22:21.109,11.385,2,50,50,484,484,77.2,79.9,-0.43,0.39,0.76,0.30,0.31,0.46,-0.43,0.39,-6.44,-4.00,37.25,37.59,100,010,0,0,1971,1997,1997,1886,1981,1951,42.54,33.7,3350,52.344,83.75,1
2026-09-01T21:22:21.121,11.396,2,50,50,484,484,77.0,76.4,0.18,-0.52,0.84,0.62,-0.77,0.39,0.18,-0.52,-5.71,-4.29,37.37,37.56,011,100,0,0,1956,1987,1994,1896,1971,1953,42.54,33.7,3351,52.359,83.78,1
2026-09-01T21:22:21.133,11.408,2,50,50,484,484,73.5,73.0,-0.07,0.00,0.52,0.52,0.67,-0.57,-0.07,0.00,-6.41,-3.83,37.26,37.61,101,011,0,0,1952,1988,2002,1883,1937,1945,42.54,33.7,3349,52.328,83.72,1
2026-09-01T21:22:21.144,11.420,2,50,50,507,484,79.9,79.0,-0.41,0.09,0.40,0.58,-0.64,1.25,-0.34,0.09,-5.84,-4.82,37.35,37.50,010,110,0,0,1956,2000,2022,1886,1983,1991,42.54,33.7,3352,52.375,83.80,1
2026-09-01T21:22:21.156,11.431,2,50,50,507,484,72.7,79.5,0.52,-0.54,0.68,0.70,0.08,-0.07,0.52,-0.54,-5.96,-4.30,37.33,37.56,001,101,0,0,1960,1977,2018,1897,1977,1959,42.54,33.7,3352,52.375,83.80,1
2026-09-01T21:22:21.168,11.443,2,50,50,484,484,80.0,69.4,-0.64,0.47,0.60,0.52,-0.13,-0.34,-0.64,0.47,-5.96,-3.72,37.33,37.56,110,010,0,0,1957,1996,2014,1890,1987,1947,42.54,33.7,3349,52.328,83.72,1
2026-09-01T21:22:21.179,11.455,2,50,50,484,484,69.6,78.0,0.20,-0.29,0.36,0.54,0.10,0.62,0.20,-0.29,-5.60,-4.09,37.39,37.58,001,100,0,0,1946,1988,2004,1887,1981,1966,42.54,33.7,3353,52.391,83.83,1
2026-09-01T21:22:21.192,11.467,2,50,50,507,484,77.9,77.1,-0.41,0.12,0.84,0.94,0.13,-0.93,-0.41,0.12,-5.83,-3.04,37.35,37.68,100,001,0,0,1961,2007,1984,1909,1985,1969,42.54,33.7,3350,52.344,83.75,1
2026-09-01T21:22:21.203,11.478,2,50,50,484,484,79.9,79.9,0.40,0.11,0.80,0.38,-0.37,0.73,0.45,0.00,-5.55,-3.59,37.39,37.63,011,110,0,0,1964,1993,2010,1880,1967,1963,42.54,33.7,3352,52.375,83.80,1
2026-09-01T21:22:21.215,11.490,2,50,50,507,484,73.4,77.1,-0.01,-0.51,0.64,0.66,0.16,-0.44,0.01,-0.42,-6.06,-3.09,37.32,37.68,100,101,0,0,1967,1992,2031,1902,1965,1962,42.54,33.7,3353,52.391,83.83,1
2026-09-01T21:22:21.227,11.502,2,50,50,507,484,78.7,74.7,-0.03,-0.24,1.00,-0.52,-0.69,1.32,-0.03,-0.24,-5.88,-4.15,37.34,37.58,010,010,0,0,1981,2012,2012,1843,1947,1966,42.54,33.7,3349,52.328,83.72,1
2026-09-01T21:22:21.238,11.514,2,50,50,507,463,78.4,80.0,0.18,-0.40,0.40,0.66,0.62,1.12,0.18,-0.52,-6.42,-4.64,37.26,37.52,101,100,0,0,1948,1992,2003,1892,2003,1947,42.54,33.7,3353,52.391,83.83,1
2026-09-01T21:22:21.250,11.525,2,50,50,484,484,77.4,77.6,-0.79,0.01,0.36,0.76,-0.08,-0.84,-0.79,0.01,-6.20,-3.97,37.29,37.60,110,001,0,0,1948,1988,2012,1906,1981,1969,42.54,33.7,3353,52.391,83.83,1
2026-09-01T21:22:21.265,11.540,2,50,50,484,484,79.4,73.5,0.31,0.55,0.68,0.70,0.27,0.17,0.31,0.55,-6.00,-4.39,37.29,37.55,001,110,0,0,1943,2014,1976,1898,1974,2010,42.54,33.7,3353,52.391,83.83,1
2026-09-01T21:22:21.273,11.549,2,50,50,484,484,70.4,80.0,-0.71,-0.68,0.68,0.54,0.36,-0.10,-0.71,-0.68,-6.38,-4.49,37.27,37.55,110,101,0,0,1943,1988,2018,1891,1971,1959,42.54,33.7,3411,53.297,85.28,1
2026-09-01T21:22:21.285,11.561,2,50,50,507,484,78.1,74.0,0.34,0.36,0.66,0.52,-0.56,-0.29,0.34,0.36,-5.59,-3.91,37.39,37.60,011,011,0,0,1960,1980,2024,1888,1980,1941,42.54,33.7,3353,52.391,83.83,1
2026-09-01T21:22:21.298,11.573,2,50,50,507,484,76.8,77.5,-0.29,-0.56,0.88,0.44,0.10,0.02,-0.29,-0.56,-5.98,-4.08,37.33,37.60,100,100,0,0,1967,2008,1983,1894,1940,1992,42.54,33.7,3355,52.422,83.88,1
2026-09-01T21:22:21.309,11.585,2,50,50,507,484,79.4,73.9,0.14,0.01,0.52,0.52,-0.45,-0.78,0.21,0.00,-5.46,-3.18,37.41,37.67,011,011,0,0,1956,1988,2016,1880,1955,1943,42.54,33.7,3353,52.391,83.83,1
2026-09-01T21:22:21.321,11.596,2,50,50,507,484,71.5,79.3,0.01,0.05,0.80,0.44,0.25,0.54,0.01,0.05,-5.92,-3.52,37.34,37.64,101,110,0,0,1965,1972,1992,1884,1969,1951,42.54,33.7,3349,52.328,83.72,1
2026-09-01T21:22:21.333,11.608,2,50,50,484,484,79.9,72.3,-0.63,-0.51,0.24,0.62,0.24,-0.47,-0.63,-0.51,-6.07,-2.97,37.31,37.69,010,001,0,0,1946,1973,2013,1892,2003,1915,42.54,33.7,3351,52.359,83.78,1
2026-09-01T21:22:21.345,11.620,2,50,50,507,484,76.3,79.9,0.37,0.43,0.62,0.50,0.57,-0.01,0.37,0.43,-6.39,-2.99,37.26,37.63,101,010,0,0,1953,2000,2008,1891,1983,1943,42.54,33.7,3351,52.359,83.78,1
2026-09-01T21:22:21.356,11.632,2,50,50,484,463,76.3,76.1,-0.35,-1.01,0.92,-0.06,-0.20,1.25,-0.35,-1.01,-6.20,-4.23,37.30,37.57,110,100,0,0,1974,1992,1997,1863,2011,1933,42.54,33.7,3355,52.422,83.88,1
2026-09-01T21:22:21.368,11.643,2,50,50,484,463,79.8,75.5,0.40,0.23,0.52,0.82,-0.09,-0.53,0.45,0.23,-6.05,-3.70,37.32,37.63,001,011,0,0,1952,1987,2010,1894,1943,1958,42.54,33.7,3353,52.391,83.83,1
2026-09-01T21:22:21.380,11.655,2,50,50,507,484,73.4,79.9,-0.37,0.11,0.92,0.50,-0.10,0.83,-0.37,0.11,-6.21,-4.42,37.29,37.55,100,110,0,0,1967,1975,2029,1887,1969,1956,42.54,33.7,3355,52.422,83.88,1
2026-09-01T21:22:21.392,11.668,2,50,50,484,484,70.6,74.7,0.33,-0.36,0.52,0.70,-0.25,-0.44,0.33,-0.36,-5.92,-4.10,37.34,37.58,011,001,0,0,1950,1982,2012,1892,1980,1925,42.54,33.7,3351,52.359,83.78,1
2026-09-01T21:22:21.404,11.679,2,50,50,484,484,79.5,79.4,-0.39,0.73,0.56,0.82,0.35,-0.21,-0.39,0.73,-6.32,-4.17,37.27,37.35,100,010,0,0,1958,2008,2001,1910,2005,1921,42.54,33.7,3353,52.391,83.83,1
2026-09-01T21:22:21.416,11.691,2,50,50,484,484,76.9,72.2,0.21,-0.33,0.74,0.80,-1.06,0.00,0.21,-0.33,-5.47,-4.25,37.41,37.57,011,100,0,0,1959,1992,1998,1908,1957,1959,42.54,33.7,3354,52.406,83.85,1
2026-09-01T21:22:21.428,11.703,2,50,50,507,484,72.6,78.5,-0.09,0.09,0.60,0.38,0.46,-0.51,-0.09,0.15,-5.98,-3.50,37.33,37.65,101,011,0,0,1956,1978,2000,1880,1983,1944,42.54,33.7,3352,52.375,83.80,1
2026-09-01T21:22:21.439,11.715,2,50,50,484,484,80.0,75.6,-0.56,0.31,0.60,1.00,-0.04,0.32,-0.54,0.26,-5.75,-3.61,37.37,37.63,010,110,0,0,1931,1972,2018,1911,1970,1926,42.54,33.7,3355,52.422,83.88,1
2026-09-01T21:22:21.451,11.726,2,50,50,484,484,74.5,77.5,0.50,-0.29,0.68,0.60,0.36,-0.67,0.42,-0.21,-5.75,-2.95,37.33,37.69,101,001,0,0,1958,2039,2008,1900,1986,1966,42.54,33.7,3351,52.359,83.78,1
2026-09-01T21:22:21.463,11.738,2,50,50,484,484,78.2,78.0,-0.70,0.49,0.64,0.46,0.11,0.10,-0.70,0.49,-6.28,-2.92,37.28,37.63,110,010,0,0,1955,1984,2013,1889,1981,1939,42.54,33.7,3352,52.375,83.80,1
2026-09-01T21:22:21.475,11.750,2,50,50,507,484,79.0,75.5,0.51,-0.89,0.70,0.20,-0.17,0.16,0.54,-0.85,-6.00,-3.27,37.31,37.66,001,101,0,0,1962,1984,2030,1871,1979,1957,42.54,33.7,3355,52.422,83.88,1
2026-09-01T21:22:21.486,11.762,2,50,50,507,484,74.0,79.2,-0.52,0.01,0.76,0.58,0.08,0.24,-0.52,0.01,-6.22,-3.71,37.29,37.63,100,011,0,0,1961,2032,1990,1880,1921,1955,42.54,33.7,3352,52.375,83.80,1
2026-09-01T21:22:21.498,11.773,2,50,50,507,484,80.0,76.4,0.12,0.23,0.64,0.78,-0.35,0.39,0.21,0.20,-5.90,-4.26,37.34,37.57,011,110,0,0,1943,1983,2014,1906,1971,1929,42.54,33.7,3355,52.422,83.88,1
2026-09-01T21:22:21.510,11.785,2,50,50,507,484,75.0,73.2,-0.09,-0.19,0.68,0.94,0.36,-0.38,-0.15,-0.24,-6.24,-3.94,37.29,37.60,100,001,0,0,1956,1996,2025,1903,1980,1929,42.54,33.7,3352,52.375,83.80,1
2026-09-01T21:22:21.522,11.797,2,50,50,507,484,76.9,80.0,-0.14,0.52,0.60,0.46,-0.68,-0.04,-0.14,0.52,-5.87,-4.18,37.35,37.56,010,010,0,0,1957,2006,2031,1893,2000,1922,42.54,33.7,3352,52.375,83.80,1
2026-09-01T21:22:21.534,11.809,2,50,50,507,484,79.6,73.8,0.21,-0.13,0.24,1.02,0.66,-0.11,0.21,-0.14,-6.30,-4.22,37.28,37.57,101,100,0,0,1943,1994,2004,1919,1947,1963,42.54,33.7,3357,52.453,83.92,1
2026-09-01T21:22:21.545,11.821,2,50,50,507,484,71.2,76.9,-0.41,0.14,0.84,0.46,-0.55,-0.72,-0.27,0.23,-5.58,-3.70,37.39,37.63,010,011,0,0,1969,2012,1996,1888,1986,1947,42.54,33.7,3353,52.391,83.83,1
2026-09-01T21:22:21.557,11.832,2,50,50,484,484,79.1,79.1,0.48,0.06,0.48,0.44,0.10,0.65,0.48,0.06,-5.72,-4.16,37.35,37.58,001,110,0,0,1953,1992,2010,1889,1970,1951,42.54,33.7,3356,52.438,83.90,1
2026-09-01T21:22:21.569,11.844,2,50,50,507,484,78.9,72.5,-0.66,-0.12,0.60,1.00,-0.15,-0.76,-0.61,-0.08,-5.90,-3.17,37.34,37.67,110,001,0,0,1962,2008,2024,1906,1979,1943,42.54,33.7,3354,52.406,83.85,1
2026-09-01T21:22:21.580,11.856,2,50,50,507,484,71.0,80.0,0.45,0.33,0.64,0.30,-0.32,0.08,0.45,0.33,-5.90,-3.34,37.34,37.66,011,010,0,0,1961,1980,2025,1881,1985,1929,42.54,33.7,3354,52.406,83.85,1
2026-09-01T21:22:21.593,11.868,2,50,50,484,484,79.3,72.6,-0.59,-0.69,0.60,0.52,0.89,0.00,-0.59,-0.69,-6.92,-3.39,37.17,37.65,100,101,0,0,1943,1998,2018,1887,1970,1963,42.54,33.7,3356,52.438,83.90,1
2026-09-01T21:22:21.604,11.880,2,50,50,484,484,77.1,79.9,0.29,-0.24,0.94,0.02,-0.53,0.64,0.33,-0.22,-5.93,-3.42,37.34,37.65,011,011,0,0,1972,1994,2003,1860,1920,1953,42.54,33.7,3353,52.391,83.83,1
2026-09-01T21:22:21.616,11.891,2,50,50,507,484,76.5,76.7,0.06,0.35,0.64,0.94,0.53,0.37,0.06,0.35,-6.49,-3.75,37.24,37.62,101,110,0,0,1951,1992,2000,1910,1973,1930,42.54,33.7,3357,52.453,83.92,1
2026-09-01T21:22:21.628,11.903,2,50,50,484,484,79.4,73.1,-0.56,-0.49,0.64,0.70,0.03,-0.25,-0.59,-0.45,-6.27,-3.90,37.28,37.60,010,001,0,0,1952,1952,2023,1897,1999,1915,42.54,33.7,3353,52.391,83.83,1
2026-09-01T21:22:21.639,11.915,2,50,50,484,484,70.4,80.0,0.45,0.50,0.58,0.54,0.42,0.07,0.45,0.50,-6.38,-4.31,37.26,37.55,101,010,0,0,1952,2006,2015,1893,1997,1933,42.54,33.7,3353,52.391,83.83,1
2026-09-01T21:22:21.651,11.927,2,50,50,484,484,78.8,76.2,-0.84,-0.61,0.28,0.54,0.51,0.37,-0.84,-0.61,-6.57,-4.60,37.23,37.52,110,100,0,0,1939,1978,2026,1890,1970,1960,42.54,33.7,3357,52.453,83.92,1
2026-09-01T21:22:21.663,11.938,2,50,50,507,484,78.7,75.8,0.48,0.42,0.70,0.78,-0.08,-0.88,0.44,0.42,-5.89,-3.76,37.29,37.59,001,011,0,0,1952,1984,2016,1900,1987,1957,42.54,33.7,3353,52.391,83.83,1
2026-09-01T21:22:21.675,11.950,2,50,50,507,484,72.9,79.8,-0.20,0.02,1.16,0.38,-0.50,1.26,-0.23,-0.14,-5.66,-4.51,37.38,37.54,100,110,0,0,1983,2020,1974,1871,1970,1984,42.54,33.7,3357,52.453,83.92,1
2026-09-01T21:22:21.687,11.962,2,50,50,507,484,80.0,72.8,0.14,-0.25,0.48,0.98,-0.25,-0.55,0.14,-0.25,-5.67,-3.59,37.38,37.63,011,101,0,0,1949,1988,2010,1911,1955,1971,42.54,33.7,3357,52.453,83.92,1
2026-09-01T21:22:21.698,11.974,2,50,50,484,484,73.6,79.0,-0.07,0.41,0.64,0.42,0.47,-0.09,-0.07,0.41,-6.28,-3.29,37.29,37.61,100,010,0,0,1962,2007,2040,1887,1980,1942,42.54,33.7,3354,52.406,83.85,1
2026-09-01T21:22:21.710,11.985,2,50,50,507,484,79.8,78.6,-0.24,-0.62,0.68,0.42,-0.54,0.45,-0.24,-0.62,-5.99,-3.51,37.34,37.64,010,100,0,0,1959,2001,2015,1882,1976,1964,42.54,33.7,3357,52.453,83.92,1
2026-09-01T21:22:21.722,11.997,2,50,50,507,484,76.3,73.5,0.40,0.10,0.68,0.70,0.32,-0.53,0.40,0.10,-6.37,-2.64,37.26,37.71,101,011,0,0,1960,1978,2026,1886,1953,1941,42.54,33.7,3352,52.375,83.80,1
2026-09-01T21:22:21.735,12.010,2,50,50,484,484,76.2,79.9,-0.71,0.00,0.68,0.30,0.14,0.98,-0.71,0.00,-6.38,-3.91,37.26,37.60,110,110,0,0,1954,1990,2015,1880,1975,1960,42.54,33.7,3357,52.453,83.92,1
2026-09-01T21:22:21.745,12.020,2,50,50,507,484,80.0,72.5,0.44,-0.80,0.56,0.38,-0.01,-0.05,0.44,-0.80,-5.94,-3.94,37.34,37.61,001,101,0,0,1951,1982,2008,1885,1975,1953,42.54,33.7,3357,52.453,83.92,1
2026-09-01T21:22:21.757,12.032,2,50,50,507,484,74.9,77.9,-0.69,0.41,0.60,0.46,0.05,-0.01,-0.69,0.41,-6.20,-3.83,37.29,37.61,110,010,0,0,1953,1971,2059,1889,1981,1949,42.54,33.7,3355,52.422,83.88,1
2026-09-01T21:22:21.768,12.044,2,50,50,484,484,79.6,80.0,0.14,-0.48,0.44,0.42,-0.31,0.63,0.18,-0.57,-5.86,-4.55,37.35,37.53,011,100,0,0,1947,1982,2008,1886,1978,1957,42.54,33.7,3357,52.453,83.92,1
2026-09-01T21:22:21.780,12.056,2,50,50,507,463,78.2,76.1,0.08,-0.10,1.00,0.58,0.07,-0.48,-0.07,0.00,-6.11,-4.10,37.31,37.58,100,001,0,0,1968,1994,2001,1894,1975,1957,42.54,33.7,3355,52.422,83.88,1
2026-09-01T21:22:21.792,12.068,2,50,50,507,484,75.6,80.0,0.11,0.24,0.86,0.58,-1.16,0.64,0.11,0.24,-5.20,-4.56,37.44,37.53,011,110,0,0,1958,1988,1996,1890,1968,1952,42.54,33.7,3356,52.438,83.90,1
2026-09-01T21:22:21.804,12.080,2,50,50,507,484,74.3,72.7,-0.01,0.08,0.48,1.42,0.39,-0.97,-0.09,0.17,-5.85,-3.68,37.35,37.63,101,101,0,0,1951,1983,1999,1937,1936,1996,42.54,33.7,3357,52.453,83.92,1
2026-09-01T21:22:21.816,12.091,2,50,50,484,484,80.0,78.4,-0.25,0.47,0.68,0.42,-0.48,-0.22,-0.19,0.54,-5.53,-3.70,37.40,37.45,010,010,0,0,1958,1992,2008,1888,1999,1923,42.54,33.7,3355,52.422,83.88,1
2026-09-01T21:22:21.828,12.103,2,50,50,484,484,71.9,77.7,0.22,-0.30,0.24,0.90,0.61,0.23,0.22,-0.30,-6.17,-3.66,37.30,37.63,001,100,0,0,1940,2001,2008,1902,1961,1962,42.54,33.7,3356,52.438,83.90,1
2026-09-01T21:22:21.840,12.115,2,50,50,484,484,78.9,73.8,-0.58,-0.04,0.52,0.44,0.10,-0.40,-0.59,-0.06,-6.26,-3.03,37.29,37.68,110,011,0,0,1956,1988,2012,1876,1948,1943,42.54,33.7,3353,52.391,83.83,1
2026-09-01T21:22:21.851,12.127,2,50,50,484,484,77.1,79.3,0.36,0.28,0.64,0.72,-0.11,0.39,0.29,0.21,-6.02,-3.43,37.32,37.65,001,110,0,0,1948,2010,1980,1902,1974,1934,42.54,33.7,3355,52.422,83.88,1
2026-09-01T21:22:21.863,12.138,2,50,50,484,484,73.5,69.6,-0.43,-0.58,0.68,0.46,0.31,-0.35,-0.43,-0.58,-6.41,-3.73,37.26,37.62,100,001,0,0,1960,1995,2015,1892,1969,1965,42.54,33.7,3353,52.391,83.83,1
2026-09-01T21:22:21.875,12.150,2,50,50,484,484,80.0,78.9,0.32,0.33,0.68,0.28,-0.32,0.52,0.36,0.38,-5.98,-4.31,37.33,37.56,011,010,0,0,1960,1994,2001,1880,1973,1953,42.54,33.7,3356,52.438,83.90,1
2026-09-01T21:22:21.887,12.162,2,50,50,484,484,75.0,78.1,0.18,-0.56,1.16,0.44,-0.03,0.50,0.18,-0.56,-6.23,-4.70,37.29,37.52,100,100,0,0,1974,2000,2052,1890,1969,1961,42.54,33.7,3355,52.422,83.88,1
2026-09-01T21:22:21.898,12.174,2,50,50,507,484,77.9,70.8,-0.11,0.17,0.68,0.78,-0.77,-0.87,-0.11,0.17,-5.89,-3.96,37.36,37.60,010,001,0,0,1964,2012,2026,1904,1989,1965,42.54,33.7,3348,52.312,83.70,1
2026-09-01T21:22:21.910,12.185,2,50,50,507,484,80.0,80.0,0.22,0.27,0.48,0.66,0.50,0.46,0.22,0.27,-6.24,-4.34,37.29,37.56,101,110,0,0,1952,1989,2004,1894,1971,1959,42.54,33.7,3356,52.438,83.90,1
2026-09-01T21:22:21.922,12.197,2,50,50,507,484,69.4,77.6,-0.54,-0.76,0.56,0.38,-0.42,-0.11,-0.54,-0.76,-5.77,-4.04,37.36,37.59,110,101,0,0,1959,2008,1998,1887,1980,1955,42.54,33.7,3351,52.359,83.78,1
2026-09-01T21:22:21.934,12.209,2,50,50,484,484,79.6,75.3,0.39,0.52,0.56,0.56,0.08,-0.33,0.39,0.52,-5.79,-3.53,37.36,37.49,001,010,0,0,1952,1983,2009,1894,1988,1939,42.54,33.7,3354,52.406,83.85,1
2026-09-01T21:22:21.945,12.220,2,50,50,484,484,71.9,80.0,-0.68,-0.34,0.52,0.62,0.27,0.40,-0.69,-0.45,-6.20,-3.79,37.29,37.62,110,100,0,0,1951,1983,2017,1891,1970,1960,42.54,33.7,3357,52.453,83.92,1
2026-09-01T21:22:21.957,12.232,2,50,50,484,484,78.4,73.4,0.25,-0.01,0.52,0.62,-0.30,-0.87,0.25,-0.01,-5.95,-2.88,37.33,37.70,011,001,0,0,1950,1985,2010,1894,1995,1957,42.54,33.7,3355,52.422,83.88,1
2026-09-01T21:22:21.969,12.244,2,50,50,484,484,79.9,79.9,-0.20,0.21,0.60,0.54,0.36,0.43,-0.20,0.21,-6.48,-3.33,37.25,37.66,100,110,0,0,1970,2010,1988,1886,1971,1971,42.54,33.7,3357,52.453,83.92,1
2026-09-01T21:22:21.981,12.256,2,50,50,507,484,70.9,77.8,-0.05,-0.60,0.58,0.48,-0.86,-0.20,-0.05,-0.60,-5.95,-3.47,37.34,37.65,010,101,0,0,1959,2004,2031,1895,1961,1972,42.54,33.7,3356,52.438,83.90,1
2026-09-01T21:22:21.992,12.268,2,50,50,484,463,79.8,70.2,0.13,0.11,0.64,-0.02,0.55,0.88,0.13,0.11,-6.42,-4.29,37.26,37.56,101,011,0,0,1953,1996,2003,1865,1951,1969,42.54,33.7,3353,52.391,83.83,1
2026-09-01T21:22:22.004,12.280,2,50,50,507,463,76.2,78.8,-0.42,-0.35,0.74,0.86,-0.40,1.06,-0.42,-0.35,-6.04,-4.77,37.32,37.50,010,100,0,0,1959,1978,2024,1894,2015,1957,42.54,33.7,3356,52.438,83.90,1
2026-09-01T21:22:22.016,12.291,2,50,50,484,484,79.0,79.9,0.31,-0.28,0.40,0.62,0.34,-0.42,0.31,-0.28,-6.13,-4.35,37.30,37.56,001,001,0,0,1946,1996,2004,1894,1977,1950,42.54,33.7,3355,52.422,83.88,1
2026-09-01T21:22:22.028,12.303,2,50,50,484,484,78.8,70.0,-0.60,0.77,0.70,0.82,-0.16,-0.27,-0.60,0.77,-6.01,-4.34,37.32,37.29,110,010,0,0,1958,1996,2008,1910,2015,1907,42.54,33.7,3349,52.328,83.72,1
2026-09-01T21:22:22.039,12.315,2,50,50,484,484,71.0,78.2,0.24,-0.57,0.70,0.76,-0.21,-0.15,0.24,-0.57,-5.58,-4.49,37.39,37.54,001,101,0,0,1945,1982,2008,1901,1963,1959,42.54,33.7,3358,52.469,83.95,1
2026-09-01T21:22:22.051,12.326,2,50,50,507,484,79.3,78.2,-0.49,0.47,0.36,0.54,0.45,-0.63,-0.49,0.47,-6.16,-3.80,37.31,37.44,100,011,0,0,1952,2004,1996,1898,1991,1945,42.54,33.7,3355,52.422,83.88,1
2026-09-01T21:22:22.063,12.338,2,50,50,484,484,71.6,70.4,-0.09,-0.22,0.52,0.34,-0.41,0.71,-0.09,-0.22,-5.79,-4.34,37.37,37.56,011,100,0,0,1951,1991,2003,1885,1970,1947,42.54,33.7,3420,53.438,85.50,1
2026-09-01T21:22:22.074,12.350,2,50,50,484,484,78.1,79.9,0.08,-0.08,0.52,0.78,0.57,-0.78,0.08,-0.08,-6.45,-3.24,37.26,37.67,101,001,0,0,1958,1982,2004,1908,1981,1971,42.54,33.7,3355,52.422,83.88,1
2026-09-01T21:22:22.086,12.362,2,50,50,507,484,78.3,71.4,-0.19,0.56,0.76,0.52,-0.32,-0.12,-0.19,0.56,-6.24,-3.17,37.29,37.51,010,010,0,0,1964,2000,2010,1894,1995,1923,42.54,33.7,3348,52.312,83.70,1
2026-09-01T21:22:22.098,12.374,2,50,50,484,484,75.0,79.1,0.42,-0.72,0.44,0.46,0.42,-0.18,0.41,-0.67,-6.34,-3.18,37.27,37.67,001,101,0,0,1948,2001,2026,1884,1973,1955,42.54,33.7,3356,52.438,83.90,1
2026-09-01T21:22:22.110,12.385,2,50,50,507,463,80.0,78.3,-0.64,-0.27,0.76,-0.26,-0.02,1.10,-0.64,-0.16,-6.17,-3.70,37.30,37.63,110,011,0,0,1958,1996,2011,1846,1913,1977,42.54,33.7,3355,52.422,83.88,1
2026-09-01T21:22:22.122,12.397,2,50,50,507,484,78.1,77.9,0.35,-0.10,0.60,0.86,-0.05,0.56,0.35,-0.10,-5.85,-3.88,37.35,37.61,001,100,0,0,1950,2008,1980,1900,1991,1951,42.54,33.7,3355,52.422,83.88,1
2026-09-01T21:22:22.133,12.409,2,50,50,484,484,76.2,80.0,-0.54,-0.37,0.68,0.50,0.46,-0.42,-0.54,-0.37,-6.38,-3.84,37.27,37.62,100,001,0,0,1958,1996,2008,1890,1984,1951,42.54,33.7,3355,52.422,83.88,1
2026-09-01T21:22:22.145,12.420,2,50,50,507,484,80.0,73.8,0.25,0.65,0.92,0.78,-0.61,0.11,0.25,0.65,-5.51,-3.98,37.39,37.47,011,010,0,0,1955,1980,2015,1903,1995,1935,42.54,33.7,3355,52.422,83.88,1
2026-09-01T21:22:22.157,12.432,2,50,50,507,484,74.8,76.2,-0.06,-0.67,0.62,0.46,0.36,0.19,-0.06,-0.67,-6.06,-4.43,37.33,37.55,100,101,0,0,1959,1998,2028,1891,1977,1955,42.54,33.7,3355,52.422,83.88,1
2026-09-01T21:22:22.168,12.444,2,50,50,484,484,79.7,79.8,-0.36,0.42,0.48,0.62,-0.46,-0.63,-0.30,0.51,-5.40,-3.64,37.42,37.52,010,011,0,0,1950,1988,2015,1898,1986,1954,42.54,33.7,3355,52.422,83.88,1
2026-09-01T21:22:22.180,12.456,2,50,50,507,484,77.9,75.1,0.51,-0.28,0.84,0.26,0.18,1.01,0.35,-0.30,-5.79,-4.28,37.36,37.56,101,110,0,0,1964,2000,2006,1880,1971,1953,42.54,33.7,3355,52.422,83.88,1
2026-09-01T21:22:22.192,12.468,2,50,50,507,484,74.6,80.0,-0.54,-0.14,0.68,0.78,-0.41,-0.61,-0.54,-0.14,-5.73,-3.37,37.37,37.65,010,001,0,0,1960,1911,2036,1896,1985,1953,42.54,33.7,3353,52.391,83.83,1
2026-09-01T21:22:22.204,12.479,2,50,50,484,484,78.3,69.5,0.33,0.49,0.42,0.54,0.36,-0.02,0.33,0.49,-6.18,-3.20,37.29,37.53,001,110,0,0,1947,1996,2008,1895,1989,1936,42.54,33.7,3357,52.453,83.92,1
2026-09-01T21:22:22.216,12.491,2,50,50,484,484,78.9,79.9,-0.41,-0.78,0.96,0.38,0.00,-0.02,-0.41,-0.77,-6.24,-3.29,37.29,37.66,110,101,0,0,1971,1992,2006,1882,1982,1967,42.54,33.7,3357,52.453,83.92,1
2026-09-01T21:22:22.228,12.503,2,50,50,484,484,70.6,74.8,0.26,0.36,0.48,0.42,-0.25,-0.27,0.26,0.36,-5.95,-2.89,37.34,37.70,011,011,0,0,1947,1982,2010,1886,1980,1942,42.54,33.7,3356,52.438,83.90,1
2026-09-01T21:22:22.240,12.515,2,50,50,507,463,79.2,75.6,-0.32,-0.30,0.70,0.68,0.32,0.88,-0.40,-0.56,-6.34,-3.98,37.27,37.60,100,100,0,0,1968,2000,2000,1880,2037,1968,42.54,33.7,3355,52.422,83.88,1
2026-09-01T21:22:22.251,12.527,2,50,50,484,484,76.8,79.7,-0.04,-0.33,0.94,0.48,-0.95,-0.50,-0.05,-0.24,-5.66,-3.51,37.38,37.64,011,001,0,0,1952,1983,1960,1888,1981,1949,42.54,33.7,3354,52.406,83.85,1
2026-09-01T21:22:22.263,12.538,2,50,50,507,484,70.6,70.6,0.26,0.50,1.08,0.54,0.20,0.37,0.26,0.50,-6.26,-4.20,37.29,37.57,101,010,0,0,1987,1968,2008,1888,1987,1954,42.54,33.7,3348,52.312,83.70,1
2026-09-01T21:22:22.275,12.550,2,50,50,507,484,79.8,78.9,-0.26,-0.60,0.64,0.50,-0.66,-0.14,-0.26,-0.60,-5.86,-4.20,37.37,37.57,010,101,0,0,1963,2008,2024,1895,1967,1958,42.54,33.7,3357,52.453,83.92,1
2026-09-01T21:22:22.287,12.562,2,50,50,507,484,75.9,78.4,0.46,0.42,0.62,0.56,0.01,-0.42,0.46,0.42,-5.70,-3.98,37.36,37.53,101,011,0,0,1952,2024,2004,1896,1985,1947,42.54,33.7,3355,52.422,83.88,1
2026-09-01T21:22:22.298,12.574,2,50,50,484,484,78.4,72.0,-0.82,-0.13,0.52,0.46,0.01,0.67,-0.82,-0.13,-5.89,-4.51,37.35,37.54,110,110,0,0,1947,1992,2014,1887,1969,1941,42.54,33.7,3357,52.453,83.92,1
2026-09-01T21:22:22.310,12.585,2,50,50,507,484,78.9,80.0,0.48,-0.40,0.60,0.86,0.07,-0.16,0.48,-0.40,-5.89,-3.83,37.34,37.61,001,001,0,0,1959,1985,2011,1897,1990,1927,42.54,33.7,3354,52.406,83.85,1
2026-09-01T21:22:22.322,12.597,2,50,50,507,484,70.6,75.3,-0.26,0.57,0.96,0.54,0.02,-0.26,-0.26,0.57,-6.26,-3.51,37.29,37.38,100,010,0,0,1975,1999,1991,1897,2003,1908,42.54,33.7,3357,52.453,83.92,1
2026-09-01T21:22:22.334,12.609,2,50,50,484,484,80.0,76.7,0.04,-0.49,0.80,0.90,-0.11,-0.33,0.06,-0.45,-6.12,-3.39,37.31,37.65,011,101,0,0,1947,1991,1991,1911,1959,1961,42.54,33.7,3355,52.422,83.88,1
2026-09-01T21:22:22.345,12.621,2,50,50,484,484,75.0,79.3,0.05,0.14,0.92,0.28,0.19,-0.13,0.05,0.14,-6.35,-3.19,37.27,37.67,100,011,0,0,1968,1992,2020,1877,1971,1947,42.54,33.7,3351,52.359,83.78,1
2026-09-01T21:22:22.357,12.633,2,50,50,484,484,76.5,72.5,-0.27,0.15,0.44,0.92,-0.57,0.17,-0.27,0.15,-5.80,-3.28,37.37,37.66,010,100,0,0,1944,1989,2032,1900,2037,1961,42.54,33.7,3353,52.391,83.83,1
2026-09-01T21:22:22.369,12.644,2,50,50,507,484,78.2,78.6,0.30,-0.40,0.52,0.46,0.70,-0.31,0.11,-0.40,-6.22,-3.63,37.29,37.63,101,001,0,0,1948,2016,2003,1888,1989,1945,42.54,33.7,3351,52.359,83.78,1
2026-09-01T21:22:22.381,12.656,2,50,50,507,484,70.7,78.4,-0.52,0.46,0.60,0.44,-0.36,0.37,-0.52,0.46,-6.13,-4.09,37.31,37.58,110,010,0,0,1958,2009,2008,1882,1979,1940,42.54,33.7,3353,52.391,83.83,1
2026-09-01T21:22:22.393,12.668,2,50,50,484,484,80.0,71.9,0.15,-0.53,0.36,0.70,0.55,0.00,0.10,-0.54,-6.26,-4.38,37.28,37.55,001,101,0,0,1933,2008,1988,1897,1969,1955,42.54,33.7,3354,52.406,83.85,1
2026-09-01T21:22:22.404,12.680,2,50,50,507,484,76.1,79.8,-0.62,0.26,0.72,0.48,-0.13,-0.42,-0.58,0.26,-5.92,-4.07,37.34,37.59,110,011,0,0,1964,1996,2000,1886,1979,1946,42.54,33.7,3352,52.375,83.80,1
2026-09-01T21:22:22.416,12.691,2,50,50,507,484,73.2,76.1,0.35,-0.03,0.56,0.46,-0.45,0.73,0.35,-0.03,-5.34,-4.65,37.42,37.52,011,110,0,0,1950,1977,2039,1884,1971,1941,42.54,33.7,3354,52.406,83.85,1
2026-09-01T21:22:22.428,12.703,2,50,50,507,484,80.0,75.8,-0.66,-0.15,0.34,1.16,0.89,-0.52,-0.81,-0.15,-6.31,-3.83,37.28,37.61,100,001,0,0,1932,2010,2028,1912,1983,1947,42.54,33.7,3351,52.359,83.78,1
2026-09-01T21:22:22.439,12.715,2,50,50,484,484,71.8,78.7,-0.17,0.56,0.54,0.64,-0.12,-0.08,-0.17,0.56,-6.00,-3.66,37.33,37.41,011,010,0,0,1944,1995,1999,1896,1988,1932,42.54,33.7,3351,52.359,83.78,1
2026-09-01T21:22:22.451,12.727,2,50,50,507,484,76.6,72.8,0.08,-0.41,0.52,0.90,0.51,-0.29,0.08,-0.41,-6.42,-3.56,37.26,37.65,101,101,0,0,1958,1968,1996,1910,1950,1964,42.54,33.7,3354,52.406,83.85,1
2026-09-01T21:22:22.463,12.738,2,50,50,507,484,79.0,80.0,-0.42,0.08,1.00,0.30,-0.32,-0.21,-0.42,0.08,-6.11,-3.14,37.31,37.67,010,011,0,0,1954,1996,2016,1876,1967,1947,42.54,33.7,3353,52.391,83.83,1
2026-09-01T21:22:22.475,12.750,2,50,50,484,484,75.3,74.5,0.45,0.16,0.60,0.74,0.07,0.30,0.45,0.16,-5.91,-3.34,37.34,37.66,001,110,0,0,1952,1979,2011,1904,1965,1929,42.54,33.7,3354,52.406,83.85,1
2026-09-01T21:22:22.486,12.762,2,50,50,507,484,80.0,79.6,-0.84,-0.09,0.48,0.70,0.04,-0.74,-0.84,-0.09,-6.06,-3.14,37.32,37.68,110,001,0,0,1946,1992,2020,1905,1971,1975,42.54,33.7,3352,52.375,83.80,1
2026-09-01T21:22:22.498,12.773,2,50,50,484,484,73.2,79.6,0.36,0.38,0.52,0.30,-0.20,0.44,0.36,0.38,-5.78,-4.04,37.36,37.59,011,010,0,0,1959,2009,1953,1879,1984,1951,42.54,33.7,3353,52.391,83.83,1
2026-09-01T21:22:22.510,12.785,2,50,50,484,484,77.4,70.4,-0.54,-0.56,0.60,0.62,0.35,0.30,-0.54,-0.56,-6.19,-4.33,37.30,37.56,100,100,0,0,1952,2007,2006,1896,1979,1953,42.54,33.7,3418,53.406,85.45,1
2026-09-01T21:22:22.522,12.797,2,50,50,484,484,79.2,78.7,0.13,0.22,0.80,0.38,-0.18,-0.46,0.11,0.22,-5.50,-3.88,37.40,37.61,011,011,0,0,1954,1992,1978,1886,1979,1947,42.54,33.7,3353,52.391,83.83,1
2026-09-01T21:22:22.533,12.809,2,50,50,507,484,71.1,79.8,0.07,0.08,0.84,0.46,0.26,0.96,0.07,0.08,-5.78,-4.56,37.36,37.53,101,110,0,0,1972,1968,2008,1880,1973,1958,42.54,33.7,3354,52.406,83.85,1
2026-09-01T21:22:22.545,12.821,2,50,50,484,484,80.0,70.7,-0.54,-0.36,0.28,0.78,-0.08,-0.49,-0.54,-0.36,-5.74,-4.01,37.37,37.60,010,001,0,0,1934,1976,2016,1903,1959,1975,42.54,33.7,3349,52.328,83.72,1
2026-09-01T21:22:22.557,12.832,2,50,50,507,484,74.3,78.7,0.56,0.70,0.80,0.78,-0.15,-0.35,0.56,0.70,-5.70,-3.62,37.22,37.31,101,010,0,0,1962,2078,2000,1906,2003,1929,42.54,33.7,3352,52.375,83.80,1
2026-09-01T21:22:22.568,12.844,2,50,50,484,484,79.8,79.6,-0.59,-0.56,0.76,0.46,0.12,0.52,-0.59,-0.56,-6.18,-4.07,37.30,37.59,110,100,0,0,1960,1987,2012,1884,1971,1963,42.54,33.7,3354,52.406,83.85,1
2026-09-01T21:22:22.580,12.856,2,50,50,484,484,74.9,71.8,0.26,0.35,0.28,1.06,0.14,-1.04,0.26,0.37,-6.13,-2.85,37.31,37.55,001,011,0,0,1960,1991,1998,1912,1963,1953,42.54,33.7,3351,52.359,83.78,1
2026-09-01T21:22:22.592,12.868,2,50,50,484,484,72.0,79.2,-0.47,-0.02,0.80,0.38,0.08,0.76,-0.47,-0.02,-6.26,-3.63,37.28,37.63,100,110,0,0,1956,2008,2002,1880,1970,1957,42.54,33.7,3356,52.438,83.90,1
2026-09-01T21:22:22.604,12.879,2,50,50,484,484,80.0,72.3,0.35,-0.39,0.64,0.62,-0.35,-0.59,0.39,-0.32,-5.77,-3.00,37.36,37.69,011,001,0,0,1956,1993,2004,1896,1973,1961,42.54,33.7,3353,52.391,83.83,1
2026-09-01T21:22:22.616,12.891,2,50,50,507,484,75.0,80.0,-0.03,0.21,0.70,0.04,0.24,0.46,-0.03,0.21,-6.23,-3.49,37.29,37.65,100,010,0,0,1960,1996,2020,1873,1983,1939,42.54,33.7,3351,52.359,83.78,1
2026-09-01T21:22:22.628,12.903,2,50,50,507,484,78.8,78.3,-0.24,-0.76,0.84,0.30,-0.62,1.06,-0.24,-0.76,-5.82,-4.36,37.37,37.56,010,100,0,0,1960,2004,2024,1878,1986,1953,42.54,33.7,3355,52.422,83.88,1
2026-09-01T21:22:22.639,12.915,2,50,50,507,484,78.3,72.8,0.19,0.21,0.32,0.90,0.55,-0.90,0.19,0.27,-6.14,-3.59,37.30,37.64,101,011,0,0,1952,1999,1999,1904,1955,1953,42.54,33.7,3351,52.359,83.78,1
2026-09-01T21:22:22.651,12.926,2,50,50,484,484,73.9,79.8,-0.78,0.27,0.52,0.62,-0.04,0.82,-0.71,0.14,-5.76,-4.61,37.37,37.52,110,110,0,0,1948,1983,2013,1890,1973,1959,42.54,33.7,3355,52.422,83.88,1
2026-09-01T21:22:22.663,12.938,2,50,50,484,484,79.9,76.3,0.45,-0.57,0.52,0.62,0.04,-0.29,0.45,-0.57,-5.51,-4.40,37.37,37.55,001,101,0,0,1950,1984,2008,1896,1965,1961,42.54,33.7,3354,52.406,83.85,1
2026-09-01T21:22:22.677,12.953,2,50,50,484,484,74.7,75.6,-0.52,0.60,0.68,0.72,0.06,-0.33,-0.52,0.64,-5.82,-3.89,37.36,37.42,110,010,0,0,1960,1968,2056,1904,1993,1939,42.54,33.7,3348,52.312,83.70,1
2026-09-01T21:22:22.686,12.961,2,50,50,484,484,77.6,79.5,0.39,-0.47,0.68,0.44,-0.09,0.21,0.39,-0.47,-5.80,-4.33,37.36,37.56,011,100,0,0,1958,1996,2001,1890,1946,1963,42.54,33.7,3353,52.391,83.83,1
2026-09-01T21:22:22.698,12.973,2,50,50,484,484,76.1,74.4,0.06,-0.06,1.00,0.62,0.09,-0.65,0.06,-0.06,-6.11,-3.44,37.29,37.65,100,001,0,0,1969,2000,2040,1897,1994,1951,42.54,33.7,3349,52.328,83.72,1
2026-09-01T21:22:22.710,12.985,2,50,50,484,484,76.5,78.4,-0.04,0.27,0.84,0.46,-0.53,0.60,-0.04,0.27,-5.87,-3.48,37.36,37.63,010,110,0,0,1964,1995,2006,1884,1969,1964,42.54,33.7,3352,52.375,83.80,1
2026-09-01T21:22:22.721,12.997,2,50,50,507,484,79.9,75.8,0.39,-0.69,1.16,0.46,0.30,-0.37,0.39,-0.58,-6.20,-3.22,37.29,37.67,101,101,0,0,1966,1978,2014,1887,1967,1967,42.54,33.7,3353,52.391,83.83,1
2026-09-01T21:22:22.737,13.013,2,50,50,484,484,73.8,72.4,-0.68,0.31,0.58,0.30,-0.12,-0.15,-0.68,0.31,-6.02,-3.08,37.32,37.68,110,010,0,0,1953,1992,2032,1876,1974,1943,42.54,33.7,3349,52.328,83.72,1
2026-09-01T21:22:22.745,13.021,2,50,50,507,463,70.7,75.0,0.62,-0.68,0.82,0.36,0.07,0.47,0.62,-0.68,-6.00,-4.03,37.25,37.59,001,100,0,0,1969,1973,2021,1886,1990,1948,42.54,33.7,3352,52.375,83.80,1
2026-09-01T21:22:22.757,13.032,2,50,50,484,463,80.0,75.5,-0.85,0.09,0.46,0.88,0.17,0.20,-0.80,0.03,-6.18,-3.82,37.30,37.61,110,011,0,0,1949,1977,2020,1890,1895,1951,42.54,33.7,3349,52.328,83.72,1
2026-09-01T21:22:22.771,13.046,2,50,50,484,484,69.8,79.9,0.26,-0.01,0.60,0.30,-0.04,1.43,0.26,-0.17,-5.80,-4.88,37.36,37.49,001,110,0,0,1951,1981,2008,1873,1978,1995,42.54,33.7,3410,53.281,85.25,1
2026-09-01T21:22:22.780,13.056,2,50,50,484,484,80.0,78.3,-0.23,-0.61,0.92,0.50,0.38,-0.27,-0.23,-0.61,-5.85,-4.33,37.35,37.56,100,101,0,0,1958,1996,2005,1896,1969,1959,42.54,33.7,3353,52.391,83.83,1
2026-09-01T21:22:22.792,13.068,2,50,50,484,484,76.9,75.9,0.06,0.61,0.34,0.64,-0.35,-0.32,0.06,0.61,-5.53,-4.22,37.40,37.46,011,010,0,0,1950,1993,2000,1902,1996,1936,42.54,33.7,3349,52.328,83.72,1
2026-09-01T21:22:22.804,13.079,2,50,50,484,484,78.2,79.8,0.15,-0.27,0.74,0.64,0.61,0.40,0.15,-0.27,-6.22,-4.49,37.29,37.54,101,100,0,0,1961,1985,2006,1900,1963,1953,42.54,33.7,3352,52.375,83.80,1
2026-09-01T21:22:22.816,13.091,2,50,50,484,484,71.9,78.5,-0.33,-0.34,0.88,0.54,-0.27,-0.29,-0.33,-0.34,-6.22,-3.82,37.29,37.61,010,001,0,0,1971,1997,1995,1887,1983,1942,42.54,33.7,3351,52.359,83.78,1
2026-09-01T21:22:22.827,13.103,2,50,50,484,484,79.8,74.7,0.37,0.69,0.52,0.84,0.31,-0.21,0.37,0.69,-6.23,-3.29,37.29,37.38,001,110,0,0,1950,1994,2008,1900,1975,1952,42.54,33.7,3352,52.375,83.80,1
2026-09-01T21:22:22.839,13.114,2,50,50,484,484,75.0,79.3,-0.14,-0.74,1.20,0.44,-0.01,-0.29,-0.14,-0.74,-6.34,-3.27,37.27,37.66,110,101,0,0,1984,1953,2055,1888,1976,1958,42.54,33.7,3351,52.359,83.78,1
2026-09-01T21:22:22.851,13.126,2,50,50,484,484,79.4,71.9,0.64,0.37,1.16,0.36,-0.44,-0.35,0.64,0.37,-5.95,-2.83,37.10,37.70,011,010,0,0,1990,2014,2003,1880,1984,1947,42.54,33.7,3414,53.344,85.35,1
2026-09-01T21:22:22.862,13.138,2,50,50,507,463,75.0,78.5,0.08,-0.55,1.02,0.42,0.03,1.20,0.08,-0.55,-6.31,-3.63,37.29,37.61,100,100,0,0,1982,1994,2055,1877,2024,1962,42.54,33.7,3352,52.375,83.80,1
2026-09-01T21:22:22.874,13.149,2,50,50,484,484,79.9,79.7,-0.10,-0.33,0.84,0.38,-0.56,-0.42,-0.10,-0.33,-6.08,-3.71,37.31,37.63,010,001,0,0,1974,2012,2013,1886,1983,1951,42.54,33.7,3352,52.375,83.80,1
2026-09-01T21:22:22.886,13.161,2,50,50,484,484,71.8,75.3,0.44,0.48,0.70,0.56,0.43,0.28,0.44,0.48,-6.26,-4.05,37.19,37.59,001,010,0,0,1954,2003,2016,1892,1988,1941,42.54,33.7,3352,52.375,83.80,1
2026-09-01T21:22:22.898,13.173,2,50,50,484,484,79.0,78.2,-0.62,-0.75,0.64,0.70,0.09,0.13,-0.62,-0.83,-6.03,-4.45,37.32,37.54,110,101,0,0,1957,1988,2010,1896,1995,1935,42.54,33.7,3352,52.375,83.80,1
2026-09-01T21:22:22.910,13.185,2,50,50,484,484,76.3,79.0,0.53,0.23,0.86,0.38,-0.07,-0.15,0.53,0.23,-5.52,-4.12,37.10,37.58,001,011,0,0,1965,1990,2011,1884,1979,1944,42.54,33.7,3349,52.328,83.72,1
2026-09-01T21:22:22.921,13.197,2,50,50,484,484,77.4,70.4,-0.53,-0.08,0.52,0.62,0.61,0.61,-0.53,-0.08,-6.11,-4.63,37.31,37.52,100,110,0,0,1953,1992,2017,1895,1970,1943,42.54,33.7,3353,52.391,83.83,1
2026-09-01T21:22:22.933,13.208,2,50,50,484,484,77.7,79.4,0.33,-0.53,0.92,0.40,-0.31,-0.21,0.33,-0.53,-5.72,-4.04,37.17,37.59,011,001,0,0,1973,2004,1996,1885,1987,1943,42.54,33.7,3349,52.328,83.72,1
2026-09-01T21:22:22.945,13.220,2,50,50,484,484,79.4,78.2,0.28,0.57,0.68,0.62,0.85,-0.08,0.28,0.57,-6.53,-3.80,37.23,37.47,101,010,0,0,1966,1980,2010,1900,1991,1932,42.54,33.7,3351,52.359,83.78,1
2026-09-01T21:22:22.956,13.231,2,50,50,484,484,76.2,74.2,-0.45,-0.44,1.04,0.70,0.21,-0.09,-0.45,-0.44,-6.39,-3.68,37.26,37.63,110,100,0,0,1967,1988,2000,1903,1943,1975,42.54,33.7,3353,52.391,83.83,1
2026-09-01T21:22:22.969,13.244,2,50,50,484,484,77.7,77.4,0.83,-0.08,1.16,0.30,-0.24,-0.44,0.83,-0.08,-5.85,-2.93,36.79,37.68,001,011,0,0,1984,1978,2029,1872,1955,1947,42.54,33.7,3350,52.344,83.75,1
2026-09-01T21:22:22.979,13.255,2,50,50,484,484,78.2,79.7,-0.19,0.00,0.92,0.30,0.27,0.86,-0.22,-0.10,-6.21,-3.56,37.29,37.64,100,110,0,0,1980,1984,2000,1881,1967,1959,42.54,33.7,3352,52.375,83.80,1
2026-09-01T21:22:22.992,13.267,2,50,50,484,484,75.4,70.6,0.48,-0.33,1.28,0.70,-0.88,-0.64,0.48,-0.33,-5.92,-3.01,37.14,37.69,011,001,0,0,1966,1996,2000,1896,1985,1951,42.54,33.7,3350,52.344,83.75,1
2026-09-01T21:22:23.003,13.278,2,50,50,484,484,73.4,80.0,0.19,0.30,0.94,0.14,0.56,0.60,0.19,0.30,-6.44,-4.01,37.26,37.59,101,010,0,0,1979,1976,2000,1881,1978,1955,42.54,33.7,3350,52.344,83.75,1
2026-09-01T21:22:23.015,13.290,2,50,50,484,463,79.7,76.8,0.03,-0.69,1.28,0.38,-0.66,0.95,0.03,-0.69,-5.72,-4.78,37.37,37.50,010,100,0,0,1990,2019,1996,1882,1994,1946,42.54,33.7,3353,52.391,83.83,1
2026-09-01T21:22:23.027,13.302,2,50,50,484,484,68.7,73.3,0.55,0.04,0.84,0.58,0.02,-0.67,0.55,0.04,-5.47,-4.13,37.01,37.58,001,011,0,0,1967,1978,2016,1887,1941,1947,42.54,33.7,3406,53.219,85.15,1
2026-09-01T21:22:23.038,13.314,2,50,50,484,484,79.6,80.0,-0.62,0.31,0.76,0.76,0.00,0.68,-0.62,0.31,-5.64,-4.66,37.38,37.52,110,110,0,0,1957,1988,2012,1897,1979,1959,42.54,33.7,3352,52.375,83.80,1
2026-09-01T21:22:23.050,13.325,2,50,50,484,484,75.2,79.8,0.54,-0.57,0.90,0.78,-0.29,-0.03,0.54,-0.57,-5.41,-4.45,37.21,37.54,011,101,0,0,1972,2000,2002,1898,1984,1962,42.54,33.7,3353,52.391,83.83,1
2026-09-01T21:22:23.062,13.337,2,50,50,484,484,78.9,70.4,0.04,0.64,1.00,0.78,0.42,-0.52,0.04,0.64,-6.11,-3.86,37.31,37.39,100,010,0,0,1977,1980,2007,1904,1999,1939,42.54,33.7,3415,53.359,85.38,1
2026-09-01T21:22:23.073,13.348,2,50,50,484,484,78.4,76.0,0.14,-0.17,1.14,0.56,-0.62,0.55,0.23,-0.32,-5.78,-4.27,37.36,37.56,010,100,0,0,1984,2012,2016,1881,1983,1957,42.54,33.7,3351,52.359,83.78,1
2026-09-01T21:22:23.085,13.360,2,50,50,484,484,70.5,80.0,0.29,0.10,0.28,1.02,0.92,-0.85,0.29,0.10,-6.52,-3.28,37.24,37.66,101,001,0,0,1941,2023,2017,1915,1977,1978,42.54,33.7,3351,52.359,83.78,1
2026-09-01T21:22:23.098,13.373,2,50,50,484,484,79.5,69.5,-0.06,0.42,1.40,0.38,-0.23,0.07,-0.06,0.42,-6.19,-3.35,37.30,37.63,110,010,0,0,1993,1994,1989,1884,1985,1938,42.54,33.7,3351,52.359,83.78,1
2026-09-01T21:22:23.108,13.384,2,50,50,484,484,74.3,79.6,0.56,-0.71,0.84,0.46,-0.20,-0.19,0.56,-0.66,-6.01,-3.34,37.03,37.66,001,101,0,0,1966,1985,2018,1890,1972,1957,42.54,33.7,3352,52.375,83.80,1
2026-09-01T21:22:23.120,13.395,2,50,50,484,463,79.8,79.5,-0.35,-0.21,0.84,-0.02,0.66,0.79,-0.35,-0.21,-6.53,-3.52,37.24,37.64,100,011,0,0,1962,1976,2032,1858,1919,1963,42.54,33.7,3350,52.344,83.75,1
2026-09-01T21:22:23.132,13.407,2,50,50,484,484,74.6,73.0,0.15,0.24,0.78,0.86,-0.96,0.18,0.15,0.10,-5.72,-3.78,37.35,37.62,011,100,0,0,1964,1987,1989,1914,2046,1967,42.54,33.7,3349,52.328,83.72,1
2026-09-01T21:22:23.144,13.419,2,50,50,507,484,76.6,79.7,0.38,-0.31,1.10,0.60,0.28,-0.58,0.38,-0.31,-6.19,-3.88,37.21,37.61,101,001,0,0,1982,1960,2019,1896,1980,1958,42.54,33.7,3350,52.344,83.75,1
2026-09-01T21:22:23.155,13.431,2,50,50,484,484,78.7,76.1,-0.47,0.71,0.52,0.76,-0.40,0.01,-0.47,0.71,-5.76,-4.19,37.37,37.39,010,010,0,0,1956,1990,2016,1908,1999,1931,42.54,33.7,3350,52.344,83.75,1
2026-09-01T21:22:23.167,13.442,2,50,50,484,484,75.2,70.1,0.41,-0.66,0.76,0.46,0.16,0.32,0.41,-0.66,-5.75,-4.67,37.28,37.52,001,101,0,0,1955,1983,2014,1887,1978,1951,42.54,33.7,3416,53.375,85.40,1
2026-09-01T21:22:23.179,13.454,2,50,50,507,484,79.9,79.0,-0.58,0.56,0.52,0.94,0.00,-0.74,-0.57,0.65,-6.18,-3.89,37.30,37.37,110,011,0,0,1948,1996,2020,1904,1987,1959,42.54,33.7,3352,52.375,83.80,1
2026-09-01T21:22:23.190,13.466,2,50,50,484,484,75.0,79.5,0.60,-0.04,0.98,0.42,-0.42,0.93,0.60,-0.04,-5.91,-4.51,37.23,37.54,011,110,0,0,1976,1997,2012,1880,1969,1965,42.54,33.7,3352,52.375,83.80,1
2026-09-01T21:22:23.202,13.477,2,50,50,484,484,79.9,72.7,-0.10,-0.24,0.92,0.94,0.26,-0.87,-0.10,-0.24,-6.52,-3.43,37.24,37.65,100,001,0,0,1964,1995,1999,1908,1971,1939,42.54,33.7,3350,52.344,83.75,1
2026-09-01T21:22:23.214,13.489,2,50,50,484,484,70.5,79.8,0.03,0.43,0.68,0.38,-0.52,-0.05,0.03,0.43,-5.98,-3.29,37.33,37.53,011,010,0,0,1959,1999,2003,1883,1982,1935,42.54,33.7,3409,53.266,85.22,1
2026-09-01T21:22:23.226,13.501,2,50,50,484,484,80.0,75.8,0.06,-0.56,0.50,0.62,1.11,0.26,0.06,-0.56,-6.41,-3.40,37.26,37.66,101,100,0,0,1941,2033,2008,1895,1971,1959,42.54,33.7,3352,52.375,83.80,1
2026-09-01T21:22:23.237,13.513,2,50,50,507,484,74.9,76.3,-0.55,-0.05,0.52,0.38,-0.33,-0.43,-0.55,-0.05,-6.08,-2.86,37.31,37.70,010,011,0,0,1952,1997,2010,1880,1951,1947,42.54,33.7,3348,52.312,83.70,1
2026-09-01T21:22:23.249,13.525,2,50,50,484,484,79.9,80.0,0.31,0.11,0.48,0.46,0.31,0.85,0.31,0.11,-6.13,-3.84,37.31,37.61,001,110,0,0,1949,1992,2007,1888,1973,1950,42.54,33.7,3352,52.375,83.80,1
2026-09-01T21:22:23.260,13.536,2,50,50,484,484,73.5,77.6,-0.64,-0.64,0.60,0.54,0.02,-0.21,-0.64,-0.64,-6.17,-3.87,37.30,37.61,110,101,0,0,1971,2009,2001,1897,1978,1965,42.54,33.7,3353,52.391,83.83,1
2026-09-01T21:22:23.272,13.547,2,50,50,507,484,78.9,70.9,0.31,0.55,0.68,0.62,-0.54,-0.33,0.31,0.55,-5.36,-3.80,37.42,37.55,011,010,0,0,1960,1984,2019,1898,1989,1945,42.54,33.7,3345,52.266,83.62,1
2026-09-01T21:22:23.284,13.559,2,50,50,507,484,78.9,78.2,-0.09,-0.30,0.82,0.46,0.13,0.70,-0.12,-0.42,-5.70,-4.55,37.37,37.53,100,100,0,0,1971,1990,2002,1883,1979,1959,42.54,33.7,3352,52.375,83.80,1
2026-09-01T21:22:23.298,13.573,2,50,50,484,484,76.8,79.9,-0.25,-0.01,0.56,0.86,-0.53,-0.75,-0.25,-0.01,-5.33,-4.02,37.43,37.59,010,001,0,0,1962,1992,2008,1912,1983,1975,42.54,33.7,3350,52.344,83.75,1
2026-09-01T21:22:23.307,13.583,2,50,50,484,484,79.8,72.3,0.23,0.40,0.42,0.46,0.74,0.25,0.23,0.40,-6.22,-4.12,37.29,37.58,101,010,0,0,1951,1989,2005,1889,1983,1947,42.54,33.7,3350,52.344,83.75,1
2026-09-01T21:22:23.319,13.594,2,50,50,507,484,71.6,79.3,-0.36,-0.28,0.68,1.12,-0.51,-0.62,-0.36,-0.28,-6.03,-3.82,37.32,37.62,010,101,0,0,1967,2021,1995,1923,1938,1975,42.54,33.7,3410,53.281,85.25,1
2026-09-01T21:22:23.331,13.606,2,50,50,484,484,79.8,79.3,0.37,0.23,0.60,0.44,0.15,-0.36,0.37,0.23,-6.00,-3.43,37.31,37.65,001,011,0,0,1948,1996,2001,1885,1983,1943,42.54,33.7,3350,52.344,83.75,1
2026-09-01T21:22:23.342,13.618,2,50,50,484,484,71.9,72.8,-0.51,0.12,0.76,0.78,0.17,0.17,-0.51,0.12,-6.23,-3.51,37.29,37.64,100,100,0,0,1963,1991,2011,1907,1986,1942,42.54,33.7,3417,53.391,85.42,1
2026-09-01T21:22:23.357,13.632,2,50,50,484,484,79.9,79.6,0.31,-0.57,0.72,0.46,-0.35,-0.04,0.31,-0.57,-5.78,-3.11,37.36,37.68,011,001,0,0,1960,1993,2004,1880,1994,1927,42.54,33.7,3350,52.344,83.75,1
2026-09-01T21:22:23.365,13.641,2,50,50,507,484,74.8,78.0,0.24,0.35,1.16,0.30,-0.07,0.24,0.24,0.35,-6.01,-3.20,37.33,37.67,101,010,0,0,1988,1998,2057,1880,1975,1950,42.54,33.7,3348,52.312,83.70,1
2026-09-01T21:22:23.377,13.652,2,50,50,507,463,79.4,72.0,-0.19,-0.80,0.84,0.38,-0.68,0.63,-0.19,-0.80,-5.69,-4.20,37.38,37.57,010,101,0,0,1963,2014,2022,1881,1991,1945,42.54,33.7,3351,52.359,83.78,1
2026-09-01T21:22:23.389,13.664,2,50,50,507,484,77.0,78.6,0.32,0.18,0.66,0.56,0.10,-0.32,0.32,0.18,-5.63,-3.80,37.36,37.62,101,011,0,0,1953,2008,2002,1891,1955,1955,42.54,33.7,3349,52.328,83.72,1
2026-09-01T21:22:23.401,13.676,2,50,50,507,484,73.0,78.2,-0.53,0.00,0.68,0.46,-0.31,0.88,-0.53,0.00,-5.55,-4.55,37.40,37.53,110,110,0,0,1960,2002,2000,1884,1970,1951,42.54,33.7,3352,52.375,83.80,1
2026-09-01T21:22:23.412,13.687,2,50,50,484,484,79.3,70.7,0.39,-0.09,0.52,1.12,-0.04,-0.62,0.39,-0.11,-5.64,-4.02,37.38,37.59,001,101,0,0,1948,1989,2003,1920,1951,1983,42.54,33.7,3346,52.281,83.65,1
2026-09-01T21:22:23.424,13.699,2,50,50,484,484,72.0,78.1,-0.75,0.40,0.36,0.46,0.57,0.04,-0.75,0.40,-6.29,-4.20,37.29,37.57,110,010,0,0,1946,1985,2024,1890,1978,1950,42.54,33.7,3351,52.359,83.78,1
2026-09-01T21:22:23.436,13.711,2,50,50,507,484,79.4,78.3,0.25,-0.31,0.64,0.82,-0.42,0.15,0.25,-0.31,-5.73,-4.39,37.37,37.55,011,100,0,0,1956,1984,2010,1908,1958,1964,42.54,33.7,3352,52.375,83.80,1
2026-09-01T21:22:23.448,13.723,2,50,50,484,484,76.2,72.8,0.03,-0.07,0.96,0.38,0.21,-0.54,0.03,-0.07,-6.27,-3.55,37.28,37.64,100,011,0,0,1970,1988,2013,1883,1978,1943,42.54,33.7,3348,52.312,83.70,1
2026-09-01T21:22:23.459,13.735,2,50,50,484,484,79.5,79.8,-0.28,0.27,0.58,0.58,-0.41,0.42,-0.20,0.15,-5.99,-3.66,37.33,37.63,010,110,0,0,1956,1989,2008,1892,1968,1950,42.54,33.7,3352,52.375,83.80,1
2026-09-01T21:22:23.471,13.746,2,50,50,507,484,74.5,75.9,0.56,-0.51,0.84,0.62,-0.19,-0.62,0.56,-0.51,-5.95,-3.19,37.21,37.68,101,101,0,0,1977,2077,1995,1903,1959,1990,42.54,33.7,3353,52.391,83.83,1
2026-09-01T21:22:23.483,13.758,2,50,50,484,484,77.3,76.2,-0.63,0.48,0.68,0.54,-0.02,-0.24,-0.63,0.48,-6.27,-2.91,37.28,37.62,110,010,0,0,1951,1992,2011,1892,1982,1943,42.54,33.7,3349,52.328,83.72,1
2026-09-01T21:22:23.495,13.770,2,50,50,484,484,78.8,79.6,0.29,-0.84,0.68,0.22,0.09,1.15,0.29,-0.84,-5.93,-3.84,37.34,37.61,001,100,0,0,1949,2005,1990,1872,1991,1967,42.54,33.7,3352,52.375,83.80,1
2026-09-01T21:22:23.506,13.781,2,50,50,484,484,73.7,74.3,-0.45,-0.12,0.76,0.46,0.10,-0.56,-0.45,-0.12,-6.17,-3.53,37.30,37.64,100,001,0,0,1961,2005,1993,1891,1979,1955,42.54,33.7,3350,52.344,83.75,1
2026-09-01T21:22:23.518,13.793,2,50,50,484,484,79.2,79.4,0.23,0.50,0.50,0.68,-0.37,0.36,0.23,0.50,-5.54,-4.13,37.40,37.57,011,110,0,0,1948,1983,2008,1900,1989,1935,42.54,33.7,3352,52.375,83.80,1
2026-09-01T21:22:23.529,13.805,2,50,50,507,484,71.5,79.8,0.06,-0.68,1.00,0.54,0.28,0.03,0.06,-0.68,-5.89,-4.46,37.34,37.54,100,101,0,0,1969,1974,1996,1889,1971,1958,42.54,33.7,3353,52.391,83.83,1
2026-09-01T21:22:23.541,13.817,2,50,50,484,484,80.0,79.5,-0.47,0.24,0.80,0.50,-0.06,0.06,-0.47,0.24,-5.72,-4.44,37.37,37.55,010,011,0,0,1942,1977,2016,1885,1967,1955,42.54,33.7,3350,52.344,83.75,1
2026-09-01T21:22:23.553,13.829,2,50,50,484,484,80.0,79.5,0.23,-0.19,0.62,0.72,0.74,0.51,0.23,-0.19,-6.16,-4.66,37.30,37.52,101,100,0,0,1956,2000,2010,1897,1977,1957,42.54,33.7,3352,52.375,83.80,1
2026-09-01T21:22:23.565,13.840,2,50,50,484,484,70.4,79.1,-0.52,-0.16,0.64,0.74,-0.19,-0.61,-0.52,-0.09,-6.09,-3.83,37.31,37.61,010,001,0,0,1955,1989,2007,1895,1991,1955,42.54,33.7,3408,53.250,85.20,1
2026-09-01T21:22:23.577,13.852,2,50,50,484,484,79.9,72.1,0.44,0.66,0.72,0.86,0.18,-0.37,0.44,0.66,-6.13,-3.62,37.31,37.22,001,110,0,0,1956,1992,2008,1900,1963,2032,42.54,33.7,3351,52.359,83.78,1
2026-09-01T21:22:23.588,13.864,2,50,50,507,484,76.2,80.0,-0.57,-0.67,0.78,0.52,-0.18,-0.29,-0.57,-0.67,-6.13,-3.50,37.31,37.65,110,101,0,0,1958,1977,2032,1892,1972,1964,42.54,33.7,3352,52.375,83.80,1
2026-09-01T21:22:23.600,13.875,2,50,50,484,484,76.5,69.9,0.48,0.30,0.74,0.36,-0.31,-0.20,0.48,0.30,-5.79,-3.04,37.34,37.68,011,011,0,0,1979,1996,2003,1883,1979,1943,42.54,33.7,3350,52.344,83.75,1
2026-09-01T21:22:23.612,13.887,2,50,50,484,484,79.5,79.7,-0.37,-0.65,0.76,0.42,0.84,1.14,-0.37,-0.65,-6.50,-3.65,37.24,37.62,100,100,0,0,1949,2000,2032,1875,2003,1967,42.54,33.7,3352,52.375,83.80,1
2026-09-01T21:22:23.624,13.899,2,50,50,507,484,72.7,77.2,-0.02,0.20,0.80,0.98,-0.74,-0.92,-0.02,0.20,-5.91,-2.93,37.34,37.70,010,001,0,0,1960,2003,2024,1912,1983,1975,42.54,33.7,3350,52.344,83.75,1
2026-09-01T21:22:23.635,13.911,2,50,50,507,484,80.0,73.1,0.27,0.43,0.68,0.46,0.40,0.41,0.21,0.41,-6.27,-3.98,37.28,37.60,101,110,0,0,1965,1978,2016,1887,1979,1939,42.54,33.7,3351,52.359,83.78,1
2026-09-01T21:22:23.648,13.923,2,50,50,484,484,80.0,74.1,-0.41,-0.41,0.44,0.74,-0.44,-0.52,-0.32,-0.33,-5.64,-3.80,37.38,37.62,010,101,0,0,1951,1986,2013,1902,1959,1969,42.54,33.7,3353,52.391,83.83,1
2026-09-01T21:22:23.659,13.935,2,50,50,484,484,69.9,71.5,0.41,0.36,0.44,0.38,0.27,-0.01,0.41,0.36,-5.92,-3.98,37.34,37.60,001,010,0,0,1958,1996,2028,1882,1978,1944,42.54,33.7,3405,53.203,85.12,1
2026-09-01T21:22:23.671,13.946,2,50,50,484,484,79.5,79.5,-0.67,-0.44,0.60,0.42,0.11,0.82,-0.67,-0.44,-6.23,-4.69,37.29,37.51,110,100,0,0,1956,1993,2010,1884,1981,1960,42.54,33.7,3352,52.375,83.80,1
2026-09-01T21:22:23.683,13.958,2,50,50,484,484,74.2,76.6,0.63,0.04,0.84,0.78,-0.24,-0.89,0.63,0.04,-5.85,-3.92,37.10,37.60,001,001,0,0,1963,2022,1968,1907,1983,1971,42.54,33.7,3349,52.328,83.72,1
2026-09-01T21:22:23.695,13.970,2,50,50,484,484,76.2,72.5,-0.37,0.60,0.80,0.78,0.15,-0.14,-0.46,0.29,-6.32,-3.96,37.27,37.40,100,110,0,0,1966,1995,2000,1892,1962,2039,42.54,33.7,3351,52.359,83.78,1
2026-09-01T21:22:23.706,13.982,2,50,50,484,484,77.0,79.6,0.16,-0.61,0.90,0.56,-0.35,-0.36,0.16,-0.61,-5.88,-3.89,37.35,37.60,011,101,0,0,1954,1988,1988,1892,1959,1975,42.54,33.7,3352,52.375,83.80,1
2026-09-01T21:22:23.718,13.993,2,50,50,507,484,72.3,74.5,0.00,0.36,0.74,0.52,0.40,-0.33,0.00,0.36,-6.37,-3.31,37.26,37.63,101,011,0,0,1960,1972,2000,1888,1981,1943,42.54,33.7,3350,52.344,83.75,1
2026-09-01T21:22:23.730,14.005,2,50,50,484,484,80.0,77.8,-0.25,-0.33,0.76,0.46,-0.54,0.66,-0.25,-0.33,-5.94,-3.76,37.34,37.62,010,100,0,0,1965,1997,2008,1880,1983,1963,42.54,33.7,3352,52.375,83.80,1
2026-09-01T21:22:23.742,14.017,2,50,50,507,484,79.6,70.3,0.29,0.25,0.40,0.74,0.65,-0.96,0.29,0.25,-6.25,-2.76,37.29,37.70,101,001,0,0,1953,1994,2006,1908,1991,1965,42.54,33.7,3349,52.328,83.72,1
2026-09-01T21:22:23.754,14.029,2,50,50,484,484,75.1,77.8,-0.82,0.26,0.48,0.42,0.17,0.65,-0.82,0.26,-6.10,-3.74,37.31,37.62,110,110,0,0,1945,1988,2018,1883,1975,1969,42.54,33.7,3352,52.375,83.80,1
2026-09-01T21:22:23.765,14.040,2,50,50,484,484,78.7,80.0,0.32,-0.73,0.84,0.52,0.07,0.28,0.32,-0.73,-5.64,-4.23,37.38,37.58,001,101,0,0,1952,1990,2004,1891,1979,1951,42.54,33.7,3352,52.375,83.80,1
2026-09-01T21:22:23.777,14.052,2,50,50,507,484,71.2,74.0,-0.26,0.39,1.08,0.46,-0.33,-0.25,-0.26,0.39,-5.63,-4.01,37.39,37.59,100,011,0,0,1983,2016,1974,1889,1983,1943,42.54,33.7,3345,52.266,83.62,1
2026-09-01T21:22:23.789,14.064,2,50,50,484,484,79.9,76.3,0.26,-0.17,0.58,0.62,-0.21,0.53,0.26,-0.17,-5.57,-4.59,37.39,37.51,011,100,0,0,1954,1995,1995,1888,1987,1957,42.54,33.7,3351,52.359,83.78,1
2026-09-01T21:22:23.800,14.076,2,50,50,484,484,72.0,79.8,0.03,-0.34,0.76,0.60,0.42,-0.29,0.03,-0.34,-6.22,-4.40,37.29,37.55,100,001,0,0,1974,1982,2014,1887,1989,1945,42.54,33.7,3407,53.234,85.17,1
2026-09-01T21:22:23.812,14.087,2,50,50,507,484,80.0,77.0,-0.14,0.65,0.80,0.64,-0.56,-0.13,-0.14,0.65,-5.86,-4.02,37.35,37.32,010,010,0,0,1968,2012,2024,1896,1995,1925,42.54,33.7,3351,52.359,83.78,1
2026-09-01T21:22:23.824,14.099,2,50,50,484,484,70.3,74.7,0.42,-0.51,0.52,0.78,0.55,-0.25,0.42,-0.51,-6.34,-4.01,37.27,37.59,101,101,0,0,1952,2004,2015,1905,1958,1959,42.54,33.7,3352,52.375,83.80,1
2026-09-01T21:22:23.835,14.111,2,50,50,484,484,80.0,79.6,-0.52,0.10,0.84,0.42,0.02,-0.32,-0.51,0.18,-6.22,-3.50,37.29,37.65,110,011,0,0,1964,1992,2016,1880,1971,1947,42.54,33.7,3350,52.344,83.75,1
2026-09-01T21:22:23.848,14.123,2,50,50,484,484,79.8,77.8,0.51,-0.18,0.74,0.54,0.01,0.37,0.51,-0.18,-5.99,-3.66,37.29,37.63,001,100,0,0,1966,1985,2017,1898,1967,1954,42.54,33.7,3352,52.375,83.80,1
2026-09-01T21:22:23.859,14.134,2,50,50,484,484,70.4,79.8,-0.72,-0.25,0.60,0.68,0.42,-0.57,-0.72,-0.19,-6.41,-3.03,37.26,37.68,110,001,0,0,1947,1987,2017,1891,1989,1951,42.54,33.7,3408,53.250,85.20,1
2026-09-01T21:22:23.871,14.146,2,50,50,507,484,79.8,73.2,0.42,0.49,1.00,0.52,-0.76,0.06,0.42,0.49,-5.53,-3.04,37.38,37.63,011,010,0,0,1971,1984,2021,1895,1983,1938,42.54,33.7,3350,52.344,83.75,1
2026-09-01T21:22:23.883,14.158,2,50,50,507,484,76.1,78.1,0.10,-1.07,0.96,0.14,0.25,0.87,0.10,-1.07,-6.04,-4.12,37.33,37.58,100,101,0,0,1977,1984,1996,1875,1992,1947,42.54,33.7,3351,52.359,83.78,1
2026-09-01T21:22:23.894,14.169,2,50,50,484,463,79.1,79.9,-0.59,0.06,0.20,0.46,0.05,0.45,-0.59,0.06,-5.73,-4.11,37.37,37.58,010,011,0,0,1942,1979,2016,1883,1918,1966,42.54,33.7,3350,52.344,83.75,1
2026-09-01T21:22:23.906,14.181,2,50,50,507,484,76.0,78.1,0.37,-0.31,0.56,0.16,0.33,1.53,0.37,-0.31,-5.82,-4.86,37.36,37.49,101,110,0,0,1956,1986,2009,1871,1977,1965,42.54,33.7,3352,52.375,83.80,1
2026-09-01T21:22:23.918,14.193,2,50,50,507,484,74.3,73.3,-0.60,-0.39,0.84,0.82,-0.30,-0.46,-0.60,-0.39,-5.91,-4.18,37.34,37.57,110,001,0,0,1956,2010,1999,1898,1983,1920,42.54,33.7,3349,52.328,83.72,1
2026-09-01T21:22:23.929,14.205,2,50,50,484,484,79.4,79.7,0.33,0.65,0.52,0.74,0.17,-0.22,0.33,0.69,-6.12,-4.23,37.31,37.39,001,010,0,0,1948,2004,1984,1904,2003,1932,42.54,33.7,3350,52.344,83.75,1
2026-09-01T21:22:23.941,14.217,2,50,50,484,484,73.5,77.5,-0.39,-0.28,0.78,0.92,0.14,0.03,-0.39,-0.28,-6.33,-4.20,37.27,37.57,100,100,0,0,1962,1992,2004,1908,1949,1964,42.54,33.7,3353,52.391,83.83,1
2026-09-01T21:22:23.953,14.228,2,50,50,484,484,76.5,79.7,0.49,0.13,0.80,0.30,-0.47,-0.52,0.49,0.13,-5.93,-3.53,37.34,37.62,011,011,0,0,1966,1992,2016,1880,1984,1943,42.54,33.7,3350,52.344,83.75,1
2026-09-01T21:22:23.965,14.240,2,50,50,507,484,79.9,74.0,-0.27,-0.07,0.74,0.46,0.40,0.56,-0.27,-0.07,-6.34,-3.93,37.27,37.60,100,110,0,0,1956,2004,2004,1890,1971,1947,42.54,33.7,3352,52.375,83.80,1
2026-09-01T21:22:23.976,14.252,2,50,50,507,484,71.1,75.2,-0.07,-0.25,0.60,0.90,-0.85,-0.55,0.07,-0.32,-5.71,-3.09,37.37,37.68,010,001,0,0,1956,2002,2040,1896,1989,1939,42.54,33.7,3349,52.328,83.72,1
2026-09-01T21:22:23.988,14.263,2,50,50,507,484,79.7,78.6,0.19,0.51,0.52,0.46,0.71,-0.06,0.19,0.51,-6.33,-3.16,37.27,37.59,101,010,0,0,1948,1989,2016,1886,1992,1917,42.54,33.7,3350,52.344,83.75,1
2026-09-01T21:22:24.000,14.275,2,50,50,484,484,72.3,76.7,-0.58,-0.82,0.56,0.14,-0.31,0.83,-0.58,-0.82,-5.93,-3.70,37.34,37.63,110,100,0,0,1960,1992,2002,1874,1981,1958,42.54,33.7,3352,52.375,83.80,1
2026-09-01T21:22:24.011,14.287,2,50,50,507,484,79.4,74.0,0.35,0.23,0.44,1.08,-0.01,-0.71,0.35,0.23,-5.60,-3.38,37.39,37.65,001,011,0,0,1950,1968,2018,1900,1909,1947,42.54,33.7,3349,52.328,83.72,1
2026-09-01T21:22:24.023,14.298,2,50,50,484,484,77.0,79.9,-0.71,0.31,0.76,0.70,-0.14,0.46,-0.71,0.31,-5.69,-4.28,37.37,37.56,110,110,0,0,1954,1978,2024,1900,1978,1935,42.54,33.7,3352,52.375,83.80,1
2026-09-01T21:22:24.035,14.310,2,50,50,484,484,78.5,76.4,0.34,-0.36,0.56,0.82,-0.25,-0.35,0.34,-0.36,-5.59,-4.17,37.39,37.58,011,101,0,0,1955,1992,2002,1910,1955,1964,42.54,33.7,3353,52.391,83.83,1
2026-09-01T21:22:24.047,14.322,2,50,50,507,484,79.0,74.9,-0.01,0.35,0.90,0.36,0.21,0.03,-0.07,0.39,-6.25,-4.28,37.29,37.56,100,010,0,0,1974,1985,1997,1883,1983,1942,42.54,33.7,3349,52.328,83.72,1
2026-09-01T21:22:24.058,14.334,2,50,50,507,484,71.1,80.0,0.16,-0.30,0.98,0.62,-0.90,0.53,0.28,-0.44,-5.77,-4.70,37.36,37.51,010,100,0,0,1974,2008,2024,1892,1973,1959,42.54,33.7,3352,52.375,83.80,1
2026-09-01T21:22:24.070,14.345,2,50,50,484,484,80.0,74.1,0.25,-0.02,0.52,0.66,0.97,-0.73,0.25,-0.02,-6.61,-3.89,37.22,37.60,101,001,0,0,1952,1996,2008,1896,1989,1957,42.54,33.7,3350,52.344,83.75,1
2026-09-01T21:22:24.082,14.357,2,50,50,484,484,74.9,77.6,-0.59,0.34,0.52,0.62,-0.34,0.49,-0.46,0.19,-6.12,-4.17,37.31,37.56,010,110,0,0,1954,1992,2016,1888,1971,1967,42.54,33.7,3351,52.359,83.78,1
2026-09-01T21:22:24.093,14.369,2,50,50,484,484,79.0,79.6,0.50,-0.60,0.74,0.62,0.07,-0.30,0.50,-0.60,-6.00,-3.74,37.31,37.63,001,101,0,0,1960,1989,2012,1897,1969,1967,42.54,33.7,3352,52.375,83.80,1
2026-09-01T21:22:24.105,14.380,2,50,50,484,484,75.0,74.3,-0.71,0.08,0.38,0.12,0.28,0.40,-0.71,0.08,-6.27,-3.55,37.29,37.64,110,010,0,0,1953,1987,2017,1876,1966,1950,42.54,33.7,3349,52.328,83.72,1
2026-09-01T21:22:24.117,14.392,2,50,50,507,484,74.5,78.7,0.38,-0.45,0.64,0.38,-0.49,0.72,0.38,-0.45,-5.60,-3.72,37.39,37.62,011,100,0,0,1960,1981,2022,1880,1979,1969,42.54,33.7,3352,52.375,83.80,1
2026-09-01T21:22:24.129,14.404,2,50,50,484,484,80.0,76.0,-0.32,0.16,0.60,0.90,0.41,-0.97,-0.32,0.16,-5.99,-2.98,37.33,37.69,100,001,0,0,1952,2000,2004,1908,1987,1971,42.54,33.7,3350,52.344,83.75,1
2026-09-01T21:22:24.142,14.417,2,50,50,507,484,74.3,74.7,-0.07,0.43,0.44,0.54,-0.52,0.45,0.02,0.43,-5.33,-4.14,37.43,37.58,011,110,0,0,1948,1984,2009,1893,1985,1943,42.54,33.7,3350,52.344,83.75,1
2026-09-01T21:22:24.152,14.427,2,50,50,484,484,79.5,79.4,-0.08,-0.57,0.44,0.62,1.23,-0.14,-0.19,-0.57,-6.32,-4.18,37.27,37.57,101,101,0,0,1944,2008,2008,1898,1968,1958,42.54,33.7,3353,52.391,83.83,1
2026-09-01T21:22:24.164,14.439,2,50,50,484,484,75.9,78.3,-0.41,0.17,0.80,0.28,-0.43,0.11,-0.41,0.17,-5.78,-4.27,37.36,37.56,010,011,0,0,1956,1928,2020,1880,1970,1949,42.54,33.7,3349,52.328,83.72,1
2026-09-01T21:22:24.176,14.451,2,50,50,484,484,76.3,73.7,0.35,0.14,0.44,0.86,0.39,0.24,0.35,0.14,-6.27,-4.61,37.28,37.52,001,110,0,0,1943,1998,2009,1904,1999,1947,42.54,33.7,3352,52.375,83.80,1
2026-09-01T21:22:24.187,14.463,2,50,50,484,484,79.8,80.0,-0.44,-0.25,0.92,0.70,-0.07,-0.78,-0.47,-0.16,-6.31,-3.97,37.28,37.60,110,001,0,0,1968,1992,2008,1896,1990,1967,42.54,33.7,3350,52.344,83.75,1
2026-09-01T21:22:24.199,14.474,2,50,50,484,484,72.4,76.0,0.23,0.73,0.36,0.82,-0.27,-0.18,0.23,0.73,-5.88,-3.73,37.34,37.29,011,010,0,0,1944,1982,2008,1904,1998,1920,42.54,33.7,3351,52.359,83.78,1
2026-09-01T21:22:24.211,14.486,2,50,50,507,484,79.7,75.8,-0.46,-0.65,0.50,0.62,0.45,-0.18,-0.46,-0.65,-6.34,-3.87,37.27,37.61,100,101,0,0,1950,2000,2002,1900,1965,1959,42.54,33.7,3351,52.359,83.78,1
2026-09-01T21:22:24.222,14.498,2,50,50,507,484,73.0,80.0,-0.02,0.24,0.52,0.54,-0.77,-0.34,-0.02,0.24,-5.69,-3.19,37.37,37.67,010,011,0,0,1953,1979,2000,1883,1975,1941,42.54,33.7,3351,52.359,83.78,1
2026-09-01T21:22:24.234,14.509,2,50,50,507,484,79.7,74.5,0.18,-0.03,0.52,0.46,0.70,0.43,0.18,-0.03,-6.33,-3.42,37.27,37.65,101,110,0,0,1953,1992,2004,1892,1967,1943,42.54,33.7,3352,52.375,83.80,1
2026-09-01T21:22:24.246,14.521,2,50,50,507,484,77.1,78.3,-0.31,-0.21,0.76,0.66,-0.51,-0.68,-0.23,-0.21,-5.72,-2.82,37.37,37.70,010,001,0,0,1964,2004,2016,1896,1984,1963,42.54,33.7,3349,52.328,83.72,1
2026-09-01T21:22:24.257,14.533,2,50,50,507,484,77.1,79.7,0.37,0.29,0.46,0.20,0.00,0.44,0.37,0.29,-5.54,-3.58,37.40,37.64,001,010,0,0,1947,1964,2032,1873,1979,1935,42.54,33.7,3350,52.344,83.75,1
2026-09-01T21:22:24.269,14.544,2,50,50,507,463,74.6,79.2,-0.69,-0.71,0.68,0.36,-0.12,1.15,-0.69,-0.71,-5.71,-4.45,37.37,37.54,110,100,0,0,1959,1970,2051,1879,1993,1944,42.54,33.7,3352,52.375,83.80,1
2026-09-01T21:22:24.280,14.556,2,50,50,484,484,79.9,74.0,0.31,-0.21,0.60,0.38,-0.31,-0.53,0.31,-0.21,-5.57,-4.02,37.39,37.60,011,001,0,0,1956,1993,2004,1884,1983,1953,42.54,33.7,3350,52.344,83.75,1
2026-09-01T21:22:24.292,14.568,2,50,50,507,484,79.0,79.5,-0.05,0.28,0.84,0.60,0.31,0.81,-0.05,0.28,-6.28,-4.51,37.28,37.54,100,110,0,0,1971,1988,1998,1891,1975,1967,42.54,33.7,3352,52.375,83.80,1
2026-09-01T21:22:24.304,14.579,2,50,50,507,484,75.7,79.0,0.00,-0.34,0.84,0.94,-0.83,-0.42,0.00,-0.34,-5.88,-4.32,37.35,37.56,010,101,0,0,1967,2008,2020,1914,1956,1975,42.54,33.7,3353,52.391,83.83,1
2026-09-01T21:22:24.316,14.591,2,50,50,507,484,79.9,70.9,0.17,0.80,0.44,1.02,0.56,-0.53,0.17,0.75,-6.40,-3.85,37.26,37.34,101,010,0,0,1949,1988,2004,1909,1943,1975,42.54,33.7,3350,52.344,83.75,1
2026-09-01T21:22:24.327,14.603,2,50,50,484,484,70.0,80.0,-0.44,-0.45,0.66,0.42,-0.33,0.41,-0.44,-0.45,-6.01,-4.39,37.33,37.56,010,100,0,0,1955,1989,2009,1887,1946,1969,42.54,33.7,3410,53.281,85.25,1
2026-09-01T21:22:24.339,14.615,2,50,50,484,484,79.1,73.0,0.48,0.27,0.64,1.00,0.09,-0.98,0.48,0.27,-5.93,-3.35,37.34,37.66,001,001,0,0,1956,1988,2012,1912,1995,1966,42.54,33.7,3350,52.344,83.75,1
2026-09-01T21:22:24.351,14.626,2,50,50,484,484,78.1,79.1,-0.66,0.40,0.52,0.58,0.14,0.28,-0.66,0.40,-6.12,-3.56,37.31,37.64,110,110,0,0,1952,1988,2018,1897,1981,1943,42.54,33.7,3351,52.359,83.78,1
2026-09-01T21:22:24.363,14.638,2,50,50,507,484,74.6,78.0,0.35,-0.58,0.60,0.58,-0.46,-0.46,0.35,-0.58,-5.53,-3.18,37.40,37.68,011,101,0,0,1954,1980,2024,1896,1955,1980,42.54,33.7,3353,52.391,83.83,1
2026-09-01T21:22:24.374,14.650,2,50,50,484,484,80.0,73.8,-0.28,0.38,0.68,0.42,0.35,-0.15,-0.41,0.44,-5.90,-2.97,37.34,37.67,100,010,0,0,1957,2001,2006,1885,1979,1947,42.54,33.7,3349,52.328,83.72,1
2026-09-01T21:22:24.386,14.661,2,50,50,484,463,71.3,80.0,-0.24,-0.85,0.36,0.14,-0.11,1.52,-0.24,-0.85,-5.55,-4.25,37.40,37.56,011,100,0,0,1947,1991,1998,1863,2027,1951,42.54,33.7,3352,52.375,83.80,1
2026-09-01T21:22:24.398,14.673,2,50,50,484,484,77.5,72.9,0.06,0.25,0.60,0.94,0.52,-0.89,0.06,0.25,-5.93,-3.52,37.34,37.64,101,001,0,0,1952,1984,2020,1908,1977,1968,42.54,33.7,3350,52.344,83.75,1
2026-09-01T21:22:24.410,14.685,2,50,50,484,484,78.8,75.8,-0.52,0.42,0.70,0.78,0.10,1.16,-0.60,0.14,-5.95,-4.51,37.34,37.54,010,110,0,0,1947,1944,2022,1889,1975,2039,42.54,33.7,3351,52.359,83.78,1
2026-09-01T21:22:24.421,14.696,2,50,50,484,484,76.3,80.0,0.34,-0.62,0.36,0.58,0.37,-0.11,0.34,-0.59,-6.18,-4.41,37.30,37.55,001,101,0,0,1944,2000,2008,1894,1972,1957,42.54,33.7,3354,52.406,83.85,1
2026-09-01T21:22:24.433,14.708,2,50,50,484,484,79.8,74.0,-0.41,0.45,0.92,0.54,-0.02,-0.43,-0.41,0.45,-6.23,-3.93,37.29,37.59,110,011,0,0,1968,1989,2003,1890,1986,1939,42.54,33.7,3352,52.375,83.80,1
2026-09-01T21:22:24.445,14.720,2,50,50,484,484,71.7,78.1,0.40,-0.15,0.52,0.60,-0.29,0.35,0.41,-0.19,-5.98,-4.18,37.33,37.57,001,100,0,0,1952,1984,2012,1898,1965,1949,42.54,33.7,3352,52.375,83.80,1
2026-09-01T21:22:24.456,14.732,2,50,50,507,484,79.7,79.9,-0.43,-0.47,0.68,0.58,0.37,-0.09,-0.43,-0.47,-6.37,-3.72,37.26,37.62,100,001,0,0,1960,2002,1998,1886,1985,1941,42.54,33.7,3350,52.344,83.75,1
2026-09-01T21:22:24.468,14.743,2,50,50,507,484,71.1,75.5,-0.06,0.62,0.64,0.56,-0.85,-0.34,-0.06,0.62,-5.76,-3.26,37.37,37.47,010,010,0,0,1974,2004,2037,1902,2012,1912,42.54,33.7,3351,52.359,83.78,1
2026-09-01T21:22:24.480,14.755,2,50,50,507,484,79.7,76.6,0.11,-0.76,0.74,0.56,0.62,-0.06,0.11,-0.76,-6.30,-3.31,37.28,37.66,101,101,0,0,1949,1989,2003,1888,1975,1959,42.54,33.7,3351,52.359,83.78,1
2026-09-01T21:22:24.492,14.767,2,50,50,507,484,80.0,71.9,-0.16,0.37,0.84,0.34,-0.64,-0.33,-0.16,0.37,-5.73,-2.81,37.37,37.70,010,011,0,0,1966,2008,2032,1876,1979,1941,42.54,33.7,3413,53.328,85.33,1
2026-09-01T21:22:24.503,14.779,2,50,50,507,463,71.2,75.4,0.48,-0.32,0.60,0.66,-0.06,0.84,0.48,-0.32,-5.58,-3.69,37.37,37.63,101,100,0,0,1960,1965,2022,1876,2041,1969,42.54,33.7,3406,53.219,85.15,1
2026-09-01T21:22:24.515,14.790,2,50,50,507,484,80.0,80.0,-0.76,-0.21,0.64,0.70,-0.05,-0.54,-0.76,-0.16,-5.80,-3.44,37.36,37.65,110,001,0,0,1956,1994,2012,1900,1981,1957,42.54,33.7,3350,52.344,83.75,1
2026-09-01T21:22:24.527,14.802,2,50,50,484,484,70.8,78.3,0.38,0.45,0.60,0.38,-0.11,0.40,0.38,0.45,-5.72,-4.31,37.37,37.56,011,010,0,0,1955,1991,2003,1887,1982,1944,42.54,33.7,3407,53.234,85.17,1
2026-09-01T21:22:24.538,14.814,2,50,50,507,484,80.0,72.0,-0.11,-0.49,0.92,0.70,0.27,0.12,-0.11,-0.49,-6.41,-4.46,37.26,37.54,100,100,0,0,1976,1990,1996,1901,1967,1963,42.54,33.7,3352,52.375,83.80,1
2026-09-01T21:22:24.550,14.825,2,50,50,507,484,73.3,77.1,0.28,0.00,1.08,0.42,-0.93,-0.25,0.28,0.02,-5.89,-4.27,37.34,37.56,011,011,0,0,1979,1987,1989,1879,1938,1949,42.54,33.7,3350,52.344,83.75,1
2026-09-01T21:22:24.562,14.837,2,50,50,507,484,77.6,78.9,0.06,0.10,0.50,0.56,0.50,0.71,0.06,0.10,-6.56,-4.74,37.23,37.51,101,110,0,0,1953,1984,2000,1892,1975,1951,42.54,33.7,3352,52.375,83.80,1
2026-09-01T21:22:24.573,14.848,2,50,50,507,484,73.3,75.3,-0.39,-0.24,0.56,0.98,-0.55,-0.56,-0.39,-0.24,-6.00,-4.01,37.33,37.60,010,101,0,0,1967,1969,2012,1918,1951,1977,42.54,33.7,3409,53.266,85.22,1
2026-09-01T21:22:24.585,14.860,2,50,50,484,484,78.9,77.6,0.21,0.41,0.32,0.46,0.53,-0.20,0.21,0.41,-6.32,-3.71,37.27,37.50,001,010,0,0,1937,1993,2000,1889,1989,1933,42.54,33.7,3350,52.344,83.75,1
2026-09-01T21:22:24.598,14.873,2,50,50,507,484,72.6,77.8,-0.60,-0.73,0.60,0.42,-0.39,-0.09,-0.60,-0.73,-6.05,-3.68,37.32,37.63,110,101,0,0,1958,2009,1992,1887,1961,1970,42.54,33.7,3353,52.391,83.83,1
2026-09-01T21:22:24.609,14.884,2,50,50,484,484,78.7,80.0,0.26,0.22,0.52,0.46,0.11,-0.26,0.26,0.24,-5.88,-3.13,37.35,37.68,001,011,0,0,1944,2008,1984,1885,1975,1947,42.54,33.7,3350,52.344,83.75,1
2026-09-01T21:22:24.621,14.896,2,50,50,484,484,70.0,69.4,-0.58,-0.25,0.60,0.42,0.19,0.67,-0.58,-0.25,-6.00,-3.56,37.33,37.64,110,100,0,0,1960,1996,2009,1886,1990,1970,42.54,33.7,3471,54.234,86.78,1
2026-09-01T21:22:24.633,14.908,2,50,50,507,484,78.2,79.9,0.29,-0.02,0.52,0.82,-0.42,-0.82,0.29,-0.02,-5.40,-3.01,37.42,37.69,011,001,0,0,1948,1978,2034,1908,1970,1975,42.54,33.7,3350,52.344,83.75,1
2026-09-01T21:22:24.644,14.920,2,50,50,507,484,78.9,76.6,-0.21,0.47,0.70,0.46,0.47,0.14,-0.21,0.47,-5.72,-3.87,37.37,37.61,100,010,0,0,1957,1999,2007,1896,1987,1939,42.54,33.7,3350,52.344,83.75,1
2026-09-01T21:22:24.656,14.931,2,50,50,484,463,76.5,71.5,-0.55,-0.72,0.04,0.46,0.14,0.77,-0.55,-0.72,-5.88,-4.69,37.35,37.52,010,101,0,0,1931,1981,2001,1889,2000,1938,42.54,33.7,3417,53.391,85.42,1
2026-09-01T21:22:24.668,14.943,2,50,50,507,484,80.0,78.8,0.30,0.06,0.68,0.46,0.53,-0.13,0.22,0.12,-6.10,-4.25,37.31,37.57,101,011,0,0,1960,1988,2004,1881,1963,1951,42.54,33.7,3350,52.344,83.75,1
2026-09-01T21:22:24.680,14.955,2,50,50,484,484,70.0,77.9,-0.64,-0.09,0.52,0.44,-0.08,1.21,-0.64,-0.09,-6.05,-5.08,37.32,37.46,010,110,0,0,1959,1979,2016,1887,1973,1962,42.54,33.7,3352,52.375,83.80,1
2026-09-01T21:22:24.692,14.967,2,50,50,484,484,71.7,80.0,0.52,-0.25,0.80,0.62,0.22,-0.73,0.52,-0.25,-5.99,-4.16,37.32,37.58,001,001,0,0,1963,1986,2020,1897,1986,1963,42.54,33.7,3351,52.359,83.78,1
2026-09-01T21:22:24.704,14.979,2,50,50,484,484,80.0,74.9,-0.66,0.69,0.52,0.78,0.12,-0.14,-0.66,0.70,-6.21,-3.94,37.29,37.34,110,010,0,0,1950,1986,2032,1900,1995,1919,42.54,33.7,3352,52.375,83.80,1
2026-09-01T21:22:24.715,14.991,2,50,50,484,484,74.7,78.0,0.55,-0.69,0.68,0.46,-0.17,-0.11,0.55,-0.69,-5.89,-3.92,37.31,37.60,001,101,0,0,1964,1990,2009,1892,1961,1970,42.54,33.7,3351,52.359,83.78,1
2026-09-01T21:22:24.727,15.002,2,50,50,484,484,76.2,78.7,-0.53,0.20,0.68,0.38,0.34,-0.23,-0.53,0.20,-6.35,-3.35,37.27,37.66,100,011,0,0,1952,2005,2004,1880,1981,1942,42.54,33.7,3350,52.344,83.75,1
2026-09-01T21:22:24.739,15.014,2,50,50,484,484,79.9,77.7,0.19,-0.21,0.74,0.76,-0.37,0.50,0.19,-0.21,-5.71,-3.50,37.37,37.65,011,100,0,0,1949,1986,2002,1896,1989,1957,42.54,33.7,3351,52.359,83.78,1
2026-09-01T21:22:24.750,15.026,2,50,50,484,484,72.3,79.9,0.03,-0.43,0.76,0.38,0.54,-0.38,0.03,-0.43,-6.02,-3.08,37.32,37.68,101,001,0,0,1960,1984,2004,1888,1987,1947,42.54,33.7,3350,52.344,83.75,1
2026-09-01T21:22:24.762,15.038,2,50,50,484,484,80.0,74.2,-0.51,0.32,0.36,0.22,0.00,0.35,-0.51,0.32,-5.90,-3.77,37.34,37.62,010,010,0,0,1948,1978,2011,1884,1991,1939,42.54,33.7,3350,52.344,83.75,1
2026-09-01T21:22:24.774,15.049,2,50,50,484,484,76.0,76.0,0.48,-0.71,0.76,0.60,0.09,0.21,0.48,-0.71,-5.87,-4.14,37.34,37.58,101,101,0,0,1970,2048,1956,1886,2031,1938,42.54,33.7,3350,52.344,83.75,1
2026-09-01T21:22:24.785,15.061,2,50,50,484,484,79.4,79.7,-0.80,0.07,0.36,0.34,0.75,-0.12,-0.80,0.07,-6.65,-3.90,37.21,37.60,110,011,0,0,1940,1960,2043,1881,1957,1953,42.54,33.7,3350,52.344,83.75,1
2026-09-01T21:22:24.797,15.073,2,50,50,507,484,79.6,71.9,0.51,-0.11,0.76,0.46,-0.12,0.72,0.58,-0.15,-6.25,-4.60,37.29,37.52,001,110,0,0,1960,1984,2020,1888,1971,1949,42.54,33.7,3352,52.375,83.80,1
2026-09-01T21:22:24.809,15.085,2,50,50,507,484,71.9,78.1,-0.59,-0.33,0.76,0.62,-0.14,-0.54,-0.59,-0.22,-6.26,-4.21,37.28,37.57,110,001,0,0,1966,2005,1996,1899,1973,1962,42.54,33.7,3345,52.266,83.62,1
2026-09-01T21:22:24.821,15.096,2,50,50,484,484,79.5,78.2,0.34,0.60,0.60,0.68,-0.34,-0.12,0.34,0.60,-6.04,-3.95,37.32,37.48,011,010,0,0,1956,1992,2004,1900,1994,1926,42.54,33.7,3351,52.359,83.78,1
2026-09-01T21:22:24.833,15.108,2,50,50,484,484,77.3,73.1,-0.08,-0.43,0.92,0.70,0.37,-0.22,-0.08,-0.43,-6.42,-3.88,37.26,37.61,100,101,0,0,1960,2004,2042,1908,1957,1963,42.54,33.7,3350,52.344,83.75,1
2026-09-01T21:22:24.844,15.120,2,50,50,507,484,75.8,79.1,-0.11,0.05,0.52,0.30,-0.82,-0.36,0.02,0.12,-5.67,-3.38,37.38,37.65,010,011,0,0,1964,2008,2032,1880,1965,1944,42.54,33.7,3350,52.344,83.75,1
2026-09-01T21:22:24.856,15.132,2,50,50,507,484,79.9,74.4,0.17,0.22,0.36,0.78,0.70,0.29,0.17,0.22,-6.31,-3.45,37.28,37.65,101,110,0,0,1964,2002,1996,1912,1971,1939,42.54,33.7,3352,52.375,83.80,1
2026-09-01T21:22:24.868,15.143,2,50,50,507,484,73.0,77.5,-0.32,-0.49,0.84,0.50,-0.58,-0.35,-0.27,-0.50,-5.68,-3.00,37.38,37.69,010,001,0,0,1970,1961,2012,1884,1991,1936,42.54,33.7,3350,52.344,83.75,1
2026-09-01T21:22:24.880,15.155,2,50,50,484,484,79.8,79.8,0.53,0.42,0.68,0.46,-0.01,0.10,0.53,0.42,-5.71,-3.05,37.31,37.68,001,010,0,0,1961,1985,2013,1886,1980,1948,42.54,33.7,3350,52.344,83.75,1
2026-09-01T21:22:24.892,15.167,2,50,50,484,484,80.0,77.2,-0.64,-0.97,0.52,0.20,0.20,0.87,-0.64,-0.97,-6.06,-4.28,37.32,37.56,110,101,0,0,1955,1988,2012,1880,1983,1943,42.54,33.7,3351,52.359,83.78,1
2026-09-01T21:22:24.903,15.179,2,50,50,484,463,75.3,77.6,0.32,0.23,0.86,0.98,-0.21,0.24,0.36,0.17,-5.83,-3.75,37.35,37.62,011,011,0,0,1955,1985,2010,1897,1911,1959,42.54,33.7,3350,52.344,83.75,1
2026-09-01T21:22:24.915,15.190,2,50,50,484,484,79.6,78.9,-0.43,-0.10,0.68,0.36,0.96,1.15,-0.43,-0.10,-6.67,-4.64,37.21,37.52,100,110,0,0,1941,2004,2046,1881,1975,1963,42.54,33.7,3352,52.375,83.80,1
2026-09-01T21:22:24.927,15.202,2,50,50,484,484,73.8,72.4,-0.05,-0.49,0.72,0.62,-0.60,-0.39,-0.05,-0.49,-6.05,-4.10,37.32,37.58,010,101,0,0,1958,1997,2012,1895,1968,1961,42.54,33.7,3353,52.391,83.83,1
2026-09-01T21:22:24.938,15.214,2,50,50,507,484,80.0,78.0,0.37,0.45,0.76,0.52,0.39,-0.10,0.32,0.47,-6.46,-4.12,37.25,37.58,101,010,0,0,1969,1984,2012,1889,1987,1943,42.54,33.7,3350,52.344,83.75,1
2026-09-01T21:22:24.950,15.225,2,50,50,507,484,71.7,79.9,-0.41,-0.17,0.68,0.86,-0.51,0.14,-0.41,-0.17,-6.12,-4.22,37.31,37.57,010,100,0,0,1963,2013,2001,1911,1954,1959,42.54,33.7,3344,52.250,83.60,1
2026-09-01T21:22:24.962,15.237,2,50,50,484,484,79.5,71.2,0.35,-0.03,0.48,0.62,0.16,-0.70,0.35,-0.03,-6.25,-3.52,37.29,37.64,001,001,0,0,1949,1994,2009,1890,1989,1951,42.54,33.7,3416,53.375,85.40,1
2026-09-01T21:22:24.973,15.249,2,50,50,484,484,77.2,79.4,-0.51,0.33,1.18,0.58,-0.26,0.33,-0.51,0.18,-6.32,-3.66,37.27,37.63,110,110,0,0,1967,1959,2058,1892,1971,1957,42.54,33.7,3351,52.359,83.78,1
2026-09-01T21:22:24.985,15.260,2,50,50,484,484,77.5,78.0,0.20,-0.58,0.48,0.66,-0.09,-0.38,0.20,-0.58,-5.92,-3.26,37.34,37.67,011,101,0,0,1947,1983,2008,1894,1969,1965,42.54,33.7,3353,52.391,83.83,1
2026-09-01T21:22:24.998,15.273,2,50,50,484,484,75.2,79.6,-0.58,0.53,0.56,0.50,0.23,-0.03,-0.58,0.53,-5.98,-2.92,37.33,37.59,100,010,0,0,1952,2000,2002,1892,1985,1935,42.54,33.7,3350,52.344,83.75,1
2026-09-01T21:22:25.009,15.284,2,50,50,507,484,78.8,75.5,0.11,-0.95,0.48,0.06,-0.38,0.91,0.19,-0.93,-5.65,-3.67,37.38,37.63,011,100,0,0,1950,1990,2003,1872,1987,1954,42.54,33.7,3352,52.375,83.80,1
2026-09-01T21:22:25.021,15.296,2,50,50,484,484,70.3,75.5,-0.13,0.13,0.54,0.72,0.54,-0.45,-0.13,0.13,-6.22,-3.54,37.30,37.64,101,011,0,0,1953,1986,2000,1889,1942,1951,42.54,33.7,3349,52.328,83.72,1
2026-09-01T21:22:25.033,15.308,2,50,50,507,484,79.4,79.6,-0.30,0.36,0.64,0.76,-0.73,0.41,-0.16,0.32,-5.79,-4.05,37.36,37.59,010,110,0,0,1960,2008,2024,1904,1977,1929,42.54,33.7,3352,52.375,83.80,1
2026-09-01T21:22:25.044,15.320,2,50,50,484,484,70.3,75.3,0.51,-0.26,0.52,0.98,0.44,-0.45,0.51,-0.26,-6.28,-4.08,37.28,37.59,001,101,0,0,1952,2002,2028,1909,1955,1968,42.54,33.7,3352,52.375,83.80,1
2026-09-01T21:22:25.056,15.331,2,50,50,484,484,80.0,70.0,-0.57,0.34,0.76,0.38,-0.13,0.06,-0.57,0.34,-6.26,-4.23,37.29,37.57,110,010,0,0,1962,1995,2009,1880,1981,1947,42.54,33.7,3350,52.344,83.75,1
2026-09-01T21:22:25.068,15.343,2,50,50,484,484,74.8,79.9,0.47,-0.13,0.60,0.78,-0.19,0.16,0.47,-0.13,-5.96,-4.42,37.33,37.55,001,100,0,0,1960,1984,2016,1908,1957,1947,42.54,33.7,3351,52.359,83.78,1
2026-09-01T21:22:25.079,15.355,2,50,50,484,484,77.1,76.7,-0.83,-0.31,0.16,0.38,0.90,-0.50,-0.83,-0.31,-6.69,-3.82,37.21,37.61,100,001,0,0,1942,2001,2012,1886,1988,1953,42.54,33.7,3350,52.344,83.75,1
2026-09-01T21:22:25.092,15.367,2,50,50,484,484,79.8,76.2,0.09,0.50,0.52,0.72,-0.53,0.55,0.23,0.09,-5.86,-3.92,37.35,37.60,011,110,0,0,1948,1983,2009,1888,1969,1949,42.54,33.7,3352,52.375,83.80,1
2026-09-01T21:22:25.103,15.379,2,50,50,507,484,80.0,72.5,-0.15,-0.25,0.88,0.62,0.04,-0.63,-0.20,-0.25,-6.12,-3.20,37.31,37.67,100,001,0,0,1973,2004,1984,1899,1975,1967,42.54,33.7,3349,52.328,83.72,1
2026-09-01T21:22:25.115,15.390,2,50,50,507,484,71.0,79.6,0.15,0.29,0.84,0.26,-1.05,0.16,0.15,0.29,-5.39,-3.27,37.42,37.66,011,010,0,0,1972,2012,2030,1878,1983,1935,42.54,33.7,3409,53.266,85.22,1
2026-09-01T21:22:25.127,15.402,2,50,50,484,484,79.5,75.7,-0.06,-0.67,0.36,0.46,1.15,0.25,-0.06,-0.67,-6.19,-3.43,37.30,37.65,101,100,0,0,1944,2006,2008,1889,1967,1961,42.54,33.7,3352,52.375,83.80,1
2026-09-01T21:22:25.139,15.414,2,50,50,484,463,76.9,73.6,-0.49,0.01,0.86,1.00,-0.37,-0.51,-0.56,-0.20,-5.73,-3.17,37.37,37.67,010,011,0,0,1960,1932,2017,1892,1858,1935,42.54,33.7,3348,52.312,83.70,1
2026-09-01T21:22:25.154,15.430,2,50,50,507,484,76.8,80.0,0.53,0.47,0.76,0.74,0.03,0.34,0.53,0.47,-5.99,-4.04,37.31,37.59,001,110,0,0,1965,1976,2016,1907,1987,1929,42.54,33.7,3352,52.375,83.80,1
2026-09-01T21:22:25.162,15.437,2,50,50,484,484,78.9,76.4,-0.67,-0.54,0.52,0.62,0.14,-0.21,-0.67,-0.54,-6.30,-4.23,37.28,37.57,110,101,0,0,1946,1988,2017,1896,1971,1963,42.54,33.7,3354,52.406,83.85,1
2026-09-01T21:22:25.174,15.449,2,50,50,484,484,75.3,69.9,0.27,0.56,0.54,0.64,-0.35,-0.35,0.27,0.56,-5.87,-4.12,37.34,37.57,011,010,0,0,1949,1985,2016,1898,1992,1942,42.54,33.7,3349,52.328,83.72,1
2026-09-01T21:22:25.185,15.461,2,50,50,507,484,80.0,79.0,-0.17,-0.38,0.92,0.44,0.37,0.79,-0.33,-0.55,-6.21,-4.80,37.29,37.50,100,100,0,0,1968,2002,2001,1882,1983,1963,42.54,33.7,3352,52.375,83.80,1
2026-09-01T21:22:25.198,15.473,2,50,50,507,484,78.8,77.9,0.30,0.22,0.52,0.54,-0.47,-0.60,0.30,0.22,-5.69,-3.88,37.37,37.61,011,011,0,0,1953,1988,2016,1892,1981,1953,42.54,33.7,3350,52.344,83.75,1
2026-09-01T21:22:25.210,15.485,2,50,50,484,484,78.2,78.9,-0.18,-0.22,0.66,0.24,0.40,1.30,-0.18,-0.22,-6.23,-4.67,37.29,37.52,100,110,0,0,1956,1997,2010,1876,1971,1965,42.54,33.7,3351,52.359,83.78,1
2026-09-01T21:22:25.221,15.496,2,50,50,507,484,75.8,69.4,-0.18,-0.17,0.48,1.02,-0.72,-0.67,-0.18,-0.17,-5.74,-3.63,37.38,37.64,010,001,0,0,1954,2002,2023,1916,1955,1977,42.54,33.7,3349,52.328,83.72,1
2026-09-01T21:22:25.233,15.508,2,50,50,507,484,79.9,79.8,0.32,0.38,0.76,0.42,0.35,0.02,0.25,0.42,-6.03,-3.30,37.32,37.61,101,010,0,0,1963,1984,2012,1882,1979,1943,42.54,33.7,3350,52.344,83.75,1
2026-09-01T21:22:25.245,15.520,2,50,50,484,484,72.6,76.8,-0.49,-0.65,0.66,0.46,-0.30,0.43,-0.49,-0.65,-5.62,-3.55,37.39,37.64,110,100,0,0,1957,1992,2006,1884,1977,1961,42.54,33.7,3352,52.375,83.80,1
2026-09-01T21:22:25.256,15.532,2,50,50,507,484,79.2,74.9,0.60,0.01,0.78,0.76,-0.21,-0.46,0.60,0.01,-5.50,-2.85,37.28,37.70,001,011,0,0,1969,1960,2030,1885,1907,1943,42.54,33.7,3349,52.328,83.72,1
2026-09-01T21:22:25.268,15.543,2,50,50,484,484,70.0,80.1,-0.70,0.13,0.48,0.46,0.36,0.81,-0.70,0.13,-6.08,-3.73,37.31,37.62,110,110,0,0,1951,1984,2024,1886,1973,1960,42.54,33.7,3353,52.391,83.83,1
2026-09-01T21:22:25.280,15.555,2,50,50,484,484,80.0,77.6,0.04,-0.72,0.52,0.54,-0.04,-0.04,0.04,-0.72,-5.75,-3.97,37.37,37.60,011,101,0,0,1942,1993,1983,1890,1977,1955,42.54,33.7,3353,52.391,83.83,1
2026-09-01T21:22:25.292,15.567,2,50,50,484,484,79.8,79.3,-0.19,0.50,0.82,0.60,0.35,-0.09,-0.19,0.50,-6.21,-4.01,37.29,37.59,100,010,0,0,1958,2002,2005,1894,1991,1943,42.54,33.7,3350,52.344,83.75,1
2026-09-01T21:22:25.303,15.579,2,50,50,507,484,72.9,79.8,-0.06,-0.55,0.68,0.44,-0.67,0.66,-0.06,-0.55,-5.73,-4.69,37.37,37.51,010,100,0,0,1960,2000,2018,1884,1978,1964,42.54,33.7,3352,52.375,83.80,1
2026-09-01T21:22:25.315,15.590,2,50,50,484,484,79.5,75.3,0.37,-0.02,0.76,0.78,0.39,-0.66,0.37,-0.02,-6.15,-4.07,37.30,37.59,101,001,0,0,1963,1989,2010,1897,1991,1959,42.54,33.7,3350,52.344,83.75,1
2026-09-01T21:22:25.327,15.602,2,50,50,507,484,71.6,75.8,-0.54,0.53,0.56,0.74,-0.50,0.61,-0.44,0.35,-5.96,-4.34,37.33,37.56,010,110,0,0,1967,2012,1999,1895,1976,1972,42.54,33.7,3408,53.250,85.20,1
2026-09-01T21:22:25.338,15.614,2,50,50,484,484,79.5,79.1,0.26,-0.33,0.58,1.06,0.37,-0.44,0.26,-0.33,-6.06,-3.93,37.32,37.60,001,101,0,0,1940,1996,2005,1916,1953,1968,42.54,33.7,3353,52.391,83.83,1
2026-09-01T21:22:25.355,15.630,2,50,50,484,484,74.8,71.0,-0.64,0.51,0.64,0.62,-0.04,-0.53,-0.64,0.51,-5.98,-3.37,37.33,37.45,110,010,0,0,1960,1998,2002,1896,1995,1939,42.54,33.7,3413,53.328,85.33,1
2026-09-01T21:22:25.362,15.637,2,50,50,484,484,76.7,79.3,0.16,-0.23,0.52,0.70,0.02,0.54,0.16,-0.23,-5.52,-3.75,37.40,37.62,011,100,0,0,1948,1986,2001,1896,1977,1960,42.54,33.7,3352,52.375,83.80,1
2026-09-01T21:22:25.374,15.649,2,50,50,507,484,80.0,76.1,-0.53,-0.23,0.36,0.46,0.59,-0.59,-0.53,-0.23,-5.92,-2.88,37.34,37.70,100,001,0,0,1945,2009,1996,1884,1991,1951,42.54,33.7,3350,52.344,83.75,1
2026-09-01T21:22:25.386,15.661,2,50,50,484,484,71.4,77.5,-0.13,0.38,0.36,0.54,-0.29,0.32,-0.13,0.38,-5.59,-3.18,37.39,37.64,011,110,0,0,1947,1991,2002,1894,1979,1945,42.54,33.7,3352,52.375,83.80,1
2026-09-01T21:22:25.398,15.673,2,50,50,484,484,70.3,72.7,-0.02,-0.58,0.64,0.52,0.57,-0.29,-0.02,-0.58,-6.28,-3.70,37.28,37.63,101,101,0,0,1958,1980,2001,1894,1959,1969,42.54,33.7,3353,52.391,83.83,1
2026-09-01T21:22:25.409,15.685,2,50,50,507,484,79.4,77.1,-0.23,0.37,0.84,0.26,-0.67,0.50,-0.23,0.37,-5.81,-4.03,37.36,37.59,010,010,0,0,1965,2004,2020,1885,1975,1951,42.54,33.7,3349,52.328,83.72,1
2026-09-01T21:22:25.421,15.696,2,50,50,484,484,70.2,80.0,0.41,-0.29,0.52,0.62,0.50,0.38,0.41,-0.29,-6.23,-4.47,37.29,37.54,101,100,0,0,1951,2006,2015,1900,1964,1959,42.54,33.7,3353,52.391,83.83,1
2026-09-01T21:22:25.433,15.708,2,50,50,507,484,79.7,78.4,-0.65,-0.24,0.72,0.54,-0.13,-0.48,-0.65,-0.24,-6.05,-4.02,37.32,37.59,110,001,0,0,1960,2000,2009,1892,1983,1953,42.54,33.7,3350,52.344,83.75,1
2026-09-01T21:22:25.444,15.720,2,50,50,484,484,69.8,70.3,0.42,0.63,0.58,0.70,-0.19,-0.07,0.42,0.63,-5.79,-4.11,37.36,37.42,011,010,0,0,1953,1990,2005,1901,1998,1927,42.54,33.7,3402,53.156,85.05,1
2026-09-01T21:22:25.456,15.731,2,50,50,484,484,80.0,78.8,-0.60,-0.70,0.70,0.96,0.68,0.05,-0.60,-0.70,-6.36,-4.04,37.27,37.59,100,101,0,0,1949,2004,2016,1900,1999,1939,42.54,33.7,3351,52.359,83.78,1
2026-09-01T21:22:25.468,15.743,2,50,50,507,484,75.9,79.1,0.16,0.41,1.02,0.56,-0.76,-0.62,0.16,0.47,-5.60,-3.40,37.39,37.53,011,011,0,0,1964,1997,2018,1892,1989,1943,42.54,33.7,3349,52.328,83.72,1
2026-09-01T21:22:25.479,15.755,2,50,50,507,484,74.2,72.9,0.11,0.01,0.76,0.74,0.25,0.26,0.11,0.01,-5.99,-3.66,37.33,37.63,101,100,0,0,1968,1968,1997,1895,1994,1958,42.54,33.7,3353,52.391,83.83,1
2026-09-01T21:22:25.491,15.767,2,50,50,484,484,79.7,80.0,-0.55,-0.01,0.36,0.86,-0.30,-0.84,-0.55,-0.01,-5.61,-2.89,37.39,37.70,010,001,0,0,1948,1984,2012,1912,1987,1971,42.54,33.7,3344,52.250,83.60,1
2026-09-01T21:22:25.504,15.779,2,50,50,507,484,80.0,79.1,0.18,0.20,0.60,0.56,0.44,0.51,0.11,0.20,-5.83,-3.39,37.35,37.65,101,110,0,0,1960,1986,2005,1891,1969,1955,42.54,33.7,3352,52.375,83.80,1
2026-09-01T21:22:25.515,15.790,2,50,50,507,484,71.3,79.2,-0.46,-0.77,0.66,0.38,-0.43,0.04,-0.46,-0.77,-5.73,-3.57,37.37,37.64,110,101,0,0,1980,2011,1995,1888,1983,1969,42.54,33.7,3344,52.250,83.60,1
2026-09-01T21:22:25.527,15.802,2,50,50,484,484,79.8,75.3,0.29,0.18,0.48,0.30,0.25,0.23,0.27,0.24,-6.11,-3.99,37.31,37.60,001,011,0,0,1947,2000,1998,1879,1974,1947,42.54,33.7,3350,52.344,83.75,1
2026-09-01T21:22:25.538,15.814,2,50,50,484,484,72.0,74.8,-0.46,0.12,0.74,0.94,0.10,0.30,-0.46,0.12,-6.27,-4.17,37.29,37.55,110,100,0,0,1964,1988,2004,1900,2031,1960,42.54,33.7,3351,52.359,83.78,1
2026-09-01T21:22:25.550,15.825,2,50,50,484,463,79.9,79.3,0.22,-0.52,0.60,0.38,-0.44,-0.16,0.22,-0.52,-5.83,-4.40,37.35,37.55,011,001,0,0,1950,1981,2025,1880,1981,1939,42.54,33.7,3350,52.344,83.75,1
2026-09-01T21:22:25.562,15.837,2,50,50,507,484,76.2,74.9,-0.05,0.68,0.72,0.74,0.24,-0.24,-0.05,0.68,-6.20,-4.21,37.29,37.38,100,010,0,0,1956,1997,2016,1908,2011,1907,42.54,33.7,3349,52.328,83.72,1
2026-09-01T21:22:25.573,15.849,2,50,50,507,484,77.9,71.9,-0.30,-0.25,0.52,1.02,-0.56,-0.27,-0.30,-0.25,-5.84,-4.33,37.36,37.56,010,101,0,0,1952,1991,2027,1912,2017,1930,42.54,33.7,3351,52.359,83.78,1
2026-09-01T21:22:25.585,15.860,2,50,50,507,484,79.0,79.7,0.31,0.22,0.52,0.46,0.67,-0.57,0.21,0.32,-6.22,-3.85,37.29,37.61,101,011,0,0,1952,1997,2006,1889,1987,1951,42.54,33.7,3350,52.344,83.75,1
2026-09-01T21:22:25.598,15.873,2,50,50,507,484,79.8,79.4,-0.14,-0.39,1.12,0.54,-0.66,0.64,-0.14,-0.39,-5.63,-4.14,37.39,37.57,010,100,0,0,1966,2016,2020,1885,1975,1963,42.54,33.7,3352,52.375,83.80,1
2026-09-01T21:22:25.609,15.885,2,50,50,484,484,69.6,78.0,0.36,-0.08,0.68,0.78,0.25,-0.75,0.36,-0.08,-5.69,-3.20,37.37,37.67,101,001,0,0,1951,1995,2009,1895,1987,1956,42.54,33.7,3351,52.359,83.78,1
2026-09-01T21:22:25.621,15.896,2,50,50,484,484,76.4,78.4,-0.84,0.38,0.30,0.40,0.32,0.26,-0.84,0.38,-5.96,-3.30,37.33,37.64,110,110,0,0,1944,1976,2026,1893,1981,1942,42.54,33.7,3351,52.359,83.78,1
2026-09-01T21:22:25.633,15.908,2,50,50,507,484,78.8,79.7,0.46,-0.69,0.68,0.46,-0.06,-0.18,0.46,-0.69,-5.64,-3.29,37.38,37.66,001,101,0,0,1958,1980,2014,1886,1979,1957,42.54,33.7,3353,52.391,83.83,1
2026-09-01T21:22:25.645,15.920,2,50,50,484,463,77.3,76.4,-0.45,-0.10,0.60,-0.18,0.52,0.89,-0.45,-0.10,-6.36,-3.69,37.27,37.63,100,011,0,0,1957,1986,2016,1859,1934,1974,42.54,33.7,3350,52.344,83.75,1
2026-09-01T21:22:25.656,15.932,2,50,50,484,463,79.4,75.7,0.07,-0.04,0.50,1.00,-0.42,1.05,0.12,-0.31,-5.94,-4.17,37.34,37.57,011,100,0,0,1948,1984,2003,1896,2031,1958,42.54,33.7,3351,52.359,83.78,1
2026-09-01T21:22:25.668,15.943,2,50,50,507,484,72.3,80.0,0.07,-0.25,0.80,0.68,0.41,-0.60,0.07,-0.25,-6.38,-3.97,37.26,37.60,101,001,0,0,1965,1969,2007,1893,1979,1961,42.54,33.7,3350,52.344,83.75,1
2026-09-01T21:22:25.680,15.955,2,50,50,484,484,80.0,75.2,-0.43,0.56,0.52,0.62,-0.46,0.09,-0.43,0.56,-6.01,-4.18,37.33,37.52,010,010,0,0,1952,1987,2016,1896,1991,1939,42.54,33.7,3350,52.344,83.75,1
2026-09-01T21:22:25.692,15.967,2,50,50,507,484,79.9,80.0,0.25,-0.63,0.52,0.60,0.61,-0.16,0.25,-0.63,-6.35,-4.27,37.27,37.56,101,101,0,0,1950,1992,2001,1894,1967,1963,42.54,33.7,3353,52.391,83.83,1
2026-09-01T21:22:25.705,15.981,2,50,50,484,484,70.0,74.1,-0.52,0.47,0.88,0.58,-0.23,-0.42,-0.52,0.47,-6.07,-3.68,37.31,37.55,110,011,0,0,1953,1986,2006,1889,1985,1942,42.54,33.7,3350,52.344,83.75,1
2026-09-01T21:22:25.715,15.991,2,50,50,484,484,79.0,78.0,0.16,-0.22,0.20,0.56,0.58,0.39,0.16,-0.22,-6.10,-4.09,37.31,37.58,001,100,0,0,1937,1994,2000,1897,1963,1951,42.54,33.7,3352,52.375,83.80,1
2026-09-01T21:22:25.727,16.002,2,50,50,507,484,78.9,77.9,-0.64,-0.05,0.68,0.70,-0.11,-0.71,-0.64,-0.05,-5.79,-3.27,37.36,37.67,110,001,0,0,1960,1996,2002,1900,1991,1959,42.54,33.7,3350,52.344,83.75,1
2026-09-01T21:22:25.739,16.014,2,50,50,507,484,73.3,70.3,0.40,0.61,0.42,0.60,-0.52,-0.07,0.40,0.61,-5.24,-3.19,37.44,37.39,011,110,0,0,1960,1979,2029,1896,1968,1994,42.54,33.7,3351,52.359,83.78,1
2026-09-01T21:22:25.751,16.026,2,50,50,507,484,72.7,74.6,-0.55,-0.58,0.60,0.46,0.24,-0.41,-0.55,-0.58,-5.91,-3.20,37.34,37.68,100,101,0,0,1950,2000,2008,1892,1965,1970,42.54,33.7,3354,52.406,83.85,1
2026-09-01T21:22:25.763,16.038,2,50,50,507,484,80.0,76.3,0.21,0.47,0.44,0.42,-0.33,-0.09,0.30,0.47,-5.82,-3.10,37.36,37.56,011,010,0,0,1949,1989,2018,1886,1983,1947,42.54,33.7,3349,52.328,83.72,1
2026-09-01T21:22:25.775,16.050,2,50,50,507,463,75.1,80.0,0.06,-0.65,0.92,0.40,0.17,1.07,0.06,-0.65,-6.44,-4.23,37.25,37.57,101,100,0,0,1976,2002,2064,1880,1993,1955,42.54,33.7,3352,52.375,83.80,1
2026-09-01T21:22:25.786,16.062,2,50,50,507,484,79.7,75.7,-0.26,0.15,0.64,0.86,-0.54,-0.90,-0.26,0.15,-6.20,-3.53,37.29,37.64,010,001,0,0,1960,2006,2028,1909,1986,1975,42.54,33.7,3350,52.344,83.75,1
2026-09-01T21:22:25.798,16.073,2,50,50,484,484,70.2,70.0,0.45,0.55,0.68,0.62,0.23,0.30,0.45,0.55,-6.21,-4.34,37.29,37.49,101,110,0,0,1957,1992,2012,1897,1973,1962,42.54,33.7,3426,53.531,85.65,1
2026-09-01T21:22:25.810,16.085,2,50,50,484,484,78.9,79.0,-0.87,-0.74,0.42,0.76,0.07,0.08,-0.87,-0.74,-6.30,-4.59,37.28,37.53,110,101,0,0,1947,1990,2016,1897,1989,1943,42.54,33.7,3352,52.375,83.80,1
2026-09-01T21:22:25.821,16.097,2,50,50,484,484,78.1,78.3,0.53,0.21,0.82,0.32,-0.07,0.01,0.53,0.21,-5.95,-4.25,37.33,37.57,001,011,0,0,1962,1992,2010,1883,1975,1949,42.54,33.7,3349,52.328,83.72,1
2026-09-01T21:22:25.833,16.108,2,50,50,507,484,69.8,73.6,-0.56,-0.12,0.76,0.52,-0.09,0.44,-0.56,-0.12,-6.07,-4.46,37.31,37.54,100,100,0,0,1963,2014,1986,1895,1967,1942,42.54,33.7,3345,52.266,83.62,1
2026-09-01T21:22:25.845,16.120,2,50,50,507,484,79.4,80.0,0.26,-0.47,0.52,0.38,-0.52,-0.37,0.26,-0.47,-5.60,-3.79,37.39,37.62,011,001,0,0,1956,1983,2016,1884,1991,1943,42.54,33.7,3350,52.344,83.75,1
2026-09-01T21:22:25.857,16.132,2,50,50,507,484,78.1,69.2,-0.08,0.51,0.68,0.54,0.25,-0.04,-0.08,0.51,-5.85,-3.47,37.35,37.52,100,110,0,0,1966,1992,1988,1894,1989,1937,42.54,33.7,3350,52.344,83.75,1
2026-09-01T21:22:25.869,16.144,2,50,50,484,484,75.5,79.9,-0.33,-0.73,0.32,0.50,-0.29,-0.27,-0.20,-0.66,-5.59,-3.28,37.39,37.66,010,101,0,0,1940,1986,2024,1886,1975,1955,42.54,33.7,3353,52.391,83.83,1
2026-09-01T21:22:25.880,16.156,2,50,50,484,484,80.0,73.4,0.03,0.24,0.44,0.30,1.35,-0.19,0.03,0.24,-6.27,-2.86,37.28,37.70,101,010,0,0,1937,2045,2016,1883,1979,1943,42.54,33.7,3351,52.359,83.78,1
2026-09-01T21:22:25.892,16.168,2,50,50,507,484,77.4,79.9,-0.60,-0.69,0.30,0.46,-0.01,1.22,-0.60,-0.69,-6.35,-3.50,37.27,37.64,010,100,0,0,1948,1990,2018,1870,2003,1967,42.54,33.7,3351,52.359,83.78,1
2026-09-01T21:22:25.904,16.179,2,50,50,484,484,80.0,79.7,0.38,-0.39,0.50,0.46,0.30,-0.38,0.38,-0.39,-6.25,-3.43,37.28,37.65,001,001,0,0,1949,1997,2003,1888,1979,1949,42.54,33.7,3350,52.344,83.75,1
2026-09-01T21:22:25.915,16.190,2,50,50,507,484,73.5,75.3,-0.61,0.48,0.68,0.46,-0.14,0.35,-0.61,0.49,-6.23,-4.04,37.29,37.59,110,010,0,0,1960,1976,2026,1890,1985,1944,42.54,33.7,3350,52.344,83.75,1
2026-09-01T21:22:25.927,16.202,2,50,50,484,484,78.4,74.9,0.14,-0.36,0.36,0.90,-0.22,-0.09,0.14,-0.36,-5.86,-4.32,37.35,37.55,011,101,0,0,1944,1983,2010,1902,2019,1928,42.54,33.7,3353,52.391,83.83,1
2026-09-01T21:22:25.939,16.214,2,50,50,507,484,79.1,80.0,-0.31,0.16,0.60,0.46,0.55,-0.16,-0.31,0.16,-6.38,-4.14,37.26,37.58,100,011,0,0,1952,2000,2009,1885,1971,1947,42.54,33.7,3350,52.344,83.75,1
2026-09-01T21:22:25.950,16.226,2,50,50,507,484,74.3,77.1,-0.11,-0.06,0.74,0.44,-0.79,0.85,-0.11,-0.06,-5.86,-4.80,37.35,37.50,010,110,0,0,1960,1992,2068,1884,1971,1946,42.54,33.7,3352,52.375,83.80,1
2026-09-01T21:22:25.962,16.237,2,50,50,507,484,80.0,74.6,0.11,-0.13,0.68,1.22,0.56,-0.54,0.06,-0.13,-6.33,-3.97,37.27,37.60,101,001,0,0,1947,1986,2002,1913,1979,1943,42.54,33.7,3349,52.328,83.72,1
2026-09-01T21:22:25.974,16.249,2,50,50,507,484,74.6,78.8,-0.43,0.54,0.68,0.50,-0.51,-0.22,-0.43,0.54,-5.73,-3.70,37.37,37.46,010,010,0,0,1960,1967,2020,1891,2003,1915,42.54,33.7,3350,52.344,83.75,1
2026-09-01T21:22:25.986,16.261,2,50,50,484,484,79.6,72.6,0.37,-0.68,0.52,0.46,0.09,0.14,0.37,-0.68,-5.70,-3.80,37.37,37.62,001,101,0,0,1961,1986,2002,1891,1975,1987,42.54,33.7,3353,52.391,83.83,1
2026-09-01T21:22:25.998,16.273,2,50,50,484,484,79.1,77.1,-0.74,0.27,0.36,0.38,0.01,-0.20,-0.74,0.27,-5.92,-3.13,37.34,37.68,110,011,0,0,1966,2001,2009,1884,1981,1947,42.54,33.7,3350,52.344,83.75,1
2026-09-01T21:22:26.010,16.285,2,50,50,484,484,77.0,75.4,0.38,-0.13,0.76,0.82,-0.07,0.62,0.38,-0.13,-5.63,-3.58,37.34,37.64,001,100,0,0,1952,2034,1953,1891,2023,1973,42.54,33.7,3350,52.344,83.75,1
2026-09-01T21:22:26.021,16.297,2,50,50,484,484,78.0,80.0,-0.77,-0.07,0.16,0.78,1.02,-0.73,-0.77,-0.07,-6.77,-3.13,37.19,37.68,100,001,0,0,1934,1994,2021,1908,1981,1973,42.54,33.7,3350,52.344,83.75,1
2026-09-01T21:22:26.033,16.308,2,50,50,507,484,79.5,72.7,0.26,0.49,0.68,0.50,-0.46,0.14,0.26,0.49,-5.93,-3.68,37.34,37.62,011,010,0,0,1961,1987,2016,1893,1987,1939,42.54,33.7,3350,52.344,83.75,1
2026-09-01T21:22:26.045,16.320,2,50,50,507,484,71.8,78.0,0.13,-0.58,0.84,0.62,0.19,0.00,0.13,-0.58,-6.25,-4.07,37.29,37.59,100,101,0,0,1975,1965,1989,1895,1972,1958,42.54,33.7,3347,52.297,83.67,1
2026-09-01T21:22:26.057,16.332,2,50,50,484,484,79.5,79.6,-0.29,0.16,0.58,0.30,-0.50,0.12,-0.29,0.16,-5.97,-4.06,37.33,37.59,010,011,0,0,1951,1992,2016,1880,1963,1955,42.54,33.7,3350,52.344,83.75,1
2026-09-01T21:22:26.068,16.344,2,50,50,507,484,74.9,73.6,0.47,0.02,0.62,0.60,0.45,0.57,0.47,0.02,-6.16,-4.41,37.29,37.55,101,110,0,0,1955,2003,2010,1896,1970,1945,42.54,33.7,3351,52.359,83.78,1
2026-09-01T21:22:26.080,16.355,2,50,50,484,484,79.5,73.3,-0.92,-0.53,0.28,0.54,0.55,-0.41,-0.92,-0.45,-6.31,-4.05,37.28,37.59,110,001,0,0,1937,1974,2032,1893,1975,1959,42.54,33.7,3349,52.328,83.72,1
2026-09-01T21:22:26.092,16.367,2,50,50,484,484,78.4,70.2,0.32,0.87,0.50,0.94,0.06,-0.27,0.32,0.87,-5.80,-3.74,37.36,37.20,001,010,0,0,1950,1983,2008,1915,2005,1915,42.54,33.7,3344,52.250,83.60,1
2026-09-01T21:22:26.104,16.379,2,50,50,484,484,76.0,77.0,-0.66,-0.73,0.58,0.42,0.01,-0.09,-0.65,-0.71,-5.82,-3.92,37.36,37.60,110,101,0,0,1954,1992,2009,1886,1969,1963,42.54,33.7,3350,52.344,83.75,1
2026-09-01T21:22:26.115,16.391,2,50,50,507,484,78.1,79.9,0.25,0.34,0.60,0.62,-0.34,-0.36,0.25,0.34,-5.59,-3.24,37.39,37.60,011,011,0,0,1952,1982,2017,1892,1976,1943,42.54,33.7,3352,52.375,83.80,1
2026-09-01T21:22:26.127,16.402,2,50,50,484,484,78.2,69.7,-0.36,0.18,0.36,0.86,0.69,0.21,-0.36,0.18,-6.26,-3.23,37.29,37.67,100,100,0,0,1948,2005,2011,1908,1989,1949,42.54,33.7,3348,52.312,83.70,1
2026-09-01T21:22:26.139,16.414,2,50,50,507,484,71.2,79.6,0.01,-0.28,0.80,0.62,-0.84,-0.60,0.01,-0.22,-5.64,-2.96,37.38,37.69,010,001,0,0,1964,2005,2036,1896,1984,1959,42.54,33.7,3350,52.344,83.75,1
2026-09-01T21:22:26.151,16.426,2,50,50,507,484,79.9,75.7,0.28,0.37,0.62,0.28,0.67,0.19,0.28,0.37,-6.49,-3.49,37.25,37.65,101,010,0,0,1963,1988,2018,1879,1987,1927,42.54,33.7,3350,52.344,83.75,1
2026-09-01T21:22:26.162,16.438,2,50,50,484,484,73.4,74.9,-0.33,-0.76,0.68,0.30,-0.36,0.60,-0.33,-0.76,-6.12,-4.31,37.31,37.57,010,101,0,0,1967,1996,2001,1884,1989,1941,42.54,33.7,3351,52.359,83.78,1
2026-09-01T21:22:26.174,16.449,2,50,50,507,484,79.3,79.3,0.40,0.08,0.60,0.42,0.05,-0.24,0.40,0.08,-6.16,-3.84,37.30,37.61,001,011,0,0,1956,1977,2011,1884,1959,1951,42.54,33.7,3350,52.344,83.75,1
2026-09-01T21:22:26.186,16.461,2,50,50,484,484,72.3,79.4,-0.81,0.05,0.36,0.46,0.42,1.00,-0.81,0.05,-6.58,-4.77,37.23,37.50,110,110,0,0,1946,1986,2020,1886,1975,1959,42.54,33.7,3352,52.375,83.80,1
2026-09-01T21:22:26.198,16.473,2,50,50,484,484,73.9,73.2,0.28,-0.33,0.44,0.78,-0.34,-0.56,0.34,-0.36,-5.88,-4.05,37.34,37.59,011,001,0,0,1950,1982,2012,1897,1983,1925,42.54,33.7,3349,52.328,83.72,1
2026-09-01T21:22:26.209,16.485,2,50,50,484,484,80.0,79.6,-0.29,0.60,0.68,0.62,0.36,-0.15,-0.39,0.63,-6.32,-3.83,37.27,37.42,100,010,0,0,1966,2008,1996,1900,1995,1935,42.54,33.7,3350,52.344,83.75,1
2026-09-01T21:22:26.221,16.496,2,50,50,507,484,71.1,75.4,0.00,-0.43,0.60,0.70,-0.76,0.02,0.00,-0.43,-5.52,-3.99,37.40,37.60,010,100,0,0,1953,1997,2026,1899,1953,1965,42.54,33.7,3410,53.281,85.25,1
2026-09-01T21:22:26.233,16.508,2,50,50,484,484,79.0,76.5,0.17,0.08,0.92,0.60,0.53,-0.62,0.17,0.08,-6.08,-3.24,37.31,37.67,101,011,0,0,1965,1988,2008,1885,1959,1947,42.54,33.7,3349,52.328,83.72,1
2026-09-01T21:22:26.245,16.520,2,50,50,484,484,78.0,77.8,-0.42,0.35,0.58,0.86,-0.37,0.26,-0.42,0.29,-5.76,-3.35,37.37,37.66,010,110,0,0,1956,1990,2016,1908,1971,1931,42.54,33.7,3351,52.359,83.78,1
2026-09-01T21:22:26.256,16.532,2,50,50,484,484,73.7,73.8,0.37,-0.32,0.52,0.78,0.40,-0.68,0.37,-0.34,-6.17,-2.99,37.30,37.69,001,001,0,0,1952,2000,2010,1896,1981,1937,42.54,33.7,3349,52.328,83.72,1
2026-09-01T21:22:26.268,16.543,2,50,50,484,484,80.0,79.8,-0.66,0.41,0.52,0.36,0.21,0.10,-0.66,0.41,-6.53,-3.12,37.24,37.68,110,010,0,0,1955,1993,2013,1888,1991,1933,42.54,33.7,3350,52.344,83.75,1
2026-09-01T21:22:26.280,16.555,2,50,50,507,463,74.7,74.6,0.41,-1.03,0.84,-0.04,-0.53,1.23,0.41,-1.03,-5.92,-4.55,37.31,37.53,011,100,0,0,1972,2043,1943,1868,2013,1928,42.54,33.7,3352,52.375,83.80,1
2026-09-01T21:22:26.292,16.568,2,50,50,507,463,76.4,79.4,-0.68,0.19,0.52,0.38,0.24,0.14,-0.68,0.19,-6.45,-4.03,37.25,37.59,110,011,0,0,1953,1995,2011,1882,1954,1962,42.54,33.7,3349,52.328,83.72,1
2026-09-01T21:22:26.304,16.580,2,50,50,484,484,80.0,77.1,0.25,-0.10,0.52,0.38,-0.38,0.97,0.25,-0.10,-5.98,-4.78,37.33,37.50,011,110,0,0,1950,1992,2010,1884,1971,1957,42.54,33.7,3352,52.375,83.80,1
2026-09-01T21:22:26.315,16.591,2,50,50,484,484,74.9,73.3,0.14,-0.32,1.54,0.90,0.35,-0.41,-0.08,-0.32,-6.16,-4.09,37.30,37.58,100,001,0,0,1976,2000,2048,1901,1981,1927,42.54,33.7,3348,52.312,83.70,1
2026-09-01T21:22:26.327,16.602,2,50,50,507,484,74.4,80.0,-0.02,0.39,0.84,0.46,-0.94,0.16,-0.02,0.38,-5.66,-4.36,37.38,37.55,010,010,0,0,1977,2013,2041,1889,1977,1953,42.54,33.7,3350,52.344,83.75,1
2026-09-01T21:22:26.339,16.614,2,50,50,507,484,80.0,73.7,0.14,-0.35,0.52,0.88,0.50,0.03,0.14,-0.35,-6.03,-4.39,37.32,37.55,101,100,0,0,1947,2001,2002,1909,1963,1967,42.54,33.7,3352,52.375,83.80,1
2026-09-01T21:22:26.351,16.626,2,50,50,484,484,73.0,77.8,-0.59,0.07,0.52,0.34,-0.34,-0.59,-0.59,0.07,-5.66,-3.67,37.38,37.63,010,011,0,0,1965,1944,2024,1884,1993,1949,42.54,33.7,3350,52.344,83.75,1
2026-09-01T21:22:26.363,16.638,2,50,50,484,484,77.6,77.6,0.36,0.10,0.52,0.62,0.14,0.39,0.36,0.10,-5.79,-3.90,37.36,37.60,001,110,0,0,1949,1985,2010,1896,1967,1939,42.54,33.7,3352,52.375,83.80,1
2026-09-01T21:22:26.374,16.649,2,50,50,507,484,79.5,78.4,-0.63,-0.16,0.56,0.76,-0.02,-0.72,-0.63,-0.16,-6.06,-3.11,37.32,37.68,110,001,0,0,1955,1995,2008,1905,1971,1971,42.54,33.7,3349,52.328,83.72,1
2026-09-01T21:22:26.386,16.661,2,50,50,484,484,75.3,80.0,0.34,0.44,0.60,0.38,-0.27,-0.07,0.34,0.44,-5.86,-3.28,37.35,37.65,011,010,0,0,1956,1984,2010,1886,1990,1927,42.54,33.7,3350,52.344,83.75,1
2026-09-01T21:22:26.398,16.673,2,50,50,507,484,80.0,74.2,-0.28,-0.82,0.68,0.26,0.33,0.63,-0.28,-0.82,-6.44,-3.71,37.25,37.63,100,100,0,0,1961,2004,1986,1876,1987,1963,42.54,33.7,3352,52.375,83.80,1
2026-09-01T21:22:26.410,16.685,2,50,50,484,484,70.0,76.7,0.00,0.05,0.52,0.46,-0.48,-0.28,0.00,0.05,-6.02,-3.50,37.32,37.64,011,011,0,0,1959,1994,1997,1877,1935,1950,42.54,33.7,3350,52.344,83.75,1
2026-09-01T21:22:26.421,16.696,2,50,50,507,484,79.7,80.0,0.14,0.36,0.60,0.74,0.49,0.44,0.14,0.36,-6.37,-4.27,37.26,37.56,101,110,0,0,1952,1990,2000,1904,1982,1934,42.54,33.7,3352,52.375,83.80,1
2026-09-01T21:22:26.433,16.708,2,50,50,484,484,70.2,77.4,-0.57,-0.28,0.40,0.92,-0.16,-0.36,-0.57,-0.28,-6.23,-4.24,37.29,37.57,110,101,0,0,1952,1987,2014,1913,1958,1968,42.54,33.7,3351,52.359,83.78,1
2026-09-01T21:22:26.444,16.720,2,50,50,484,484,80.0,70.7,0.29,0.45,0.36,0.60,0.30,-0.36,0.29,0.45,-6.13,-4.07,37.31,37.58,001,010,0,0,1937,2004,2004,1891,1991,1943,42.54,33.7,3415,53.359,85.38,1
2026-09-01T21:22:26.456,16.731,2,50,50,484,484,71.9,76.3,-0.61,-0.17,0.62,0.48,0.04,0.51,-0.61,-0.17,-6.18,-4.59,37.30,37.53,110,100,0,0,1956,1998,2003,1894,1971,1946,42.54,33.7,3351,52.359,83.78,1
2026-09-01T21:22:26.467,16.743,2,50,50,484,484,79.9,80.0,0.14,-0.20,0.44,0.82,-0.32,-0.53,0.14,-0.20,-5.64,-3.93,37.38,37.60,011,001,0,0,1948,1984,2002,1901,1983,1951,42.54,33.7,3350,52.344,83.75,1
2026-09-01T21:22:26.479,16.754,2,50,50,484,484,71.8,76.2,-0.01,0.57,0.68,0.62,0.50,-0.09,-0.01,0.57,-6.09,-3.77,37.31,37.39,100,010,0,0,1959,1992,2004,1895,1991,1930,42.54,33.7,3350,52.344,83.75,1
2026-09-01T21:22:26.491,16.767,2,50,50,484,484,78.5,76.8,-0.24,-0.34,0.72,1.06,-0.55,-0.47,-0.16,-0.30,-5.58,-3.45,37.39,37.65,010,101,0,0,1954,1992,2012,1918,1943,1968,42.54,33.7,3352,52.375,83.80,1
2026-09-01T21:22:26.505,16.780,2,50,50,484,484,79.5,73.1,0.14,0.33,0.64,0.38,0.61,-0.20,0.14,0.34,-6.25,-3.17,37.29,37.61,101,010,0,0,1956,1994,2008,1880,1977,1943,42.54,33.7,3415,53.359,85.38,1
2026-09-01T21:22:26.515,16.790,2,50,50,507,484,76.2,78.6,-0.32,-0.54,0.90,0.50,-0.50,1.20,-0.23,-0.76,-6.08,-3.72,37.31,37.62,010,100,0,0,1970,2002,2004,1873,2011,1967,42.54,33.7,3351,52.359,83.78,1
2026-09-01T21:22:26.526,16.802,2,50,50,484,484,78.9,78.8,0.23,0.03,0.32,0.86,0.53,-0.89,0.23,0.03,-6.31,-2.99,37.28,37.69,001,001,0,0,1944,1996,2004,1909,1979,1973,42.54,33.7,3350,52.344,83.75,1
2026-09-01T21:22:26.538,16.813,2,50,50,507,484,71.9,77.6,-0.68,0.41,0.52,0.42,0.10,0.32,-0.68,0.41,-6.36,-3.97,37.27,37.60,110,010,0,0,1956,2010,2001,1886,1987,1947,42.54,33.7,3349,52.328,83.72,1
2026-09-01T21:22:26.551,16.826,2,50,50,484,484,80.0,70.4,0.26,-0.49,0.64,0.70,-0.37,0.17,0.26,-0.49,-5.89,-4.35,37.34,37.55,011,101,0,0,1957,1992,2004,1899,1971,1959,42.54,33.7,3347,52.297,83.67,1
2026-09-01T21:22:26.561,16.836,2,50,50,484,484,75.0,78.0,0.03,0.03,0.88,0.40,0.14,-0.22,0.03,0.03,-6.23,-3.97,37.29,37.58,100,011,0,0,1961,2000,2068,1879,1947,1947,42.54,33.7,3349,52.328,83.72,1
2026-09-01T21:22:26.573,16.848,2,50,50,507,484,77.9,80.0,-0.32,0.01,0.52,0.46,-0.65,1.27,-0.32,0.01,-5.88,-4.90,37.35,37.48,010,110,0,0,1960,2002,2024,1884,1980,1976,42.54,33.7,3352,52.375,83.80,1
2026-09-01T21:22:26.585,16.860,2,50,50,507,484,79.0,72.2,0.39,-0.60,0.64,0.46,0.37,-0.31,0.39,-0.60,-6.05,-4.19,37.32,37.57,101,101,0,0,1960,1987,2009,1892,1971,1959,42.54,33.7,3352,52.375,83.80,1
2026-09-01T21:22:26.596,16.871,2,50,50,484,484,70.6,78.7,-0.76,0.66,0.32,0.74,0.02,-0.32,-0.76,0.66,-5.90,-3.63,37.34,37.31,010,010,0,0,1940,1986,2020,1902,2000,1930,42.54,33.7,3351,52.359,83.78,1
2026-09-01T21:22:26.608,16.883,2,50,50,484,484,80.1,79.5,0.35,-0.68,0.60,0.30,0.06,0.62,0.35,-0.68,-5.62,-4.25,37.38,37.57,001,100,0,0,1960,1989,2020,1876,1987,1973,42.54,33.7,3352,52.375,83.80,1
2026-09-01T21:22:26.620,16.895,2,50,50,484,484,70.4,71.4,-0.67,0.30,0.50,0.94,0.33,-0.95,-0.67,0.30,-6.19,-3.10,37.30,37.58,110,001,0,0,1951,1986,2020,1914,1983,1967,42.54,33.7,3402,53.156,85.05,1
2026-09-01T21:22:26.631,16.907,2,50,50,484,484,79.6,79.2,0.26,0.15,0.52,0.28,-0.37,0.71,0.26,0.15,-5.90,-3.57,37.34,37.63,011,110,0,0,1956,1987,2008,1880,1968,1962,42.54,33.7,3352,52.375,83.80,1
2026-09-01T21:22:26.643,16.918,2,50,50,484,484,76.4,75.9,-0.17,-0.59,0.54,0.56,0.40,-0.40,-0.17,-0.59,-6.45,-3.21,37.25,37.68,100,101,0,0,1956,1989,2004,1896,1970,1959,42.54,33.7,3351,52.359,83.78,1
2026-09-01T21:22:26.655,16.930,2,50,50,507,484,74.4,76.8,0.09,0.07,1.00,-0.06,-0.78,0.75,0.09,0.07,-5.79,-3.63,37.36,37.63,010,010,0,0,1975,2009,2016,1865,1971,1947,42.54,33.7,3349,52.328,83.72,1
2026-09-01T21:22:26.666,16.942,2,50,50,507,484,79.0,79.8,0.29,-0.41,0.58,0.52,0.77,1.12,0.13,-0.62,-6.34,-4.36,37.27,37.55,101,100,0,0,1955,2008,2002,1885,2007,1959,42.54,33.7,3352,52.375,83.80,1
2026-09-01T21:22:26.678,16.954,2,50,50,484,484,70.4,75.5,-0.72,0.09,0.36,0.78,-0.25,-0.89,-0.72,0.09,-6.10,-3.71,37.31,37.63,010,001,0,0,1940,1990,2020,1902,1981,1966,42.54,33.7,3348,52.312,83.70,1
2026-09-01T21:22:26.690,16.965,2,50,50,507,484,79.3,74.5,0.41,0.63,0.84,0.86,-0.01,0.18,0.41,0.63,-5.99,-4.24,37.33,37.47,001,110,0,0,1960,1978,2017,1896,1975,1991,42.54,33.7,3351,52.359,83.78,1
2026-09-01T21:22:26.705,16.980,2,50,50,484,484,77.1,79.9,-0.52,-0.35,1.10,0.98,-0.21,-0.39,-0.52,-0.35,-5.86,-4.32,37.35,37.56,110,101,0,0,1956,1952,2068,1916,1953,1974,42.54,33.7,3352,52.375,83.80,1
2026-09-01T21:22:26.713,16.989,2,50,50,507,484,76.0,74.9,0.34,0.74,0.66,0.96,-0.49,-0.62,0.34,0.74,-5.49,-3.79,37.41,37.30,011,011,0,0,1956,1980,2020,1912,2000,1941,42.54,33.7,3351,52.359,83.78,1
2026-09-01T21:22:26.725,17.000,2,50,50,507,484,79.9,77.3,-0.37,-0.37,0.52,0.36,0.38,0.54,-0.44,-0.43,-6.01,-4.37,37.33,37.55,100,100,0,0,1953,2005,1998,1883,1959,1967,42.54,33.7,3351,52.359,83.78,1
2026-09-01T21:22:26.737,17.012,2,50,50,484,484,74.0,80.0,-0.36,0.02,0.24,0.94,-0.20,-0.84,-0.36,0.02,-5.76,-3.42,37.37,37.65,010,001,0,0,1942,1986,2008,1912,1976,1973,42.54,33.7,3351,52.359,83.78,1
2026-09-01T21:22:26.748,17.024,2,50,50,484,484,79.5,74.4,0.21,0.45,0.44,0.52,0.66,0.00,0.21,0.45,-6.44,-3.27,37.25,37.60,101,010,0,0,1950,1998,2006,1889,1987,1939,42.54,33.7,3350,52.344,83.75,1
2026-09-01T21:22:26.760,17.035,2,50,50,484,484,71.9,78.5,-0.55,-0.72,1.00,0.54,-0.14,-0.01,-0.55,-0.72,-6.30,-3.24,37.28,37.67,010,101,0,0,1956,1986,2004,1886,1977,1957,42.54,33.7,3351,52.359,83.78,1
2026-09-01T21:22:26.772,17.047,2,50,50,484,484,80.0,77.2,0.30,0.25,0.48,0.38,0.29,-0.22,0.30,0.25,-6.25,-2.81,37.29,37.70,001,011,0,0,1948,2000,2004,1881,1979,1943,42.54,33.7,3350,52.344,83.75,1
2026-09-01T21:22:26.784,17.059,2,50,50,507,484,76.4,74.2,-0.52,0.00,0.66,0.88,0.14,0.48,-0.52,0.00,-6.39,-3.71,37.26,37.63,110,100,0,0,1963,1988,2009,1894,2031,1963,42.54,33.7,3350,52.344,83.75,1
2026-09-01T21:22:26.795,17.070,2,50,50,484,484,76.4,80.0,0.37,-0.30,0.68,0.46,-0.19,-0.60,0.37,-0.30,-6.02,-3.55,37.32,37.64,011,001,0,0,1960,1994,2004,1892,1987,1958,42.54,33.7,3350,52.344,83.75,1
2026-09-01T21:22:26.807,17.082,2,50,50,484,484,78.2,76.5,-0.17,0.62,0.92,0.70,0.49,0.14,-0.17,0.62,-6.28,-3.88,37.24,37.52,100,010,0,0,1953,2006,2038,1904,1993,1937,42.54,33.7,3349,52.328,83.72,1
2026-09-01T21:22:26.819,17.094,2,50,50,507,484,69.5,73.5,0.15,-0.72,0.88,0.46,-0.96,0.17,0.12,-0.70,-5.68,-4.27,37.38,37.56,011,101,0,0,1973,2010,2032,1889,1974,1955,42.54,33.7,3346,52.281,83.65,1
2026-09-01T21:22:26.831,17.106,2,50,50,507,484,79.3,80.0,0.04,0.33,0.48,0.60,0.57,-0.35,0.04,0.33,-6.19,-4.05,37.30,37.59,101,011,0,0,1952,1987,2000,1896,1983,1949,42.54,33.7,3350,52.344,83.75,1
2026-09-01T21:22:26.842,17.118,2,50,50,484,484,75.8,75.0,-0.33,-0.12,0.72,0.38,-0.35,0.66,-0.33,-0.12,-5.67,-4.43,37.38,37.55,010,110,0,0,1952,1952,2021,1886,1970,1948,42.54,33.7,3351,52.359,83.78,1
2026-09-01T21:22:26.854,17.129,2,50,50,484,484,73.9,75.6,0.38,-0.20,0.46,1.24,0.18,-0.39,0.38,-0.20,-5.98,-3.79,37.33,37.62,001,001,0,0,1951,1986,2008,1904,1987,1895,42.54,33.7,3349,52.328,83.72,1
2026-09-01T21:22:26.866,17.141,2,50,50,507,484,80.0,77.7,-0.66,0.77,0.52,0.86,-0.03,-0.34,-0.66,0.77,-6.09,-3.48,37.31,37.19,110,010,0,0,1954,2002,2009,1908,2007,1911,42.54,33.7,3351,52.359,83.78,1
2026-09-01T21:22:26.878,17.153,2,50,50,484,484,70.6,71.2,0.41,-0.39,0.56,0.78,-0.29,-0.06,0.41,-0.39,-5.95,-3.58,37.34,37.64,011,101,0,0,1954,1985,2017,1904,1960,1973,42.54,33.7,3416,53.375,85.40,1
2026-09-01T21:22:26.889,17.165,2,50,50,484,484,79.8,79.1,-0.25,0.02,1.14,0.38,0.29,-0.35,-0.25,0.02,-6.49,-3.06,37.24,37.68,100,011,0,0,1969,1990,2000,1877,1963,1947,42.54,33.7,3350,52.344,83.75,1
2026-09-01T21:22:26.901,17.176,2,50,50,507,484,73.2,77.9,0.07,0.27,0.64,0.78,-0.99,0.36,0.07,0.27,-5.90,-3.29,37.34,37.66,011,110,0,0,1959,1981,1994,1903,1969,1932,42.54,33.7,3353,52.391,83.83,1
2026-09-01T21:22:26.913,17.188,2,50,50,484,484,78.1,72.9,0.07,-0.48,0.60,0.54,0.53,-0.43,0.07,-0.48,-6.50,-3.57,37.24,37.64,101,001,0,0,1955,1992,2000,1897,1971,1967,42.54,33.7,3349,52.328,83.72,1
2026-09-01T21:22:26.924,17.200,2,50,50,507,484,79.0,79.8,-0.32,0.35,0.68,0.30,-0.44,0.52,-0.32,0.35,-6.06,-4.28,37.31,37.57,010,010,0,0,1953,1986,2020,1881,1979,1951,42.54,33.7,3350,52.344,83.75,1
2026-09-01T21:22:26.936,17.211,2,50,50,507,484,74.2,78.9,0.52,-0.56,0.68,0.44,0.05,0.52,0.52,-0.56,-6.04,-4.51,37.32,37.54,001,100,0,0,1961,1977,2020,1887,1975,1963,42.54,33.7,3352,52.375,83.80,1
2026-09-01T21:22:26.948,17.223,2,50,50,484,484,80.0,69.8,-1.05,0.00,0.36,0.46,0.54,-0.54,-1.05,0.00,-6.28,-3.99,37.28,37.60,110,011,0,0,1937,1955,2035,1891,1962,1943,42.54,33.7,3415,53.359,85.38,1
2026-09-01T21:22:26.960,17.235,2,50,50,507,484,75.9,79.5,0.29,0.18,0.44,0.64,-0.09,0.67,0.32,0.18,-5.66,-4.54,37.38,37.53,001,110,0,0,1964,1981,2006,1892,1975,1969,42.54,33.7,3351,52.359,83.78,1
2026-09-01T21:22:26.971,17.247,2,50,50,507,484,74.3,75.5,-0.47,-0.17,0.68,1.10,-0.03,-0.62,-0.47,-0.17,-5.85,-3.82,37.35,37.62,100,101,0,0,1955,2024,1992,1916,1947,1977,42.54,33.7,3353,52.391,83.83,1
2026-09-01T21:22:26.983,17.259,2,50,50,484,484,79.3,76.5,0.19,0.46,0.76,0.46,-0.13,-0.25,0.19,0.46,-5.64,-3.58,37.36,37.47,011,010,0,0,1952,1994,1976,1892,1986,1942,42.54,33.7,3349,52.328,83.72,1
2026-09-01T21:22:26.995,17.270,2,50,50,484,484,73.4,79.9,-0.18,-0.31,0.48,0.76,0.76,0.21,-0.18,-0.31,-6.46,-3.77,37.25,37.62,101,100,0,0,1947,1990,2004,1904,1955,1957,42.54,33.7,3352,52.375,83.80,1
2026-09-01T21:22:27.006,17.282,2,50,50,507,484,79.5,74.8,-0.31,-0.18,0.68,0.46,-0.38,-0.71,-0.31,-0.08,-6.07,-2.87,37.31,37.70,010,001,0,0,1964,2000,2014,1884,1990,1950,42.54,33.7,3350,52.344,83.75,1
2026-09-01T21:22:27.018,17.293,2,50,50,484,484,72.0,78.4,0.34,0.33,0.44,0.58,0.43,0.44,0.34,0.33,-6.32,-3.32,37.27,37.65,101,110,0,0,1952,2005,2012,1889,1969,1959,42.54,33.7,3353,52.391,83.83,1
2026-09-01T21:22:27.030,17.305,2,50,50,507,484,79.3,77.1,-0.75,-0.67,0.50,0.44,-0.08,-0.39,-0.75,-0.67,-6.16,-3.15,37.30,37.68,110,101,0,0,1951,2000,2009,1892,1961,1970,42.54,33.7,3353,52.391,83.83,1
2026-09-01T21:22:27.042,17.317,2,50,50,507,484,80.0,79.3,0.42,0.33,0.66,0.22,0.00,0.19,0.42,0.33,-5.97,-3.70,37.33,37.63,001,010,0,0,1955,1984,2004,1879,1971,1951,42.54,33.7,3350,52.344,83.75,1
2026-09-01T21:22:27.054,17.329,2,50,50,484,463,74.8,79.8,-0.85,-0.45,0.34,0.58,0.68,1.17,-0.85,-0.45,-6.49,-4.68,37.24,37.52,100,100,0,0,1944,1993,2016,1883,2015,1949,42.54,33.7,3352,52.375,83.80,1
2026-09-01T21:22:27.065,17.341,2,50,50,484,484,80.0,75.4,0.20,-0.10,0.52,0.62,-0.51,-0.59,0.20,-0.01,-5.68,-3.92,37.38,37.60,011,001,0,0,1948,1984,2010,1892,1985,1955,42.54,33.7,3350,52.344,83.75,1
2026-09-01T21:22:27.077,17.352,2,50,50,484,484,74.8,75.8,-0.06,0.51,0.66,0.70,0.25,0.25,-0.06,0.34,-6.01,-4.36,37.33,37.55,100,110,0,0,1963,2002,2036,1890,1975,1967,42.54,33.7,3350,52.344,83.75,1
2026-09-01T21:22:27.089,17.364,2,50,50,484,484,79.6,80.0,-0.49,-0.63,0.52,0.86,-0.24,-0.09,-0.40,-0.66,-5.61,-4.16,37.39,37.58,010,101,0,0,1944,1980,2012,1896,1978,1954,42.54,33.7,3353,52.391,83.83,1
2026-09-01T21:22:27.100,17.376,2,50,50,484,484,74.7,77.7,0.40,0.25,0.60,0.42,0.28,-0.19,0.40,0.25,-5.86,-3.73,37.35,37.62,101,011,0,0,1977,1992,2004,1889,1983,1949,42.54,33.7,3349,52.328,83.72,1
2026-09-01T21:22:27.112,17.387,2,50,50,507,484,75.7,74.6,-0.57,-0.15,0.68,0.58,-0.29,0.47,-0.57,-0.15,-5.79,-4.04,37.36,37.59,110,100,0,0,1960,2011,1998,1884,1993,1964,42.54,33.7,3351,52.359,83.78,1
2026-09-01T21:22:27.124,17.399,2,50,50,484,484,78.8,79.7,0.27,-0.31,0.84,0.62,0.16,-0.48,0.27,-0.31,-5.85,-3.30,37.35,37.66,001,001,0,0,1944,2008,1984,1892,1983,1949,42.54,33.7,3350,52.344,83.75,1
2026-09-01T21:22:27.136,17.411,2,50,50,484,484,70.3,71.8,-0.50,0.63,0.68,0.68,0.13,-0.25,-0.50,0.63,-6.25,-3.06,37.29,37.38,100,010,0,0,1978,1992,2004,1901,1976,1980,42.54,33.7,3352,52.375,83.80,1
2026-09-01T21:22:27.148,17.423,2,50,50,484,484,70.0,74.5,0.42,-0.55,0.56,0.54,-0.26,-0.42,0.42,-0.55,-5.99,-3.29,37.33,37.67,001,101,0,0,1952,1984,2014,1896,1959,1971,42.54,33.7,3409,53.266,85.22,1
2026-09-01T21:22:27.160,17.435,2,50,50,507,484,78.5,75.7,-0.42,0.21,0.76,0.16,0.33,0.62,-0.42,0.21,-6.39,-3.73,37.26,37.62,100,010,0,0,1955,1997,2006,1873,1967,1949,42.54,33.7,3349,52.328,83.72,1
2026-09-01T21:22:27.172,17.447,2,50,50,484,484,77.9,79.9,0.08,-0.29,0.64,0.62,-0.83,0.51,0.08,-0.29,-5.57,-4.27,37.39,37.57,011,100,0,0,1956,1986,2000,1900,1975,1955,42.54,33.7,3351,52.359,83.78,1
2026-09-01T21:22:27.183,17.458,2,50,50,507,484,75.4,76.6,0.04,-0.08,0.52,0.62,0.64,-0.67,0.04,-0.08,-6.32,-3.90,37.27,37.60,101,001,0,0,1957,1984,2000,1899,1986,1963,42.54,33.7,3350,52.344,83.75,1
2026-09-01T21:22:27.195,17.470,2,50,50,507,484,79.4,76.8,-0.22,0.48,0.72,0.78,-0.77,0.47,-0.22,0.48,-5.71,-4.18,37.37,37.41,010,110,0,0,1964,2008,2024,1896,1975,1995,42.54,33.7,3352,52.375,83.80,1
2026-09-01T21:22:27.207,17.482,2,50,50,507,484,74.5,80.0,0.42,-0.66,0.60,0.46,-0.05,-0.05,0.42,-0.66,-5.59,-4.46,37.38,37.54,101,101,0,0,1974,2039,1998,1895,1979,1964,42.54,33.7,3352,52.375,83.80,1
2026-09-01T21:22:27.218,17.494,2,50,50,507,484,77.0,73.8,-0.67,0.57,0.54,0.68,-0.17,-0.47,-0.67,0.57,-5.78,-3.82,37.36,37.43,110,011,0,0,1952,2001,2002,1900,1991,1941,42.54,33.7,3351,52.359,83.78,1
2026-09-01T21:22:27.230,17.506,2,50,50,507,484,79.4,78.2,0.52,-0.35,0.74,0.30,-0.05,0.40,0.51,-0.38,-5.70,-4.34,37.35,37.56,001,100,0,0,1969,1977,2012,1888,1959,1971,42.54,33.7,3352,52.375,83.80,1
2026-09-01T21:22:27.242,17.518,2,50,50,484,484,72.1,74.5,-0.80,0.36,0.60,1.26,0.45,-1.05,-0.80,0.36,-6.38,-3.19,37.26,37.59,100,001,0,0,1941,1990,2020,1921,1983,1977,42.54,33.7,3351,52.359,83.78,1
2026-09-01T21:22:27.254,17.529,2,50,50,484,484,78.3,78.4,0.31,0.43,0.68,0.56,-0.25,0.25,0.31,0.43,-6.00,-3.45,37.33,37.63,011,110,0,0,1960,1985,2010,1896,1980,1938,42.54,33.7,3352,52.375,83.80,1
2026-09-01T21:22:27.266,17.541,2,50,50,507,484,79.0,76.0,-0.07,-0.51,1.22,0.66,0.22,-0.57,-0.07,-0.51,-6.31,-2.95,37.28,37.69,100,101,0,0,1964,1995,2003,1900,1955,1983,42.54,33.7,3354,52.406,83.85,1
2026-09-01T21:22:27.279,17.554,2,50,50,484,484,72.4,76.3,-0.03,0.38,0.68,0.38,-0.65,-0.15,-0.03,0.38,-5.82,-2.77,37.36,37.70,010,010,0,0,1961,1996,2004,1884,1975,1947,42.54,33.7,3349,52.328,83.72,1
2026-09-01T21:22:27.289,17.565,2,50,50,484,463,79.8,80.0,0.04,-1.05,0.58,-0.02,0.69,1.60,0.04,-1.05,-6.56,-4.22,37.23,37.57,101,100,0,0,1950,2002,2001,1859,2027,1953,42.54,33.7,3352,52.375,83.80,1
2026-09-01T21:22:27.301,17.576,2,50,50,507,484,70.6,77.8,-0.57,0.10,0.52,0.78,-0.38,-0.79,-0.57,0.10,-6.30,-3.51,37.28,37.64,110,001,0,0,1958,2009,1993,1908,1979,1973,42.54,33.7,3350,52.344,83.75,1
2026-09-01T21:22:27.312,17.588,2,50,50,484,484,80.0,73.0,0.24,0.63,0.36,0.76,0.31,0.05,0.24,0.63,-6.21,-3.95,37.29,37.52,001,110,0,0,1940,1998,2003,1904,1953,2061,42.54,33.7,3351,52.359,83.78,1
2026-09-01T21:22:27.324,17.600,2,50,50,484,484,76.1,79.8,-0.62,-0.67,0.56,0.54,0.02,-0.07,-0.62,-0.67,-6.10,-4.38,37.31,37.55,110,101,0,0,1952,2000,2011,1892,1974,1959,42.54,33.7,3351,52.359,83.78,1
2026-09-01T21:22:27.336,17.611,2,50,50,507,484,77.2,79.0,0.33,0.44,0.52,0.62,-0.45,-0.44,0.33,0.44,-5.46,-4.18,37.41,37.57,011,011,0,0,1960,1981,2026,1896,1988,1949,42.54,33.7,3350,52.344,83.75,1
2026-09-01T21:22:27.348,17.623,2,50,50,507,484,79.0,70.3,-0.38,-0.19,0.76,0.46,0.77,0.60,-0.38,-0.19,-6.05,-4.57,37.29,37.53,100,100,0,0,1943,2003,2037,1889,1971,1943,42.54,33.7,3353,52.391,83.83,1
2026-09-01T21:22:27.359,17.635,2,50,50,484,484,72.2,79.7,-0.38,-0.34,0.12,0.90,-0.04,-0.11,-0.38,-0.34,-5.98,-3.92,37.33,37.60,011,001,0,0,1940,1992,2002,1896,1983,1931,42.54,33.7,3350,52.344,83.75,1
2026-09-01T21:22:27.371,17.647,2,50,50,507,484,79.2,70.9,0.13,0.67,0.52,0.66,0.55,-0.30,0.13,0.67,-6.38,-3.39,37.26,37.42,101,010,0,0,1955,1978,2000,1905,2007,1911,42.54,33.7,3344,52.250,83.60,1
2026-09-01T21:22:27.383,17.658,2,50,50,484,484,78.1,80.0,-0.24,-0.73,0.80,0.38,-0.35,-0.30,-0.24,-0.73,-6.08,-3.35,37.31,37.66,010,101,0,0,1964,1992,2004,1886,1966,1970,42.54,33.7,3352,52.375,83.80,1
2026-09-01T21:22:27.395,17.670,2,50,50,484,484,79.0,78.8,0.49,0.18,0.76,0.28,-0.05,-0.22,0.49,0.18,-5.98,-2.97,37.33,37.69,001,011,0,0,1965,1978,2020,1880,1977,1942,42.54,33.7,3350,52.344,83.75,1
2026-09-01T21:22:27.406,17.682,2,50,50,484,484,78.1,72.7,-0.75,-0.06,0.64,0.54,0.04,0.39,-0.75,-0.06,-6.05,-3.50,37.31,37.64,110,100,0,0,1951,1982,2028,1892,2049,1989,42.54,33.7,3351,52.359,83.78,1
2026-09-01T21:22:27.418,17.693,2,50,50,484,484,76.6,79.2,0.20,-0.19,0.32,0.78,-0.27,-0.52,0.20,-0.19,-5.80,-3.57,37.36,37.64,011,001,0,0,1944,1984,2009,1902,1980,1954,42.54,33.7,3350,52.344,83.75,1
2026-09-01T21:22:27.429,17.705,2,50,50,507,484,79.0,79.8,-0.06,0.40,0.80,0.36,0.24,0.44,-0.06,0.40,-6.20,-4.38,37.29,37.55,100,010,0,0,1971,1989,1989,1887,1982,1951,42.54,33.7,3350,52.344,83.75,1
2026-09-01T21:22:27.442,17.717,2,50,50,507,484,74.6,76.2,0.02,-0.60,0.82,0.54,-0.93,0.37,0.02,-0.60,-5.58,-4.60,37.39,37.54,011,101,0,0,1964,1992,2001,1892,1970,1960,42.54,33.7,3350,52.344,83.75,1
2026-09-01T21:22:27.453,17.729,2,50,50,507,484,76.9,79.8,0.06,0.25,0.60,0.46,0.45,-0.47,0.06,0.25,-5.92,-4.15,37.34,37.58,101,011,0,0,1961,1974,2000,1889,1983,1947,42.54,33.7,3350,52.344,83.75,1
2026-09-01T21:22:27.465,17.740,2,50,50,484,484,78.7,76.1,-0.50,-0.03,0.44,0.46,-0.25,0.72,-0.50,-0.03,-5.76,-4.66,37.37,37.52,010,110,0,0,1948,1986,2019,1888,1971,1951,42.54,33.7,3352,52.375,83.80,1
2026-09-01T21:22:27.477,17.752,2,50,50,507,484,71.2,75.8,0.53,-0.13,0.78,1.04,-0.12,-0.65,0.53,-0.13,-5.66,-3.76,37.35,37.61,101,001,0,0,1970,1959,2029,1908,1980,1944,42.54,33.7,3345,52.266,83.62,1
2026-09-01T21:22:27.489,17.764,2,50,50,484,484,79.8,78.8,-0.68,0.53,0.44,0.46,0.17,-0.12,-0.68,0.53,-6.18,-3.68,37.30,37.42,110,010,0,0,1951,1983,2020,1893,1989,1931,42.54,33.7,3351,52.359,83.78,1
2026-09-01T21:22:27.500,17.776,2,50,50,484,484,71.7,71.1,0.32,-0.30,0.44,0.92,-0.23,-0.23,0.32,-0.30,-5.95,-3.61,37.33,37.64,001,101,0,0,1952,1983,2014,1915,1948,1972,42.54,33.7,3416,53.375,85.40,1
2026-09-01T21:22:27.512,17.787,2,50,50,507,484,77.7,79.0,-0.34,0.03,0.84,0.30,0.15,-0.37,-0.34,0.03,-6.26,-3.13,37.29,37.68,100,011,0,0,1968,2010,1987,1880,1963,1949,42.54,33.7,3350,52.344,83.75,1
2026-09-01T21:22:27.524,17.799,2,50,50,507,484,78.9,74.5,0.19,0.19,0.66,0.68,-0.42,0.31,0.19,0.19,-5.85,-3.34,37.35,37.66,011,110,0,0,1952,1988,2011,1905,1967,1930,42.54,33.7,3352,52.375,83.80,1
2026-09-01T21:22:27.536,17.811,2,50,50,507,484,70.0,77.5,-0.01,-0.19,0.66,0.74,0.36,-0.65,-0.01,-0.19,-6.29,-3.09,37.28,37.68,101,001,0,0,1963,1976,1994,1905,1974,1975,42.54,33.7,3344,52.250,83.60,1
2026-09-01T21:22:27.548,17.823,2,50,50,507,484,71.2,69.6,0.05,0.55,0.64,0.60,-1.01,0.12,0.05,0.55,-5.63,-3.88,37.38,37.56,011,110,0,0,1963,2006,2031,1897,1990,1936,42.54,33.7,3408,53.250,85.20,1
2026-09-01T21:22:27.560,17.835,2,50,50,507,484,78.5,78.9,0.08,-0.70,0.42,0.46,0.63,0.46,0.08,-0.70,-6.38,-4.49,37.26,37.54,101,101,0,0,1957,1986,2002,1891,1987,1947,42.54,33.7,3352,52.375,83.80,1
2026-09-01T21:22:27.571,17.847,2,50,50,507,484,78.9,78.4,-0.31,0.17,0.84,0.28,-0.48,0.00,-0.31,0.17,-5.76,-4.13,37.37,37.58,010,011,0,0,1966,2005,2016,1880,1975,1947,42.54,33.7,3350,52.344,83.75,1
2026-09-01T21:22:27.583,17.858,2,50,50,484,484,76.6,70.2,0.43,0.07,0.64,0.76,0.17,0.38,0.43,0.07,-5.79,-4.54,37.36,37.53,001,110,0,0,1955,1992,2012,1906,1967,1934,42.54,33.7,3346,52.281,83.65,1
2026-09-01T21:22:27.595,17.870,2,50,50,484,484,79.8,78.8,-0.72,-0.21,0.76,0.68,0.12,-0.70,-0.72,-0.21,-5.97,-3.96,37.33,37.60,110,001,0,0,1956,1984,2022,1901,1979,1967,42.54,33.7,3350,52.344,83.75,1
2026-09-01T21:22:27.607,17.882,2,50,50,507,484,73.0,75.9,0.45,0.84,0.60,0.92,-0.35,-0.24,0.45,0.84,-5.71,-3.63,37.37,37.19,011,010,0,0,1961,2011,1983,1909,2002,1913,42.54,33.7,3408,53.250,85.20,1
2026-09-01T21:22:27.618,17.894,2,50,50,484,484,79.4,75.9,-0.63,-0.82,0.40,0.38,0.94,0.16,-0.63,-0.82,-6.72,-3.98,37.21,37.60,100,101,0,0,1944,1994,2017,1885,1975,1959,42.54,33.7,3351,52.359,83.78,1
2026-09-01T21:22:27.630,17.905,2,50,50,507,484,74.6,79.9,0.01,0.05,0.76,0.26,-0.99,-0.12,0.01,0.05,-5.74,-3.30,37.37,37.66,011,011,0,0,1963,1987,1989,1875,1963,1945,42.54,33.7,3351,52.359,83.78,1
2026-09-01T21:22:27.642,17.918,2,50,50,507,484,71.8,75.5,0.08,-0.06,0.86,0.74,0.06,0.51,0.10,-0.21,-6.23,-3.49,37.29,37.65,100,100,0,0,1972,1964,1990,1892,1983,1956,42.54,33.7,3408,53.250,85.20,1
2026-09-01T21:22:27.654,17.929,2,50,50,484,484,79.6,79.4,-0.28,-0.17,0.60,0.58,-0.43,-0.75,-0.28,-0.17,-5.89,-2.94,37.34,37.70,010,001,0,0,1956,1986,2011,1896,1983,1960,42.54,33.7,3350,52.344,83.75,1
2026-09-01T21:22:27.665,17.941,2,50,50,507,484,75.0,72.9,0.46,0.45,0.62,0.40,0.50,0.19,0.46,0.45,-6.30,-3.50,37.28,37.63,101,010,0,0,1966,2005,2005,1892,1996,1936,42.54,33.7,3349,52.328,83.72,1
2026-09-01T21:22:27.677,17.953,2,50,50,484,484,77.3,77.1,-0.83,-0.74,0.28,0.46,0.42,0.24,-0.83,-0.74,-6.33,-4.01,37.27,37.59,110,101,0,0,1939,1984,2021,1889,1979,1954,42.54,33.7,3351,52.359,83.78,1
2026-09-01T21:22:27.689,17.964,2,50,50,484,484,79.8,79.6,0.38,0.26,0.60,0.46,-0.04,-0.26,0.38,0.26,-5.73,-3.76,37.37,37.62,001,011,0,0,1950,1986,2002,1884,1979,1947,42.54,33.7,3352,52.375,83.80,1
2026-09-01T21:22:27.701,17.976,2,50,50,484,484,72.3,74.9,-0.66,-0.05,0.60,0.54,0.23,0.70,-0.66,-0.05,-5.93,-4.62,37.34,37.52,100,110,0,0,1945,1997,2020,1887,1967,1941,42.54,33.7,3352,52.375,83.80,1
2026-09-01T21:22:27.712,17.988,2,50,50,507,484,79.5,75.9,0.24,-0.06,0.52,1.10,-0.43,-0.67,0.24,-0.10,-5.32,-4.07,37.43,37.59,011,001,0,0,1952,1982,2021,1912,1975,1947,42.54,33.7,3349,52.328,83.72,1
2026-09-01T21:22:27.724,17.999,2,50,50,484,484,71.9,79.8,-0.31,0.53,0.28,0.62,0.94,-0.14,-0.31,0.53,-6.20,-3.96,37.29,37.49,100,010,0,0,1939,1996,2005,1895,1991,1935,42.54,33.7,3350,52.344,83.75,1
2026-09-01T21:22:27.736,18.011,2,50,50,507,484,79.8,77.5,-0.29,-0.50,0.52,0.46,-0.44,0.21,-0.29,-0.50,-5.83,-4.11,37.35,37.59,010,100,0,0,1956,2000,2019,1892,1962,1964,42.54,33.7,3352,52.375,83.80,1
2026-09-01T21:22:27.749,18.024,2,50,50,484,484,78.3,78.4,0.41,0.26,0.68,0.74,0.61,-0.45,0.32,0.26,-6.41,-3.29,37.26,37.66,101,011,0,0,1961,1992,2010,1893,1971,1943,42.54,33.7,3349,52.328,83.72,1
2026-09-01T21:22:27.759,18.035,2,50,50,484,484,73.8,75.7,-0.43,0.16,0.76,0.66,-0.33,0.39,-0.43,0.16,-6.05,-3.49,37.32,37.65,110,110,0,0,1964,1996,2001,1900,1969,1937,42.54,33.7,3353,52.391,83.83,1
2026-09-01T21:22:27.771,18.047,2,50,50,507,484,80.0,76.4,0.53,-0.52,0.76,0.46,-0.11,-0.31,0.53,-0.52,-5.95,-3.05,37.34,37.68,001,001,0,0,1973,1977,2016,1882,2001,1933,42.54,33.7,3349,52.328,83.72,1
2026-09-01T21:22:27.783,18.058,2,50,50,507,484,74.9,78.8,-0.62,0.43,0.70,0.44,-0.06,0.14,-0.62,0.43,-6.10,-3.13,37.31,37.68,110,010,0,0,1956,1972,2049,1892,1981,1945,42.54,33.7,3349,52.328,83.72,1
2026-09-01T21:22:27.795,18.070,2,50,50,484,463,79.1,74.8,0.26,-1.00,0.64,-0.02,-0.41,1.13,0.26,-1.00,-5.76,-4.34,37.37,37.56,011,100,0,0,1956,1984,2012,1868,2008,1933,42.54,33.7,3352,52.375,83.80,1
2026-09-01T21:22:27.806,18.082,2,50,50,484,463,78.1,76.6,-0.05,0.07,0.84,0.54,0.35,-0.02,-0.19,0.11,-6.20,-3.66,37.29,37.63,100,011,0,0,1965,2000,2008,1885,1939,1955,42.54,33.7,3348,52.312,83.70,1
2026-09-01T21:22:27.818,18.093,2,50,50,507,484,71.4,79.5,-0.14,-0.01,0.60,0.44,-0.75,1.09,-0.14,-0.01,-5.48,-4.60,37.41,37.52,010,110,0,0,1952,1994,2032,1884,1973,1957,42.54,33.7,3352,52.375,83.80,1
2026-09-01T21:22:27.830,18.105,2,50,50,484,484,79.9,69.8,0.19,-0.20,0.60,0.94,0.58,-0.58,0.19,-0.20,-5.97,-4.02,37.33,37.59,101,001,0,0,1955,1997,2005,1911,1971,1954,42.54,33.7,3416,53.375,85.40,1
2026-09-01T21:22:27.842,18.118,2,50,50,484,484,79.6,77.5,-0.21,0.41,0.68,0.46,-0.59,0.20,-0.21,0.41,-5.64,-4.19,37.38,37.57,010,010,0,0,1979,2000,2009,1891,1983,1945,42.54,33.7,3350,52.344,83.75,1
2026-09-01T21:22:27.854,18.129,2,50,50,484,484,71.9,69.9,0.20,-0.20,0.20,1.02,0.57,-0.12,0.20,-0.20,-6.18,-4.17,37.30,37.57,001,100,0,0,1942,1999,2006,1918,1965,1947,42.54,33.7,3414,53.344,85.35,1
2026-09-01T21:22:27.866,18.141,2,50,50,484,484,78.2,79.3,-0.61,0.17,0.60,0.42,-0.06,-0.50,-0.61,0.17,-6.26,-3.72,37.29,37.62,110,011,0,0,1957,2000,2004,1884,1982,1944,42.54,33.7,3350,52.344,83.75,1
2026-09-01T21:22:27.877,18.153,2,50,50,484,484,77.1,75.4,0.38,0.13,0.64,0.70,-0.04,0.29,0.38,0.13,-5.99,-3.87,37.33,37.61,001,110,0,0,1947,2021,1968,1905,1967,1929,42.54,33.7,3351,52.359,83.78,1
2026-09-01T21:22:27.889,18.165,2,50,50,484,484,71.9,76.5,-0.62,-0.19,0.50,0.76,0.28,-0.63,-0.62,-0.19,-6.31,-3.23,37.28,37.67,100,001,0,0,1952,2000,2008,1904,1982,1951,42.54,33.7,3349,52.328,83.72,1
2026-09-01T21:22:27.901,18.176,2,50,50,484,484,79.9,78.3,0.28,0.59,0.46,0.62,-0.47,-0.10,0.28,0.59,-5.75,-3.05,37.37,37.43,011,010,0,0,1951,1992,2009,1898,1989,1929,42.54,33.7,3351,52.359,83.78,1
2026-09-01T21:22:27.913,18.188,2,50,50,507,484,74.8,72.7,0.27,-0.86,1.06,0.06,-0.02,0.65,0.27,-0.86,-6.03,-3.67,37.32,37.63,101,100,0,0,1985,2000,2058,1873,1987,1957,42.54,33.7,3416,53.375,85.40,1
2026-09-01T21:22:27.924,18.199,2,50,50,507,484,79.4,74.1,-0.23,0.09,0.52,0.46,-0.70,-0.56,-0.23,0.09,-5.64,-3.45,37.38,37.65,010,011,0,0,1964,2008,2024,1888,1939,1949,42.54,33.7,3349,52.328,83.72,1
2026-09-01T21:22:27.936,18.211,2,50,50,507,484,74.6,79.8,0.40,0.39,0.60,0.62,-0.02,0.38,0.40,0.39,-5.72,-4.04,37.37,37.59,101,110,0,0,1956,2034,2002,1900,1983,1939,42.54,33.7,3352,52.375,83.80,1
2026-09-01T21:22:27.948,18.223,2,50,50,507,484,73.0,73.7,-0.45,-0.71,1.12,0.54,-0.35,-0.16,-0.45,-0.71,-5.58,-4.36,37.39,37.55,110,101,0,0,1962,2004,1996,1888,1973,1953,42.54,33.7,3353,52.391,83.83,1
2026-09-01T21:22:27.960,18.235,2,50,50,484,484,80.1,77.1,0.44,0.40,0.42,0.34,0.03,-0.08,0.44,0.40,-5.70,-4.15,37.37,37.54,001,010,0,0,1949,1986,2006,1889,1983,1945,42.54,33.7,3349,52.328,83.72,1
2026-09-01T21:22:27.971,18.246,2,50,50,484,484,70.5,80.0,-0.61,-0.38,0.92,0.84,0.16,0.48,-0.64,-0.38,-6.04,-4.58,37.32,37.53,110,100,0,0,1951,1989,2015,1899,1973,1954,42.54,33.7,3411,53.297,85.28,1
2026-09-01T21:22:27.983,18.258,2,50,50,507,484,80.0,77.7,0.22,-0.14,0.64,0.74,-0.53,-0.65,0.22,-0.06,-5.70,-3.72,37.37,37.62,011,001,0,0,1952,1985,2010,1896,1991,1955,42.54,33.7,3350,52.344,83.75,1
2026-09-01T21:22:27.994,18.270,2,50,50,484,484,72.1,74.0,0.00,0.53,0.68,0.68,0.43,0.01,0.00,0.53,-6.38,-3.71,37.27,37.47,100,110,0,0,1964,1984,2000,1890,1973,1994,42.54,33.7,3351,52.359,83.78,1
2026-09-01T21:22:28.006,18.281,2,50,50,507,484,78.7,79.7,-0.10,-0.62,0.80,0.60,-0.61,-0.35,-0.10,-0.62,-5.92,-3.63,37.34,37.63,010,101,0,0,1967,2000,2012,1898,1964,1966,42.54,33.7,3353,52.391,83.83,1
2026-09-01T21:22:28.018,18.293,2,50,50,484,484,74.8,74.4,0.50,0.11,0.80,0.12,0.25,0.38,0.50,0.11,-6.06,-3.48,37.32,37.65,101,011,0,0,1969,1985,2016,1874,1966,1948,42.54,33.7,3349,52.328,83.72,1
2026-09-01T21:22:28.030,18.305,2,50,50,507,484,75.5,78.6,-0.68,-0.30,0.52,0.54,-0.20,0.57,-0.68,-0.30,-6.12,-3.66,37.31,37.63,110,100,0,0,1952,2005,2004,1886,1978,1964,42.54,33.7,3352,52.375,83.80,1
2026-09-01T21:22:28.042,18.317,2,50,50,484,463,76.3,72.1,0.30,-0.07,0.36,0.54,0.40,-0.64,0.30,-0.07,-6.16,-2.84,37.30,37.70,001,011,0,0,1949,1997,2009,1881,1895,1930,42.54,33.7,3349,52.328,83.72,1
2026-09-01T21:22:28.053,18.329,2,50,50,484,484,78.8,79.7,-0.71,0.35,0.60,0.62,-0.17,0.39,-0.68,0.35,-6.01,-3.93,37.33,37.60,110,110,0,0,1956,1994,2008,1900,1983,1939,42.54,33.7,3352,52.375,83.80,1
2026-09-01T21:22:28.065,18.341,2,50,50,507,484,73.2,79.5,0.39,-0.70,0.72,0.54,-0.46,0.15,0.39,-0.70,-5.32,-4.41,37.43,37.55,011,101,0,0,1960,1978,2024,1893,1975,1955,42.54,33.7,3352,52.375,83.80,1
2026-09-01T21:22:28.077,18.352,2,50,50,507,484,80.0,70.6,-0.55,0.48,0.44,0.46,0.62,-0.18,-0.55,0.48,-6.10,-4.18,37.32,37.57,100,010,0,0,1947,2007,1996,1893,1985,1945,42.54,33.7,3414,53.344,85.35,1
2026-09-01T21:22:28.088,18.364,2,50,50,484,484,70.8,76.5,-0.21,-0.27,0.68,0.48,-0.19,0.64,-0.21,-0.27,-5.63,-4.77,37.38,37.50,011,100,0,0,1944,1991,2004,1888,1970,1951,42.54,33.7,3352,52.375,83.80,1
2026-09-01T21:22:28.100,18.376,2,50,50,484,484,79.5,79.6,0.17,-0.14,0.52,0.70,0.66,-0.79,0.17,-0.14,-6.28,-3.96,37.28,37.60,101,001,0,0,1952,1996,2000,1905,1993,1973,42.54,33.7,3350,52.344,83.75,1
2026-09-01T21:22:28.112,18.387,2,50,50,484,484,73.6,76.0,-0.60,0.73,0.58,0.80,-0.10,-0.16,-0.60,0.73,-6.25,-3.76,37.29,37.26,110,010,0,0,1953,1988,2006,1903,1996,1920,42.54,33.7,3351,52.359,83.78,1
2026-09-01T21:22:28.124,18.399,2,50,50,484,484,80.0,78.7,0.33,-0.57,0.46,0.56,0.31,-0.24,0.33,-0.57,-6.17,-3.85,37.30,37.61,001,101,0,0,1944,2000,2002,1900,1965,1959,42.54,33.7,3351,52.359,83.78,1
2026-09-01T21:22:28.135,18.411,2,50,50,484,484,73.6,79.3,-0.62,0.22,0.66,0.46,0.11,-0.29,-0.62,0.22,-6.28,-3.24,37.28,37.67,110,011,0,0,1958,1996,2009,1884,1981,1942,42.54,33.7,3350,52.344,83.75,1
2026-09-01T21:22:28.148,18.423,2,50,50,507,484,74.8,80.1,0.47,-0.46,0.74,0.46,-0.34,0.52,0.47,-0.46,-5.94,-3.51,37.34,37.64,001,100,0,0,1960,2003,1986,1888,1975,1959,42.54,33.7,3351,52.359,83.78,1
2026-09-01T21:22:28.159,18.434,2,50,50,484,484,79.4,75.0,-0.66,0.22,0.36,0.94,0.88,-1.03,-0.66,0.22,-6.67,-2.70,37.21,37.71,100,001,0,0,1937,2000,2016,1913,1991,1973,42.54,33.7,3350,52.344,83.75,1
2026-09-01T21:22:28.171,18.446,2,50,50,484,484,77.8,76.9,0.25,0.39,0.84,0.34,-0.81,0.36,0.25,0.39,-5.50,-3.82,37.39,37.61,011,110,0,0,1970,1989,2000,1888,1987,1947,42.54,33.7,3350,52.344,83.75,1
2026-09-01T21:22:28.182,18.458,2,50,50,507,484,75.6,79.8,0.06,-0.83,0.60,0.44,0.47,0.42,0.06,-0.83,-6.08,-4.37,37.31,37.55,101,101,0,0,1961,1977,2001,1888,1983,1947,42.54,33.7,3352,52.375,83.80,1
2026-09-01T21:22:28.194,18.470,2,50,50,484,484,79.7,76.4,-0.53,0.36,0.36,0.54,-0.30,-0.24,-0.53,0.36,-5.59,-4.15,37.39,37.58,010,011,0,0,1944,1984,2024,1889,1983,1950,42.54,33.7,3350,52.344,83.75,1
2026-09-01T21:22:28.206,18.481,2,50,50,507,484,73.9,73.8,0.63,-0.09,0.90,0.44,-0.37,0.46,0.63,-0.09,-5.44,-4.68,37.19,37.52,101,100,0,0,1972,2068,2001,1886,1999,1961,42.54,33.7,3349,52.328,83.72,1
2026-09-01T21:22:28.218,18.493,2,50,50,507,484,79.3,79.4,-0.82,-0.29,0.36,0.70,0.06,-0.37,-0.82,-0.29,-5.99,-4.15,37.33,37.58,110,001,0,0,1948,1995,2011,1896,1979,1947,42.54,33.7,3350,52.344,83.75,1
2026-09-01T21:22:28.229,18.505,2,50,50,484,484,71.7,78.3,0.30,0.47,0.28,0.46,0.05,-0.06,0.30,0.47,-5.91,-3.87,37.34,37.51,001,010,0,0,1948,1988,2006,1894,1987,1934,42.54,33.7,3351,52.359,83.78,1
2026-09-01T21:22:28.242,18.517,2,50,50,484,484,78.3,74.5,-0.39,-0.68,0.64,0.70,0.23,-0.43,-0.39,-0.33,-6.06,-3.67,37.32,37.63,100,101,0,0,1958,2005,2000,1916,1947,1975,42.54,33.7,3352,52.375,83.80,1
2026-09-01T21:22:28.253,18.529,2,50,50,484,484,79.9,75.8,0.24,0.22,1.00,0.30,-0.33,-0.16,0.24,0.22,-5.73,-3.39,37.37,37.65,011,011,0,0,1956,1985,2009,1876,1975,1942,42.54,33.7,3350,52.344,83.75,1
2026-09-01T21:22:28.265,18.540,2,50,50,484,484,78.3,79.9,-0.33,-0.22,0.32,0.58,0.71,0.26,-0.33,-0.22,-6.45,-3.38,37.25,37.65,100,100,0,0,1949,1992,2006,1899,1963,1951,42.54,33.7,3351,52.359,83.78,1
2026-09-01T21:22:28.277,18.552,2,50,50,484,484,79.1,79.4,-0.19,-0.35,0.68,0.42,-0.64,-0.57,-0.19,-0.35,-5.86,-2.91,37.35,37.69,010,001,0,0,1958,1996,2009,1884,1990,1948,42.54,33.7,3351,52.359,83.78,1
2026-09-01T21:22:28.288,18.564,2,50,50,484,484,74.9,71.4,0.38,0.53,0.40,0.50,0.56,-0.01,0.38,0.53,-6.26,-3.15,37.29,37.55,101,110,0,0,1952,1996,2008,1897,1995,1923,42.54,33.7,3343,52.234,83.58,1
2026-09-01T21:22:28.300,18.575,2,50,50,484,484,76.5,78.2,-0.50,-0.91,0.68,0.28,-0.28,0.74,-0.48,-0.84,-5.89,-4.32,37.34,37.56,110,101,0,0,1961,1994,2004,1880,1981,1951,42.54,33.7,3352,52.375,83.80,1
2026-09-01T21:22:28.312,18.587,2,50,50,507,463,80.0,79.7,0.32,0.38,0.52,0.58,0.02,-0.06,0.32,0.38,-5.48,-4.03,37.40,37.59,001,011,0,0,1949,1980,2006,1892,1963,1959,42.54,33.7,3350,52.344,83.75,1
2026-09-01T21:22:28.324,18.599,2,50,50,507,484,74.3,70.3,-0.51,-0.10,1.06,0.46,-0.25,0.56,-0.51,-0.10,-5.40,-4.49,37.42,37.54,110,110,0,0,1971,1939,2089,1889,1969,1946,42.54,33.7,3348,52.312,83.70,1
2026-09-01T21:22:28.335,18.611,2,50,50,484,484,77.8,78.8,0.32,-0.19,0.52,0.78,-0.16,-0.62,0.32,-0.19,-5.38,-4.16,37.42,37.58,011,001,0,0,1956,1987,2000,1908,1972,1970,42.54,33.7,3350,52.344,83.75,1
2026-09-01T21:22:28.348,18.623,2,50,50,484,484,77.3,73.1,-0.49,0.66,0.52,0.78,0.53,-0.08,-0.49,0.66,-6.29,-4.32,37.28,37.36,100,110,0,0,1955,1990,2016,1903,1976,1988,42.54,33.7,3351,52.359,83.78,1
2026-09-01T21:22:28.359,18.635,2,50,50,484,484,78.7,80.0,-0.03,-0.63,0.76,0.78,-0.34,0.04,-0.06,-0.63,-5.99,-4.24,37.33,37.57,011,101,0,0,1948,1986,1978,1900,1987,1959,42.54,33.7,3352,52.375,83.80,1
2026-09-01T21:22:28.371,18.646,2,50,50,507,484,73.9,76.6,0.06,0.40,0.68,0.52,0.47,-0.52,0.06,0.40,-6.38,-3.57,37.26,37.55,101,011,0,0,1961,1975,2000,1889,1989,1943,42.54,33.7,3350,52.344,83.75,1
2026-09-01T21:22:28.383,18.658,2,50,50,484,484,79.8,75.8,-0.36,-0.27,0.86,0.72,-0.43,0.54,-0.32,-0.27,-5.92,-3.90,37.34,37.60,010,100,0,0,1950,1985,2016,1892,1983,1959,42.54,33.7,3351,52.359,83.78,1
2026-09-01T21:22:28.394,18.670,2,50,50,484,484,72.0,80.0,0.22,0.00,0.28,0.90,0.51,-0.82,0.22,0.00,-6.23,-3.05,37.29,37.68,001,001,0,0,1936,1995,2005,1912,1979,1975,42.54,33.7,3350,52.344,83.75,1
2026-09-01T21:22:28.406,18.681,2,50,50,484,484,79.9,69.6,-0.51,0.51,0.62,0.48,-0.11,-0.03,-0.51,0.51,-6.12,-3.20,37.31,37.61,110,010,0,0,1960,1993,2008,1892,1974,1946,42.54,33.7,3425,53.516,85.62,1
2026-09-01T21:22:28.418,18.693,2,50,50,484,484,75.9,79.7,0.40,-0.80,0.56,0.38,-0.15,-0.10,0.42,-0.73,-5.80,-3.38,37.36,37.65,001,101,0,0,1952,1985,2024,1878,1970,1959,42.54,33.7,3352,52.375,83.80,1
2026-09-01T21:22:28.429,18.705,2,50,50,507,484,76.9,79.6,-0.13,0.05,1.16,0.36,-0.07,0.43,-0.13,0.05,-5.86,-3.83,37.35,37.61,100,011,0,0,1981,2008,1973,1873,1953,1957,42.54,33.7,3350,52.344,83.75,1
2026-09-01T21:22:28.441,18.717,2,50,50,484,484,71.2,77.4,-0.09,0.30,0.44,0.78,-0.52,0.40,-0.09,0.30,-5.46,-4.30,37.41,37.56,011,110,0,0,1945,1991,2005,1906,1972,1929,42.54,33.7,3351,52.359,83.78,1
2026-09-01T21:22:28.453,18.728,2,50,50,507,484,71.5,78.8,-0.01,-0.24,0.72,0.84,0.35,-0.38,-0.01,-0.24,-5.87,-4.15,37.35,37.58,100,001,0,0,1966,1977,1997,1900,1981,1948,42.54,33.7,3346,52.281,83.65,1
2026-09-01T21:22:28.465,18.740,2,50,50,484,484,80.0,79.5,-0.55,0.52,0.50,0.54,0.08,-0.08,-0.55,0.52,-5.89,-4.25,37.34,37.52,010,010,0,0,1944,1968,2017,1900,2003,1922,42.54,33.7,3350,52.344,83.75,1
2026-09-01T21:22:28.476,18.751,2,50,50,484,484,72.2,75.1,0.31,-0.21,0.44,1.02,0.40,-0.05,0.31,-0.21,-6.09,-4.37,37.31,37.55,101,100,0,0,1942,2004,2008,1916,1945,1961,42.54,33.7,3354,52.406,83.85,1
2026-09-01T21:22:28.488,18.763,2,50,50,484,484,80.0,75.6,-0.79,0.13,0.52,0.64,0.26,-0.83,-0.79,0.13,-6.30,-3.48,37.28,37.63,110,011,0,0,1945,1976,2037,1884,1957,1943,42.54,33.7,3349,52.328,83.72,1
2026-09-01T21:22:28.500,18.775,2,50,50,484,484,74.7,79.1,0.49,0.03,0.92,0.46,-0.21,0.63,0.49,0.03,-5.93,-4.06,37.34,37.59,001,110,0,0,1962,1983,2014,1886,1969,1951,42.54,33.7,3352,52.375,83.80,1
2026-09-01T21:22:28.512,18.787,2,50,50,484,484,77.2,72.4,-0.53,-0.14,0.52,0.94,0.39,-0.90,-0.53,-0.10,-6.40,-3.15,37.26,37.68,100,001,0,0,1976,2004,2004,1913,1981,1951,42.54,33.7,3349,52.328,83.72,1
2026-09-01T21:22:28.523,18.799,2,50,50,484,484,76.8,79.5,0.14,0.40,1.08,0.40,-0.53,-0.06,0.10,0.40,-5.67,-3.11,37.38,37.64,011,010,0,0,1968,1988,1968,1890,1984,1942,42.54,33.7,3349,52.328,83.72,1
2026-09-01T21:22:28.535,18.810,2,50,50,507,484,76.6,78.6,0.07,-0.76,0.68,0.30,0.60,0.55,0.07,-0.76,-6.39,-3.50,37.26,37.64,101,100,0,0,1977,1985,1992,1883,1983,1971,42.54,33.7,3352,52.375,83.80,1
2026-09-01T21:22:28.547,18.822,2,50,50,507,484,79.5,72.2,-0.54,-0.05,0.28,0.42,-0.28,-0.60,-0.54,-0.05,-6.13,-2.94,37.32,37.69,010,011,0,0,1948,1999,2022,1888,1895,1927,42.54,33.7,3349,52.328,83.72,1
2026-09-01T21:22:28.558,18.834,2,50,50,507,484,71.5,80.0,0.31,0.49,0.42,0.78,0.05,0.32,0.31,0.49,-5.89,-3.91,37.34,37.60,001,110,0,0,1948,1976,2013,1906,1987,1930,42.54,33.7,3353,52.391,83.83,1
2026-09-01T21:22:28.570,18.845,2,50,50,507,484,79.8,78.3,-0.55,-0.67,0.84,0.54,-0.13,-0.04,-0.55,-0.67,-5.80,-4.21,37.36,37.57,110,101,0,0,1959,1997,2013,1890,1976,1958,42.54,33.7,3353,52.391,83.83,1
2026-09-01T21:22:28.582,18.857,2,50,50,484,484,69.8,73.7,0.37,0.29,0.50,0.38,-0.08,0.14,0.37,0.29,-5.80,-4.38,37.36,37.55,011,011,0,0,1950,1989,1997,1884,1975,1953,42.54,33.7,3350,52.344,83.75,1
2026-09-01T21:22:28.593,18.869,2,50,50,484,484,78.8,77.4,-0.67,-0.17,0.36,0.66,0.94,0.61,-0.67,-0.17,-6.57,-4.69,37.23,37.51,100,100,0,0,1945,1998,2017,1893,1983,1962,42.54,33.7,3351,52.359,83.78,1
2026-09-01T21:22:28.605,18.880,2,50,50,484,484,78.0,78.5,0.09,-0.03,0.68,0.78,-0.73,-0.92,0.09,-0.03,-5.75,-3.63,37.34,37.63,011,001,0,0,1952,1985,2001,1904,1991,1971,42.54,33.7,3349,52.328,83.72,1
2026-09-01T21:22:28.617,18.892,2,50,50,507,484,76.5,68.8,0.10,0.70,0.52,0.86,0.58,-0.15,0.10,0.70,-6.61,-3.64,37.22,37.28,101,010,0,0,1959,1981,2000,1906,1978,1940,42.54,33.7,3344,52.250,83.60,1
2026-09-01T21:22:28.628,18.904,2,50,50,484,484,79.4,80.0,-0.43,-0.67,0.56,0.54,-0.51,-0.45,-0.33,-0.57,-5.84,-3.60,37.35,37.63,010,101,0,0,1956,1992,2012,1894,1955,1982,42.54,33.7,3353,52.391,83.83,1
2026-09-01T21:22:28.640,18.915,2,50,50,507,484,72.6,78.0,0.34,0.24,0.44,0.46,0.20,-0.22,0.34,0.24,-6.09,-3.13,37.31,37.68,001,011,0,0,1949,1980,2010,1885,1981,1943,42.54,33.7,3350,52.344,83.75,1
2026-09-01T21:22:28.652,18.927,2,50,50,484,484,80.0,74.1,-0.67,0.09,0.52,1.02,-0.13,0.82,-0.65,-0.24,-6.09,-3.49,37.31,37.65,110,100,0,0,1953,1994,2013,1896,2029,1965,42.54,33.7,3351,52.359,83.78,1
2026-09-01T21:22:28.664,18.939,2,50,50,484,484,69.8,80.0,0.32,-0.12,0.40,0.66,-0.25,-0.70,0.32,-0.12,-5.79,-2.96,37.36,37.69,011,001,0,0,1952,1981,2007,1904,1981,1969,42.54,33.7,3345,52.266,83.62,1
2026-09-01T21:22:28.675,18.950,2,50,50,484,484,80.0,76.9,-0.26,0.32,0.76,0.14,0.39,0.25,-0.26,0.32,-6.12,-3.44,37.31,37.65,100,010,0,0,1962,1996,2003,1879,1987,1933,42.54,33.7,3350,52.344,83.75,1
2026-09-01T21:22:28.687,18.962,2,50,50,484,484,74.5,73.3,-0.17,-0.70,0.24,0.38,-0.29,0.35,-0.01,-0.70,-5.59,-4.11,37.39,37.58,011,101,0,0,1944,1992,2005,1884,1987,1951,42.54,33.7,3350,52.344,83.75,1
2026-09-01T21:22:28.699,18.974,2,50,50,484,484,76.4,80.0,0.02,0.32,1.00,0.74,0.46,-0.37,0.02,0.32,-5.95,-3.78,37.34,37.61,101,011,0,0,1960,1985,2005,1892,1973,1949,42.54,33.7,3350,52.344,83.75,1
2026-09-01T21:22:28.710,18.986,2,50,50,484,484,79.4,74.9,-0.55,-0.02,0.64,0.58,0.03,0.64,-0.55,-0.02,-5.85,-4.57,37.35,37.53,010,110,0,0,1940,1953,2024,1892,1971,1947,42.54,33.7,3352,52.375,83.80,1
2026-09-01T21:22:28.722,18.997,2,50,50,484,484,75.1,71.8,0.42,-0.37,0.52,0.70,0.31,-0.46,0.42,-0.37,-6.20,-4.25,37.29,37.57,001,001,0,0,1952,1999,2013,1899,1969,1965,42.54,33.7,3350,52.344,83.75,1
2026-09-01T21:22:28.734,19.009,2,50,50,484,484,79.8,79.8,-0.74,0.55,0.68,0.54,0.19,-0.12,-0.72,0.55,-6.40,-3.90,37.26,37.49,110,010,0,0,1950,1972,2037,1890,1990,1927,42.54,33.7,3352,52.375,83.80,1
2026-09-01T21:22:28.745,19.021,2,50,50,484,484,72.3,77.5,0.47,-0.40,0.76,0.74,-0.34,0.07,0.47,-0.40,-5.92,-4.11,37.34,37.58,011,100,0,0,1952,1982,2028,1896,1949,1957,42.54,33.7,3352,52.375,83.80,1
2026-09-01T21:22:28.757,19.032,2,50,50,484,484,80.0,74.0,-0.53,0.08,0.46,0.70,0.90,-0.80,-0.53,0.08,-6.54,-3.29,37.24,37.66,100,011,0,0,1941,2000,2018,1889,1955,1947,42.54,33.7,3349,52.328,83.72,1
2026-09-01T21:22:28.769,19.044,2,50,50,507,484,72.9,79.9,0.20,0.38,0.76,0.66,-1.19,0.27,0.20,0.38,-5.56,-3.41,37.39,37.64,011,110,0,0,1972,1990,2002,1900,1977,1938,42.54,33.7,3410,53.281,85.25,1
2026-09-01T21:22:28.780,19.056,2,50,50,507,484,78.5,71.6,0.11,-0.51,0.60,0.54,0.64,-0.60,0.11,-0.51,-6.43,-3.14,37.26,37.68,101,101,0,0,1960,1981,2000,1900,1959,1973,42.54,33.7,3346,52.281,83.65,1
2026-09-01T21:22:28.792,19.068,2,50,50,507,484,79.9,79.8,-0.21,0.49,0.76,0.46,-0.53,-0.10,-0.21,0.49,-6.04,-2.95,37.34,37.59,010,010,0,0,1967,2010,2016,1892,1990,1935,42.54,33.7,3351,52.359,83.78,1
2026-09-01T21:22:28.804,19.079,2,50,50,484,463,69.8,76.1,0.50,-1.10,0.84,-0.12,0.17,1.27,0.50,-1.10,-5.90,-4.23,37.29,37.57,001,100,0,0,1968,1984,2017,1859,2015,1929,42.54,33.7,3353,52.391,83.83,1
2026-09-01T21:22:28.816,19.091,2,50,50,507,463,77.9,75.3,-0.67,0.12,0.66,0.90,-0.19,-0.47,-0.67,0.12,-5.85,-3.23,37.35,37.67,110,011,0,0,1961,2000,2004,1892,1903,1951,42.54,33.7,3349,52.328,83.72,1
2026-09-01T21:22:28.828,19.103,2,50,50,507,484,76.0,79.8,0.38,0.03,0.70,0.48,0.02,1.07,0.38,0.03,-5.82,-4.68,37.36,37.52,001,110,0,0,1953,1988,2006,1884,1975,1967,42.54,33.7,3351,52.359,83.78,1
2026-09-01T21:22:28.839,19.115,2,50,50,507,484,78.5,78.9,-0.36,-0.59,0.96,0.70,0.28,-0.25,-0.36,-0.59,-6.39,-4.45,37.26,37.54,100,101,0,0,1962,1992,2000,1898,1966,1958,42.54,33.7,3353,52.391,83.83,1
2026-09-01T21:22:28.851,19.126,2,50,50,484,484,76.9,69.9,0.06,0.59,0.94,0.68,-0.80,-0.36,0.01,0.65,-5.84,-4.28,37.35,37.44,011,010,0,0,1956,1985,1963,1904,1996,1940,42.54,33.7,3348,52.312,83.70,1
2026-09-01T21:22:28.863,19.138,2,50,50,507,484,76.6,77.4,0.15,-0.17,0.52,0.46,0.56,0.42,0.15,-0.17,-6.45,-4.53,37.25,37.53,101,100,0,0,1965,1976,2000,1896,1969,1950,42.54,33.7,3351,52.359,83.78,1
2026-09-01T21:22:28.874,19.150,2,50,50,484,484,78.8,79.1,-0.29,-0.42,0.76,0.46,-0.48,-0.18,-0.29,-0.42,-5.90,-3.86,37.34,37.61,010,001,0,0,1966,1996,2005,1884,1983,1943,42.54,33.7,3350,52.344,83.75,1
2026-09-01T21:22:28.886,19.161,2,50,50,507,484,69.7,73.5,0.33,0.72,0.52,0.86,0.03,-0.32,0.38,0.56,-6.02,-3.48,37.32,37.34,101,110,0,0,1950,1978,2016,1900,1977,1957,42.54,33.7,3346,52.281,83.65,1
2026-09-01T21:22:28.898,19.173,2,50,50,507,484,79.3,79.7,-0.68,-0.68,0.52,0.58,-0.07,-0.27,-0.68,-0.68,-6.19,-3.36,37.29,37.66,110,101,0,0,1951,2004,2004,1891,1976,1959,42.54,33.7,3353,52.391,83.83,1
2026-09-01T21:22:28.909,19.185,2,50,50,507,484,74.3,73.4,0.50,0.23,0.92,0.14,-0.58,-0.20,0.50,0.23,-5.57,-2.94,37.28,37.69,001,010,0,0,1972,2042,1942,1876,1975,1943,42.54,33.7,3350,52.344,83.75,1
2026-09-01T21:22:28.921,19.197,2,50,50,507,484,76.9,78.5,-0.23,-0.53,1.00,0.46,0.00,1.12,-0.23,-0.53,-5.87,-3.60,37.36,37.63,100,100,0,0,1980,2000,1974,1876,2015,1965,42.54,33.7,3352,52.375,83.80,1
2026-09-01T21:22:28.933,19.208,2,50,50,507,484,79.4,77.0,0.11,-0.12,0.52,0.62,-0.45,-0.67,0.11,-0.01,-5.40,-3.13,37.42,37.68,011,001,0,0,1950,1985,2018,1892,1991,1958,42.54,33.7,3350,52.344,83.75,1
2026-09-01T21:22:28.945,19.220,2,50,50,507,484,71.4,73.3,0.18,0.47,1.00,0.46,0.21,0.49,0.18,0.47,-5.86,-4.16,37.35,37.58,100,110,0,0,1978,1968,1994,1890,1983,1944,42.54,33.7,3347,52.297,83.67,1
2026-09-01T21:22:28.957,19.232,2,50,50,484,484,79.6,80.0,-0.38,-0.38,0.42,0.86,-0.37,-0.22,-0.38,-0.38,-5.79,-4.18,37.36,37.58,010,101,0,0,1946,1988,2020,1910,1960,1962,42.54,33.7,3353,52.391,83.83,1
2026-09-01T21:22:28.968,19.243,2,50,50,484,484,71.9,79.0,0.41,0.17,0.60,0.30,0.38,0.07,0.41,0.17,-6.14,-4.22,37.30,37.57,101,011,0,0,1950,2000,2012,1876,1971,1951,42.54,33.7,3349,52.328,83.72,1
2026-09-01T21:22:28.980,19.255,2,50,50,484,484,78.9,72.0,-0.90,-0.02,0.46,0.70,0.27,0.35,-0.90,-0.02,-6.35,-4.44,37.27,37.55,110,100,0,0,1943,1977,2021,1901,1966,1934,42.54,33.7,3353,52.391,83.83,1
2026-09-01T21:22:28.992,19.268,2,50,50,484,484,79.9,78.5,0.41,-0.22,0.60,0.56,0.01,-0.59,0.41,-0.22,-6.02,-3.87,37.32,37.61,001,001,0,0,1958,1987,2012,1892,1987,1951,42.54,33.7,3350,52.344,83.75,1
2026-09-01T21:22:29.004,19.279,2,50,50,484,484,78.9,76.6,-0.57,0.40,1.12,0.74,0.03,0.42,-0.57,0.40,-6.13,-3.85,37.31,37.43,110,110,0,0,1964,1974,2043,1896,1972,1996,42.54,33.7,3350,52.344,83.75,1
2026-09-01T21:22:29.016,19.291,2,50,50,484,484,78.4,80.0,0.19,-0.67,0.44,0.54,-0.32,-0.25,0.19,-0.67,-5.85,-3.73,37.35,37.63,011,101,0,0,1946,1982,2010,1895,1954,1979,42.54,33.7,3353,52.391,83.83,1
2026-09-01T21:22:29.027,19.303,2,50,50,484,484,78.9,74.7,-0.23,0.36,1.00,0.54,0.46,-0.29,-0.23,0.36,-6.23,-3.12,37.29,37.68,100,011,0,0,1955,2000,2010,1888,1979,1943,42.54,33.7,3350,52.344,83.75,1
2026-09-01T21:22:29.039,19.314,2,50,50,507,484,73.1,74.3,0.10,-0.10,0.84,0.46,-1.07,0.37,0.26,-0.30,-5.36,-3.59,37.42,37.63,010,100,0,0,1976,2018,2042,1885,1987,1962,42.54,33.7,3351,52.359,83.78,1
2026-09-01T21:22:29.051,19.326,2,50,50,507,484,80.0,79.8,0.21,-0.24,0.60,0.62,0.51,-0.54,0.21,-0.24,-6.00,-3.05,37.33,37.69,101,001,0,0,1953,1992,2002,1892,1995,1953,42.54,33.7,3350,52.344,83.75,1
2026-09-01T21:22:29.062,19.338,2,50,50,507,484,74.4,71.0,-0.46,0.46,0.74,0.44,-0.48,0.24,-0.46,0.46,-5.54,-3.78,37.40,37.62,010,010,0,0,1964,1912,2026,1894,1984,1942,42.54,33.7,3425,53.516,85.62,1
2026-09-01T21:22:29.074,19.349,2,50,50,507,484,75.7,78.3,0.53,-0.78,0.76,0.44,-0.05,0.55,0.53,-0.78,-5.72,-4.60,37.31,37.52,001,101,0,0,1961,1964,2022,1888,1991,1943,42.54,33.7,3352,52.375,83.80,1
2026-09-01T21:22:29.086,19.361,2,50,50,484,484,78.9,79.0,-0.66,0.17,0.92,0.38,0.45,-0.04,-0.66,0.17,-6.26,-4.12,37.25,37.58,110,011,0,0,1949,1938,2059,1881,1975,1947,42.54,33.7,3350,52.344,83.75,1
2026-09-01T21:22:29.098,19.373,2,50,50,484,484,75.2,73.2,0.36,-0.21,0.60,0.34,-0.33,1.07,0.36,-0.21,-6.03,-5.00,37.32,37.48,011,110,0,0,1974,1989,2004,1886,1973,1961,42.54,33.7,3353,52.391,83.83,1
2026-09-01T21:22:29.109,19.385,2,50,50,507,484,80.0,78.1,-0.20,-0.36,0.84,0.62,0.33,-0.55,-0.20,-0.36,-6.42,-4.12,37.26,37.58,100,001,0,0,1963,2000,1996,1897,1979,1967,42.54,33.7,3350,52.344,83.75,1
2026-09-01T21:22:29.121,19.397,2,50,50,484,484,71.7,77.3,0.07,0.61,0.64,0.60,-0.55,-0.23,0.07,0.61,-5.96,-3.91,37.33,37.47,010,010,0,0,1956,1996,2003,1899,2007,1911,42.54,33.7,3349,52.328,83.72,1
2026-09-01T21:22:29.133,19.408,2,50,50,507,484,79.2,70.6,0.18,-0.73,0.68,0.30,0.50,0.20,0.18,-0.73,-6.33,-4.10,37.27,37.58,101,101,0,0,1958,1982,1999,1884,1975,1963,42.54,33.7,3351,52.359,83.78,1
2026-09-01T21:22:29.145,19.420,2,50,50,507,484,79.5,80.0,-0.32,0.16,0.72,0.50,-0.46,-0.28,-0.32,0.16,-6.05,-3.31,37.32,37.66,010,011,0,0,1964,2000,2018,1884,1973,1943,42.54,33.7,3349,52.328,83.72,1
2026-09-01T21:22:29.156,19.432,2,50,50,484,484,75.2,74.2,0.44,-0.18,0.98,0.44,0.13,0.71,0.44,-0.18,-6.06,-3.68,37.32,37.63,001,110,0,0,1961,1987,2016,1886,1969,1949,42.54,33.7,3352,52.375,83.80,1
2026-09-01T21:22:29.168,19.443,2,50,50,484,484,80.0,78.4,-0.90,-0.26,0.52,0.70,0.44,-0.61,-0.90,-0.17,-6.17,-3.10,37.30,37.68,110,001,0,0,1941,1968,2028,1904,1979,1967,42.54,33.7,3350,52.344,83.75,1
2026-09-01T21:22:29.180,19.455,2,50,50,507,484,71.1,79.7,0.51,0.27,0.72,0.14,-0.35,0.34,0.51,0.27,-5.52,-3.60,37.36,37.63,011,010,0,0,1964,1978,2024,1876,1983,1932,42.54,33.7,3407,53.234,85.17,1
2026-09-01T21:22:29.196,19.471,2,50,50,507,484,71.0,76.1,-0.49,-0.77,0.68,0.36,0.16,0.35,-0.49,-0.77,-5.92,-4.19,37.34,37.57,100,101,0,0,1955,2002,2006,1886,1983,1951,42.54,33.7,3351,52.359,83.78,1
2026-09-01T21:22:29.203,19.479,2,50,50,484,463,79.8,79.2,0.09,0.09,0.36,0.38,-0.15,0.15,0.20,0.16,-5.93,-4.18,37.34,37.57,011,011,0,0,1944,1992,2008,1877,1941,1961,42.54,33.7,3350,52.344,83.75,1
2026-09-01T21:22:29.215,19.491,2,50,50,507,484,73.5,76.1,0.08,0.02,0.84,0.58,0.19,0.64,0.08,0.02,-6.28,-4.66,37.28,37.52,100,110,0,0,1976,2028,2001,1886,1973,1957,42.54,33.7,3409,53.266,85.22,1
2026-09-01T21:22:29.227,19.502,2,50,50,507,484,78.7,74.8,-0.27,-0.53,0.56,0.46,-0.56,-0.45,-0.27,-0.53,-6.03,-4.28,37.34,37.57,010,001,0,0,1957,2001,2023,1890,1975,1957,42.54,33.7,3349,52.328,83.72,1
2026-09-01T21:22:29.239,19.514,2,50,50,507,484,78.3,79.7,0.37,0.53,0.60,0.54,0.47,-0.10,0.37,0.53,-6.30,-4.05,37.28,37.50,101,010,0,0,1958,1989,2009,1896,1991,1935,42.54,33.7,3349,52.328,83.72,1
2026-09-01T21:22:29.250,19.526,2,50,50,484,484,77.3,74.0,-0.70,-0.55,0.56,0.62,-0.03,-0.24,-0.70,-0.55,-6.26,-4.02,37.29,37.59,110,100,0,0,1950,1992,2020,1900,1939,1993,42.54,33.7,3353,52.391,83.83,1
2026-09-01T21:22:29.262,19.537,2,50,50,507,484,79.5,77.6,0.50,0.21,0.66,0.66,-0.10,-0.44,0.52,0.21,-5.96,-3.37,37.31,37.65,001,011,0,0,1960,1984,2018,1892,1966,1947,42.54,33.7,3350,52.344,83.75,1
2026-09-01T21:22:29.274,19.549,2,50,50,484,484,70.2,76.8,-0.56,0.20,0.64,0.70,0.06,0.37,-0.56,0.20,-6.23,-3.58,37.29,37.64,100,110,0,0,1953,2008,2004,1903,1967,1935,42.54,33.7,3347,52.297,83.67,1
2026-09-01T21:22:29.287,19.562,2,50,50,484,484,79.1,76.4,0.31,-0.27,0.60,0.78,-0.45,-0.62,0.31,-0.27,-5.68,-2.90,37.38,37.69,011,001,0,0,1956,1984,2016,1898,1984,1946,42.54,33.7,3349,52.328,83.72,1
2026-09-01T21:22:29.298,19.573,2,50,50,507,484,79.4,71.5,-0.15,0.52,0.96,0.54,-0.01,0.07,-0.15,0.52,-5.83,-3.03,37.35,37.58,100,010,0,0,1968,1994,1978,1892,1987,1946,42.54,33.7,3426,53.531,85.65,1
2026-09-01T21:22:29.310,19.585,2,50,50,507,484,75.9,78.8,0.00,-0.96,0.42,0.18,-0.36,0.80,0.12,-0.90,-5.66,-4.07,37.38,37.59,011,101,0,0,1950,1992,1996,1880,1985,1950,42.54,33.7,3351,52.359,83.78,1
2026-09-01T21:22:29.321,19.597,2,50,50,484,463,78.2,80.0,-0.01,0.05,0.52,0.24,0.80,0.56,-0.01,0.05,-6.25,-4.00,37.29,37.59,101,011,0,0,1958,1991,2003,1879,1918,1967,42.54,33.7,3350,52.344,83.75,1
2026-09-01T21:22:29.333,19.608,2,50,50,507,484,76.2,77.1,-0.54,-0.33,0.54,0.16,-0.29,1.47,-0.54,-0.33,-6.10,-4.90,37.31,37.49,010,110,0,0,1956,1995,2012,1872,1975,1961,42.54,33.7,3351,52.359,83.78,1
2026-09-01T21:22:29.345,19.620,2,50,50,484,484,77.4,73.3,0.40,-0.34,0.50,0.74,0.23,-0.48,0.40,-0.34,-6.13,-4.13,37.31,37.58,001,001,0,0,1957,1996,2012,1897,1989,1920,42.54,33.7,3349,52.328,83.72,1
2026-09-01T21:22:29.356,19.631,2,50,50,484,484,77.1,79.4,-0.36,0.42,1.28,0.44,0.12,-0.02,-0.60,0.47,-6.11,-4.23,37.31,37.57,110,010,0,0,1969,1955,2058,1889,1986,1941,42.54,33.7,3349,52.328,83.72,1
2026-09-01T21:22:29.368,19.643,2,50,50,484,484,77.6,79.0,0.34,-0.23,0.60,0.78,-0.26,0.15,0.34,-0.23,-5.73,-4.36,37.37,37.56,011,100,0,0,1952,1988,2008,1908,1955,1955,42.54,33.7,3352,52.375,83.80,1
2026-09-01T21:22:29.380,19.655,2,50,50,507,484,79.6,71.2,-0.25,-0.11,0.68,0.42,0.40,-0.49,-0.25,-0.11,-6.39,-3.64,37.26,37.63,100,011,0,0,1952,1988,2015,1875,1975,1943,42.54,33.7,3350,52.344,83.75,1
2026-09-01T21:22:29.392,19.667,2,50,50,484,484,79.8,71.0,0.19,0.00,0.68,0.62,-0.62,0.33,0.19,0.00,-5.73,-3.73,37.37,37.62,011,110,0,0,1953,1984,2008,1899,1967,1939,42.54,33.7,3346,52.281,83.65,1
2026-09-01T21:22:29.404,19.679,2,50,50,507,484,73.5,79.6,0.11,-0.24,0.84,0.62,0.14,-0.68,0.11,-0.24,-6.19,-3.04,37.29,37.68,100,001,0,0,1974,1988,2024,1896,1991,1965,42.54,33.7,3350,52.344,83.75,1
2026-09-01T21:22:29.415,19.691,2,50,50,507,484,79.8,78.0,-0.21,0.41,0.68,0.38,-0.61,0.09,-0.21,0.41,-5.81,-3.02,37.36,37.65,010,010,0,0,1961,2008,2026,1885,1979,1943,42.54,33.7,3350,52.344,83.75,1
2026-09-01T21:22:29.427,19.702,2,50,50,484,484,71.5,69.5,0.37,-0.94,0.62,0.14,0.17,0.54,0.37,-0.94,-5.80,-3.40,37.36,37.65,101,101,0,0,1952,1986,2012,1872,1984,1956,42.54,33.7,3350,52.344,83.75,1
2026-09-01T21:22:29.439,19.714,2,50,50,484,484,78.4,79.2,-0.89,0.15,0.36,0.46,-0.06,0.12,-0.88,0.15,-5.84,-3.59,37.35,37.63,110,011,0,0,1943,1992,2024,1883,1946,1957,42.54,33.7,3350,52.344,83.75,1
2026-09-01T21:22:29.450,19.726,2,50,50,507,484,78.9,76.5,0.44,0.33,0.84,0.94,-0.06,0.40,0.44,0.33,-5.91,-4.07,37.34,37.59,001,110,0,0,1960,1988,2012,1912,1971,1923,42.54,33.7,3352,52.375,83.80,1
2026-09-01T21:22:29.462,19.737,2,50,50,484,484,71.8,73.3,-0.71,-0.50,0.36,0.62,0.52,-0.28,-0.71,-0.50,-6.51,-4.18,37.24,37.57,100,001,0,0,1945,1995,2018,1889,1994,1909,42.54,33.7,3350,52.344,83.75,1
2026-09-01T21:22:29.474,19.749,2,50,50,484,484,79.9,80.0,0.19,0.51,0.92,0.58,-0.43,-0.05,0.19,0.51,-5.93,-4.15,37.34,37.58,011,010,0,0,1950,1982,2008,1894,1991,1936,42.54,33.7,3351,52.359,83.78,1
2026-09-01T21:22:29.486,19.761,2,50,50,507,484,73.5,77.4,0.06,-0.19,0.80,0.94,0.23,0.00,0.06,-0.19,-6.31,-4.26,37.28,37.57,100,100,0,0,1967,1992,2028,1917,1944,1959,42.54,33.7,3352,52.375,83.80,1
2026-09-01T21:22:29.497,19.773,2,50,50,484,484,76.5,76.9,-0.19,0.16,0.64,0.54,-0.53,-0.74,-0.19,0.25,-5.87,-3.68,37.35,37.63,010,011,0,0,1954,1991,2009,1888,1985,1949,42.54,33.7,3349,52.328,83.72,1
2026-09-01T21:22:29.509,19.785,2,50,50,507,484,80.0,79.0,0.29,0.01,0.76,0.46,0.33,0.76,0.29,0.01,-6.20,-4.23,37.29,37.57,101,110,0,0,1960,1983,2008,1884,1971,1959,42.54,33.7,3352,52.375,83.80,1
2026-09-01T21:22:29.521,19.796,2,50,50,484,484,71.9,72.5,-0.69,-0.12,0.36,1.02,-0.08,-0.93,-0.69,-0.12,-6.19,-3.24,37.29,37.67,010,001,0,0,1945,1987,2019,1911,1973,1947,42.54,33.7,3350,52.344,83.75,1
2026-09-01T21:22:29.533,19.808,2,50,50,507,484,79.4,79.5,0.38,0.42,0.52,0.44,-0.04,-0.11,0.38,0.42,-5.89,-3.15,37.34,37.62,001,010,0,0,1956,1968,2022,1886,1982,1940,42.54,33.7,3350,52.344,83.75,1
2026-09-01T21:22:29.544,19.820,2,50,50,484,484,73.2,78.5,-0.53,-0.94,0.76,0.14,-0.03,0.97,-0.53,-0.94,-5.88,-3.74,37.35,37.62,110,100,0,0,1963,2006,1998,1871,1984,1967,42.54,33.7,3353,52.391,83.83,1
2026-09-01T21:22:29.556,19.832,2,50,50,507,484,77.1,72.1,0.28,0.16,0.48,1.02,-0.31,-0.97,0.28,0.16,-5.54,-2.82,37.40,37.70,011,011,0,0,1946,1984,2016,1912,1860,1924,42.54,33.7,3349,52.328,83.72,1
2026-09-01T21:22:29.568,19.843,2,50,50,484,484,78.9,80.0,-0.37,0.50,0.48,0.86,0.71,0.31,-0.37,0.50,-6.20,-4.03,37.29,37.58,100,110,0,0,1941,2006,2026,1913,1987,1931,42.54,33.7,3352,52.375,83.80,1
2026-09-01T21:22:29.580,19.855,2,50,50,507,484,72.9,78.3,0.01,-0.67,0.74,0.54,-0.95,-0.01,0.01,-0.67,-5.74,-4.37,37.37,37.56,010,101,0,0,1966,2014,2044,1890,1977,1957,42.54,33.7,3353,52.391,83.83,1
2026-09-01T21:22:29.592,19.867,2,50,50,507,484,72.3,80.0,0.07,0.48,0.76,0.46,0.38,0.00,0.07,0.48,-6.43,-4.19,37.26,37.57,101,010,0,0,1962,1976,1993,1891,1983,1940,42.54,33.7,3350,52.344,83.75,1
2026-09-01T21:22:29.603,19.879,2,50,50,507,484,79.0,78.1,-0.23,-0.51,0.76,0.62,-0.44,0.40,-0.23,-0.51,-6.00,-4.67,37.33,37.52,010,100,0,0,1964,2000,2014,1892,1970,1967,42.54,33.7,3352,52.375,83.80,1
2026-09-01T21:22:29.615,19.890,2,50,50,484,484,75.1,70.8,0.37,0.16,0.60,0.78,0.12,-0.93,0.37,0.16,-6.10,-3.91,37.31,37.60,001,001,0,0,1951,1982,2013,1903,1989,1967,42.54,33.7,3416,53.375,85.40,1
2026-09-01T21:22:29.627,19.902,2,50,50,507,484,80.0,78.8,-0.80,0.17,0.42,0.56,0.16,0.92,-0.80,0.17,-6.27,-4.47,37.28,37.54,110,110,0,0,1945,1997,2016,1875,1975,2003,42.54,33.7,3352,52.375,83.80,1
2026-09-01T21:22:29.638,19.914,2,50,50,484,484,70.8,77.7,0.29,-0.38,0.44,0.82,-0.30,-0.68,0.29,-0.38,-5.76,-3.66,37.37,37.64,011,101,0,0,1947,1982,2012,1910,1942,1993,42.54,33.7,3353,52.391,83.83,1
2026-09-01T21:22:29.650,19.925,2,50,50,484,484,79.5,74.0,-0.35,0.35,0.68,0.30,0.33,-0.16,-0.35,0.35,-6.20,-3.32,37.29,37.62,100,010,0,0,1961,1998,1998,1883,1973,1946,42.54,33.7,3349,52.328,83.72,1
2026-09-01T21:22:29.662,19.937,2,50,50,484,484,76.6,79.7,0.19,-0.52,1.26,0.48,-1.02,0.49,0.19,-0.52,-4.97,-3.59,37.48,37.63,011,100,0,0,1964,1987,1965,1888,1975,1964,42.54,33.7,3351,52.359,83.78,1
2026-09-01T21:22:29.674,19.949,2,50,50,484,484,77.3,72.0,-0.40,0.34,0.12,1.02,1.54,-1.06,-0.40,0.34,-6.29,-2.73,37.28,37.71,101,001,0,0,1931,2008,2005,1915,1997,1974,42.54,33.7,3344,52.250,83.60,1
2026-09-01T21:22:29.685,19.961,2,50,50,484,484,79.3,78.7,-0.45,0.37,0.60,0.38,0.17,0.39,-0.52,0.35,-5.81,-3.87,37.36,37.61,010,110,0,0,1945,1948,2018,1895,1983,1939,42.54,33.7,3352,52.375,83.80,1
2026-09-01T21:22:29.698,19.973,2,50,50,484,484,79.8,71.6,0.24,-0.63,0.68,0.46,0.77,-0.28,0.24,-0.63,-6.24,-4.01,37.29,37.59,101,001,0,0,1952,2012,2006,1888,1983,1959,42.54,33.7,3350,52.344,83.75,1
2026-09-01T21:22:29.711,19.986,2,50,50,484,484,73.7,78.0,-0.62,0.51,0.60,0.54,-0.19,-0.05,-0.62,0.55,-6.07,-4.11,37.31,37.58,110,010,0,0,1952,1992,2016,1892,1986,1947,42.54,33.7,3350,52.344,83.75,1
2026-09-01T21:22:29.721,19.996,2,50,50,484,484,78.8,80.0,0.31,-0.53,0.56,0.42,0.26,0.65,0.26,-0.63,-6.06,-4.81,37.32,37.50,001,100,0,0,1945,2008,1990,1883,1983,1967,42.54,33.7,3352,52.375,83.80,1
2026-09-01T21:22:29.733,20.008,2,50,50,507,484,71.6,73.9,-0.60,-0.07,0.82,0.66,-0.03,-0.60,-0.60,-0.07,-6.04,-4.04,37.32,37.60,110,001,0,0,1959,2009,1995,1895,1977,1955,42.54,33.7,3407,53.234,85.17,1
2026-09-01T21:22:29.744,20.020,2,50,50,507,484,78.7,77.1,0.22,0.28,0.44,0.46,-0.31,0.52,0.22,0.28,-5.88,-4.21,37.35,37.52,011,110,0,0,1949,1986,2017,1882,1973,1975,42.54,33.7,3351,52.359,83.78,1
2026-09-01T21:22:29.756,20.031,2,50,50,507,484,75.0,79.6,0.00,-0.39,0.80,0.86,0.17,-0.47,0.00,-0.39,-6.25,-3.92,37.29,37.60,100,101,0,0,1966,2013,2063,1911,1947,1988,42.54,33.7,3352,52.375,83.80,1
2026-09-01T21:22:29.768,20.043,2,50,50,507,484,79.3,74.4,-0.31,0.34,0.60,0.46,-0.49,-0.33,-0.31,0.34,-6.09,-3.43,37.31,37.63,010,011,0,0,1958,2001,2020,1886,1980,1941,42.54,33.7,3352,52.375,83.80,1
2026-09-01T21:22:29.779,20.055,2,50,50,507,484,77.2,78.6,0.46,-0.20,0.78,0.62,0.20,0.53,0.46,-0.20,-5.99,-3.65,37.32,37.63,101,100,0,0,1969,1986,2012,1896,1979,1963,42.54,33.7,3351,52.359,83.78,1
2026-09-01T21:22:29.792,20.067,2,50,50,484,484,77.6,78.9,-0.59,-0.18,0.60,0.62,-0.23,-0.69,-0.59,-0.18,-5.78,-2.87,37.36,37.70,010,001,0,0,1959,1994,2007,1891,2002,1956,42.54,33.7,3348,52.312,83.70,1
2026-09-01T21:22:29.803,20.079,2,50,50,507,484,74.2,80.1,0.60,0.08,0.96,0.44,-0.19,0.81,0.60,0.08,-5.66,-3.47,37.26,37.65,001,110,0,0,1976,1954,2032,1884,1967,1959,42.54,33.7,3352,52.375,83.80,1
2026-09-01T21:22:29.815,20.090,2,50,50,507,484,78.3,76.8,-0.81,-0.68,0.34,0.44,0.35,-0.12,-0.81,-0.68,-6.31,-3.51,37.29,37.64,110,101,0,0,1944,1992,2013,1892,1965,1967,42.54,33.7,3351,52.359,83.78,1
2026-09-01T21:22:29.827,20.102,2,50,50,484,484,73.8,73.1,0.36,0.21,0.68,0.22,-0.24,0.67,0.36,0.21,-6.02,-3.92,37.32,37.60,011,010,0,0,1956,1988,2010,1873,1961,1963,42.54,33.7,3349,52.328,83.72,1
2026-09-01T21:22:29.838,20.114,2,50,50,484,484,80.0,80.0,-0.28,-0.33,0.68,0.56,0.37,0.41,-0.28,-0.33,-6.56,-4.42,37.24,37.55,100,100,0,0,1965,2002,1996,1898,1967,1967,42.54,33.7,3352,52.375,83.80,1
2026-09-01T21:22:29.850,20.126,2,50,50,507,484,74.6,75.4,0.18,-0.14,0.88,0.50,-0.92,-0.57,0.18,-0.14,-5.76,-3.89,37.37,37.60,011,001,0,0,1968,1988,1990,1888,1987,1953,42.54,33.7,3350,52.344,83.75,1
2026-09-01T21:22:29.862,20.137,2,50,50,484,484,77.2,75.6,0.00,0.63,0.46,0.84,0.60,0.15,0.00,0.63,-6.46,-4.07,37.25,37.50,101,110,0,0,1948,1993,2001,1900,1975,1965,42.54,33.7,3351,52.359,83.78,1
2026-09-01T21:22:29.874,20.149,2,50,50,507,484,77.3,80.0,-0.37,-0.62,0.68,0.86,-0.58,-0.05,-0.31,-0.62,-6.05,-4.01,37.32,37.59,010,101,0,0,1964,2000,2010,1898,1984,1955,42.54,33.7,3352,52.375,83.80,1
2026-09-01T21:22:29.885,20.161,2,50,50,484,484,75.1,72.7,0.34,0.52,0.44,0.62,0.38,-0.50,0.34,0.52,-6.15,-3.33,37.30,37.50,001,011,0,0,1944,2000,2021,1892,1992,1935,42.54,33.7,3352,52.375,83.80,1
2026-09-01T21:22:29.898,20.173,2,50,50,484,484,72.3,77.7,-0.50,-0.59,0.68,0.54,-0.34,0.34,-0.50,-0.59,-5.92,-3.72,37.34,37.63,110,100,0,0,1958,1993,2004,1886,1968,1966,42.54,33.7,3352,52.375,83.80,1
2026-09-01T21:22:29.910,20.185,2,50,50,507,484,79.4,73.5,0.31,0.12,0.60,0.94,0.00,-0.79,0.31,0.12,-5.61,-2.83,37.39,37.70,001,011,0,0,1952,1964,2018,1892,1907,1943,42.54,33.7,3349,52.328,83.72,1
2026-09-01T21:22:29.921,20.197,2,50,50,507,484,77.1,79.3,-0.59,0.06,0.90,0.48,-0.23,0.51,-0.59,-0.02,-5.72,-3.44,37.37,37.65,110,110,0,0,1960,1984,2024,1888,1969,1953,42.54,33.7,3351,52.359,83.78,1
2026-09-01T21:22:29.934,20.210,2,50,50,484,484,78.5,73.0,0.42,-0.61,0.72,0.46,-0.28,-0.38,0.42,-0.61,-5.58,-3.35,37.39,37.66,011,101,0,0,1962,1992,2008,1893,1963,1967,42.54,33.7,3353,52.391,83.83,1
2026-09-01T21:22:29.945,20.220,2,50,50,484,484,78.2,77.0,-0.14,0.34,0.80,0.38,0.48,0.09,-0.26,0.38,-6.31,-3.90,37.28,37.60,100,010,0,0,1959,1973,2063,1886,1979,1945,42.54,33.7,3348,52.312,83.70,1
2026-09-01T21:22:29.958,20.233,2,50,50,507,484,75.7,79.9,0.01,-0.39,0.92,0.62,-0.83,1.07,0.01,-0.54,-5.79,-4.70,37.36,37.51,010,100,0,0,1972,2006,2016,1886,2001,1951,42.54,33.7,3352,52.375,83.80,1
2026-09-01T21:22:29.968,20.243,2,50,50,507,463,79.9,77.1,0.19,-0.25,0.48,0.46,0.56,-0.40,0.19,-0.25,-6.39,-4.27,37.26,37.56,101,001,0,0,1949,1992,2005,1886,1979,1955,42.54,33.7,3350,52.344,83.75,1
2026-09-01T21:22:29.980,20.255,2,50,50,484,484,70.0,74.6,-0.57,0.54,0.60,0.70,-0.30,0.12,-0.57,0.54,-6.07,-4.28,37.31,37.52,010,110,0,0,1967,1991,2006,1895,1975,1998,42.54,33.7,3408,53.250,85.20,1
2026-09-01T21:22:29.992,20.267,2,50,50,484,484,72.2,75.2,0.41,-0.63,0.80,0.62,0.22,-0.30,0.41,-0.63,-6.05,-4.22,37.32,37.57,001,101,0,0,1950,1996,2010,1894,1970,1962,42.54,33.7,3353,52.391,83.83,1
2026-09-01T21:22:30.004,20.279,2,50,50,484,484,79.9,76.5,-0.66,0.66,0.42,0.72,-0.09,-0.34,-0.66,0.66,-6.11,-3.86,37.31,37.39,110,010,0,0,1949,1995,2018,1901,1998,1937,42.54,33.7,3349,52.328,83.72,1
2026-09-01T21:22:30.015,20.291,2,50,50,484,484,71.6,80.0,0.31,-0.49,0.52,0.42,-0.21,0.66,0.31,-0.57,-5.84,-4.35,37.35,37.55,001,100,0,0,1952,1986,2012,1882,1979,1967,42.54,33.7,3351,52.359,83.78,1
2026-09-01T21:22:30.027,20.303,2,50,50,507,484,76.9,71.5,-0.17,0.01,1.08,0.62,-0.06,-0.79,-0.17,0.09,-5.83,-3.16,37.35,37.68,100,011,0,0,1984,1999,1972,1891,1987,1951,42.54,33.7,3415,53.359,85.38,1
2026-09-01T21:22:30.039,20.314,2,50,50,507,484,79.4,79.7,0.18,0.15,0.68,0.44,-0.43,0.63,0.24,0.03,-5.44,-3.56,37.41,37.64,011,110,0,0,1952,1987,2017,1880,1967,1965,42.54,33.7,3352,52.375,83.80,1
2026-09-01T21:22:30.051,20.326,2,50,50,484,484,70.4,74.6,0.03,-0.55,0.64,0.58,0.52,-0.40,0.03,-0.55,-6.10,-3.18,37.31,37.67,101,101,0,0,1958,1980,2004,1892,1969,1959,42.54,33.7,3353,52.391,83.83,1
2026-09-01T21:22:30.063,20.338,2,50,50,484,484,80.0,77.8,-0.34,0.09,0.44,-0.18,0.06,0.74,-0.34,0.09,-6.05,-3.67,37.32,37.63,010,010,0,0,1952,1978,2001,1870,1975,1947,42.54,33.7,3350,52.344,83.75,1
2026-09-01T21:22:30.074,20.349,2,50,50,484,484,70.2,80.0,0.46,-0.49,0.64,0.52,0.31,1.16,0.46,-0.49,-6.23,-4.35,37.29,37.55,101,100,0,0,1958,1999,2014,1883,2002,1959,42.54,33.7,3353,52.391,83.83,1
2026-09-01T21:22:30.086,20.361,2,50,50,484,484,79.5,75.5,-0.64,-0.21,0.60,0.38,-0.05,-0.52,-0.64,-0.21,-6.26,-3.81,37.29,37.61,110,001,0,0,1960,1992,2005,1886,1978,1953,42.54,33.7,3352,52.375,83.80,1
2026-09-01T21:22:30.098,20.373,2,50,50,484,484,76.1,74.7,0.38,0.56,0.54,0.72,-0.12,0.30,0.38,0.36,-6.07,-4.44,37.31,37.55,001,110,0,0,1960,1988,2012,1893,1977,2003,42.54,33.7,3350,52.344,83.75,1
2026-09-01T21:22:30.112,20.387,2,50,50,484,484,78.9,79.5,-0.37,-0.67,0.72,0.46,0.33,-0.02,-0.37,-0.67,-6.42,-4.57,37.26,37.53,100,101,0,0,1972,1994,2000,1894,1978,1963,42.54,33.7,3354,52.406,83.85,1
2026-09-01T21:22:30.121,20.396,2,50,50,507,484,74.5,79.6,0.05,0.42,1.08,0.70,-1.23,-0.37,0.05,0.42,-5.60,-4.08,37.39,37.59,011,011,0,0,1971,1981,1957,1895,1982,1947,42.54,33.7,3351,52.359,83.78,1
2026-09-01T21:22:30.133,20.408,2,50,50,484,484,78.2,70.1,0.31,-0.33,0.96,0.30,0.49,0.88,0.31,-0.33,-6.28,-4.64,37.28,37.52,101,110,0,0,1973,1987,2005,1883,1969,1965,42.54,33.7,3353,52.391,83.83,1
2026-09-01T21:22:30.144,20.420,2,50,50,507,484,78.9,79.7,-0.09,-0.21,1.04,0.78,-0.47,-0.49,-0.09,-0.21,-5.81,-3.58,37.36,37.64,010,001,0,0,1976,2013,2008,1900,1989,1947,42.54,33.7,3350,52.344,83.75,1
2026-09-01T21:22:30.156,20.431,2,50,50,484,484,77.5,76.5,0.52,0.56,0.64,0.62,0.07,-0.13,0.52,0.56,-5.71,-3.28,37.29,37.45,001,010,0,0,1962,1980,2018,1896,1991,1924,42.54,33.7,3350,52.344,83.75,1
2026-09-01T21:22:30.168,20.443,2,50,50,484,484,78.7,75.6,-0.56,-0.70,0.90,0.44,0.00,-0.04,-0.56,-0.71,-5.86,-3.46,37.35,37.65,110,101,0,0,1965,1984,2016,1888,1975,1959,42.54,33.7,3351,52.359,83.78,1
2026-09-01T21:22:30.180,20.455,2,50,50,484,484,75.2,79.8,0.53,0.24,0.84,0.46,-0.18,-0.26,0.53,0.24,-5.68,-3.03,37.25,37.68,011,011,0,0,1968,2000,2009,1884,1981,1943,42.54,33.7,3350,52.344,83.75,1
2026-09-01T21:22:30.192,20.467,2,50,50,484,463,77.3,78.6,-0.07,-0.59,1.28,0.38,0.27,1.23,-0.07,-0.59,-6.31,-3.89,37.28,37.60,100,100,0,0,1989,1976,1996,1872,2023,1961,42.54,33.7,3352,52.375,83.80,1
2026-09-01T21:22:30.203,20.479,2,50,50,484,484,70.6,79.9,0.36,-0.45,1.28,0.46,-0.77,-0.33,0.36,-0.45,-5.87,-3.51,37.30,37.63,010,001,0,0,1989,2016,2000,1888,1983,1947,42.52,33.7,3350,52.344,83.75,1
2026-09-01T21:22:30.215,20.490,2,50,50,484,484,79.1,78.4,0.40,0.53,0.60,0.58,0.85,0.27,0.40,0.53,-6.75,-3.93,37.16,37.55,101,010,0,0,1977,1996,2008,1899,1991,1951,42.52,33.7,3350,52.344,83.75,1
2026-09-01T21:22:30.226,20.502,2,50,50,484,484,77.3,73.6,-0.11,-0.70,1.48,0.38,-0.34,0.34,-0.11,-0.70,-6.23,-4.45,37.27,37.53,110,100,0,0,2000,2006,2000,1880,1973,1959,42.52,33.7,3352,52.375,83.80,1
2026-09-01T21:22:30.238,20.513,2,50,50,484,484,77.5,75.7,0.63,0.15,0.82,0.72,-0.23,-0.51,0.63,0.15,-6.05,-3.88,36.97,37.59,001,011,0,0,1969,1984,2021,1891,1949,1950,42.52,33.7,3348,52.312,83.70,1
2026-09-01T21:22:30.250,20.525,2,50,50,484,484,76.1,79.9,-0.46,0.02,0.80,0.38,0.54,0.88,-0.46,0.02,-6.54,-4.39,37.22,37.53,100,110,0,0,1965,1988,2012,1885,1971,1954,42.52,33.7,3352,52.375,83.80,1
2026-09-01T21:22:30.262,20.537,2,50,50,484,484,76.6,74.3,0.57,-0.30,1.24,0.96,-0.69,-0.53,0.64,-0.20,-5.75,-3.55,37.06,37.62,011,101,0,0,1984,2008,2020,1908,1955,1969,42.52,33.7,3352,52.375,83.80,1
2026-09-01T21:22:30.273,20.549,2,50,50,484,484,76.2,78.3,0.35,0.41,1.10,0.44,0.34,-0.20,0.35,0.41,-6.07,-3.28,37.26,37.56,101,010,0,0,1983,1969,2011,1889,1996,1924,42.54,33.7,3350,52.344,83.75,1
2026-09-01T21:22:30.285,20.561,2,50,50,484,484,78.7,78.6,-0.33,-0.62,0.72,0.42,-0.24,0.50,-0.33,-0.62,-5.65,-3.56,37.38,37.64,010,100,0,0,1956,1986,2024,1880,1975,1955,42.54,33.7,3352,52.375,83.80,1
2026-09-01T21:22:30.297,20.573,2,50,50,484,484,78.1,80.0,0.49,0.18,0.82,0.46,0.43,-0.37,0.49,0.18,-5.61,-2.94,37.17,37.69,101,011,0,0,1962,2005,2009,1887,1977,1945,42.54,33.7,3350,52.344,83.75,1
2026-09-01T21:22:30.311,20.586,2,50,50,484,484,74.0,72.9,-0.42,-0.04,0.84,0.42,-0.27,0.48,-0.42,-0.04,-5.78,-3.44,37.36,37.65,110,110,0,0,1968,2008,1992,1892,1967,1938,42.54,33.7,3352,52.375,83.80,1
2026-09-01T21:22:30.321,20.596,2,50,50,484,484,77.7,76.7,0.53,-0.29,0.84,0.76,0.41,-0.40,0.49,-0.29,-6.15,-3.55,37.18,37.64,001,001,0,0,1954,2021,1985,1898,1986,1948,42.54,33.7,3350,52.344,83.75,1
2026-09-01T21:22:30.333,20.608,2,50,50,484,484,74.9,79.9,-0.13,0.44,1.16,0.46,0.19,0.32,-0.13,0.44,-6.38,-4.20,37.26,37.57,100,010,0,0,1985,1986,2000,1886,1979,1949,42.54,33.7,3350,52.344,83.75,1
2026-09-01T21:22:30.344,20.620,2,50,50,484,484,71.8,79.4,0.13,-0.54,0.88,0.44,-0.43,0.56,0.13,-0.54,-5.99,-4.73,37.33,37.51,011,100,0,0,1971,2002,1998,1887,1976,1963,42.54,33.7,3352,52.375,83.80,1
2026-09-01T21:22:30.356,20.631,2,50,50,484,484,79.3,70.6,0.18,0.02,0.76,0.68,0.83,-0.67,0.18,0.02,-6.53,-4.13,37.19,37.58,101,001,0,0,1959,2002,2008,1898,1983,1959,42.54,33.7,3344,52.250,83.60,1
2026-09-01T21:22:30.368,20.643,2,50,50,484,484,76.2,78.1,-0.30,0.40,0.86,0.66,-0.26,0.54,-0.23,0.26,-6.12,-4.69,37.31,37.51,010,110,0,0,1972,2000,2006,1892,1975,1965,42.54,33.7,3351,52.359,83.78,1
2026-09-01T21:22:30.380,20.655,2,50,50,484,484,79.4,79.9,0.58,-0.24,0.76,1.10,0.05,-0.38,0.58,-0.24,-6.06,-4.28,37.08,37.56,001,101,0,0,1960,1987,2016,1918,1953,1972,42.54,33.7,3352,52.375,83.80,1
2026-09-01T21:22:30.392,20.667,2,50,50,484,484,70.0,75.4,-0.13,0.44,1.16,0.46,-0.22,-0.55,-0.13,0.44,-6.05,-3.68,37.32,37.52,110,010,0,0,1972,1981,2017,1894,1995,1935,42.54,33.7,3350,52.344,83.75,1
2026-09-01T21:22:30.403,20.678,2,50,50,484,484,76.4,80.1,0.38,-0.40,0.74,0.62,-0.14,0.46,0.38,-0.40,-5.67,-3.99,37.25,37.60,011,100,0,0,1977,1992,2002,1896,1971,1975,42.54,33.7,3352,52.375,83.80,1
2026-09-01T21:22:30.415,20.690,2,50,50,507,484,79.5,70.0,-0.19,0.40,0.68,1.06,0.48,-1.12,-0.19,0.40,-6.05,-2.74,37.33,37.57,100,011,0,0,1964,1993,1991,1914,1979,1962,42.54,33.7,3346,52.281,83.65,1
2026-09-01T21:22:30.427,20.702,2,50,50,484,484,75.4,79.6,0.02,0.32,0.92,0.54,-0.41,0.36,0.02,0.32,-5.67,-3.38,37.38,37.65,010,110,0,0,1966,2000,2002,1892,1976,1944,42.54,33.7,3354,52.406,83.85,1
2026-09-01T21:22:30.438,20.714,2,50,50,484,484,78.7,75.8,0.43,-0.57,0.68,0.54,0.77,-0.39,0.43,-0.57,-6.35,-3.38,37.11,37.65,101,101,0,0,1961,1989,2012,1897,1959,1975,42.54,33.7,3352,52.375,83.80,1
2026-09-01T21:22:30.450,20.725,2,50,50,484,484,78.8,69.5,-0.40,0.40,0.84,0.38,0.17,-0.09,-0.40,0.40,-6.51,-3.71,37.24,37.63,110,010,0,0,1971,1991,2004,1883,1979,1943,42.54,33.7,3351,52.359,83.78,1
2026-09-01T21:22:30.462,20.737,2,50,50,484,484,74.1,78.9,0.70,-0.32,1.12,0.50,-0.04,0.66,0.62,-0.42,-6.05,-4.39,36.95,37.55,001,100,0,0,1979,2016,1982,1891,1982,1955,42.54,33.7,3351,52.359,83.78,1
2026-09-01T21:22:30.474,20.749,2,50,50,484,484,77.3,78.4,-0.01,-0.29,1.32,0.46,0.03,-0.52,-0.01,-0.29,-6.23,-3.94,37.29,37.60,100,001,0,0,2009,1992,1984,1890,1993,1955,42.54,33.7,3350,52.344,83.75,1
2026-09-01T21:22:30.485,20.761,2,50,50,484,484,77.6,71.3,0.38,0.70,1.00,0.78,-0.54,0.04,0.38,0.70,-5.69,-4.15,37.21,37.37,011,110,0,0,1972,2001,2006,1904,1974,1996,42.54,33.7,3350,52.344,83.75,1
2026-09-01T21:22:30.498,20.773,2,50,50,484,484,76.0,76.5,0.05,-0.60,1.26,0.68,0.14,-0.26,0.05,-0.60,-6.24,-4.08,37.29,37.58,100,101,0,0,1972,2004,2080,1900,1975,1962,42.54,33.7,3351,52.359,83.78,1
2026-09-01T21:22:30.510,20.785,2,50,50,484,484,76.6,75.8,0.07,0.42,1.06,0.46,-0.77,-0.21,0.07,0.42,-5.79,-3.83,37.36,37.56,010,010,0,0,1980,2016,2010,1889,1993,1933,42.54,33.7,3349,52.328,83.72,1
2026-09-01T21:22:30.521,20.797,2,50,50,484,484,77.7,79.9,0.60,-0.33,0.94,0.62,0.36,0.24,0.60,-0.33,-6.14,-3.98,37.06,37.60,101,100,0,0,1975,1979,2019,1899,1956,1964,42.54,33.7,3351,52.359,83.78,1
2026-09-01T21:22:30.533,20.808,2,50,50,484,484,79.9,78.0,-0.30,-0.18,1.24,0.68,0.10,-0.67,-0.30,-0.18,-5.86,-3.05,37.35,37.68,110,001,0,0,1980,1985,2016,1893,1999,1953,42.54,33.7,3350,52.344,83.75,1
2026-09-01T21:22:30.545,20.820,2,50,50,484,484,72.6,75.2,0.63,0.43,0.84,0.44,-0.25,0.14,0.63,0.43,-5.72,-3.09,37.11,37.62,001,110,0,0,1966,1983,2020,1892,1983,1941,42.54,33.7,3349,52.328,83.72,1
2026-09-01T21:22:30.556,20.832,2,50,50,484,484,79.8,79.7,-0.26,-0.74,0.84,0.42,0.56,-0.11,-0.26,-0.74,-6.25,-3.32,37.29,37.66,100,101,0,0,1964,1993,2013,1888,1971,1967,42.54,33.7,3354,52.406,83.85,1
2026-09-01T21:22:30.568,20.843,2,50,50,484,463,72.2,77.5,0.34,-0.06,1.30,-0.08,-0.59,0.73,0.34,-0.06,-5.82,-3.55,37.26,37.64,010,011,0,0,1991,2019,1995,1862,1942,1967,42.54,33.7,3350,52.344,83.75,1
2026-09-01T21:22:30.580,20.855,2,50,50,484,463,79.0,73.1,0.40,0.15,0.72,0.96,0.59,0.27,0.40,0.15,-6.35,-3.98,37.13,37.60,101,100,0,0,1960,1987,2014,1901,2043,1965,42.54,33.7,3352,52.375,83.80,1
2026-09-01T21:22:30.592,20.867,2,50,50,484,484,74.9,77.6,-0.07,-0.31,1.12,0.38,-0.30,-0.52,-0.07,-0.31,-6.10,-3.96,37.31,37.60,010,001,0,0,1984,2008,1996,1884,1987,1953,42.54,33.7,3349,52.328,83.72,1
2026-09-01T21:22:30.604,20.879,2,50,50,484,484,78.2,73.1,0.58,0.73,0.76,0.94,0.08,0.02,0.58,0.73,-5.98,-4.25,36.93,37.41,001,110,0,0,1964,1987,2018,1908,1976,1992,42.54,33.7,3351,52.359,83.78,1
2026-09-01T21:22:30.615,20.891,2,50,50,484,484,78.2,79.9,-0.36,-0.55,0.92,0.62,0.23,-0.26,-0.36,-0.55,-6.30,-4.25,37.28,37.57,110,101,0,0,1972,1978,2013,1898,1969,1963,42.54,33.7,3351,52.359,83.78,1
2026-09-01T21:22:30.627,20.902,2,50,50,484,484,79.0,79.2,0.72,0.37,1.64,0.62,-0.61,-0.37,0.72,0.37,-5.64,-3.79,36.97,37.62,011,011,0,0,1988,2002,2018,1892,1983,1945,42.54,33.7,3350,52.344,83.75,1
2026-09-01T21:22:30.638,20.914,2,50,50,484,484,76.2,77.3,0.18,-0.19,0.80,0.38,0.55,1.11,0.18,-0.19,-6.27,-4.44,37.26,37.52,101,110,0,0,1972,1974,2009,1880,1969,1961,42.52,33.7,3352,52.375,83.80,1
2026-09-01T21:22:30.650,20.925,2,50,50,484,484,77.9,75.4,-0.04,-0.11,1.16,0.96,-0.49,-0.83,0.02,-0.11,-5.58,-3.32,37.37,37.64,010,001,0,0,1984,2008,1997,1908,1975,1951,42.52,33.7,3348,52.312,83.70,1
2026-09-01T21:22:30.662,20.937,2,50,50,484,484,77.5,79.9,0.76,0.26,1.04,0.30,-0.06,0.17,0.76,0.26,-5.45,-3.33,36.86,37.64,001,010,0,0,1979,1972,2029,1881,1971,1949,42.52,33.7,3350,52.344,83.75,1
2026-09-01T21:22:30.673,20.949,2,50,50,484,484,69.8,77.7,-0.39,-0.80,1.00,0.34,0.33,0.86,-0.39,-0.80,-5.87,-3.74,37.33,37.60,110,100,0,0,1967,1975,2013,1875,1981,1954,42.52,33.7,3410,53.281,85.25,1
2026-09-01T21:22:30.688,20.963,2,50,50,484,484,79.8,73.6,0.40,0.04,0.82,0.56,-0.03,-0.70,0.40,0.04,-6.01,-2.83,37.10,37.68,011,011,0,0,1971,2002,2006,1885,1951,1943,42.52,33.7,3349,52.328,83.72,1
2026-09-01T21:22:30.697,20.973,2,50,50,484,484,77.2,71.0,0.15,0.30,1.30,0.88,0.33,0.30,0.15,0.30,-6.24,-3.75,37.20,37.60,100,110,0,0,1975,1985,2053,1919,1966,1922,42.52,33.7,3345,52.266,83.62,1
2026-09-01T21:22:30.709,20.984,2,50,50,484,484,77.4,77.8,0.20,-0.30,1.24,0.62,-0.63,-0.60,0.31,-0.18,-6.02,-3.56,37.24,37.62,010,001,0,0,1992,2016,2000,1901,1973,1970,42.52,33.7,3350,52.344,83.75,1
2026-09-01T21:22:30.721,20.996,2,50,50,484,484,76.3,79.6,0.65,0.53,1.08,0.58,0.15,0.15,0.65,0.53,-6.23,-4.04,36.78,37.56,101,010,0,0,1982,1973,2021,1897,1988,1940,42.52,33.7,3349,52.328,83.72,1
2026-09-01T21:22:30.732,21.008,2,50,50,484,484,80.0,78.9,-0.27,-0.51,1.16,0.54,-0.02,0.46,-0.27,-0.51,-6.11,-4.52,37.29,37.52,110,100,0,0,1976,1993,2008,1884,1967,1958,42.52,33.7,3354,52.406,83.85,1
2026-09-01T21:22:30.744,21.019,2,50,50,484,484,74.8,74.1,0.47,-0.04,0.76,0.66,-0.25,-0.61,0.47,-0.04,-5.87,-3.90,37.06,37.59,011,001,0,0,1963,1992,2012,1895,1989,1959,42.52,33.9,3350,52.344,83.75,1
2026-09-01T21:22:30.756,21.031,2,50,50,484,484,78.9,76.7,0.08,0.42,1.04,0.62,0.34,0.31,0.02,0.27,-6.26,-4.14,37.26,37.56,100,110,0,0,1986,1976,2000,1893,1971,1967,42.52,33.9,3351,52.359,83.78,1
2026-09-01T21:22:30.768,21.043,2,50,50,507,484,72.8,78.6,0.26,-0.13,1.16,1.22,-0.99,-0.70,0.26,-0.13,-5.61,-3.64,37.29,37.63,010,101,0,0,1982,2028,2041,1926,1941,1989,42.54,33.9,3353,52.391,83.83,1
2026-09-01T21:22:30.779,21.055,2,50,50,484,484,78.6,72.7,0.54,0.35,1.06,0.38,0.28,-0.17,0.49,0.37,-5.81,-3.55,37.04,37.60,101,010,0,0,1975,1973,2017,1886,1983,1935,42.54,33.9,3349,52.328,83.72,1
2026-09-01T21:22:30.791,21.067,2,50,50,484,484,77.5,78.7,-0.50,-0.16,0.82,0.70,0.09,0.58,-0.50,-0.16,-5.92,-3.80,37.35,37.62,110,100,0,0,1968,1992,2011,1897,1981,1961,42.54,33.9,3352,52.375,83.80,1
2026-09-01T21:22:30.803,21.079,2,50,50,484,484,78.2,73.9,0.68,-0.05,0.96,0.30,0.06,-0.60,0.68,0.05,-5.80,-3.11,36.91,37.68,001,011,0,0,1975,1980,2025,1881,1980,1945,42.54,33.9,3349,52.328,83.72,1
2026-09-01T21:22:30.815,21.090,2,50,50,484,484,70.3,79.7,-0.37,0.19,0.94,0.52,0.37,0.74,-0.36,0.08,-6.23,-3.56,37.29,37.64,100,110,0,0,1964,1972,2026,1881,1969,1957,42.54,33.9,3352,52.375,83.80,1
2026-09-01T21:22:30.827,21.102,2,50,50,484,484,79.3,75.6,0.69,-0.53,1.30,0.60,-0.46,-0.48,0.69,-0.53,-5.85,-3.58,36.99,37.62,011,101,0,0,1986,2004,2016,1898,1953,1982,42.52,33.9,3353,52.391,83.83,1
2026-09-01T21:22:30.838,21.114,2,50,50,484,484,70.1,73.4,0.26,0.24,0.98,0.24,0.38,0.62,0.26,0.24,-6.44,-4.26,37.24,37.55,101,010,0,0,1985,1956,1998,1877,1965,1958,42.52,33.9,3349,52.328,83.72,1
2026-09-01T21:22:30.850,21.125,2,50,50,484,484,79.8,80.0,-0.09,-0.23,1.16,0.74,-0.21,0.21,-0.07,-0.25,-5.99,-4.50,37.31,37.52,010,100,0,0,1976,1985,2002,1902,1958,1951,42.52,33.9,3352,52.375,83.80,1
2026-09-01T21:22:30.862,21.137,2,50,50,484,484,74.3,79.0,0.65,-0.22,0.94,0.62,0.07,-0.46,0.65,-0.22,-6.08,-4.27,36.88,37.55,001,001,0,0,1973,1977,2022,1893,1981,1953,42.52,33.9,3350,52.344,83.75,1
2026-09-01T21:22:30.874,21.149,2,50,50,484,484,78.9,70.0,-0.35,0.59,1.00,0.74,0.07,0.05,-0.35,0.59,-6.27,-4.40,37.26,37.41,110,110,0,0,1973,1994,2004,1897,1979,1951,42.52,33.9,3425,53.516,85.62,1
2026-09-01T21:22:30.885,21.161,2,50,50,484,484,73.0,79.4,0.85,-0.46,1.32,0.94,-0.55,-0.06,0.85,-0.46,-5.67,-4.23,36.78,37.55,011,101,0,0,1988,1986,2028,1904,1978,1952,42.52,33.9,3353,52.391,83.83,1
2026-09-01T21:22:30.898,21.173,2,50,50,484,484,77.3,75.6,-0.21,0.44,1.10,0.44,0.42,-0.27,-0.21,0.44,-6.22,-3.78,37.29,37.50,100,010,0,0,1976,1984,2005,1892,1985,1943,42.54,33.9,3349,52.328,83.72,1
2026-09-01T21:22:30.909,21.185,2,50,50,484,484,77.7,79.6,0.22,-0.57,0.74,0.42,-0.37,0.52,0.31,-0.60,-5.57,-4.00,37.27,37.59,011,100,0,0,1963,1997,2005,1885,1974,1970,42.54,33.9,3351,52.359,83.78,1
2026-09-01T21:22:30.921,21.196,2,50,50,484,484,78.5,71.8,0.25,0.21,0.92,0.86,0.64,-1.06,0.25,0.21,-5.95,-2.91,37.07,37.69,101,001,0,0,1963,1992,2006,1910,1991,1969,42.54,33.9,3345,52.266,83.62,1
2026-09-01T21:22:30.932,21.208,2,50,50,484,484,75.3,72.0,-0.35,0.61,1.04,0.66,-0.13,-0.16,-0.35,0.47,-5.87,-3.15,37.35,37.49,110,110,0,0,1978,1996,1992,1894,1972,1963,42.54,33.9,3352,52.375,83.80,1
2026-09-01T21:22:30.944,21.220,2,50,50,484,484,76.4,80.0,0.68,-0.84,1.08,0.30,-0.04,0.20,0.68,-0.84,-5.94,-3.68,36.94,37.63,001,101,0,0,1991,2009,1985,1890,1983,1967,42.54,33.9,3351,52.359,83.78,1
2026-09-01T21:22:30.956,21.231,2,50,50,484,484,77.3,75.3,0.16,0.12,1.50,0.32,-0.01,0.32,0.16,0.12,-6.26,-4.03,37.28,37.59,100,011,0,0,2019,1981,1979,1878,1965,1954,42.54,33.9,3350,52.344,83.75,1
2026-09-01T21:22:30.968,21.243,2,50,50,484,484,75.7,74.7,0.44,0.18,1.02,1.10,-0.52,0.77,0.51,-0.11,-5.90,-4.35,37.09,37.55,011,100,0,0,1981,2005,2000,1906,2028,1959,42.54,33.9,3350,52.344,83.75,1
2026-09-01T21:22:30.979,21.255,2,50,50,484,484,79.3,79.4,0.22,-0.48,0.72,0.54,0.72,-0.22,0.22,-0.48,-6.30,-4.21,37.03,37.57,101,001,0,0,1956,1995,2007,1888,1986,1944,42.54,33.9,3350,52.344,83.75,1
2026-09-01T21:22:30.991,21.267,2,50,50,484,484,76.2,80.0,-0.36,0.55,0.92,0.50,0.01,0.01,-0.36,0.55,-6.23,-4.38,37.29,37.54,110,010,0,0,1972,1992,2000,1892,1990,1941,42.54,33.7,3351,52.359,83.78,1
2026-09-01T21:22:31.003,21.278,2,50,50,484,484,77.6,76.2,0.67,-0.38,0.86,1.04,0.07,-0.14,0.67,-0.38,-6.01,-4.45,36.99,37.54,001,101,0,0,1971,1984,2024,1905,1993,1939,42.54,33.7,3351,52.359,83.78,1
2026-09-01T21:22:31.015,21.290,2,50,50,484,484,76.0,79.6,0.16,0.32,1.90,0.42,-0.35,-0.61,0.16,0.32,-5.90,-3.77,37.32,37.58,110,011,0,0,2001,1961,2018,1888,1984,1947,42.52,33.7,3349,52.328,83.72,1
2026-09-01T21:22:31.027,21.302,2,50,50,484,484,78.8,73.8,0.72,-0.19,1.24,0.38,-0.53,0.76,0.72,-0.19,-5.37,-4.29,36.99,37.55,011,110,0,0,1988,2002,2016,1885,1969,1945,42.52,33.7,3352,52.375,83.80,1
2026-09-01T21:22:31.038,21.313,2,50,50,484,484,73.2,78.4,-0.06,-0.11,0.68,1.02,0.55,-0.59,-0.06,-0.15,-5.86,-3.21,37.33,37.65,100,001,0,0,1964,1981,2005,1908,1983,1949,42.52,33.7,3350,52.344,83.75,1
2026-09-01T21:22:31.050,21.325,2,50,50,484,484,79.7,78.5,-0.05,0.49,1.08,0.46,-0.04,-0.17,-0.05,0.49,-5.63,-3.07,37.37,37.54,010,010,0,0,1972,1985,2004,1888,2003,1918,42.52,33.7,3351,52.359,83.78,1
2026-09-01T21:22:31.062,21.337,2,50,50,484,484,73.2,69.5,0.54,-0.89,0.68,0.18,0.45,0.57,0.54,-0.89,-6.04,-3.74,37.01,37.60,001,100,0,0,1963,1992,2016,1875,1986,1951,42.52,33.7,3352,52.375,83.80,1
2026-09-01T21:22:31.073,21.349,2,50,50,484,463,78.9,79.0,-0.25,-0.22,1.10,0.14,0.27,0.67,-0.23,-0.21,-6.32,-3.58,37.26,37.62,110,011,0,0,1987,1976,2000,1867,1907,1955,42.52,33.7,3350,52.344,83.75,1
2026-09-01T21:22:31.085,21.360,2,50,50,484,484,77.4,79.0,0.76,0.11,1.32,0.54,-0.49,0.59,0.76,0.11,-5.80,-4.18,36.87,37.56,011,110,0,0,1989,2000,2020,1890,1973,1949,42.52,33.7,3352,52.375,83.80,1
2026-09-01T21:22:31.096,21.372,2,50,50,484,484,73.4,78.3,0.06,-0.60,0.74,0.62,0.73,-0.10,0.06,-0.60,-6.46,-4.31,37.23,37.54,101,101,0,0,1962,1977,2008,1894,1970,1961,42.52,33.7,3353,52.391,83.83,1
2026-09-01T21:22:31.108,21.383,2,50,50,484,484,76.1,73.8,0.02,0.51,1.50,0.52,-0.46,-0.36,0.02,0.51,-6.00,-4.22,37.31,37.53,010,011,0,0,1984,1972,2000,1896,1991,1942,42.52,33.7,3349,52.328,83.72,1
2026-09-01T21:22:31.120,21.395,2,50,50,484,484,77.6,76.2,0.63,-0.06,0.82,0.72,0.15,0.43,0.63,-0.06,-6.14,-4.47,36.94,37.52,001,100,0,0,1973,1984,2024,1895,1982,1955,42.52,33.7,3351,52.359,83.78,1
2026-09-01T21:22:31.131,21.407,2,50,50,484,484,72.0,78.8,-0.16,-0.35,1.16,0.60,0.13,-0.56,-0.16,-0.27,-6.23,-3.99,37.27,37.58,100,001,0,0,1984,1990,1992,1896,1985,1965,42.52,33.7,3350,52.344,83.75,1
2026-09-01T21:22:31.143,21.418,2,50,50,484,484,78.4,77.2,0.63,0.58,1.28,0.58,-0.65,-0.07,0.63,0.58,-5.70,-3.85,36.98,37.37,011,010,0,0,1980,2000,2000,1896,1987,1928,42.54,33.7,3352,52.375,83.80,1
2026-09-01T21:22:31.155,21.431,2,50,50,484,484,73.1,74.7,0.38,-0.68,1.14,0.46,0.33,0.08,0.38,-0.68,-5.93,-4.12,36.98,37.58,101,101,0,0,1984,1963,2005,1886,1970,1966,42.54,33.9,3351,52.359,83.78,1
2026-09-01T21:22:31.167,21.442,2,50,50,484,484,77.9,79.9,-0.18,0.40,1.00,0.54,-0.21,-0.66,-0.18,0.40,-5.69,-3.13,37.38,37.62,010,011,0,0,1972,1976,2000,1896,1987,1947,42.54,33.9,3349,52.328,83.72,1
2026-09-01T21:22:31.178,21.453,2,50,50,484,484,78.4,75.7,0.79,-0.11,1.08,0.42,0.01,0.61,0.79,-0.11,-5.92,-3.57,36.77,37.64,001,110,0,0,1981,1976,2030,1888,1967,1947,42.54,33.9,3352,52.375,83.80,1
2026-09-01T21:22:31.190,21.465,2,50,50,484,484,74.8,72.3,-0.19,-0.38,1.12,0.66,0.43,-0.58,-0.16,-0.37,-6.47,-3.03,37.25,37.68,100,001,0,0,1981,1974,2016,1889,1983,1925,42.54,33.7,3349,52.328,83.72,1
2026-09-01T21:22:31.202,21.477,2,50,50,484,484,75.2,79.9,0.82,0.25,1.80,0.00,-0.54,0.36,0.79,0.31,-6.08,-3.50,36.77,37.63,011,010,0,0,2003,2015,1972,1879,1974,1950,42.52,33.7,3349,52.328,83.72,1
2026-09-01T21:22:31.213,21.488,2,50,50,484,463,79.4,79.2,0.47,-0.73,1.16,0.32,0.54,1.19,0.47,-0.73,-6.65,-4.51,36.89,37.52,101,100,0,0,1980,1973,2023,1876,1999,1947,42.52,33.7,3352,52.375,83.80,1
2026-09-01T21:22:31.225,21.500,2,50,50,484,484,76.2,74.0,-0.13,-0.12,1.24,0.46,-0.27,-0.58,-0.13,-0.12,-6.32,-3.91,37.26,37.59,110,001,0,0,1996,2007,1979,1888,1985,1956,42.52,33.7,3350,52.344,83.75,1
2026-09-01T21:22:31.237,21.512,2,50,50,484,484,74.9,75.7,0.82,0.63,1.24,0.86,-0.31,0.23,0.82,0.63,-6.05,-4.40,36.68,37.45,001,110,0,0,1973,2008,2005,1896,1975,1959,42.52,33.7,3350,52.344,83.75,1
2026-09-01T21:22:31.248,21.523,2,50,50,484,484,80.0,79.8,-0.03,-0.68,1.16,0.52,0.43,-0.24,-0.14,-0.63,-6.44,-4.19,37.24,37.55,100,101,0,0,1978,1992,2008,1892,1975,1963,42.52,33.7,3353,52.391,83.83,1
2026-09-01T21:22:31.260,21.535,2,50,50,484,484,75.0,79.1,0.29,0.39,1.24,0.62,-0.67,-0.36,0.29,0.39,-5.82,-3.78,37.21,37.57,010,011,0,0,1992,2018,2000,1893,1983,1947,42.52,33.9,3350,52.344,83.75,1
2026-09-01T21:22:31.272,21.547,2,50,50,484,484,77.2,70.1,0.66,-0.29,1.12,0.30,0.28,0.77,0.66,-0.29,-6.04,-4.36,36.84,37.54,101,100,0,0,1982,1968,2022,1882,1969,1949,42.52,33.9,3351,52.359,83.78,1
2026-09-01T21:22:31.283,21.559,2,50,50,484,484,77.6,79.9,-0.21,-0.05,1.24,0.86,-0.09,-0.71,-0.21,-0.05,-5.76,-3.34,37.35,37.64,110,001,0,0,1985,1996,1992,1908,1983,1963,42.52,33.9,3350,52.344,83.75,1
2026-09-01T21:22:31.295,21.570,2,50,50,484,484,70.5,77.9,0.76,0.30,1.12,0.30,-0.30,0.16,0.76,0.30,-5.61,-3.26,36.86,37.65,011,010,0,0,1982,1982,2031,1880,1977,1942,42.52,33.9,3351,52.359,83.78,1
2026-09-01T21:22:31.307,21.582,2,50,50,484,484,79.5,75.6,-0.17,-0.84,0.86,0.38,0.81,0.22,-0.24,-0.78,-6.36,-3.40,37.25,37.63,100,101,0,0,1971,1976,2036,1883,1983,1963,42.52,33.9,3351,52.359,83.78,1
2026-09-01T21:22:31.318,21.594,2,50,50,484,484,78.9,79.5,0.21,0.04,1.32,0.30,-0.52,-0.18,0.21,0.04,-6.06,-2.94,37.24,37.68,010,011,0,0,2000,2025,1994,1877,1967,1949,42.52,33.9,3350,52.344,83.75,1
2026-09-01T21:22:31.330,21.605,2,50,50,484,484,69.2,75.6,0.68,0.35,0.90,0.84,0.30,0.35,0.68,0.35,-6.28,-3.72,36.64,37.60,001,110,0,0,1968,1984,2024,1907,1981,1927,42.52,33.9,3410,53.281,85.25,1
2026-09-01T21:22:31.342,21.617,2,50,50,484,484,78.9,79.3,-0.11,-0.49,1.32,0.46,0.16,-0.31,-0.11,-0.49,-6.39,-3.69,37.24,37.61,110,001,0,0,1992,1993,1995,1888,1993,1947,42.52,33.9,3350,52.344,83.75,1
2026-09-01T21:22:31.353,21.629,2,50,50,484,484,75.3,79.9,0.83,0.56,1.24,0.58,-0.32,-0.02,0.83,0.56,-5.93,-3.81,36.72,37.52,011,010,0,0,1986,2002,2020,1896,1994,1940,42.52,33.9,3350,52.344,83.75,1
2026-09-01T21:22:31.367,21.642,2,50,50,484,484,74.1,77.2,0.37,-0.64,1.30,0.38,0.11,0.50,0.37,-0.64,-6.22,-4.64,36.83,37.51,100,100,0,0,1988,1973,2025,1884,1974,1960,42.52,33.9,3352,52.375,83.80,1
2026-09-01T21:22:31.377,21.653,2,50,50,484,484,79.3,73.1,0.44,0.08,1.78,0.70,-0.74,-0.76,0.44,0.08,-5.94,-3.90,37.04,37.59,010,001,0,0,2014,2033,1987,1899,1983,1959,42.52,33.9,3350,52.344,83.75,1
2026-09-01T21:22:31.389,21.664,2,50,50,484,484,72.6,79.8,0.49,0.11,0.70,0.42,0.59,0.80,0.49,0.11,-6.29,-4.34,36.78,37.54,001,110,0,0,1958,1987,2035,1882,1970,1956,42.52,33.9,3352,52.375,83.80,1
2026-09-01T21:22:31.401,21.676,2,50,50,484,484,74.9,77.8,-0.09,-0.32,1.28,0.94,0.13,-0.47,-0.11,-0.25,-6.15,-3.56,37.29,37.62,110,101,0,0,1992,1985,1992,1912,1960,1971,42.52,33.9,3351,52.359,83.78,1
2026-09-01T21:22:31.412,21.688,2,50,50,484,484,79.1,73.8,0.68,0.38,1.60,0.46,-0.30,-0.17,0.76,0.41,-5.69,-3.21,36.83,37.50,011,010,0,0,1989,2008,2012,1887,1983,1941,42.52,33.9,3349,52.328,83.72,1
2026-09-01T21:22:31.424,21.699,2,50,50,484,484,76.3,79.7,0.35,-0.23,1.08,0.68,0.61,0.51,0.35,-0.23,-6.32,-3.51,36.81,37.63,101,100,0,0,1979,1970,2009,1897,1975,1959,42.52,33.9,3352,52.375,83.80,1
2026-09-01T21:22:31.435,21.711,2,50,50,484,484,75.0,80.0,0.10,-0.46,1.72,0.38,-0.34,-0.40,0.10,-0.46,-6.04,-3.05,37.24,37.67,110,001,0,0,2016,2018,1964,1881,1995,1947,42.52,33.9,3350,52.344,83.75,1
2026-09-01T21:22:31.448,21.723,2,50,50,484,484,78.9,78.5,0.63,0.28,0.90,0.56,0.28,0.67,0.63,0.28,-6.34,-3.53,36.75,37.62,001,110,0,0,1968,1992,2012,1887,1975,1969,42.52,33.7,3352,52.375,83.80,1
2026-09-01T21:22:31.459,21.735,2,50,50,484,484,77.0,79.9,-0.07,-0.75,1.26,0.44,0.35,0.06,-0.07,-0.75,-6.75,-4.01,37.18,37.58,100,101,0,0,1986,1983,1996,1886,1972,1973,42.52,33.7,3353,52.391,83.83,1
2026-09-01T21:22:31.471,21.746,2,50,50,484,463,74.5,80.0,0.41,0.19,1.48,0.38,-0.69,-0.01,0.41,0.19,-6.21,-3.92,36.99,37.58,010,011,0,0,2002,2027,1993,1883,1958,1958,42.52,33.7,3350,52.344,83.75,1
2026-09-01T21:22:31.482,21.758,2,50,50,484,463,75.2,74.5,0.65,-0.28,1.00,0.24,0.22,1.24,0.65,-0.28,-6.43,-4.73,36.64,37.50,101,110,0,0,1980,1973,2027,1878,1978,1960,42.52,33.7,3351,52.359,83.78,1
2026-09-01T21:22:31.494,21.769,2,50,50,484,484,79.5,76.0,-0.36,-0.32,1.16,0.78,0.41,-0.41,-0.36,-0.32,-6.64,-4.13,37.20,37.56,110,001,0,0,1979,1961,2020,1897,1986,1919,42.52,33.7,3351,52.359,83.78,1
2026-09-01T21:22:31.506,21.781,2,50,50,484,484,75.1,79.7,0.65,0.50,1.08,0.46,-0.23,-0.08,0.65,0.50,-6.12,-4.18,36.68,37.51,011,010,0,0,1976,1992,2016,1896,1993,1934,42.52,33.7,3350,52.344,83.75,1
2026-09-01T21:22:31.517,21.793,2,50,50,484,484,75.4,76.4,0.48,-0.26,1.42,0.68,0.14,0.04,0.48,-0.26,-6.29,-4.26,36.79,37.55,100,100,0,0,2004,1961,1995,1908,1952,1961,42.52,33.7,3351,52.359,83.78,1
2026-09-01T21:22:31.529,21.805,2,50,50,484,484,79.7,74.3,0.08,-0.03,1.30,0.30,-0.59,-0.50,0.08,-0.03,-5.73,-3.60,37.18,37.62,010,011,0,0,1992,2021,2006,1875,1977,1942,42.52,33.7,3349,52.328,83.72,1
2026-09-01T21:22:31.542,21.817,2,50,50,484,484,73.7,79.6,0.93,0.41,1.32,0.74,-0.05,0.30,0.92,0.28,-5.78,-3.71,36.51,37.52,001,110,0,0,1996,1961,2040,1898,1973,1945,42.52,33.9,3352,52.375,83.80,1
2026-09-01T21:22:31.553,21.828,2,50,50,484,484,79.8,73.9,-0.14,-0.19,1.28,0.74,0.02,-0.69,-0.10,-0.19,-6.19,-3.09,37.28,37.66,110,001,0,0,1986,1989,2000,1897,1967,1967,42.52,33.9,3349,52.328,83.72,1
2026-09-01T21:22:31.565,21.840,2,50,50,484,484,78.7,79.2,0.74,0.59,1.12,0.66,0.09,-0.22,0.74,0.59,-6.36,-3.02,36.90,37.52,011,010,0,0,1982,2012,2002,1900,1994,1933,42.52,33.9,3350,52.344,83.75,1
2026-09-01T21:22:31.576,21.852,2,50,50,484,463,73.9,79.8,0.46,-0.93,1.16,0.08,0.35,1.31,0.46,-0.93,-6.68,-3.96,36.79,37.58,101,100,0,0,1993,1955,2018,1868,2012,1959,42.52,33.9,3352,52.375,83.80,1
2026-09-01T21:22:31.588,21.863,2,50,50,484,484,73.2,77.9,-0.15,-0.12,1.22,0.62,0.01,-0.65,-0.15,-0.12,-6.74,-3.43,37.18,37.63,110,001,0,0,1984,2000,1981,1896,1980,1961,42.52,33.9,3350,52.344,83.75,1
2026-09-01T21:22:31.599,21.875,2,50,50,484,484,75.4,71.6,0.96,0.50,1.48,0.58,-0.39,0.20,0.96,0.50,-6.11,-4.03,36.34,37.56,001,110,0,0,1988,1999,2011,1896,1988,1938,42.52,33.9,3350,52.344,83.75,1
2026-09-01T21:22:31.611,21.887,2,50,50,484,484,79.2,79.4,-0.13,-0.51,1.04,0.72,0.43,-0.20,-0.13,-0.51,-6.52,-4.29,37.13,37.55,100,101,0,0,1980,1981,2001,1904,1961,1959,42.52,33.9,3353,52.391,83.83,1
2026-09-01T21:22:31.623,21.898,2,50,50,484,484,72.9,79.9,0.70,0.15,1.92,0.30,-1.00,-0.14,0.70,0.15,-5.82,-4.01,36.80,37.58,010,011,0,0,2021,2038,2000,1880,1972,1945,42.52,33.9,3350,52.344,83.75,1
2026-09-01T21:22:31.635,21.910,2,50,50,484,484,75.3,72.0,0.58,-0.02,0.82,0.54,0.41,0.56,0.58,-0.02,-6.40,-4.48,36.72,37.52,101,110,0,0,1969,1980,2024,1892,1971,1942,42.52,33.9,3351,52.359,83.78,1
2026-09-01T21:22:31.646,21.922,2,50,50,484,484,79.8,77.9,-0.18,-0.23,1.24,0.86,0.12,-0.48,-0.18,-0.23,-6.41,-3.81,37.24,37.60,110,001,0,0,1985,1990,2000,1901,1987,1947,42.52,33.9,3350,52.344,83.75,1
2026-09-01T21:22:31.658,21.933,2,50,50,484,484,74.0,78.9,0.73,0.72,1.16,0.78,-0.25,-0.25,0.73,0.72,-5.71,-3.51,36.67,37.24,011,010,0,0,1980,1992,2019,1908,2003,1921,42.52,33.9,3350,52.344,83.75,1
2026-09-01T21:22:31.670,21.945,2,50,50,484,484,71.9,74.3,0.05,-0.30,0.78,0.70,0.72,-0.06,0.05,-0.30,-6.18,-3.58,37.28,37.62,101,100,0,0,1968,1975,2008,1904,1952,1967,42.52,33.9,3352,52.375,83.80,1
2026-09-01T21:22:31.681,21.957,2,50,50,484,484,79.4,77.3,0.23,0.14,1.72,0.66,-0.33,-0.64,0.23,0.14,-5.74,-2.74,37.19,37.68,010,011,0,0,1997,2002,1995,1889,1967,1951,42.52,33.9,3350,52.344,83.75,1
2026-09-01T21:22:31.693,21.968,2,50,50,484,484,78.3,80.0,0.71,0.00,1.42,0.40,0.18,0.84,0.71,0.00,-6.15,-3.49,36.69,37.63,001,110,0,0,1981,1989,2016,1883,1971,1964,42.52,33.9,3352,52.375,83.80,1
2026-09-01T21:22:31.704,21.980,2,50,50,463,484,79.5,78.0,-0.10,-0.67,1.28,0.46,0.87,-0.42,-0.10,-0.67,-6.94,-3.08,37.14,37.66,100,101,0,0,1972,1964,2043,1888,1955,1973,42.52,33.9,3354,52.406,83.85,1
2026-09-01T21:22:31.718,21.993,2,50,50,484,484,74.5,74.1,0.28,0.20,1.16,0.24,-0.54,0.34,0.28,0.20,-6.33,-3.81,37.03,37.60,010,011,0,0,1991,2023,1999,1878,1971,1947,42.52,33.9,3350,52.344,83.75,1
2026-09-01T21:22:31.728,22.003,2,50,50,484,484,75.0,76.0,0.71,-0.08,1.10,0.64,0.14,0.48,0.71,-0.28,-6.40,-4.20,36.56,37.55,101,100,0,0,1987,1961,2030,1891,1990,1956,42.52,33.9,3350,52.344,83.75,1
2026-09-01T21:22:31.739,22.015,2,50,50,484,463,79.5,79.2,-0.03,-0.57,1.80,0.46,0.01,-0.22,-0.02,-0.53,-6.43,-4.10,37.23,37.57,110,001,0,0,1998,1990,1981,1883,1983,1942,42.52,33.9,3350,52.344,83.75,1
2026-09-01T21:22:31.751,22.026,2,50,50,484,484,78.0,79.5,0.81,0.59,1.48,0.58,-0.39,-0.03,0.81,0.59,-5.92,-4.21,36.60,37.52,011,010,0,0,2000,2000,2009,1900,1998,1934,42.52,33.9,3351,52.359,83.78,1
2026-09-01T21:22:31.763,22.038,2,50,50,484,484,73.7,76.2,0.52,-0.50,1.38,0.62,0.24,0.30,0.52,-0.50,-6.21,-4.51,36.63,37.52,101,100,0,0,1997,1952,2008,1893,1965,1965,42.52,33.9,3352,52.375,83.80,1
2026-09-01T21:22:31.774,22.049,2,50,50,484,484,74.7,74.3,0.24,0.00,1.64,0.34,-0.54,-0.71,0.34,0.11,-5.98,-3.61,37.16,37.62,010,011,0,0,2017,2029,1972,1883,1983,1947,42.52,33.9,3348,52.312,83.70,1
2026-09-01T21:22:31.786,22.061,2,50,50,484,463,78.5,80.1,0.62,-0.02,1.00,0.46,0.06,1.19,0.62,-0.12,-5.67,-4.33,36.72,37.54,001,110,0,0,1971,1985,2013,1883,1974,1971,42.52,33.9,3352,52.375,83.80,1
2026-09-01T21:22:31.797,22.073,2,50,50,484,484,78.2,75.8,0.12,-0.51,1.40,0.70,0.13,-0.51,0.12,-0.51,-5.83,-3.36,37.24,37.64,100,101,0,0,1996,1971,1994,1897,1959,1967,42.52,33.9,3352,52.375,83.80,1
2026-09-01T21:22:31.809,22.084,2,50,50,463,484,75.3,72.6,0.63,0.24,1.92,0.22,-0.45,0.20,0.63,0.24,-5.72,-3.34,36.87,37.64,010,010,0,0,2017,2029,1979,1876,1978,1942,42.52,33.9,3349,52.328,83.72,1
2026-09-01T21:22:31.821,22.096,2,50,50,484,484,72.2,79.7,0.93,-0.68,1.46,0.36,0.33,1.11,0.93,-0.68,-6.39,-3.72,36.42,37.60,101,100,0,0,1996,2010,2024,1872,1995,1967,42.52,33.9,3352,52.375,83.80,1
2026-09-01T21:22:31.833,22.108,2,50,50,463,484,79.0,75.0,0.01,0.17,1.44,0.82,0.27,-0.89,0.01,0.17,-6.86,-2.72,37.16,37.69,110,001,0,0,1999,1977,1995,1906,1993,1973,42.52,33.9,3351,52.359,83.78,1
2026-09-01T21:22:31.845,22.120,2,50,50,463,484,77.8,74.5,0.64,0.40,1.16,0.46,-0.18,0.43,0.64,0.40,-6.38,-3.85,36.59,37.59,011,110,0,0,1983,2000,2008,1891,1983,1941,42.52,33.9,3351,52.359,83.78,1
2026-09-01T21:22:31.856,22.131,2,50,50,484,484,73.7,78.8,0.29,-0.57,1.06,0.68,0.47,-0.04,0.29,-0.57,-6.72,-4.11,36.78,37.57,101,101,0,0,1977,1958,2020,1897,1963,1955,42.52,33.9,3352,52.375,83.80,1
2026-09-01T21:22:31.868,22.143,2,50,50,463,484,72.5,79.6,0.04,0.14,1.44,0.18,-0.07,0.00,0.04,0.14,-6.63,-4.08,37.19,37.57,110,011,0,0,1993,2000,1978,1876,1973,1951,42.52,33.9,3349,52.328,83.72,1
2026-09-01T21:22:31.880,22.155,2,50,50,484,484,78.1,70.4,0.75,0.00,1.16,0.68,-0.01,0.49,0.75,0.00,-6.44,-4.38,36.56,37.53,001,110,0,0,1978,1993,2017,1901,1968,1934,42.52,33.9,3347,52.297,83.67,1
2026-09-01T21:22:31.892,22.167,2,50,50,484,484,73.3,78.5,0.04,-0.33,1.46,0.44,-0.15,-0.59,0.04,-0.33,-6.55,-3.73,36.91,37.60,100,001,0,0,2000,1990,1976,1885,1991,1950,42.52,33.9,3350,52.344,83.75,1
2026-09-01T21:22:31.904,22.179,2,50,50,463,484,76.0,70.4,0.67,0.74,1.50,0.80,-0.71,-0.08,0.67,0.74,-5.96,-3.71,36.76,37.29,011,010,0,0,2000,2012,1992,1904,1997,1921,42.52,33.9,3343,52.234,83.58,1
2026-09-01T21:22:31.918,22.194,2,50,50,484,484,77.8,78.7,0.68,-0.74,1.42,0.40,0.13,-0.01,0.68,-0.74,-6.13,-3.90,36.47,37.59,101,101,0,0,2000,1946,2020,1885,1969,1967,42.52,33.9,3352,52.375,83.80,1
2026-09-01T21:22:31.927,22.202,2,50,50,484,484,77.2,79.8,0.05,0.37,1.96,0.62,0.00,-0.60,0.05,0.37,-6.24,-3.20,37.20,37.58,110,011,0,0,2005,2000,1976,1891,1987,1947,42.52,33.9,3350,52.344,83.75,1
2026-09-01T21:22:31.939,22.214,2,50,50,463,484,72.8,75.7,1.01,0.30,1.48,0.86,-0.14,0.22,1.01,0.30,-6.07,-3.45,36.37,37.63,011,110,0,0,1997,2011,2012,1912,1967,1925,42.52,33.9,3352,52.375,83.80,1
2026-09-01T21:22:31.950,22.226,2,50,50,463,484,73.5,75.3,0.27,-0.26,1.08,0.70,0.52,-0.56,0.27,-0.26,-6.77,-3.05,36.89,37.67,100,001,0,0,1983,1960,2012,1900,1971,1967,42.52,33.9,3348,52.312,83.70,1
2026-09-01T21:22:31.962,22.237,2,50,50,484,484,77.9,79.7,0.41,0.25,1.86,0.10,-0.29,0.38,0.41,0.33,-6.68,-3.57,36.88,37.62,010,010,0,0,2018,2031,1978,1876,1986,1934,42.52,33.9,3350,52.344,83.75,1
2026-09-01T21:22:31.974,22.249,2,50,50,463,463,77.4,80.0,0.84,-0.55,1.54,0.56,0.02,1.07,0.84,-0.55,-6.50,-4.35,36.31,37.54,001,100,0,0,1990,2008,2016,1886,1990,1948,42.52,33.9,3352,52.375,83.80,1
2026-09-01T21:22:31.985,22.260,2,50,50,484,484,78.9,79.2,0.17,-0.23,1.44,0.66,0.28,-0.52,0.17,-0.23,-6.75,-3.77,36.69,37.60,100,001,0,0,1990,1977,2000,1895,1986,1955,42.52,33.9,3350,52.344,83.75,1
2026-09-01T21:22:31.997,22.272,2,50,50,463,484,79.5,75.1,0.32,0.58,1.56,0.62,-0.50,0.25,0.32,0.58,-6.32,-4.18,37.04,37.49,010,010,0,0,2008,2024,1984,1897,1987,1945,42.52,33.9,3350,52.344,83.75,1
2026-09-01T21:22:32.008,22.284,2,50,50,484,484,71.9,75.0,0.83,-0.60,1.14,0.56,0.16,0.05,0.83,-0.60,-6.51,-4.48,36.51,37.52,001,101,0,0,1987,1968,2040,1894,1970,1964,42.52,33.9,3351,52.359,83.78,1
2026-09-01T21:22:32.020,22.295,2,50,50,484,484,74.7,80.0,-0.02,0.39,1.42,0.56,-0.12,-0.68,-0.02,0.39,-6.44,-3.75,37.02,37.60,110,011,0,0,1999,1968,2034,1893,1990,1949,42.52,33.9,3349,52.328,83.72,1
2026-09-01T21:22:32.032,22.307,2,50,50,463,484,77.3,78.1,0.56,-0.23,1.60,0.30,-0.55,1.28,0.56,-0.23,-5.69,-4.66,36.73,37.50,011,110,0,0,2000,2012,1968,1880,1971,1973,42.52,33.9,3352,52.375,83.80,1
2026-09-01T21:22:32.044,22.319,2,50,50,484,484,77.8,74.3,0.30,-0.03,0.88,1.10,0.55,-0.72,0.30,-0.03,-6.22,-3.46,36.81,37.63,101,001,0,0,1972,1977,2013,1921,1959,1982,42.52,33.9,3349,52.328,83.72,1
2026-09-01T21:22:32.055,22.331,2,50,50,463,484,73.2,79.7,-0.15,0.46,1.32,0.46,0.33,-0.09,-0.15,0.46,-6.28,-3.25,37.26,37.53,110,010,0,0,1988,1987,1987,1890,1988,1932,42.52,33.9,3350,52.344,83.75,1
2026-09-01T21:22:32.067,22.342,2,50,50,484,484,74.8,71.3,0.99,-0.59,1.30,0.42,0.16,0.14,0.99,-0.59,-6.14,-3.39,36.54,37.64,001,101,0,0,1995,2007,2017,1891,1971,1969,42.52,33.9,3415,53.359,85.38,1
2026-09-01T21:22:32.079,22.354,2,50,50,484,484,79.2,78.3,0.26,-0.02,1.42,0.56,0.38,0.24,0.21,-0.03,-6.81,-3.04,36.86,37.67,100,011,0,0,1996,1965,2003,1871,1928,1949,42.52,33.9,3351,52.359,83.78,1
2026-09-01T21:22:32.091,22.366,2,50,50,484,484,78.5,79.7,0.59,0.13,2.02,0.46,-0.71,0.64,0.59,0.13,-6.54,-3.77,36.80,37.60,010,110,0,0,2028,2048,1992,1888,1972,1951,42.52,33.9,3352,52.375,83.80,1
2026-09-01T21:22:32.102,22.377,2,50,50,463,484,78.4,79.5,0.74,-0.69,1.00,0.60,0.35,0.21,0.74,-0.69,-6.72,-4.17,36.41,37.56,001,101,0,0,1972,2006,2012,1893,1987,1945,42.52,33.9,3352,52.375,83.80,1
2026-09-01T21:22:32.114,22.389,2,50,50,484,484,77.2,75.4,0.00,0.28,1.36,0.40,0.38,-0.14,0.00,0.28,-6.98,-3.87,36.82,37.59,100,011,0,0,1994,1984,1995,1887,1981,1947,42.52,33.9,3350,52.344,83.75,1
2026-09-01T21:22:32.125,22.400,2,50,50,463,484,74.8,70.5,0.55,-0.15,1.78,0.46,-0.60,0.68,0.55,-0.15,-6.45,-4.67,36.82,37.50,010,110,0,0,2015,2028,1986,1887,1990,1964,42.52,33.9,3417,53.391,85.42,1
2026-09-01T21:22:32.137,22.412,2,50,50,484,484,72.1,78.8,0.90,-0.22,1.22,0.78,0.32,-0.44,0.90,-0.22,-6.75,-4.13,36.14,37.56,101,001,0,0,1986,1972,2029,1900,1982,1951,42.52,33.9,3349,52.328,83.72,1
2026-09-01T21:22:32.148,22.424,2,50,50,463,484,75.9,79.8,0.01,0.42,1.44,0.52,-0.01,0.06,0.01,0.42,-6.60,-4.03,36.94,37.54,110,010,0,0,1993,1947,2042,1891,1978,1940,42.52,33.9,3351,52.359,83.78,1
2026-09-01T21:22:32.160,22.435,2,50,50,484,484,77.9,75.3,0.94,-0.48,1.80,0.66,-0.65,-0.20,0.94,-0.48,-5.99,-4.12,36.39,37.56,011,100,0,0,2002,2008,2009,1904,1930,1986,42.52,33.9,3353,52.391,83.83,1
2026-09-01T21:22:32.172,22.447,2,50,50,484,484,76.9,75.5,0.33,0.16,0.98,0.62,0.48,-0.81,0.33,0.16,-6.38,-3.35,36.65,37.64,101,011,0,0,1978,1969,2011,1892,1988,1950,42.52,33.9,3349,52.328,83.72,1
2026-09-01T21:22:32.183,22.459,2,50,50,463,484,75.7,79.9,-0.18,0.20,1.30,0.52,0.24,0.48,-0.18,0.20,-6.25,-3.58,37.21,37.62,110,110,0,0,1991,1989,1991,1888,1970,1958,42.52,33.9,3352,52.375,83.80,1
2026-09-01T21:22:32.195,22.470,2,50,50,463,484,70.0,77.9,0.99,-0.56,1.48,0.62,0.02,-0.35,0.99,-0.56,-6.11,-3.30,36.38,37.65,001,101,0,0,1993,2011,2008,1896,1969,1967,42.52,33.9,3353,52.391,83.83,1
2026-09-01T21:22:32.207,22.482,2,50,50,463,484,71.9,71.6,0.55,0.34,1.48,0.38,0.43,-0.25,0.55,0.34,-6.87,-3.14,36.71,37.65,101,011,0,0,2019,1960,2015,1882,1980,1941,42.52,33.9,3415,53.359,85.38,1
2026-09-01T21:22:32.218,22.494,2,50,50,484,463,78.4,76.9,0.49,-0.32,1.96,0.60,-0.29,0.88,0.49,-0.55,-6.74,-4.23,36.81,37.55,010,100,0,0,2027,2026,1976,1883,2023,1963,42.52,33.9,3351,52.359,83.78,1
2026-09-01T21:22:32.230,22.505,2,50,50,463,484,78.0,80.0,0.76,-0.24,1.14,0.64,0.36,-0.61,0.75,-0.14,-6.95,-3.76,36.44,37.60,001,001,0,0,1981,2011,2005,1902,1975,1961,42.52,33.9,3350,52.344,83.75,1
2026-09-01T21:22:32.242,22.517,2,50,50,484,484,68.8,72.8,-0.03,0.63,1.40,0.76,0.07,-0.03,-0.03,0.63,-6.98,-3.97,36.81,37.41,100,010,0,0,1992,1986,1986,1901,1994,1928,42.52,33.9,3346,52.281,83.65,1
2026-09-01T21:22:32.254,22.529,2,50,50,463,484,71.2,77.3,0.81,-0.68,1.80,0.46,-0.55,0.07,0.81,-0.68,-6.43,-4.50,36.59,37.52,011,101,0,0,2012,2030,1978,1892,1973,1961,42.52,33.9,3351,52.359,83.78,1
2026-09-01T21:22:32.266,22.541,2,50,50,484,484,77.6,79.9,0.82,0.22,1.42,0.44,0.33,-0.16,0.82,0.22,-6.84,-4.14,36.18,37.56,101,011,0,0,2019,1968,2018,1889,1979,1950,42.52,33.9,3350,52.344,83.75,1
2026-09-01T21:22:32.277,22.552,2,50,50,463,484,79.9,76.3,-0.34,-0.10,1.16,0.42,0.47,0.68,-0.34,-0.10,-6.83,-4.45,37.14,37.53,110,110,0,0,1981,1961,2024,1887,1971,1955,42.52,33.9,3352,52.375,83.80,1
2026-09-01T21:22:32.289,22.564,2,50,50,484,484,72.8,75.5,1.05,-0.25,1.62,0.88,-0.55,-0.60,1.05,-0.29,-6.01,-3.51,36.12,37.63,011,001,0,0,2003,1990,2038,1901,1983,1939,42.52,33.9,3349,52.328,83.72,1
2026-09-01T21:22:32.301,22.576,2,50,50,484,484,72.3,78.3,0.28,0.53,1.06,0.54,0.19,-0.30,0.28,0.53,-6.17,-3.16,36.62,37.45,101,010,0,0,1984,1955,1997,1892,2011,1910,42.52,33.9,3350,52.344,83.75,1
2026-09-01T21:22:32.312,22.587,2,50,50,463,484,71.5,76.9,0.21,-0.61,1.64,0.44,-0.25,0.36,0.21,-0.61,-6.01,-3.46,37.07,37.63,110,100,0,0,2004,2010,1982,1880,1969,1958,42.52,33.9,3408,53.250,85.20,1
2026-09-01T21:22:32.324,22.599,2,50,50,484,484,76.7,73.7,1.07,-0.04,1.44,0.44,0.09,-0.63,1.02,-0.04,-6.16,-2.86,36.20,37.68,001,011,0,0,2017,1993,2021,1883,1954,1950,42.52,33.9,3349,52.328,83.72,1
2026-09-01T21:22:32.336,22.611,2,50,50,463,484,78.4,79.7,0.30,0.18,1.50,0.48,0.46,0.80,0.30,0.18,-6.64,-3.44,36.79,37.63,100,110,0,0,1998,1967,2025,1887,1971,1962,42.52,33.9,3352,52.375,83.80,1
2026-09-01T21:22:32.348,22.623,2,50,50,484,484,70.7,74.2,0.96,-0.18,2.28,0.94,-0.75,-0.79,0.90,-0.18,-6.33,-3.40,36.37,37.64,011,001,0,0,2023,2034,1999,1908,1973,1949,42.52,33.9,3406,53.219,85.15,1
2026-09-01T21:22:32.360,22.635,2,50,50,484,484,76.7,79.8,0.69,0.37,1.06,0.32,0.66,0.50,0.66,0.41,-6.87,-4.22,36.30,37.55,101,010,0,0,1981,1983,2029,1883,1977,1953,42.52,33.9,3350,52.344,83.75,1
2026-09-01T21:22:32.371,22.647,2,50,50,484,484,79.5,77.3,-0.16,-0.52,1.34,0.56,0.01,0.38,-0.16,-0.52,-6.72,-4.56,37.06,37.51,110,100,0,0,1997,2006,1974,1892,1967,1955,42.52,33.9,3352,52.375,83.80,1
2026-09-01T21:22:32.383,22.658,2,50,50,463,484,77.0,72.3,1.04,-0.09,1.64,0.56,-0.25,-0.61,1.04,-0.09,-6.34,-4.11,36.18,37.57,011,001,0,0,2004,2018,2024,1884,1985,1951,42.52,33.9,3350,52.344,83.75,1
2026-09-01T21:22:32.395,22.670,2,50,50,484,484,72.8,73.1,0.71,0.64,1.60,0.78,0.16,-0.09,0.71,0.48,-6.50,-4.26,36.27,37.39,101,110,0,0,2008,1944,2004,1894,1975,1986,42.52,33.9,3353,52.391,83.83,1
2026-09-01T21:22:32.406,22.682,2,50,50,463,484,70.3,80.0,0.29,-0.71,1.80,0.62,-0.24,0.07,0.29,-0.71,-6.41,-4.29,37.02,37.55,010,101,0,0,2020,2005,1960,1892,1983,1955,42.52,33.9,3352,52.375,83.80,1
2026-09-01T21:22:32.418,22.693,2,50,50,484,484,76.5,74.1,0.90,0.43,1.32,0.54,-0.31,-0.50,0.90,0.43,-5.89,-3.59,36.17,37.53,001,011,0,0,1985,1987,2020,1893,1993,1941,42.52,33.9,3350,52.344,83.75,1
2026-09-01T21:22:32.430,22.705,2,50,50,463,484,78.7,74.5,0.10,-0.14,1.26,0.56,0.18,0.41,0.10,-0.14,-5.99,-3.82,36.79,37.60,100,100,0,0,1986,1979,2003,1892,1967,1951,42.52,33.9,3351,52.359,83.78,1
2026-09-01T21:22:32.442,22.717,2,50,50,463,484,72.7,74.9,0.27,0.14,1.12,0.86,-0.15,-1.07,0.38,0.26,-5.95,-2.74,36.90,37.69,010,001,0,0,1981,2016,1985,1905,1999,1971,42.52,33.9,3350,52.344,83.75,1
2026-09-01T21:22:32.453,22.729,2,50,50,484,484,71.3,72.1,0.95,0.51,1.40,0.60,-0.04,0.03,0.95,0.34,-5.98,-3.10,36.17,37.58,101,110,0,0,1994,1984,2026,1886,1971,1997,42.52,33.9,3407,53.234,85.17,1
2026-09-01T21:22:32.465,22.740,2,50,50,463,484,76.4,80.0,0.14,-0.87,1.84,0.12,0.06,0.17,0.14,-0.87,-6.54,-3.64,36.69,37.61,110,101,0,0,2014,1954,2015,1886,1982,1967,42.52,33.9,3351,52.359,83.78,1
2026-09-01T21:22:32.477,22.752,2,50,50,463,463,74.4,80.0,0.79,-0.08,1.96,0.12,-1.05,0.48,0.79,-0.08,-5.99,-3.80,36.39,37.59,011,011,0,0,2013,2012,1960,1872,1932,1957,42.52,33.9,3349,52.328,83.72,1
2026-09-01T21:22:32.488,22.763,2,50,50,484,484,77.4,77.5,0.63,0.21,0.92,0.68,0.95,0.50,0.63,0.21,-7.03,-4.25,36.24,37.55,101,110,0,0,1974,1976,2021,1903,1974,1935,42.52,33.9,3352,52.375,83.80,1
2026-09-01T21:22:32.500,22.775,2,50,50,463,484,78.9,72.3,-0.10,-0.65,1.70,0.58,0.16,-0.23,-0.10,-0.65,-6.75,-4.15,36.87,37.56,110,101,0,0,1992,1984,1988,1891,1971,1957,42.52,33.9,3352,52.375,83.80,1
2026-09-01T21:22:32.511,22.787,2,50,50,463,484,78.0,73.3,0.95,0.43,1.64,0.46,-0.19,-0.15,0.97,0.48,-6.53,-4.09,36.20,37.57,011,010,0,0,2024,2016,2002,1893,1991,1947,42.52,33.9,3349,52.328,83.72,1
2026-09-01T21:22:32.523,22.798,2,50,50,484,484,73.4,79.9,0.74,-0.37,1.52,0.44,0.09,0.63,0.74,-0.37,-6.56,-4.58,35.94,37.51,101,100,0,0,2010,1937,2004,1891,1967,1959,42.52,33.9,3352,52.375,83.80,1
2026-09-01T21:22:32.535,22.810,2,50,50,463,484,70.8,76.7,0.00,-0.12,1.46,0.60,0.02,-0.67,0.00,-0.12,-6.54,-3.80,36.92,37.60,110,001,0,0,1991,1988,1980,1895,1987,1956,42.52,33.9,3348,52.312,83.70,1
2026-09-01T21:22:32.547,22.823,2,50,50,463,484,76.9,79.9,0.94,0.05,1.32,0.42,-0.12,0.73,0.94,0.05,-6.09,-4.14,35.95,37.56,001,110,0,0,1992,1976,2038,1884,1968,1957,42.52,33.9,3352,52.375,83.80,1
2026-09-01T21:22:32.562,22.837,2,50,50,463,484,77.4,77.9,0.22,-0.18,1.36,1.10,0.07,-0.67,0.22,-0.18,-6.11,-3.39,36.23,37.64,100,101,0,0,1993,1974,1997,1924,1947,1989,42.52,33.9,3352,52.375,83.80,1
2026-09-01T21:22:32.570,22.845,2,50,50,463,484,78.3,71.4,0.28,0.17,1.48,0.20,-0.20,0.22,0.28,0.17,-6.02,-3.31,36.66,37.64,010,010,0,0,1998,2007,1990,1877,1971,1944,42.52,33.9,3350,52.344,83.75,1
2026-09-01T21:22:32.582,22.857,2,50,50,484,484,75.5,76.7,0.98,-0.31,1.40,0.46,-0.02,0.61,0.98,-0.31,-6.09,-3.42,35.96,37.63,001,100,0,0,2000,1954,2050,1883,1981,1963,42.52,33.9,3351,52.359,83.78,1
2026-09-01T21:22:32.594,22.869,2,50,50,463,484,73.9,78.8,0.24,0.02,1.70,0.78,0.24,-0.87,0.24,0.02,-6.50,-2.92,36.39,37.68,100,001,0,0,2011,1963,1996,1907,1981,1973,42.52,33.9,3350,52.344,83.75,1
2026-09-01T21:22:32.605,22.880,2,50,50,484,484,73.5,78.4,0.70,0.42,1.92,0.30,-0.88,0.37,0.70,0.42,-6.21,-4.09,36.54,37.57,010,010,0,0,2021,2042,2004,1888,1987,1942,42.52,33.9,3350,52.344,83.75,1
2026-09-01T21:22:32.617,22.892,2,50,50,484,463,68.9,74.6,0.53,-0.55,0.70,0.64,0.28,0.63,0.53,-0.55,-6.46,-4.54,36.66,37.52,001,100,0,0,1963,1984,2020,1897,1983,1945,42.52,33.9,3353,52.391,83.83,1
2026-09-01T21:22:32.629,22.904,2,50,50,484,484,79.8,75.9,-0.40,0.07,0.90,0.58,0.05,-0.53,-0.40,0.07,-6.38,-4.05,37.25,37.57,110,011,0,0,1971,1992,2002,1885,1955,1951,42.52,33.9,3349,52.328,83.72,1
2026-09-01T21:22:32.640,22.915,2,50,50,484,484,73.5,79.8,0.44,0.29,0.90,0.68,-0.32,0.74,0.44,0.29,-5.87,-4.59,37.08,37.51,011,110,0,0,1961,1984,2016,1893,1975,1955,42.52,33.9,3352,52.375,83.80,1
2026-09-01T21:22:32.652,22.927,2,50,50,484,484,80.0,76.3,-0.50,-0.67,0.52,0.62,0.84,-0.17,-0.50,-0.67,-6.37,-4.25,37.24,37.55,100,101,0,0,1942,2005,2024,1892,1979,1959,42.52,33.9,3353,52.391,83.83,1
2026-09-01T21:22:32.664,22.939,2,50,50,507,484,77.7,78.3,0.35,0.58,1.06,0.56,-0.97,-0.25,0.35,0.58,-5.36,-3.80,37.31,37.40,011,010,0,0,1977,1996,2000,1897,1989,1939,42.52,33.9,3348,52.312,83.70,1
2026-09-01T21:22:32.675,22.950,2,50,50,507,484,79.3,80.0,0.21,-0.26,0.74,0.68,0.49,0.28,0.21,-0.26,-6.06,-4.13,37.30,37.56,101,100,0,0,1963,1992,2008,1901,1958,1965,42.52,33.9,3352,52.375,83.80,1
2026-09-01T21:22:32.687,22.962,2,50,50,484,484,77.0,71.7,-0.52,0.30,0.44,0.98,-0.23,-0.97,-0.52,0.30,-5.59,-2.93,37.37,37.59,010,001,0,0,1951,1986,2016,1913,1991,1967,42.52,33.9,3343,52.234,83.58,1
2026-09-01T21:22:32.699,22.974,2,50,50,507,484,71.0,79.6,0.62,0.19,0.92,0.42,-0.14,0.54,0.63,0.08,-5.59,-3.42,37.20,37.63,001,110,0,0,1976,1960,2032,1884,1968,1955,42.52,33.9,3352,52.375,83.80,1
2026-09-01T21:22:32.711,22.986,2,50,50,507,484,80.0,74.7,-0.71,-0.53,0.48,0.58,0.12,-0.39,-0.71,-0.53,-6.07,-3.04,37.30,37.67,110,101,0,0,1948,1996,2015,1894,1973,1959,42.52,33.9,3353,52.391,83.83,1
2026-09-01T21:22:32.722,22.998,2,50,50,484,484,73.3,77.8,0.52,0.04,0.76,-0.18,-0.11,0.87,0.52,0.04,-5.99,-3.66,37.31,37.61,001,010,0,0,1964,2024,1968,1860,1970,1949,42.52,33.9,3349,52.328,83.72,1
2026-09-01T21:22:32.734,23.009,2,50,50,507,463,79.2,80.0,-0.39,-0.60,0.74,0.40,0.18,1.31,-0.39,-0.60,-6.34,-4.48,37.25,37.52,100,100,0,0,1968,2004,1977,1877,2015,1949,42.52,33.9,3352,52.375,83.80,1
2026-09-01T21:22:32.746,23.021,2,50,50,484,484,70.0,77.7,-0.05,-0.17,0.52,0.60,-0.48,-0.61,-0.05,-0.17,-6.02,-3.80,37.31,37.60,011,001,0,0,1949,1993,2004,1891,1991,1955,42.52,33.9,3351,52.359,83.78,1
2026-09-01T21:22:32.757,23.033,2,50,50,507,484,77.6,73.5,0.08,0.62,0.64,0.74,0.50,0.20,0.08,0.62,-6.42,-4.37,37.24,37.52,101,010,0,0,1955,1989,1945,1894,1976,2016,42.52,33.9,3351,52.359,83.78,1
2026-09-01T21:22:32.769,23.044,2,50,50,507,484,79.0,80.0,-0.45,-0.55,0.92,0.70,-0.33,-0.18,-0.45,-0.51,-6.06,-4.33,37.30,37.54,010,101,0,0,1951,1992,2017,1900,1966,1963,42.52,33.9,3353,52.391,83.83,1
2026-09-01T21:22:32.781,23.056,2,50,50,484,484,76.3,77.3,0.26,0.69,0.20,0.78,0.40,-0.61,0.26,0.69,-6.12,-3.89,37.29,37.39,001,011,0,0,1942,2000,2009,1910,1994,1948,42.52,33.9,3352,52.375,83.80,1
2026-09-01T21:22:32.792,23.068,2,50,50,484,484,80.0,75.1,-0.65,-0.38,0.68,0.28,-0.21,0.65,-0.60,-0.42,-6.02,-4.51,37.31,37.52,110,100,0,0,1956,1995,2012,1878,1966,1963,42.52,33.9,3353,52.391,83.83,1
2026-09-01T21:22:32.804,23.079,2,50,50,507,484,70.9,79.9,0.44,-0.04,0.72,1.02,-0.44,-0.66,0.44,-0.04,-5.35,-3.59,37.37,37.62,001,001,0,0,1964,1978,2028,1909,1983,1959,42.52,33.9,3409,53.266,85.22,1
2026-09-01T21:22:32.816,23.091,2,50,50,507,484,78.7,72.7,-0.57,0.45,0.46,0.46,0.38,0.08,-0.57,0.45,-6.00,-3.49,37.31,37.55,100,010,0,0,1962,2016,1985,1891,1983,1947,42.52,33.9,3350,52.344,83.75,1
2026-09-01T21:22:32.828,23.103,2,50,50,484,484,76.9,79.6,0.03,-0.65,0.46,0.48,-0.26,-0.26,0.13,-0.65,-5.57,-3.35,37.37,37.64,011,101,0,0,1948,1992,1997,1890,1966,1969,42.52,33.9,3352,52.375,83.80,1
2026-09-01T21:22:32.839,23.115,2,50,50,484,484,73.6,76.9,0.06,0.03,0.76,0.20,0.57,0.36,0.06,0.03,-6.26,-3.36,37.27,37.64,101,011,0,0,1963,1976,2003,1873,1964,1947,42.52,33.9,3350,52.344,83.75,1
2026-09-01T21:22:32.851,23.126,2,50,50,507,463,80.0,74.5,-0.20,0.13,0.84,1.06,-0.60,0.37,-0.20,0.13,-5.92,-4.13,37.32,37.56,010,100,0,0,1968,2006,2016,1898,2031,1967,42.52,33.9,3351,52.359,83.78,1
2026-09-01T21:22:32.863,23.138,2,50,50,484,484,72.0,79.7,0.27,-0.41,0.36,0.46,0.50,-0.46,0.27,-0.41,-6.28,-3.94,37.26,37.58,001,001,0,0,1944,2001,2008,1890,1983,1957,42.52,33.9,3350,52.344,83.75,1
2026-09-01T21:22:32.875,23.150,2,50,50,507,484,79.2,75.1,-0.75,0.61,0.46,0.66,-0.13,0.01,-0.75,0.61,-6.23,-4.01,37.27,37.44,110,010,0,0,1944,2006,2016,1896,1988,1927,42.52,33.9,3350,52.344,83.75,1
2026-09-01T21:22:32.886,23.161,2,50,50,484,484,71.6,72.0,0.54,-0.54,0.72,0.62,-0.19,-0.03,0.54,-0.54,-5.93,-4.43,37.28,37.53,001,101,0,0,1960,1992,2004,1898,1964,1962,42.52,33.9,3350,52.344,83.75,1
2026-09-01T21:22:32.898,23.173,2,50,50,484,484,78.1,79.8,-0.55,0.31,0.52,0.60,0.61,-0.35,-0.55,0.31,-6.52,-4.17,37.22,37.56,100,011,0,0,1953,2000,2016,1896,1977,1953,42.52,33.9,3350,52.344,83.75,1
2026-09-01T21:22:32.910,23.185,2,50,50,507,484,79.4,75.0,0.30,-0.04,0.84,0.42,-0.77,0.54,0.30,-0.04,-5.64,-4.44,37.37,37.53,011,110,0,0,1962,1985,2011,1890,1968,1942,42.52,33.9,3353,52.391,83.83,1
2026-09-01T21:22:32.921,23.197,2,50,50,507,484,71.7,76.9,0.03,-0.24,0.76,0.92,0.22,-0.44,0.03,-0.24,-6.12,-3.81,37.29,37.60,100,001,0,0,1972,1970,1992,1900,1990,1943,42.52,33.9,3407,53.234,85.17,1
2026-09-01T21:22:32.933,23.209,2,50,50,484,484,80.0,79.3,-0.52,0.51,0.28,0.50,-0.10,-0.20,-0.52,0.51,-5.75,-3.51,37.35,37.39,010,010,0,0,1940,1976,2033,1886,2002,1907,42.52,33.9,3351,52.359,83.78,1
2026-09-01T21:22:32.947,23.223,2,50,50,484,484,69.9,74.3,0.38,-0.50,0.52,0.70,0.27,0.19,0.38,-0.50,-5.94,-3.60,37.32,37.62,001,100,0,0,1951,1993,2011,1895,1966,1961,42.52,33.9,3410,53.281,85.25,1
2026-09-01T21:22:32.956,23.232,2,50,50,507,484,78.7,78.3,-0.75,0.17,0.36,0.30,-0.22,-0.50,-0.66,0.17,-6.02,-2.82,37.31,37.68,110,011,0,0,1966,2005,2003,1884,1983,1948,42.52,33.9,3350,52.344,83.75,1
2026-09-01T21:22:32.968,23.243,2,50,50,484,484,76.0,76.9,0.40,0.04,0.60,0.54,-0.17,0.47,0.40,0.04,-6.04,-3.43,37.30,37.63,001,110,0,0,1952,2017,1973,1892,1969,1943,42.52,33.9,3352,52.375,83.80,1
2026-09-01T21:22:32.980,23.255,2,50,50,507,484,72.3,74.5,-0.39,-0.40,0.84,0.58,-0.15,-0.49,-0.39,-0.25,-6.25,-3.75,37.27,37.60,100,001,0,0,1976,2008,2012,1897,1967,1967,42.52,33.9,3349,52.328,83.72,1
2026-09-01T21:22:32.992,23.268,2,50,50,484,484,73.8,73.8,0.33,0.49,0.66,0.54,-0.24,0.32,0.33,0.49,-6.02,-4.29,37.31,37.55,011,010,0,0,1957,1984,2022,1888,1983,1939,42.52,33.9,3350,52.344,83.75,1
2026-09-01T21:22:33.004,23.279,2,50,50,507,484,79.9,77.3,-0.29,-0.45,0.68,0.78,0.29,-0.13,-0.35,-0.42,-6.42,-4.48,37.24,37.52,100,101,0,0,1960,2002,2000,1904,1967,1963,42.52,33.9,3351,52.359,83.78,1
2026-09-01T21:22:33.016,23.291,2,50,50,484,484,74.7,79.5,-0.06,0.27,0.76,0.54,-0.78,-0.18,-0.06,0.27,-5.77,-4.24,37.34,37.55,011,011,0,0,1949,1984,1985,1886,1977,1945,42.52,33.9,3349,52.328,83.72,1
2026-09-01T21:22:33.028,23.303,2,50,50,507,484,75.3,70.4,0.04,-0.08,0.64,0.58,0.58,0.46,0.04,-0.08,-6.52,-4.57,37.22,37.51,101,110,0,0,1956,1988,1999,1893,1967,1938,42.52,33.9,3353,52.391,83.83,1
2026-09-01T21:22:33.039,23.315,2,50,50,507,484,80.0,79.7,-0.16,-0.25,0.80,0.74,-0.62,-0.45,-0.16,-0.25,-5.82,-3.89,37.34,37.59,010,001,0,0,1966,2016,2020,1896,1991,1947,42.52,33.9,3352,52.375,83.80,1
2026-09-01T21:22:33.051,23.326,2,50,50,484,484,72.3,76.1,0.37,0.70,0.52,0.78,0.21,-0.20,0.37,0.70,-5.92,-3.58,37.32,37.29,001,010,0,0,1948,1995,2009,1902,1995,1920,42.52,33.9,3352,52.375,83.80,1
2026-09-01T21:22:33.063,23.338,2,50,50,507,484,79.3,76.7,-0.73,-0.55,0.66,0.78,-0.14,-0.39,-0.70,-0.49,-5.91,-3.39,37.32,37.64,110,101,0,0,1952,2000,2009,1906,1955,1963,42.52,33.9,3352,52.375,83.80,1
2026-09-01T21:22:33.075,23.350,2,50,50,507,484,77.2,78.9,0.45,0.27,0.62,0.40,-0.07,-0.29,0.45,0.27,-5.89,-2.90,37.33,37.67,001,011,0,0,1964,1984,2012,1886,1979,1942,42.52,33.9,3349,52.328,83.72,1
2026-09-01T21:22:33.086,23.362,2,50,50,484,484,76.0,74.0,-0.52,-0.06,0.66,0.62,0.52,0.34,-0.52,-0.06,-6.59,-3.12,37.21,37.66,100,100,0,0,1957,1986,2016,1891,1987,1959,42.52,33.9,3351,52.359,83.78,1
2026-09-01T21:22:33.098,23.373,2,50,50,484,484,79.8,79.8,0.30,-0.38,0.76,0.46,-0.40,-0.46,0.30,-0.38,-6.07,-2.82,37.30,37.68,011,001,0,0,1956,1988,2016,1882,1983,1943,42.52,33.9,3350,52.344,83.75,1
2026-09-01T21:22:33.110,23.385,2,50,50,507,484,73.7,71.1,0.04,0.45,0.72,0.46,0.25,0.36,0.04,0.45,-6.51,-3.64,37.22,37.61,101,110,0,0,1961,1996,2025,1888,1984,1950,42.52,33.9,3424,53.500,85.60,1
2026-09-01T21:22:33.122,23.397,2,50,50,507,484,79.8,75.9,-0.40,-0.60,0.52,0.60,-0.46,0.15,-0.40,-0.61,-5.94,-3.90,37.32,37.59,010,101,0,0,1948,1992,2024,1892,1975,1951,42.52,33.9,3351,52.359,83.78,1
2026-09-01T21:22:33.133,23.408,2,50,50,507,484,73.3,79.3,0.33,0.01,0.48,0.30,0.17,0.00,0.33,0.01,-6.09,-3.79,37.29,37.60,001,011,0,0,1952,2018,1997,1876,1951,1957,42.52,33.9,3350,52.344,83.75,1
2026-09-01T21:22:33.146,23.422,2,50,50,484,484,79.8,79.4,-0.75,-0.03,0.48,0.46,0.02,1.28,-0.75,-0.03,-6.16,-4.73,37.28,37.49,110,110,0,0,1946,1989,2012,1882,1977,1959,42.52,33.9,3353,52.391,83.83,1
2026-09-01T21:22:33.156,23.431,2,50,50,484,484,70.9,77.5,0.25,-0.49,0.36,0.78,-0.29,-0.25,0.25,-0.49,-5.59,-4.10,37.37,37.57,011,101,0,0,1943,1982,2008,1900,1968,1964,42.52,33.9,3353,52.391,83.83,1
2026-09-01T21:22:33.168,23.443,2,50,50,484,484,79.5,74.0,-0.44,0.64,0.96,0.74,0.44,-0.39,-0.44,0.64,-6.10,-3.61,37.29,37.42,100,010,0,0,1952,2000,2010,1901,1996,1939,42.52,33.9,3349,52.328,83.72,1
2026-09-01T21:22:33.179,23.455,2,50,50,507,484,74.4,79.8,0.10,-0.26,0.52,0.66,-0.51,0.20,0.10,-0.26,-5.43,-3.95,37.40,37.58,011,100,0,0,1956,1989,2002,1900,1958,1953,42.52,33.9,3351,52.359,83.78,1
2026-09-01T21:22:33.192,23.467,2,50,50,507,484,74.9,77.4,-0.27,0.21,0.48,0.78,0.72,-0.58,-0.27,0.21,-6.20,-2.92,37.28,37.68,100,011,0,0,1969,1997,1998,1897,1969,1951,42.52,33.9,3349,52.328,83.72,1
2026-09-01T21:22:33.203,23.479,2,50,50,484,484,79.5,79.3,-0.55,0.05,0.36,0.46,0.07,0.52,-0.55,0.05,-6.06,-3.37,37.30,37.64,010,110,0,0,1937,1980,2017,1889,1971,1951,42.52,33.9,3352,52.375,83.80,1
2026-09-01T21:22:33.215,23.490,2,50,50,484,484,72.0,76.0,0.39,-0.59,0.44,0.54,0.42,-0.34,0.39,-0.59,-6.23,-3.01,37.27,37.67,001,101,0,0,1948,2001,2009,1892,1971,1957,42.52,33.9,3354,52.406,83.85,1
2026-09-01T21:22:33.227,23.502,2,50,50,484,484,79.8,76.9,-0.26,-0.25,1.14,-0.66,-0.12,1.29,-0.26,-0.25,-6.26,-3.82,37.28,37.60,110,010,0,0,1977,1990,1998,1843,1957,1957,42.52,33.9,3349,52.328,83.72,1
2026-09-01T21:22:33.238,23.514,2,50,50,484,484,71.7,80.0,0.30,-0.27,0.44,0.70,-0.19,0.59,0.30,-0.38,-5.93,-4.09,37.32,37.57,001,100,0,0,1946,1986,2006,1896,1979,1953,42.52,33.9,3352,52.375,83.80,1
2026-09-01T21:22:33.250,23.525,2,50,50,484,484,78.2,75.6,-0.41,-0.21,0.74,0.44,0.39,-0.54,-0.41,-0.21,-6.27,-3.69,37.26,37.61,100,001,0,0,1971,1994,2007,1889,1991,1957,42.52,33.9,3350,52.344,83.75,1
2026-09-01T21:22:33.262,23.537,2,50,50,484,484,78.7,75.4,-0.06,0.61,0.60,0.86,-0.37,0.21,-0.06,0.41,-5.92,-4.17,37.32,37.46,011,110,0,0,1940,1986,1962,1900,1975,1970,42.52,33.9,3353,52.391,83.83,1
2026-09-01T21:22:33.273,23.549,2,50,50,507,484,72.5,79.8,0.21,-0.78,1.00,0.42,0.23,0.00,0.21,-0.78,-6.17,-4.26,37.28,37.55,101,101,0,0,1972,1957,2008,1880,1975,1954,42.52,33.9,3353,52.391,83.83,1
2026-09-01T21:22:33.285,23.560,2,50,50,507,484,80.0,75.1,-0.43,0.60,0.40,0.62,-0.51,-0.48,-0.43,0.66,-5.79,-3.75,37.34,37.37,010,011,0,0,1951,2004,2028,1903,1993,1945,42.52,33.9,3351,52.359,83.78,1
2026-09-01T21:22:33.298,23.573,2,50,50,507,484,79.7,79.6,0.06,-0.43,0.42,0.60,0.67,0.31,0.06,-0.43,-6.07,-4.20,37.30,37.55,101,100,0,0,1949,1996,2000,1896,1963,1961,42.52,33.9,3352,52.375,83.80,1
2026-09-01T21:22:33.309,23.585,2,50,50,484,484,71.5,73.0,-0.60,0.04,0.48,0.66,-0.32,-0.76,-0.60,0.04,-5.73,-3.38,37.35,37.64,010,001,0,0,1955,1994,2007,1900,1990,1957,42.52,33.9,3407,53.234,85.17,1
2026-09-01T21:22:33.321,23.596,2,50,50,507,484,77.9,78.5,0.55,0.25,0.68,0.46,0.00,0.59,0.55,0.25,-5.80,-3.47,37.29,37.61,001,110,0,0,1964,1965,2035,1883,1967,1962,42.52,33.9,3352,52.375,83.80,1
2026-09-01T21:22:33.333,23.608,2,50,50,484,484,77.3,75.9,-0.41,-0.58,0.88,0.56,0.23,-0.49,-0.41,-0.58,-6.32,-3.19,37.26,37.66,110,101,0,0,1969,1978,2010,1896,1957,1977,42.52,33.9,3351,52.359,83.78,1
2026-09-01T21:22:33.344,23.620,2,50,50,484,484,78.3,72.1,0.41,0.40,0.80,0.44,-0.31,-0.24,0.41,0.43,-6.02,-2.88,37.31,37.63,011,010,0,0,1968,1990,2008,1889,1983,1947,42.52,33.9,3349,52.328,83.72,1
2026-09-01T21:22:33.356,23.631,2,50,50,484,463,75.0,77.8,0.21,-0.65,1.16,0.34,0.00,1.51,0.14,-0.86,-6.23,-4.10,37.27,37.57,100,100,0,0,1980,1985,2016,1868,2039,1971,42.52,33.9,3351,52.359,83.78,1
2026-09-01T21:22:33.367,23.643,2,50,50,484,484,79.9,79.7,-0.09,-0.06,0.92,0.78,-0.56,-0.79,-0.09,-0.06,-5.97,-3.44,37.32,37.63,010,001,0,0,1974,2001,2003,1908,1975,1973,42.52,33.9,3350,52.344,83.75,1
2026-09-01T21:22:33.379,23.654,2,50,50,484,484,73.4,78.3,0.58,0.63,0.68,0.70,0.17,-0.07,0.58,0.63,-6.09,-3.84,37.11,37.49,001,010,0,0,1961,1988,2016,1902,1996,1929,42.52,33.9,3350,52.344,83.75,1
2026-09-01T21:22:33.391,23.666,2,50,50,484,484,80.0,70.2,-0.52,-0.68,0.74,0.46,0.17,0.16,-0.52,-0.68,-6.24,-4.40,37.27,37.53,110,101,0,0,1972,1997,2006,1888,1979,1971,42.52,33.9,3352,52.375,83.80,1
2026-09-01T21:22:33.403,23.678,2,50,50,484,484,79.6,72.3,0.44,0.53,0.66,0.74,0.28,-0.39,0.44,0.53,-5.94,-4.01,37.16,37.46,001,011,0,0,1953,1995,2006,1900,1991,1943,42.52,33.9,3350,52.344,83.75,1
2026-09-01T21:22:33.415,23.690,2,50,50,484,484,73.2,78.2,0.09,-0.24,1.62,0.46,-0.05,0.44,0.09,-0.24,-5.86,-4.34,37.33,37.54,110,100,0,0,2007,1962,2025,1894,1969,1959,42.52,33.9,3353,52.391,83.83,1
2026-09-01T21:22:33.427,23.702,2,50,50,484,484,79.7,79.9,0.37,-0.28,0.92,0.78,-0.37,-0.18,0.37,-0.28,-5.42,-3.69,37.29,37.61,011,001,0,0,1969,2000,2007,1897,1987,1943,42.52,33.9,3350,52.344,83.75,1
2026-09-01T21:22:33.438,23.713,2,50,50,484,484,74.9,72.6,0.15,0.61,0.84,0.62,0.73,-0.27,0.15,0.61,-6.16,-3.37,37.17,37.44,101,010,0,0,1965,1984,2006,1901,2005,1911,42.52,33.9,3350,52.344,83.75,1
2026-09-01T21:22:33.450,23.725,2,50,50,484,484,77.1,78.6,-0.10,-0.73,1.24,0.42,-0.06,-0.17,-0.11,-0.73,-5.91,-3.45,37.32,37.63,010,101,0,0,1976,1969,2000,1886,1969,1965,42.52,33.9,3352,52.375,83.80,1
2026-09-01T21:22:33.462,23.737,2,50,50,484,484,79.2,80.0,0.66,0.16,0.84,0.38,0.22,-0.19,0.66,0.16,-6.25,-3.08,36.94,37.66,001,011,0,0,1971,1988,2020,1881,1967,1949,42.52,33.9,3350,52.344,83.75,1
2026-09-01T21:22:33.473,23.748,2,50,50,484,484,77.2,77.9,-0.11,0.19,1.16,0.70,0.19,0.46,-0.11,0.19,-6.40,-3.40,37.24,37.63,100,110,0,0,1986,1984,1996,1901,1969,1933,42.52,33.9,3352,52.375,83.80,1
2026-09-01T21:22:33.484,23.760,2,50,50,484,484,73.7,75.6,0.14,-0.54,1.04,0.62,-0.33,-0.49,0.14,-0.54,-6.12,-3.66,37.29,37.61,010,101,0,0,1972,2005,1994,1900,1949,1983,42.52,33.9,3352,52.375,83.80,1
2026-09-01T21:22:33.496,23.771,2,50,50,484,463,77.7,71.7,0.56,0.34,1.06,0.38,0.48,0.40,0.56,0.34,-6.23,-4.05,36.68,37.57,101,010,0,0,1968,2003,2012,1885,1970,1959,42.52,33.9,3349,52.328,83.72,1
2026-09-01T21:22:33.508,23.783,2,50,50,484,484,78.9,78.4,-0.18,-0.39,1.24,0.28,-0.06,0.96,-0.18,-0.39,-6.32,-4.82,37.26,37.48,110,100,0,0,1992,1996,1984,1884,1975,1955,42.52,33.9,3352,52.375,83.80,1
2026-09-01T21:22:33.521,23.796,2,50,50,484,484,69.7,80.0,0.63,-0.21,0.96,0.76,-0.32,-0.43,0.63,-0.21,-5.83,-4.15,36.82,37.56,011,001,0,0,1972,1982,2035,1896,1979,1949,42.52,33.9,3350,52.344,83.75,1
2026-09-01T21:22:33.531,23.806,2,50,50,484,484,79.3,73.7,0.11,0.51,1.16,0.56,0.37,0.09,0.11,0.51,-6.21,-4.27,37.19,37.52,100,010,0,0,1983,1984,2010,1893,1987,1935,42.52,33.9,3350,52.344,83.75,1
2026-09-01T21:22:33.543,23.818,2,50,50,484,484,75.2,77.1,0.38,-0.51,1.32,1.08,-0.78,-0.08,0.38,-0.51,-5.58,-4.06,37.24,37.57,010,101,0,0,1998,2024,2003,1912,2011,1937,42.52,33.9,3351,52.359,83.78,1
2026-09-01T21:22:33.554,23.830,2,50,50,484,484,72.5,80.0,0.57,0.20,0.84,0.36,0.34,-0.51,0.57,0.20,-5.91,-3.63,36.86,37.61,101,011,0,0,1968,2019,2007,1882,1983,1945,42.52,33.9,3350,52.344,83.75,1
2026-09-01T21:22:33.566,23.842,2,50,50,484,484,80.0,71.0,-0.20,0.06,1.52,0.70,-0.10,0.27,-0.20,0.06,-5.91,-3.79,37.32,37.60,110,110,0,0,1988,2000,1984,1901,1967,1931,42.52,33.9,3346,52.281,83.65,1
2026-09-01T21:22:33.578,23.853,2,50,50,484,484,72.7,79.1,0.85,-0.14,1.16,0.78,-0.13,-0.73,0.85,-0.14,-5.98,-3.16,36.78,37.66,011,001,0,0,1988,2000,2034,1900,1977,1969,42.52,33.9,3350,52.344,83.75,1
2026-09-01T21:22:33.590,23.865,2,50,50,484,484,73.1,79.2,0.45,0.47,1.36,0.46,0.28,0.00,0.45,0.47,-6.37,-3.15,36.90,37.60,101,010,0,0,1993,1976,2038,1888,1986,1939,42.52,33.9,3406,53.219,85.15,1
2026-09-01T21:22:33.601,23.876,2,50,50,484,484,78.3,74.2,-0.04,-0.84,1.12,0.10,-0.08,0.69,-0.04,-0.84,-6.47,-3.75,37.24,37.61,010,100,0,0,1984,2008,1992,1876,1983,1959,42.52,33.9,3351,52.359,83.78,1
2026-09-01T21:22:33.613,23.888,2,50,50,484,463,76.6,75.3,0.98,-0.09,1.42,0.68,-0.19,-0.22,0.98,-0.09,-6.22,-3.24,36.48,37.65,001,011,0,0,2000,1960,2044,1876,1898,1945,42.52,33.9,3351,52.359,83.78,1
2026-09-01T21:22:33.624,23.900,2,50,50,484,484,71.9,80.0,-0.25,0.41,1.06,0.70,0.24,0.40,-0.23,0.36,-6.36,-4.18,37.25,37.56,100,110,0,0,1980,1980,2000,1900,1982,1933,42.52,33.9,3356,52.438,83.90,1
2026-09-01T21:22:33.636,23.911,2,50,50,484,484,73.8,79.0,0.58,-0.37,1.48,0.94,-0.72,-0.34,0.58,-0.29,-5.76,-4.28,36.88,37.55,011,101,0,0,1990,2008,1969,1910,1958,1968,42.52,33.9,3354,52.406,83.85,1
2026-09-01T21:22:33.648,23.923,2,50,50,484,484,78.8,70.7,0.53,0.34,1.14,0.38,0.42,-0.17,0.53,0.34,-6.39,-4.08,36.77,37.57,101,011,0,0,1981,1965,2035,1877,1979,1938,42.52,33.9,3417,53.391,85.42,1
2026-09-01T21:22:33.660,23.935,2,50,50,484,484,72.1,78.9,0.00,-0.15,1.32,0.62,-0.22,0.37,0.00,-0.15,-6.18,-4.48,37.28,37.52,110,100,0,0,1996,2008,1979,1900,1963,1951,42.52,33.9,3354,52.406,83.85,1
2026-09-01T21:22:33.672,23.947,2,50,50,484,484,76.5,78.5,0.71,-0.36,1.16,0.38,-0.02,-0.53,0.71,-0.36,-5.70,-3.72,36.74,37.60,001,001,0,0,1973,1996,2002,1885,1986,1949,42.52,33.9,3351,52.359,83.78,1
2026-09-01T21:22:33.683,23.959,2,50,50,484,484,78.2,72.4,0.05,0.63,1.28,0.78,0.11,-0.04,0.05,0.45,-5.93,-3.64,37.24,37.39,100,110,0,0,2000,1981,1984,1896,1973,1993,42.52,33.9,3353,52.391,83.83,1
2026-09-01T21:22:33.695,23.970,2,50,50,484,484,69.3,80.0,0.54,-0.59,1.48,0.70,-0.56,-0.39,0.54,-0.59,-5.75,-3.39,36.99,37.64,010,101,0,0,1996,2024,2000,1898,1967,1973,42.52,33.9,3348,52.312,83.70,1
2026-09-01T21:22:33.707,23.982,2,50,50,484,484,77.4,71.7,0.66,0.35,0.98,0.46,0.53,-0.27,0.66,0.35,-6.69,-2.98,36.68,37.64,101,010,0,0,1995,1975,2019,1887,1981,1945,42.52,33.9,3416,53.375,85.40,1
2026-09-01T21:22:33.721,23.997,2,50,50,484,484,79.7,78.6,-0.02,-0.60,1.40,0.30,0.29,1.14,-0.02,-0.60,-7.09,-3.59,37.12,37.62,110,100,0,0,1996,1993,1984,1872,2011,1967,42.52,33.9,3354,52.406,83.85,1
2026-09-01T21:22:33.730,24.005,2,50,50,484,484,74.2,79.4,1.10,-0.15,1.64,0.62,-0.63,-0.61,1.10,-0.15,-6.22,-2.99,36.26,37.68,011,001,0,0,2008,2000,2040,1896,1984,1960,42.52,33.9,3354,52.406,83.85,1
2026-09-01T21:22:33.742,24.018,2,50,50,484,484,78.3,75.4,0.19,0.55,1.00,0.78,0.22,0.22,0.19,0.55,-6.69,-3.69,36.81,37.45,100,110,0,0,1991,1973,1993,1895,1976,1971,42.52,33.9,3353,52.391,83.83,1
2026-09-01T21:22:33.754,24.029,2,50,50,463,484,79.6,80.0,0.06,-0.66,1.26,0.46,-0.25,0.12,0.06,-0.66,-6.30,-4.23,37.24,37.55,010,101,0,0,1985,2000,1996,1892,1979,1959,42.52,33.9,3354,52.406,83.85,1
2026-09-01T21:22:33.765,24.041,2,50,50,484,484,77.4,80.0,0.76,0.35,1.12,0.54,0.15,-0.24,0.76,0.35,-6.41,-4.07,36.54,37.57,001,011,0,0,1981,1978,2027,1892,1967,1956,42.52,33.9,3352,52.375,83.80,1
2026-09-01T21:22:33.777,24.052,2,50,50,484,484,77.4,79.4,0.07,0.15,1.38,0.60,0.21,0.68,0.07,0.15,-6.65,-4.66,36.88,37.50,100,110,0,0,1996,1984,1989,1893,1973,1951,42.52,33.9,3354,52.406,83.85,1
2026-09-01T21:22:33.788,24.064,2,50,50,484,484,77.0,78.3,0.27,-0.54,1.40,0.74,-0.60,-0.22,0.27,-0.54,-6.21,-4.21,37.11,37.55,010,101,0,0,1999,2032,2000,1898,1977,1965,42.52,33.9,3355,52.422,83.88,1
2026-09-01T21:22:33.800,24.075,2,50,50,484,484,70.5,70.8,0.75,0.62,0.98,0.70,0.03,-0.57,0.75,0.62,-6.05,-3.54,36.46,37.38,001,010,0,0,1976,1964,2031,1904,2001,1939,42.52,33.9,3416,53.375,85.40,1
2026-09-01T21:22:33.812,24.087,2,50,50,484,484,75.1,78.7,0.32,-0.36,1.94,0.38,-0.20,0.58,0.22,-0.52,-5.97,-3.92,36.81,37.58,110,100,0,0,2017,1965,2002,1883,1975,1967,42.52,33.9,3353,52.391,83.83,1
2026-09-01T21:22:33.824,24.099,2,50,50,484,484,79.0,77.1,0.72,-0.16,1.28,0.62,-0.04,-0.66,0.72,-0.16,-6.12,-2.99,36.81,37.67,011,001,0,0,1992,2014,2008,1888,1995,1952,42.52,33.9,3354,52.406,83.85,1
2026-09-01T21:22:33.835,24.111,2,50,50,463,484,76.7,75.0,0.45,0.43,1.52,0.60,0.58,0.58,0.43,0.27,-6.69,-3.29,36.78,37.64,101,110,0,0,1990,1960,2021,1886,1972,1967,42.52,33.9,3353,52.391,83.83,1
2026-09-01T21:22:33.848,24.123,2,50,50,484,484,79.1,70.0,0.54,-0.38,1.96,0.70,-0.69,-0.47,0.63,-0.31,-6.28,-2.91,36.78,37.68,010,001,0,0,2025,2050,1984,1898,1967,1967,42.52,33.9,3351,52.359,83.78,1
2026-09-01T21:22:33.859,24.135,2,50,50,463,484,77.9,78.6,0.78,0.22,1.04,0.14,0.42,0.50,0.78,0.22,-6.61,-3.56,36.40,37.62,001,010,0,0,1975,2005,2019,1878,1974,1952,42.52,33.9,3352,52.375,83.80,1
2026-09-01T21:22:33.871,24.147,2,50,50,484,463,70.8,79.3,-0.03,-0.69,1.42,0.34,0.04,1.12,-0.03,-0.69,-6.54,-4.37,36.77,37.54,100,100,0,0,1997,1986,1978,1879,1994,1947,42.52,33.9,3354,52.406,83.85,1
2026-09-01T21:22:33.883,24.158,2,50,50,463,484,69.1,74.2,0.37,-0.07,1.60,0.62,-0.19,-0.67,0.37,-0.07,-6.46,-3.69,36.92,37.61,011,001,0,0,1987,2019,1981,1893,1982,1958,42.52,33.9,3411,53.297,85.28,1
2026-09-01T21:22:33.895,24.170,2,50,50,484,484,75.9,74.7,0.90,0.29,1.42,0.62,0.21,0.81,0.83,0.29,-6.55,-4.37,36.02,37.54,101,110,0,0,2002,1958,2032,1890,1974,2006,42.52,33.9,3352,52.375,83.80,1
2026-09-01T21:22:33.906,24.182,2,50,50,463,484,79.5,80.0,-0.11,-0.56,1.36,0.70,0.30,-0.24,-0.11,-0.56,-6.56,-4.25,37.00,37.55,110,101,0,0,1988,1964,2008,1900,1961,1967,42.52,33.9,3354,52.406,83.85,1
2026-09-01T21:22:33.918,24.193,2,50,50,463,484,77.8,77.5,0.88,0.55,1.48,0.68,-0.27,-0.59,0.88,0.55,-6.26,-3.64,36.41,37.47,011,011,0,0,1996,2008,2025,1894,1993,1941,42.52,33.9,3353,52.391,83.83,1
2026-09-01T21:22:33.938,24.214,2,50,50,484,484,70.9,73.2,0.55,-0.12,1.34,0.46,0.01,0.41,0.55,-0.14,-6.16,-4.03,35.95,37.58,101,100,0,0,2000,1942,1996,1892,1967,1951,42.52,33.9,3353,52.391,83.83,1
2026-09-01T21:22:33.941,24.217,2,50,50,463,484,72.0,79.1,0.03,-0.16,1.40,0.84,-0.25,-0.60,0.09,-0.15,-6.00,-3.31,36.59,37.62,110,001,0,0,1996,2006,1980,1900,1989,1954,42.49,33.9,3352,52.375,83.80,1
2026-09-01T21:22:33.953,24.229,2,50,50,463,484,68.1,76.8,0.94,0.43,1.30,0.42,0.05,0.03,0.94,0.43,-6.10,-3.13,35.94,37.51,011,010,0,0,1988,2009,2013,1884,1985,1937,42.49,33.9,3351,52.359,83.78,1
2026-09-01T21:22:33.965,24.240,2,50,50,463,484,73.0,75.4,0.54,-0.75,1.56,0.42,0.06,0.01,0.54,-0.75,-6.40,-3.13,36.02,37.63,100,101,0,0,2000,1964,2032,1885,1979,1963,42.49,33.9,3352,52.375,83.80,1
2026-09-01T21:22:33.976,24.252,2,50,50,463,484,73.4,79.5,0.54,-0.12,2.06,0.24,-0.44,0.44,0.58,-0.12,-6.42,-3.01,36.18,37.64,010,011,0,0,2032,2026,1964,1872,1930,1951,42.49,33.9,3351,52.359,83.78,1
2026-09-01T21:22:33.988,24.264,2,50,50,463,484,73.5,75.6,0.92,0.02,1.50,0.54,-0.24,0.55,0.92,-0.01,-6.19,-3.60,35.39,37.59,001,110,0,0,1984,2006,2005,1893,1970,1943,42.49,33.9,3353,52.391,83.83,1
2026-09-01T21:22:34.000,24.275,2,50,50,463,484,76.4,72.9,0.23,-0.52,1.16,0.54,0.21,-0.24,0.23,-0.52,-6.41,-3.69,35.77,37.58,100,001,0,0,1988,1969,2009,1887,1975,1948,42.49,33.9,3351,52.359,83.78,1
2026-09-01T21:22:34.012,24.287,2,50,50,463,484,77.0,79.8,0.25,0.41,1.44,0.26,-0.11,0.48,0.25,0.41,-6.08,-4.22,35.96,37.53,010,010,0,0,1995,1994,1986,1889,1983,1953,42.49,33.9,3352,52.375,83.80,1
2026-09-01T21:22:34.023,24.299,2,50,50,463,484,75.6,79.5,0.83,-0.46,1.14,0.60,0.01,0.48,0.83,-0.46,-6.04,-4.49,35.39,37.50,001,100,0,0,1987,1984,2032,1896,1965,1959,42.49,33.9,3354,52.406,83.85,1
2026-09-01T21:22:34.035,24.310,2,50,50,463,484,74.2,75.4,0.44,0.05,1.44,0.74,0.13,-0.84,0.44,0.05,-6.13,-3.80,35.46,37.57,100,001,0,0,1994,1971,2011,1906,1982,1967,42.49,33.9,3351,52.359,83.78,1
2026-09-01T21:22:34.047,24.323,2,50,50,463,484,74.7,79.9,0.59,0.01,1.80,0.34,-0.83,0.73,0.59,0.01,-5.55,-4.32,35.69,37.51,010,110,0,0,2016,2042,1986,1880,1969,1954,42.49,33.9,3354,52.406,83.85,1
2026-09-01T21:22:34.059,24.334,2,50,50,463,484,75.1,75.5,1.01,-0.25,1.32,0.98,-0.15,-0.51,1.01,-0.25,-5.61,-3.71,35.08,37.58,001,101,0,0,1994,1964,2061,1910,1955,1970,42.49,33.9,3355,52.422,83.88,1
2026-09-01T21:22:34.071,24.346,2,50,50,463,484,76.0,76.0,0.40,0.57,1.48,0.62,0.01,-0.39,0.40,0.57,-5.76,-3.24,35.44,37.30,100,010,0,0,2008,1961,1978,1896,1995,1931,42.49,33.9,3353,52.391,83.83,1
2026-09-01T21:22:34.083,24.358,2,50,50,444,484,76.1,79.7,0.40,-0.53,1.62,0.44,-0.25,0.53,0.40,-0.53,-5.67,-3.65,35.63,37.59,010,100,0,0,2013,2021,1973,1888,1977,1971,42.49,33.9,3354,52.406,83.85,1
2026-09-01T21:22:34.094,24.369,2,50,50,444,484,70.1,74.8,1.09,-0.14,1.48,0.46,-0.27,-0.65,1.09,-0.04,-5.69,-2.91,34.88,37.65,001,001,0,0,1992,2024,2000,1888,1993,1954,42.49,33.9,3351,52.359,83.78,1
2026-09-01T21:22:34.106,24.381,2,50,50,463,484,69.3,77.3,0.65,0.53,1.48,0.68,0.06,0.20,0.54,0.48,-6.10,-3.25,34.89,37.49,100,110,0,0,2003,1958,2027,1899,1983,1934,42.49,33.9,3413,53.328,85.33,1
2026-09-01T21:22:34.118,24.393,2,50,50,444,484,70.3,79.6,0.05,-0.75,1.16,0.40,0.20,0.12,0.05,-0.75,-6.31,-3.97,35.36,37.55,110,101,0,0,1989,1984,1978,1888,1971,1969,42.49,33.9,3354,52.406,83.85,1
2026-09-01T21:22:34.129,24.405,2,50,50,444,463,73.5,78.1,0.98,0.24,1.80,0.46,-0.34,0.39,0.98,0.30,-5.76,-4.10,34.43,37.54,011,011,0,0,2000,2016,2016,1883,1953,1963,42.49,33.9,3352,52.375,83.80,1
2026-09-01T21:22:34.141,24.417,2,50,50,444,463,72.4,73.0,0.69,-0.31,1.14,0.24,0.22,1.23,0.69,-0.31,-5.91,-4.72,34.23,37.47,101,110,0,0,1985,1960,2025,1882,1975,1950,42.49,33.9,3354,52.406,83.85,1
2026-09-01T21:22:34.153,24.428,2,50,50,444,484,71.5,79.4,-0.09,-0.26,1.12,0.70,0.29,-0.38,-0.06,-0.23,-6.05,-4.15,34.92,37.53,110,001,0,0,1984,1968,1998,1900,1980,1950,42.49,33.9,3351,52.359,83.78,1
2026-09-01T21:22:34.165,24.440,2,50,50,444,484,64.4,77.2,0.79,0.62,1.72,0.62,-0.76,-0.06,0.79,0.62,-5.47,-4.13,34.29,37.37,010,010,0,0,2010,2030,1992,1900,2000,1924,42.49,33.9,3353,52.391,83.83,1
2026-09-01T21:22:34.176,24.452,2,50,50,444,484,71.6,73.3,0.72,-0.30,0.92,0.94,0.13,-0.13,0.72,-0.30,-5.60,-4.10,34.06,37.54,001,101,0,0,1970,1981,2029,1906,2021,1929,42.49,33.9,3355,52.422,83.88,1
2026-09-01T21:22:34.188,24.463,2,50,50,444,484,72.5,79.9,0.45,0.16,1.44,0.30,0.11,-0.46,0.45,0.16,-5.44,-3.54,34.05,37.60,100,011,0,0,1987,1964,2016,1877,1983,1939,42.49,33.9,3354,52.406,83.85,1
2026-09-01T21:22:34.200,24.475,2,50,50,444,484,66.0,72.8,0.09,0.16,1.16,0.78,-0.37,0.19,0.09,0.16,-5.03,-3.64,34.40,37.59,010,110,0,0,1990,2021,1977,1907,1966,1930,42.49,33.9,3348,52.312,83.70,1
2026-09-01T21:22:34.212,24.487,2,50,50,444,484,71.7,78.4,0.89,-0.23,1.64,0.74,-0.22,-0.79,0.96,-0.14,-5.15,-2.97,33.77,37.65,011,001,0,0,1988,2009,2020,1900,1977,1970,42.49,33.9,3355,52.422,83.88,1
2026-09-01T21:22:34.223,24.499,2,50,50,426,484,66.7,77.8,0.87,0.50,1.44,0.46,-0.25,-0.02,0.87,0.54,-5.24,-3.19,33.33,37.52,101,010,0,0,1982,2034,2020,1890,1993,1923,42.49,33.9,3354,52.406,83.85,1
2026-09-01T21:22:34.235,24.511,2,50,50,426,484,70.6,73.0,0.50,-0.94,1.56,0.14,0.09,0.62,0.50,-0.94,-5.72,-3.77,33.43,37.58,100,101,0,0,2007,1953,1993,1877,1983,1948,42.49,33.9,3355,52.422,83.88,1
2026-09-01T21:22:34.247,24.523,2,50,50,426,463,71.9,77.2,0.67,-0.02,1.80,-0.02,-0.62,0.72,0.67,-0.02,-5.56,-4.01,33.45,37.55,010,011,0,0,2016,2040,1971,1864,1942,1966,42.49,33.9,3354,52.406,83.85,1
2026-09-01T21:22:34.259,24.535,2,50,50,426,463,60.7,73.5,1.20,-0.08,1.56,0.54,-0.51,0.65,1.19,-0.25,-5.25,-4.35,32.47,37.51,011,100,0,0,1998,1990,2044,1887,1998,1961,42.49,33.9,3355,52.422,83.88,1
2026-09-01T21:22:34.271,24.546,2,50,50,426,463,69.2,79.7,0.80,-0.54,1.16,0.30,0.31,-0.17,0.80,-0.48,-5.57,-4.21,32.60,37.52,101,001,0,0,1982,1978,2024,1881,1987,1945,42.49,33.9,3354,52.406,83.85,1
2026-09-01T21:22:34.283,24.558,2,50,50,426,484,69.2,76.1,-0.02,0.63,0.84,0.66,0.34,0.00,-0.02,0.63,-5.44,-4.32,33.04,37.42,100,010,0,0,1972,1969,2000,1901,1997,1929,42.49,33.9,3354,52.406,83.85,1
2026-09-01T21:22:34.295,24.570,2,50,50,410,484,61.7,73.4,0.13,-0.20,1.04,1.10,-0.05,-0.14,0.22,-0.34,-5.35,-4.23,33.16,37.52,010,101,0,0,1985,1997,1971,1913,1991,1934,42.49,33.9,3413,53.328,85.33,1
2026-09-01T21:22:34.307,24.582,2,50,50,410,484,67.9,80.0,0.90,0.41,1.40,0.58,-0.57,-0.77,0.87,0.48,-5.07,-3.65,32.38,37.52,011,011,0,0,1990,2012,1996,1896,1989,1950,42.49,33.9,3355,52.422,83.88,1
2026-09-01T21:22:34.318,24.594,2,50,50,410,484,69.0,73.7,0.63,-0.34,0.82,0.20,0.39,1.00,0.63,-0.34,-5.16,-4.35,32.13,37.52,001,110,0,0,1960,2002,2011,1876,1970,1958,42.49,33.9,3358,52.469,83.95,1
2026-09-01T21:22:34.330,24.605,2,50,50,410,484,65.5,78.5,0.76,-0.36,1.44,0.62,0.07,-0.42,0.76,-0.36,-4.97,-3.28,31.75,37.62,101,001,0,0,1998,1942,2017,1890,1989,1943,42.49,33.9,3354,52.406,83.85,1
2026-09-01T21:22:34.342,24.617,2,50,50,410,484,62.7,71.8,0.26,0.67,1.44,0.62,-0.37,-0.32,0.26,0.67,-4.44,-3.03,31.61,37.34,110,010,0,0,1989,1937,2048,1899,1976,1958,42.49,33.9,3356,52.438,83.90,1
2026-09-01T21:22:34.354,24.629,2,50,50,395,484,64.4,79.9,0.26,-0.82,1.34,0.28,-0.42,-0.02,0.26,-0.82,-4.43,-3.29,32.04,37.62,010,101,0,0,1991,1950,1982,1886,1979,1970,42.49,33.9,3356,52.438,83.90,1
2026-09-01T21:22:34.366,24.641,2,50,50,395,463,61.9,79.8,0.60,-0.55,1.32,-0.34,-0.10,1.63,0.60,-0.55,-4.55,-3.88,31.64,37.55,011,011,0,0,1994,2022,1978,1834,1873,1972,42.49,33.9,3355,52.422,83.88,1
2026-09-01T21:22:34.377,24.653,2,50,50,395,484,57.9,72.5,1.04,0.35,1.16,1.02,-0.15,0.28,1.04,0.35,-4.75,-3.90,31.04,37.56,011,110,0,0,1984,2001,2028,1916,1969,1921,42.49,33.9,3357,52.453,83.92,1
2026-09-01T21:22:34.389,24.664,2,50,50,395,484,60.8,75.8,0.76,-0.47,0.94,0.48,0.39,-0.33,0.76,-0.47,-5.11,-3.86,30.86,37.56,001,001,0,0,1976,1984,2032,1885,1989,1928,42.49,33.9,3353,52.391,83.83,1
2026-09-01T21:22:34.401,24.676,2,50,50,395,484,62.0,79.8,0.64,0.55,1.12,0.50,0.11,0.00,0.64,0.55,-5.02,-4.15,30.57,37.50,101,010,0,0,2004,1952,2005,1896,1994,1942,42.49,33.9,3356,52.438,83.90,1
2026-09-01T21:22:34.413,24.688,2,50,50,395,484,64.5,73.5,0.48,-0.59,1.32,0.54,-0.05,0.32,0.48,-0.59,-4.86,-4.53,30.51,37.49,100,100,0,0,1990,1964,1981,1886,1973,1963,42.49,33.9,3357,52.453,83.92,1
2026-09-01T21:22:34.424,24.700,2,50,50,380,484,65.7,79.3,0.25,0.28,1.16,0.46,-0.12,-0.60,0.25,0.28,-4.78,-3.80,30.63,37.57,110,011,0,0,1998,2002,1970,1892,1990,1957,42.49,33.9,3355,52.422,83.88,1
2026-09-01T21:22:34.436,24.711,2,50,50,380,484,57.4,80.0,0.43,0.05,1.44,0.46,-0.32,1.08,0.40,-0.07,-4.55,-4.44,30.25,37.50,010,110,0,0,2009,2008,1966,1888,1975,1981,42.49,33.9,3348,52.312,83.70,1
2026-09-01T21:22:34.448,24.723,2,50,50,380,484,62.2,72.8,0.71,-0.36,1.40,0.76,-0.64,-0.53,0.71,-0.36,-4.35,-3.62,29.99,37.59,010,101,0,0,1997,2036,1988,1903,1963,1969,42.49,33.9,3357,52.453,83.92,1
2026-09-01T21:22:34.459,24.735,2,50,50,380,484,62.3,78.8,0.84,0.50,1.24,0.54,-0.39,-0.22,0.78,0.50,-4.12,-3.17,29.52,37.48,011,010,0,0,1978,2008,1998,1890,1987,1933,42.49,33.9,3355,52.422,83.88,1
2026-09-01T21:22:34.473,24.748,2,50,50,380,484,58.9,79.2,0.94,-0.62,1.16,0.38,-0.30,0.51,0.94,-0.62,-4.10,-3.54,29.37,37.60,011,100,0,0,1989,1998,2020,1883,1979,1969,42.49,33.9,3357,52.453,83.92,1
2026-09-01T21:22:34.483,24.758,2,50,50,367,484,61.3,71.9,0.87,0.09,0.84,0.86,-0.12,-1.06,0.87,0.04,-4.06,-2.56,29.04,37.68,001,011,0,0,1972,1986,2033,1900,1915,1933,42.49,33.9,3353,52.391,83.83,1
2026-09-01T21:22:34.495,24.770,2,50,50,367,484,57.2,80.0,0.88,0.12,1.00,0.38,-0.03,0.83,0.88,0.12,-3.84,-3.92,28.63,37.56,001,110,0,0,1974,1964,2036,1882,1974,1954,42.49,33.9,3357,52.453,83.92,1
2026-09-01T21:22:34.506,24.782,2,50,50,367,484,59.2,76.4,0.62,-0.60,0.84,0.62,0.33,-0.11,0.62,-0.60,-3.77,-4.23,28.57,37.52,101,101,0,0,1962,1988,2015,1894,1969,1962,42.49,33.9,3357,52.453,83.92,1
2026-09-01T21:22:34.518,24.793,2,50,50,367,463,61.3,71.9,0.51,0.39,0.80,0.44,0.38,0.05,0.51,0.39,-4.00,-4.28,28.66,37.52,101,010,0,0,1963,1961,2021,1887,1969,1957,42.49,33.9,3420,53.438,85.50,1
2026-09-01T21:22:34.530,24.805,2,50,50,355,484,57.9,78.3,0.37,-0.24,0.68,0.40,0.52,0.66,0.37,-0.24,-4.22,-4.80,28.50,37.46,101,100,0,0,1969,1958,2017,1888,1983,1959,42.49,33.9,3356,52.438,83.90,1
2026-09-01T21:22:34.542,24.817,2,50,50,355,484,59.4,71.7,0.47,0.10,1.08,0.62,0.16,-0.58,0.47,0.10,-4.15,-4.18,28.11,37.53,100,001,0,0,1971,1960,2009,1893,1973,1958,42.49,33.9,3355,52.422,83.88,1
2026-09-01T21:22:34.554,24.829,2,50,50,355,484,60.4,79.8,0.17,0.15,0.84,0.44,0.43,0.71,0.17,0.15,-4.34,-4.53,28.19,37.49,100,110,0,0,1985,1968,2001,1888,1973,1969,42.49,33.9,3356,52.438,83.90,1
2026-09-01T21:22:34.566,24.841,2,50,50,344,484,58.9,74.2,0.19,-0.04,1.16,1.34,0.13,-0.66,0.19,-0.04,-4.04,-3.77,27.89,37.58,100,101,0,0,1964,1964,1996,1928,1942,1985,42.49,33.9,3357,52.453,83.92,1
2026-09-01T21:22:34.578,24.853,2,50,50,344,484,56.9,77.5,0.48,0.47,1.16,0.54,-0.05,-0.25,0.48,0.47,-4.04,-3.48,27.47,37.47,100,010,0,0,1984,1952,2000,1892,1989,1931,42.49,33.9,3354,52.406,83.85,1
2026-09-01T21:22:34.589,24.864,2,50,50,344,484,56.2,77.8,0.41,-0.43,1.16,0.74,-0.01,0.26,0.41,-0.43,-3.92,-3.56,27.17,37.59,100,100,0,0,1979,1966,1986,1895,1965,1969,42.49,33.9,3357,52.453,83.92,1
2026-09-01T21:22:34.601,24.876,2,50,50,344,484,56.9,75.1,0.20,0.00,0.88,0.34,0.24,-0.68,0.20,0.00,-3.90,-2.84,27.09,37.65,100,011,0,0,1969,1960,1997,1881,1982,1945,42.49,33.9,3353,52.391,83.83,1
2026-09-01T21:22:34.613,24.888,2,50,50,333,484,57.4,80.1,0.16,0.25,0.74,0.56,0.39,0.44,0.16,0.25,-3.90,-3.32,26.82,37.62,100,110,0,0,1963,1964,2004,1896,1977,1943,42.49,33.9,3356,52.438,83.90,1
2026-09-01T21:22:34.624,24.899,2,50,50,333,484,53.5,77.6,0.45,-0.72,1.00,0.38,0.07,0.01,0.45,-0.72,-3.62,-3.94,26.36,37.57,100,101,0,0,1965,1968,2032,1888,1967,1967,42.49,33.9,3355,52.422,83.88,1
2026-09-01T21:22:34.636,24.911,2,50,50,333,463,49.6,70.0,0.59,0.29,1.00,0.30,0.07,0.56,0.59,0.29,-3.67,-4.04,26.13,37.55,101,011,0,0,1975,1950,2004,1879,1965,1961,42.49,33.9,3410,53.281,85.25,1
2026-09-01T21:22:34.648,24.923,2,50,50,333,484,51.1,79.8,0.64,-0.29,1.00,0.70,0.14,0.28,0.64,-0.29,-3.54,-4.45,25.88,37.50,101,100,0,0,1966,1944,2024,1896,1957,1949,42.49,33.9,3356,52.438,83.90,1
2026-09-01T21:22:34.659,24.935,2,50,50,323,484,54.4,76.5,0.73,-0.05,0.92,0.78,0.05,-0.62,0.73,-0.05,-3.24,-4.05,25.50,37.55,101,001,0,0,1972,1946,2028,1898,1981,1959,42.49,33.9,3354,52.406,83.85,1
2026-09-01T21:22:34.671,24.947,2,50,50,323,484,48.3,73.3,0.73,0.56,0.76,0.70,0.13,0.46,0.74,0.40,-3.08,-4.26,25.27,37.49,101,110,0,0,1967,1962,2029,1895,1973,1996,42.49,33.9,3355,52.422,83.88,1
2026-09-01T21:22:34.683,24.958,2,50,50,313,484,53.1,79.9,1.00,-0.26,0.84,1.06,0.01,-0.43,1.00,-0.26,-2.95,-3.96,24.94,37.55,001,101,0,0,1971,1983,2052,1914,1966,1978,42.49,33.9,3357,52.453,83.92,1
2026-09-01T21:22:34.695,24.970,2,50,50,313,484,47.6,71.1,1.14,0.38,1.32,0.44,-0.25,-0.40,1.14,0.38,-2.82,-3.50,24.65,37.52,011,010,0,0,1975,2014,2010,1888,1982,1942,42.49,33.9,3418,53.406,85.45,1
2026-09-01T21:22:34.706,24.982,2,50,50,304,484,52.6,79.3,0.85,-0.36,0.98,0.46,-0.12,0.57,0.87,-0.47,-2.93,-3.98,24.66,37.55,011,100,0,0,1966,2010,2001,1886,1973,1958,42.49,33.9,3357,52.453,83.92,1
2026-09-01T21:22:34.718,24.994,2,50,50,296,484,52.4,78.8,0.47,-0.22,0.84,0.66,0.11,-0.63,0.47,-0.15,-3.20,-3.08,24.77,37.64,010,001,0,0,1976,2016,1968,1892,2002,1955,42.49,33.9,3354,52.406,83.85,1
2026-09-01T21:22:34.730,25.005,2,50,50,296,484,46.5,72.2,0.38,0.53,0.84,0.62,-0.13,0.00,0.38,0.53,-3.21,-3.19,24.49,37.50,110,110,0,0,1973,1995,1968,1889,1969,1997,42.49,33.9,3355,52.422,83.88,1
2026-09-01T21:22:34.742,25.018,2,50,50,296,484,51.7,71.6,0.36,-0.40,0.84,0.56,-0.02,-0.60,0.36,-0.40,-3.31,-3.09,24.21,37.63,110,101,0,0,1969,1984,1970,1897,1955,1979,42.49,33.9,3351,52.359,83.78,1
2026-09-01T21:22:34.754,25.029,2,50,50,296,484,50.6,74.3,0.27,0.42,0.68,0.46,0.14,-0.08,0.27,0.42,-3.15,-3.57,23.67,37.59,100,010,0,0,1961,1966,1996,1889,1983,1946,42.49,33.9,3353,52.391,83.83,1
2026-09-01T21:22:34.766,25.041,2,50,50,296,484,49.1,80.0,0.61,-0.29,0.76,0.68,0.16,0.61,0.61,-0.29,-3.13,-4.27,23.28,37.52,101,100,0,0,1968,1947,2021,1894,1981,1958,42.49,33.9,3356,52.438,83.90,1
2026-09-01T21:22:34.777,25.053,2,50,50,288,484,48.2,75.4,0.71,-0.07,0.60,0.62,0.05,-0.55,0.71,-0.07,-2.78,-3.87,22.86,37.56,001,001,0,0,1956,1976,2028,1896,1981,1955,42.49,33.9,3354,52.406,83.85,1
2026-09-01T21:22:34.789,25.065,2,50,50,280,484,48.2,74.6,0.98,0.51,0.92,0.66,-0.28,0.66,0.99,0.33,-2.58,-4.26,22.69,37.52,011,110,0,0,1972,2013,2012,1888,1976,1997,42.49,33.9,3357,52.453,83.92,1
2026-09-01T21:22:34.801,25.076,2,50,50,273,484,48.8,79.5,0.37,-0.68,0.74,0.70,-0.06,0.11,0.41,-0.73,-2.78,-4.40,22.97,37.50,010,101,0,0,1960,2004,1976,1892,1989,1944,42.49,33.9,3356,52.438,83.90,1
2026-09-01T21:22:34.813,25.088,2,50,50,273,484,46.8,76.6,0.32,0.40,0.74,0.46,0.13,-0.47,0.32,0.40,-2.96,-3.72,22.63,37.55,110,011,0,0,1968,1973,1978,1893,1986,1943,42.49,33.9,3353,52.391,83.83,1
2026-09-01T21:22:34.824,25.100,2,50,50,273,484,42.7,74.8,0.59,-0.09,0.76,0.60,-0.08,0.43,0.59,-0.09,-2.72,-4.17,21.95,37.52,100,100,0,0,1963,1962,2022,1887,1993,1961,42.49,33.9,3413,53.328,85.33,1
2026-09-01T21:22:34.836,25.111,2,50,50,266,484,45.4,79.9,0.78,-0.26,0.60,0.70,0.18,-0.40,0.81,-0.22,-2.63,-3.49,21.68,37.60,001,001,0,0,1954,1983,2028,1894,1986,1949,42.49,33.9,3355,52.422,83.88,1
2026-09-01T21:22:34.848,25.123,2,50,50,266,484,45.6,71.1,0.94,0.59,0.84,0.50,-0.52,-0.23,0.94,0.59,-2.27,-3.19,21.46,37.36,011,010,0,0,1966,2016,2012,1898,2001,1915,42.49,33.9,3348,52.312,83.70,1
2026-09-01T21:22:34.860,25.135,2,50,50,260,484,40.3,78.5,0.33,-0.78,0.76,0.38,-0.20,0.00,0.33,-0.78,-2.35,-3.34,21.76,37.62,010,101,0,0,1964,2001,1985,1876,1987,1959,42.49,33.9,3356,52.438,83.90,1
2026-09-01T21:22:34.871,25.147,2,50,50,260,463,45.3,79.0,0.31,-0.17,0.60,-0.26,0.14,0.86,0.31,-0.17,-2.34,-3.56,21.34,37.59,100,011,0,0,1959,1956,2013,1859,1927,1971,42.49,33.9,3354,52.406,83.85,1
2026-09-01T21:22:34.883,25.158,2,50,50,260,484,41.0,73.0,0.63,0.26,0.48,1.00,0.03,0.14,0.63,0.26,-2.04,-3.81,20.92,37.57,101,100,0,0,1951,1982,2014,1913,2041,1959,42.49,33.9,3355,52.422,83.88,1
2026-09-01T21:22:34.895,25.170,2,50,50,253,484,44.5,78.7,0.83,-0.34,0.68,0.66,-0.24,-0.40,0.85,-0.32,-1.91,-3.80,20.89,37.57,011,001,0,0,1958,2008,2012,1892,1988,1946,42.49,33.9,3355,52.422,83.88,1
2026-09-01T21:22:34.906,25.182,2,50,50,253,484,39.9,79.9,0.31,0.47,0.68,0.46,-0.21,0.08,0.31,0.47,-2.07,-4.13,21.28,37.54,110,010,0,0,1954,2000,1985,1887,1983,1941,42.49,33.9,3354,52.406,83.85,1
2026-09-01T21:22:34.918,25.193,2,50,50,260,484,44.9,76.2,0.14,-0.63,0.48,0.46,0.28,0.42,0.14,-0.63,-2.32,-4.51,21.15,37.49,100,100,0,0,1945,1965,2020,1883,1974,1951,42.49,33.9,3356,52.438,83.90,1
2026-09-01T21:22:34.930,25.205,2,50,50,260,484,39.0,75.6,0.69,0.25,0.62,0.72,0.15,-0.75,0.64,0.26,-2.13,-3.64,20.80,37.59,001,011,0,0,1953,1968,2022,1897,1955,1953,42.49,33.9,3353,52.391,83.83,1
2026-09-01T21:22:34.942,25.217,2,50,50,260,484,43.7,70.1,0.79,-0.33,0.64,0.22,-0.23,0.80,0.79,-0.33,-2.11,-4.32,21.23,37.51,011,110,0,0,1956,2004,2010,1876,1968,1950,42.49,33.9,3355,52.422,83.88,1
2026-09-01T21:22:34.954,25.229,2,50,50,266,484,46.5,79.9,0.38,-0.21,0.98,0.78,-0.24,-0.58,0.38,-0.19,-2.31,-3.39,21.84,37.61,010,001,0,0,1956,2008,1981,1898,1984,1952,42.49,33.9,3355,52.422,83.88,1
2026-09-01T21:22:34.965,25.241,2,50,50,266,484,42.4,76.7,0.08,0.53,0.52,0.54,0.34,-0.07,0.08,0.53,-2.78,-3.28,22.37,37.47,110,010,0,0,1952,1961,2005,1891,1991,1927,42.49,33.9,3354,52.406,83.85,1
2026-09-01T21:22:34.977,25.253,2,50,50,280,484,41.8,76.6,0.35,-0.58,0.52,0.58,0.08,0.00,0.35,-0.58,-2.59,-3.23,22.30,37.62,101,101,0,0,1952,1958,2001,1896,1973,1959,42.49,33.9,3355,52.422,83.88,1
2026-09-01T21:22:34.989,25.264,2,50,50,280,484,46.4,80.0,0.52,0.02,0.48,0.26,0.32,-0.01,0.52,0.02,-2.61,-3.09,22.61,37.64,001,011,0,0,1947,1989,2016,1877,1964,1950,42.49,33.9,3352,52.375,83.80,1
2026-09-01T21:22:35.000,25.276,2,50,50,288,484,47.1,76.6,0.65,-0.05,0.92,0.46,-0.24,0.75,0.65,-0.05,-2.33,-3.95,22.99,37.56,011,110,0,0,1951,1997,2011,1887,1970,1945,42.49,33.9,3356,52.438,83.90,1
2026-09-01T21:22:35.012,25.288,2,50,50,288,484,46.5,74.5,0.50,-0.37,0.60,0.62,-0.17,-0.54,0.52,-0.26,-2.38,-3.80,23.64,37.57,010,001,0,0,1956,2008,1982,1898,1969,1965,42.49,33.9,3351,52.359,83.78,1
2026-09-01T21:22:35.024,25.299,2,50,50,296,484,47.8,80.0,0.26,0.57,0.70,0.64,-0.09,-0.08,0.26,0.57,-2.57,-4.09,24.24,37.54,010,010,0,0,1974,1994,1978,1900,1995,1939,42.49,33.9,3353,52.391,83.83,1
2026-09-01T21:22:35.036,25.311,2,50,50,304,484,52.6,77.3,0.00,-0.35,0.62,0.78,0.13,0.13,0.00,-0.35,-2.82,-4.58,24.79,37.48,110,100,0,0,1956,1984,1990,1904,1957,1967,42.49,33.9,3354,52.406,83.85,1
2026-09-01T21:22:35.048,25.323,2,50,50,313,484,49.3,80.0,0.04,0.16,0.68,0.42,0.28,-0.05,0.04,0.16,-2.91,-4.13,25.19,37.53,110,011,0,0,1973,1965,1999,1886,1970,1954,42.49,33.9,3351,52.359,83.78,1
2026-09-01T21:22:35.059,25.335,2,50,50,313,484,54.0,76.1,0.17,-0.14,0.68,0.32,0.21,0.85,0.17,-0.14,-2.91,-4.65,25.41,37.47,100,110,0,0,1960,1966,2005,1885,1971,1955,42.49,33.9,3354,52.406,83.85,1
2026-09-01T21:22:35.071,25.347,2,50,50,323,484,52.7,76.8,0.17,-0.10,0.64,1.08,0.19,-0.50,0.11,-0.14,-2.96,-3.68,25.84,37.58,100,001,0,0,1958,1973,2008,1911,1980,1946,42.49,33.9,3350,52.344,83.75,1
2026-09-01T21:22:35.083,25.358,2,50,50,333,484,48.4,77.5,0.34,0.59,0.64,0.62,0.10,-0.19,0.34,0.59,-2.89,-3.39,26.02,37.42,101,010,0,0,1961,1962,2002,1897,1997,1925,42.49,33.9,3347,52.297,83.67,1
2026-09-01T21:22:35.095,25.370,2,50,50,333,484,52.6,75.5,0.35,-0.70,0.66,0.52,0.21,-0.05,0.35,-0.70,-2.83,-3.36,26.43,37.61,101,101,0,0,1957,1964,2008,1888,1977,1961,42.49,33.9,3353,52.391,83.83,1
2026-09-01T21:22:35.106,25.382,2,50,50,344,484,56.3,80.0,0.27,0.06,0.68,0.30,0.38,-0.22,0.27,0.06,-3.02,-2.82,26.91,37.66,101,011,0,0,1952,1971,2011,1879,1966,1946,42.49,33.9,3352,52.375,83.80,1
2026-09-01T21:22:35.118,25.393,2,50,50,344,484,57.7,74.7,0.24,0.09,0.46,0.66,0.35,0.38,0.24,0.09,-3.12,-3.12,27.41,37.63,101,110,0,0,1961,1989,2002,1899,1971,1947,42.49,33.9,3354,52.406,83.85,1
2026-09-01T21:22:35.130,25.405,2,50,50,344,484,57.4,76.6,0.13,-0.30,0.84,0.78,0.66,-0.52,0.13,-0.30,-3.60,-3.21,27.94,37.63,101,001,0,0,1954,1969,2013,1898,1981,1945,42.49,33.9,3351,52.359,83.78,1
2026-09-01T21:22:35.142,25.417,2,50,50,355,484,59.9,70.5,0.23,0.47,0.78,0.48,0.20,0.45,0.23,0.47,-3.63,-4.20,28.36,37.53,100,010,0,0,1957,1965,2021,1884,1983,1944,42.49,33.9,3353,52.391,83.83,1
2026-09-01T21:22:35.154,25.429,2,50,50,355,484,62.2,76.2,-0.15,-0.39,0.52,0.90,0.67,-0.08,-0.15,-0.39,-4.13,-4.34,29.20,37.51,100,101,0,0,1947,1968,2026,1905,1954,1955,42.49,33.9,3353,52.391,83.83,1
2026-09-01T21:22:35.165,25.441,2,50,50,367,484,58.2,80.0,0.16,0.11,1.06,0.36,0.09,0.04,0.16,0.11,-4.00,-4.26,29.40,37.52,110,011,0,0,1978,1946,2034,1878,1963,1955,42.49,33.9,3352,52.375,83.80,1
2026-09-01T21:22:35.177,25.452,2,50,50,380,484,64.3,78.9,-0.16,0.13,0.74,0.58,0.09,0.59,-0.16,0.13,-4.11,-4.58,30.08,37.48,110,110,0,0,1959,1986,1992,1895,1971,1943,42.49,33.9,3354,52.406,83.85,1
2026-09-01T21:22:35.188,25.464,2,50,50,380,484,56.8,76.5,0.07,-0.64,0.92,0.58,-0.18,-0.19,0.07,-0.64,-3.88,-4.08,30.44,37.55,010,101,0,0,1971,1992,1981,1891,1978,1958,42.49,33.9,3412,53.312,85.30,1
2026-09-01T21:22:35.200,25.475,2,50,50,380,484,64.9,72.4,0.22,0.58,0.76,0.66,0.00,-0.45,0.22,0.64,-4.10,-3.52,30.99,37.40,010,010,0,0,1964,2003,1985,1900,1995,1938,42.49,33.9,3353,52.391,83.83,1
2026-09-01T21:22:35.212,25.487,2,50,50,395,484,64.8,80.0,0.73,-0.44,0.96,0.50,-0.35,0.47,0.73,-0.44,-3.96,-3.83,30.87,37.57,011,100,0,0,1970,2000,2012,1886,1971,1964,42.49,33.9,3355,52.422,83.88,1
2026-09-01T21:22:35.223,25.499,2,50,50,410,484,64.9,70.2,0.66,0.27,0.68,0.78,0.20,-1.03,0.66,0.27,-4.19,-2.73,31.36,37.66,001,001,0,0,1962,1985,2019,1908,1978,1954,42.49,33.9,3347,52.297,83.67,1
2026-09-01T21:22:35.235,25.510,2,50,50,410,484,64.6,77.4,0.31,0.40,0.84,0.58,0.37,0.29,0.29,0.26,-4.50,-3.38,32.05,37.61,101,110,0,0,1969,1963,2009,1891,1970,1959,42.49,33.9,3354,52.406,83.85,1
2026-09-01T21:22:35.247,25.522,2,50,50,410,484,61.7,79.9,-0.10,-0.76,0.82,0.36,0.24,0.19,-0.10,-0.76,-4.44,-3.70,32.81,37.58,110,101,0,0,1971,1972,2002,1888,1975,1962,42.49,33.9,3355,52.422,83.88,1
2026-09-01T21:22:35.258,25.534,2,50,50,426,484,70.7,74.0,-0.02,0.25,0.80,0.36,-0.01,0.23,-0.02,0.25,-4.24,-3.97,33.49,37.58,010,011,0,0,1963,1986,1995,1883,1975,1947,42.52,33.9,3352,52.375,83.80,1
2026-09-01T21:22:35.270,25.545,2,50,50,444,463,63.5,75.9,0.70,-0.02,1.02,1.04,-0.21,0.54,0.70,-0.02,-4.31,-4.11,33.48,37.53,011,100,0,0,1976,1984,2027,1896,2027,1959,42.52,33.9,3353,52.391,83.83,1
2026-09-01T21:22:35.282,25.557,2,50,50,444,484,72.6,80.0,0.25,-0.30,0.62,0.68,0.99,-0.44,0.12,-0.27,-5.20,-4.03,34.14,37.57,101,001,0,0,1952,2012,2016,1896,1991,1947,42.52,33.9,3352,52.375,83.80,1
2026-09-01T21:22:35.294,25.569,2,50,50,444,484,71.2,73.8,-0.17,0.56,1.02,0.58,0.39,-0.13,-0.17,0.56,-5.45,-4.20,35.13,37.50,110,010,0,0,1976,1965,2008,1896,2003,1919,42.52,33.9,3351,52.359,83.78,1
2026-09-01T21:22:35.305,25.581,2,50,50,463,484,70.2,76.1,0.45,-0.30,1.12,1.00,-0.51,-0.05,0.51,-0.43,-5.12,-4.28,35.33,37.55,011,101,0,0,1986,1998,1970,1911,1989,1939,42.52,33.9,3352,52.375,83.80,1
2026-09-01T21:22:35.317,25.592,2,50,50,463,484,71.3,79.6,0.52,0.47,1.00,0.66,0.46,-0.68,0.52,0.47,-5.74,-3.69,35.57,37.59,101,011,0,0,1963,1990,2020,1899,1990,1950,42.52,33.9,3349,52.328,83.72,1
2026-09-01T21:22:35.329,25.604,2,50,50,463,484,78.1,69.8,-0.41,-0.11,1.00,0.46,0.03,0.45,-0.41,-0.11,-5.73,-4.04,36.85,37.57,110,100,0,0,1972,1977,2008,1892,1987,1951,42.52,33.9,3414,53.344,85.35,1
2026-09-01T21:22:35.341,25.616,2,50,50,484,484,78.9,77.6,0.60,-0.30,1.00,0.78,-0.04,-0.48,0.60,-0.30,-5.77,-3.29,36.84,37.65,011,001,0,0,1976,2006,2000,1896,1981,1943,42.52,33.9,3350,52.344,83.75,1
2026-09-01T21:22:35.352,25.627,2,50,50,484,484,73.3,79.5,0.26,0.40,0.84,0.42,0.47,-0.01,0.26,0.40,-6.20,-3.13,37.10,37.56,101,010,0,0,1978,1975,2011,1886,1980,1940,42.52,33.9,3350,52.344,83.75,1
2026-09-01T21:22:35.364,25.639,2,50,50,484,484,74.8,77.8,-0.42,-0.66,0.78,0.44,-0.04,0.39,-0.42,-0.66,-6.06,-3.42,37.31,37.63,010,100,0,0,1964,1992,2004,1884,1971,1961,42.52,33.9,3351,52.359,83.78,1
2026-09-01T21:22:35.375,25.651,2,50,50,484,484,77.5,71.9,0.43,-0.06,0.64,0.62,0.11,-0.75,0.43,-0.06,-5.77,-2.61,37.28,37.70,001,011,0,0,1960,1986,2013,1894,1861,1912,42.52,33.9,3350,52.344,83.75,1
2026-09-01T21:22:35.387,25.662,2,50,50,484,484,79.3,80.1,-0.76,0.36,0.82,0.72,0.38,0.47,-0.76,0.36,-5.71,-3.94,37.35,37.58,110,110,0,0,1952,1948,2045,1904,1983,1935,42.52,33.9,3352,52.375,83.80,1
2026-09-01T21:22:35.399,25.674,2,50,50,507,484,71.3,78.3,0.41,-0.68,0.52,0.62,-0.31,-0.03,0.41,-0.68,-5.59,-4.35,37.37,37.55,011,101,0,0,1960,1978,2032,1892,1973,1958,42.52,33.9,3352,52.375,83.80,1
2026-09-01T21:22:35.410,25.686,2,50,50,484,484,78.9,73.6,-0.32,0.28,0.52,0.30,0.68,0.11,-0.32,0.28,-6.19,-4.45,37.28,37.52,100,011,0,0,1948,1999,2024,1886,1975,1951,42.52,33.9,3350,52.344,83.75,1
2026-09-01T21:22:35.422,25.697,2,50,50,507,484,71.2,77.4,0.15,-0.21,0.84,0.60,-1.19,0.62,0.15,-0.21,-5.55,-4.67,37.38,37.50,011,100,0,0,1975,2013,2028,1889,1983,1959,42.52,33.9,3346,52.281,83.65,1
2026-09-01T21:22:35.434,25.709,2,50,50,507,484,79.2,78.5,0.36,-0.04,0.84,0.78,0.37,-0.91,0.36,-0.04,-6.34,-3.83,37.25,37.59,101,001,0,0,1968,1976,2003,1904,1987,1971,42.52,33.9,3350,52.344,83.75,1
2026-09-01T21:22:35.445,25.720,2,50,50,484,484,73.6,73.5,-0.82,0.72,0.28,0.76,0.04,-0.20,-0.82,0.72,-6.26,-3.68,37.26,37.25,110,010,0,0,1945,1988,2013,1907,1999,1920,42.52,33.9,3351,52.359,83.78,1
2026-09-01T21:22:35.457,25.732,2,50,50,507,484,79.8,78.7,0.47,-0.80,0.66,0.42,0.00,-0.06,0.47,-0.80,-5.94,-3.73,37.32,37.60,001,101,0,0,1954,1976,2026,1880,1966,1961,42.52,33.9,3353,52.391,83.83,1
2026-09-01T21:22:35.469,25.744,2,50,50,484,484,74.9,77.0,-0.47,0.33,0.68,0.40,0.11,-0.50,-0.47,0.33,-6.14,-2.94,37.29,37.61,110,011,0,0,1960,1961,2061,1889,1983,1941,42.52,33.9,3349,52.328,83.72,1
2026-09-01T21:22:35.480,25.756,2,50,50,484,484,79.1,72.7,0.36,-0.13,0.64,0.46,-0.56,0.44,0.36,-0.13,-5.76,-3.43,37.35,37.63,011,100,0,0,1960,1991,2015,1888,2001,1965,42.52,33.9,3351,52.359,83.78,1
2026-09-01T21:22:35.492,25.768,2,50,50,484,484,79.8,78.9,-0.26,-0.02,0.68,0.74,0.49,-0.78,-0.26,-0.02,-6.28,-2.85,37.26,37.68,100,001,0,0,1956,2000,2008,1904,1987,1967,42.52,33.9,3350,52.344,83.75,1
2026-09-01T21:22:35.504,25.779,2,50,50,507,484,74.6,75.8,0.06,0.44,1.16,0.38,-0.86,0.19,0.06,0.44,-5.50,-3.39,37.39,37.64,010,010,0,0,1968,2012,2040,1887,1991,1932,42.52,33.9,3350,52.344,83.75,1
2026-09-01T21:22:35.516,25.791,2,50,50,484,484,79.8,74.7,0.04,-0.71,0.52,0.46,1.09,0.36,0.04,-0.71,-6.05,-4.05,37.26,37.58,101,101,0,0,1937,2049,2008,1889,1983,1951,42.52,33.9,3351,52.359,83.78,1
2026-09-01T21:22:35.527,25.802,2,50,50,484,463,72.3,78.5,-0.69,0.03,0.52,0.38,-0.14,-0.09,-0.69,0.03,-5.89,-3.90,37.33,37.59,110,011,0,0,1952,1988,2008,1876,1941,1955,42.52,33.9,3350,52.344,83.75,1
2026-09-01T21:22:35.539,25.814,2,50,50,484,484,80.0,78.1,0.20,0.00,0.42,0.54,0.55,0.99,0.20,0.00,-6.19,-4.77,37.26,37.49,001,110,0,0,1933,2012,2000,1885,1971,1947,42.52,33.9,3352,52.375,83.80,1
2026-09-01T21:22:35.550,25.826,2,50,50,484,484,75.3,73.3,-0.77,-0.02,0.24,1.26,0.47,-0.78,-0.77,-0.02,-6.67,-4.12,37.19,37.57,110,001,0,0,1941,1983,2019,1921,1966,1939,42.52,33.9,3350,52.344,83.75,1
2026-09-01T21:22:35.563,25.838,2,50,50,507,484,75.7,79.5,0.44,0.52,0.68,0.70,-0.53,-0.02,0.44,0.52,-5.94,-3.94,37.32,37.42,011,010,0,0,1964,1978,2032,1892,1976,1942,42.52,33.9,3350,52.344,83.75,1
2026-09-01T21:22:35.574,25.849,2,50,50,484,484,77.2,76.5,-0.04,-0.54,1.08,0.54,0.30,-0.03,-0.04,-0.54,-6.12,-4.06,37.25,37.58,100,100,0,0,1964,2000,2040,1900,1939,1985,42.52,33.9,3351,52.359,83.78,1
2026-09-01T21:22:35.586,25.861,2,50,50,484,484,73.9,75.3,-0.10,0.03,0.68,0.58,-0.58,-0.70,-0.10,0.03,-5.84,-3.25,37.33,37.65,010,011,0,0,1960,1995,2004,1882,1955,1945,42.52,33.9,3349,52.328,83.72,1
2026-09-01T21:22:35.598,25.873,2,50,50,507,484,77.7,75.7,0.13,0.15,0.68,0.70,0.43,0.42,0.13,0.15,-6.24,-3.53,37.27,37.63,101,110,0,0,1964,1980,2000,1900,1971,1939,42.52,33.9,3352,52.375,83.80,1
2026-09-01T21:22:35.609,25.885,2,50,50,507,484,78.9,76.4,-0.57,-0.50,0.36,0.46,-0.25,-0.30,-0.57,-0.54,-5.85,-3.02,37.33,37.67,010,001,0,0,1948,1993,2020,1881,1991,1931,42.52,33.9,3349,52.328,83.72,1
2026-09-01T21:22:35.621,25.896,2,50,50,484,484,75.4,80.0,0.33,0.40,0.52,0.46,0.15,0.09,0.33,0.40,-5.81,-3.08,37.34,37.65,001,010,0,0,1947,1986,2007,1888,1975,1949,42.52,33.9,3350,52.344,83.75,1
2026-09-01T21:22:35.633,25.908,2,50,50,484,463,80.0,74.7,-0.83,-1.07,0.68,-0.04,0.35,1.24,-0.83,-1.07,-5.87,-4.43,37.32,37.53,110,101,0,0,1956,1972,2032,1869,2023,1943,42.52,33.9,3353,52.391,83.83,1
2026-09-01T21:22:35.644,25.920,2,50,50,507,463,71.0,72.7,0.52,0.27,0.70,1.00,-0.45,-0.91,0.52,0.27,-5.40,-3.58,37.29,37.62,001,011,0,0,1967,1976,2034,1903,1901,1946,42.52,33.9,3406,53.219,85.15,1
2026-09-01T21:22:35.656,25.931,2,50,50,484,484,79.8,80.0,-0.57,-0.07,0.46,0.44,0.74,1.50,-0.57,-0.07,-6.28,-4.78,37.26,37.47,100,110,0,0,1944,2001,2017,1873,1979,1995,42.52,33.9,3352,52.375,83.80,1
2026-09-01T21:22:35.668,25.943,2,50,50,484,484,71.5,77.4,0.05,-0.58,0.64,0.54,-0.60,-0.27,0.05,-0.58,-5.75,-4.37,37.35,37.54,011,101,0,0,1960,1999,2003,1892,1975,1960,42.52,33.9,3351,52.359,83.78,1
2026-09-01T21:22:35.679,25.955,2,50,50,507,484,79.7,69.7,0.26,0.55,0.68,0.62,0.60,-0.37,0.26,0.55,-6.48,-4.01,37.23,37.53,101,010,0,0,1962,1990,2006,1896,1991,1943,42.52,33.9,3349,52.328,83.72,1
2026-09-01T21:22:35.692,25.967,2,50,50,507,484,79.8,75.2,-0.28,-0.33,0.66,0.78,-0.53,0.03,-0.28,-0.33,-6.00,-4.16,37.31,37.56,010,100,0,0,1960,2000,2013,1906,1954,1959,42.52,33.9,3352,52.375,83.80,1
2026-09-01T21:22:35.703,25.979,2,50,50,484,484,76.1,77.6,0.46,0.17,0.76,0.50,0.41,-0.79,0.39,0.26,-6.15,-3.28,37.29,37.65,101,011,0,0,1963,1988,2012,1890,1987,1947,42.52,33.9,3349,52.328,83.72,1
2026-09-01T21:22:35.715,25.991,2,50,50,484,484,75.1,77.7,-0.76,0.03,0.36,0.46,-0.11,0.54,-0.76,0.03,-6.12,-3.75,37.29,37.60,110,110,0,0,1944,1992,2016,1888,1969,1949,42.52,33.9,3352,52.375,83.80,1
2026-09-01T21:22:35.727,26.002,2,50,50,507,484,80.0,75.3,0.41,-0.30,0.60,0.70,-0.04,-0.69,0.46,-0.22,-5.96,-3.12,37.32,37.66,001,001,0,0,1956,1984,2016,1900,1975,1967,42.52,33.9,3349,52.328,83.72,1
2026-09-01T21:22:35.739,26.014,2,50,50,507,484,71.4,79.9,-0.20,0.52,1.32,0.56,-0.43,-0.10,-0.20,0.52,-5.87,-2.98,37.33,37.59,110,010,0,0,1992,2016,1964,1892,1987,1935,42.52,33.9,3345,52.266,83.62,1
2026-09-01T21:22:35.750,26.026,2,50,50,507,463,78.9,75.1,0.29,-0.98,0.66,-0.02,-0.48,1.08,0.29,-0.98,-5.41,-3.93,37.40,37.59,011,101,0,0,1957,1984,2016,1868,2003,1941,42.52,33.9,3352,52.375,83.80,1
2026-09-01T21:22:35.762,26.038,2,50,50,507,463,78.9,76.6,-0.07,-0.10,0.84,0.60,0.14,0.43,-0.13,-0.12,-5.74,-3.76,37.35,37.60,100,011,0,0,1970,1993,1991,1874,1901,1951,42.52,33.9,3349,52.328,83.72,1
2026-09-01T21:22:35.774,26.049,2,50,50,484,484,76.8,80.0,-0.26,0.40,0.52,0.70,-0.54,0.49,-0.26,0.40,-5.40,-4.44,37.40,37.53,010,110,0,0,1954,1988,2009,1902,1981,1934,42.52,33.9,3353,52.391,83.83,1
2026-09-01T21:22:35.785,26.061,2,50,50,484,484,78.1,77.4,0.27,-0.33,0.52,0.94,0.44,-0.36,0.15,-0.22,-6.16,-4.28,37.28,37.55,101,101,0,0,1948,2016,2006,1912,1963,1969,42.52,33.9,3351,52.359,83.78,1
2026-09-01T21:22:35.798,26.073,2,50,50,507,484,78.9,79.7,-0.32,0.69,0.60,0.74,-0.34,-0.23,-0.32,0.69,-5.92,-4.19,37.32,37.40,010,010,0,0,1955,1998,2015,1905,2003,1927,42.52,33.9,3351,52.359,83.78,1
2026-09-01T21:22:35.809,26.085,2,50,50,484,484,77.4,77.3,0.33,-0.34,0.44,0.78,0.42,0.18,0.33,-0.34,-6.20,-4.57,37.28,37.51,001,100,0,0,1947,2000,2010,1905,1961,1957,42.52,33.9,3352,52.375,83.80,1
2026-09-01T21:22:35.821,26.096,2,50,50,484,484,79.8,74.5,-0.82,0.19,0.52,0.58,0.05,-0.73,-0.79,0.19,-6.08,-3.82,37.30,37.60,110,011,0,0,1947,1988,2025,1891,1991,1951,42.52,33.9,3349,52.328,83.72,1
2026-09-01T21:22:35.833,26.108,2,50,50,507,484,73.2,79.6,0.44,0.08,0.64,0.50,-0.30,0.62,0.44,0.08,-5.87,-4.02,37.33,37.58,001,110,0,0,1967,2030,1930,1885,1973,1967,42.52,33.9,3353,52.391,83.83,1
2026-09-01T21:22:35.845,26.120,2,50,50,484,484,78.8,72.5,-0.72,-0.19,0.16,1.02,0.86,-0.79,-0.72,-0.19,-6.63,-3.19,37.20,37.65,100,001,0,0,1937,1999,2015,1911,1978,1927,42.52,33.9,3350,52.344,83.75,1
2026-09-01T21:22:35.857,26.132,2,50,50,507,484,78.9,79.9,0.42,0.39,1.00,0.38,-0.76,-0.03,0.42,0.39,-5.76,-3.04,37.34,37.62,011,010,0,0,1968,1996,2032,1880,1977,1934,42.52,33.9,3350,52.344,83.75,1
2026-09-01T21:22:35.868,26.143,2,50,50,507,484,74.1,74.5,0.09,-0.74,0.78,0.38,0.33,0.29,0.09,-0.74,-6.16,-3.30,37.28,37.65,101,100,0,0,1968,1971,1997,1881,1979,1969,42.52,33.9,3352,52.375,83.80,1
2026-09-01T21:22:35.880,26.155,2,50,50,484,463,80.0,76.2,-0.61,-0.19,0.28,0.84,-0.35,0.95,-0.58,-0.32,-5.62,-3.30,37.37,37.65,010,011,0,0,1943,1978,2021,1877,1855,1947,42.52,33.9,3349,52.328,83.72,1
2026-09-01T21:22:35.892,26.167,2,50,50,507,484,79.9,70.7,0.10,0.17,0.48,0.78,0.74,0.44,0.10,0.17,-6.00,-4.01,37.31,37.58,101,110,0,0,1943,2004,2001,1911,1967,1931,42.52,33.9,3346,52.281,83.65,1
2026-09-01T21:22:35.904,26.179,2,50,50,507,484,73.2,78.0,-0.36,-0.48,0.74,0.38,-0.53,-0.41,-0.37,-0.41,-5.83,-3.98,37.34,37.58,010,001,0,0,1966,1967,2012,1887,1983,1954,42.52,33.9,3407,53.234,85.17,1
2026-09-01T21:22:35.915,26.191,2,50,50,484,484,80.0,79.8,0.27,0.62,0.40,0.70,0.32,-0.03,0.27,0.62,-6.26,-4.26,37.26,37.46,001,010,0,0,1935,2000,2000,1900,1995,1939,42.52,33.9,3352,52.375,83.80,1
2026-09-01T21:22:35.927,26.202,2,50,50,507,484,71.9,77.2,-0.43,-0.40,1.00,0.70,-0.36,0.17,-0.43,-0.40,-6.31,-4.67,37.26,37.50,110,100,0,0,1979,2016,1969,1901,1958,1962,42.52,33.9,3346,52.281,83.65,1
2026-09-01T21:22:35.939,26.214,2,50,50,484,484,79.5,74.5,0.34,0.32,0.60,0.78,-0.34,-0.96,0.34,0.42,-6.14,-3.80,37.29,37.55,011,011,0,0,1960,1988,2029,1900,1991,1959,42.52,33.9,3349,52.328,83.72,1
2026-09-01T21:22:35.951,26.226,2,50,50,507,484,77.4,80.0,-0.03,-0.12,0.84,0.30,0.23,1.36,-0.03,-0.12,-6.33,-4.58,37.25,37.51,100,110,0,0,1968,1992,2008,1875,1977,1987,42.52,33.9,3351,52.359,83.78,1
2026-09-01T21:22:35.962,26.238,2,50,50,507,484,76.9,74.1,-0.18,-0.37,0.66,0.82,-0.68,-0.51,-0.18,-0.37,-5.94,-3.80,37.32,37.60,010,101,0,0,1951,1998,2024,1907,1960,1968,42.52,33.9,3353,52.391,83.83,1
2026-09-01T21:22:35.974,26.249,2,50,50,507,484,79.6,78.4,0.34,0.37,0.60,0.46,0.74,-0.04,0.27,0.39,-6.41,-3.42,37.24,37.59,101,010,0,0,1953,2000,2009,1885,1979,1947,42.52,33.9,3350,52.344,83.75,1
2026-09-01T21:22:35.985,26.261,2,50,50,484,484,73.8,79.2,-0.57,-0.56,0.76,0.46,-0.30,0.51,-0.57,-0.56,-6.05,-3.70,37.30,37.61,110,100,0,0,1958,1993,2006,1884,1977,1963,42.52,33.9,3352,52.375,83.80,1
2026-09-01T21:22:35.998,26.273,2,50,50,507,484,69.3,80.0,0.34,0.19,0.52,0.44,0.00,-0.27,0.34,0.19,-5.62,-2.97,37.37,37.67,101,011,0,0,1955,1971,2018,1883,1971,1943,42.52,33.9,3345,52.266,83.62,1
2026-09-01T21:22:36.010,26.285,2,50,50,507,484,79.3,71.1,-0.70,0.19,0.58,0.86,-0.05,0.35,-0.70,0.19,-5.92,-3.70,37.32,37.61,110,110,0,0,1953,2000,2016,1912,1967,1933,42.52,33.9,3346,52.281,83.65,1
2026-09-01T21:22:36.021,26.297,2,50,50,507,484,77.1,77.9,0.51,-0.40,0.74,0.48,0.00,-0.45,0.50,-0.40,-5.83,-3.77,37.33,37.60,001,001,0,0,1977,1984,2004,1893,1991,1958,42.52,33.9,3349,52.328,83.72,1
2026-09-01T21:22:36.033,26.308,2,50,50,507,484,77.7,80.0,-0.23,0.56,1.08,0.62,0.13,0.10,-0.23,0.56,-6.24,-3.99,37.27,37.54,100,010,0,0,1971,1993,1992,1896,1987,1945,42.52,33.9,3350,52.344,83.75,1
2026-09-01T21:22:36.045,26.320,2,50,50,484,484,74.7,78.1,0.21,-0.65,0.96,0.42,-0.84,0.55,0.21,-0.65,-5.89,-4.65,37.33,37.50,011,100,0,0,1985,1989,1981,1888,1978,1971,42.52,33.9,3351,52.359,83.78,1
2026-09-01T21:22:36.056,26.332,2,50,50,507,484,78.5,70.7,0.10,0.34,0.52,0.94,0.50,-0.92,0.10,0.34,-6.54,-3.99,37.22,37.58,101,001,0,0,1959,1974,2000,1915,1979,1973,42.52,33.9,3344,52.250,83.60,1
2026-09-01T21:22:36.068,26.343,2,50,50,484,484,77.3,78.7,-0.51,0.32,0.54,0.58,-0.37,0.55,-0.51,0.19,-6.16,-4.30,37.28,37.54,010,110,0,0,1956,1992,2012,1888,1969,1960,42.52,33.9,3352,52.375,83.80,1
2026-09-01T21:22:36.079,26.355,2,50,50,507,484,76.7,79.2,0.53,-0.41,1.08,0.94,-0.03,-0.40,0.53,-0.41,-6.23,-3.80,37.26,37.60,001,101,0,0,1962,1972,2024,1908,1959,1965,42.52,33.9,3353,52.391,83.83,1
2026-09-01T21:22:36.092,26.367,2,50,50,484,484,77.2,79.8,-0.63,0.50,0.52,0.46,-0.01,-0.18,-0.63,0.50,-6.50,-3.51,37.23,37.50,110,010,0,0,1956,1989,2009,1892,2001,1915,42.52,33.9,3351,52.359,83.78,1
2026-09-01T21:22:36.103,26.379,2,50,50,484,484,77.1,76.8,0.39,-0.48,0.86,0.66,-0.14,0.27,0.39,-0.48,-6.14,-3.55,37.29,37.62,001,100,0,0,1952,2032,1954,1897,1967,1969,42.52,33.9,3351,52.359,83.78,1
2026-09-01T21:22:36.115,26.391,2,50,50,484,484,72.0,75.1,-0.49,-0.09,0.78,0.36,0.12,-0.56,-0.49,-0.09,-6.19,-2.98,37.28,37.67,100,011,0,0,1963,1998,1998,1875,1943,1945,42.52,33.9,3349,52.328,83.72,1
2026-09-01T21:22:36.127,26.402,2,50,50,507,484,79.5,78.7,0.20,0.32,0.50,0.78,-0.42,0.41,0.20,0.32,-5.54,-3.34,37.38,37.64,011,110,0,0,1956,1982,2012,1908,1975,1939,42.52,33.9,3352,52.375,83.80,1
2026-09-01T21:22:36.139,26.414,2,50,50,484,484,73.4,72.7,-0.11,-0.61,0.60,0.46,0.46,-0.31,-0.11,-0.61,-6.05,-3.69,37.30,37.61,101,101,0,0,1955,1988,2006,1894,1959,1969,42.52,33.9,3352,52.375,83.80,1
2026-09-01T21:22:36.150,26.426,2,50,50,484,484,79.6,73.2,-0.37,0.35,0.76,0.36,-0.29,0.61,-0.37,0.37,-5.83,-4.05,37.34,37.57,010,010,0,0,1952,1984,2013,1882,1967,1959,42.52,33.9,3349,52.328,83.72,1
2026-09-01T21:22:36.162,26.437,2,50,50,507,484,77.5,80.0,0.26,-0.41,0.30,0.48,0.72,0.41,0.23,-0.42,-6.40,-4.45,37.24,37.52,101,100,0,0,1947,2002,2006,1893,1970,1963,42.52,33.9,3351,52.359,83.78,1
2026-09-01T21:22:36.174,26.449,2,50,50,484,484,75.1,74.2,-0.43,0.12,0.84,0.78,-0.21,-0.90,-0.43,0.12,-6.18,-3.77,37.28,37.60,110,001,0,0,1966,1988,1998,1903,1981,1965,42.52,33.9,3351,52.359,83.78,1
2026-09-01T21:22:36.186,26.461,2,50,50,484,484,79.6,78.9,0.44,0.31,0.52,0.68,0.03,0.69,0.44,0.31,-5.98,-4.47,37.31,37.52,001,110,0,0,1956,1988,2009,1892,1975,1975,42.52,33.9,3351,52.359,83.78,1
2026-09-01T21:22:36.198,26.473,2,50,50,484,484,77.2,77.4,-0.52,-0.64,0.88,0.54,0.07,-0.11,-0.52,-0.64,-6.11,-4.24,37.29,37.55,110,101,0,0,1951,1972,2046,1892,1977,1956,42.52,33.9,3351,52.359,83.78,1
2026-09-01T21:22:36.209,26.484,2,50,50,484,484,77.6,70.9,0.24,0.42,0.54,0.40,-0.23,-0.33,0.24,0.42,-5.79,-3.56,37.34,37.47,011,010,0,0,1953,1987,2011,1888,1981,1943,42.52,33.9,3349,52.328,83.72,1
2026-09-01T21:22:36.221,26.496,2,50,50,484,484,79.4,80.1,-0.14,-0.40,0.76,0.46,0.38,0.46,-0.14,-0.40,-6.19,-3.82,37.28,37.60,100,100,0,0,1965,1998,2006,1891,1971,1967,42.52,33.9,3352,52.375,83.80,1
2026-09-01T21:22:36.233,26.508,2,50,50,507,484,73.0,74.8,0.18,-0.11,1.04,0.46,-1.06,-0.88,0.18,-0.11,-5.53,-2.92,37.38,37.68,010,001,0,0,1980,2024,2040,1888,1995,1952,42.52,33.9,3352,52.375,83.80,1
2026-09-01T21:22:36.244,26.520,2,50,50,507,484,80.0,78.3,0.41,0.34,1.30,0.64,0.36,0.47,0.33,0.21,-5.87,-3.25,37.33,37.65,101,110,0,0,1973,1984,2010,1889,1967,1959,42.52,33.9,3352,52.375,83.80,1
2026-09-01T21:22:36.256,26.531,2,50,50,484,484,70.9,79.7,-0.55,-0.80,0.58,0.42,-0.26,0.13,-0.55,-0.80,-5.65,-3.70,37.37,37.61,110,101,0,0,1972,1996,2002,1888,1982,1968,42.52,33.9,3354,52.406,83.85,1
2026-09-01T21:22:36.268,26.543,2,50,50,507,463,79.2,73.6,0.51,0.08,0.76,0.06,-0.02,0.68,0.51,0.08,-5.61,-4.12,37.26,37.56,001,011,0,0,1975,1973,2016,1869,1943,1971,42.52,33.9,3351,52.359,83.78,1
2026-09-01T21:22:36.279,26.555,2,50,50,507,484,74.9,78.2,-0.31,0.00,1.10,0.88,-0.03,0.43,-0.31,0.00,-6.08,-4.43,37.29,37.53,110,100,0,0,1975,1932,2100,1905,1981,1959,42.52,33.9,3353,52.391,83.83,1
2026-09-01T21:22:36.292,26.567,2,50,50,484,484,80.0,80.0,0.44,-0.35,1.00,0.58,-0.17,-0.39,0.44,-0.35,-6.10,-4.00,37.27,37.58,011,001,0,0,1968,2000,2004,1888,1987,1953,42.52,33.9,3350,52.344,83.75,1
2026-09-01T21:22:36.303,26.579,2,50,50,484,484,80.0,78.0,-0.11,0.46,1.00,0.74,0.28,0.48,-0.19,0.34,-6.53,-4.53,37.22,37.52,100,110,0,0,1979,1990,1998,1897,1979,1963,42.52,33.9,3352,52.375,83.80,1
2026-09-01T21:22:36.315,26.590,2,50,50,484,484,70.6,80.0,0.14,-0.77,1.00,0.62,-0.65,0.16,0.14,-0.77,-5.90,-4.55,37.32,37.51,011,101,0,0,1972,2002,2003,1888,1988,1952,42.52,33.9,3353,52.391,83.83,1
2026-09-01T21:22:36.327,26.602,2,50,50,507,484,80.0,75.3,0.34,0.55,0.76,0.76,0.48,-0.58,0.34,0.55,-6.43,-3.69,37.22,37.41,101,011,0,0,1960,1981,2005,1900,1995,1943,42.52,33.9,3352,52.375,83.80,1
2026-09-01T21:22:36.338,26.614,2,50,50,484,484,70.0,76.0,-0.28,-0.24,0.98,0.48,-0.35,0.62,-0.28,-0.24,-6.05,-4.16,37.30,37.55,010,100,0,0,1975,2002,1999,1879,1991,1971,42.52,33.9,3408,53.250,85.20,1
2026-09-01T21:22:36.350,26.626,2,50,50,484,484,79.7,78.7,0.38,-0.08,0.72,0.80,0.27,-0.65,0.38,-0.08,-6.02,-3.26,37.20,37.65,001,001,0,0,1955,1996,2000,1905,1983,1955,42.52,33.9,3350,52.344,83.75,1
2026-09-01T21:22:36.362,26.637,2,50,50,484,484,73.7,72.8,-0.07,0.56,1.20,0.50,0.14,-0.18,-0.07,0.56,-6.15,-3.22,37.29,37.50,100,010,0,0,1988,1982,2000,1894,1997,1920,42.52,33.9,3352,52.375,83.80,1
2026-09-01T21:22:36.373,26.649,2,50,50,484,484,79.7,78.6,0.38,-0.87,1.04,0.30,-0.33,0.21,0.38,-0.87,-5.65,-3.53,37.17,37.63,011,101,0,0,1969,1994,2016,1881,1975,1959,42.52,33.9,3352,52.375,83.80,1
2026-09-01T21:22:36.385,26.660,2,50,50,484,463,73.4,80.0,0.34,-0.31,1.38,0.26,0.30,1.16,0.34,-0.31,-5.95,-3.77,37.08,37.60,101,011,0,0,1990,1961,2005,1853,1881,1964,42.52,33.9,3351,52.359,83.78,1
2026-09-01T21:22:36.397,26.672,2,50,50,484,484,75.9,75.3,-0.22,0.46,1.02,1.06,-0.54,0.27,-0.21,0.44,-5.80,-4.04,37.34,37.57,010,110,0,0,1972,1976,2003,1924,1969,1915,42.52,33.9,3351,52.359,83.78,1
2026-09-01T21:22:36.408,26.684,2,50,50,484,484,78.3,73.1,0.55,-0.29,0.84,0.86,0.34,-0.57,0.55,-0.29,-6.15,-3.93,36.95,37.58,001,001,0,0,1965,1990,2012,1902,1983,1927,42.52,33.9,3349,52.328,83.72,1
2026-09-01T21:22:36.420,26.695,2,50,50,484,484,74.9,80.0,0.08,0.47,1.56,0.44,-0.03,0.01,0.08,0.47,-6.19,-4.11,37.28,37.56,110,010,0,0,1998,1946,2048,1892,1986,1946,42.52,33.9,3350,52.344,83.75,1
2026-09-01T21:22:36.432,26.707,2,50,50,484,484,79.3,78.8,0.65,-0.59,1.30,0.40,-0.44,0.57,0.65,-0.59,-5.90,-4.76,36.93,37.49,011,100,0,0,1987,2004,2012,1884,1977,1957,42.52,33.9,3352,52.375,83.80,1
2026-09-01T21:22:36.443,26.719,2,50,50,484,484,76.0,72.6,0.06,0.24,0.68,0.94,0.92,-1.04,0.06,0.24,-6.60,-3.85,37.21,37.59,101,001,0,0,1960,1981,2009,1912,1986,1975,42.52,33.9,3350,52.344,83.75,1
2026-09-01T21:22:36.455,26.730,2,50,50,484,484,78.1,76.5,0.06,0.34,1.40,0.70,-0.49,0.46,0.13,0.09,-5.99,-4.29,37.26,37.55,010,110,0,0,1999,2016,1992,1883,1971,2015,42.52,33.9,3350,52.344,83.75,1
2026-09-01T21:22:36.467,26.742,2,50,50,484,484,78.4,79.6,0.62,-0.54,0.92,0.70,0.13,-0.48,0.62,-0.54,-6.02,-3.77,36.78,37.60,001,101,0,0,1965,1989,2012,1902,1946,1990,42.52,33.9,3352,52.375,83.80,1
2026-09-01T21:22:36.478,26.754,2,50,50,484,484,70.4,74.5,0.01,0.38,1.48,0.46,0.03,-0.46,0.03,0.42,-6.07,-3.12,37.30,37.52,100,011,0,0,2001,1984,1986,1888,1983,1941,42.52,33.9,3350,52.344,83.75,1
2026-09-01T21:22:36.490,26.765,2,50,50,484,484,78.7,77.7,0.55,-0.19,1.46,0.68,-0.60,0.48,0.55,-0.19,-5.37,-3.39,36.94,37.63,011,100,0,0,1982,2000,2001,1893,1979,1957,42.52,33.9,3352,52.375,83.80,1
2026-09-01T21:22:36.502,26.777,2,50,50,484,484,77.9,79.8,0.12,0.01,0.44,0.84,0.92,-0.77,0.12,0.01,-6.18,-2.77,37.12,37.69,101,001,0,0,1955,1988,2008,1913,1981,1975,42.52,33.9,3350,52.344,83.75,1
2026-09-01T21:22:36.513,26.789,2,50,50,484,484,74.4,71.1,0.07,0.38,1.44,0.20,-0.52,0.24,0.07,0.38,-5.78,-3.60,37.22,37.62,110,010,0,0,2001,1931,2004,1881,1993,1938,42.52,33.9,3343,52.234,83.58,1
2026-09-01T21:22:36.525,26.800,2,50,50,484,484,78.8,77.3,0.75,-0.78,1.36,0.46,0.18,0.37,0.71,-0.74,-6.03,-4.44,36.75,37.53,001,101,0,0,1980,1992,2016,1890,1983,1944,42.52,33.9,3351,52.359,83.78,1
2026-09-01T21:22:36.537,26.812,2,50,50,463,463,76.5,80.0,-0.21,0.15,0.96,0.26,0.83,-0.05,-0.21,0.15,-6.94,-4.15,37.14,37.56,100,011,0,0,1976,1968,2016,1882,1959,1957,42.52,33.9,3350,52.344,83.75,1
2026-09-01T21:22:36.549,26.824,2,50,50,484,484,74.5,71.8,0.45,-0.03,1.16,0.52,-0.46,0.59,0.45,-0.03,-6.20,-4.67,37.05,37.50,011,110,0,0,1987,2016,1998,1895,1969,1942,42.52,33.9,3351,52.359,83.78,1
2026-09-01T21:22:36.561,26.836,2,50,50,484,484,78.7,77.1,0.51,-0.31,1.14,0.78,0.53,-0.45,0.51,-0.31,-6.54,-4.20,36.71,37.55,101,001,0,0,1971,1977,2027,1895,1980,1942,42.52,33.9,3349,52.328,83.72,1
2026-09-01T21:22:36.572,26.848,2,50,50,484,484,77.2,79.9,-0.03,0.44,1.48,0.46,-0.14,0.12,-0.03,0.44,-6.42,-4.23,37.24,37.55,110,010,0,0,2001,2003,1977,1885,1975,1951,42.52,33.9,3350,52.344,83.75,1
2026-09-01T21:22:36.584,26.859,2,50,50,484,484,69.3,77.5,0.70,-0.37,0.96,0.62,-0.12,0.09,0.70,-0.37,-6.23,-4.21,36.77,37.55,011,100,0,0,1976,1993,2016,1904,1951,1963,42.52,33.9,3352,52.375,83.80,1
2026-09-01T21:22:36.596,26.871,2,50,50,484,484,78.3,74.0,0.26,0.00,1.42,0.56,0.32,-0.85,0.26,0.00,-6.37,-3.18,36.90,37.65,100,011,0,0,1988,1983,2015,1882,1957,1945,42.52,33.9,3350,52.344,83.75,1
2026-09-01T21:22:36.607,26.882,2,50,50,484,484,79.2,80.0,0.22,0.13,1.46,0.40,-0.62,0.65,0.22,0.02,-5.86,-3.61,37.08,37.62,010,110,0,0,2003,2027,1994,1883,1967,1963,42.52,33.9,3352,52.375,83.80,1
2026-09-01T21:22:36.619,26.894,2,50,50,484,484,72.4,76.0,0.85,-0.45,1.12,0.62,-0.03,-0.60,0.85,-0.45,-5.90,-3.00,36.58,37.67,001,101,0,0,1982,1961,2036,1902,1948,1985,42.52,33.9,3353,52.391,83.83,1
2026-09-01T21:22:36.631,26.906,2,50,50,484,484,77.0,75.0,0.09,0.38,1.48,0.36,-0.28,-0.18,0.09,0.38,-5.95,-2.86,37.28,37.63,110,010,0,0,2001,1968,2004,1888,1981,1945,42.52,33.9,3348,52.312,83.70,1
2026-09-01T21:22:36.642,26.918,2,50,50,484,463,78.5,80.0,0.76,-0.87,1.30,0.14,-0.19,1.38,0.76,-0.87,-6.10,-3.92,36.80,37.58,011,100,0,0,1992,2010,2006,1869,2021,1953,42.52,33.9,3352,52.375,83.80,1
2026-09-01T21:22:36.654,26.929,2,50,50,484,484,77.1,79.3,0.50,0.01,1.14,0.78,0.43,-0.75,0.50,0.01,-6.54,-3.48,36.77,37.63,101,001,0,0,1985,1958,2014,1911,1979,1974,42.52,33.9,3350,52.344,83.75,1
2026-09-01T21:22:36.665,26.940,2,50,50,484,484,77.0,78.2,-0.10,0.60,1.30,0.62,0.23,0.16,-0.10,0.60,-6.75,-4.08,37.18,37.50,110,010,0,0,1993,1996,1984,1898,1993,1935,42.52,33.9,3350,52.344,83.75,1
2026-09-01T21:22:36.677,26.952,2,50,50,484,484,69.0,73.5,0.75,-0.54,1.16,0.62,-0.18,0.19,0.75,-0.54,-6.28,-4.53,36.64,37.52,011,100,0,0,1980,1990,2026,1896,1965,1973,42.52,33.9,3352,52.375,83.80,1
2026-09-01T21:22:36.688,26.964,2,50,50,484,484,77.5,75.8,0.16,0.05,1.32,0.60,0.27,-0.49,0.16,0.05,-6.41,-3.79,36.85,37.60,100,011,0,0,1981,1982,2017,1883,1944,1948,42.52,33.9,3350,52.344,83.75,1
2026-09-01T21:22:36.700,26.976,2,50,50,463,484,79.6,79.5,0.02,0.10,1.06,0.46,-0.13,0.60,0.02,0.10,-6.40,-4.24,37.22,37.55,010,110,0,0,1977,1992,1994,1891,1971,1955,42.52,33.9,3352,52.375,83.80,1
2026-09-01T21:22:36.712,26.987,2,50,50,484,484,76.9,76.8,0.66,-0.05,0.84,1.26,0.21,-0.79,0.66,-0.05,-6.40,-3.51,36.65,37.63,001,101,0,0,1968,1984,2021,1932,1935,1993,42.52,33.9,3352,52.375,83.80,1
2026-09-01T21:22:36.724,26.999,2,50,50,484,484,72.2,75.4,-0.05,0.39,1.34,0.36,0.05,-0.20,-0.05,0.39,-6.47,-3.40,37.23,37.57,110,010,0,0,1996,1994,1984,1884,1994,1935,42.52,33.9,3405,53.203,85.12,1
2026-09-01T21:22:36.735,27.011,2,50,50,484,484,78.2,80.0,0.83,-0.53,1.68,0.44,-0.57,0.54,0.83,-0.53,-5.73,-3.58,36.62,37.62,011,100,0,0,1996,2008,2000,1886,1973,1961,42.52,33.9,3352,52.375,83.80,1
2026-09-01T21:22:36.748,27.023,2,50,50,484,484,75.6,79.0,0.22,0.12,1.46,0.38,0.23,-0.58,0.23,0.20,-6.12,-2.91,36.98,37.68,100,011,0,0,1990,1965,1995,1882,1983,1944,42.52,33.9,3349,52.328,83.72,1
2026-09-01T21:22:36.759,27.035,2,50,50,484,484,80.0,76.9,0.05,0.17,1.16,0.70,-0.07,0.46,0.05,0.17,-5.96,-3.42,37.32,37.63,010,110,0,0,1976,2000,2000,1900,1971,1935,42.52,33.9,3352,52.375,83.80,1
2026-09-01T21:22:36.771,27.046,2,50,50,484,484,70.6,72.6,0.90,-0.23,1.16,0.86,0.03,-0.54,0.90,-0.19,-6.08,-3.34,36.49,37.64,001,001,0,0,1991,1949,2040,1906,1972,1942,42.52,33.9,3349,52.328,83.72,1
2026-09-01T21:22:36.783,27.058,2,50,50,484,484,75.1,79.7,0.04,0.49,1.94,0.56,-0.02,0.16,0.04,0.49,-6.49,-3.96,37.22,37.56,110,010,0,0,2001,1949,2024,1891,1983,1943,42.52,33.9,3349,52.328,83.72,1
2026-09-01T21:22:36.794,27.070,2,50,50,463,484,77.6,79.5,0.76,-0.50,1.64,0.54,-0.41,0.48,0.76,-0.50,-6.25,-4.52,36.66,37.52,011,100,0,0,1993,2010,1984,1896,1961,1959,42.52,33.9,3352,52.375,83.80,1
2026-09-01T21:22:36.806,27.081,2,50,50,484,484,79.0,76.5,0.48,-0.18,1.00,0.54,0.79,-0.53,0.48,-0.18,-6.91,-4.10,36.70,37.57,101,001,0,0,1980,1973,2023,1892,1980,1954,42.52,33.9,3350,52.344,83.75,1
2026-09-01T21:22:36.818,27.093,2,50,50,484,484,74.7,73.1,-0.22,0.66,1.16,0.84,-0.03,0.00,-0.22,0.66,-6.64,-4.29,37.20,37.41,110,110,0,0,1988,2004,1985,1896,1977,1990,42.52,33.9,3352,52.375,83.80,1
2026-09-01T21:22:36.830,27.105,2,50,50,484,484,69.2,78.8,1.04,-0.58,1.44,0.78,-0.15,0.04,0.95,-0.65,-6.52,-4.26,36.36,37.55,001,101,0,0,2000,1992,2032,1899,1987,1947,42.52,33.9,3347,52.297,83.67,1
2026-09-01T21:22:36.842,27.117,2,50,50,484,484,77.5,73.9,0.00,0.63,1.40,0.70,0.25,-0.47,0.00,0.63,-6.80,-3.61,36.93,37.39,100,010,0,0,1987,1988,1990,1905,2001,1935,42.52,33.9,3349,52.328,83.72,1
2026-09-01T21:22:36.853,27.129,2,50,50,484,484,75.8,77.9,0.28,-0.10,1.32,0.62,-0.71,0.28,0.28,-0.10,-6.12,-3.77,36.92,37.60,010,100,0,0,2000,2034,2004,1901,1959,1947,42.52,33.9,3352,52.375,83.80,1
2026-09-01T21:22:36.865,27.140,2,50,50,463,484,71.8,79.8,0.67,-0.18,1.32,0.68,0.22,-0.84,0.67,-0.18,-6.35,-2.99,36.59,37.67,001,001,0,0,1975,1984,2026,1899,1987,1967,42.52,33.9,3350,52.344,83.75,1
2026-09-01T21:22:36.876,27.152,2,50,50,484,484,73.6,73.1,0.28,0.54,1.88,0.54,-0.37,-0.01,0.28,0.54,-5.90,-2.98,36.74,37.53,110,010,0,0,2022,1944,2060,1890,1991,1938,42.52,33.9,3351,52.359,83.78,1
2026-09-01T21:22:36.888,27.163,2,50,50,484,484,79.1,78.5,0.58,-0.81,1.16,0.30,-0.03,-0.05,0.68,-0.79,-6.13,-3.20,36.84,37.65,011,101,0,0,1987,2010,2011,1883,1975,1963,42.52,33.9,3352,52.375,83.80,1
2026-09-01T21:22:36.900,27.175,2,50,50,463,463,78.8,79.9,0.38,-0.14,1.34,0.26,0.89,0.52,0.38,-0.14,-6.61,-3.61,36.74,37.60,101,011,0,0,1979,1994,2021,1869,1916,1957,42.52,33.9,3351,52.359,83.78,1
2026-09-01T21:22:36.911,27.187,2,50,50,463,484,79.0,78.4,-0.03,0.19,1.54,0.62,0.25,0.60,-0.03,0.19,-6.77,-4.18,37.14,37.56,110,110,0,0,2001,1985,1990,1899,1975,1939,42.52,33.9,3352,52.375,83.80,1
2026-09-01T21:22:36.923,27.198,2,50,50,463,484,75.2,73.9,0.73,-0.64,1.24,0.58,0.06,-0.20,0.73,-0.64,-6.64,-4.12,36.51,37.56,011,101,0,0,1984,2003,2005,1896,1971,1960,42.52,33.9,3352,52.375,83.80,1
2026-09-01T21:22:36.935,27.210,2,50,50,484,484,72.7,76.0,0.44,0.42,1.40,0.48,0.11,-0.09,0.44,0.42,-6.72,-4.12,36.50,37.56,100,010,0,0,1997,1969,2028,1889,1988,1944,42.52,33.9,3349,52.328,83.72,1
2026-09-01T21:22:36.947,27.222,2,50,50,463,484,77.5,79.9,0.21,-0.15,1.80,0.88,-0.37,0.13,0.21,-0.15,-6.35,-4.28,36.93,37.55,010,100,0,0,2003,1976,1984,1915,1947,1951,42.52,33.9,3351,52.359,83.78,1
2026-09-01T21:22:36.958,27.233,2,50,50,463,484,77.3,77.7,1.00,-0.38,1.40,0.38,0.09,-0.51,1.00,-0.38,-6.51,-3.70,36.04,37.61,001,001,0,0,1993,1988,2026,1883,1994,1951,42.52,33.9,3350,52.344,83.75,1
2026-09-01T21:22:36.970,27.245,2,50,50,463,484,77.6,72.0,-0.10,0.66,1.16,0.92,0.52,-0.25,-0.10,0.66,-6.73,-3.62,36.90,37.34,100,110,0,0,1982,1979,2008,1897,1965,2032,42.52,33.9,3351,52.359,83.78,1
2026-09-01T21:22:36.982,27.257,2,50,50,484,484,72.3,79.7,0.74,-0.73,1.88,0.46,-0.79,-0.20,0.74,-0.73,-6.18,-3.53,36.62,37.63,010,101,0,0,2022,2040,2000,1890,1971,1961,42.52,33.9,3353,52.391,83.83,1
2026-09-01T21:22:36.993,27.268,2,50,50,484,484,68.2,79.3,0.78,0.00,1.24,0.24,-0.11,0.40,0.78,0.00,-6.11,-3.41,36.18,37.63,001,011,0,0,2007,1955,2033,1874,1960,1960,42.52,33.9,3345,52.266,83.62,1
2026-09-01T21:22:37.005,27.280,2,50,50,463,484,75.1,72.7,0.00,-0.03,1.40,0.58,-0.02,0.28,0.00,-0.03,-5.92,-3.49,36.89,37.63,110,100,0,0,2008,1952,2022,1896,1999,1967,42.52,33.9,3350,52.344,83.75,1
2026-09-01T21:22:37.017,27.292,2,50,50,463,484,78.5,79.9,0.71,-0.19,1.56,0.78,-0.01,-0.54,0.71,-0.19,-5.91,-2.96,36.54,37.67,011,001,0,0,1989,2016,1992,1904,1982,1957,42.52,33.9,3350,52.344,83.75,1
2026-09-01T21:22:37.028,27.303,2,50,50,463,484,78.2,79.1,0.30,0.56,0.96,0.62,1.04,0.00,0.30,0.56,-6.49,-3.64,36.41,37.54,101,010,0,0,1970,1992,2016,1901,1994,1931,42.52,33.9,3350,52.344,83.75,1
2026-09-01T21:22:37.040,27.315,2,50,50,463,463,78.4,76.9,-0.10,-0.76,1.54,0.36,0.22,0.91,-0.10,-0.76,-6.64,-4.56,36.85,37.51,110,100,0,0,1996,1989,1987,1883,1990,1946,42.52,33.9,3352,52.375,83.80,1
2026-09-01T21:22:37.051,27.327,2,50,50,463,463,77.6,76.0,0.90,-0.41,1.62,0.22,-0.25,-0.07,0.90,-0.41,-6.41,-4.26,36.29,37.55,011,001,0,0,2000,2009,2009,1880,1970,1950,42.52,33.9,3350,52.344,83.75,1
2026-09-01T21:22:37.063,27.338,2,50,50,484,484,67.8,78.0,0.53,0.38,1.32,0.94,0.23,0.57,0.53,0.38,-6.79,-4.39,36.20,37.44,101,110,0,0,1996,1952,2002,1897,1977,2019,42.52,33.9,3351,52.359,83.78,1
2026-09-01T21:22:37.075,27.350,2,50,50,463,484,73.1,79.5,0.13,-0.50,1.64,0.90,-0.20,-0.03,0.13,-0.50,-6.54,-4.45,36.56,37.52,110,101,0,0,2012,2000,1971,1900,1981,1954,42.52,33.9,3352,52.375,83.80,1
2026-09-01T21:22:37.087,27.362,2,50,50,463,484,69.6,77.5,1.00,0.46,1.40,0.54,-0.16,-0.54,1.00,0.46,-6.28,-3.86,35.76,37.51,011,011,0,0,1995,1999,2021,1895,1989,1946,42.52,33.9,3351,52.359,83.78,1
2026-09-01T21:22:37.098,27.373,2,50,50,463,484,75.6,73.2,0.22,-0.04,1.34,0.64,0.11,0.30,0.22,-0.04,-6.20,-4.06,36.16,37.57,100,100,0,0,2003,1987,2018,1896,1994,1972,42.52,33.9,3352,52.375,83.80,1
2026-09-01T21:22:37.110,27.385,2,50,50,463,484,77.2,79.6,0.42,-0.26,1.72,0.74,-0.38,-0.55,0.43,-0.25,-6.02,-3.31,36.23,37.64,010,001,0,0,2013,2020,1984,1897,1990,1949,42.52,33.9,3350,52.344,83.75,1
2026-09-01T21:22:37.121,27.397,2,50,50,463,484,76.7,77.9,0.83,0.38,1.16,0.36,-0.20,0.00,0.83,0.38,-5.82,-3.36,35.76,37.63,001,010,0,0,1981,1976,2035,1884,1989,1925,42.52,33.9,3350,52.344,83.75,1
2026-09-01T21:22:37.133,27.409,2,50,50,463,484,75.5,72.8,0.25,-0.78,1.44,0.36,0.00,0.18,0.25,-0.78,-5.63,-3.56,35.76,37.62,100,101,0,0,2003,1977,1984,1883,1983,1955,42.52,33.9,3351,52.359,83.78,1
2026-09-01T21:22:37.145,27.420,2,50,50,463,463,77.7,77.5,0.09,-0.05,1.10,0.84,-0.01,0.25,0.09,-0.05,-5.65,-3.27,36.54,37.61,010,011,0,0,1982,2003,1991,1876,1874,1951,42.52,33.9,3350,52.344,83.75,1
2026-09-01T21:22:37.156,27.432,2,50,50,463,484,76.5,79.8,1.03,0.45,1.36,0.68,0.05,0.38,1.03,0.45,-5.83,-4.21,35.69,37.55,001,110,0,0,1995,1969,2053,1899,1983,1931,42.52,33.9,3352,52.375,83.80,1
2026-09-01T21:22:37.168,27.443,2,50,50,463,484,77.2,79.5,0.24,-0.65,1.34,0.60,0.59,-0.01,0.24,-0.65,-6.30,-4.44,36.01,37.54,100,101,0,0,1992,1972,2024,1893,1983,1963,42.52,33.9,3352,52.375,83.80,1
2026-09-01T21:22:37.179,27.455,2,50,50,463,484,77.0,76.4,0.55,0.29,1.88,0.30,-0.29,-0.09,0.55,0.29,-6.27,-4.24,36.07,37.55,010,011,0,0,2020,2027,1978,1882,1981,1947,42.52,33.9,3350,52.344,83.75,1
2026-09-01T21:22:37.192,27.467,2,50,50,463,484,75.5,73.6,0.80,0.00,1.24,0.70,0.31,0.36,0.80,0.00,-6.21,-4.54,35.38,37.50,001,100,0,0,1967,2004,2012,1894,1978,1956,42.52,33.9,3352,52.375,83.80,1
2026-09-01T21:22:37.203,27.479,2,50,50,463,484,74.8,77.6,-0.07,-0.29,1.12,0.44,0.31,-0.55,-0.07,-0.29,-6.40,-3.99,35.82,37.58,100,001,0,0,1983,1981,1994,1888,1990,1953,42.52,33.9,3350,52.344,83.75,1
2026-09-01T21:22:37.215,27.490,2,50,50,444,484,75.8,72.0,0.14,0.73,1.24,1.10,-0.07,-0.30,0.14,0.73,-6.06,-3.63,36.11,37.26,010,110,0,0,1982,2008,1982,1902,1967,2023,42.52,33.9,3352,52.375,83.80,1
2026-09-01T21:22:37.227,27.502,2,50,50,463,484,75.1,80.0,0.72,-0.70,1.00,0.46,0.18,-0.26,0.72,-0.70,-5.99,-3.54,35.29,37.62,001,101,0,0,1976,1984,2024,1892,1959,1978,42.52,33.9,3352,52.375,83.80,1
2026-09-01T21:22:37.238,27.513,2,50,50,463,484,76.5,78.1,0.21,0.25,1.32,0.42,0.30,-0.31,0.21,0.25,-6.19,-2.97,35.56,37.65,100,011,0,0,1989,1972,2016,1879,1978,1937,42.52,33.9,3350,52.344,83.75,1
2026-09-01T21:22:37.250,27.525,2,50,50,463,484,76.8,74.1,0.33,-0.09,1.52,0.58,-0.39,0.37,0.33,-0.09,-5.85,-3.25,35.71,37.64,010,100,0,0,2005,2028,1984,1888,1991,1962,42.52,33.9,3351,52.359,83.78,1
2026-09-01T21:22:37.262,27.537,2,50,50,463,484,73.5,79.8,0.86,-0.17,1.24,0.74,-0.06,-0.76,0.82,-0.10,-5.46,-2.71,34.92,37.69,001,001,0,0,1979,1989,2016,1904,1983,1967,42.52,33.9,3350,52.344,83.75,1
2026-09-01T21:22:37.273,27.549,2,50,50,444,484,68.8,78.6,0.14,0.32,0.76,0.14,0.79,0.23,0.14,0.32,-6.08,-3.47,35.42,37.63,100,010,0,0,1969,1970,2016,1880,1990,1930,42.52,33.9,3348,52.312,83.70,1
2026-09-01T21:22:37.285,27.560,2,50,50,444,463,74.1,78.7,0.06,-0.68,1.50,0.40,-0.06,1.03,0.06,-0.68,-5.87,-4.34,35.61,37.54,110,100,0,0,2002,1995,1971,1884,1998,1952,42.52,33.9,3352,52.375,83.80,1
2026-09-01T21:22:37.296,27.571,2,50,50,444,484,74.1,76.7,0.76,-0.11,1.32,0.62,-0.03,-0.65,0.76,-0.11,-6.00,-3.60,34.97,37.62,011,001,0,0,1993,2022,1989,1896,1991,1959,42.52,33.9,3350,52.344,83.75,1
2026-09-01T21:22:37.308,27.583,2,50,50,444,484,70.2,73.0,0.74,0.62,1.04,0.78,0.51,-0.11,0.74,0.62,-6.33,-4.05,34.62,37.45,101,110,0,0,1976,1961,2059,1896,1960,2041,42.52,33.9,3350,52.344,83.75,1
2026-09-01T21:22:37.320,27.595,2,50,50,444,484,66.1,79.8,0.35,-0.73,1.66,0.46,0.03,0.14,0.35,-0.73,-6.20,-4.60,34.68,37.51,100,101,0,0,2012,1969,1983,1892,1974,1959,42.52,33.9,3352,52.375,83.80,1
2026-09-01T21:22:37.331,27.607,2,50,50,444,484,73.7,79.0,0.43,0.49,1.48,0.74,-0.67,-0.42,0.43,0.49,-5.64,-3.93,34.59,37.54,010,011,0,0,2000,2032,1983,1900,1987,1947,42.52,33.9,3350,52.344,83.75,1
2026-09-01T21:22:37.343,27.618,2,50,50,444,484,67.4,77.4,0.96,-0.09,1.32,0.34,-0.17,0.78,0.96,-0.09,-5.61,-4.39,34.12,37.53,001,110,0,0,1986,1990,2026,1886,1969,1951,42.52,33.9,3352,52.375,83.80,1
2026-09-01T21:22:37.354,27.630,2,50,50,444,484,71.6,71.0,0.58,-0.14,1.12,1.02,0.33,-0.73,0.58,-0.03,-5.94,-3.43,34.12,37.63,101,001,0,0,1983,1957,2021,1915,1961,1977,42.52,33.9,3351,52.359,83.78,1
2026-09-01T21:22:37.366,27.641,2,50,50,444,484,73.0,79.8,-0.11,0.51,1.10,0.54,0.32,-0.18,-0.11,0.51,-5.95,-3.11,34.50,37.54,110,010,0,0,1977,1957,2012,1893,1989,1929,42.52,34.1,3350,52.344,83.75,1
2026-09-01T21:22:37.378,27.653,2,50,50,444,484,66.7,76.9,0.74,-0.64,1.64,0.46,-0.64,0.34,0.74,-0.64,-5.48,-3.46,34.08,37.63,010,100,0,0,2008,2038,1993,1886,1971,1963,42.52,34.1,3352,52.375,83.80,1
2026-09-01T21:22:37.389,27.665,2,50,50,426,484,72.1,74.9,0.92,0.15,1.30,0.68,-0.07,-0.76,0.92,0.15,-5.47,-2.54,33.55,37.70,001,011,0,0,1989,1984,2036,1888,1962,1947,42.52,34.1,3349,52.328,83.72,1
2026-09-01T21:22:37.401,27.676,2,50,50,444,484,62.3,79.7,0.69,0.12,1.48,0.32,0.04,0.86,0.69,0.12,-5.30,-3.92,33.26,37.58,101,110,0,0,2001,1945,1997,1882,1975,1966,42.52,34.1,3352,52.375,83.80,1
2026-09-01T21:22:37.412,27.688,2,50,50,426,484,71.5,79.5,-0.02,-0.66,1.22,0.58,0.12,0.03,-0.02,-0.66,-5.17,-4.29,33.81,37.55,110,101,0,0,1976,1958,2016,1892,1976,1960,42.52,34.1,3354,52.406,83.85,1
2026-09-01T21:22:37.424,27.699,2,50,50,426,484,71.8,79.1,0.47,0.25,1.44,0.38,-0.16,-0.20,0.47,0.25,-5.23,-4.04,33.62,37.57,010,011,0,0,1995,2016,1978,1883,1979,1947,42.52,34.1,3350,52.344,83.75,1
2026-09-01T21:22:37.436,27.711,2,50,50,426,484,64.3,74.7,1.02,-0.22,1.32,0.30,-0.18,1.10,1.02,-0.22,-5.21,-4.96,32.97,37.46,011,110,0,0,1996,2016,2036,1876,1971,1965,42.52,34.1,3352,52.375,83.80,1
2026-09-01T21:22:37.448,27.723,2,50,50,426,484,69.4,79.6,0.64,-0.25,1.16,0.62,0.33,-0.51,0.64,-0.25,-5.71,-4.02,32.90,37.58,101,001,0,0,1985,1940,2032,1889,1981,1947,42.52,34.1,3350,52.344,83.75,1
2026-09-01T21:22:37.460,27.735,2,50,50,426,484,65.0,73.7,0.21,0.59,1.24,0.62,0.02,-0.06,0.21,0.59,-5.60,-3.95,32.83,37.42,100,010,0,0,1988,1978,1978,1898,1993,1927,42.52,34.1,3350,52.344,83.75,1
2026-09-01T21:22:37.471,27.747,2,50,50,426,484,66.4,77.9,0.18,-0.34,1.16,1.02,-0.04,-0.63,0.18,-0.34,-5.44,-3.70,32.99,37.61,010,101,0,0,1985,2004,1977,1922,1939,1977,42.52,34.1,3351,52.359,83.78,1
2026-09-01T21:22:37.483,27.758,2,50,50,410,484,67.8,80.0,0.74,0.13,1.24,0.38,-0.20,-0.33,0.74,0.13,-5.08,-3.40,32.24,37.63,011,011,0,0,1985,2016,2004,1880,1975,1943,42.52,34.1,3350,52.344,83.75,1
2026-09-01T21:22:37.495,27.770,2,50,50,410,484,67.9,75.7,1.02,0.10,1.24,0.62,-0.18,0.42,1.02,0.10,-5.00,-3.57,31.78,37.62,001,110,0,0,1984,1973,2039,1896,1969,1937,42.52,34.1,3352,52.375,83.80,1
2026-09-01T21:22:37.506,27.782,2,50,50,410,484,67.8,76.4,0.65,-0.31,1.08,0.70,0.25,-0.54,0.65,-0.31,-5.26,-2.94,31.83,37.68,101,001,0,0,1983,1952,2020,1893,1991,1946,42.52,34.1,3349,52.328,83.72,1
2026-09-01T21:22:37.518,27.793,2,50,50,410,484,67.9,80.0,0.33,0.44,1.24,0.46,0.11,0.00,0.33,0.44,-5.16,-3.07,31.89,37.64,100,010,0,0,1992,1973,1987,1890,1988,1948,42.52,34.1,3351,52.359,83.78,1
2026-09-01T21:22:37.530,27.805,2,50,50,410,463,68.8,78.8,-0.05,-0.91,1.16,0.08,0.08,1.22,-0.05,-0.91,-5.02,-4.12,32.16,37.56,110,100,0,0,1975,1991,1993,1863,1999,1940,42.52,34.1,3352,52.375,83.80,1
2026-09-01T21:22:37.542,27.817,2,50,50,410,484,68.0,71.3,0.30,0.22,1.08,0.86,-0.40,-0.89,0.30,0.22,-4.45,-3.38,31.78,37.64,010,001,0,0,1979,2012,1986,1909,1982,1971,42.52,34.1,3344,52.250,83.60,1
2026-09-01T21:22:37.553,27.828,2,50,50,395,463,64.9,80.0,0.90,-0.11,1.28,0.28,-0.29,1.62,0.90,-0.11,-4.31,-4.78,31.19,37.46,011,110,0,0,1997,2026,1976,1867,1987,2007,42.52,34.1,3352,52.375,83.80,1
2026-09-01T21:22:37.565,27.840,2,50,50,395,484,64.3,73.9,1.15,-0.33,1.32,0.82,-0.13,-0.49,1.15,-0.33,-4.33,-4.14,30.66,37.56,001,101,0,0,1990,1964,2048,1908,1954,1974,42.52,34.1,3353,52.391,83.83,1
2026-09-01T21:22:37.578,27.854,2,50,50,395,484,66.1,76.0,0.46,0.38,0.82,0.40,0.85,-0.06,0.46,0.38,-4.87,-4.13,30.89,37.56,101,010,0,0,1964,1981,2025,1887,1980,1946,42.52,34.1,3349,52.328,83.72,1
2026-09-01T21:22:37.588,27.864,2,50,50,395,484,63.2,80.0,0.45,-0.15,1.10,0.76,0.28,0.20,0.45,-0.17,-4.87,-4.19,30.75,37.55,100,100,0,0,1984,1955,2010,1908,1956,1949,42.52,34.1,3352,52.375,83.80,1
2026-09-01T21:22:37.600,27.875,2,50,50,380,484,58.2,75.5,0.11,-0.20,1.00,0.46,0.33,-0.37,0.11,-0.20,-5.06,-3.71,30.85,37.61,100,001,0,0,1978,1957,2001,1891,1982,1951,42.52,34.1,3350,52.344,83.75,1
2026-09-01T21:22:37.612,27.887,2,50,50,380,484,63.7,77.0,0.13,0.59,1.00,0.74,-0.12,0.00,0.13,0.59,-4.76,-3.45,30.53,37.28,110,110,0,0,1980,1995,1974,1897,1975,1949,42.52,34.1,3352,52.375,83.80,1
2026-09-01T21:22:37.624,27.899,2,50,50,380,484,62.9,80.0,0.28,-0.66,1.12,0.58,-0.22,-0.22,0.28,-0.66,-4.48,-3.32,30.15,37.64,010,101,0,0,1976,1990,1980,1896,1975,1959,42.52,34.1,3352,52.375,83.80,1
2026-09-01T21:22:37.635,27.910,2,50,50,380,484,59.6,76.0,0.60,0.24,1.48,0.34,-0.35,-0.17,0.60,0.24,-4.21,-3.05,29.84,37.67,010,011,0,0,1982,2022,1985,1880,1977,1943,42.52,34.1,3350,52.344,83.75,1
2026-09-01T21:22:37.647,27.923,2,50,50,380,463,61.2,79.8,0.78,-0.82,1.06,0.22,-0.13,1.19,0.78,-0.87,-4.17,-3.89,29.49,37.59,011,100,0,0,1976,2006,2028,1865,1995,1951,42.52,34.1,3352,52.375,83.80,1
2026-09-01T21:22:37.659,27.935,2,50,50,367,484,60.2,69.5,0.88,0.01,0.92,0.56,0.01,-0.63,0.88,0.01,-4.24,-3.38,29.13,37.64,001,011,0,0,1969,1991,2026,1891,1968,1944,42.52,34.1,3346,52.281,83.65,1
2026-09-01T21:22:37.671,27.946,2,50,50,367,484,60.5,78.8,0.73,0.37,0.78,0.54,0.24,0.55,0.73,0.37,-4.28,-4.17,29.04,37.56,001,110,0,0,1963,1984,2040,1891,1977,1942,42.52,34.1,3352,52.375,83.80,1
2026-09-01T21:22:37.683,27.958,2,50,50,367,484,58.6,78.4,0.72,-0.43,0.86,0.82,0.23,-0.31,0.72,-0.43,-4.24,-4.12,28.70,37.56,101,101,0,0,1965,1961,2028,1905,1965,1965,42.52,34.1,3351,52.359,83.78,1
2026-09-01T21:22:37.694,27.970,2,50,50,367,484,61.2,73.8,0.45,0.29,0.74,0.36,0.31,0.04,0.45,0.29,-4.06,-4.18,28.60,37.56,101,011,0,0,1960,1969,2015,1884,1978,1948,42.52,34.1,3351,52.359,83.78,1
2026-09-01T21:22:37.706,27.981,2,50,50,367,484,58.4,73.7,0.37,-0.09,0.70,0.56,0.25,0.53,0.37,-0.09,-3.76,-4.60,28.55,37.51,101,100,0,0,1964,1961,2010,1895,1972,1948,42.52,34.1,3351,52.359,83.78,1
2026-09-01T21:22:37.718,27.993,2,50,50,355,484,54.7,78.8,0.30,-0.18,0.70,0.88,0.31,-0.46,0.30,-0.18,-3.77,-4.02,28.36,37.58,101,001,0,0,1966,1960,2013,1906,1980,1949,42.52,34.1,3350,52.344,83.75,1
2026-09-01T21:22:37.730,28.005,2,50,50,355,484,54.0,78.4,0.40,0.72,0.92,0.78,0.21,-0.23,0.40,0.72,-3.82,-3.64,28.17,37.24,100,010,0,0,1974,1954,2004,1906,1999,1921,42.52,34.1,3409,53.266,85.22,1
2026-09-01T21:22:37.741,28.017,2,50,50,344,484,56.1,71.2,0.38,-0.70,1.06,0.54,0.10,0.00,0.38,-0.70,-3.80,-3.67,27.98,37.61,100,101,0,0,1972,1962,2078,1892,1975,1973,42.52,34.1,3353,52.391,83.83,1
2026-09-01T21:22:37.753,28.028,2,50,50,355,484,59.0,79.7,0.32,-0.04,1.10,0.28,0.37,0.41,0.32,-0.04,-4.15,-3.29,27.69,37.64,100,011,0,0,1983,1977,2006,1871,1953,1962,42.52,34.1,3352,52.375,83.80,1
2026-09-01T21:22:37.764,28.040,2,50,50,344,484,58.3,71.4,0.20,0.10,0.82,0.76,0.54,0.32,0.20,0.10,-4.18,-3.38,27.59,37.64,100,110,0,0,1962,1967,2027,1903,1966,1936,42.52,34.1,3347,52.297,83.67,1
2026-09-01T21:22:37.776,28.051,2,50,50,344,484,57.0,75.4,0.39,-0.35,0.92,0.72,0.18,-0.33,0.31,-0.33,-4.10,-3.24,27.24,37.65,100,001,0,0,1962,1965,2021,1890,1976,1937,42.52,34.1,3349,52.328,83.72,1
2026-09-01T21:22:37.788,28.063,2,50,50,344,484,54.7,79.7,0.49,0.49,1.04,0.54,-0.09,-0.03,0.49,0.49,-3.86,-3.73,26.93,37.59,100,010,0,0,1972,1963,2009,1893,1991,1939,42.52,34.1,3349,52.328,83.72,1
2026-09-01T21:22:37.800,28.075,2,50,50,344,484,53.4,77.4,0.36,-0.46,0.82,0.66,0.01,0.45,0.36,-0.46,-3.74,-4.29,26.94,37.54,100,100,0,0,1964,1967,2022,1896,1973,1950,42.52,34.1,3352,52.375,83.80,1
2026-09-01T21:22:37.811,28.086,2,50,50,333,484,50.9,73.0,0.36,0.02,0.74,0.58,0.27,-0.62,0.36,0.02,-3.79,-3.80,26.83,37.60,101,001,0,0,1964,1959,2026,1885,1982,1950,42.52,34.1,3408,53.250,85.20,1
2026-09-01T21:22:37.823,28.098,2,50,50,333,484,50.9,79.8,0.45,0.17,0.80,0.56,0.24,1.05,0.45,0.17,-3.70,-4.67,26.65,37.50,101,110,0,0,1967,1957,2016,1888,1980,1968,42.52,34.1,3352,52.375,83.80,1
2026-09-01T21:22:37.835,28.110,2,50,50,344,484,53.9,78.9,0.49,-0.74,0.76,0.60,0.09,0.08,0.49,-0.74,-3.54,-4.47,26.54,37.52,101,101,0,0,1967,1952,2004,1893,1983,1958,42.52,34.1,3352,52.375,83.80,1
2026-09-01T21:22:37.846,28.121,2,50,50,344,484,56.8,76.7,0.62,0.41,1.16,0.58,0.15,-0.44,0.62,0.41,-3.48,-3.82,26.58,37.60,101,011,0,0,1969,1952,2022,1891,1983,1947,42.52,34.1,3350,52.344,83.75,1
2026-09-01T21:22:37.858,28.133,2,50,50,344,484,56.8,71.8,0.54,-0.13,0.62,0.46,0.56,0.49,0.54,-0.13,-3.67,-4.28,26.87,37.55,101,100,0,0,1958,1967,2019,1894,1969,1945,42.52,34.1,3353,52.391,83.83,1
2026-09-01T21:22:37.869,28.144,2,50,50,344,484,55.7,79.2,0.51,-0.22,0.66,0.78,0.25,-0.50,0.51,-0.22,-3.36,-3.38,27.06,37.64,101,001,0,0,1963,1968,2012,1903,1989,1948,42.52,34.1,3350,52.344,83.75,1
2026-09-01T21:22:37.881,28.156,2,50,50,355,484,56.0,77.9,0.61,0.32,0.70,0.30,0.34,0.08,0.61,0.32,-3.31,-3.34,27.18,37.62,101,010,0,0,1956,1971,2017,1880,1983,1932,42.52,34.1,3351,52.359,83.78,1
2026-09-01T21:22:37.893,28.168,2,50,50,355,484,58.1,75.7,0.48,-0.92,0.58,0.20,0.48,0.39,0.48,-0.86,-3.42,-3.53,27.61,37.62,101,101,0,0,1952,1975,2015,1876,1981,1954,42.52,34.1,3352,52.375,83.80,1
2026-09-01T21:22:37.904,28.179,2,50,50,355,463,60.0,79.5,0.33,-0.31,0.66,0.06,0.32,0.66,0.33,-0.31,-3.41,-3.35,28.10,37.64,101,011,0,0,1960,1971,2013,1855,1894,1957,42.52,34.1,3351,52.359,83.78,1
2026-09-01T21:22:37.916,28.191,2,50,50,367,484,60.6,79.6,0.12,0.26,0.36,0.64,0.74,0.44,0.12,0.26,-3.76,-4.07,28.66,37.57,101,110,0,0,1946,1976,2009,1901,1980,1935,42.52,34.1,3352,52.375,83.80,1
2026-09-01T21:22:37.930,28.205,2,50,50,367,484,57.1,78.4,0.31,-0.55,1.04,0.62,0.31,-0.26,0.31,-0.55,-3.85,-4.00,29.05,37.58,101,101,0,0,1963,1962,2013,1898,1969,1963,42.52,34.1,3352,52.375,83.80,1
2026-09-01T21:22:37.939,28.214,2,50,50,367,484,61.9,73.8,0.05,0.27,0.72,0.34,0.52,0.13,0.05,0.33,-4.17,-4.16,29.72,37.56,100,011,0,0,1962,1993,2013,1881,1980,1956,42.52,34.1,3351,52.359,83.78,1
2026-09-01T21:22:37.950,28.226,2,50,50,380,484,56.2,77.3,0.19,-0.11,1.10,0.66,-0.02,0.55,0.19,-0.11,-3.98,-4.43,30.07,37.52,100,100,0,0,1980,1983,1987,1893,1983,1961,42.52,34.1,3345,52.266,83.62,1
2026-09-01T21:22:37.963,28.238,2,50,50,380,484,66.0,80.0,-0.41,-0.14,0.50,0.68,0.38,-0.69,-0.41,-0.14,-4.39,-3.92,31.15,37.58,110,001,0,0,1953,1969,2004,1904,1975,1970,42.52,34.1,3350,52.344,83.75,1
2026-09-01T21:22:37.973,28.249,2,50,50,395,484,65.3,77.8,0.14,0.81,0.88,0.90,-0.10,-0.27,0.14,0.81,-4.07,-3.63,31.24,37.23,010,010,0,0,1968,1984,1986,1912,2005,1914,42.52,34.1,3350,52.344,83.75,1
2026-09-01T21:22:37.985,28.260,2,50,50,410,484,64.6,71.0,0.57,-0.43,0.84,0.66,-0.19,-0.13,0.57,-0.43,-4.17,-3.79,31.39,37.60,011,101,0,0,1968,2009,1990,1901,1957,1973,42.52,34.1,3414,53.344,85.35,1
2026-09-01T21:22:37.997,28.272,2,50,50,410,484,65.5,77.5,0.71,0.07,0.78,0.36,0.09,-0.52,0.71,0.13,-4.31,-3.05,31.73,37.67,001,011,0,0,1967,1991,2017,1882,1979,1942,42.52,34.1,3349,52.328,83.72,1
2026-09-01T21:22:38.008,28.283,2,50,50,426,484,68.6,79.3,0.41,0.04,0.74,0.44,0.56,0.51,0.41,0.04,-4.69,-3.29,32.18,37.64,101,110,0,0,1962,1975,2013,1886,1970,1948,42.52,34.1,3352,52.375,83.80,1
2026-09-01T21:22:38.020,28.295,2,50,50,426,484,69.9,71.7,0.00,-0.62,0.94,0.46,0.21,-0.42,0.00,-0.62,-4.80,-3.02,33.11,37.67,100,101,0,0,1971,1978,2000,1888,1975,1961,42.52,34.1,3416,53.375,85.40,1
2026-09-01T21:22:38.031,28.307,2,50,50,426,484,62.5,76.0,0.20,-0.23,1.40,-0.50,-0.26,1.32,0.20,-0.23,-4.51,-4.16,33.60,37.56,010,010,0,0,1988,2001,1973,1841,1955,1961,42.52,33.9,3405,53.203,85.12,1
2026-09-01T21:22:38.043,28.318,2,50,50,444,463,72.5,79.3,0.57,-0.16,0.90,0.86,-0.19,0.97,0.57,-0.16,-4.48,-4.37,33.97,37.53,011,100,0,0,1972,1998,2016,1897,2007,1947,42.52,33.9,3352,52.375,83.80,1
2026-09-01T21:22:38.055,28.330,2,50,50,444,484,67.2,79.6,0.81,-0.43,1.24,0.38,-0.04,-0.42,0.81,-0.43,-4.53,-4.02,34.06,37.58,101,001,0,0,1979,2003,2018,1883,1983,1946,42.52,33.9,3408,53.250,85.20,1
2026-09-01T21:22:38.066,28.341,2,50,50,444,484,72.2,73.7,-0.29,0.57,0.68,0.62,0.71,0.12,-0.29,0.57,-5.32,-4.18,35.54,37.51,100,010,0,0,1963,1964,2018,1897,1990,1939,42.52,33.9,3350,52.344,83.75,1
2026-09-01T21:22:38.078,28.353,2,50,50,463,484,72.3,76.2,0.48,-0.62,1.42,0.64,-0.34,0.03,0.48,-0.62,-5.45,-4.44,35.99,37.53,010,101,0,0,1995,2020,1984,1893,2015,1935,42.52,33.9,3351,52.359,83.78,1
2026-09-01T21:22:38.090,28.365,2,50,50,463,484,69.0,79.6,0.62,0.32,0.82,0.62,0.46,-0.38,0.62,0.32,-6.00,-3.87,35.87,37.59,001,011,0,0,1967,1992,2029,1891,1982,1945,42.52,33.9,3350,52.344,83.75,1
2026-09-01T21:22:38.101,28.377,2,50,50,484,484,74.6,73.8,-0.23,-0.09,1.08,0.34,0.07,0.54,-0.23,-0.09,-6.10,-4.24,37.13,37.55,110,110,0,0,1982,1956,2046,1887,1969,1946,42.52,33.9,3352,52.375,83.80,1
2026-09-01T21:22:38.113,28.388,2,50,50,484,484,78.8,78.6,0.71,-0.04,1.28,0.94,-0.45,-0.70,0.71,-0.04,-5.72,-3.45,36.78,37.63,011,001,0,0,1988,2003,2016,1913,1971,1977,42.52,33.9,3350,52.344,83.75,1
2026-09-01T21:22:38.125,28.400,2,50,50,484,484,73.2,76.6,0.15,0.57,0.98,0.62,0.29,-0.12,0.15,0.57,-6.10,-3.27,37.16,37.48,100,010,0,0,1976,1992,2036,1896,1994,1926,42.52,33.9,3350,52.344,83.75,1
2026-09-01T21:22:38.137,28.412,2,50,50,507,484,78.0,76.8,-0.09,-0.80,0.80,0.38,-0.68,0.16,-0.09,-0.80,-5.77,-3.57,37.34,37.63,010,101,0,0,1984,2012,2020,1886,1985,1969,42.52,33.9,3351,52.359,83.78,1
2026-09-01T21:22:38.148,28.424,2,50,50,507,484,78.3,79.4,0.35,0.19,0.60,0.30,0.66,-0.22,0.35,0.19,-6.21,-3.02,37.27,37.67,101,011,0,0,1955,1994,2009,1883,1979,1943,42.52,33.9,3349,52.328,83.72,1
2026-09-01T21:22:38.160,28.435,2,50,50,507,484,75.8,72.5,-0.35,-0.15,0.96,0.42,-0.40,0.74,-0.35,-0.15,-5.81,-3.91,37.34,37.59,110,110,0,0,1972,2008,1994,1886,1970,1944,42.52,33.9,3353,52.391,83.83,1
2026-09-01T21:22:38.172,28.447,2,50,50,484,484,79.6,77.8,0.51,-0.47,0.68,0.46,0.01,-0.47,0.55,-0.38,-5.75,-3.65,37.26,37.61,001,001,0,0,1960,1990,2016,1888,1987,1957,42.52,33.9,3350,52.344,83.75,1
2026-09-01T21:22:38.183,28.459,2,50,50,507,484,70.9,80.0,-0.42,0.55,0.76,0.58,0.10,0.10,-0.42,0.55,-6.02,-3.88,37.31,37.57,100,010,0,0,1980,2007,2000,1898,1989,1949,42.52,33.9,3350,52.344,83.75,1
2026-09-01T21:22:38.195,28.470,2,50,50,484,484,79.8,78.2,0.11,-0.57,0.36,0.46,-0.23,0.55,0.20,-0.60,-5.96,-4.52,37.32,37.52,011,100,0,0,1944,1992,2019,1882,1975,1951,42.52,33.9,3352,52.375,83.80,1
2026-09-01T21:22:38.207,28.482,2,50,50,507,463,70.5,73.6,0.06,-0.04,0.80,0.58,0.29,-0.52,0.06,-0.04,-6.40,-4.11,37.24,37.56,101,001,0,0,1965,1969,1988,1896,1977,1963,42.52,33.9,3350,52.344,83.75,1
2026-09-01T21:22:38.218,28.494,2,50,50,507,484,80.0,78.1,-0.37,0.20,0.52,0.30,-0.38,0.67,-0.37,0.20,-6.20,-4.44,37.29,37.53,010,110,0,0,1956,1996,2020,1880,1973,1971,42.52,33.9,3352,52.375,83.80,1
2026-09-01T21:22:38.230,28.506,2,50,50,484,484,70.1,79.2,0.40,-0.16,0.52,1.22,0.19,-0.77,0.39,-0.04,-6.20,-3.59,37.28,37.62,101,101,0,0,1949,1983,2012,1927,1935,1986,42.52,33.9,3410,53.281,85.25,1
2026-09-01T21:22:38.242,28.517,2,50,50,507,484,70.8,79.0,-0.58,0.45,0.52,0.44,-0.37,-0.21,-0.58,0.45,-6.09,-3.40,37.29,37.53,110,010,0,0,1956,2008,2000,1888,1997,1922,42.52,33.9,3350,52.344,83.75,1
2026-09-01T21:22:38.254,28.529,2,50,50,507,484,79.9,79.2,0.44,-0.38,0.72,0.74,-0.12,0.38,0.44,-0.38,-5.94,-3.55,37.32,37.62,001,100,0,0,1958,1981,2016,1894,1970,1963,42.52,33.9,3353,52.391,83.83,1
2026-09-01T21:22:38.266,28.541,2,50,50,507,484,74.7,72.1,-0.61,-0.12,0.76,0.22,-0.16,-0.57,-0.61,-0.12,-5.88,-2.81,37.33,37.68,110,011,0,0,1963,1939,2087,1871,1977,1941,42.52,33.9,3350,52.344,83.75,1
2026-09-01T21:22:38.277,28.552,2,50,50,507,484,79.4,79.6,0.22,0.18,0.52,0.42,-0.39,0.56,0.22,0.18,-5.69,-3.41,37.36,37.63,011,110,0,0,1952,1982,2016,1884,1971,1959,42.52,33.9,3352,52.375,83.80,1
2026-09-01T21:22:38.289,28.564,2,50,50,507,484,78.1,75.6,0.04,-0.76,1.02,0.36,0.16,-0.14,0.04,-0.76,-5.74,-3.56,37.34,37.62,100,101,0,0,1970,1992,2004,1886,1967,1963,42.52,34.1,3351,52.359,83.78,1
2026-09-01T21:22:38.301,28.576,2,50,50,484,484,74.0,74.7,-0.50,0.23,0.16,0.14,-0.09,0.73,-0.50,0.23,-5.79,-4.12,37.36,37.56,010,010,0,0,1936,1986,2008,1879,1963,1962,42.52,34.1,3349,52.328,83.72,1
2026-09-01T21:22:38.312,28.588,2,50,50,484,484,79.8,80.0,0.07,-0.53,0.52,0.44,0.81,0.59,0.07,-0.53,-6.23,-4.50,37.27,37.52,101,100,0,0,1950,2000,2002,1888,1970,1953,42.52,34.1,3352,52.375,83.80,1
2026-09-01T21:22:38.324,28.599,2,50,50,484,484,70.1,77.5,-0.56,-0.21,0.52,0.54,-0.16,-0.47,-0.56,-0.21,-6.12,-4.04,37.29,37.57,110,001,0,0,1949,1985,2010,1888,1984,1952,42.52,33.9,3350,52.344,83.75,1
2026-09-01T21:22:38.336,28.611,2,50,50,507,484,78.7,73.1,0.45,0.62,0.60,0.74,0.06,0.02,0.48,0.46,-6.16,-4.18,37.28,37.45,001,110,0,0,1956,1982,2032,1892,1973,1987,42.52,33.9,3351,52.359,83.78,1
2026-09-01T21:22:38.348,28.623,2,50,50,484,484,78.2,79.9,-0.82,-0.28,0.56,1.02,0.01,-0.39,-0.82,-0.28,-6.32,-3.91,37.26,37.59,110,101,0,0,1948,1981,2026,1920,1951,1971,42.52,33.9,3351,52.359,83.78,1
2026-09-01T21:22:38.359,28.634,2,50,50,484,484,76.4,75.6,0.37,0.32,0.52,0.30,-0.39,-0.37,0.37,0.32,-5.96,-3.56,37.32,37.62,011,011,0,0,1958,1986,2017,1884,1978,1942,42.52,34.1,3352,52.375,83.80,1
2026-09-01T21:22:38.371,28.646,2,50,50,484,484,79.5,77.9,-0.40,-0.17,0.66,0.64,0.86,0.50,-0.40,-0.17,-6.52,-3.82,37.22,37.59,100,100,0,0,1944,2005,2036,1896,1983,1963,42.52,34.1,3352,52.375,83.80,1
2026-09-01T21:22:38.383,28.658,2,50,50,507,484,71.1,79.4,-0.04,-0.13,0.60,0.66,-0.87,-0.85,-0.04,-0.13,-5.82,-3.03,37.34,37.67,010,001,0,0,1956,2002,2036,1896,1987,1963,42.52,34.1,3352,52.375,83.80,1
2026-09-01T21:22:38.394,28.670,2,50,50,507,484,80.0,69.7,0.33,0.59,0.68,0.58,0.46,-0.13,0.33,0.59,-6.13,-3.00,37.28,37.49,101,110,0,0,1962,1981,2007,1896,1981,1939,42.52,34.1,3426,53.531,85.65,1
2026-09-01T21:22:38.406,28.681,2,50,50,507,484,74.6,79.6,-0.50,-0.87,0.60,0.28,-0.49,0.11,-0.50,-0.78,-5.67,-3.25,37.36,37.65,010,101,0,0,1981,2009,2003,1884,1987,1969,42.52,34.1,3351,52.359,83.78,1
2026-09-01T21:22:38.418,28.693,2,50,50,507,463,78.8,79.8,0.41,-0.16,0.68,0.04,0.00,0.87,0.41,-0.16,-5.54,-3.82,37.36,37.60,001,011,0,0,1957,1974,2012,1863,1917,1967,42.52,34.1,3350,52.344,83.75,1
2026-09-01T21:22:38.429,28.705,2,50,50,484,484,77.9,70.0,-0.86,-0.09,0.44,0.40,0.20,0.53,-0.86,-0.09,-5.72,-4.19,37.34,37.55,110,100,0,0,1943,1972,2043,1895,1989,1953,42.52,34.1,3416,53.375,85.40,1
2026-09-01T21:22:38.442,28.717,2,50,50,484,484,72.4,78.8,0.37,-0.38,0.52,0.62,-0.14,-0.22,0.46,-0.22,-5.81,-4.01,37.34,37.58,001,001,0,0,1956,1988,2013,1890,1981,1953,42.52,34.1,3350,52.344,83.75,1
2026-09-01T21:22:38.453,28.729,2,50,50,484,484,71.9,73.1,-0.70,0.70,0.60,0.90,0.49,-0.28,-0.70,0.70,-6.41,-4.27,37.24,37.37,100,110,0,0,1946,1988,2016,1903,1972,2032,42.52,34.1,3351,52.359,83.78,1
2026-09-01T21:22:38.465,28.741,2,50,50,484,484,79.9,80.0,0.18,-0.54,0.52,0.86,-0.40,-0.02,0.26,-0.61,-5.88,-4.39,37.33,37.53,011,101,0,0,1950,1983,2009,1900,1982,1957,42.52,34.1,3353,52.391,83.83,1
2026-09-01T21:22:38.477,28.752,2,50,50,484,484,75.1,72.3,-0.03,0.64,0.68,0.70,0.48,-0.56,-0.03,0.64,-6.38,-3.63,37.25,37.35,100,011,0,0,1964,1986,2008,1902,1994,1940,42.52,34.1,3349,52.328,83.72,1
2026-09-01T21:22:38.489,28.764,2,50,50,484,484,76.5,78.8,-0.16,-0.36,0.68,0.38,-0.62,0.53,-0.16,-0.36,-5.87,-4.16,37.33,37.56,010,100,0,0,1960,1997,2014,1886,1969,1964,42.52,34.1,3352,52.375,83.80,1
2026-09-01T21:22:38.501,28.776,2,50,50,507,484,80.0,76.0,0.43,0.11,0.84,0.86,0.31,-0.91,0.43,0.11,-6.22,-3.09,37.27,37.66,101,001,0,0,1980,1994,2006,1904,1999,1971,42.52,34.1,3350,52.344,83.75,1
2026-09-01T21:22:38.512,28.788,2,50,50,484,484,71.9,77.3,-0.60,0.43,0.40,0.58,-0.08,0.37,-0.51,0.29,-6.08,-3.31,37.29,37.62,010,110,0,0,1951,1988,2014,1892,1970,1956,42.52,34.1,3353,52.391,83.83,1
2026-09-01T21:22:38.524,28.799,2,50,50,507,484,79.4,79.7,0.40,-0.79,0.60,0.30,0.03,-0.10,0.38,-0.73,-5.85,-3.24,37.33,37.65,001,101,0,0,1954,1977,2012,1884,1973,1963,42.52,34.1,3354,52.406,83.85,1
2026-09-01T21:22:38.536,28.811,2,50,50,484,484,76.9,71.1,-0.36,0.13,1.30,0.14,-0.24,0.35,-0.36,0.13,-5.54,-3.59,37.38,37.62,110,010,0,0,1965,1951,2063,1871,1971,1943,42.52,34.1,3349,52.328,83.72,1
2026-09-01T21:22:38.548,28.823,2,50,50,507,484,72.7,80.0,0.41,-0.49,0.58,0.54,-0.34,1.16,0.41,-0.49,-5.38,-4.26,37.40,37.54,001,100,0,0,1960,2013,1990,1879,1999,1951,42.52,34.1,3353,52.391,83.83,1
2026-09-01T21:22:38.560,28.835,2,50,50,484,484,78.9,74.3,-0.91,-0.09,0.04,0.62,1.15,-0.63,-0.91,-0.09,-6.42,-3.63,37.24,37.61,100,001,0,0,1924,2000,2025,1896,1983,1957,42.52,34.1,3350,52.344,83.75,1
2026-09-01T21:22:38.571,28.847,2,50,50,484,484,77.8,76.0,0.00,0.42,0.82,0.60,-0.45,0.60,0.00,0.42,-5.48,-4.45,37.35,37.52,011,110,0,0,1952,1986,1954,1889,1977,2003,42.52,34.1,3350,52.344,83.75,1
2026-09-01T21:22:38.583,28.858,2,50,50,484,484,76.1,80.0,0.04,-0.72,0.52,0.46,0.76,-0.08,0.04,-0.72,-6.44,-4.26,37.24,37.55,101,101,0,0,1952,1992,2002,1892,1971,1957,42.52,34.1,3353,52.391,83.83,1
2026-09-01T21:22:38.595,28.870,2,50,50,507,484,79.9,74.1,-0.40,0.40,0.60,0.54,-0.32,-0.24,-0.40,0.44,-5.96,-3.81,37.32,37.55,010,011,0,0,1952,1986,2024,1890,1983,1943,42.52,34.1,3350,52.344,83.75,1
2026-09-01T21:22:38.607,28.882,2,50,50,507,484,73.3,78.1,0.57,-0.30,0.78,0.38,0.11,0.50,0.57,-0.30,-6.03,-4.20,37.29,37.55,001,100,0,0,1964,2014,2004,1888,1967,1959,42.52,34.1,3352,52.375,83.80,1
2026-09-01T21:22:38.618,28.894,2,50,50,484,484,78.2,77.9,-0.73,-0.09,0.48,0.70,-0.06,-0.71,-0.73,-0.09,-6.23,-3.39,37.27,37.64,110,001,0,0,1952,1996,2016,1896,1992,1958,42.52,34.1,3352,52.375,83.80,1
2026-09-01T21:22:38.630,28.905,2,50,50,484,484,79.8,78.3,0.25,0.49,0.64,0.62,0.23,0.18,0.25,0.49,-6.01,-3.41,37.31,37.53,001,110,0,0,1946,2009,1984,1900,1987,1935,42.52,34.1,3350,52.344,83.75,1
2026-09-01T21:22:38.642,28.917,2,50,50,484,484,77.2,73.3,-0.66,-0.44,0.60,0.70,-0.04,-0.44,-0.66,-0.44,-6.12,-3.07,37.29,37.66,110,101,0,0,1957,2007,2004,1898,1966,1962,42.52,34.1,3352,52.375,83.80,1
2026-09-01T21:22:38.654,28.929,2,50,50,484,484,77.6,76.6,0.11,0.23,0.74,0.24,0.11,0.19,0.11,0.23,-5.68,-3.18,37.36,37.65,011,010,0,0,1947,1989,1996,1878,1980,1942,42.52,34.1,3349,52.328,83.72,1
2026-09-01T21:22:38.666,28.941,2,50,50,507,463,79.9,80.0,-0.23,-0.91,0.80,0.10,0.38,1.48,-0.23,-0.91,-6.10,-4.17,37.30,37.55,100,100,0,0,1963,2002,1994,1861,2023,1959,42.52,34.1,3352,52.375,83.80,1
2026-09-01T21:22:38.677,28.953,2,50,50,484,484,69.5,69.7,0.12,0.29,0.80,0.86,-0.63,-0.91,0.12,0.29,-5.56,-3.26,37.38,37.65,010,001,0,0,1967,2002,2006,1910,1971,1955,42.52,34.1,3402,53.156,85.05,1
2026-09-01T21:22:38.689,28.964,2,50,50,484,484,79.4,78.0,0.08,0.19,0.52,0.60,0.84,1.00,0.08,0.19,-6.47,-4.11,37.23,37.57,101,110,0,0,1949,1996,2001,1877,1975,2021,42.52,34.1,3352,52.375,83.80,1
2026-09-01T21:22:38.701,28.976,2,50,50,484,484,72.0,79.9,-0.38,-0.61,0.68,0.46,-0.30,-0.14,-0.38,-0.61,-6.30,-4.28,37.26,37.55,010,101,0,0,1964,2002,2002,1893,1971,1957,42.52,34.1,3352,52.375,83.80,1
2026-09-01T21:22:38.712,28.988,2,50,50,484,484,80.0,76.4,0.38,0.26,0.60,0.44,0.22,-0.07,0.38,0.26,-6.29,-4.16,37.26,37.56,001,011,0,0,1952,2000,2004,1884,1979,1947,42.52,34.1,3350,52.344,83.75,1
2026-09-01T21:22:38.724,29.000,2,50,50,484,484,73.6,76.2,-0.41,-0.18,0.90,0.48,-0.04,0.44,-0.41,-0.18,-6.25,-4.33,37.27,37.54,110,100,0,0,1965,2000,2008,1887,1967,1943,42.52,34.1,3352,52.375,83.80,1
2026-09-01T21:22:38.736,29.011,2,50,50,484,484,79.7,80.0,0.39,-0.48,0.76,0.62,-0.34,-0.12,0.39,-0.48,-5.87,-3.84,37.21,37.59,011,001,0,0,1963,1993,2016,1885,1995,1939,42.52,34.1,3350,52.344,83.75,1
2026-09-01T21:22:38.748,29.023,2,50,50,484,484,80.0,78.2,-0.52,0.42,0.68,0.74,1.19,0.44,-0.70,0.28,-6.78,-3.77,37.18,37.52,100,110,0,0,1963,2010,2040,1899,1975,1971,42.52,34.1,3352,52.375,83.80,1
2026-09-01T21:22:38.760,29.035,2,50,50,484,484,72.5,78.7,0.21,-0.66,1.08,0.46,-0.67,-0.44,0.21,-0.66,-5.74,-3.33,37.27,37.65,010,101,0,0,1980,2010,2004,1892,1964,1979,42.52,34.1,3352,52.375,83.80,1
2026-09-01T21:22:38.771,29.047,2,50,50,484,484,78.6,71.7,0.40,0.39,0.68,0.44,0.47,-0.36,0.40,0.39,-6.14,-2.94,37.21,37.61,101,010,0,0,1963,1988,2012,1887,1983,1943,42.52,34.1,3414,53.344,85.35,1
2026-09-01T21:22:38.783,29.058,2,50,50,484,484,73.8,78.6,-0.46,-0.53,0.84,0.46,0.09,1.14,-0.46,-0.53,-5.97,-3.68,37.31,37.61,110,100,0,0,1969,1988,2004,1873,2021,1971,42.52,34.1,3352,52.375,83.80,1
2026-09-01T21:22:38.795,29.070,2,50,50,484,484,79.1,77.8,0.71,-0.17,1.00,0.62,-0.17,-0.54,0.71,-0.17,-5.68,-3.55,36.95,37.62,001,001,0,0,1976,1972,2028,1896,1979,1957,42.52,34.1,3350,52.344,83.75,1
2026-09-01T21:22:38.806,29.082,2,50,50,484,484,76.2,72.2,-0.45,0.55,0.68,0.60,0.53,0.31,-0.45,0.55,-6.33,-4.23,37.25,37.55,100,010,0,0,1960,1987,2016,1896,1991,1942,42.52,34.1,3350,52.344,83.75,1
2026-09-01T21:22:38.818,29.093,2,50,50,484,484,79.1,79.5,0.67,-0.51,1.16,0.72,-0.37,-0.16,0.67,-0.51,-5.91,-4.56,36.97,37.51,011,101,0,0,1984,2012,2000,1904,1963,1959,42.52,34.1,3350,52.344,83.75,1
2026-09-01T21:22:38.830,29.105,2,50,50,484,484,78.8,79.8,0.38,0.11,0.94,0.34,0.46,-0.12,0.38,0.11,-6.40,-4.30,36.91,37.54,101,011,0,0,1979,1970,2016,1881,1959,1950,42.52,34.1,3350,52.344,83.75,1
2026-09-01T21:22:38.842,29.117,2,50,50,484,484,76.1,70.1,0.03,0.24,1.40,0.86,-0.33,0.30,0.03,0.24,-6.11,-4.67,37.29,37.50,010,110,0,0,1985,2007,1988,1909,1970,1923,42.52,34.1,3346,52.281,83.65,1
2026-09-01T21:22:38.853,29.129,2,50,50,484,484,78.9,75.9,0.81,-0.08,1.14,1.16,-0.04,-0.50,0.83,-0.08,-6.06,-3.98,36.73,37.58,001,001,0,0,1985,1977,2030,1913,1987,1949,42.52,34.1,3349,52.328,83.72,1
2026-09-01T21:22:38.865,29.140,2,50,50,484,484,76.1,79.6,-0.21,0.54,1.04,0.52,0.47,-0.16,-0.21,0.54,-6.49,-3.78,37.23,37.41,100,010,0,0,1980,1978,2008,1892,1991,1934,42.52,34.1,3352,52.375,83.80,1
2026-09-01T21:22:38.877,29.152,2,50,50,484,484,76.2,71.0,0.55,-0.33,1.52,0.98,-0.99,-0.21,0.55,-0.33,-5.61,-3.69,36.99,37.61,011,101,0,0,1984,2004,1991,1912,1947,1973,42.52,34.1,3415,53.359,85.38,1
2026-09-01T21:22:38.888,29.164,2,50,50,484,484,79.4,76.4,0.53,0.00,1.04,0.46,0.54,-0.62,0.49,0.01,-6.43,-3.06,36.98,37.66,101,011,0,0,1983,1977,2024,1879,1959,1948,42.52,34.1,3349,52.328,83.72,1
2026-09-01T21:22:38.900,29.175,2,50,50,484,484,76.3,79.7,-0.40,0.32,0.94,0.72,0.10,0.36,-0.40,0.32,-6.25,-3.35,37.27,37.64,110,110,0,0,1976,1992,2000,1904,1975,1938,42.52,34.1,3352,52.375,83.80,1
2026-09-01T21:22:38.912,29.187,2,50,50,484,484,75.7,69.6,0.94,-0.51,1.34,0.54,-0.17,-0.48,0.94,-0.51,-5.76,-3.29,36.66,37.65,001,001,0,0,1987,1985,2031,1893,1963,1969,42.52,34.1,3349,52.328,83.72,1
2026-09-01T21:22:38.924,29.199,2,50,50,484,484,79.5,78.7,-0.25,0.46,0.92,0.46,0.52,-0.04,-0.25,0.46,-6.23,-3.78,37.27,37.60,100,010,0,0,1972,1980,2010,1889,1984,1943,42.52,34.1,3350,52.344,83.75,1
2026-09-01T21:22:38.935,29.210,2,50,50,463,484,75.8,80.0,0.25,-0.39,1.16,0.64,-0.19,0.61,0.25,-0.39,-6.15,-4.44,37.23,37.53,010,100,0,0,1983,2010,1996,1891,1977,1949,42.52,34.1,3352,52.375,83.80,1
2026-09-01T21:22:38.947,29.222,2,50,50,484,484,75.4,74.1,0.60,-0.08,0.92,0.60,0.35,-0.58,0.60,-0.08,-6.44,-3.89,36.72,37.59,101,001,0,0,1978,1973,2023,1892,1981,1954,42.52,34.1,3349,52.328,83.72,1
2026-09-01T21:22:38.959,29.234,2,50,50,484,484,80.0,75.5,-0.20,0.52,1.18,0.86,0.31,0.19,-0.20,0.52,-6.67,-4.37,37.20,37.54,110,110,0,0,1993,1976,2000,1897,1979,2019,42.52,34.1,3351,52.359,83.78,1
2026-09-01T21:22:38.970,29.246,2,50,50,484,484,72.5,79.8,0.65,-0.67,1.08,0.58,-0.05,0.04,0.65,-0.67,-6.30,-4.44,36.77,37.53,011,101,0,0,1976,1996,2012,1893,1981,1957,42.52,34.1,3352,52.375,83.80,1
2026-09-01T21:22:38.982,29.257,2,50,50,484,484,74.3,75.3,0.26,0.54,1.16,0.66,0.14,-0.58,0.26,0.54,-6.36,-3.74,36.86,37.52,100,011,0,0,1978,1974,2040,1896,1994,1938,42.52,34.1,3351,52.359,83.78,1
2026-09-01T21:22:38.994,29.269,2,50,50,484,484,79.6,75.9,0.23,-0.12,1.52,0.66,-0.57,0.44,0.28,-0.28,-5.93,-4.09,37.08,37.57,010,100,0,0,2003,2024,1997,1890,1983,1963,42.52,34.1,3351,52.359,83.78,1
2026-09-01T21:22:39.006,29.281,2,50,50,484,484,72.6,79.3,0.58,-0.23,1.14,0.68,0.24,-0.54,0.58,-0.23,-6.16,-3.23,36.75,37.65,001,001,0,0,1969,1984,2024,1891,1985,1949,42.52,34.1,3350,52.344,83.75,1
2026-09-01T21:22:39.017,29.293,2,50,50,484,484,77.2,72.1,-0.03,0.51,1.60,0.56,-0.07,-0.04,-0.03,0.51,-6.16,-3.10,37.27,37.52,110,110,0,0,1990,1960,2016,1891,1971,1987,42.52,34.1,3350,52.344,83.75,1
2026-09-01T21:22:39.029,29.304,2,50,50,484,484,78.8,79.1,0.75,-0.79,1.48,0.36,-0.37,-0.06,0.73,-0.75,-5.64,-3.27,36.78,37.65,011,101,0,0,1990,2004,2000,1884,1978,1955,42.52,34.1,3353,52.391,83.83,1
2026-09-01T21:22:39.041,29.316,2,50,50,484,463,77.2,79.9,-0.04,-0.19,0.74,0.14,1.35,0.69,-0.04,-0.19,-6.41,-3.36,37.24,37.64,101,011,0,0,1955,1988,2016,1861,1925,1965,42.52,34.1,3350,52.344,83.75,1
2026-09-01T21:22:39.052,29.327,2,50,50,484,484,69.9,74.0,0.07,0.18,1.40,0.70,-0.25,0.47,0.07,0.18,-5.97,-3.93,37.29,37.58,110,110,0,0,1997,2009,1974,1901,1971,1934,42.52,34.1,3344,52.250,83.60,1
2026-09-01T21:22:39.064,29.339,2,50,50,484,484,74.8,71.5,0.95,-0.37,1.40,0.70,-0.34,-0.42,0.95,-0.38,-6.08,-3.95,36.60,37.58,001,001,0,0,1987,2007,2003,1899,1985,1911,42.52,34.1,3350,52.344,83.75,1
2026-09-01T21:22:39.076,29.351,2,50,50,463,484,79.8,79.2,0.00,0.61,1.22,0.70,0.82,-0.10,-0.08,0.67,-6.96,-4.13,37.14,37.47,100,010,0,0,1988,1976,2032,1902,1999,1943,42.52,34.1,3350,52.344,83.75,1
2026-09-01T21:22:39.087,29.362,2,50,50,484,484,77.8,79.8,0.20,-0.49,1.16,0.46,-0.36,0.58,0.20,-0.49,-6.45,-4.61,37.06,37.51,010,100,0,0,1992,2016,1994,1889,1978,1958,42.52,34.1,3352,52.375,83.80,1
2026-09-01T21:22:39.099,29.374,2,50,50,484,484,74.4,78.5,0.92,0.00,1.28,0.78,-0.14,-0.90,0.92,0.00,-6.38,-3.80,36.41,37.60,001,001,0,0,1996,1956,2046,1908,1983,1975,42.52,34.1,3350,52.344,83.75,1
2026-09-01T21:22:39.110,29.385,2,50,50,484,484,69.6,70.3,0.12,0.74,1.56,0.86,-0.04,-0.20,0.12,0.74,-6.56,-3.73,37.05,37.24,100,010,0,0,2005,1984,1977,1905,1999,1921,42.52,34.1,3344,52.250,83.60,1
2026-09-01T21:22:39.122,29.397,2,50,50,463,484,75.5,78.7,0.72,-0.76,1.92,0.48,-0.87,-0.20,0.72,-0.69,-5.98,-3.71,36.63,37.61,011,101,0,0,1992,2004,1968,1888,1968,1956,42.52,34.1,3351,52.359,83.78,1
2026-09-01T21:22:39.133,29.409,2,50,50,484,484,78.5,79.7,0.59,0.10,1.16,0.28,0.30,-0.08,0.59,0.10,-6.35,-3.27,36.56,37.65,101,011,0,0,2000,1964,2016,1879,1974,1947,42.52,34.1,3350,52.344,83.75,1
2026-09-01T21:22:39.145,29.421,2,50,50,484,484,75.0,71.2,-0.23,-0.13,1.16,0.46,0.00,0.48,-0.23,-0.13,-6.23,-3.67,37.27,37.61,110,100,0,0,2001,2004,1983,1891,2006,1973,42.52,34.1,3353,52.391,83.83,1
2026-09-01T21:22:39.157,29.433,2,50,50,484,484,74.5,79.9,0.89,-0.31,1.24,0.62,-0.18,-0.50,0.89,-0.31,-5.81,-3.09,36.52,37.66,001,001,0,0,1992,1984,2034,1893,1987,1951,42.52,34.1,3349,52.328,83.72,1
2026-09-01T21:22:39.169,29.444,2,50,50,484,484,79.5,74.5,0.23,0.43,1.42,0.36,0.17,0.07,0.23,0.43,-6.07,-3.41,37.05,37.63,100,010,0,0,2002,1974,1989,1884,1997,1929,42.52,34.1,3351,52.359,83.78,1
2026-09-01T21:22:39.181,29.456,2,50,50,463,463,78.8,70.0,0.32,-0.83,1.80,0.36,-0.19,0.78,0.32,-0.83,-6.00,-4.48,37.06,37.52,010,101,0,0,1995,2013,1986,1879,1994,1935,42.52,34.1,3353,52.391,83.83,1
2026-09-01T21:22:39.192,29.468,2,50,50,484,463,70.0,78.6,0.99,0.09,1.46,0.46,0.23,-0.25,0.99,0.09,-6.47,-3.99,36.32,37.57,001,011,0,0,1995,1977,2038,1883,1954,1955,42.52,34.1,3350,52.344,83.75,1
2026-09-01T21:22:39.204,29.479,2,50,50,463,484,75.6,78.2,-0.15,0.09,1.32,0.58,0.53,0.70,-0.15,0.09,-7.11,-4.60,37.11,37.51,110,110,0,0,1989,1954,2008,1893,1970,1946,42.52,34.1,3351,52.359,83.78,1
2026-09-01T21:22:39.216,29.491,2,50,50,484,484,78.1,71.6,0.89,-0.28,1.56,0.78,-0.72,-0.59,0.89,-0.28,-6.25,-4.06,36.34,37.57,011,001,0,0,1999,2013,2027,1903,1984,1918,42.52,34.1,3351,52.359,83.78,1
2026-09-01T21:22:39.228,29.503,2,50,50,484,484,75.3,79.6,0.60,0.56,1.36,0.62,0.44,-0.21,0.60,0.56,-6.79,-3.89,36.39,37.47,101,010,0,0,1996,1952,2012,1896,1995,1931,42.52,34.1,3350,52.344,83.75,1
2026-09-01T21:22:39.239,29.515,2,50,50,463,484,75.2,78.4,0.14,-0.54,1.80,0.54,0.06,0.06,0.14,-0.54,-6.66,-4.09,37.01,37.57,110,100,0,0,2015,1992,1980,1894,1937,1998,42.52,34.1,3354,52.406,83.85,1
2026-09-01T21:22:39.251,29.526,2,50,50,484,484,73.3,72.4,0.95,0.04,1.56,0.66,-0.46,-0.98,0.95,0.04,-6.30,-3.15,36.30,37.66,011,001,0,0,1999,2055,1956,1892,1955,1943,42.52,34.1,3351,52.359,83.78,1
2026-09-01T21:22:39.263,29.538,2,50,50,463,484,78.4,80.1,0.29,0.27,1.46,0.56,0.33,0.37,0.29,0.27,-6.71,-3.50,36.65,37.63,100,110,0,0,1994,1979,2011,1895,1977,1945,42.52,34.1,3352,52.375,83.80,1
2026-09-01T21:22:39.274,29.550,2,50,50,484,484,79.0,78.7,0.44,-0.58,1.80,0.60,-0.79,-0.42,0.44,-0.58,-5.92,-3.18,36.78,37.65,010,101,0,0,2012,2046,2000,1892,1953,1979,42.52,34.1,3352,52.375,83.80,1
2026-09-01T21:22:39.286,29.561,2,50,50,484,484,77.9,74.5,0.66,0.12,1.04,0.24,0.10,0.21,0.66,0.12,-5.99,-3.27,36.52,37.65,001,011,0,0,1974,1987,2019,1876,1968,1948,42.52,34.1,3350,52.344,83.75,1
2026-09-01T21:22:39.298,29.573,2,50,50,484,463,71.3,75.6,0.13,-0.28,1.48,0.68,0.02,0.76,0.13,-0.28,-6.20,-3.68,36.90,37.61,100,100,0,0,2012,1984,1970,1880,2031,1967,42.52,34.1,3351,52.359,83.78,1
2026-09-01T21:22:39.309,29.584,2,50,50,463,484,69.6,80.0,0.37,-0.11,1.32,0.78,-0.04,-0.73,0.37,-0.11,-6.21,-3.64,37.06,37.62,011,001,0,0,1987,2017,1980,1907,1977,1977,42.52,34.1,3351,52.359,83.78,1
2026-09-01T21:22:39.321,29.596,2,50,50,484,484,77.2,76.5,0.66,0.58,0.98,0.62,0.69,0.14,0.66,0.58,-6.76,-4.07,36.57,37.52,101,010,0,0,1981,1976,2024,1901,1990,1934,42.52,34.1,3349,52.328,83.72,1
2026-09-01T21:22:39.333,29.608,2,50,50,463,484,79.9,73.5,0.11,-0.64,1.72,0.52,0.08,0.07,0.11,-0.64,-6.84,-4.31,37.09,37.55,110,101,0,0,2014,1993,1977,1890,1971,1965,42.52,34.1,3351,52.359,83.78,1
2026-09-01T21:22:39.345,29.620,2,50,50,463,484,75.2,79.7,0.82,0.13,1.40,0.46,-0.26,-0.11,0.82,0.13,-6.50,-3.95,36.45,37.58,011,011,0,0,1992,2004,2016,1884,1961,1951,42.52,34.1,3350,52.344,83.75,1
2026-09-01T21:22:39.356,29.631,2,50,50,484,484,69.6,79.0,0.60,-0.06,1.80,0.38,0.20,0.88,0.60,-0.06,-6.68,-4.42,36.22,37.53,101,110,0,0,2007,1941,2007,1881,1970,1955,42.52,34.1,3352,52.375,83.80,1
2026-09-01T21:22:39.368,29.643,2,50,50,484,484,71.5,71.2,0.08,0.11,1.32,1.38,-0.40,-0.88,0.08,0.11,-6.32,-3.55,36.97,37.62,110,101,0,0,2001,2029,1976,1935,1935,1998,42.52,34.1,3338,52.156,83.45,1
2026-09-01T21:22:39.380,29.655,2,50,50,463,484,75.6,78.3,0.82,0.45,1.12,0.48,0.07,-0.19,0.82,0.45,-6.43,-3.38,36.33,37.50,001,010,0,0,1986,1995,2020,1890,1990,1938,42.52,34.1,3349,52.328,83.72,1
2026-09-01T21:22:39.392,29.667,2,50,50,463,484,78.3,79.7,0.42,-0.53,1.62,0.46,0.20,0.51,0.42,-0.53,-6.75,-3.59,36.61,37.63,100,100,0,0,2020,1960,1995,1886,1975,1964,42.52,34.1,3352,52.375,83.80,1
2026-09-01T21:22:39.403,29.678,2,50,50,484,484,68.6,77.3,0.88,-0.01,1.96,0.54,-1.01,-0.54,0.88,-0.01,-5.93,-2.71,36.32,37.69,010,011,0,0,2025,2046,2008,1880,1963,1947,42.52,34.1,3349,52.328,83.72,1
2026-09-01T21:22:39.415,29.690,2,50,50,463,484,71.0,79.6,0.85,0.21,1.16,0.54,0.17,0.76,0.85,0.21,-6.02,-3.42,36.10,37.63,001,110,0,0,1985,1984,2034,1888,1970,1969,42.52,34.1,3352,52.375,83.80,1
2026-09-01T21:22:39.426,29.702,2,50,50,463,484,73.6,76.7,0.12,-0.67,1.58,0.30,-0.19,-0.17,0.12,-0.67,-6.04,-3.76,36.62,37.61,110,101,0,0,2008,1962,2005,1890,1965,1971,42.52,34.1,3351,52.359,83.78,1
2026-09-01T21:22:39.438,29.713,2,50,50,463,463,77.0,69.9,0.79,0.46,1.48,0.52,-0.19,0.08,0.79,0.46,-5.91,-3.99,36.45,37.58,011,010,0,0,2001,2023,1987,1891,1971,1957,42.52,34.1,3351,52.359,83.78,1
2026-09-01T21:22:39.450,29.725,2,50,50,463,463,77.5,76.2,0.75,-0.16,1.24,0.58,0.63,0.56,0.75,-0.35,-6.68,-4.62,36.25,37.50,101,100,0,0,1990,1973,2033,1888,1988,1959,42.52,34.1,3351,52.359,83.78,1
2026-09-01T21:22:39.461,29.737,2,50,50,463,484,78.7,79.8,-0.05,-0.20,1.44,0.78,0.21,-0.47,-0.05,-0.20,-6.76,-4.10,36.62,37.57,110,001,0,0,1999,1978,1986,1905,1975,1954,42.52,34.1,3350,52.344,83.75,1
2026-09-01T21:22:39.473,29.748,2,50,50,463,484,76.9,78.6,1.11,0.66,1.76,0.62,-0.72,-0.14,1.11,0.68,-6.13,-4.10,35.70,37.32,011,010,0,0,2014,2018,2024,1900,2001,1920,42.52,34.1,3350,52.344,83.75,1
2026-09-01T21:22:39.485,29.760,2,50,50,463,484,76.9,73.9,0.66,-0.24,1.14,0.90,0.38,-0.07,0.66,-0.24,-6.65,-4.07,35.71,37.58,101,100,0,0,1988,1961,2026,1913,1949,1963,42.52,34.1,3352,52.375,83.80,1
2026-09-01T21:22:39.496,29.772,2,50,50,463,484,77.1,76.7,-0.05,0.17,1.32,0.54,-0.10,-0.73,-0.05,0.17,-6.37,-3.49,36.26,37.63,110,011,0,0,1995,1996,1984,1891,1989,1951,42.52,34.1,3349,52.328,83.72,1
2026-09-01T21:22:39.508,29.783,2,50,50,463,484,75.9,79.9,0.70,0.18,1.32,0.56,-0.14,0.52,0.70,0.18,-5.93,-3.70,35.70,37.56,011,110,0,0,1984,2002,2005,1888,1969,1955,42.52,34.1,3352,52.375,83.80,1
2026-09-01T21:22:39.520,29.795,2,50,50,463,484,76.3,78.8,0.55,-0.59,1.24,0.70,0.33,-0.40,0.55,-0.59,-6.07,-3.13,35.56,37.66,101,101,0,0,1980,1968,2022,1897,1969,1966,42.52,34.1,3352,52.375,83.80,1
2026-09-01T21:22:39.532,29.807,2,50,50,463,484,76.7,71.7,0.15,0.37,1.56,0.38,-0.01,-0.36,0.15,0.37,-5.77,-2.90,35.78,37.65,110,010,0,0,1999,1983,1995,1887,1980,1941,42.52,34.1,3415,53.359,85.38,1
2026-09-01T21:22:39.543,29.818,2,50,50,463,463,75.4,74.1,0.99,-0.29,1.56,0.50,-0.51,1.48,1.13,-0.97,-5.21,-3.96,35.24,37.58,011,100,0,0,2008,2008,2030,1860,2015,1963,42.52,34.1,3352,52.375,83.80,1
2026-09-01T21:22:39.555,29.830,2,50,50,463,484,73.6,71.3,0.26,0.11,0.84,0.70,0.74,-0.70,0.26,0.11,-5.90,-3.43,35.66,37.63,101,001,0,0,1975,1984,2011,1903,1987,1966,42.52,34.1,3345,52.266,83.62,1
2026-09-01T21:22:39.567,29.842,2,50,50,463,484,74.4,77.0,0.20,0.44,1.78,0.68,-0.22,0.45,0.20,0.44,-5.62,-4.34,35.95,37.54,110,110,0,0,2019,2010,1955,1893,1975,1963,42.52,34.1,3351,52.359,83.78,1
2026-09-01T21:22:39.578,29.854,2,50,50,463,484,76.1,79.8,0.85,-0.66,1.38,0.72,0.03,0.16,0.85,-0.66,-6.02,-4.37,35.39,37.53,011,101,0,0,2000,2016,2000,1899,1991,1947,42.52,34.1,3352,52.375,83.80,1
2026-09-01T21:22:39.590,29.865,2,50,50,463,484,75.1,79.5,0.78,0.16,1.26,0.30,0.26,0.01,0.78,0.16,-6.31,-4.26,35.15,37.55,101,011,0,0,2008,1965,2025,1880,1976,1954,42.52,34.1,3351,52.359,83.78,1
2026-09-01T21:22:39.601,29.877,2,50,50,463,484,69.0,78.2,0.14,0.08,1.40,0.52,-0.08,0.59,0.14,0.08,-6.21,-4.57,35.49,37.51,100,110,0,0,1998,1988,1972,1890,1972,1947,42.52,34.1,3410,53.281,85.25,1
2026-09-01T21:22:39.613,29.888,2,50,50,463,484,66.8,71.6,0.68,-0.48,1.48,0.54,-0.71,-0.40,0.68,-0.48,-5.81,-4.03,35.43,37.57,010,101,0,0,2001,2031,1998,1889,1993,1903,42.52,34.1,3346,52.281,83.65,1
2026-09-01T21:22:39.625,29.900,2,50,50,463,484,66.5,79.5,0.86,0.64,1.20,0.66,0.06,-0.25,0.86,0.64,-5.90,-3.65,35.14,37.33,101,010,0,0,1993,1966,2028,1903,1999,1934,42.49,34.1,3345,52.266,83.62,1
2026-09-01T21:22:39.636,29.912,2,50,50,463,484,69.2,77.7,-0.09,-0.49,1.16,0.68,0.17,0.25,-0.09,-0.49,-6.13,-3.79,36.00,37.57,100,100,0,0,1984,1981,2000,1894,1964,1972,42.49,34.1,3352,52.375,83.80,1
2026-09-01T21:22:39.648,29.923,2,50,50,463,484,70.9,73.7,0.69,0.06,1.64,0.62,-0.62,-0.94,0.69,0.06,-5.64,-2.89,36.02,37.65,011,011,0,0,1996,2016,1992,1884,1956,1947,42.49,34.1,3347,52.297,83.67,1
2026-09-01T21:22:39.660,29.935,2,50,50,484,484,78.3,79.7,0.34,0.18,0.74,0.64,0.66,0.42,0.34,0.18,-6.14,-3.42,36.56,37.60,101,110,0,0,1964,1981,2011,1894,1968,1944,42.49,34.1,3352,52.375,83.80,1
2026-09-01T21:22:39.671,29.947,2,50,50,484,484,79.9,77.9,-0.17,-0.70,1.64,0.50,0.16,-0.37,-0.17,-0.70,-5.98,-3.32,37.29,37.62,110,101,0,0,1982,1982,2008,1892,1959,1974,42.49,34.1,3353,52.391,83.83,1
2026-09-01T21:22:39.683,29.958,2,50,50,484,463,70.5,74.9,0.53,0.00,0.78,-0.04,-0.26,0.84,0.53,0.00,-5.42,-4.08,37.09,37.54,011,011,0,0,1965,1992,2008,1865,1939,1973,42.49,34.1,3351,52.359,83.78,1
2026-09-01T21:22:39.695,29.970,2,50,50,484,463,79.9,76.0,-0.64,0.08,0.62,1.14,0.93,0.53,-0.64,0.08,-6.13,-4.53,37.26,37.49,100,100,0,0,1943,2002,2024,1905,2027,1957,42.49,34.1,3351,52.359,83.78,1
2026-09-01T21:22:39.706,29.982,2,50,50,484,484,69.8,79.8,-0.23,-0.34,0.24,0.62,-0.18,-0.28,-0.23,-0.34,-5.78,-4.37,37.32,37.51,011,001,0,0,1939,1995,2003,1891,1987,1947,42.49,34.1,3351,52.359,83.78,1
2026-09-01T21:22:39.718,29.993,2,50,50,507,484,80.0,78.0,0.19,0.67,0.44,0.74,0.69,-0.13,0.19,0.70,-6.40,-4.30,37.22,37.32,101,010,0,0,1952,1994,2004,1904,2003,1923,42.49,34.1,3352,52.375,83.80,1
2026-09-01T21:22:39.733,30.008,2,50,50,484,484,73.4,73.4,-0.30,-0.40,0.74,0.90,-0.33,-0.19,-0.30,-0.40,-6.07,-4.24,37.27,37.52,010,101,0,0,1967,1992,2004,1909,2017,1931,42.49,34.1,3349,52.328,83.72,1
2026-09-01T21:22:39.742,30.017,2,50,50,484,484,77.3,80.0,0.50,0.29,0.64,0.50,0.01,-0.67,0.50,0.29,-6.04,-3.62,37.22,37.59,001,011,0,0,1959,1984,2017,1891,1983,1947,42.49,34.1,3350,52.344,83.75,1
2026-09-01T21:22:39.753,30.029,2,50,50,484,484,79.4,70.7,-0.82,-0.10,0.60,0.56,0.10,0.51,-0.82,-0.10,-6.14,-4.07,37.26,37.54,110,100,0,0,1951,1986,2028,1894,1967,1951,42.49,34.1,3346,52.281,83.65,1
2026-09-01T21:22:39.765,30.040,2,50,50,484,484,69.9,79.6,0.32,-0.21,0.36,0.68,-0.26,-0.48,0.32,-0.21,-5.87,-3.23,37.30,37.62,001,001,0,0,1947,1983,2011,1897,1982,1947,42.49,34.1,3409,53.266,85.22,1
2026-09-01T21:22:39.777,30.052,2,50,50,507,484,79.7,75.8,-0.13,0.51,1.28,0.54,0.14,-0.18,-0.13,0.51,-6.00,-2.93,37.28,37.52,100,010,0,0,1968,2002,1992,1892,1997,1917,42.49,34.1,3350,52.344,83.75,1
2026-09-01T21:22:39.789,30.064,2,50,50,507,484,75.7,76.5,0.09,-0.81,0.72,0.36,-1.00,0.02,0.09,-0.81,-5.43,-3.11,37.37,37.63,011,101,0,0,1956,1988,2000,1880,1986,1961,42.49,34.1,3350,52.344,83.75,1
2026-09-01T21:22:39.800,30.076,2,50,50,507,463,72.8,79.8,0.13,-0.31,0.76,-0.18,0.26,1.08,0.13,-0.31,-5.82,-3.55,37.31,37.60,101,011,0,0,1967,1968,1996,1856,1887,1963,42.49,34.1,3349,52.328,83.72,1
2026-09-01T21:22:39.812,30.087,2,50,50,484,484,78.7,72.5,-0.69,0.24,0.64,0.94,0.00,0.38,-0.69,0.24,-5.57,-3.97,37.35,37.58,010,110,0,0,1936,1933,2038,1912,1967,1919,42.52,34.1,3352,52.375,83.80,1
2026-09-01T21:22:39.824,30.099,2,50,50,507,484,71.4,76.0,0.41,-0.47,0.62,0.60,0.13,-0.27,0.40,-0.51,-5.77,-4.17,37.34,37.56,101,001,0,0,1958,1978,2015,1886,1991,1926,42.52,34.1,3406,53.219,85.15,1
2026-09-01T21:22:39.835,30.111,2,50,50,484,484,79.5,79.4,-0.75,0.57,0.34,0.54,0.15,0.03,-0.75,0.57,-6.20,-4.14,37.28,37.49,110,010,0,0,1944,1984,2019,1897,1991,1939,42.52,34.1,3350,52.344,83.75,1
2026-09-01T21:22:39.847,30.123,2,50,50,507,484,79.5,73.7,0.49,-0.48,0.60,0.74,-0.06,-0.04,0.49,-0.48,-6.06,-4.51,37.30,37.52,001,101,0,0,1960,1988,2016,1904,1963,1962,42.52,34.1,3351,52.359,83.78,1
2026-09-01T21:22:39.859,30.134,2,50,50,507,484,71.8,79.8,-0.48,0.60,0.80,0.86,-0.17,-0.79,-0.48,0.60,-6.23,-3.89,37.27,37.46,100,011,0,0,1973,2017,1984,1912,1991,1957,42.52,34.1,3345,52.266,83.62,1
2026-09-01T21:22:39.871,30.146,2,50,50,484,484,80.0,77.2,0.33,-0.31,0.84,0.22,-0.40,1.30,0.33,-0.31,-5.93,-4.73,37.32,37.49,011,110,0,0,1964,1995,2006,1872,1971,1967,42.52,34.1,3352,52.375,83.80,1
2026-09-01T21:22:39.882,30.158,2,50,50,484,484,73.9,76.7,-0.20,0.00,0.44,1.10,0.48,-0.83,-0.22,0.00,-6.57,-3.56,37.21,37.62,100,001,0,0,1950,1986,2002,1914,1973,1955,42.52,34.1,3347,52.297,83.67,1
2026-09-01T21:22:39.894,30.169,2,50,50,507,484,79.3,79.9,-0.25,0.41,0.68,0.38,-0.55,-0.01,-0.25,0.41,-6.16,-3.47,37.28,37.59,010,010,0,0,1972,2000,2024,1888,1983,1941,42.52,34.1,3350,52.344,83.75,1
2026-09-01T21:22:39.905,30.181,2,50,50,484,484,72.0,77.7,0.30,-0.61,0.48,0.46,0.41,0.45,0.30,-0.61,-6.32,-3.72,37.26,37.60,101,100,0,0,1948,2002,2012,1888,1975,1955,42.52,34.1,3353,52.391,83.83,1
2026-09-01T21:22:39.917,30.193,2,50,50,507,484,78.7,75.0,-0.64,0.16,0.60,0.68,-0.21,-0.77,-0.64,0.16,-5.91,-2.80,37.32,37.68,110,011,0,0,1950,2000,2018,1885,1955,1943,42.52,34.1,3349,52.328,83.72,1
2026-09-01T21:22:39.929,30.205,2,50,50,507,484,78.8,79.6,0.45,0.00,0.64,0.30,-0.08,0.93,0.45,0.00,-5.71,-3.94,37.34,37.58,001,110,0,0,1960,1977,2017,1881,1973,1959,42.52,34.1,3352,52.375,83.80,1
2026-09-01T21:22:39.941,30.216,2,50,50,507,484,75.5,75.3,-0.72,-0.68,0.36,0.58,0.52,-0.04,-0.72,-0.68,-6.18,-4.09,37.28,37.57,100,101,0,0,1940,2008,2008,1892,1974,1955,42.52,34.1,3353,52.391,83.83,1
2026-09-01T21:22:39.952,30.228,2,50,50,484,484,78.1,71.4,-0.01,0.39,0.36,0.46,-0.15,-0.07,-0.01,0.39,-5.96,-3.88,37.32,37.59,011,010,0,0,1944,1995,2002,1888,1981,1947,42.52,34.1,3348,52.312,83.70,1
2026-09-01T21:22:39.968,30.243,2,50,50,507,484,70.5,79.5,0.01,-0.39,0.84,0.46,0.31,0.79,0.01,-0.39,-6.35,-4.71,37.25,37.49,101,100,0,0,1968,1968,1995,1884,1981,1959,42.52,34.1,3352,52.375,83.80,1
2026-09-01T21:22:39.976,30.251,2,50,50,507,484,80.0,76.5,-0.20,-0.10,0.72,0.62,-0.48,-0.63,-0.20,-0.10,-6.01,-4.03,37.31,37.57,010,001,0,0,1962,1994,2012,1896,1981,1955,42.52,34.1,3350,52.344,83.75,1
2026-09-01T21:22:39.988,30.263,2,50,50,484,484,70.1,71.7,0.41,0.43,0.58,0.52,0.28,0.18,0.37,0.39,-6.16,-4.17,37.28,37.53,101,110,0,0,1960,1983,2029,1892,1962,2012,42.52,34.1,3351,52.359,83.78,1
2026-09-01T21:22:39.999,30.275,2,50,50,484,484,79.0,80.0,-0.64,-0.19,0.48,1.18,0.07,-0.66,-0.64,-0.19,-6.16,-3.80,37.28,37.60,110,101,0,0,1948,1988,2018,1930,1936,1981,42.52,34.1,3353,52.391,83.83,1
2026-09-01T21:22:40.011,30.286,2,50,50,484,484,78.1,72.8,0.34,0.27,0.44,0.38,0.08,-0.26,0.34,0.27,-6.02,-3.54,37.31,37.62,001,010,0,0,1951,1992,2005,1881,1978,1941,42.52,34.1,3415,53.359,85.38,1
2026-09-01T21:22:40.023,30.298,2,50,50,507,484,69.7,79.3,-0.41,-0.24,0.96,0.62,-0.16,0.55,-0.41,-0.24,-6.03,-3.75,37.30,37.60,100,100,0,0,1973,2018,1984,1896,1979,1961,42.52,34.1,3346,52.281,83.65,1
2026-09-01T21:22:40.034,30.310,2,50,50,507,484,80.0,78.1,0.31,-0.15,0.80,0.62,-0.71,-0.75,0.31,-0.15,-5.47,-2.86,37.38,37.68,011,001,0,0,1953,1984,2028,1889,1993,1951,42.52,34.1,3350,52.344,83.75,1
2026-09-01T21:22:40.046,30.322,2,50,50,507,484,74.7,75.2,0.02,0.44,0.68,0.46,0.24,0.19,0.02,0.44,-5.84,-3.10,37.34,37.64,100,110,0,0,1962,1992,2021,1892,1982,1943,42.52,34.1,3349,52.328,83.72,1
2026-09-01T21:22:40.058,30.333,2,50,50,484,484,79.9,80.0,-0.65,-0.86,0.32,0.38,0.06,0.18,-0.65,-0.86,-5.82,-3.82,37.34,37.60,010,101,0,0,1936,1971,2017,1888,1971,1965,42.52,34.1,3352,52.375,83.80,1
2026-09-01T21:22:40.069,30.345,2,50,50,507,463,74.5,79.4,0.53,-0.07,0.76,0.06,-0.12,0.80,0.53,-0.07,-5.74,-3.91,37.29,37.59,001,011,0,0,1968,2054,1997,1864,1925,1973,42.52,34.1,3349,52.328,83.72,1
2026-09-01T21:22:40.081,30.356,2,50,50,484,484,80.0,72.2,-0.86,-0.14,0.42,0.46,0.76,0.73,-0.86,-0.14,-6.52,-4.28,37.21,37.55,110,110,0,0,1936,1949,2042,1888,1969,1945,42.52,34.1,3352,52.375,83.80,1
2026-09-01T21:22:40.093,30.368,2,50,50,507,484,74.9,78.0,0.34,-0.17,0.44,0.92,-0.09,-0.44,0.41,-0.17,-6.16,-3.97,37.28,37.58,001,001,0,0,1952,1988,2010,1904,1983,1949,42.52,34.1,3349,52.328,83.72,1
2026-09-01T21:22:40.105,30.380,2,50,50,484,484,76.1,78.1,-0.45,0.71,0.72,0.78,0.20,-0.16,-0.45,0.71,-6.45,-3.99,37.23,37.41,100,010,0,0,1960,2008,2000,1908,2001,1921,42.52,34.1,3350,52.344,83.75,1
2026-09-01T21:22:40.116,30.391,2,50,50,484,484,77.9,70.8,0.05,-0.25,0.56,0.94,-0.69,-0.09,0.05,-0.25,-5.72,-3.92,37.35,37.58,011,101,0,0,1960,1986,1993,1918,1957,1975,42.52,34.1,3346,52.281,83.65,1
2026-09-01T21:22:40.128,30.403,2,50,50,507,484,70.5,79.2,-0.17,0.22,0.76,0.54,0.60,-0.65,-0.17,0.22,-6.36,-3.38,37.25,37.64,101,011,0,0,1949,1984,2000,1888,1985,1947,42.52,34.1,3350,52.344,83.75,1
2026-09-01T21:22:40.140,30.415,2,50,50,507,484,79.4,75.6,-0.02,0.04,1.00,0.54,-0.94,0.37,-0.02,0.04,-5.85,-3.62,37.33,37.62,010,110,0,0,1972,2024,2032,1890,1965,1933,42.52,34.1,3352,52.375,83.80,1
2026-09-01T21:22:40.152,30.427,2,50,50,507,484,77.4,77.5,0.34,-0.16,0.32,0.70,0.64,-0.62,0.34,-0.16,-6.35,-2.94,37.25,37.68,101,001,0,0,1952,1992,2006,1907,1973,1973,42.52,34.1,3349,52.328,83.72,1
2026-09-01T21:22:40.163,30.438,2,50,50,507,484,76.9,79.7,-0.65,0.47,0.60,0.46,-0.27,-0.06,-0.65,0.47,-5.87,-3.18,37.33,37.61,110,010,0,0,1956,2004,2001,1890,1993,1925,42.52,34.1,3350,52.344,83.75,1
2026-09-01T21:22:40.176,30.451,2,50,50,484,484,77.0,75.6,0.48,-0.68,0.54,0.38,-0.08,0.22,0.50,-0.68,-5.65,-3.56,37.33,37.62,001,100,0,0,1957,1988,2010,1888,1974,1962,42.52,34.1,3351,52.359,83.78,1
2026-09-01T21:22:40.186,30.462,2,50,50,507,484,72.6,75.4,-0.52,0.10,0.66,0.60,0.18,-0.47,-0.52,0.10,-6.08,-3.20,37.29,37.65,100,011,0,0,1960,1996,2000,1885,1939,1951,42.52,34.1,3349,52.328,83.72,1
2026-09-01T21:22:40.198,30.474,2,50,50,484,484,80.0,79.6,0.17,0.33,0.36,0.74,-0.06,0.49,0.17,0.33,-6.07,-4.01,37.30,37.58,011,110,0,0,1944,1993,2008,1902,1981,1939,42.52,34.1,3352,52.375,83.80,1
2026-09-01T21:22:40.210,30.485,2,50,50,507,484,72.0,75.3,0.05,-0.33,0.68,0.86,0.31,-0.37,0.05,-0.33,-6.47,-4.03,37.24,37.58,100,101,0,0,1979,1975,1986,1914,1963,1967,42.52,34.1,3346,52.281,83.65,1
2026-09-01T21:22:40.222,30.497,2,50,50,507,484,79.3,76.0,-0.30,0.38,0.54,0.36,-0.49,0.06,-0.30,0.38,-6.12,-4.18,37.29,37.56,010,010,0,0,1955,2000,2025,1888,1985,1939,42.52,34.1,3349,52.328,83.72,1
2026-09-01T21:22:40.233,30.509,2,50,50,484,484,73.5,79.8,0.42,-0.14,0.62,0.76,0.14,0.26,0.42,-0.14,-6.22,-4.43,37.27,37.53,101,100,0,0,1956,1985,2012,1908,1959,1957,42.52,34.1,3352,52.375,83.80,1
2026-09-01T21:22:40.245,30.520,2,50,50,507,484,79.2,78.6,-0.87,-0.09,0.36,0.62,0.03,-0.78,-0.87,-0.09,-6.24,-3.67,37.27,37.61,110,001,0,0,1948,1994,2016,1900,1987,1965,42.52,34.1,3352,52.375,83.80,1
2026-09-01T21:22:40.257,30.532,2,50,50,507,484,79.5,76.3,0.37,0.47,0.46,0.78,-0.10,0.31,0.37,0.47,-5.97,-3.65,37.32,37.35,001,110,0,0,1946,1988,2020,1892,1971,1985,42.52,34.1,3351,52.359,83.78,1
2026-09-01T21:22:40.268,30.543,2,50,50,484,484,77.3,79.7,-0.56,-0.70,0.60,0.54,0.40,-0.19,-0.56,-0.70,-6.38,-3.61,37.24,37.62,100,101,0,0,1952,2000,2004,1894,1968,1959,42.52,34.1,3354,52.406,83.85,1
2026-09-01T21:22:40.280,30.555,2,50,50,484,484,76.8,78.0,0.10,0.33,1.10,0.48,-0.42,-0.28,0.10,0.33,-5.53,-3.02,37.38,37.67,011,011,0,0,1954,1984,1979,1884,1979,1939,42.52,34.1,3349,52.328,83.72,1
2026-09-01T21:22:40.292,30.567,2,50,50,507,484,78.9,79.9,-0.10,-0.86,0.90,0.20,0.25,1.13,-0.10,-0.86,-5.95,-3.74,37.32,37.60,100,100,0,0,1971,1992,2010,1873,2003,1970,42.52,34.1,3352,52.375,83.80,1
2026-09-01T21:22:40.304,30.579,2,50,50,484,484,79.0,77.2,-0.63,0.13,0.12,0.94,0.07,-0.90,-0.63,0.13,-5.95,-2.96,37.32,37.67,010,001,0,0,1932,1980,2024,1912,1987,1973,42.52,34.1,3350,52.344,83.75,1
2026-09-01T21:22:40.315,30.590,2,50,50,507,484,73.1,75.3,0.43,0.45,0.66,0.44,0.02,0.36,0.43,0.45,-5.80,-4.05,37.34,37.57,001,010,0,0,1961,1970,2020,1888,1983,1943,42.52,34.1,3350,52.344,83.75,1
2026-09-01T21:22:40.327,30.602,2,50,50,484,484,78.9,76.1,-0.70,-0.60,0.56,0.64,0.09,0.07,-0.70,-0.60,-6.26,-4.18,37.26,37.56,110,101,0,0,1953,1990,2017,1897,1971,1959,42.52,34.1,3351,52.359,83.78,1
2026-09-01T21:22:40.338,30.614,2,50,50,484,484,74.7,79.4,0.44,0.02,0.76,0.30,-0.33,-0.01,0.44,0.02,-5.91,-4.16,37.32,37.56,001,011,0,0,1971,2019,1965,1879,1953,1957,42.52,34.1,3351,52.359,83.78,1
2026-09-01T21:22:40.351,30.626,2,50,50,484,484,78.2,78.3,-0.56,-0.29,1.08,0.54,0.03,0.71,-0.56,-0.29,-6.18,-4.70,37.24,37.50,110,100,0,0,1963,1952,2057,1889,1983,1963,42.52,34.1,3351,52.359,83.78,1
2026-09-01T21:22:40.362,30.638,2,50,50,484,484,76.5,79.6,0.41,-0.11,0.52,0.62,-0.29,-0.78,0.41,-0.11,-5.95,-3.83,37.32,37.59,011,001,0,0,1956,1988,2008,1902,1984,1970,42.52,34.1,3352,52.375,83.80,1
2026-09-01T21:22:40.374,30.649,2,50,50,484,484,79.8,70.7,-0.50,0.69,0.52,0.82,0.82,-0.07,-0.50,0.59,-6.52,-3.67,37.22,37.34,100,110,0,0,1937,2004,2031,1905,1959,1999,42.52,34.1,3425,53.516,85.62,1
2026-09-01T21:22:40.386,30.661,2,50,50,507,484,74.4,80.0,-0.01,-0.71,0.68,0.42,-1.04,-0.30,-0.01,-0.71,-5.53,-3.69,37.38,37.61,011,101,0,0,1977,1988,1989,1893,1970,1984,42.52,34.1,3351,52.359,83.78,1
2026-09-01T21:22:40.398,30.673,2,50,50,507,484,79.2,77.0,0.11,0.25,0.60,0.30,0.71,-0.15,0.11,0.25,-6.25,-3.28,37.27,37.65,101,011,0,0,1957,1995,2006,1881,1979,1943,42.52,34.1,3350,52.344,83.75,1
2026-09-01T21:22:40.412,30.687,2,50,50,507,484,78.0,76.7,-0.39,-0.09,0.68,0.66,-0.42,0.50,-0.42,-0.25,-5.59,-3.44,37.37,37.63,010,100,0,0,1956,1981,2021,1893,1983,1959,42.52,34.1,3350,52.344,83.75,1
2026-09-01T21:22:40.421,30.696,2,50,50,484,484,76.5,80.0,0.53,-0.27,0.68,0.62,0.12,-0.61,0.53,-0.27,-5.66,-2.95,37.28,37.67,001,001,0,0,1961,1986,2016,1893,1983,1959,42.52,34.1,3350,52.344,83.75,1
2026-09-01T21:22:40.433,30.708,2,50,50,507,484,80.0,71.1,-0.48,0.37,0.76,0.30,-0.11,0.29,-0.48,0.37,-5.79,-3.64,37.34,37.61,110,110,0,0,1963,2000,2003,1883,1991,1935,42.52,34.1,3345,52.266,83.62,1
2026-09-01T21:22:40.444,30.720,2,50,50,507,484,69.3,74.9,0.44,-0.71,0.60,0.46,-0.42,0.58,0.47,-0.70,-5.65,-4.31,37.32,37.54,011,101,0,0,1960,1979,2029,1888,1990,1942,42.52,34.1,3345,52.266,83.62,1
2026-09-01T21:22:40.456,30.731,2,50,50,484,484,79.5,79.3,-0.44,0.22,0.60,0.70,0.92,-0.39,-0.62,0.25,-6.61,-4.01,37.21,37.58,100,011,0,0,1939,2002,2044,1893,1967,1951,42.52,34.1,3350,52.344,83.75,1
2026-09-01T21:22:40.468,30.743,2,50,50,484,484,69.9,77.1,0.02,-0.08,0.68,0.36,-0.62,0.99,0.02,-0.08,-5.87,-4.85,37.33,37.48,010,110,0,0,1960,1998,2002,1884,1973,1952,42.52,34.1,3351,52.359,83.78,1
2026-09-01T21:22:40.480,30.755,2,50,50,507,484,78.5,74.8,0.25,-0.49,0.76,0.46,0.47,-0.45,0.25,-0.49,-6.34,-4.24,37.25,37.55,101,001,0,0,1984,1984,2002,1897,1985,1961,42.52,34.1,3349,52.328,83.72,1
2026-09-01T21:22:40.492,30.767,2,50,50,484,484,74.8,79.6,-0.49,0.42,0.52,0.62,-0.35,0.17,-0.43,0.42,-5.97,-4.18,37.32,37.56,010,010,0,0,1949,1986,2021,1889,1979,1941,42.52,34.1,3350,52.344,83.75,1
2026-09-01T21:22:40.504,30.779,2,50,50,507,484,77.3,78.0,0.45,-0.45,0.72,0.94,0.22,-0.53,0.45,-0.45,-6.09,-3.93,37.29,37.58,101,101,0,0,1964,1984,2016,1916,1945,1971,42.52,34.1,3351,52.359,83.78,1
2026-09-01T21:22:40.515,30.790,2,50,50,484,484,78.3,79.9,-0.57,0.15,0.58,0.30,-0.17,-0.23,-0.57,0.15,-6.08,-3.55,37.30,37.62,110,011,0,0,1960,1992,2006,1880,1973,1943,42.52,34.1,3350,52.344,83.75,1
2026-09-01T21:22:40.527,30.802,2,50,50,507,484,79.4,72.7,0.46,0.23,0.72,0.88,-0.15,0.04,0.46,0.23,-5.63,-3.41,37.33,37.64,001,100,0,0,1958,1984,2006,1914,1997,1947,42.52,34.1,3353,52.391,83.83,1
2026-09-01T21:22:40.539,30.814,2,50,50,507,484,71.4,80.0,-0.62,-0.37,0.60,0.54,0.00,-0.55,-0.62,-0.37,-5.81,-2.86,37.34,37.68,100,001,0,0,1956,2006,2009,1883,1988,1942,42.52,34.1,3407,53.234,85.17,1
2026-09-01T21:22:40.551,30.826,2,50,50,507,484,72.9,79.6,0.46,0.29,0.58,0.46,-0.35,0.40,0.46,0.22,-5.60,-3.15,37.37,37.66,001,110,0,0,1966,2014,1994,1887,1975,1951,42.52,34.1,3353,52.391,83.83,1
2026-09-01T21:22:40.562,30.838,2,50,50,484,484,80.0,78.6,-0.42,-0.64,0.52,0.46,0.54,-0.27,-0.42,-0.64,-6.31,-3.52,37.26,37.63,100,101,0,0,1948,2001,2012,1892,1967,1977,42.52,34.1,3354,52.406,83.85,1
2026-09-01T21:22:40.574,30.849,2,50,50,507,484,71.5,74.2,0.01,0.41,0.60,0.54,-0.86,-0.03,0.04,0.45,-5.82,-3.67,37.34,37.61,011,011,0,0,1955,2001,2029,1889,1977,1948,42.52,34.1,3408,53.250,85.20,1
2026-09-01T21:22:40.587,30.862,2,50,50,507,484,78.5,76.1,0.28,-0.25,1.10,0.56,0.26,0.66,0.28,-0.25,-6.47,-4.34,37.23,37.54,101,100,0,0,1979,1964,2001,1883,1990,1962,42.52,34.1,3351,52.359,83.78,1
2026-09-01T21:22:40.598,30.873,2,50,50,507,484,77.3,79.9,-0.32,-0.32,0.78,0.56,-0.42,-0.36,-0.32,-0.24,-6.10,-4.06,37.29,37.57,010,001,0,0,1964,1994,2006,1892,1979,1949,42.52,34.1,3349,52.328,83.72,1
2026-09-01T21:22:40.609,30.885,2,50,50,507,484,75.6,74.9,0.50,0.71,0.74,0.78,-0.11,-0.09,0.50,0.71,-5.98,-4.13,37.31,37.37,001,010,0,0,1962,1960,2025,1906,1999,1920,42.52,34.1,3352,52.375,83.80,1
2026-09-01T21:22:40.621,30.896,2,50,50,484,484,79.5,76.1,-0.54,-0.49,0.72,0.74,0.16,-0.03,-0.54,-0.49,-6.27,-4.18,37.26,37.56,110,101,0,0,1952,1981,2017,1900,1967,1959,42.52,34.1,3351,52.359,83.78,1
2026-09-01T21:22:40.633,30.908,2,50,50,484,484,72.5,79.9,0.30,0.17,0.56,0.34,-0.32,-0.45,0.37,0.22,-5.71,-3.67,37.36,37.61,011,011,0,0,1950,1981,2012,1882,1983,1943,42.52,34.1,3350,52.344,83.75,1
2026-09-01T21:22:40.645,30.920,2,50,50,484,484,79.8,71.0,-0.42,0.22,0.60,0.94,0.43,0.27,-0.42,0.22,-6.26,-3.72,37.26,37.60,100,110,0,0,1951,2004,2016,1910,1964,1919,42.52,34.1,3346,52.281,83.65,1
2026-09-01T21:22:40.656,30.932,2,50,50,484,484,75.4,79.6,0.15,-0.32,1.00,0.58,-1.17,-0.63,0.15,-0.32,-5.13,-3.05,37.44,37.67,011,001,0,0,1960,1984,1960,1896,1987,1961,42.52,34.1,3349,52.328,83.72,1
2026-09-01T21:22:40.668,30.943,2,50,50,484,484,75.2,73.0,0.05,0.56,0.66,0.54,0.66,-0.14,0.05,0.56,-6.03,-3.06,37.30,37.54,101,010,0,0,1950,1986,2021,1892,1994,1917,42.52,34.1,3350,52.344,83.75,1
2026-09-01T21:22:40.680,30.955,2,50,50,484,484,80.0,78.5,-0.36,-0.82,0.58,0.30,-0.50,0.02,-0.31,-0.82,-5.59,-3.33,37.37,37.64,010,101,0,0,1952,1989,2011,1880,1982,1963,42.52,34.1,3352,52.375,83.80,1
2026-09-01T21:22:40.692,30.967,2,50,50,484,484,79.5,72.5,0.23,0.14,0.36,0.22,0.74,0.43,0.23,0.14,-6.37,-3.94,37.25,37.58,101,011,0,0,1947,2000,2007,1877,1962,1954,42.52,34.1,3349,52.328,83.72,1
2026-09-01T21:22:40.704,30.979,2,50,50,484,484,74.9,74.9,-0.57,0.16,0.64,1.02,-0.15,0.26,-0.57,0.16,-6.37,-4.37,37.25,37.53,110,100,0,0,1956,2000,2004,1908,1989,1943,42.52,34.1,3351,52.359,83.78,1
2026-09-01T21:22:40.715,30.991,2,50,50,484,484,79.8,80.0,0.32,-0.34,0.64,0.62,0.37,-0.35,0.32,-0.34,-6.45,-4.07,37.24,37.57,001,001,0,0,1944,2011,1984,1896,1983,1950,42.52,34.1,3350,52.344,83.75,1
2026-09-01T21:22:40.727,31.002,2,50,50,507,484,74.9,72.1,-0.67,0.63,0.72,0.68,-0.16,-0.04,-0.67,0.63,-6.17,-4.18,37.28,37.47,100,010,0,0,1968,1981,2046,1904,1997,1931,42.52,34.1,3349,52.328,83.72,1
2026-09-01T21:22:40.739,31.014,2,50,50,507,484,76.9,78.1,0.33,-0.42,0.52,0.84,-0.36,-0.19,0.33,-0.42,-5.93,-4.31,37.32,37.55,011,101,0,0,1952,1981,2017,1908,1959,1959,42.52,34.1,3353,52.391,83.83,1
2026-09-01T21:22:40.751,31.026,2,50,50,484,484,76.3,79.9,-0.10,0.34,0.76,0.58,0.25,-0.65,-0.10,0.34,-6.33,-3.70,37.23,37.60,100,011,0,0,1955,2008,2056,1896,1983,1949,42.52,34.1,3349,52.328,83.72,1
2026-09-01T21:22:40.762,31.038,2,50,50,507,484,72.8,69.8,-0.07,-0.14,0.60,0.46,-0.81,0.51,-0.07,-0.14,-5.80,-3.99,37.34,37.58,010,100,0,0,1959,2002,2023,1889,1988,1954,42.52,34.1,3417,53.391,85.42,1
2026-09-01T21:22:40.774,31.049,2,50,50,507,484,79.7,79.9,0.16,-0.25,0.52,0.74,0.35,-0.46,0.16,-0.25,-6.16,-3.31,37.28,37.64,101,001,0,0,1960,1976,2000,1896,1986,1946,42.52,34.1,3350,52.344,83.75,1
2026-09-01T21:22:40.786,31.061,2,50,50,484,484,74.7,71.4,-0.68,0.42,0.26,0.42,-0.05,0.06,-0.68,0.42,-5.90,-3.25,37.32,37.60,010,110,0,0,1943,1980,2017,1889,1986,1935,42.52,34.1,3344,52.250,83.60,1
2026-09-01T21:22:40.798,31.073,2,50,50,507,484,72.7,79.2,0.67,-0.72,0.92,0.46,-0.19,-0.05,0.67,-0.72,-5.63,-3.47,37.22,37.63,001,101,0,0,1973,1956,2045,1881,1975,1954,42.52,34.1,3354,52.406,83.85,1
2026-09-01T21:22:40.809,31.085,2,50,50,507,463,80.0,78.2,-0.68,-0.16,0.48,-0.24,0.23,0.94,-0.68,-0.16,-6.29,-3.74,37.26,37.60,110,011,0,0,1955,1989,2012,1857,1927,1975,42.52,34.1,3350,52.344,83.75,1
2026-09-01T21:22:40.821,31.097,2,50,50,484,463,73.3,73.2,0.35,0.14,0.52,0.94,-0.19,0.26,0.39,-0.17,-5.93,-4.07,37.32,37.57,001,100,0,0,1951,2022,1960,1900,2042,1965,42.52,34.1,3351,52.359,83.78,1
2026-09-01T21:22:40.833,31.108,2,50,50,484,484,79.4,79.4,-0.40,-0.33,0.68,0.68,0.36,-0.36,-0.40,-0.33,-6.45,-4.01,37.23,37.58,100,001,0,0,1960,2006,2001,1896,1989,1947,42.52,34.1,3350,52.344,83.75,1
2026-09-01T21:22:40.844,31.120,2,50,50,507,484,73.3,79.5,0.05,0.50,0.68,0.54,-0.70,0.17,0.05,0.50,-5.95,-4.32,37.32,37.54,011,010,0,0,1963,1995,2024,1891,1984,1948,42.52,34.1,3351,52.359,83.78,1
2026-09-01T21:22:40.856,31.131,2,50,50,507,484,79.2,74.8,0.05,-0.63,0.52,0.46,0.60,0.41,0.05,-0.63,-6.41,-4.76,37.24,37.49,101,100,0,0,1949,1994,2000,1889,1979,1963,42.52,34.1,3352,52.375,83.80,1
2026-09-01T21:22:40.868,31.143,2,50,50,507,484,79.5,79.4,-0.53,0.59,0.70,0.80,-0.33,-0.89,-0.53,0.59,-5.97,-3.69,37.31,37.47,010,011,0,0,1948,1974,2021,1912,1987,1963,42.52,34.1,3349,52.328,83.72,1
2026-09-01T21:22:40.880,31.155,2,50,50,507,484,72.6,78.4,0.53,-0.02,0.72,0.44,0.06,0.63,0.53,-0.02,-5.95,-4.18,37.29,37.56,001,110,0,0,1963,1978,2018,1886,1970,1955,42.52,34.1,3352,52.375,83.80,1
2026-09-01T21:22:40.892,31.167,2,50,50,484,484,72.2,79.8,-0.77,0.09,0.44,1.06,0.00,-0.89,-0.77,0.09,-6.05,-3.19,37.30,37.66,010,001,0,0,1944,1988,2019,1916,1987,1977,42.52,34.1,3348,52.312,83.70,1
2026-09-01T21:22:40.904,31.179,2,50,50,507,484,79.4,70.9,0.36,0.36,0.68,0.46,0.04,0.22,0.36,0.36,-5.64,-3.32,37.37,37.64,001,010,0,0,1955,1984,2008,1883,1979,1947,42.52,34.1,3351,52.359,83.78,1
2026-09-01T21:22:40.916,31.191,2,50,50,484,484,76.8,80.0,-0.45,-0.68,1.14,0.48,-0.11,-0.22,-0.45,-0.68,-5.48,-3.28,37.39,37.65,110,101,0,0,1964,1948,2072,1892,1969,1976,42.52,34.1,3351,52.359,83.78,1
2026-09-01T21:22:40.927,31.202,2,50,50,484,484,77.7,77.1,0.31,0.20,0.60,0.22,-0.16,-0.02,0.31,0.20,-5.48,-3.14,37.39,37.66,011,011,0,0,1956,1992,2000,1876,1975,1943,42.52,34.1,3350,52.344,83.75,1
2026-09-01T21:22:40.939,31.214,2,50,50,507,463,79.6,73.1,-0.26,-0.08,0.66,0.60,0.47,1.08,-0.32,-0.45,-6.20,-4.03,37.28,37.58,100,100,0,0,1959,1990,2004,1888,2047,1971,42.52,34.1,3351,52.359,83.78,1
2026-09-01T21:22:40.950,31.226,2,50,50,507,484,72.9,79.7,-0.03,-0.14,0.76,0.78,-0.81,-0.65,-0.03,-0.14,-5.70,-3.77,37.36,37.60,010,001,0,0,1960,2004,2032,1906,1978,1973,42.52,34.1,3350,52.344,83.75,1
2026-09-01T21:22:40.962,31.237,2,50,50,507,484,79.1,79.0,0.35,0.59,0.52,0.62,0.71,-0.01,0.35,0.59,-6.42,-4.12,37.24,37.54,101,010,0,0,1952,2000,2010,1900,1995,1935,42.52,34.1,3350,52.344,83.75,1
2026-09-01T21:22:40.974,31.249,2,50,50,484,484,75.2,73.5,-0.70,-0.43,0.80,0.86,-0.17,0.07,-0.70,-0.43,-5.97,-4.54,37.31,37.52,110,100,0,0,1948,1992,2010,1904,1955,1959,42.52,34.1,3354,52.406,83.85,1
2026-09-01T21:22:40.985,31.261,2,50,50,507,484,80.0,77.0,0.40,0.30,0.64,0.90,0.11,-0.57,0.40,0.30,-5.90,-4.04,37.32,37.57,001,011,0,0,1953,1988,2004,1897,1959,1951,42.52,34.1,3349,52.328,83.72,1
2026-09-01T21:22:41.000,31.276,2,50,50,484,484,80.0,72.0,-0.69,-0.19,0.46,0.46,0.07,0.57,-0.69,-0.19,-6.05,-4.45,37.30,37.52,110,100,0,0,1954,1990,2016,1890,1973,1955,42.52,34.1,3352,52.375,83.80,1
2026-09-01T21:22:41.010,31.285,2,50,50,484,484,74.4,80.0,0.36,-0.24,0.68,0.78,-0.40,-0.54,0.36,-0.24,-5.58,-3.59,37.37,37.62,001,001,0,0,1956,2042,1939,1898,1987,1945,42.52,34.1,3349,52.328,83.72,1
2026-09-01T21:22:41.021,31.296,2,50,50,484,484,75.2,69.1,-0.42,0.58,1.00,0.66,0.14,-0.07,-0.42,0.58,-5.98,-3.46,37.31,37.45,100,010,0,0,1962,2000,1996,1896,1990,1930,42.52,34.1,3351,52.359,83.78,1
2026-09-01T21:22:41.033,31.308,2,50,50,484,484,80.0,79.9,0.10,-0.68,0.42,0.46,-0.29,-0.16,0.10,-0.70,-5.54,-3.31,37.38,37.64,011,101,0,0,1947,1988,2012,1888,1979,1959,42.52,34.1,3353,52.391,83.83,1
2026-09-01T21:22:41.045,31.320,2,50,50,484,484,70.6,77.1,0.04,0.21,0.80,0.26,0.45,-0.07,0.04,0.21,-5.94,-3.03,37.32,37.67,101,011,0,0,1981,1992,1996,1880,1979,1949,42.52,34.1,3350,52.344,83.75,1
2026-09-01T21:22:41.057,31.332,2,50,50,484,484,79.9,75.3,-0.62,-0.20,0.54,0.96,0.17,0.69,-0.62,-0.20,-6.02,-3.45,37.31,37.63,010,100,0,0,1933,1968,2016,1889,2031,1963,42.52,34.1,3351,52.359,83.78,1
2026-09-01T21:22:41.068,31.343,2,50,50,484,484,70.3,80.0,0.32,-0.09,0.44,0.78,0.49,-0.69,0.32,-0.09,-6.33,-3.38,37.25,37.64,001,001,0,0,1964,2006,2012,1908,1977,1974,42.52,34.1,3351,52.359,83.78,1
2026-09-01T21:22:41.080,31.355,2,50,50,484,484,80.0,78.4,-0.63,0.40,0.68,0.44,0.18,0.40,-0.63,0.40,-6.35,-4.16,37.25,37.56,110,010,0,0,1955,1980,2025,1888,1983,1951,42.52,34.1,3350,52.344,83.75,1
2026-09-01T21:22:41.092,31.367,2,50,50,507,484,80.1,78.9,0.36,-0.48,0.52,0.74,-0.02,-0.05,0.36,-0.48,-6.06,-4.34,37.30,37.54,001,101,0,0,1950,1972,2017,1902,1967,1959,42.52,34.1,3353,52.391,83.83,1
2026-09-01T21:22:41.103,31.379,2,50,50,484,484,71.9,80.0,-0.72,0.08,0.42,0.30,0.53,0.14,-0.72,0.08,-6.40,-4.34,37.24,37.54,100,011,0,0,1945,1993,2020,1879,1955,1958,42.52,34.1,3350,52.344,83.75,1
2026-09-01T21:22:41.115,31.390,2,50,50,507,484,79.4,71.9,0.27,-0.08,0.52,0.46,-0.53,0.62,0.27,-0.08,-5.72,-4.65,37.35,37.50,011,110,0,0,1952,1983,2018,1892,1969,1939,42.52,34.1,3354,52.406,83.85,1
2026-09-01T21:22:41.127,31.402,2,50,50,507,484,77.3,78.7,0.17,-0.25,1.12,0.80,0.01,-0.45,0.17,-0.25,-6.11,-3.90,37.29,37.59,100,001,0,0,1981,1988,2006,1904,1986,1943,42.52,34.1,3349,52.328,83.72,1
2026-09-01T21:22:41.139,31.414,2,50,50,507,484,77.0,77.8,-0.07,0.70,0.64,0.68,-0.84,-0.22,-0.07,0.70,-5.66,-3.59,37.36,37.26,010,010,0,0,1965,2012,2030,1903,1997,1920,42.52,34.1,3351,52.359,83.78,1
2026-09-01T21:22:41.150,31.426,2,50,50,507,484,79.4,74.2,0.20,-0.52,0.56,0.86,0.61,-0.37,0.08,-0.50,-5.88,-3.43,37.33,37.63,101,101,0,0,1948,2000,2000,1906,1959,1966,42.52,34.1,3351,52.359,83.78,1
2026-09-01T21:22:41.162,31.437,2,50,50,507,484,71.3,79.8,-0.51,0.23,0.64,0.44,-0.42,-0.29,-0.53,0.24,-5.63,-2.92,37.37,37.68,010,011,0,0,1963,2008,2001,1886,1975,1943,42.52,34.1,3342,52.219,83.55,1
2026-09-01T21:22:41.174,31.449,2,50,50,507,484,78.7,72.5,0.57,-0.05,0.60,0.46,-0.03,0.31,0.57,-0.05,-5.82,-3.19,37.32,37.65,001,110,0,0,1962,1966,2027,1890,1997,1963,42.52,34.1,3351,52.359,83.78,1
2026-09-01T21:22:41.186,31.461,2,50,50,484,484,76.3,80.0,-0.66,-0.06,0.56,0.80,0.33,-0.77,-0.66,-0.06,-6.44,-2.74,37.24,37.69,110,001,0,0,1955,1984,2028,1905,1987,1973,42.52,34.1,3349,52.328,83.72,1
2026-09-01T21:22:41.198,31.473,2,50,50,484,484,70.4,69.7,0.35,0.45,0.60,0.46,-0.20,0.47,0.35,0.45,-6.15,-3.91,37.29,37.59,011,010,0,0,1952,1987,2011,1888,1985,1952,42.52,34.1,3351,52.359,83.78,1
2026-09-01T21:22:41.209,31.485,2,50,50,507,484,78.5,79.4,-0.11,-0.68,1.06,0.46,0.00,0.15,-0.11,-0.68,-6.36,-4.10,37.26,37.57,100,101,0,0,1980,2002,1972,1890,1978,1958,42.52,34.1,3353,52.391,83.83,1
2026-09-01T21:22:41.221,31.496,2,50,50,507,484,74.7,79.6,0.04,0.36,0.92,0.54,-0.54,-0.38,0.04,0.36,-5.89,-3.95,37.33,37.58,011,011,0,0,1956,1992,2000,1892,1983,1951,42.52,34.1,3349,52.328,83.72,1
2026-09-01T21:22:41.233,31.508,2,50,50,507,484,75.4,70.1,-0.09,-0.09,0.52,0.58,0.54,0.71,-0.09,-0.09,-6.35,-4.62,37.25,37.50,101,110,0,0,1952,1988,2000,1894,1970,1949,42.52,34.1,3347,52.297,83.67,1
2026-09-01T21:22:41.245,31.520,2,50,50,507,484,79.9,78.8,-0.38,-0.47,0.68,0.46,-0.43,-0.26,-0.38,-0.47,-5.93,-4.08,37.32,37.57,010,001,0,0,1958,1987,2018,1886,1987,1943,42.52,34.1,3350,52.344,83.75,1
2026-09-01T21:22:41.256,31.531,2,50,50,484,484,73.8,78.5,0.31,0.71,0.28,0.78,0.41,-0.18,0.31,0.71,-6.05,-3.89,37.30,37.31,001,010,0,0,1942,2001,2008,1908,1999,1923,42.52,34.1,3352,52.375,83.80,1
2026-09-01T21:22:41.268,31.543,2,50,50,484,484,79.9,71.5,-0.64,-0.45,0.50,0.76,-0.06,-0.17,-0.64,-0.45,-5.92,-3.97,37.32,37.59,110,101,0,0,1946,1991,2027,1902,1953,1959,42.52,34.1,3351,52.359,83.78,1
2026-09-01T21:22:41.280,31.555,2,50,50,484,484,76.7,80.0,0.50,0.23,0.76,0.62,-0.30,-0.33,0.50,0.23,-5.34,-3.20,37.34,37.65,001,011,0,0,1959,1993,2000,1888,1973,1942,42.52,34.1,3349,52.328,83.72,1
2026-09-01T21:22:41.292,31.567,2,50,50,484,484,78.0,79.2,-0.55,-0.40,0.62,0.40,-0.01,0.64,-0.55,-0.40,-5.92,-3.58,37.32,37.62,110,100,0,0,1962,1997,2004,1882,1979,1963,42.52,34.1,3352,52.375,83.80,1
2026-09-01T21:22:41.304,31.579,2,50,50,484,484,77.6,78.2,0.31,0.01,0.54,0.78,-0.24,-0.82,0.31,0.01,-5.80,-2.74,37.34,37.69,011,001,0,0,1954,1988,2012,1902,1986,1965,42.52,34.1,3351,52.359,83.78,1
2026-09-01T21:22:41.315,31.591,2,50,50,484,484,76.2,69.4,0.07,0.41,0.92,0.34,0.16,0.20,0.07,0.41,-6.14,-3.48,37.29,37.63,100,010,0,0,1961,2001,2047,1887,1974,1952,42.52,34.1,3426,53.531,85.65,1
2026-09-01T21:22:41.327,31.602,2,50,50,507,484,77.9,76.2,-0.31,-0.84,0.62,0.32,-0.48,0.63,-0.21,-0.81,-5.90,-4.31,37.32,37.54,010,101,0,0,1953,1992,2025,1884,1993,1939,42.52,34.1,3351,52.359,83.78,1
2026-09-01T21:22:41.339,31.614,2,50,50,507,484,79.0,79.9,0.42,0.12,0.84,0.30,0.37,-0.02,0.42,0.12,-6.16,-3.90,37.28,37.58,101,011,0,0,1962,1986,2012,1880,1967,1951,42.52,34.1,3350,52.344,83.75,1
2026-09-01T21:22:41.350,31.626,2,50,50,484,484,70.5,71.7,-0.72,-0.10,0.42,0.46,-0.23,0.85,-0.72,-0.10,-6.05,-4.79,37.30,37.48,110,110,0,0,1944,1992,2016,1886,1971,1951,42.52,34.1,3354,52.406,83.85,1
2026-09-01T21:22:41.362,31.638,2,50,50,507,484,79.3,78.1,0.40,-0.37,0.52,0.68,0.11,-0.34,0.40,-0.37,-5.99,-4.15,37.31,37.56,001,001,0,0,1957,1984,2016,1896,1979,1943,42.52,34.1,3350,52.344,83.75,1
2026-09-01T21:22:41.374,31.649,2,50,50,484,484,77.1,77.4,-0.69,0.55,0.78,0.56,0.07,-0.07,-0.69,0.57,-6.12,-3.91,37.29,37.48,110,010,0,0,1948,1938,2080,1897,1990,1929,42.52,34.1,3349,52.328,83.72,1
2026-09-01T21:22:41.385,31.661,2,50,50,507,484,75.9,71.4,0.34,-0.65,0.62,0.66,-0.40,-0.39,0.34,-0.65,-5.65,-3.79,37.36,37.60,011,101,0,0,1960,1982,2023,1904,1948,1972,42.52,34.1,3351,52.359,83.78,1
2026-09-01T21:22:41.397,31.673,2,50,50,484,484,79.9,79.7,-0.41,0.13,0.60,0.30,0.44,-0.18,-0.41,0.13,-5.98,-3.41,37.31,37.63,100,011,0,0,1954,1997,2003,1880,1971,1943,42.52,34.1,3350,52.344,83.75,1
2026-09-01T21:22:41.409,31.684,2,50,50,484,484,74.1,75.7,-0.29,0.20,0.36,0.76,-0.40,0.39,-0.29,0.20,-5.59,-3.56,37.37,37.62,010,110,0,0,1941,1989,2016,1902,1970,1937,42.52,34.1,3352,52.375,83.80,1
2026-09-01T21:22:41.421,31.696,2,50,50,484,484,79.9,76.4,0.08,-0.44,0.84,0.70,0.76,-0.36,0.08,-0.44,-6.22,-3.01,37.27,37.67,101,001,0,0,1949,1998,2002,1889,1987,1935,42.52,34.1,3349,52.328,83.72,1
2026-09-01T21:22:41.433,31.708,2,50,50,507,484,76.2,78.7,-0.56,0.42,0.48,0.44,-0.29,0.13,-0.56,0.42,-6.06,-3.10,37.31,37.63,010,010,0,0,1955,1994,2020,1889,1982,1947,42.52,34.1,3349,52.328,83.72,1
2026-09-01T21:22:41.444,31.719,2,50,50,484,463,79.5,74.7,0.34,-1.05,0.60,-0.04,0.29,1.24,0.34,-1.05,-6.15,-4.42,37.29,37.53,001,100,0,0,1953,1996,2002,1869,2019,1939,42.52,34.1,3353,52.391,83.83,1
2026-09-01T21:22:41.456,31.731,2,50,50,484,463,77.3,76.6,-0.43,0.07,1.10,0.72,0.23,0.23,-0.68,0.03,-6.36,-3.89,37.25,37.59,110,011,0,0,1965,1952,2062,1889,1905,1953,42.52,34.1,3348,52.312,83.70,1
2026-09-01T21:22:41.468,31.743,2,50,50,484,484,77.5,80.0,0.37,-0.08,0.72,0.30,-0.28,1.57,0.40,-0.22,-5.97,-4.99,37.32,37.46,011,110,0,0,1956,1989,2008,1868,1980,1993,42.52,34.1,3354,52.406,83.85,1
2026-09-01T21:22:41.479,31.754,2,50,50,484,484,79.5,73.7,-0.40,-0.62,0.60,0.62,0.82,-0.25,-0.40,-0.62,-6.43,-4.34,37.21,37.54,100,101,0,0,1940,2008,2037,1894,1975,1959,42.52,34.1,3354,52.406,83.85,1
2026-09-01T21:22:41.492,31.767,2,50,50,507,484,73.0,78.0,0.15,0.55,0.74,0.60,-1.05,-0.26,0.15,0.55,-5.68,-4.09,37.35,37.45,011,010,0,0,1952,1985,2009,1900,1999,1923,42.52,34.1,3351,52.359,83.78,1
2026-09-01T21:22:41.503,31.779,2,50,50,507,484,70.1,70.5,-0.01,-0.41,0.68,0.86,0.34,-0.02,-0.01,-0.41,-6.34,-4.20,37.25,37.55,100,101,0,0,1969,1976,1989,1905,1962,1973,42.52,34.1,3413,53.328,85.33,1
2026-09-01T21:22:41.515,31.790,2,50,50,507,484,79.4,79.6,-0.28,0.27,0.60,0.38,-0.52,-0.78,-0.28,0.27,-5.77,-3.37,37.34,37.60,010,011,0,0,1956,1992,2021,1892,1986,1947,42.52,34.1,3350,52.344,83.75,1
2026-09-01T21:22:41.527,31.802,2,50,50,484,484,77.1,74.2,0.49,-0.06,0.70,0.32,0.42,0.49,0.49,-0.06,-6.02,-3.75,37.29,37.60,101,110,0,0,1961,1992,2008,1891,1969,1946,42.52,34.1,3351,52.359,83.78,1
2026-09-01T21:22:41.539,31.814,2,50,50,484,484,73.8,79.0,-0.65,-0.18,0.50,0.74,-0.15,-0.71,-0.65,-0.18,-5.97,-2.84,37.31,37.68,110,001,0,0,1952,1992,2016,1902,1986,1971,42.52,34.1,3350,52.344,83.75,1
2026-09-01T21:22:41.550,31.825,2,50,50,484,484,78.8,78.0,0.44,0.48,0.68,0.52,0.08,-0.12,0.44,0.48,-5.97,-2.81,37.29,37.58,001,010,0,0,1961,2007,1984,1896,1999,1927,42.52,34.1,3350,52.344,83.75,1
2026-09-01T21:22:41.562,31.837,2,50,50,484,484,69.9,74.1,-0.56,-0.92,0.60,0.24,0.34,0.49,-0.56,-0.92,-6.57,-3.34,37.21,37.64,110,101,0,0,1955,1992,2010,1877,1981,1955,42.52,34.1,3352,52.375,83.80,1
2026-09-01T21:22:41.575,31.850,2,50,50,484,484,79.6,79.9,0.20,-0.15,0.68,0.30,-0.45,0.62,0.20,-0.15,-5.88,-3.49,37.33,37.63,011,011,0,0,1957,1984,2012,1867,1917,1959,42.52,34.1,3350,52.344,83.75,1
2026-09-01T21:22:41.585,31.861,2,50,50,507,484,75.0,77.5,0.03,0.23,0.84,0.74,0.24,0.52,0.03,0.23,-6.29,-4.11,37.26,37.56,100,110,0,0,1964,1996,2028,1902,1975,1938,42.52,34.1,3352,52.375,83.80,1
2026-09-01T21:22:41.598,31.873,2,50,50,507,484,76.0,80.0,-0.03,-0.18,0.42,0.82,-0.59,-0.41,0.07,-0.16,-5.85,-3.93,37.33,37.58,011,001,0,0,1952,1988,2008,1901,1981,1951,42.52,34.1,3349,52.328,83.72,1
2026-09-01T21:22:41.610,31.885,2,50,50,507,484,74.0,73.7,0.09,0.62,0.72,0.62,0.35,-0.11,0.09,0.62,-6.31,-4.07,37.26,37.44,101,010,0,0,1964,1972,1996,1900,2004,1916,42.52,34.1,3352,52.375,83.80,1
2026-09-01T21:22:41.621,31.897,2,50,50,507,484,80.0,76.0,-0.46,-0.60,0.34,1.02,-0.56,0.05,-0.37,-0.60,-5.80,-4.25,37.34,37.55,010,101,0,0,1946,1996,2024,1902,1991,1938,42.52,34.1,3352,52.375,83.80,1
2026-09-01T21:22:41.633,31.908,2,50,50,484,484,73.2,79.6,0.33,0.19,0.48,0.42,0.24,-0.26,0.33,0.19,-5.87,-3.74,37.33,37.60,101,011,0,0,1950,1988,2008,1882,1977,1947,42.52,34.1,3350,52.344,83.75,1
2026-09-01T21:22:41.645,31.920,2,50,50,484,484,77.5,71.6,-0.76,-0.12,0.52,0.58,0.23,0.47,-0.76,-0.12,-5.88,-4.03,37.33,37.57,110,110,0,0,1949,1987,2028,1894,2005,1967,42.52,34.1,3352,52.375,83.80,1
2026-09-01T21:22:41.657,31.932,2,50,50,507,484,79.7,80.0,0.46,-0.01,0.68,0.94,-0.11,-0.81,0.46,-0.01,-5.57,-3.20,37.34,37.65,001,001,0,0,1956,1978,2012,1912,1975,1975,42.52,34.1,3350,52.344,83.75,1
2026-09-01T21:22:41.668,31.943,2,50,50,484,484,75.0,75.8,-0.64,0.48,0.48,0.54,0.50,0.01,-0.64,0.48,-6.26,-3.13,37.27,37.60,100,010,0,0,1950,1988,2017,1891,1982,1934,42.52,34.1,3350,52.344,83.75,1
2026-09-01T21:22:41.680,31.955,2,50,50,484,484,80.0,77.7,0.20,-0.93,0.64,0.26,-0.16,0.13,0.24,-0.93,-5.96,-3.37,37.32,37.64,011,101,0,0,1952,1992,1996,1880,1983,1959,42.52,34.1,3352,52.375,83.80,1
2026-09-01T21:22:41.692,31.968,2,50,50,484,484,80.0,72.9,-0.22,-0.05,0.92,-0.32,0.32,0.99,-0.22,-0.05,-6.41,-3.64,37.24,37.61,100,010,0,0,1967,1993,2007,1854,1927,1979,42.52,34.1,3349,52.328,83.72,1
2026-09-01T21:22:41.704,31.979,2,50,50,507,484,74.2,75.8,-0.12,-0.01,0.62,0.78,-0.60,0.50,0.00,-0.16,-5.92,-3.93,37.32,37.58,010,100,0,0,1956,1995,2011,1897,1989,1950,42.52,34.1,3351,52.359,83.78,1
2026-09-01T21:22:41.716,31.991,2,50,50,507,484,80.0,79.9,0.08,-0.35,0.52,0.58,0.62,-0.37,0.08,-0.35,-6.30,-3.75,37.26,37.60,101,001,0,0,1949,1997,2001,1889,1987,1949,42.52,34.1,3350,52.344,83.75,1
2026-09-01T21:22:41.727,32.003,2,50,50,507,484,76.1,72.3,-0.42,0.60,0.58,0.66,-0.49,0.24,-0.42,0.60,-6.02,-4.11,37.31,37.51,010,010,0,0,1960,2008,2018,1896,1989,1941,42.52,34.1,3349,52.328,83.72,1
2026-09-01T21:22:41.739,32.014,2,50,50,507,484,78.7,73.7,0.44,-0.70,0.52,0.46,0.06,0.25,0.44,-0.70,-6.08,-4.59,37.29,37.51,001,101,0,0,1957,1984,2016,1891,1975,1951,42.52,34.1,3351,52.359,83.78,1
2026-09-01T21:22:41.751,32.026,2,50,50,484,484,78.1,80.0,-0.78,0.40,0.92,0.62,0.43,-0.58,-0.95,0.48,-6.27,-3.79,37.26,37.52,110,011,0,0,1951,1948,2061,1899,1987,1955,42.52,34.1,3349,52.328,83.72,1
2026-09-01T21:22:41.762,32.038,2,50,50,507,484,69.4,73.5,0.41,-0.35,0.60,0.20,-0.41,1.12,0.41,-0.35,-5.57,-4.62,37.37,37.50,011,110,0,0,1963,1979,2023,1879,1970,1954,42.52,34.1,3347,52.297,83.67,1
2026-09-01T21:22:41.774,32.049,2,50,50,507,484,79.3,79.2,-0.49,0.04,0.48,1.10,0.38,-0.80,-0.49,0.04,-6.15,-3.49,37.29,37.63,100,001,0,0,1952,2016,1996,1920,1977,1979,42.52,34.1,3350,52.344,83.75,1
2026-09-01T21:22:41.786,32.061,2,50,50,484,484,75.9,75.7,0.11,0.44,0.60,0.48,-0.41,0.04,0.11,0.43,-5.71,-3.31,37.36,37.58,011,010,0,0,1963,1992,1990,1891,1982,1939,42.52,34.1,3349,52.328,83.72,1
2026-09-01T21:22:41.798,32.073,2,50,50,484,484,78.1,75.5,0.03,-0.73,0.48,0.44,0.80,0.12,0.03,-0.73,-6.49,-3.36,37.23,37.64,101,101,0,0,1953,1992,2002,1890,1971,1959,42.52,34.1,3351,52.359,83.78,1
2026-09-01T21:22:41.809,32.085,2,50,50,507,484,79.0,79.8,-0.35,0.19,0.68,0.38,-0.36,-0.22,-0.35,0.19,-6.09,-2.84,37.29,37.68,010,011,0,0,1960,2000,2016,1880,1979,1943,42.52,34.1,3350,52.344,83.75,1
2026-09-01T21:22:41.821,32.096,2,50,50,484,484,73.5,69.6,0.36,-0.17,0.36,0.46,0.54,0.69,0.36,-0.17,-6.39,-3.84,37.24,37.59,001,110,0,0,1944,2009,2027,1884,1988,1956,42.52,34.1,3348,52.312,83.70,1
2026-09-01T21:22:41.833,32.108,2,50,50,484,484,79.8,79.3,-0.90,-0.20,0.42,0.76,0.17,-0.55,-0.90,-0.20,-6.37,-3.90,37.25,37.59,110,001,0,0,1945,1988,2019,1906,1973,1970,42.52,34.1,3350,52.344,83.75,1
2026-09-01T21:22:41.845,32.120,2,50,50,484,484,71.8,79.6,0.39,0.58,0.48,0.54,-0.15,0.05,0.39,0.58,-5.99,-4.08,37.31,37.57,001,010,0,0,1951,1990,2003,1895,1989,1937,42.52,34.1,3351,52.359,83.78,1
2026-09-01T21:22:41.856,32.132,2,50,50,484,484,78.0,70.3,-0.72,-0.44,0.28,0.84,0.78,-0.01,-0.72,-0.44,-6.64,-4.48,37.20,37.52,100,101,0,0,1941,2004,2016,1904,1959,1971,42.52,34.1,3416,53.375,85.40,1
2026-09-01T21:22:41.868,32.143,2,50,50,484,484,79.3,78.8,0.18,0.27,0.68,0.70,-0.64,-0.38,0.18,0.27,-5.62,-4.13,37.35,37.56,011,011,0,0,1956,1985,2005,1892,1959,1951,42.52,34.1,3350,52.344,83.75,1
2026-09-01T21:22:41.880,32.155,2,50,50,507,484,72.6,79.5,0.12,-0.05,1.16,0.40,0.36,0.96,0.12,-0.05,-6.08,-4.60,37.29,37.51,101,110,0,0,1971,1972,2000,1880,1967,1957,42.52,34.1,3352,52.375,83.80,1
2026-09-01T21:22:41.892,32.167,2,50,50,484,484,76.6,77.9,-0.59,-0.27,0.04,1.10,-0.06,-0.22,-0.59,-0.27,-5.73,-3.75,37.35,37.60,010,001,0,0,1930,1984,2020,1900,1991,1910,42.52,34.1,3350,52.344,83.75,1
2026-09-01T21:22:41.904,32.179,2,50,50,507,484,80.0,75.3,0.29,0.55,0.52,0.46,0.48,-0.30,0.29,0.55,-5.93,-3.48,37.32,37.38,101,010,0,0,1956,1992,2008,1895,2003,1911,42.52,34.1,3350,52.344,83.75,1
2026-09-01T21:22:41.915,32.191,2,50,50,507,484,74.6,77.8,-0.46,-0.68,0.76,0.52,-0.51,-0.04,-0.46,-0.68,-5.80,-3.53,37.34,37.62,010,101,0,0,1967,1916,2041,1891,1969,1969,42.52,34.1,3352,52.375,83.80,1
2026-09-01T21:22:41.927,32.202,2,50,50,484,484,80.0,80.0,0.27,0.18,0.48,0.30,0.36,-0.46,0.27,0.18,-6.21,-2.97,37.27,37.67,001,011,0,0,1949,2001,2004,1881,1985,1947,42.52,34.1,3350,52.344,83.75,1
2026-09-01T21:22:41.939,32.214,2,50,50,484,484,75.1,69.3,-0.48,-0.16,0.80,0.46,0.11,0.52,-0.48,-0.16,-6.44,-3.59,37.24,37.62,110,100,0,0,1967,1987,2012,1887,1989,1961,42.52,34.1,3416,53.375,85.40,1
2026-09-01T21:22:41.950,32.226,2,50,50,484,484,79.0,77.8,0.27,-0.27,0.60,0.66,-0.28,-0.59,0.27,-0.15,-6.01,-3.47,37.31,37.63,011,001,0,0,1952,1984,2008,1902,1975,1973,42.52,34.1,3350,52.344,83.75,1
2026-09-01T21:22:41.962,32.237,2,50,50,484,484,78.3,79.6,-0.27,0.26,0.36,0.24,0.60,0.34,-0.27,0.26,-6.46,-4.04,37.23,37.57,100,010,0,0,1954,1993,2007,1882,1975,1955,42.52,34.1,3349,52.328,83.72,1
2026-09-01T21:22:41.974,32.249,2,50,50,507,484,77.9,77.4,-0.23,-0.37,0.52,0.78,-0.76,0.15,-0.23,-0.37,-5.92,-4.29,37.32,37.55,010,100,0,0,1958,2008,2050,1900,1957,1961,42.52,34.1,3353,52.391,83.83,1
2026-09-01T21:22:41.985,32.260,2,50,50,507,484,76.2,70.8,0.41,0.00,0.64,0.60,0.24,-0.66,0.41,0.00,-6.23,-3.92,37.27,37.58,101,001,0,0,1963,1979,2013,1894,1980,1951,42.52,34.1,3343,52.234,83.58,1
2026-09-01T21:22:41.998,32.273,2,50,50,507,484,79.8,73.6,-0.32,0.03,0.60,0.62,-0.54,0.45,-0.32,0.03,-5.79,-4.51,37.34,37.52,010,110,0,0,1954,2008,2021,1894,1970,1939,42.52,34.1,3353,52.391,83.83,1
2026-09-01T21:22:42.009,32.285,2,50,50,507,484,71.2,74.6,0.34,-0.47,0.52,0.54,0.04,-0.43,0.39,-0.41,-5.64,-3.85,37.37,37.59,001,001,0,0,1953,1974,2016,1891,1979,1957,42.52,34.1,3349,52.328,83.72,1
2026-09-01T21:22:42.021,32.296,2,50,50,507,484,79.4,79.2,-0.55,0.63,0.64,0.66,-0.13,-0.16,-0.55,0.63,-5.61,-3.62,37.37,37.37,110,010,0,0,1951,1998,2022,1897,1993,1924,42.52,34.1,3351,52.359,83.78,1
2026-09-01T21:22:42.033,32.308,2,50,50,507,484,77.1,69.5,0.36,-0.66,0.50,0.52,0.04,0.05,0.36,-0.74,-5.65,-3.70,37.36,37.61,001,101,0,0,1953,1987,2007,1887,1971,1969,42.52,34.1,3352,52.375,83.80,1
2026-09-01T21:22:42.045,32.320,2,50,50,507,484,74.0,79.6,-0.32,-0.02,1.00,0.50,0.05,0.40,-0.33,-0.02,-6.21,-3.31,37.27,37.64,100,011,0,0,1975,1992,1993,1877,1927,1953,42.52,34.1,3350,52.344,83.75,1
2026-09-01T21:22:42.056,32.332,2,50,50,484,484,79.8,72.8,0.02,-0.09,0.68,0.54,-0.19,0.50,0.02,-0.09,-5.87,-3.60,37.33,37.62,011,110,0,0,1944,1992,1979,1892,1967,1938,42.52,34.1,3354,52.406,83.85,1
2026-09-01T21:22:42.068,32.343,2,50,50,507,484,70.4,75.3,0.00,-0.37,0.70,0.68,0.49,-0.51,0.00,-0.37,-6.43,-3.16,37.24,37.66,101,001,0,0,1977,1980,1990,1896,1991,1945,42.52,34.1,3349,52.328,83.72,1
2026-09-01T21:22:42.080,32.355,2,50,50,484,484,79.9,79.9,-0.34,0.42,0.52,0.38,-0.41,0.22,-0.34,0.42,-5.93,-3.89,37.32,37.59,010,010,0,0,1949,1988,2018,1888,1981,1945,42.52,34.1,3350,52.344,83.75,1
2026-09-01T21:22:42.092,32.367,2,50,50,507,463,79.0,69.7,0.18,-0.71,0.46,0.30,0.58,0.79,0.18,-0.71,-6.17,-4.80,37.28,37.48,101,100,0,0,1941,2013,2002,1885,2007,1934,42.52,34.1,3353,52.391,83.83,1
2026-09-01T21:22:42.103,32.379,2,50,50,484,484,75.2,77.0,-0.55,0.01,0.68,0.46,-0.24,-0.33,-0.55,0.01,-6.05,-3.99,37.30,37.58,110,011,0,0,1964,1992,2002,1880,1947,1949,42.52,34.1,3349,52.328,83.72,1
2026-09-01T21:22:42.115,32.390,2,50,50,484,484,80.0,78.9,0.34,0.05,0.60,0.54,0.00,0.90,0.34,0.05,-5.95,-4.73,37.32,37.49,001,110,0,0,1951,1989,2009,1889,1975,1951,42.52,34.1,3352,52.375,83.80,1
2026-09-01T21:22:42.127,32.402,2,50,50,507,484,71.4,72.2,-0.20,-0.69,1.08,0.46,-0.29,-0.30,-0.20,-0.69,-5.87,-4.27,37.33,37.55,110,101,0,0,1984,2017,1980,1885,1983,1957,42.52,34.1,3411,53.297,85.28,1
2026-09-01T21:22:42.139,32.414,2,50,50,507,484,78.9,78.9,0.23,0.66,0.34,0.72,-0.40,-0.29,0.23,0.66,-5.48,-3.79,37.39,37.37,011,010,0,0,1942,1980,2032,1898,1993,1927,42.52,34.1,3351,52.359,83.78,1
2026-09-01T21:22:42.150,32.426,2,50,50,484,484,77.0,76.5,-0.08,-0.71,0.90,0.34,0.49,0.41,-0.08,-0.71,-5.80,-4.07,37.34,37.57,100,100,0,0,1959,2004,2054,1883,1975,1965,42.52,34.1,3351,52.359,83.78,1
2026-09-01T21:22:42.163,32.439,2,50,50,484,484,73.9,77.5,-0.36,0.16,0.20,0.50,-0.17,-0.64,-0.36,0.16,-5.84,-3.11,37.33,37.66,010,011,0,0,1940,1989,2008,1888,1983,1945,42.52,34.1,3350,52.344,83.75,1
2026-09-01T21:22:42.174,32.449,2,50,50,507,484,80.0,77.8,0.15,0.00,0.52,0.46,0.67,0.50,0.15,0.00,-6.33,-3.49,37.25,37.63,101,110,0,0,1952,1996,2008,1888,1967,1943,42.52,34.1,3352,52.375,83.80,1
2026-09-01T21:22:42.186,32.461,2,50,50,484,484,73.4,75.2,-0.29,-0.31,0.82,0.68,-0.29,-0.64,-0.23,-0.23,-6.10,-2.86,37.29,37.68,010,001,0,0,1965,1993,2009,1899,1977,1964,42.52,34.1,3350,52.344,83.75,1
2026-09-01T21:22:42.198,32.473,2,50,50,484,484,73.7,77.9,0.43,0.41,0.62,0.36,0.18,0.12,0.43,0.41,-6.10,-3.26,37.29,37.63,001,010,0,0,1957,1992,2013,1886,1990,1930,42.52,34.1,3350,52.344,83.75,1
2026-09-01T21:22:42.209,32.485,2,50,50,484,484,80.0,71.6,-0.60,-0.79,0.60,0.38,0.11,0.47,-0.60,-0.79,-6.17,-3.96,37.29,37.58,110,101,0,0,1951,1983,2019,1881,1983,1947,42.52,34.1,3353,52.391,83.83,1
2026-09-01T21:22:42.221,32.496,2,50,50,484,484,74.9,79.7,0.26,0.26,0.32,0.54,0.13,-0.42,0.26,0.26,-6.10,-3.79,37.29,37.60,001,011,0,0,1965,1993,1994,1896,1985,1957,42.52,34.1,3349,52.328,83.72,1
2026-09-01T21:22:42.233,32.508,2,50,50,484,484,75.0,76.2,-0.43,0.00,0.76,0.46,0.18,0.67,-0.43,0.00,-6.28,-4.53,37.26,37.52,100,110,0,0,1963,2002,1996,1891,1969,1947,42.52,34.1,3352,52.375,83.80,1
2026-09-01T21:22:42.245,32.520,2,50,50,507,484,79.4,78.1,0.25,-0.26,0.64,0.62,-0.48,-0.57,0.25,-0.26,-5.76,-4.14,37.35,37.56,011,001,0,0,1952,1985,2016,1897,1979,1965,42.52,34.1,3349,52.328,83.72,1
2026-09-01T21:22:42.256,32.532,2,50,50,507,484,71.5,79.5,0.10,0.51,0.84,0.54,0.13,-0.14,0.10,0.51,-5.86,-3.94,37.33,37.47,100,010,0,0,1975,1970,1991,1893,1989,1935,42.52,34.1,3408,53.250,85.20,1
2026-09-01T21:22:42.268,32.543,2,50,50,484,484,79.6,75.3,-0.63,-0.43,0.20,0.74,0.18,0.06,-0.63,-0.43,-5.87,-4.09,37.33,37.57,010,100,0,0,1929,1970,2020,1904,1957,1963,42.52,34.1,3352,52.375,83.80,1
2026-09-01T21:22:42.280,32.555,2,50,50,484,484,78.0,76.6,0.33,0.03,0.68,0.50,0.36,-0.56,0.33,0.03,-6.01,-3.40,37.31,37.63,101,011,0,0,1977,2013,1998,1889,1963,1951,42.52,34.1,3348,52.312,83.70,1
2026-09-01T21:22:42.292,32.567,2,50,50,507,484,76.2,69.4,-0.59,0.25,0.36,0.86,-0.25,0.19,-0.59,0.25,-6.15,-3.49,37.29,37.63,010,110,0,0,1959,1987,2011,1911,1970,1933,42.52,34.1,3417,53.391,85.42,1
2026-09-01T21:22:42.304,32.579,2,50,50,484,484,77.3,79.6,0.44,-0.47,0.60,0.46,0.34,-0.37,0.44,-0.47,-6.29,-3.15,37.26,37.66,001,001,0,0,1957,1996,2010,1886,1987,1943,42.52,34.1,3350,52.344,83.75,1
2026-09-01T21:22:42.316,32.591,2,50,50,484,484,79.5,74.5,-0.59,0.49,1.00,0.62,0.17,0.10,-0.59,0.49,-6.27,-3.23,37.24,37.61,110,010,0,0,1959,1962,2032,1895,1987,1943,42.52,34.1,3350,52.344,83.75,1
2026-09-01T21:22:42.327,32.602,2,50,50,484,484,73.9,73.5,0.47,-0.93,0.76,0.06,-0.24,1.01,0.47,-0.98,-5.92,-4.34,37.30,37.54,011,101,0,0,1962,1992,2006,1874,2015,1934,42.52,34.1,3351,52.359,83.78,1
2026-09-01T21:22:42.339,32.614,2,50,50,507,463,79.7,79.6,-0.36,0.07,0.68,0.52,0.41,0.39,-0.36,0.07,-6.33,-4.16,37.25,37.56,100,011,0,0,1962,2000,2000,1883,1914,1963,42.52,34.1,3350,52.344,83.75,1
2026-09-01T21:22:42.351,32.626,2,50,50,507,484,73.1,78.2,0.00,0.03,0.60,0.54,-0.88,0.71,0.00,0.03,-5.75,-4.61,37.35,37.51,010,110,0,0,1958,1978,1996,1887,1971,1951,42.52,34.1,3353,52.391,83.83,1
2026-09-01T21:22:42.362,32.637,2,50,50,507,484,79.7,70.6,0.14,-0.12,0.52,1.02,0.70,-0.60,0.14,-0.12,-6.33,-4.16,37.25,37.56,101,101,0,0,1952,1990,2003,1922,1949,1981,42.52,34.1,3346,52.281,83.65,1
2026-09-01T21:22:42.374,32.649,2,50,50,507,484,77.1,78.8,-0.31,0.51,0.76,0.54,-0.47,-0.08,-0.24,0.51,-5.75,-4.18,37.35,37.56,010,010,0,0,1961,2000,2011,1892,1987,1939,42.52,34.1,3349,52.328,83.72,1
2026-09-01T21:22:42.386,32.661,2,50,50,507,484,77.0,79.5,0.48,-0.33,0.74,0.74,-0.03,0.27,0.48,-0.33,-5.67,-4.41,37.34,37.53,001,100,0,0,1963,1968,2024,1905,1961,1951,42.52,34.1,3352,52.375,83.80,1
2026-09-01T21:22:42.397,32.673,2,50,50,484,484,80.0,75.5,-0.72,0.07,0.58,0.48,0.19,-0.79,-0.72,0.07,-6.04,-3.40,37.30,37.64,110,011,0,0,1952,1984,2020,1888,1987,1947,42.52,34.1,3349,52.328,83.72,1
2026-09-01T21:22:42.409,32.684,2,50,50,507,484,69.5,80.1,0.44,0.18,0.68,0.46,-0.37,0.56,0.44,0.18,-5.78,-3.82,37.34,37.59,011,110,0,0,1964,1977,2029,1888,1969,1953,42.52,34.1,3346,52.281,83.65,1
2026-09-01T21:22:42.423,32.699,2,50,50,484,484,80.0,69.8,-0.56,-0.32,0.36,0.90,1.01,-0.61,-0.56,-0.21,-6.78,-3.04,37.17,37.67,100,001,0,0,1933,1999,2031,1906,1965,1971,42.52,34.1,3350,52.344,83.75,1
2026-09-01T21:22:42.433,32.708,2,50,50,507,484,76.1,79.7,0.14,0.48,0.70,0.48,-0.66,-0.14,0.14,0.51,-5.89,-3.10,37.33,37.57,011,010,0,0,1960,1992,2008,1892,1986,1937,42.52,34.1,3349,52.328,83.72,1
2026-09-01T21:22:42.444,32.720,2,50,50,507,484,78.5,78.4,0.29,-0.99,1.00,-0.02,0.50,1.16,0.29,-0.99,-6.39,-3.98,37.24,37.58,101,100,0,0,1971,1978,2008,1867,1989,1957,42.52,34.1,3352,52.375,83.80,1
2026-09-01T21:22:42.456,32.731,2,50,50,484,484,78.1,72.6,-0.48,0.00,0.52,0.66,-0.30,-0.74,-0.48,0.00,-6.04,-3.39,37.29,37.64,010,011,0,0,1944,1977,2022,1896,1897,1933,42.52,34.1,3348,52.312,83.70,1
2026-09-01T21:22:42.468,32.743,2,50,50,507,484,70.7,80.0,0.44,0.27,0.74,0.54,0.13,0.56,0.44,0.27,-6.20,-4.29,37.28,37.55,101,110,0,0,1957,1986,2016,1893,1981,1949,42.52,34.1,3352,52.375,83.80,1
2026-09-01T21:22:42.480,32.755,2,50,50,484,484,79.8,75.3,-0.93,-0.52,0.24,0.70,0.55,-0.37,-0.93,-0.52,-6.40,-4.10,37.24,37.57,110,101,0,0,1934,1969,2033,1902,1961,1961,42.52,34.1,3353,52.391,83.83,1
2026-09-01T21:22:42.492,32.767,2,50,50,484,484,79.0,79.5,0.53,0.49,0.68,0.46,-0.02,-0.06,0.53,0.49,-5.88,-4.29,37.27,37.54,001,010,0,0,1976,1984,2009,1892,1999,1920,42.52,34.1,3350,52.344,83.75,1
2026-09-01T21:22:42.504,32.779,2,50,50,507,484,76.0,75.0,-0.63,-0.14,0.74,1.10,-0.23,-0.06,-0.63,-0.14,-5.76,-4.43,37.35,37.53,110,100,0,0,1956,1978,2044,1922,1942,1962,42.52,34.1,3352,52.375,83.80,1
2026-09-01T21:22:42.515,32.791,2,50,50,507,484,74.6,75.6,0.31,0.18,0.46,0.76,-0.38,-0.79,0.31,0.18,-5.57,-3.55,37.37,37.62,011,011,0,0,1964,1981,2016,1896,1965,1952,42.52,34.1,3349,52.328,83.72,1
2026-09-01T21:22:42.527,32.802,2,50,50,484,484,79.8,79.0,-0.45,0.03,0.50,0.46,0.62,0.69,-0.45,0.03,-6.35,-4.17,37.25,37.56,100,110,0,0,1949,2000,2012,1885,1971,1959,42.52,34.1,3352,52.375,83.80,1
2026-09-01T21:22:42.539,32.814,2,50,50,507,484,71.0,69.7,-0.09,-0.22,0.48,0.86,-0.80,-0.67,-0.09,-0.22,-5.90,-3.27,37.34,37.65,010,001,0,0,1956,2004,2036,1912,1960,1974,42.52,34.1,3349,52.328,83.72,1
2026-09-01T21:22:42.551,32.826,2,50,50,484,484,80.0,80.0,0.24,0.38,0.76,0.38,0.69,-0.10,0.24,0.38,-6.53,-3.10,37.22,37.63,101,010,0,0,1960,1994,2002,1884,1987,1925,42.52,34.1,3350,52.344,83.75,1
2026-09-01T21:22:42.562,32.837,2,50,50,507,484,74.9,72.9,-0.47,-0.70,0.60,0.38,-0.42,0.27,-0.47,-0.70,-6.11,-3.43,37.29,37.64,010,101,0,0,1960,2000,2009,1884,1981,1964,42.52,34.1,3351,52.359,83.78,1
2026-09-01T21:22:42.574,32.849,2,50,50,507,463,74.3,77.3,0.44,-0.17,0.60,0.70,-0.12,0.42,0.44,-0.17,-5.91,-3.03,37.32,37.67,001,011,0,0,1963,1954,2024,1873,1859,1949,42.52,34.1,3350,52.344,83.75,1
2026-09-01T21:22:42.586,32.861,2,50,50,484,484,79.8,77.5,-0.96,0.25,0.36,0.78,0.31,0.46,-0.96,0.25,-6.34,-4.13,37.24,37.56,110,110,0,0,1948,1980,2032,1909,1983,1942,42.52,34.1,3352,52.375,83.80,1
2026-09-01T21:22:42.598,32.873,2,50,50,484,484,73.1,73.2,0.36,-0.29,0.52,0.86,-0.31,-0.59,0.36,-0.29,-5.70,-3.99,37.35,37.58,001,001,0,0,1955,2021,1968,1903,1984,1924,42.52,34.1,3347,52.297,83.67,1
2026-09-01T21:22:42.611,32.886,2,50,50,484,484,77.3,79.8,-0.54,0.46,0.52,0.42,0.32,0.09,-0.54,0.46,-6.26,-4.27,37.27,37.54,100,010,0,0,1955,2000,2001,1891,1979,1950,42.52,34.1,3350,52.344,83.75,1
2026-09-01T21:22:42.621,32.896,2,50,50,484,484,79.7,76.1,0.18,-0.66,0.52,0.38,-0.62,0.50,0.18,-0.66,-5.35,-4.77,37.41,37.49,011,100,0,0,1950,1988,2004,1884,1978,1954,42.52,34.1,3352,52.375,83.80,1
2026-09-01T21:22:42.633,32.908,2,50,50,507,484,73.2,76.9,-0.07,0.39,0.60,0.78,0.42,-0.87,-0.11,0.51,-5.92,-3.73,37.32,37.60,100,011,0,0,1960,1984,1997,1904,1987,1961,42.52,34.1,3347,52.297,83.67,1
2026-09-01T21:22:42.645,32.920,2,50,50,484,484,79.9,80.0,-0.30,-0.09,0.52,0.22,-0.41,1.39,-0.25,-0.23,-5.59,-4.59,37.37,37.51,010,110,0,0,1956,1990,2013,1868,1975,1991,42.52,34.1,3354,52.406,83.85,1
2026-09-01T21:22:42.656,32.932,2,50,50,484,484,76.2,69.4,0.42,-0.23,0.48,0.82,0.66,-0.74,0.36,-0.15,-6.28,-3.41,37.26,37.63,101,001,0,0,1951,2001,2011,1911,1960,1965,42.52,34.1,3415,53.359,85.38,1
2026-09-01T21:22:42.668,32.943,2,50,50,484,484,76.1,79.5,-0.60,0.53,0.60,0.54,-0.08,-0.19,-0.60,0.53,-6.34,-3.18,37.25,37.47,110,010,0,0,1958,1997,2008,1892,1989,1931,42.52,34.1,3351,52.359,83.78,1
2026-09-01T21:22:42.680,32.955,2,50,50,484,484,79.5,73.1,0.29,-0.74,0.74,0.44,0.28,0.27,0.29,-0.74,-6.15,-3.32,37.29,37.64,001,101,0,0,1947,2016,1977,1887,1979,1959,42.52,34.1,3353,52.391,83.83,1
2026-09-01T21:22:42.692,32.968,2,50,50,507,484,80.0,77.3,-0.62,0.20,0.68,0.30,-0.24,-0.15,-0.62,0.20,-6.30,-2.79,37.26,37.68,110,011,0,0,1964,2004,1996,1876,1975,1943,42.52,34.1,3352,52.375,83.80,1
2026-09-01T21:22:42.704,32.979,2,50,50,484,484,71.8,74.4,0.47,-0.19,0.68,0.46,-0.13,0.57,0.47,-0.19,-6.07,-3.73,37.30,37.60,001,100,0,0,1959,1991,2006,1879,1995,1967,42.52,34.1,3351,52.359,83.78,1
2026-09-01T21:22:42.716,32.991,2,50,50,484,484,79.4,79.7,-0.52,-0.20,0.44,0.76,0.43,-0.59,-0.52,-0.20,-6.39,-3.62,37.24,37.62,100,001,0,0,1956,2010,2000,1908,1985,1971,42.52,34.1,3350,52.344,83.75,1
2026-09-01T21:22:42.727,33.002,2,50,50,507,484,74.4,78.7,0.14,0.75,0.76,0.78,-1.10,-0.10,0.14,0.78,-5.49,-4.00,37.39,37.36,011,010,0,0,1964,1988,1996,1908,2000,1927,42.52,34.1,3349,52.328,83.72,1
2026-09-01T21:22:42.740,33.015,2,50,50,507,484,78.7,74.9,0.16,-0.64,0.60,0.38,0.46,0.35,0.16,-0.64,-6.09,-4.58,37.29,37.51,101,100,0,0,1957,1984,2004,1889,1973,1959,42.52,34.1,3352,52.375,83.80,1
2026-09-01T21:22:42.751,33.026,2,50,50,484,484,78.0,75.9,-0.62,0.25,0.44,0.72,-0.24,-0.61,-0.62,0.24,-5.67,-4.03,37.36,37.57,010,011,0,0,1946,1981,2018,1896,1949,1953,42.52,34.1,3348,52.312,83.70,1
2026-09-01T21:22:42.762,33.037,2,50,50,507,484,72.8,80.0,0.61,0.18,0.98,0.46,-0.23,0.69,0.61,0.05,-5.48,-4.44,37.24,37.52,001,110,0,0,1976,1956,2032,1887,1967,1957,42.52,34.1,3352,52.375,83.80,1
2026-09-01T21:22:42.774,33.049,2,50,50,507,484,80.0,72.6,-0.79,-0.15,0.36,1.10,0.20,-0.53,-0.79,-0.08,-6.09,-3.73,37.29,37.60,110,101,0,0,1946,1993,2020,1916,1955,1975,42.52,34.1,3353,52.391,83.83,1
2026-09-01T21:22:42.786,33.061,2,50,50,484,484,71.9,79.1,0.30,0.38,0.42,0.38,0.12,-0.14,0.30,0.38,-6.14,-3.55,37.29,37.55,001,010,0,0,1947,1989,2003,1885,1991,1925,42.52,34.1,3351,52.359,83.78,1
2026-09-01T21:22:42.798,33.073,2,50,50,484,484,74.9,72.8,-0.48,-0.60,0.66,0.62,0.19,0.19,-0.48,-0.60,-6.36,-3.64,37.25,37.61,100,100,0,0,1960,2001,2000,1893,1971,1967,42.52,34.1,3353,52.391,83.83,1
2026-09-01T21:22:42.809,33.085,2,50,50,507,484,80.0,79.0,0.37,0.10,0.92,0.30,-0.60,-0.58,0.37,0.16,-5.81,-2.86,37.34,37.68,011,011,0,0,1966,1992,2020,1876,1979,1943,42.52,34.1,3352,52.375,83.80,1
2026-09-01T21:22:42.821,33.096,2,50,50,507,484,69.9,78.6,0.00,-0.02,0.96,0.46,0.37,0.70,0.00,-0.02,-6.22,-3.56,37.27,37.62,101,110,0,0,1963,1972,1996,1885,1967,1951,42.52,34.1,3346,52.281,83.65,1
2026-09-01T21:22:42.833,33.108,2,50,50,507,484,79.3,72.7,-0.30,-0.49,0.56,0.56,-0.46,-0.44,-0.30,-0.49,-5.91,-3.49,37.32,37.63,010,001,0,0,1953,1994,2030,1892,1987,1920,42.52,34.1,3349,52.328,83.72,1
2026-09-01T21:22:42.845,33.120,2,50,50,507,484,78.1,79.8,0.51,0.32,0.84,0.24,0.25,0.58,0.51,0.32,-6.04,-4.12,37.26,37.57,101,010,0,0,1967,1979,2017,1880,1977,1955,42.52,34.1,3350,52.344,83.75,1
2026-09-01T21:22:42.856,33.132,2,50,50,484,484,77.3,79.0,-0.90,-0.58,0.18,0.50,0.52,0.55,-0.90,-0.58,-6.24,-4.39,37.27,37.53,110,100,0,0,1931,1977,2028,1888,1977,1959,42.52,34.1,3352,52.375,83.80,1
2026-09-01T21:22:42.868,33.143,2,50,50,484,484,77.9,72.6,0.39,0.18,0.36,0.78,-0.13,-0.78,0.39,0.29,-5.61,-3.81,37.37,37.60,001,001,0,0,1952,1989,2008,1908,1983,1967,42.52,34.1,3349,52.328,83.72,1
2026-09-01T21:22:42.880,33.155,2,50,50,507,484,69.5,77.2,-0.45,0.26,1.00,0.46,-0.19,0.60,-0.45,0.12,-5.74,-4.45,37.35,37.52,100,110,0,0,1971,2016,1978,1881,1975,1987,42.52,34.1,3345,52.266,83.62,1
2026-09-01T21:22:42.892,33.167,2,50,50,484,484,70.8,73.0,0.41,-0.11,0.64,1.14,-0.21,-0.69,0.41,-0.11,-5.74,-3.83,37.35,37.60,011,101,0,0,1954,1990,2008,1924,1951,1983,42.52,34.1,3346,52.281,83.65,1
2026-09-01T21:22:42.904,33.179,2,50,50,484,484,79.8,78.9,-0.22,0.50,0.76,0.62,0.58,-0.17,-0.34,0.55,-6.48,-3.66,37.23,37.44,100,010,0,0,1956,2000,2020,1892,1991,1935,42.52,34.1,3352,52.375,83.80,1
2026-09-01T21:22:42.915,33.190,2,50,50,507,484,71.0,78.5,0.13,-0.25,0.92,0.86,-0.86,0.03,0.13,-0.25,-5.85,-3.73,37.33,37.60,010,100,0,0,1967,2004,2024,1906,1946,1964,42.52,34.1,3353,52.391,83.83,1
2026-09-01T21:22:42.927,33.202,2,50,50,507,484,77.6,76.4,0.07,0.00,0.52,0.54,0.49,-0.59,0.07,0.00,-6.49,-2.91,37.23,37.68,101,011,0,0,1957,1984,2000,1885,1947,1943,42.52,34.1,3349,52.328,83.72,1
2026-09-01T21:22:42.939,33.215,2,50,50,507,484,73.2,79.9,-0.48,0.24,0.68,0.54,-0.48,0.42,-0.41,0.13,-5.90,-3.31,37.32,37.64,010,110,0,0,1966,1960,2013,1890,1970,1952,42.52,34.1,3352,52.375,83.80,1
2026-09-01T21:22:42.950,33.225,2,50,50,507,484,79.8,77.8,0.29,-0.77,0.66,0.44,0.14,-0.08,0.29,-0.77,-6.03,-3.56,37.30,37.62,001,101,0,0,1948,1982,2005,1886,1970,1962,42.52,34.1,3353,52.391,83.83,1
2026-09-01T21:22:42.962,33.237,2,50,50,484,484,72.0,71.2,-0.58,0.31,0.60,0.30,0.20,-0.10,-0.58,0.31,-6.29,-3.51,37.26,37.63,110,010,0,0,1953,1989,2011,1881,1976,1942,42.52,34.1,3413,53.328,85.33,1
2026-09-01T21:22:42.974,33.249,2,50,50,507,484,77.1,78.8,0.28,-0.15,0.52,0.78,-0.48,0.55,0.35,-0.28,-5.58,-4.20,37.37,37.55,011,100,0,0,1952,1981,2018,1898,1981,1956,42.52,34.1,3352,52.375,83.80,1
2026-09-01T21:22:42.985,33.261,2,50,50,507,484,79.8,78.5,0.05,-0.38,1.16,0.38,0.17,-0.41,0.05,-0.38,-5.90,-3.92,37.32,37.58,100,001,0,0,1980,1992,1996,1882,1983,1949,42.52,34.1,3350,52.344,83.75,1
2026-09-01T21:22:42.998,33.273,2,50,50,507,484,80.0,80.0,0.15,0.11,0.48,0.62,-0.37,0.87,0.21,0.11,-5.50,-4.55,37.39,37.51,011,110,0,0,1948,1983,2016,1892,1975,1959,42.52,34.1,3352,52.375,83.80,1
2026-09-01T21:22:43.011,33.286,2,50,50,484,484,73.3,74.0,-0.13,-0.55,0.52,0.62,0.45,-0.33,-0.13,-0.55,-5.97,-3.99,37.31,37.58,100,101,0,0,1953,1991,2005,1895,1967,1962,42.52,34.1,3353,52.391,83.83,1
2026-09-01T21:22:43.021,33.296,2,50,50,484,484,78.3,77.4,-0.63,0.64,0.08,0.70,0.10,-0.30,-0.63,0.64,-6.05,-3.72,37.30,37.40,010,010,0,0,1928,1977,2008,1904,1997,1937,42.52,34.1,3350,52.344,83.75,1
2026-09-01T21:22:43.033,33.308,2,50,50,507,484,79.1,78.4,0.31,-0.38,0.52,0.72,0.71,0.16,0.31,-0.38,-6.50,-4.01,37.23,37.58,101,100,0,0,1969,2002,1999,1905,1961,1977,42.52,34.1,3352,52.375,83.80,1
2026-09-01T21:22:43.045,33.320,2,50,50,484,484,71.9,73.8,-0.71,0.15,0.60,0.74,-0.01,-0.88,-0.71,0.15,-6.41,-2.92,37.24,37.68,110,011,0,0,1953,1991,2005,1892,1953,1947,42.52,34.1,3349,52.328,83.72,1
2026-09-01T21:22:43.056,33.331,2,50,50,484,484,79.6,80.1,0.56,0.11,0.94,0.44,-0.16,0.52,0.56,0.11,-6.16,-3.43,37.24,37.63,001,110,0,0,1963,1984,2008,1885,1971,1955,42.52,34.1,3352,52.375,83.80,1
2026-09-01T21:22:43.068,33.343,2,50,50,484,484,70.5,71.7,-0.60,-0.45,0.52,0.54,0.32,-0.40,-0.60,-0.45,-6.51,-3.02,37.23,37.67,110,001,0,0,1952,1982,2020,1897,1971,1960,42.52,34.1,3413,53.328,85.33,1
2026-09-01T21:22:43.080,33.355,2,50,50,484,484,78.4,79.3,0.23,-0.08,0.52,-0.34,-0.30,1.03,0.23,-0.08,-5.97,-3.80,37.32,37.60,011,010,0,0,1947,1987,2024,1852,1971,1943,42.52,34.1,3350,52.344,83.75,1
2026-09-01T21:22:43.092,33.367,2,50,50,507,484,75.5,73.2,-0.49,-0.57,0.78,0.72,0.12,0.13,-0.49,-0.57,-6.19,-3.98,37.28,37.58,100,101,0,0,1959,2028,1990,1893,2035,1922,42.52,34.1,3351,52.359,83.78,1
2026-09-01T21:22:43.104,33.379,2,50,50,507,484,78.7,78.7,0.17,0.19,0.76,0.58,-0.78,-0.37,0.17,0.19,-5.30,-3.93,37.40,37.58,011,011,0,0,1960,1984,2005,1888,1959,1953,42.52,34.1,3350,52.344,83.75,1
2026-09-01T21:22:43.116,33.391,2,50,50,507,484,71.4,78.1,-0.04,0.01,0.66,0.52,0.33,0.96,-0.04,0.01,-5.79,-4.73,37.34,37.49,101,110,0,0,1960,1974,1995,1887,1972,1950,42.52,34.1,3410,53.281,85.25,1
2026-09-01T21:22:43.127,33.402,2,50,50,484,484,80.0,70.5,-0.66,-0.07,0.20,1.18,0.02,-0.65,-0.60,-0.06,-5.77,-4.14,37.34,37.56,010,101,0,0,1928,1968,2029,1920,1943,1983,42.52,34.1,3346,52.281,83.65,1
2026-09-01T21:22:43.141,33.417,2,50,50,484,484,74.7,78.2,0.43,0.61,0.68,0.84,0.44,-0.01,0.31,0.54,-5.87,-4.02,37.33,37.38,101,010,0,0,1960,2042,2005,1900,1973,1949,42.52,34.1,3349,52.328,83.72,1
2026-09-01T21:22:43.151,33.426,2,50,50,484,484,77.3,76.5,-0.72,-0.54,0.52,0.58,0.04,-0.03,-0.72,-0.54,-6.31,-4.16,37.26,37.56,110,100,0,0,1950,1988,2014,1898,1937,1985,42.52,34.1,3353,52.391,83.83,1
2026-09-01T21:22:43.163,33.438,2,50,50,484,484,78.9,75.4,0.34,0.05,0.46,0.56,0.13,-0.68,0.34,0.05,-6.15,-3.40,37.28,37.63,001,011,0,0,1949,1992,2020,1881,1955,1942,42.52,34.1,3349,52.328,83.72,1
2026-09-01T21:22:43.174,33.449,2,50,50,507,484,72.5,80.0,-0.14,0.05,1.24,0.42,-0.26,0.67,-0.14,0.05,-6.16,-3.62,37.28,37.61,100,110,0,0,1988,2018,1968,1882,1967,1951,42.52,34.1,3352,52.375,83.80,1
2026-09-01T21:22:43.186,33.461,2,50,50,484,484,80.0,72.1,0.26,-0.41,0.92,0.74,-0.34,-0.66,0.31,-0.35,-5.80,-2.79,37.34,37.68,011,001,0,0,1956,1994,2003,1897,1983,1927,42.52,34.1,3349,52.328,83.72,1
2026-09-01T21:22:43.198,33.473,2,50,50,507,484,74.9,80.0,0.00,0.38,0.80,0.34,0.20,0.05,0.00,0.38,-6.13,-2.90,37.29,37.67,100,010,0,0,1965,1973,1994,1881,1973,1950,42.52,34.1,3349,52.328,83.72,1
2026-09-01T21:22:43.209,33.485,2,50,50,507,463,78.7,78.1,-0.25,-0.86,0.68,0.18,-0.60,1.05,-0.25,-0.86,-5.84,-4.13,37.33,37.56,010,100,0,0,1958,2002,2024,1872,1994,1950,42.52,34.1,3353,52.391,83.83,1
2026-09-01T21:22:43.221,33.496,2,50,50,507,463,79.9,76.4,0.14,0.08,0.26,0.86,0.78,-0.14,0.14,0.08,-6.41,-3.25,37.24,37.65,101,011,0,0,1945,2000,2005,1899,1895,1943,42.52,34.1,3348,52.312,83.70,1
2026-09-01T21:22:43.233,33.508,2,50,50,484,484,76.5,79.4,-0.62,0.20,0.68,0.46,-0.26,0.91,-0.57,0.09,-5.87,-4.43,37.33,37.53,110,110,0,0,1956,1992,2013,1884,1975,1972,42.52,34.1,3352,52.375,83.80,1
2026-09-01T21:22:43.246,33.521,2,50,50,507,484,80.0,77.4,0.39,-0.70,0.64,0.60,0.00,-0.06,0.39,-0.70,-5.72,-4.34,37.35,37.54,001,101,0,0,1954,1973,2018,1890,1981,1955,42.52,34.1,3353,52.391,83.83,1
2026-09-01T21:22:43.256,33.531,2,50,50,507,484,73.4,73.3,-0.49,0.35,0.76,0.38,0.03,-0.01,-0.49,0.35,-6.10,-4.16,37.29,37.56,110,010,0,0,1964,1970,2032,1882,1977,1947,42.52,34.1,3348,52.312,83.70,1
2026-09-01T21:22:43.268,33.543,2,50,50,484,484,79.9,79.5,0.23,-0.15,0.52,0.62,-0.27,0.33,0.23,-0.15,-5.92,-4.39,37.32,37.53,011,100,0,0,1952,1989,2014,1900,1963,1949,42.52,34.1,3353,52.391,83.83,1
2026-09-01T21:22:43.280,33.555,2,50,50,507,484,75.2,76.7,0.00,-0.32,0.76,0.42,0.30,-0.28,0.00,-0.32,-6.50,-3.77,37.22,37.60,100,001,0,0,1964,2004,2081,1881,1979,1941,42.52,34.1,3350,52.344,83.75,1
2026-09-01T21:22:43.292,33.567,2,50,50,507,484,76.1,78.5,0.09,0.10,0.80,0.64,-0.58,0.44,0.09,0.02,-6.01,-3.77,37.31,37.60,011,110,0,0,1956,1989,2008,1892,1969,1943,42.52,34.1,3351,52.359,83.78,1
2026-09-01T21:22:43.303,33.579,2,50,50,507,484,78.5,69.7,0.28,-0.56,0.84,0.46,0.41,-0.48,0.28,-0.56,-6.50,-3.23,37.23,37.65,101,001,0,0,1969,1981,2009,1890,1975,1959,42.52,34.1,3350,52.344,83.75,1
2026-09-01T21:22:43.315,33.591,2,50,50,484,484,78.1,79.8,-0.45,0.44,0.52,0.42,-0.35,-0.03,-0.45,0.44,-6.15,-3.02,37.29,37.60,010,010,0,0,1948,1978,2018,1888,1979,1943,42.52,34.1,3349,52.328,83.72,1
2026-09-01T21:22:43.327,33.602,2,50,50,507,484,75.5,77.8,0.52,-0.67,0.78,0.36,0.07,0.47,0.52,-0.67,-6.16,-3.59,37.26,37.62,001,100,0,0,1962,1979,2019,1883,1975,1965,42.52,34.1,3352,52.375,83.80,1
2026-09-01T21:22:43.339,33.615,2,50,50,484,484,79.8,72.5,-0.96,0.01,0.50,0.60,0.57,-0.30,-0.95,0.02,-6.39,-3.26,37.24,37.65,110,011,0,0,1937,1952,2038,1888,1935,1947,42.52,34.1,3349,52.328,83.72,1
2026-09-01T21:22:43.350,33.626,2,50,50,507,484,70.9,79.4,0.56,0.31,0.84,0.42,-0.51,0.46,0.56,0.31,-5.51,-4.04,37.28,37.57,001,110,0,0,1967,1974,2029,1892,1980,1946,42.52,34.1,3411,53.297,85.28,1
2026-09-01T21:22:43.362,33.637,2,50,50,507,484,79.8,79.6,-0.21,-0.52,0.92,0.74,0.21,-0.24,-0.21,-0.52,-5.72,-4.12,37.35,37.56,100,101,0,0,1966,2000,1992,1902,1964,1958,42.52,34.1,3353,52.391,83.83,1
2026-09-01T21:22:43.375,33.650,2,50,50,484,484,69.6,76.4,-0.34,0.23,0.04,0.26,-0.23,0.15,-0.34,0.23,-5.62,-4.29,37.37,37.55,010,011,0,0,1935,1989,2003,1879,1971,1950,42.52,34.1,3351,52.359,83.78,1
2026-09-01T21:22:43.385,33.661,2,50,50,484,484,78.3,76.3,-0.04,-0.07,0.46,0.64,0.80,0.41,-0.04,-0.07,-6.19,-4.46,37.28,37.52,101,100,0,0,1968,2002,1994,1907,1969,1951,42.52,34.1,3351,52.359,83.78,1
2026-09-01T21:22:43.398,33.673,2,50,50,507,484,77.0,69.3,-0.16,0.00,0.60,0.54,-0.85,-0.81,-0.16,0.00,-5.79,-3.56,37.34,37.62,010,011,0,0,1972,2016,2031,1890,2004,1954,42.52,34.1,3349,52.328,83.72,1
2026-09-01T21:22:43.409,33.685,2,50,50,507,484,79.1,79.8,0.33,0.00,0.66,0.36,0.55,1.24,0.26,-0.14,-6.41,-4.29,37.24,37.54,101,110,0,0,1961,1986,2005,1877,1975,1983,42.52,34.1,3352,52.375,83.80,1
2026-09-01T21:22:43.421,33.696,2,50,50,484,484,72.1,72.9,-0.62,-0.50,0.52,0.66,-0.04,-0.50,-0.62,-0.50,-6.19,-3.44,37.28,37.64,110,101,0,0,1950,1992,2012,1898,1965,1966,42.52,34.1,3353,52.391,83.83,1
2026-09-01T21:22:43.433,33.708,2,50,50,507,484,79.4,79.6,0.51,0.40,0.60,0.42,-0.14,-0.16,0.51,0.40,-5.84,-3.15,37.34,37.64,001,010,0,0,1960,1961,2027,1888,1991,1925,42.52,34.1,3350,52.344,83.75,1
2026-09-01T21:22:43.445,33.720,2,50,50,484,484,76.1,75.8,-0.69,-0.61,0.58,0.48,-0.02,0.24,-0.69,-0.61,-6.14,-3.39,37.29,37.64,110,100,0,0,1953,1976,2064,1884,1969,1965,42.52,34.1,3351,52.359,83.78,1
2026-09-01T21:22:43.456,33.732,2,50,50,484,463,75.3,75.0,0.28,-0.17,0.52,0.62,-0.32,-0.20,0.28,-0.17,-5.84,-3.13,37.34,37.66,011,011,0,0,1955,1984,2010,1873,1891,1943,42.52,34.1,3349,52.328,83.72,1
2026-09-01T21:22:43.468,33.743,2,50,50,484,484,80.0,79.1,-0.28,0.28,0.68,0.74,0.40,0.50,-0.28,0.28,-6.28,-3.98,37.26,37.58,100,110,0,0,1956,2001,2004,1904,1979,1935,42.52,34.1,3352,52.375,83.80,1
2026-09-01T21:22:43.480,33.755,2,50,50,507,484,74.1,69.5,0.31,-0.38,1.16,0.72,-1.31,-0.47,0.39,-0.33,-5.12,-3.74,37.40,37.60,011,001,0,0,1982,1995,1995,1903,1979,1944,42.52,34.1,3414,53.344,85.35,1
2026-09-01T21:22:43.492,33.768,2,50,50,507,484,73.1,79.6,-0.08,0.54,0.64,0.46,0.32,0.14,-0.08,0.54,-5.81,-4.10,37.34,37.57,101,010,0,0,1956,1986,2001,1892,1985,1949,42.52,34.1,3350,52.344,83.75,1
2026-09-01T21:22:43.504,33.779,2,50,50,484,484,79.9,74.9,-0.60,-0.33,0.36,0.90,0.20,0.09,-0.60,-0.33,-5.74,-4.56,37.35,37.51,010,100,0,0,1930,1968,2016,1909,1955,1959,42.52,34.1,3352,52.375,83.80,1
2026-09-01T21:22:43.516,33.791,2,50,50,484,484,76.1,75.7,0.22,0.35,0.32,0.96,0.78,-0.59,0.09,0.35,-6.06,-3.73,37.30,37.60,101,011,0,0,1943,2044,2002,1907,1958,1955,42.52,34.1,3348,52.312,83.70,1
2026-09-01T21:22:43.527,33.803,2,50,50,484,484,78.9,80.0,-0.66,0.00,0.52,0.38,0.07,1.12,-0.66,-0.13,-6.24,-4.45,37.27,37.52,110,110,0,0,1955,1989,2010,1881,1973,1973,42.52,34.1,3352,52.375,83.80,1
2026-09-01T21:22:43.540,33.816,2,50,50,484,484,77.1,71.2,0.34,-0.17,0.50,1.04,-0.10,-0.62,0.31,-0.14,-6.03,-3.49,37.30,37.63,001,001,0,0,1945,2012,1978,1920,1959,1978,42.52,34.1,3346,52.281,83.65,1
2026-09-01T21:22:43.551,33.827,2,50,50,484,484,73.4,79.5,-0.77,0.40,0.44,0.46,0.59,-0.10,-0.77,0.40,-6.46,-3.23,37.23,37.61,100,010,0,0,1944,1996,2016,1888,1981,1941,42.52,34.1,3350,52.344,83.75,1
2026-09-01T21:22:43.562,33.838,2,50,50,484,484,80.0,74.4,0.33,-0.76,0.72,0.38,-0.38,0.35,0.33,-0.76,-5.81,-3.48,37.34,37.63,011,100,0,0,1976,1995,2000,1884,1983,1971,42.52,34.1,3352,52.375,83.80,1
2026-09-01T21:22:43.575,33.850,2,50,50,484,484,74.8,78.2,0.16,0.11,1.16,0.46,-0.05,-0.44,0.16,0.11,-6.07,-2.73,37.29,37.68,100,011,0,0,1975,1996,2048,1888,1963,1946,42.52,34.1,3349,52.328,83.72,1
2026-09-01T21:22:43.586,33.861,2,50,50,507,484,77.9,79.6,-0.24,0.00,0.60,0.30,-0.76,0.97,-0.24,0.00,-5.82,-3.89,37.34,37.59,010,110,0,0,1960,2006,2024,1880,1972,1954,42.52,34.1,3352,52.375,83.80,1
2026-09-01T21:22:43.598,33.873,2,50,50,507,484,78.9,70.7,0.24,-0.52,0.56,0.66,0.52,-0.22,0.24,-0.52,-5.93,-4.07,37.29,37.58,101,001,0,0,1945,2010,2004,1894,1975,1963,42.52,34.1,3415,53.359,85.38,1
2026-09-01T21:22:43.610,33.885,2,50,50,484,484,70.6,78.7,-0.78,0.44,0.36,0.46,0.05,-0.02,-0.78,0.44,-5.88,-3.94,37.33,37.58,010,010,0,0,1944,1984,2016,1891,1981,1949,42.52,34.1,3348,52.312,83.70,1
2026-09-01T21:22:43.621,33.896,2,50,50,484,484,80.1,79.8,0.34,-0.31,0.48,0.68,0.07,0.31,0.34,-0.31,-5.63,-4.52,37.36,37.52,001,100,0,0,1948,1988,2005,1900,1961,1957,42.52,34.1,3352,52.375,83.80,1
2026-09-01T21:22:43.633,33.908,2,50,50,484,484,70.2,76.5,-0.83,-0.16,0.26,0.58,0.60,-0.48,-0.83,-0.16,-6.30,-4.07,37.26,37.57,110,001,0,0,1939,1989,2022,1891,1977,1953,42.52,34.1,3408,53.250,85.20,1
2026-09-01T21:22:43.645,33.920,2,50,50,484,484,79.6,75.7,0.23,0.44,0.58,0.60,-0.16,0.30,0.23,0.44,-5.87,-3.94,37.33,37.56,011,110,0,0,1948,1989,2016,1884,1971,1978,42.52,34.1,3353,52.391,83.83,1
2026-09-01T21:22:43.656,33.932,2,50,50,484,484,77.3,78.5,0.02,-0.38,0.92,0.86,0.18,-0.57,0.02,-0.38,-6.18,-3.75,37.28,37.60,100,101,0,0,1966,1994,2009,1912,1946,1991,42.52,34.1,3351,52.359,83.78,1
2026-09-01T21:22:43.668,33.943,2,50,50,507,484,74.4,72.8,0.06,0.35,0.92,0.30,-0.66,-0.19,0.06,0.39,-5.75,-3.56,37.35,37.58,010,010,0,0,1968,2002,2011,1881,1985,1937,42.52,34.1,3349,52.328,83.72,1
2026-09-01T21:22:43.680,33.955,2,50,50,484,484,78.9,79.2,0.37,-0.04,0.58,0.86,0.54,0.41,0.27,-0.19,-6.22,-3.64,37.27,37.61,101,100,0,0,1953,1993,2008,1907,1975,1955,42.52,34.1,3352,52.375,83.80,1
2026-09-01T21:22:43.692,33.967,2,50,50,507,484,79.9,76.3,-0.36,0.06,0.60,0.38,-0.48,-0.64,-0.36,0.06,-5.97,-2.82,37.32,37.68,010,011,0,0,1956,2005,2024,1882,1983,1947,42.52,34.1,3349,52.328,83.72,1
2026-09-01T21:22:43.703,33.979,2,50,50,507,484,72.6,80.0,0.58,0.23,0.84,0.58,0.05,0.49,0.58,0.23,-6.00,-3.38,37.29,37.64,001,110,0,0,1966,1977,2021,1895,1975,1951,42.52,34.1,3352,52.375,83.80,1
2026-09-01T21:22:43.715,33.991,2,50,50,484,484,80.0,71.2,-0.78,-0.39,0.68,0.70,0.28,-0.61,-0.78,-0.39,-6.09,-3.55,37.29,37.63,110,101,0,0,1948,1976,2032,1908,1951,1983,42.52,34.1,3346,52.281,83.65,1
2026-09-01T21:22:43.727,34.002,2,50,50,507,484,75.8,76.9,0.39,0.36,0.64,0.50,-0.32,0.17,0.39,0.36,-5.53,-3.99,37.38,37.58,001,010,0,0,1971,2000,1980,1886,1954,1971,42.52,34.1,3348,52.312,83.70,1
2026-09-01T21:22:43.740,34.015,2,50,50,507,484,77.0,80.0,-0.32,-0.50,0.92,0.42,0.03,0.73,-0.32,-0.50,-5.75,-4.56,37.35,37.51,100,100,0,0,1970,2001,1980,1884,1978,1957,42.52,34.1,3353,52.391,83.83,1
2026-09-01T21:22:43.750,34.026,2,50,50,484,484,75.8,77.6,-0.06,0.16,0.24,0.96,-0.32,-0.84,-0.06,0.16,-5.53,-3.95,37.38,37.58,011,001,0,0,1944,1990,1995,1916,1977,1975,42.52,34.1,3349,52.328,83.72,1
2026-09-01T21:22:43.764,34.039,2,50,50,507,484,76.8,70.2,0.19,0.68,0.72,0.74,0.42,-0.05,0.19,0.68,-6.08,-4.31,37.29,37.44,101,010,0,0,1965,1976,2000,1905,1997,1923,42.52,34.1,3344,52.250,83.60,1
2026-09-01T21:22:43.774,34.049,2,50,50,507,484,78.9,80.0,-0.24,-0.63,0.60,0.84,-0.55,0.04,-0.24,-0.63,-5.92,-4.27,37.32,37.55,010,101,0,0,1960,2000,2011,1900,1991,1947,42.52,34.1,3352,52.375,83.80,1
2026-09-01T21:22:43.786,34.061,2,50,50,484,484,77.1,79.2,-0.06,0.30,-0.12,0.54,1.33,-0.52,-0.06,0.30,-6.65,-3.64,37.20,37.61,001,011,0,0,1912,2033,1984,1890,1987,1945,42.52,34.1,3350,52.344,83.75,1
2026-09-01T21:22:43.798,34.073,2,50,50,484,484,70.4,79.1,-0.60,-0.32,0.48,0.70,-0.29,0.12,-0.60,-0.32,-6.09,-3.87,37.29,37.59,110,100,0,0,1950,1994,2008,1900,1953,1963,42.52,34.1,3353,52.391,83.83,1
2026-09-01T21:22:43.809,34.085,2,50,50,507,484,79.3,71.8,0.35,0.11,0.52,0.94,0.08,-1.16,0.35,0.07,-6.11,-2.71,37.29,37.69,001,011,0,0,1945,1977,2024,1898,1909,1930,42.52,34.1,3350,52.344,83.75,1
2026-09-01T21:22:43.821,34.096,2,50,50,484,484,72.3,79.9,-0.78,0.32,0.34,0.62,0.41,0.37,-0.75,0.26,-6.52,-3.39,37.22,37.64,110,110,0,0,1948,1982,2016,1896,1978,1941,42.52,34.1,3352,52.375,83.80,1
2026-09-01T21:22:43.833,34.108,2,50,50,484,484,79.6,77.0,0.22,-0.73,0.56,0.36,-0.45,-0.29,0.22,-0.73,-5.80,-3.33,37.34,37.64,011,101,0,0,1950,1983,2014,1887,1968,1964,42.52,34.1,3353,52.391,83.83,1
2026-09-01T21:22:43.844,34.120,2,50,50,507,484,74.9,70.6,-0.04,0.09,0.68,0.06,0.28,0.50,-0.04,0.09,-6.13,-4.18,37.29,37.56,100,010,0,0,1962,1994,2029,1870,1969,1947,42.52,34.1,3351,52.359,83.78,1
2026-09-01T21:22:43.856,34.131,2,50,50,484,484,77.7,78.9,-0.29,-0.13,0.44,0.74,-0.48,0.60,-0.22,-0.28,-5.51,-4.48,37.38,37.52,010,100,0,0,1948,1986,2016,1900,1981,1953,42.52,34.1,3352,52.375,83.80,1
2026-09-01T21:22:43.868,34.143,2,50,50,484,484,79.8,78.4,0.26,-0.25,0.60,0.54,0.47,-0.42,0.26,-0.25,-5.86,-4.11,37.33,37.57,101,001,0,0,1952,1994,2008,1889,1983,1951,42.52,34.1,3350,52.344,83.75,1
2026-09-01T21:22:43.880,34.155,2,50,50,507,484,73.2,73.1,-0.59,0.71,0.46,0.86,-0.37,-0.06,-0.59,0.71,-5.87,-4.22,37.33,37.39,110,110,0,0,1955,1953,2021,1905,1979,1993,42.52,34.1,3352,52.375,83.80,1
2026-09-01T21:22:43.892,34.167,2,50,50,484,484,71.9,73.9,0.41,-0.55,0.52,0.66,0.45,-0.31,0.41,-0.55,-6.21,-4.07,37.27,37.57,101,101,0,0,1951,2006,2012,1895,1971,1961,42.52,34.1,3352,52.375,83.80,1
2026-09-01T21:22:43.904,34.179,2,50,50,484,484,78.9,78.1,-0.71,0.67,0.64,0.74,0.32,-0.32,-0.71,0.67,-6.45,-3.56,37.24,37.35,110,010,0,0,1956,1973,2019,1902,1995,1931,42.52,34.1,3350,52.344,83.75,1
2026-09-01T21:22:43.915,34.191,2,50,50,484,484,78.6,77.6,0.58,-0.67,0.82,0.36,-0.21,0.42,0.58,-0.67,-5.91,-3.89,37.24,37.61,001,100,0,0,1960,1988,2004,1884,1975,1967,42.54,34.1,3352,52.375,83.80,1
2026-09-01T21:22:43.927,34.203,2,50,50,507,484,69.9,76.3,-0.60,0.10,0.60,0.46,0.03,-0.66,-0.60,0.10,-6.18,-2.87,37.30,37.70,110,011,0,0,1955,2006,1994,1885,1979,1943,42.54,34.1,3343,52.234,83.58,1
2026-09-01T21:22:43.941,34.216,2,50,50,484,484,79.6,78.0,0.13,0.09,0.68,0.62,-0.29,0.44,0.13,0.09,-5.86,-3.11,37.35,37.68,011,110,0,0,1942,1983,2008,1894,1968,1938,42.54,34.1,3353,52.391,83.83,1
2026-09-01T21:22:43.951,34.226,2,50,50,507,484,78.1,75.0,0.12,-0.35,1.16,0.52,0.17,-0.55,-0.02,-0.35,-6.00,-2.63,37.33,37.71,100,001,0,0,1971,1988,2016,1889,1975,1951,42.54,34.1,3348,52.312,83.70,1
2026-09-01T21:22:43.963,34.238,2,50,50,507,484,71.3,79.7,-0.02,0.29,0.64,0.22,-0.84,0.43,-0.02,0.29,-5.58,-3.38,37.39,37.65,010,010,0,0,1961,2005,2037,1877,1985,1935,42.54,34.1,3350,52.344,83.75,1
2026-09-01T21:22:43.974,34.250,2,50,50,507,484,79.4,72.4,0.23,-0.80,0.76,0.38,0.25,0.65,0.23,-0.80,-5.86,-4.09,37.35,37.58,101,100,0,0,1962,1969,2001,1884,1985,1951,42.54,34.1,3352,52.375,83.80,1
2026-09-01T21:22:43.986,34.262,2,50,50,484,463,75.7,76.7,-0.40,0.00,0.80,0.46,-0.40,-0.24,-0.40,0.00,-5.54,-3.68,37.39,37.61,010,011,0,0,1956,1921,2027,1881,1935,1953,42.54,34.1,3348,52.312,83.70,1
2026-09-01T21:22:43.998,34.273,2,50,50,507,484,76.9,80.0,0.40,0.23,0.52,0.68,0.14,0.71,0.40,0.23,-5.85,-4.46,37.35,37.54,001,110,0,0,1956,1977,2016,1896,1971,1957,42.54,34.1,3352,52.375,83.80,1
2026-09-01T21:22:44.010,34.285,2,50,50,484,484,78.9,73.8,-0.75,-0.54,0.44,0.60,0.32,-0.33,-0.75,-0.43,-6.31,-4.20,37.28,37.57,110,101,0,0,1948,1980,2020,1896,1967,1963,42.54,34.1,3352,52.375,83.80,1
2026-09-01T21:22:44.022,34.297,2,50,50,484,484,70.6,77.7,0.40,0.51,0.52,0.58,-0.23,-0.19,0.40,0.51,-5.99,-3.85,37.33,37.49,011,010,0,0,1952,1986,2010,1892,1988,1938,42.54,34.1,3350,52.344,83.75,1
2026-09-01T21:22:44.033,34.309,2,50,50,507,484,79.2,77.6,-0.31,-0.50,0.84,0.70,0.25,-0.02,-0.31,-0.50,-6.41,-3.99,37.26,37.60,100,100,0,0,1961,2004,2000,1900,1933,1988,42.54,34.1,3353,52.391,83.83,1
2026-09-01T21:22:44.045,34.320,2,50,50,484,484,76.0,73.9,0.23,0.19,0.72,0.80,-0.45,-0.60,0.30,0.17,-5.94,-3.17,37.34,37.67,011,011,0,0,1964,1997,2001,1892,1959,1945,42.54,34.1,3348,52.312,83.70,1
2026-09-01T21:22:44.057,34.332,2,50,50,507,484,76.6,80.1,0.10,0.30,0.68,0.62,0.41,0.36,0.10,0.30,-6.34,-3.49,37.27,37.65,101,110,0,0,1960,1976,2000,1896,1979,1943,42.54,34.1,3352,52.375,83.80,1
2026-09-01T21:22:44.068,34.343,2,50,50,507,484,77.3,74.8,-0.43,-0.42,0.50,0.64,-0.26,-0.63,-0.43,-0.42,-6.11,-2.99,37.31,37.70,010,101,0,0,1952,1988,2016,1902,1950,1983,42.54,34.1,3352,52.375,83.80,1
2026-09-01T21:22:44.080,34.355,2,50,50,484,484,77.5,74.0,0.45,0.20,0.62,0.20,0.07,0.19,0.45,0.20,-5.90,-3.22,37.32,37.67,001,010,0,0,1955,1988,2015,1873,1977,1944,42.54,34.1,3351,52.359,83.78,1
2026-09-01T21:22:44.092,34.367,2,50,50,507,463,77.9,78.0,-0.71,-0.76,0.52,0.34,-0.16,0.95,-0.71,-0.76,-5.89,-4.34,37.34,37.56,110,100,0,0,1952,2000,2009,1880,1989,1952,42.54,34.1,3354,52.406,83.85,1
2026-09-01T21:22:44.104,34.379,2,50,50,484,484,80.0,76.8,0.46,0.20,0.98,0.86,0.00,-0.50,0.46,0.20,-5.73,-3.61,37.36,37.63,001,011,0,0,1961,1988,2009,1898,1943,1951,42.54,34.1,3349,52.328,83.72,1
2026-09-01T21:22:44.115,34.391,2,50,50,507,484,74.2,78.9,-0.40,0.31,1.10,0.68,0.14,0.88,-0.40,0.31,-6.02,-4.57,37.32,37.53,100,110,0,0,1968,1997,1997,1890,1977,1969,42.54,34.1,3352,52.375,83.80,1
2026-09-01T21:22:44.127,34.402,2,50,50,507,484,80.0,78.2,0.15,-0.53,0.40,0.62,-0.25,-0.23,0.15,-0.53,-5.99,-4.46,37.33,37.55,011,101,0,0,1950,1988,2013,1899,1963,1958,42.54,34.1,3353,52.391,83.83,1
2026-09-01T21:22:44.143,34.418,2,50,50,507,484,70.2,72.2,0.00,0.34,0.68,0.42,0.45,-0.09,0.00,0.34,-6.64,-4.27,37.22,37.57,101,011,0,0,1964,1971,2000,1884,1979,1943,42.54,34.1,3350,52.344,83.75,1
2026-09-01T21:22:44.150,34.426,2,50,50,484,484,80.0,78.9,-0.19,-0.28,0.84,0.54,-0.53,0.35,-0.14,-0.28,-6.19,-4.46,37.30,37.54,010,100,0,0,1968,1993,2009,1896,1965,1951,42.54,34.1,3352,52.375,83.80,1
2026-09-01T21:22:44.162,34.438,2,50,50,507,484,76.3,77.6,0.38,-0.38,0.64,0.48,0.33,-0.23,0.38,-0.38,-6.33,-3.82,37.26,37.61,101,001,0,0,1957,1990,2009,1883,1989,1945,42.54,34.1,3349,52.328,83.72,1
2026-09-01T21:22:44.174,34.449,2,50,50,484,484,76.2,76.1,-0.67,0.59,0.52,0.74,-0.04,0.02,-0.67,0.59,-6.26,-3.44,37.29,37.42,110,110,0,0,1956,1988,2020,1896,1974,1956,42.54,34.1,3352,52.375,83.80,1
2026-09-01T21:22:44.186,34.461,2,50,50,507,484,80.0,78.7,0.43,-0.62,0.64,0.54,-0.08,-0.31,0.43,-0.62,-5.97,-3.38,37.33,37.66,001,101,0,0,1958,1980,2015,1891,1975,1961,42.54,34.1,3353,52.391,83.83,1
2026-09-01T21:22:44.198,34.473,2,50,50,484,484,77.1,77.4,-0.49,0.37,1.18,0.42,-0.09,-0.11,-0.49,0.37,-6.15,-3.00,37.30,37.65,110,010,0,0,1959,1946,2068,1889,1978,1947,42.54,34.1,3349,52.328,83.72,1
2026-09-01T21:22:44.209,34.485,2,50,50,507,484,75.8,79.9,0.35,-0.86,0.76,0.20,-0.42,1.24,0.35,-0.86,-5.77,-3.68,37.36,37.63,011,100,0,0,1958,1981,2024,1866,1996,1967,42.54,34.1,3352,52.375,83.80,1
2026-09-01T21:22:44.221,34.497,2,50,50,507,484,80.0,69.7,-0.08,0.00,0.92,0.58,0.10,-0.64,-0.08,0.00,-5.96,-3.15,37.34,37.68,100,011,0,0,1974,1998,1981,1890,1967,1943,42.54,34.1,3345,52.266,83.62,1
2026-09-01T21:22:44.233,34.508,2,50,50,484,484,71.4,78.8,-0.26,0.30,0.20,0.60,-0.32,0.79,-0.26,0.30,-5.61,-4.17,37.39,37.56,011,110,0,0,1943,1987,2004,1891,1974,1963,42.54,34.1,3352,52.375,83.80,1
2026-09-01T21:22:44.245,34.520,2,50,50,484,484,79.5,79.9,-0.08,-0.62,0.44,0.58,1.21,-0.09,-0.08,-0.62,-6.33,-4.32,37.27,37.56,101,101,0,0,1942,2008,2004,1894,1971,1956,42.54,34.1,3353,52.391,83.83,1
2026-09-01T21:22:44.256,34.532,2,50,50,507,484,77.4,73.6,-0.61,0.32,0.42,0.44,0.00,0.10,-0.61,0.32,-6.21,-4.43,37.29,37.55,010,011,0,0,1943,1988,2018,1888,1975,1947,42.54,34.1,3349,52.328,83.72,1
2026-09-01T21:22:44.268,34.543,2,50,50,507,484,77.8,75.1,0.54,0.06,0.72,0.78,0.04,0.23,0.54,0.05,-6.13,-4.55,37.31,37.53,001,100,0,0,1963,1978,2018,1909,1963,1935,42.54,34.1,3351,52.359,83.78,1
2026-09-01T21:22:44.280,34.555,2,50,50,484,484,78.2,80.0,-0.76,-0.25,0.76,0.70,0.24,-0.44,-0.76,-0.25,-6.27,-4.08,37.28,37.59,110,001,0,0,1947,1944,2064,1897,1989,1951,42.54,34.1,3349,52.328,83.72,1
2026-09-01T21:22:44.292,34.567,2,50,50,507,484,77.3,75.2,0.47,0.42,0.60,0.76,-0.07,0.21,0.47,0.42,-6.11,-4.09,37.31,37.55,001,110,0,0,1961,1984,2008,1888,1971,2019,42.54,34.1,3350,52.344,83.75,1
2026-09-01T21:22:44.303,34.579,2,42,42,507,484,76.6,79.9,-0.51,-0.66,0.68,0.62,0.24,-0.29,-0.51,-0.66,-6.32,-3.66,37.27,37.63,100,101,0,0,1956,2004,1992,1894,1968,1962,42.54,34.1,3353,52.391,83.83,1
2026-09-01T21:22:44.315,34.590,2,34,34,484,484,76.9,74.5,0.13,0.27,0.78,0.32,-0.97,-0.21,0.17,0.31,-5.58,-3.24,37.39,37.63,011,011,0,0,1956,1988,1996,1884,1974,1943,42.54,34.1,3349,52.328,83.72,1
2026-09-01T21:22:44.327,34.602,2,28,28,507,484,72.4,78.6,-0.02,-0.30,0.66,0.46,0.40,0.58,-0.02,-0.30,-6.25,-3.59,37.29,37.64,101,100,0,0,1963,1972,1998,1887,1979,1967,42.54,34.1,3352,52.375,83.80,1
2026-09-01T21:22:44.341,34.617,2,23,23,507,484,79.8,76.1,-0.19,0.18,0.64,0.86,-0.65,-0.93,-0.19,0.18,-5.54,-2.81,37.40,37.66,010,001,0,0,1959,2009,2024,1910,1986,1971,42.54,34.1,3351,52.359,83.78,1
2026-09-01T21:22:44.350,34.626,2,18,18,484,484,74.2,74.9,0.32,0.49,0.48,0.62,0.42,0.14,0.32,0.47,-5.95,-3.67,37.09,37.24,101,110,0,0,1947,2000,2002,1899,1986,1935,42.54,34.1,3350,52.344,83.75,1
2026-09-01T21:22:44.362,34.637,2,15,15,484,484,79.0,79.4,-0.60,-0.75,0.52,0.44,0.02,0.20,-0.60,-0.75,-5.94,-4.08,37.34,37.58,110,101,0,0,1952,1993,2008,1886,1977,1952,42.54,34.1,3353,52.391,83.83,1
2026-09-01T21:22:44.374,34.649,2,12,12,484,484,75.7,77.9,0.38,0.19,0.76,0.30,-0.15,0.13,0.38,0.19,-5.56,-4.19,36.85,37.30,001,011,0,0,1952,2025,1955,1885,1967,1950,42.54,34.1,3349,52.328,83.72,1
2026-09-01T21:22:44.385,34.661,2,10,10,484,484,74.8,71.8,-0.75,-0.10,0.34,0.54,0.71,0.47,-0.75,-0.10,-6.59,-4.59,37.23,37.36,100,110,0,0,1943,1995,2019,1894,2005,1962,42.54,34.1,3352,52.375,83.80,1
2026-09-01T21:22:44.398,34.673,2,8,8,484,484,73.0,76.4,0.30,-0.16,0.52,0.60,-0.38,-0.66,0.30,-0.04,-5.79,-3.85,36.83,37.46,011,001,0,0,1953,1981,2013,1893,1983,1957,42.54,34.1,3350,52.344,83.75,1
2026-09-01T21:22:44.410,34.685,2,7,7,507,484,79.2,71.3,-0.27,0.51,0.72,0.72,0.29,0.49,-0.43,0.21,-6.13,-3.88,37.03,36.80,100,110,0,0,1960,2012,1996,1888,1959,2035,42.54,34.1,3351,52.359,83.78,1
2026-09-01T21:22:44.421,34.697,2,6,6,484,484,73.6,79.6,-0.11,-0.35,0.60,1.02,-0.49,-0.45,-0.11,-0.35,-5.75,-3.66,37.18,37.53,010,101,0,0,1954,1993,2008,1916,1952,1971,42.54,34.1,3352,52.375,83.80,1
2026-09-01T21:22:44.433,34.708,2,5,5,507,484,78.7,74.7,0.11,0.40,0.64,0.58,0.43,-0.53,0.11,0.40,-6.15,-3.04,36.69,37.06,101,011,0,0,1952,1982,2000,1892,1987,1940,42.54,34.1,3350,52.344,83.75,1
2026-09-01T21:22:44.445,34.720,2,4,4,484,484,70.0,73.3,-0.62,-0.14,0.48,0.66,0.02,0.44,-0.62,-0.14,-6.07,-3.54,37.32,37.42,010,100,0,0,1951,1980,2020,1879,2028,1966,42.54,34.1,3352,52.375,83.80,1
2026-09-01T21:22:44.457,34.732,2,3,3,484,484,78.4,79.2,0.43,0.01,0.56,0.94,-0.12,-0.82,0.43,0.09,-5.70,-2.86,36.54,37.35,001,001,0,0,1956,1972,2016,1914,1973,1975,42.54,34.1,3350,52.344,83.75,1
2026-09-01T21:22:44.468,34.743,2,3,3,484,484,70.1,78.5,-0.51,0.16,0.70,-0.04,0.00,0.55,-0.51,0.16,-5.63,-3.82,37.00,37.29,100,010,0,0,1957,2008,1993,1863,1980,1939,42.54,34.1,3350,52.344,83.75,1
2026-09-01T21:22:44.479,34.755,2,2,2,507,463,77.1,79.2,0.11,-0.55,0.60,0.46,-0.44,0.83,0.11,-0.55,-5.30,-4.40,36.96,37.55,011,100,0,0,1953,1987,2010,1888,1983,1955,42.54,34.1,3351,52.359,83.78,1
2026-09-01T21:22:44.492,34.767,2,2,2,484,484,78.4,74.9,-0.33,-0.03,0.34,0.70,1.50,-0.69,-0.33,-0.03,-6.38,-3.89,37.02,37.34,101,001,0,0,1931,2041,2008,1899,1983,1959,42.54,34.1,3351,52.359,83.78,1
2026-09-01T21:22:44.503,34.778,2,2,2,484,463,79.9,77.4,-0.35,0.08,0.68,0.42,-0.42,1.01,-0.35,-0.10,-5.71,-4.75,37.25,37.02,010,110,0,0,1964,1997,2018,1876,1975,2015,42.54,34.1,3352,52.375,83.80,1
2026-09-01T21:22:44.515,34.790,2,1,1,484,484,72.2,79.8,0.24,-0.38,0.32,0.94,0.33,-0.35,0.24,-0.38,-6.07,-4.28,36.57,37.52,001,101,0,0,1937,2003,2004,1912,1955,1975,42.54,34.1,3352,52.375,83.80,1
2026-09-01T21:22:44.526,34.802,2,1,1,484,484,79.8,72.6,-0.66,0.36,0.92,0.54,0.26,-0.35,-0.66,0.36,-6.23,-3.85,37.29,36.83,110,011,0,0,1956,1972,2024,1888,1983,1942,42.54,34.1,3352,52.375,83.80,1
2026-09-01T21:22:44.538,34.814,2,1,1,484,484,68.5,75.4,0.39,-0.25,0.54,0.42,-0.18,0.38,0.37,-0.23,-5.80,-4.28,36.55,37.19,001,100,0,0,1951,1982,2005,1892,1963,1946,42.54,34.1,3352,52.375,83.80,1
2026-09-01T21:22:44.550,34.825,2,1,1,507,484,78.7,79.2,-0.33,-0.09,0.74,0.88,0.21,-0.60,-0.33,-0.09,-6.14,-3.52,37.04,37.27,100,001,0,0,1964,1997,1996,1906,1983,1951,42.54,34.1,3350,52.344,83.75,1
2026-09-01T21:22:44.562,34.837,2,1,1,507,484,70.4,76.8,0.13,0.45,1.24,0.50,-0.97,-0.17,0.13,0.45,-5.61,-3.20,36.94,36.71,010,010,0,0,1972,2012,2040,1886,1991,1921,42.54,34.1,3352,52.375,83.80,1
2026-09-01T21:22:44.573,34.849,2,1,1,484,484,77.7,74.3,0.10,-0.82,0.20,0.24,0.73,0.55,0.10,-0.82,-6.19,-3.57,36.70,37.64,101,100,0,0,1943,1995,2003,1883,1978,1954,42.54,34.1,3352,52.375,83.80,1
2026-09-01T21:22:44.585,34.860,2,1,1,484,463,72.4,74.1,-0.35,-0.14,0.94,0.64,-0.33,-0.45,-0.35,-0.14,-5.66,-2.65,37.29,37.34,110,011,0,0,1975,1994,2000,1875,1914,1943,42.54,34.1,3349,52.328,83.72,1
2026-09-01T21:22:44.597,34.873,2,1,1,484,484,71.0,70.1,0.33,-0.01,0.36,0.58,0.20,0.37,0.33,-0.01,-5.57,-3.72,36.59,37.17,001,110,0,0,1942,1995,2003,1898,1966,1932,42.54,34.1,3346,52.281,83.65,1
2026-09-01T21:22:44.609,34.884,2,1,1,484,463,80.0,75.1,-0.78,-0.30,0.54,0.80,0.08,-0.32,-0.73,-0.32,-5.76,-3.65,37.37,37.44,110,001,0,0,1953,1986,2016,1897,1979,1939,42.54,34.1,3349,52.328,83.72,1
2026-09-01T21:22:44.621,34.896,2,1,1,484,484,71.3,77.2,0.40,0.43,0.60,0.48,-0.22,-0.03,0.40,0.43,-5.60,-3.85,36.73,36.82,011,010,0,0,1952,1986,2005,1888,1973,1951,42.54,34.1,3352,52.375,83.80,1
2026-09-01T21:22:44.632,34.907,2,1,1,484,484,78.2,79.7,-0.31,-0.47,0.90,0.48,0.57,0.67,-0.31,-0.55,-6.14,-4.62,37.14,37.48,100,100,0,0,1948,1999,2021,1887,1977,1957,42.54,34.1,3353,52.391,83.83,1
2026-09-01T21:22:44.644,34.919,2,1,1,484,463,76.1,79.0,0.00,-0.13,0.98,0.78,-0.59,-0.49,0.00,-0.13,-5.59,-4.22,37.11,37.42,010,001,0,0,1965,2000,2010,1900,1977,1955,42.54,34.1,3350,52.344,83.75,1
2026-09-01T21:22:44.656,34.931,2,1,1,507,484,77.7,69.0,0.36,0.27,0.68,0.28,0.18,0.11,0.36,0.27,-5.90,-4.18,36.48,36.75,101,010,0,0,1962,1985,2008,1882,1978,1943,42.54,34.1,3344,52.250,83.60,1
2026-09-01T21:22:44.667,34.943,2,1,1,484,484,72.4,77.9,-0.51,-0.28,0.84,1.10,-0.18,-0.58,-0.51,-0.18,-5.79,-3.72,37.34,37.19,110,101,0,0,1954,1988,2005,1924,1935,1973,42.54,34.1,3352,52.375,83.80,1
2026-09-01T21:22:44.679,34.954,2,1,1,484,484,77.8,78.9,0.42,0.10,1.04,0.38,-0.09,-0.34,0.42,0.10,-5.63,-3.37,36.63,37.05,001,011,0,0,1954,1986,2008,1880,1975,1940,42.54,34.1,3352,52.375,83.80,1
2026-09-01T21:22:44.691,34.967,2,1,1,484,484,70.5,71.5,-0.56,0.19,0.60,0.78,0.14,0.14,-0.56,0.19,-5.90,-3.52,37.29,36.94,100,110,0,0,1960,2001,2007,1908,1967,1929,42.54,34.1,3352,52.375,83.80,1
2026-09-01T21:22:44.703,34.978,2,1,1,484,484,72.8,79.8,0.35,-0.25,0.68,0.70,-0.45,-0.42,0.35,-0.25,-5.32,-2.97,36.69,37.57,011,001,0,0,1953,1980,2017,1896,1986,1951,42.54,34.1,3350,52.344,83.75,1
2026-09-01T21:22:44.715,34.990,2,1,1,484,484,79.3,73.3,-0.26,0.34,0.64,0.34,0.30,0.18,-0.26,0.34,-5.70,-3.16,37.04,37.02,100,010,0,0,1959,1996,1986,1883,1977,1943,42.54,34.1,3350,52.344,83.75,1
2026-09-01T21:22:44.726,35.002,2,1,1,484,484,70.9,76.0,-0.09,-0.79,0.64,0.34,-0.42,0.61,-0.09,-0.79,-5.34,-4.05,37.27,37.59,011,101,0,0,1951,1992,2006,1887,1977,1951,42.54,34.1,3409,53.266,85.22,1
2026-09-01T21:22:44.738,35.014,2,1,1,484,463,79.2,78.8,-0.15,-0.01,0.30,0.46,1.34,0.38,-0.15,-0.01,-6.18,-3.76,36.89,37.26,101,011,0,0,1947,2045,2003,1881,1921,1963,42.54,34.1,3351,52.359,83.78,1
2026-09-01T21:22:44.750,35.025,2,1,1,484,463,72.1,78.9,-0.43,-0.02,0.92,0.30,-0.21,0.95,-0.43,-0.02,-6.07,-4.57,37.28,37.21,110,110,0,0,1969,1990,1996,1880,1973,1957,42.54,34.1,3352,52.375,83.80,1
2026-09-01T21:22:44.762,35.037,2,1,1,484,484,78.7,71.9,0.32,-0.15,0.84,1.18,0.02,-0.46,0.36,-0.04,-6.02,-4.21,36.64,37.36,001,101,0,0,1946,1983,2010,1918,1949,1974,42.54,34.1,3352,52.375,83.80,1
2026-09-01T21:22:44.773,35.049,2,1,1,484,484,71.4,74.5,-0.57,0.41,0.74,0.60,-0.17,-0.16,-0.57,0.41,-6.01,-4.06,37.14,36.85,110,010,0,0,1967,2006,1988,1886,1957,1955,42.54,34.1,3407,53.234,85.17,1
2026-09-01T21:22:44.785,35.060,2,1,1,484,484,78.6,78.8,0.29,-0.07,0.66,0.90,-0.29,0.06,0.29,-0.07,-5.68,-4.24,36.88,37.07,011,100,0,0,1955,1985,2016,1912,1945,1955,42.54,34.1,3352,52.375,83.80,1
2026-09-01T21:22:44.798,35.073,2,1,1,484,484,79.7,76.6,-0.60,0.04,0.36,0.36,0.80,-0.48,-0.60,0.04,-6.31,-3.37,37.20,37.02,100,011,0,0,1944,2006,2028,1876,1987,1939,42.54,34.1,3350,52.344,83.75,1
2026-09-01T21:22:44.810,35.085,2,1,1,484,484,69.0,78.6,0.05,0.05,0.74,0.30,-0.78,0.65,0.05,0.05,-5.64,-3.73,37.00,36.93,010,110,0,0,1959,1996,2015,1878,1967,1953,42.54,34.1,3409,53.266,85.22,1
2026-09-01T21:22:44.821,35.096,2,1,1,507,484,78.0,72.8,0.04,-0.14,0.44,1.10,0.39,-0.68,0.04,-0.14,-5.98,-3.03,36.70,37.45,101,101,0,0,1952,1980,1999,1920,1947,1987,42.54,34.1,3352,52.375,83.80,1
2026-09-01T21:22:44.832,35.108,2,1,1,484,484,69.3,71.3,-0.35,0.31,0.84,0.26,-0.36,-0.12,-0.35,0.34,-5.49,-2.93,37.26,37.15,010,010,0,0,1971,1999,1997,1879,1973,1945,42.54,34.1,3406,53.219,85.15,1
2026-09-01T21:22:44.844,35.120,2,1,1,484,463,78.1,79.1,0.38,-0.52,0.84,0.46,-0.03,0.98,0.38,-0.52,-5.35,-3.55,36.68,37.44,001,100,0,0,1956,1980,2011,1880,1995,1960,42.54,34.1,3352,52.375,83.80,1
2026-09-01T21:22:44.856,35.131,2,1,1,484,484,69.8,78.8,-0.53,-0.05,0.64,0.78,0.26,-0.66,-0.53,-0.05,-5.81,-3.24,37.36,37.41,110,001,0,0,1959,1981,2015,1903,1981,1962,42.54,34.1,3408,53.250,85.20,1
2026-09-01T21:22:44.868,35.143,2,1,1,484,484,78.9,75.2,0.26,0.40,0.68,0.42,-0.34,0.23,0.26,0.40,-5.55,-3.78,36.83,36.87,011,010,0,0,1960,1988,2012,1888,1983,1937,42.54,34.1,3350,52.344,83.75,1
2026-09-01T21:22:44.879,35.155,2,1,1,484,484,69.5,71.7,-0.12,-0.54,0.46,0.60,0.52,0.13,-0.12,-0.54,-6.17,-4.17,36.90,37.57,101,100,0,0,1950,1985,2000,1895,1970,1952,42.54,34.1,3346,52.281,83.65,1
2026-09-01T21:22:44.892,35.167,2,1,1,484,484,79.3,78.0,-0.06,0.07,1.36,0.46,-0.55,-0.30,-0.06,0.07,-5.80,-3.85,37.06,37.28,010,011,0,0,1972,2000,2008,1878,1976,1942,42.54,34.1,3351,52.359,83.78,1
2026-09-01T21:22:44.903,35.179,2,1,1,507,484,78.0,71.1,0.26,-0.08,0.90,0.52,0.21,0.37,0.26,-0.08,-6.01,-4.46,36.49,37.08,101,100,0,0,1962,1980,1999,1894,1967,1945,42.54,34.1,3352,52.375,83.80,1
2026-09-01T21:22:44.915,35.190,2,1,1,484,484,70.4,76.3,-0.34,-0.16,0.92,0.94,-0.32,-0.54,-0.34,-0.16,-5.87,-3.66,37.23,37.35,110,001,0,0,1971,1994,1996,1907,1979,1946,42.54,34.1,3349,52.328,83.72,1
2026-09-01T21:22:44.927,35.202,2,1,1,484,484,78.5,78.1,0.25,0.47,0.52,0.46,0.26,-0.10,0.25,0.47,-5.78,-3.70,36.62,36.91,001,010,0,0,1941,2000,1989,1890,1989,1935,42.54,34.1,3350,52.344,83.75,1
2026-09-01T21:22:44.938,35.214,2,1,1,484,484,73.7,77.9,-0.62,-0.32,0.58,0.78,0.09,0.02,-0.62,-0.32,-5.96,-3.77,37.29,37.32,100,100,0,0,1952,2015,1993,1904,1943,1962,42.54,34.1,3353,52.391,83.83,1
2026-09-01T21:22:44.950,35.225,2,1,1,484,484,78.6,69.7,0.06,0.06,0.68,0.60,-0.26,-0.86,0.06,0.06,-5.30,-2.84,36.89,37.31,011,011,0,0,1947,1987,1985,1891,1951,1934,42.54,34.1,3351,52.359,83.78,1
2026-09-01T21:22:44.962,35.237,2,1,1,484,484,68.7,78.2,-0.11,0.28,0.50,0.46,0.41,0.30,-0.11,0.28,-5.68,-3.29,36.82,36.99,100,110,0,0,1970,1991,1994,1895,1976,1951,42.54,34.1,3409,53.266,85.22,1
2026-09-01T21:22:44.973,35.249,2,1,1,484,484,79.5,79.6,-0.38,-0.80,0.68,0.30,-0.16,0.20,-0.38,-0.80,-5.44,-3.76,37.34,37.63,010,101,0,0,1949,1984,2020,1885,1975,1967,42.54,34.1,3352,52.375,83.80,1
2026-09-01T21:22:44.985,35.260,2,1,1,507,463,71.2,75.2,0.41,0.09,0.52,0.10,-0.14,0.48,0.41,0.09,-5.28,-4.10,36.55,37.08,101,011,0,0,1960,2000,2004,1870,1957,1956,42.54,34.1,3407,53.234,85.17,1
2026-09-01T21:22:44.998,35.273,2,1,1,484,463,73.0,79.5,-0.30,-0.71,0.90,0.20,-0.19,1.14,-0.30,-0.71,-5.74,-4.70,37.30,37.45,010,100,0,0,1973,1988,2012,1876,1993,1950,42.54,34.1,3352,52.375,83.80,1
2026-09-01T21:22:45.009,35.285,2,1,1,484,463,78.9,77.9,0.33,-0.38,0.50,0.38,0.12,0.02,0.33,-0.38,-5.89,-4.41,36.78,37.55,001,001,0,0,1953,1989,2008,1883,1973,1950,42.54,34.1,3350,52.344,83.75,1
2026-09-01T21:22:45.021,35.296,2,1,1,484,484,73.4,71.3,-0.64,0.63,0.60,0.70,-0.13,-0.23,-0.64,0.63,-6.02,-4.11,37.32,36.52,110,110,0,0,1963,1967,2068,1902,1956,2038,42.54,34.1,3352,52.375,83.80,1
2026-09-01T21:22:45.033,35.308,2,1,1,484,484,77.9,78.9,0.30,-0.79,0.52,0.58,-0.33,0.21,0.30,-0.79,-5.70,-4.46,36.80,37.54,011,101,0,0,1957,1988,2016,1889,1987,1939,42.54,34.1,3352,52.375,83.80,1
2026-09-01T21:22:45.045,35.320,2,1,1,484,484,71.2,78.7,-0.14,0.29,0.48,0.46,0.45,-0.47,-0.14,0.29,-6.16,-3.89,36.90,37.05,100,011,0,0,1950,1986,2001,1887,1989,1943,42.54,34.1,3350,52.344,83.75,1
2026-09-01T21:22:45.056,35.331,2,1,1,484,463,79.5,76.9,-0.12,-0.28,0.90,0.14,-0.46,1.12,-0.12,-0.28,-5.69,-4.42,37.08,37.13,010,110,0,0,1969,1998,2008,1873,1969,1961,42.54,34.1,3352,52.375,83.80,1
2026-09-01T21:22:45.068,35.343,2,1,1,484,463,70.8,72.1,0.24,-0.19,0.28,0.94,0.47,-0.66,0.24,-0.19,-6.03,-3.34,36.73,37.38,101,001,0,0,1948,2006,2000,1904,1986,1935,42.54,34.1,3348,52.312,83.70,1
2026-09-01T21:22:45.080,35.355,2,1,1,484,484,80.0,77.6,-0.81,0.39,0.46,0.38,0.19,-0.11,-0.81,0.39,-5.91,-3.14,37.34,36.91,110,010,0,0,1948,1982,2032,1882,1983,1937,42.54,34.1,3352,52.375,83.80,1
2026-09-01T21:22:45.091,35.367,2,1,1,484,484,67.9,79.9,0.37,-0.71,0.60,0.30,-0.36,0.87,0.37,-0.71,-5.25,-3.70,36.65,37.63,001,100,0,0,1968,1994,2012,1877,1983,1975,42.54,34.1,3347,52.297,83.67,1
2026-09-01T21:22:45.103,35.379,2,1,1,484,463,76.5,70.9,-0.66,0.05,0.42,0.94,0.49,-0.81,-0.66,0.05,-5.93,-2.72,37.34,37.23,100,011,0,0,1947,1996,2016,1897,1875,1926,42.54,34.1,3349,52.328,83.72,1
2026-09-01T21:22:45.115,35.390,2,1,1,484,463,76.2,77.1,0.12,0.14,0.64,0.48,-0.33,0.67,0.21,0.14,-5.61,-4.02,36.93,36.97,011,110,0,0,1956,1992,2004,1884,1971,1961,42.54,34.1,3351,52.359,83.78,1
2026-09-01T21:22:45.126,35.402,2,1,1,507,484,77.4,80.0,0.03,-0.77,0.46,0.60,0.47,0.29,0.03,-0.77,-6.12,-4.18,36.72,37.57,101,101,0,0,1953,1981,2000,1893,1983,1947,42.54,34.1,3352,52.375,83.80,1
2026-09-01T21:22:45.138,35.413,2,1,1,484,484,74.6,76.4,-0.40,0.38,0.64,0.46,-0.17,-0.23,-0.40,0.38,-5.92,-3.99,37.20,37.01,010,011,0,0,1960,1990,2010,1888,1980,1947,42.54,34.1,3349,52.328,83.72,1
2026-09-01T21:22:45.150,35.425,2,1,1,484,463,78.0,73.9,0.39,-0.32,0.64,0.14,-0.08,1.26,0.39,-0.32,-5.79,-4.90,36.59,37.29,001,110,0,0,1956,1977,2016,1876,1979,1955,42.54,34.1,3352,52.375,83.80,1
2026-09-01T21:22:45.162,35.437,2,1,1,484,484,76.1,75.8,-0.71,-0.32,0.44,0.62,0.26,-0.58,-0.68,-0.19,-6.05,-4.10,37.32,37.40,110,001,0,0,1954,1984,2016,1905,1967,1971,42.54,34.1,3348,52.312,83.70,1
2026-09-01T21:22:45.173,35.449,2,1,1,484,484,78.5,77.2,0.20,0.76,0.40,0.78,-0.27,-0.50,0.20,0.76,-5.65,-3.59,36.82,36.37,011,010,0,0,1944,1984,2001,1912,2012,1911,42.54,34.1,3350,52.344,83.75,1
2026-09-01T21:22:45.185,35.460,2,1,1,484,484,71.2,79.2,-0.11,-0.41,0.52,0.44,0.46,0.30,-0.11,-0.41,-6.15,-4.17,36.90,37.26,101,100,0,0,1948,1988,2001,1888,1953,1967,42.54,34.1,3351,52.359,83.78,1
2026-09-01T21:22:45.196,35.472,2,1,1,507,484,79.7,76.1,-0.24,-0.04,0.68,0.74,-0.55,-0.69,-0.24,-0.04,-5.69,-3.18,37.23,37.25,010,001,0,0,1965,2012,2018,1899,1993,1959,42.54,34.1,3350,52.344,83.75,1
2026-09-01T21:22:45.208,35.483,2,1,1,484,484,70.9,68.2,0.36,0.41,0.52,0.44,0.02,0.02,0.36,0.41,-5.61,-3.21,36.54,36.88,001,110,0,0,1949,1984,2008,1883,1967,1955,42.54,34.1,3426,53.531,85.65,1
2026-09-01T21:22:45.220,35.495,2,1,1,484,484,80.0,78.5,-0.65,-0.61,0.60,0.62,-0.04,-0.25,-0.63,-0.55,-5.76,-3.23,37.37,37.67,110,101,0,0,1952,1992,2012,1900,1963,1959,42.54,34.1,3353,52.391,83.83,1
2026-09-01T21:22:45.231,35.506,2,1,1,484,463,71.3,79.4,0.36,-0.43,0.74,0.12,-0.21,1.08,0.36,-0.43,-5.51,-3.57,36.72,37.58,011,011,0,0,1959,1981,2004,1851,1871,1959,42.54,34.1,3350,52.344,83.75,1
2026-09-01T21:22:45.243,35.518,2,1,1,484,463,79.6,76.2,-0.37,-0.01,0.46,0.36,0.61,0.54,-0.37,-0.01,-6.19,-3.97,37.10,37.09,100,110,0,0,1953,1997,2013,1889,1971,1951,42.54,34.1,3352,52.375,83.80,1
2026-09-01T21:22:45.255,35.530,2,1,1,507,484,70.3,72.3,0.12,-0.38,0.84,0.78,-0.83,-0.32,0.12,-0.38,-5.69,-3.91,36.95,37.52,010,101,0,0,1966,2008,2036,1904,1958,1971,42.54,34.1,3353,52.391,83.83,1
2026-09-01T21:22:45.266,35.542,2,1,1,507,484,78.5,75.0,0.13,0.44,0.40,0.48,0.48,0.19,0.07,0.44,-6.26,-4.32,36.62,36.92,101,010,0,0,1950,1984,2000,1891,1978,1946,42.54,34.1,3349,52.328,83.72,1
2026-09-01T21:22:45.278,35.553,2,1,1,484,484,73.8,78.1,-0.46,-0.22,0.78,0.54,-0.33,0.50,-0.46,-0.22,-5.81,-4.58,37.25,37.21,110,100,0,0,1971,1993,1996,1891,1974,1957,42.54,34.1,3352,52.375,83.80,1
2026-09-01T21:22:45.290,35.565,2,1,1,484,484,76.7,79.8,0.35,-0.25,0.52,0.68,-0.06,-0.46,0.35,-0.25,-5.87,-3.99,36.69,37.44,001,001,0,0,1952,1989,2002,1896,1987,1955,42.54,34.1,3349,52.328,83.72,1
2026-09-01T21:22:45.301,35.576,2,1,1,484,484,77.0,75.9,-0.42,0.48,0.68,0.54,0.20,-0.10,-0.42,0.48,-6.10,-3.83,37.13,36.78,100,010,0,0,1960,1994,1998,1890,1989,1927,42.54,34.1,3350,52.344,83.75,1
2026-09-01T21:22:45.313,35.588,2,1,1,507,484,78.2,71.6,0.24,-0.60,0.82,0.60,-0.75,-0.03,0.24,-0.60,-5.29,-4.01,36.86,37.59,011,101,0,0,1972,1988,2012,1900,1965,1976,42.54,34.1,3351,52.359,83.78,1
2026-09-01T21:22:45.325,35.600,2,1,1,507,484,68.4,78.3,0.01,0.09,0.68,0.42,0.28,-0.43,0.01,0.09,-5.67,-3.09,36.78,37.09,100,011,0,0,1963,1970,1994,1881,1973,1941,42.54,34.1,3344,52.250,83.60,1
2026-09-01T21:22:45.336,35.612,2,1,1,484,484,80.0,74.5,-0.43,0.15,0.44,0.62,-0.09,0.20,-0.43,0.15,-5.34,-3.31,37.43,37.00,010,110,0,0,1942,1976,2010,1902,1967,1923,42.54,34.1,3353,52.391,83.83,1
2026-09-01T21:22:45.348,35.623,2,1,1,484,484,68.2,69.4,0.37,-0.26,0.36,0.86,0.24,-0.42,0.37,-0.26,-5.51,-3.22,36.66,37.44,101,001,0,0,1944,1995,2003,1908,1959,1969,42.54,34.1,3462,54.094,86.55,1
2026-09-01T21:22:45.360,35.635,2,1,1,507,484,79.3,77.9,-0.43,0.21,0.76,0.04,-0.04,0.61,-0.43,0.21,-5.93,-3.79,37.34,37.23,110,010,0,0,1980,2008,1994,1876,1982,1944,42.54,34.1,3350,52.344,83.75,1
2026-09-01T21:22:45.371,35.647,2,1,1,484,463,69.2,78.9,0.44,-0.40,0.66,0.54,-0.26,0.91,0.44,-0.40,-5.91,-4.44,36.60,37.34,011,100,0,0,1956,1984,2008,1884,1993,1955,42.54,34.1,3352,52.375,83.80,1
2026-09-01T21:22:45.383,35.658,2,1,1,484,463,78.7,79.8,-0.21,-0.28,0.64,0.58,0.30,-0.33,-0.21,-0.28,-6.41,-4.09,36.85,37.52,100,001,0,0,1962,1993,2001,1894,1979,1951,42.54,34.1,3350,52.344,83.75,1
2026-09-01T21:22:45.396,35.671,2,1,1,484,484,78.6,77.8,-0.18,0.58,0.68,0.62,-0.46,-0.04,-0.18,0.58,-5.94,-4.27,37.13,36.71,010,010,0,0,1960,1992,2011,1900,1991,1933,42.54,34.1,3350,52.344,83.75,1
2026-09-01T21:22:45.406,35.681,2,1,1,484,484,73.4,77.0,0.35,-0.53,0.52,0.58,-0.05,0.32,0.35,-0.53,-5.89,-4.65,36.60,37.41,101,100,0,0,1959,2041,1994,1896,1966,1971,42.54,34.1,3352,52.375,83.80,1
2026-09-01T21:22:45.418,35.693,2,1,1,484,484,79.9,72.1,-0.52,0.00,0.78,0.60,-0.06,-0.74,-0.52,0.00,-6.03,-3.86,37.32,37.37,110,001,0,0,1964,1992,2006,1896,1990,1960,42.54,34.1,3351,52.359,83.78,1
2026-09-01T21:22:45.429,35.705,2,1,1,484,463,73.1,73.7,0.33,0.31,0.44,0.62,-0.24,0.30,0.33,0.07,-5.64,-4.06,36.66,36.83,001,110,0,0,1950,1985,2002,1880,1968,2025,42.54,34.1,3350,52.344,83.75,1
2026-09-01T21:22:45.442,35.717,2,1,1,507,484,78.0,79.8,-0.42,-0.46,0.64,0.74,0.17,-0.38,-0.42,-0.46,-5.82,-3.65,37.13,37.50,100,101,0,0,1960,2032,1984,1913,1951,1971,42.54,34.1,3352,52.375,83.80,1
2026-09-01T21:22:45.453,35.729,2,1,1,484,484,78.8,73.9,0.09,0.39,0.52,0.60,-0.10,-0.21,0.09,0.39,-5.41,-3.22,37.00,36.90,011,010,0,0,1946,1985,2000,1882,1957,1953,42.54,34.1,3349,52.328,83.72,1
2026-09-01T21:22:45.465,35.740,2,1,1,484,484,69.7,79.1,-0.29,-0.27,0.34,0.60,0.82,0.46,-0.29,-0.27,-6.06,-3.63,37.14,37.34,100,100,0,0,1940,1994,2006,1889,1973,1963,42.54,34.1,3351,52.359,83.78,1
2026-09-01T21:22:45.477,35.752,2,1,1,484,484,79.1,75.1,-0.12,0.27,0.68,0.98,-0.45,-1.03,-0.12,0.27,-5.47,-2.69,37.15,37.09,010,001,0,0,1964,1994,2004,1916,1989,1973,42.54,34.1,3350,52.344,83.75,1
2026-09-01T21:22:45.489,35.764,2,1,1,484,484,73.5,71.1,0.27,0.54,0.32,0.54,0.44,-0.08,0.27,0.54,-5.97,-3.40,36.66,36.80,101,110,0,0,1944,2002,2003,1889,1975,1967,42.54,34.1,3350,52.344,83.75,1
2026-09-01T21:22:45.500,35.776,2,1,1,484,484,77.5,78.8,-0.55,-0.64,0.60,0.54,-0.12,0.26,-0.55,-0.64,-6.01,-4.21,37.33,37.57,110,101,0,0,1960,2000,2000,1896,1977,1941,42.54,34.1,3352,52.375,83.80,1
2026-09-01T21:22:45.512,35.787,2,1,1,484,463,73.3,79.2,0.36,-0.05,0.52,0.28,-0.27,0.31,0.36,-0.05,-5.71,-4.14,36.68,37.26,001,011,0,0,1956,2018,1961,1872,1935,1958,42.54,34.1,3349,52.328,83.72,1
2026-09-01T21:22:45.524,35.799,2,1,1,507,463,76.4,76.0,-0.53,-0.12,0.62,0.36,0.18,0.72,-0.53,-0.12,-6.10,-4.67,37.12,37.12,100,110,0,0,1954,2032,1989,1883,1972,1956,42.54,34.1,3352,52.375,83.80,1
2026-09-01T21:22:45.535,35.811,2,1,1,484,484,76.9,73.2,0.24,-0.33,0.68,0.84,-0.47,-0.45,0.24,-0.29,-5.67,-4.21,36.81,37.45,011,001,0,0,1956,1993,1999,1903,1978,1922,42.54,34.1,3350,52.344,83.75,1
2026-09-01T21:22:45.548,35.823,2,1,1,484,484,77.4,73.7,-0.20,0.34,0.52,0.40,0.38,0.03,-0.20,0.34,-6.10,-4.07,36.96,36.82,100,010,0,0,1956,2001,2005,1884,1981,1940,42.54,34.1,3350,52.344,83.75,1
2026-09-01T21:22:45.559,35.835,2,1,1,507,484,72.5,75.2,-0.06,-0.34,0.62,0.96,-0.68,-0.41,-0.06,-0.31,-5.58,-3.71,37.04,37.33,010,101,0,0,1960,2000,2021,1916,1945,1967,42.54,34.1,3351,52.359,83.78,1
2026-09-01T21:22:45.572,35.847,2,1,1,507,484,78.2,79.2,0.29,0.05,0.74,0.28,0.23,-0.18,0.29,0.05,-5.89,-3.45,36.51,37.22,101,011,0,0,1961,1984,2005,1876,1973,1943,42.54,34.1,3350,52.344,83.75,1
2026-09-01T21:22:45.583,35.858,2,1,1,484,484,69.4,71.9,-0.62,-0.09,0.50,0.42,-0.13,0.47,-0.62,-0.09,-5.60,-3.52,37.33,37.16,110,110,0,0,1950,1990,2010,1887,1967,1941,42.54,34.1,3407,53.234,85.17,1
2026-09-01T21:22:45.595,35.870,2,1,1,484,484,78.3,73.3,0.44,-0.18,0.60,0.90,-0.03,-0.53,0.43,-0.18,-5.48,-2.97,36.59,37.38,001,001,0,0,1953,1984,2010,1905,1975,1945,42.54,34.1,3349,52.328,83.72,1
2026-09-01T21:22:45.607,35.882,2,1,1,484,484,70.5,78.4,-0.65,0.17,0.52,0.22,0.47,0.23,-0.65,0.17,-6.00,-3.19,37.33,36.99,110,010,0,0,1949,1983,2021,1871,1967,1949,42.54,34.1,3409,53.266,85.22,1
2026-09-01T21:22:45.618,35.893,2,1,1,484,463,79.0,78.2,0.18,-0.56,0.60,0.54,-0.12,0.59,0.18,-0.56,-5.68,-3.92,36.88,37.60,011,100,0,0,1947,1994,1990,1889,1987,1947,42.54,34.1,3352,52.375,83.80,1
2026-09-01T21:22:45.630,35.905,2,1,1,484,463,72.3,68.9,0.04,0.05,0.68,0.58,0.22,-0.50,0.04,0.05,-6.20,-3.51,36.64,37.36,101,001,0,0,1963,1970,1997,1891,1973,1955,42.54,34.1,3350,52.344,83.75,1
2026-09-01T21:22:45.642,35.917,2,1,1,484,463,73.1,79.3,0.11,-0.26,1.02,0.06,-0.67,1.52,0.11,-0.26,-5.72,-4.71,36.93,37.20,010,110,0,0,1977,2004,2005,1869,1983,1985,42.54,34.1,3352,52.375,83.80,1
2026-09-01T21:22:45.654,35.929,2,1,1,484,484,78.2,73.8,0.12,-0.49,0.48,0.76,0.68,-0.25,0.12,-0.49,-6.07,-4.24,36.55,37.57,101,101,0,0,1944,2006,2001,1902,1963,1965,42.54,34.1,3352,52.375,83.80,1
2026-09-01T21:22:45.666,35.941,2,1,1,484,484,69.7,74.4,-0.42,0.43,0.74,0.44,-0.30,-0.22,-0.42,0.43,-5.88,-3.93,37.27,36.80,010,010,0,0,1966,2002,1998,1887,1983,1935,42.54,34.1,3406,53.219,85.15,1
2026-09-01T21:22:45.677,35.953,2,1,1,484,484,78.4,78.0,0.28,-0.24,0.42,0.52,0.07,0.51,0.30,-0.34,-5.83,-4.34,36.68,37.24,001,100,0,0,1947,1989,2001,1894,1977,1954,42.54,34.1,3352,52.375,83.80,1
2026-09-01T21:22:45.689,35.964,2,1,1,484,463,69.8,79.4,-0.44,-0.42,0.96,0.68,0.02,-0.10,-0.44,-0.42,-5.97,-3.93,37.24,37.60,100,001,0,0,1975,1999,1995,1887,1988,1949,42.54,34.1,3408,53.250,85.20,1
2026-09-01T21:22:45.701,35.976,2,1,1,484,484,78.8,69.3,0.36,0.74,0.72,0.70,-0.46,-0.45,0.36,0.74,-5.38,-3.35,36.86,36.53,011,010,0,0,1963,1989,2010,1909,2014,1897,42.54,34.1,3344,52.250,83.60,1
2026-09-01T21:22:45.712,35.988,2,1,1,484,484,71.5,73.8,-0.11,-0.55,0.42,0.74,0.51,-0.30,-0.11,-0.53,-5.90,-3.29,36.95,37.51,101,101,0,0,1947,1992,2002,1904,1955,1971,42.54,34.1,3351,52.359,83.78,1
2026-09-01T21:22:45.724,35.999,2,1,1,484,484,79.7,79.2,-0.32,0.08,0.76,0.38,-0.31,-0.24,-0.29,0.14,-5.62,-3.00,37.25,37.33,010,011,0,0,1960,1984,2012,1880,1973,1943,42.54,34.1,3350,52.344,83.75,1
2026-09-01T21:22:45.736,36.011,2,1,1,484,484,72.7,76.5,0.24,0.18,0.28,0.62,0.37,0.30,0.24,0.18,-6.02,-3.22,36.78,36.97,001,110,0,0,1940,2003,2006,1896,1967,1934,42.54,34.1,3352,52.375,83.80,1
2026-09-01T21:22:45.748,36.023,2,1,1,484,463,79.5,72.6,-0.54,-0.35,0.60,0.68,0.05,-0.51,-0.54,-0.35,-6.27,-3.68,37.28,37.46,110,001,0,0,1957,1994,2016,1893,1971,1931,42.54,34.1,3349,52.328,83.72,1
2026-09-01T21:22:45.759,36.035,2,1,1,484,484,68.5,76.0,0.43,0.30,0.68,0.30,-0.29,0.36,0.43,0.32,-5.84,-4.17,36.59,36.92,001,010,0,0,1958,1984,2009,1879,1975,1948,42.54,34.1,3344,52.250,83.60,1
2026-09-01T21:22:45.771,36.046,2,1,1,507,484,78.6,79.9,-0.41,-0.41,0.74,0.42,0.32,0.54,-0.41,-0.41,-6.27,-4.75,36.98,37.44,100,100,0,0,1957,2010,1992,1895,1962,1956,42.54,34.1,3352,52.375,83.80,1
2026-09-01T21:22:45.783,36.058,2,1,1,484,463,69.2,79.1,0.06,-0.24,0.76,0.58,-0.48,-0.38,0.06,-0.24,-5.78,-4.26,37.03,37.46,010,001,0,0,1959,1995,2000,1891,1974,1951,42.54,34.1,3351,52.359,83.78,1
2026-09-01T21:22:45.794,36.070,2,1,1,507,484,78.7,73.7,0.13,0.28,0.84,0.38,0.33,0.16,0.13,0.28,-6.10,-4.25,36.78,36.82,101,010,0,0,1953,1978,1998,1882,1979,1938,42.54,34.3,3350,52.344,83.75,1
2026-09-01T21:22:45.806,36.081,2,1,1,484,484,70.0,74.6,-0.68,-0.51,0.46,0.66,-0.01,-0.06,-0.68,-0.51,-6.03,-4.11,37.32,37.48,010,101,0,0,1971,1983,2005,1901,1964,1970,42.54,34.1,3352,52.375,83.80,1
2026-09-01T21:22:45.818,36.093,2,1,1,484,484,78.2,79.0,0.29,0.19,0.28,0.38,0.15,-0.38,0.29,0.19,-5.89,-3.68,36.64,37.13,001,011,0,0,1944,1990,2002,1886,1983,1943,42.54,34.1,3350,52.344,83.75,1
2026-09-01T21:22:45.830,36.105,2,1,1,484,484,75.8,74.4,-0.47,-0.10,0.80,0.24,0.02,0.60,-0.47,-0.10,-5.84,-3.92,37.26,37.09,110,110,0,0,1968,1992,2003,1887,1967,1945,42.54,34.1,3351,52.359,83.78,1
2026-09-01T21:22:45.842,36.117,2,1,1,484,484,74.4,79.0,0.47,-0.07,0.60,0.90,-0.41,-0.67,0.47,-0.07,-5.45,-3.03,36.74,37.33,001,001,0,0,1954,1992,1996,1900,1995,1961,42.54,34.1,3349,52.328,83.72,1
2026-09-01T21:22:45.854,36.129,2,1,1,484,484,79.8,74.4,-0.61,0.44,0.28,0.46,0.75,0.00,-0.61,0.44,-6.22,-3.13,37.29,36.92,100,010,0,0,1940,2002,2016,1888,1983,1933,42.54,34.1,3350,52.344,83.75,1
2026-09-01T21:22:45.865,36.141,2,1,1,484,484,73.8,74.5,0.20,-0.91,1.12,0.30,-0.51,0.55,0.28,-0.85,-5.70,-3.78,36.86,37.62,011,101,0,0,1967,1996,2003,1881,1983,1943,42.54,34.1,3350,52.344,83.75,1
2026-09-01T21:22:45.877,36.152,2,1,1,484,463,78.3,75.6,0.18,0.17,0.64,0.70,0.42,-0.25,0.18,0.17,-6.17,-3.70,36.64,37.16,101,011,0,0,1952,1988,2016,1884,1929,1947,42.54,34.1,3349,52.328,83.72,1
2026-09-01T21:22:45.889,36.164,2,1,1,484,484,70.6,78.3,-0.60,0.34,0.56,0.50,-0.17,0.31,-0.60,0.34,-5.89,-4.20,37.29,36.76,010,110,0,0,1960,1992,2000,1894,1974,1929,42.54,34.1,3352,52.375,83.80,1
2026-09-01T21:22:45.900,36.175,2,1,1,484,484,78.3,79.5,0.47,-0.36,0.68,0.78,-0.11,-0.09,0.47,-0.36,-5.67,-4.29,36.64,37.55,001,101,0,0,1950,1981,2010,1910,1957,1965,42.54,34.3,3353,52.391,83.83,1
2026-09-01T21:22:45.912,36.187,2,1,1,484,484,75.2,76.5,-0.62,0.25,0.48,0.36,0.43,-0.19,-0.62,0.25,-6.03,-4.18,37.32,37.11,100,011,0,0,1948,1989,2017,1882,1980,1942,42.54,34.3,3352,52.375,83.80,1
2026-09-01T21:22:45.923,36.199,2,1,1,484,484,78.8,71.4,-0.01,-0.06,0.62,0.56,-0.18,0.38,-0.01,-0.06,-5.47,-4.65,36.98,37.07,011,100,0,0,1943,1986,1999,1895,1965,1941,42.54,34.3,3352,52.375,83.80,1
2026-09-01T21:22:45.935,36.211,2,1,1,507,484,70.8,78.9,-0.03,-0.34,0.66,0.46,0.32,-0.39,-0.03,-0.34,-6.00,-3.91,36.86,37.41,101,001,0,0,1964,1969,1993,1890,1988,1947,42.54,34.3,3406,53.219,85.15,1
2026-09-01T21:22:45.948,36.223,2,1,1,507,484,69.8,72.3,0.35,0.46,1.08,0.54,-1.21,-0.04,0.20,0.29,-5.10,-3.67,36.74,36.63,011,110,0,0,1990,2019,2037,1886,1969,1967,42.54,34.3,3346,52.281,83.65,1
2026-09-01T21:22:45.959,36.235,2,1,1,484,484,78.8,79.7,-0.03,-0.54,0.36,0.78,0.94,-0.44,-0.03,-0.54,-5.89,-3.21,36.77,37.54,101,101,0,0,1940,2009,2001,1908,1952,1974,42.54,34.3,3352,52.375,83.80,1
2026-09-01T21:22:45.971,36.246,2,1,1,484,484,70.9,77.1,-0.42,0.03,0.84,0.14,-0.26,0.28,-0.42,0.03,-5.58,-3.16,37.34,37.26,110,011,0,0,1969,1990,1994,1872,1965,1945,42.54,34.3,3350,52.344,83.75,1
2026-09-01T21:22:45.983,36.258,2,1,1,484,484,78.8,71.2,0.27,0.00,0.40,0.68,0.24,0.14,0.27,0.00,-5.74,-3.19,36.75,37.02,001,100,0,0,1943,1992,1999,1895,2031,1983,42.54,34.3,3353,52.391,83.83,1
2026-09-01T21:22:45.994,36.270,2,1,1,484,484,72.0,77.2,-0.65,-0.30,0.44,0.78,0.47,-0.34,-0.65,-0.30,-6.30,-3.07,37.29,37.54,100,001,0,0,1953,1990,2022,1897,1987,1947,42.54,34.3,3350,52.344,83.75,1
2026-09-01T21:22:46.006,36.282,2,1,1,484,484,78.6,78.5,0.38,0.38,0.84,0.42,-0.54,0.25,0.38,0.38,-5.70,-3.83,36.68,36.93,011,010,0,0,1964,1986,2016,1885,1981,1943,42.54,34.3,3350,52.344,83.75,1
2026-09-01T21:22:46.018,36.293,2,1,1,507,463,73.4,75.8,0.13,-0.52,0.90,0.52,0.02,0.35,0.13,-0.52,-6.03,-4.25,36.54,37.44,101,100,0,0,1974,1968,1992,1892,1975,1954,42.54,34.3,3352,52.375,83.80,1
2026-09-01T21:22:46.029,36.305,2,1,1,484,463,79.8,71.8,-0.32,-0.01,0.72,0.62,-0.08,-0.52,-0.32,-0.01,-5.97,-4.02,37.26,37.35,010,001,0,0,1956,1980,2008,1892,1967,1959,42.54,34.3,3350,52.344,83.75,1
2026-09-01T21:22:46.042,36.317,2,1,1,484,484,78.7,77.6,0.04,0.01,0.36,0.46,0.54,0.63,0.04,0.01,-6.09,-4.51,36.69,36.92,101,110,0,0,1947,1992,2000,1888,1969,1947,42.54,34.3,3352,52.375,83.80,1
2026-09-01T21:22:46.053,36.329,2,1,1,484,484,76.4,78.9,-0.74,-0.82,0.52,0.46,0.03,0.05,-0.74,-0.82,-6.02,-4.47,37.32,37.54,110,101,0,0,1950,1987,2008,1888,1973,1956,42.54,34.1,3352,52.375,83.80,1
2026-09-01T21:22:46.065,36.340,2,1,1,484,484,77.9,69.5,0.31,0.34,0.40,0.38,-0.03,-0.30,0.31,0.34,-5.54,-3.79,36.72,36.89,001,010,0,0,1942,1985,2021,1881,1984,1937,42.54,34.1,3413,53.328,85.33,1
2026-09-01T21:22:46.077,36.352,2,1,1,484,484,70.6,76.3,-0.46,-0.30,0.78,0.40,0.10,0.53,-0.46,-0.30,-5.64,-4.20,37.21,37.15,100,100,0,0,1960,1998,2009,1884,1977,1958,42.54,34.1,3352,52.375,83.80,1
2026-09-01T21:22:46.088,36.364,2,1,1,507,484,78.9,78.8,0.15,-0.06,0.52,0.92,-0.37,-0.60,0.15,-0.06,-5.33,-3.12,36.96,37.12,011,001,0,0,1952,1984,2016,1904,1987,1957,42.54,34.1,3350,52.344,83.75,1
2026-09-01T21:22:46.100,36.375,2,1,1,484,484,74.5,76.3,-0.29,0.39,0.28,0.46,1.07,-0.07,-0.29,0.39,-6.14,-3.01,37.01,36.83,101,010,0,0,1940,1996,2002,1885,1985,1931,42.54,34.1,3350,52.344,83.75,1
2026-09-01T21:22:46.112,36.387,2,1,1,484,463,79.4,70.9,-0.40,-0.79,0.70,0.28,-0.09,0.73,-0.40,-0.79,-5.99,-3.63,37.31,37.63,010,101,0,0,1953,1993,2009,1879,1987,1935,42.54,34.1,3353,52.391,83.83,1
2026-09-01T21:22:46.124,36.399,2,1,1,484,463,72.3,76.9,0.29,-0.14,0.36,0.46,0.40,0.18,0.29,-0.14,-6.05,-3.20,36.60,37.39,001,011,0,0,1945,2001,2007,1872,1901,1950,42.54,34.1,3351,52.359,83.78,1
2026-09-01T21:22:46.135,36.410,2,1,1,484,484,78.5,78.3,-0.43,0.34,0.84,0.62,-0.15,0.26,-0.43,0.34,-5.98,-3.99,37.20,36.78,110,110,0,0,1964,1994,2000,1898,1975,1929,42.54,34.1,3352,52.375,83.80,1
2026-09-01T21:22:46.148,36.423,2,1,1,484,463,77.4,72.8,0.29,-0.23,0.44,0.86,-0.04,-0.36,0.29,-0.30,-5.69,-3.89,36.71,37.43,001,001,0,0,1947,1978,2006,1904,1982,1919,42.54,34.1,3349,52.328,83.72,1
2026-09-01T21:22:46.159,36.435,2,1,1,484,484,73.6,78.3,-0.73,0.41,0.36,0.52,0.48,0.07,-0.73,0.41,-6.24,-4.14,37.29,36.88,100,010,0,0,1944,2000,2010,1888,1975,1949,42.54,34.1,3350,52.344,83.75,1
2026-09-01T21:22:46.171,36.446,2,1,1,484,484,77.4,79.4,0.27,-0.33,0.84,0.70,-0.53,0.39,0.27,-0.33,-5.49,-4.60,36.75,37.39,011,100,0,0,1961,1986,2012,1900,1969,1949,42.54,34.1,3352,52.375,83.80,1
2026-09-01T21:22:46.183,36.458,2,1,1,507,463,69.9,74.6,-0.02,-0.12,0.52,0.46,0.32,-0.51,-0.02,-0.12,-6.02,-3.96,36.85,37.38,101,001,0,0,1957,1971,1996,1891,1973,1951,42.54,34.1,3350,52.344,83.75,1
2026-09-01T21:22:46.194,36.470,2,1,1,507,484,79.6,73.4,-0.30,0.44,0.60,0.78,-0.59,0.04,-0.30,0.44,-5.33,-3.97,37.15,36.65,010,110,0,0,1960,2010,2026,1888,1969,2007,42.54,34.1,3351,52.359,83.78,1
2026-09-01T21:22:46.206,36.481,2,1,1,484,484,71.1,79.9,0.44,-0.58,0.68,0.54,0.06,-0.16,0.44,-0.58,-5.48,-3.75,36.59,37.55,001,101,0,0,1952,1984,2010,1896,1961,1975,42.54,34.1,3352,52.375,83.80,1
2026-09-01T21:22:46.218,36.493,2,1,1,484,484,80.0,74.5,-0.59,0.47,0.84,0.62,0.23,-0.56,-0.59,0.54,-5.89,-3.08,37.34,36.87,110,011,0,0,1954,1992,2008,1892,1995,1939,42.54,34.1,3352,52.375,83.80,1
2026-09-01T21:22:46.230,36.505,2,1,1,484,463,68.6,71.5,0.49,-0.02,0.66,0.62,-0.21,0.21,0.49,-0.02,-5.80,-3.31,36.68,37.09,001,100,0,0,1959,1981,2012,1890,2031,1971,42.54,34.1,3346,52.281,83.65,1
2026-09-01T21:22:46.242,36.517,2,1,1,484,484,71.8,72.4,-0.60,0.20,0.48,0.84,0.41,-0.90,-0.60,0.20,-6.44,-2.85,37.25,37.17,100,001,0,0,1950,1988,2016,1908,1986,1968,42.54,34.1,3350,52.344,83.75,1
2026-09-01T21:22:46.254,36.529,2,1,1,484,484,77.9,71.5,0.38,0.42,0.84,0.30,-0.59,0.05,0.38,0.42,-5.79,-3.47,36.62,36.98,011,110,0,0,1964,1987,2016,1886,1970,1986,42.54,34.1,3351,52.359,83.78,1
2026-09-01T21:22:46.266,36.541,2,1,1,507,484,68.6,78.1,0.10,-0.68,0.78,0.46,0.12,0.38,0.10,-0.68,-6.12,-4.20,36.59,37.57,101,101,0,0,1969,1968,1993,1890,1988,1935,42.54,34.1,3347,52.297,83.67,1
2026-09-01T21:22:46.277,36.552,2,1,1,484,463,79.6,78.8,-0.10,0.19,0.88,0.38,-0.49,-0.21,-0.10,0.19,-5.87,-3.82,37.11,37.10,010,011,0,0,1972,2001,2008,1884,1973,1947,42.54,34.1,3350,52.344,83.75,1
2026-09-01T21:22:46.289,36.564,2,1,1,484,463,69.2,76.8,0.30,-0.07,0.44,0.36,0.18,0.80,0.30,-0.07,-5.90,-4.71,36.62,37.06,101,110,0,0,1946,1994,2004,1884,1973,1954,42.54,34.1,3411,53.297,85.28,1
2026-09-01T21:22:46.301,36.576,2,1,1,484,484,79.9,71.5,-0.79,-0.24,0.44,0.86,0.17,-0.53,-0.79,-0.24,-5.99,-4.22,37.33,37.42,110,001,0,0,1947,1983,2017,1903,1975,1919,42.54,34.1,3351,52.359,83.78,1
2026-09-01T21:22:46.312,36.588,2,1,1,484,484,73.5,77.6,0.20,0.46,0.28,0.46,0.02,-0.18,0.20,0.46,-5.61,-3.91,36.80,36.76,001,010,0,0,1944,1986,2004,1889,1991,1933,42.54,34.1,3349,52.328,83.72,1
2026-09-01T21:22:46.324,36.599,2,1,1,484,484,79.0,79.5,-0.34,-0.46,0.70,0.46,0.26,0.33,-0.34,-0.46,-5.80,-4.34,37.06,37.39,100,100,0,0,1963,1993,2001,1895,1954,1960,42.54,34.1,3352,52.375,83.80,1
2026-09-01T21:22:46.336,36.611,2,1,1,484,484,69.1,76.2,-0.07,-0.05,0.52,0.70,-0.47,-0.67,-0.07,-0.05,-5.42,-3.54,37.23,37.33,011,001,0,0,1951,1990,1999,1898,1987,1956,42.54,34.1,3350,52.344,83.75,1
2026-09-01T21:22:46.348,36.623,2,1,1,484,484,69.6,78.4,-0.31,0.04,0.66,0.36,0.74,0.53,-0.31,0.04,-6.05,-3.52,37.07,36.90,100,110,0,0,1946,1985,2001,1882,1968,1951,42.54,34.1,3347,52.297,83.67,1
2026-09-01T21:22:46.360,36.635,2,1,1,507,484,79.0,71.3,-0.15,-0.31,0.80,0.76,-0.63,-0.65,-0.15,-0.31,-5.60,-3.06,37.19,37.52,010,101,0,0,1968,2012,2024,1909,1951,1987,42.54,34.1,3346,52.281,83.65,1
2026-09-01T21:22:46.372,36.647,2,1,1,484,484,72.0,75.4,0.40,0.22,0.52,0.22,0.31,0.10,0.40,0.22,-5.99,-3.27,36.60,37.02,101,010,0,0,1948,1992,2006,1873,1973,1947,42.54,34.1,3348,52.312,83.70,1
2026-09-01T21:22:46.383,36.658,2,1,1,484,463,80.0,78.7,-0.78,-0.76,0.66,0.38,0.12,1.73,-0.78,-0.76,-6.07,-4.51,37.31,37.54,110,100,0,0,1960,1984,2016,1864,2065,1959,42.54,34.1,3352,52.375,83.80,1
2026-09-01T21:22:46.395,36.671,2,1,1,484,484,69.4,79.1,0.42,0.01,0.60,0.94,-0.30,-0.63,0.42,0.01,-5.59,-3.81,36.61,37.24,001,001,0,0,1952,1981,2008,1912,1971,1973,42.54,34.1,3351,52.359,83.78,1
2026-09-01T21:22:46.406,36.682,2,1,1,484,484,79.8,73.5,-0.51,0.45,0.40,0.52,0.66,0.13,-0.51,0.45,-6.09,-4.22,37.31,36.74,100,010,0,0,1944,2001,2017,1889,1981,1939,42.54,34.1,3350,52.344,83.75,1
2026-09-01T21:22:46.418,36.693,2,1,1,507,484,73.2,73.4,0.00,-0.41,0.90,0.78,-1.09,-0.02,0.00,-0.41,-5.37,-4.47,36.80,37.43,011,101,0,0,1964,1976,1958,1904,1959,1963,42.54,34.1,3351,52.359,83.78,1
2026-09-01T21:22:46.430,36.705,2,1,1,484,484,77.0,78.3,0.04,0.29,0.76,0.62,0.54,-0.31,0.04,0.29,-6.14,-4.18,36.72,37.05,101,011,0,0,1952,1984,2000,1892,1967,1951,42.54,34.1,3350,52.344,83.75,1
2026-09-01T21:22:46.442,36.718,2,1,1,484,484,78.0,72.5,-0.15,-0.06,0.68,0.46,-0.69,0.31,-0.15,-0.06,-5.36,-4.31,37.13,37.02,010,100,0,0,1965,2004,2022,1891,1991,1957,42.54,34.1,3351,52.359,83.78,1
2026-09-01T21:22:46.454,36.729,2,1,1,484,484,71.7,78.1,0.40,-0.07,0.52,1.02,0.22,-0.49,0.40,-0.07,-5.61,-3.80,36.64,37.36,101,001,0,0,1952,2028,1996,1906,1990,1951,42.54,34.1,3349,52.328,83.72,1
2026-09-01T21:22:46.465,36.741,2,1,1,484,484,80.0,77.7,-0.45,0.46,0.84,0.44,0.04,-0.25,-0.45,0.48,-5.78,-3.37,37.36,36.66,110,010,0,0,1968,1993,2008,1886,1995,1919,42.54,34.1,3350,52.344,83.75,1
2026-09-01T21:22:46.477,36.752,2,1,1,484,484,69.6,76.7,0.44,-0.59,0.68,0.46,-0.31,0.39,0.44,-0.59,-5.56,-3.70,36.71,37.59,011,100,0,0,1957,1982,2018,1888,1971,1965,42.54,34.1,3352,52.375,83.80,1
2026-09-01T21:22:46.489,36.764,2,1,1,484,484,80.0,73.5,-0.66,0.00,0.62,0.46,1.23,-0.46,-0.66,0.00,-6.44,-3.17,37.23,37.30,100,011,0,0,1932,2000,2049,1885,1975,1951,42.54,34.3,3349,52.328,83.72,1
2026-09-01T21:22:46.500,36.776,2,1,1,484,484,71.7,77.6,0.12,0.24,1.24,0.42,-0.61,0.36,0.12,0.19,-5.68,-3.52,36.90,36.92,010,110,0,0,1968,1995,2005,1884,1972,1944,42.54,34.3,3353,52.391,83.83,1
2026-09-01T21:22:46.512,36.787,2,1,1,507,484,77.8,79.9,0.32,-0.62,1.02,0.60,0.18,-0.06,0.32,-0.62,-5.99,-3.88,36.51,37.62,101,101,0,0,1960,1982,2008,1897,1954,1980,42.54,34.3,3354,52.406,83.85,1
2026-09-01T21:22:46.524,36.799,2,1,1,484,463,72.2,76.0,-0.45,0.40,0.80,0.50,-0.24,-0.05,-0.45,0.40,-5.94,-3.79,37.29,36.99,110,011,0,0,1964,1992,2002,1886,1966,1954,42.54,34.1,3354,52.406,83.85,1
2026-09-01T21:22:46.535,36.811,2,1,1,484,463,78.6,70.6,0.43,-0.35,0.64,0.22,0.00,1.13,0.43,-0.35,-5.80,-4.78,36.66,37.41,001,100,0,0,1951,1987,2007,1883,1975,1947,42.54,34.3,3355,52.422,83.88,1
2026-09-01T21:22:46.548,36.823,2,1,1,484,463,80.0,77.8,-0.99,-0.19,0.44,0.58,0.47,-0.42,-0.99,-0.07,-6.11,-4.04,37.31,37.38,110,001,0,0,1944,1973,2035,1892,1977,1955,42.54,34.3,3352,52.375,83.80,1
2026-09-01T21:22:46.559,36.835,2,1,1,484,484,67.8,70.6,0.37,0.43,0.56,0.46,-0.44,-0.01,0.37,0.43,-5.24,-4.20,36.59,36.75,011,010,0,0,1952,1980,2017,1888,1987,1931,42.54,34.3,3347,52.297,83.67,1
2026-09-01T21:22:46.571,36.847,2,1,1,484,484,79.1,75.0,-0.36,-0.28,0.76,1.14,0.16,-0.30,-0.36,-0.39,-5.52,-4.07,37.20,37.21,100,101,0,0,1961,2003,1984,1912,1983,1943,42.54,34.3,3353,52.391,83.83,1
2026-09-01T21:22:46.583,36.858,2,1,1,484,484,70.6,78.2,0.00,0.16,0.58,0.30,-0.53,-0.43,0.12,0.23,-5.28,-3.68,37.05,37.05,011,011,0,0,1958,1996,2002,1884,1984,1943,42.54,34.3,3355,52.422,83.88,1
2026-09-01T21:22:46.597,36.873,2,1,1,484,484,79.0,75.8,-0.14,0.09,0.28,0.56,1.19,0.29,-0.14,0.09,-6.09,-3.68,36.83,36.72,101,110,0,0,1933,2037,2005,1895,1967,1937,42.54,34.3,3354,52.406,83.85,1
2026-09-01T21:22:46.606,36.882,2,1,1,484,484,71.5,71.5,-0.31,-0.27,0.84,0.86,-0.27,-0.70,-0.31,-0.27,-5.89,-2.91,37.28,37.33,110,001,0,0,1969,1993,2001,1903,1976,1928,42.54,34.3,3351,52.359,83.78,1
2026-09-01T21:22:46.618,36.894,2,1,1,484,484,78.2,78.0,0.38,0.44,0.44,0.46,0.12,-0.11,0.38,0.45,-5.99,-2.83,36.63,36.94,001,010,0,0,1944,1986,2024,1884,1984,1930,42.54,34.3,3353,52.391,83.83,1
2026-09-01T21:22:46.630,36.905,2,1,1,484,463,71.4,80.0,-0.39,-0.70,1.04,0.26,-0.01,1.01,-0.39,-0.70,-6.03,-3.76,37.14,37.60,100,100,0,0,1975,2005,1993,1879,1985,1966,42.54,34.3,3412,53.312,85.30,1
2026-09-01T21:22:46.642,36.917,2,1,1,484,463,72.7,71.7,0.29,0.20,0.54,0.78,-0.26,-0.59,0.29,0.20,-5.70,-3.42,36.73,37.11,011,001,0,0,1953,1984,2007,1900,1928,1946,42.54,34.3,3351,52.359,83.78,1
2026-09-01T21:22:46.654,36.929,2,1,1,484,484,79.4,77.9,-0.31,0.14,0.62,0.36,0.30,0.70,-0.36,0.06,-6.14,-4.17,37.09,36.94,100,110,0,0,1956,1992,2004,1880,1967,1959,42.54,34.3,3354,52.406,83.85,1
2026-09-01T21:22:46.666,36.941,2,1,1,507,484,73.2,79.0,0.05,-0.53,0.84,0.78,-1.19,-0.05,0.05,-0.53,-5.27,-4.27,36.87,37.57,010,101,0,0,1967,1971,1973,1903,1969,1961,42.54,34.3,3355,52.422,83.88,1
2026-09-01T21:22:46.677,36.953,2,1,1,484,484,77.8,71.1,0.07,0.41,0.48,0.54,0.51,-0.32,0.07,0.41,-5.94,-4.02,36.74,36.94,101,011,0,0,1948,1992,2002,1890,1982,1939,42.54,34.3,3353,52.391,83.83,1
2026-09-01T21:22:46.689,36.964,2,1,1,507,484,77.8,75.3,-0.21,-0.11,0.86,0.62,-0.39,0.45,-0.21,-0.11,-5.49,-4.63,37.26,37.09,010,100,0,0,1969,2002,2014,1891,1983,1959,42.54,34.3,3352,52.375,83.80,1
2026-09-01T21:22:46.701,36.976,2,1,1,484,484,77.1,79.0,0.44,-0.31,0.52,0.70,0.07,-0.36,0.44,-0.31,-5.57,-4.09,36.71,37.42,001,001,0,0,1960,1988,2002,1899,1994,1953,42.54,34.3,3352,52.375,83.80,1
2026-09-01T21:22:46.712,36.988,2,1,1,484,484,78.1,74.2,-0.68,0.61,0.56,0.66,0.30,-0.31,-0.65,0.63,-5.91,-3.54,37.34,36.34,110,010,0,0,1948,1986,2013,1898,1999,1911,42.54,34.3,3352,52.375,83.80,1
2026-09-01T21:22:46.724,36.999,2,1,1,484,484,74.0,72.5,0.41,-0.73,0.68,0.46,-0.27,-0.15,0.41,-0.73,-5.67,-3.58,36.69,37.53,011,101,0,0,1954,1983,2024,1884,1963,1967,42.57,34.3,3354,52.406,83.85,1
2026-09-01T21:22:46.736,37.011,2,1,1,484,484,78.4,78.6,-0.42,0.07,0.84,0.42,1.02,-0.30,-0.42,0.07,-6.37,-3.02,37.23,37.24,100,011,0,0,1941,2008,2070,1884,1971,1947,42.57,34.3,3352,52.375,83.80,1
2026-09-01T21:22:46.748,37.023,2,1,1,484,484,75.8,78.3,-0.10,-0.04,0.76,0.30,-0.64,0.59,0.00,-0.08,-5.79,-3.48,36.99,37.27,010,110,0,0,1954,1995,2022,1876,1967,1945,42.57,34.3,3354,52.406,83.85,1
2026-09-01T21:22:46.760,37.035,2,1,1,507,484,77.6,69.5,0.38,-0.27,0.68,0.78,0.19,-0.55,0.29,-0.23,-6.12,-3.05,36.43,37.47,101,001,0,0,1957,1983,2006,1907,1963,1961,42.57,34.3,3418,53.406,85.45,1
2026-09-01T21:22:46.771,37.047,2,1,1,484,484,72.1,76.1,-0.42,0.29,0.84,0.26,-0.31,0.30,-0.42,0.29,-5.90,-3.87,37.23,37.10,110,010,0,0,1965,1992,2000,1880,1975,1947,42.57,34.3,3351,52.359,83.78,1
2026-09-01T21:22:46.783,37.058,2,1,1,484,463,78.7,79.8,0.31,-0.64,0.50,0.26,0.09,1.23,0.31,-0.64,-5.90,-4.60,36.70,37.55,001,100,0,0,1969,2000,1993,1877,2010,1965,42.57,34.3,3354,52.406,83.85,1
2026-09-01T21:22:46.795,37.071,2,1,1,484,463,72.1,79.2,-0.66,-0.24,0.44,0.62,0.29,-0.43,-0.66,-0.24,-6.22,-4.10,37.32,37.55,100,001,0,0,1948,2004,2008,1892,1981,1953,42.57,34.3,3352,52.375,83.80,1
2026-09-01T21:22:46.806,37.082,2,1,1,484,484,78.9,69.0,0.15,0.46,0.68,0.46,-0.37,-0.06,0.15,0.48,-5.53,-4.12,36.86,36.71,011,010,0,0,1953,1984,2000,1892,1991,1929,42.57,34.3,3346,52.281,83.65,1
2026-09-01T21:22:46.818,37.093,2,1,1,507,484,73.3,76.0,0.08,-0.66,0.86,0.64,0.01,0.06,0.08,-0.83,-5.54,-4.35,36.75,37.58,100,101,0,0,1976,1998,2002,1888,2007,1943,42.57,34.3,3354,52.406,83.85,1
2026-09-01T21:22:46.830,37.105,2,1,1,484,484,79.1,78.9,-0.40,0.31,0.52,0.42,-0.09,-0.41,-0.40,0.31,-5.61,-3.88,37.42,37.10,010,011,0,0,1946,1983,2012,1888,1984,1945,42.57,34.3,3355,52.422,83.88,1
2026-09-01T21:22:46.842,37.118,2,1,1,484,484,78.1,74.5,-0.22,-0.06,0.22,0.66,1.32,0.33,-0.22,-0.18,-6.32,-4.05,37.05,37.00,101,100,0,0,1943,2000,2014,1895,1982,1962,42.57,34.3,3355,52.422,83.88,1
2026-09-01T21:22:46.854,37.129,2,1,1,484,484,75.8,79.0,-0.34,-0.09,1.02,0.86,-0.32,-0.63,-0.34,-0.09,-5.87,-3.13,37.30,37.23,010,001,0,0,1964,1992,2005,1902,1984,1957,42.57,34.3,3353,52.391,83.83,1
2026-09-01T21:22:46.866,37.141,2,1,1,484,484,78.2,75.2,0.36,0.47,0.48,0.46,0.13,-0.12,0.36,0.47,-6.06,-2.91,36.71,36.77,001,010,0,0,1950,1989,2008,1886,1990,1926,42.57,34.3,3355,52.422,83.88,1
2026-09-01T21:22:46.877,37.153,2,1,1,484,463,71.2,74.0,-0.31,-0.82,0.92,0.30,-0.12,0.53,-0.31,-0.82,-6.02,-3.58,37.05,37.67,110,100,0,0,1979,2007,1990,1883,1986,1955,42.57,34.3,3413,53.328,85.33,1
2026-09-01T21:22:46.889,37.164,2,1,1,484,463,78.2,72.7,0.42,-0.14,0.72,0.74,-0.43,-0.40,0.42,-0.33,-5.68,-3.16,36.68,37.41,011,011,0,0,1966,1986,2011,1880,1866,1929,42.57,34.3,3355,52.422,83.88,1
2026-09-01T21:22:46.901,37.176,2,1,1,507,484,75.5,78.4,-0.17,0.33,0.52,0.62,0.35,0.35,-0.17,0.33,-6.05,-3.91,37.00,36.88,100,110,0,0,1949,1988,2016,1893,1977,1929,42.57,34.3,3355,52.422,83.88,1
2026-09-01T21:22:46.913,37.188,2,1,1,484,484,76.2,77.5,-0.08,-0.42,0.76,0.78,-0.60,-0.13,-0.08,-0.42,-5.47,-4.10,37.18,37.61,010,101,0,0,1959,1996,2014,1906,1967,1959,42.57,34.3,3357,52.453,83.92,1
2026-09-01T21:22:46.925,37.200,2,1,1,507,484,78.7,68.8,0.09,0.48,0.60,0.62,0.50,-0.19,0.04,0.49,-5.85,-4.14,36.87,36.93,101,010,0,0,1944,1989,2001,1892,1980,1944,42.57,34.3,3353,52.391,83.83,1
2026-09-01T21:22:46.936,37.211,2,1,1,484,484,69.2,77.5,-0.33,-0.26,0.92,0.46,-0.40,0.58,-0.24,-0.35,-5.25,-4.68,37.29,37.29,010,100,0,0,1971,2001,1997,1887,1977,1956,42.57,34.3,3414,53.344,85.35,1
2026-09-01T21:22:46.948,37.223,2,1,1,484,484,78.4,79.0,0.36,-0.15,0.52,0.70,0.02,-0.56,0.36,-0.15,-5.14,-4.03,36.83,37.33,001,001,0,0,1950,1986,2008,1897,1987,1961,42.57,34.3,3354,52.406,83.85,1
2026-09-01T21:22:46.960,37.235,2,1,1,484,484,75.8,68.6,-0.69,0.84,0.46,0.92,0.28,-0.39,-0.69,0.84,-5.64,-3.80,37.41,36.37,110,010,0,0,1948,1985,2016,1912,2001,1902,42.57,34.3,3347,52.297,83.67,1
2026-09-01T21:22:46.971,37.247,2,1,1,484,484,76.6,77.6,0.40,-0.57,0.60,0.54,-0.18,-0.09,0.40,-0.57,-5.49,-3.90,36.84,37.48,011,101,0,0,1957,1988,2012,1895,1958,1968,42.57,34.3,3357,52.453,83.92,1
2026-09-01T21:22:46.983,37.259,2,1,1,484,484,76.5,78.6,-0.15,0.10,0.62,0.26,0.49,-0.18,-0.33,0.16,-6.17,-3.27,37.08,37.13,100,011,0,0,1950,2000,2029,1876,1977,1941,42.57,34.3,3353,52.391,83.83,1
2026-09-01T21:22:46.995,37.270,2,1,1,484,484,77.8,73.2,-0.02,0.01,0.84,0.46,-0.61,0.31,-0.02,0.01,-5.73,-3.38,37.04,37.03,010,110,0,0,1971,2004,2014,1895,1965,1936,42.57,34.3,3357,52.453,83.92,1
2026-09-01T21:22:47.007,37.282,2,1,1,507,484,76.5,74.8,0.38,-0.19,0.60,0.74,0.15,-0.60,0.33,-0.11,-5.96,-3.04,36.53,37.41,101,001,0,0,1957,1980,2008,1907,1967,1969,42.57,34.3,3352,52.375,83.80,1
2026-09-01T21:22:47.018,37.294,2,1,1,484,484,75.0,79.2,-0.33,0.13,0.92,-0.06,-0.24,0.52,-0.33,0.13,-5.88,-3.78,37.25,37.25,110,010,0,0,1972,1992,2000,1866,1984,1932,42.57,34.3,3355,52.422,83.88,1
2026-09-01T21:22:47.030,37.306,2,1,1,484,463,78.1,78.0,0.35,-0.58,1.00,0.54,-0.08,0.68,0.35,-0.58,-5.64,-4.19,36.63,37.60,001,100,0,0,1952,1983,2008,1888,1986,1942,42.57,34.3,3357,52.453,83.92,1
2026-09-01T21:22:47.042,37.317,2,1,1,484,463,74.7,73.7,-0.72,0.08,0.28,0.54,0.18,-0.58,-0.72,0.10,-5.85,-3.79,37.38,37.25,110,011,0,0,1948,1990,2012,1885,1943,1948,42.57,34.3,3352,52.375,83.80,1
2026-09-01T21:22:47.054,37.329,2,1,1,484,484,78.8,77.2,-0.03,0.30,0.52,0.62,0.13,0.61,0.01,0.17,-5.63,-4.42,37.03,36.86,011,110,0,0,1936,1987,1992,1888,1967,1957,42.57,34.3,3358,52.469,83.95,1
2026-09-01T21:22:47.066,37.341,2,1,1,484,484,76.1,79.5,-0.08,-0.59,0.66,0.68,0.25,-0.05,-0.08,-0.52,-5.55,-4.42,37.00,37.57,100,101,0,0,1980,1996,1990,1900,1979,1967,42.57,34.3,3355,52.422,83.88,1
2026-09-01T21:22:47.077,37.353,2,1,1,484,484,76.7,70.7,-0.31,0.44,0.40,0.58,-0.39,-0.43,-0.31,0.44,-5.32,-3.87,37.40,36.71,010,011,0,0,1946,1988,2008,1894,1989,1937,42.57,34.3,3355,52.422,83.88,1
2026-09-01T21:22:47.089,37.364,2,1,1,484,484,78.0,75.5,0.04,-0.33,0.48,0.34,0.79,0.66,0.04,-0.33,-5.84,-4.34,36.93,37.22,101,100,0,0,1935,2056,2005,1883,1967,1959,42.57,34.3,3355,52.422,83.88,1
2026-09-01T21:22:47.101,37.376,2,1,1,484,484,76.5,78.6,-0.49,0.00,0.72,0.98,-0.06,-0.69,-0.45,0.00,-5.79,-3.44,37.37,37.18,110,001,0,0,1964,1992,2008,1908,1987,1963,42.57,34.3,3355,52.422,83.88,1
2026-09-01T21:22:47.112,37.388,2,1,1,484,484,77.5,76.2,0.32,0.20,0.40,0.14,0.00,0.19,0.33,0.23,-5.78,-3.26,36.72,36.85,001,010,0,0,1945,1988,2008,1876,1974,1941,42.57,34.3,3354,52.406,83.85,1
2026-09-01T21:22:47.124,37.400,2,1,1,484,484,71.9,72.9,-0.50,-0.78,0.94,0.38,0.00,0.53,-0.50,-0.78,-5.97,-3.67,37.17,37.65,100,101,0,0,1956,2018,1990,1884,1981,1946,42.57,34.3,3355,52.422,83.88,1
2026-09-01T21:22:47.136,37.411,2,1,1,484,463,78.9,77.7,0.28,0.24,0.60,0.50,-0.29,-0.38,0.32,0.29,-5.59,-2.97,36.85,37.12,011,011,0,0,1954,1988,2012,1887,1972,1948,42.57,34.3,3355,52.422,83.88,1
2026-09-01T21:22:47.148,37.423,2,1,1,484,484,69.4,77.4,-0.17,0.04,0.64,0.46,0.47,0.51,-0.17,0.04,-6.13,-3.78,36.98,37.16,100,110,0,0,1949,1989,2004,1887,1969,1941,42.57,34.3,3414,53.344,85.35,1
2026-09-01T21:22:47.160,37.435,2,1,1,484,484,79.1,72.4,-0.16,-0.42,0.72,0.74,-0.51,-0.18,-0.16,-0.42,-5.66,-3.89,37.16,37.51,010,101,0,0,1959,1996,2014,1901,1963,1958,42.57,34.3,3357,52.453,83.92,1
2026-09-01T21:22:47.171,37.447,2,1,1,507,484,75.1,77.1,0.17,0.46,0.30,0.54,0.56,-0.01,0.17,0.46,-6.16,-4.15,36.75,36.77,101,010,0,0,1944,1988,2032,1888,1977,1941,42.57,34.3,3352,52.375,83.80,1
2026-09-01T21:22:47.183,37.458,2,1,1,484,484,77.5,79.1,-0.76,-0.24,0.90,0.74,0.01,0.45,-0.76,-0.24,-5.90,-4.72,37.38,37.26,110,100,0,0,1951,1989,2014,1899,1971,1949,42.57,34.3,3357,52.453,83.92,1
2026-09-01T21:22:47.195,37.470,2,1,1,484,463,76.9,77.5,0.40,-0.06,0.52,0.74,-0.13,-0.51,0.40,-0.06,-5.40,-4.18,36.58,37.32,001,001,0,0,1952,1986,2008,1900,1979,1957,42.57,34.3,3355,52.422,83.88,1
2026-09-01T21:22:47.207,37.482,2,1,1,484,484,77.3,70.6,-0.49,0.26,0.64,0.30,0.43,0.15,-0.49,0.26,-5.91,-4.18,37.27,36.76,100,010,0,0,1955,1993,2010,1877,1977,1945,42.57,34.3,3354,52.406,83.85,1
2026-09-01T21:22:47.219,37.494,2,1,1,484,484,79.0,78.7,0.24,-0.21,0.56,1.02,-0.37,-0.62,0.24,-0.21,-5.53,-3.72,36.96,37.16,011,101,0,0,1951,1988,2008,1922,1939,1973,42.57,34.3,3357,52.453,83.92,1
2026-09-01T21:22:47.230,37.506,2,1,1,507,484,71.5,78.3,0.02,0.17,0.64,0.36,0.29,-0.42,0.02,0.17,-6.14,-3.34,36.84,36.98,101,011,0,0,1960,1965,1996,1880,1982,1941,42.57,34.3,3355,52.422,83.88,1
2026-09-01T21:22:47.242,37.518,2,1,1,484,484,78.2,74.6,-0.01,-0.19,1.04,0.48,-0.62,0.49,-0.01,-0.19,-5.87,-3.55,36.97,37.13,010,100,0,0,1976,2004,2010,1884,1985,1959,42.57,34.3,3355,52.422,83.88,1
2026-09-01T21:22:47.254,37.529,2,1,1,484,484,74.6,79.7,0.28,-0.22,0.44,0.70,0.27,-0.46,0.28,-0.22,-6.08,-3.08,36.55,37.57,101,001,0,0,1948,1990,2003,1897,1983,1953,42.57,34.3,3353,52.391,83.83,1
2026-09-01T21:22:47.266,37.541,2,1,1,484,484,77.5,71.7,-0.68,0.47,0.48,0.42,0.00,0.02,-0.68,0.47,-5.98,-3.16,37.36,36.95,110,010,0,0,1956,1988,2009,1892,1986,1935,42.57,34.3,3355,52.422,83.88,1
2026-09-01T21:22:47.278,37.553,2,1,1,484,484,77.5,76.0,0.30,-0.63,0.38,0.56,-0.05,0.31,0.33,-0.58,-5.73,-4.09,36.76,37.61,001,101,0,0,1946,1984,2008,1896,1974,1947,42.57,34.3,3355,52.422,83.88,1
2026-09-01T21:22:47.289,37.564,2,1,1,484,463,75.6,76.7,-0.27,0.03,0.98,0.70,0.04,-0.05,-0.27,-0.01,-5.85,-3.81,37.01,37.25,100,011,0,0,1976,1996,1984,1883,1915,1951,42.57,34.3,3354,52.406,83.85,1
2026-09-01T21:22:47.301,37.576,2,1,1,484,484,77.3,78.6,0.32,-0.03,0.84,0.30,-0.44,0.75,0.35,-0.08,-5.32,-4.56,36.77,37.19,011,110,0,0,1964,1990,2024,1876,1967,1954,42.57,34.3,3357,52.453,83.92,1
2026-09-01T21:22:47.313,37.588,2,1,1,484,484,71.3,71.9,-0.07,-0.11,0.48,1.10,0.41,-0.48,-0.07,-0.11,-5.56,-4.20,36.74,37.44,101,101,0,0,1948,1984,2000,1918,1949,1977,42.57,34.3,3357,52.453,83.92,1
2026-09-01T21:22:47.325,37.600,2,1,1,484,484,79.6,74.8,-0.51,0.38,0.46,0.48,0.00,-0.16,-0.47,0.42,-5.42,-4.27,37.44,36.91,010,010,0,0,1946,1976,2012,1887,1979,1943,42.57,34.3,3354,52.406,83.85,1
2026-09-01T21:22:47.336,37.611,2,1,1,484,484,72.6,79.3,0.42,-0.36,0.50,0.46,0.12,0.47,0.42,-0.36,-5.48,-4.42,36.62,37.22,001,100,0,0,1965,1982,2006,1892,1977,1969,42.57,34.3,3356,52.438,83.90,1
2026-09-01T21:22:47.348,37.623,2,1,1,484,484,78.8,77.2,-0.51,-0.08,0.72,0.70,0.30,-0.75,-0.53,-0.01,-5.92,-3.67,37.36,37.38,110,001,0,0,1962,1977,2013,1896,1994,1959,42.57,34.3,3355,52.422,83.88,1
2026-09-01T21:22:47.360,37.635,2,1,1,484,484,73.9,70.6,0.31,0.64,0.54,0.88,-0.29,-0.57,0.31,0.64,-5.65,-3.42,36.65,36.54,011,110,0,0,1953,1982,2010,1899,1966,2012,42.57,34.3,3356,52.438,83.90,1
2026-09-01T21:22:47.371,37.647,2,1,1,484,484,76.8,79.6,-0.07,-0.49,0.66,0.76,0.29,-0.43,-0.07,-0.38,-6.10,-3.25,36.65,37.47,100,101,0,0,1964,1992,2000,1904,1959,1976,42.57,34.3,3355,52.422,83.88,1
2026-09-01T21:22:47.383,37.658,2,1,1,484,484,78.7,78.6,-0.08,0.13,0.96,0.26,-0.30,-0.16,-0.08,0.13,-5.76,-2.99,36.80,37.29,010,011,0,0,1970,1994,2009,1876,1975,1942,42.57,34.3,3355,52.422,83.88,1
2026-09-01T21:22:47.395,37.670,2,1,1,484,484,72.9,73.6,0.33,-0.14,0.44,0.38,0.22,0.61,0.33,-0.14,-5.84,-3.45,36.21,37.29,001,110,0,0,1944,1986,2008,1884,1969,1945,42.57,34.3,3356,52.438,83.90,1
2026-09-01T21:22:47.406,37.682,2,1,1,484,484,75.2,74.1,-0.53,-0.26,0.60,0.66,0.23,-0.51,-0.53,-0.26,-6.11,-3.61,36.86,37.48,110,001,0,0,1963,1989,2000,1899,1975,1942,42.57,34.3,3352,52.375,83.80,1
2026-09-01T21:22:47.418,37.694,2,1,1,463,484,77.3,78.4,0.37,0.34,0.80,0.36,-0.24,0.25,0.37,0.37,-5.68,-4.07,36.10,36.89,011,010,0,0,1966,1992,1996,1886,1981,1942,42.57,34.3,3355,52.422,83.88,1
2026-09-01T21:22:47.430,37.705,2,1,1,484,484,75.0,79.4,0.04,-0.39,0.50,0.56,0.49,0.36,0.04,-0.39,-5.77,-4.62,35.75,37.39,101,100,0,0,1949,1980,2000,1896,1955,1955,42.57,34.3,3356,52.438,83.90,1
2026-09-01T21:22:47.442,37.717,2,1,1,463,484,73.9,75.1,-0.30,0.12,0.72,0.66,-0.29,-0.55,-0.30,0.12,-5.22,-3.94,36.05,37.21,010,011,0,0,1960,1968,2005,1888,1955,1948,42.57,34.3,3352,52.375,83.80,1
2026-09-01T21:22:47.454,37.729,2,1,1,463,463,75.0,78.7,0.69,-0.05,0.88,0.38,-0.26,1.14,0.69,-0.05,-5.17,-4.68,35.12,36.93,001,110,0,0,1971,1974,2030,1875,1972,2001,42.57,34.3,3357,52.453,83.92,1
2026-09-01T21:22:47.465,37.741,2,1,1,463,484,73.9,78.0,-0.16,-0.24,0.52,1.00,0.48,-0.45,-0.16,-0.24,-5.63,-4.06,35.23,37.41,100,101,0,0,1948,1992,2013,1918,1946,1979,42.57,34.3,3358,52.469,83.95,1
2026-09-01T21:22:47.477,37.753,2,1,1,463,484,73.8,68.1,0.00,0.46,0.96,0.46,-0.50,-0.41,0.00,0.46,-5.40,-3.70,35.05,36.84,010,010,0,0,1981,2019,2011,1884,1990,1934,42.57,34.3,3353,52.391,83.83,1
2026-09-01T21:22:47.489,37.764,2,1,1,444,484,68.6,77.6,0.40,-0.25,0.52,0.54,-0.02,0.40,0.44,-0.35,-5.50,-3.94,34.22,37.17,001,100,0,0,1952,1988,2024,1884,1968,1959,42.57,34.3,3355,52.422,83.88,1
2026-09-01T21:22:47.501,37.776,2,1,1,444,484,64.5,76.9,0.16,0.27,0.60,1.02,0.36,-1.01,0.16,0.27,-5.75,-2.92,33.76,37.06,101,001,0,0,1959,1970,2000,1918,1991,1980,42.57,34.3,3355,52.422,83.88,1
2026-09-01T21:22:47.513,37.788,2,1,1,444,484,71.3,70.5,-0.22,0.59,0.84,0.66,-0.29,-0.25,-0.22,0.59,-5.31,-3.11,33.68,36.66,110,110,0,0,1975,2006,1978,1893,1970,1978,42.57,34.3,3356,52.438,83.90,1
2026-09-01T21:22:47.524,37.800,2,1,1,426,484,66.8,80.0,0.43,-0.64,0.76,0.48,-0.31,0.03,0.43,-0.64,-5.12,-3.56,32.90,37.67,011,101,0,0,1964,2004,2000,1889,1975,1959,42.57,34.3,3355,52.422,83.88,1
2026-09-01T21:22:47.536,37.812,2,1,1,426,463,68.5,78.8,0.38,-0.02,0.74,0.14,0.16,0.43,0.38,-0.02,-5.06,-3.76,32.12,37.33,001,011,0,0,1950,1984,2011,1872,1951,1957,42.57,34.3,3354,52.406,83.85,1
2026-09-01T21:22:47.548,37.824,2,1,1,426,484,60.5,68.4,0.26,0.18,0.76,0.76,0.06,0.10,0.26,0.18,-4.95,-3.85,31.65,36.96,101,110,0,0,1988,1963,1987,1912,1985,1947,42.57,34.3,3350,52.344,83.75,1
2026-09-01T21:22:47.560,37.835,2,1,1,410,463,60.8,75.5,0.07,-0.40,1.06,0.94,-0.41,-0.15,0.07,-0.40,-4.55,-3.90,31.21,37.61,110,001,0,0,1982,1973,2014,1892,1999,1887,42.57,34.3,3410,53.281,85.25,1
2026-09-01T21:22:47.571,37.847,2,1,1,395,484,59.0,78.2,-0.16,0.53,0.60,0.50,-0.29,-0.18,-0.10,0.57,-4.34,-4.01,30.96,36.82,110,010,0,0,1956,2000,1992,1894,1993,1925,42.57,34.3,3355,52.422,83.88,1
2026-09-01T21:22:47.583,37.859,2,1,1,380,484,62.1,77.7,0.10,-0.48,0.84,0.60,-0.24,0.32,0.10,-0.48,-4.07,-4.49,30.24,37.39,010,100,0,0,1952,1997,1992,1888,1961,1961,42.57,34.3,3357,52.453,83.92,1
2026-09-01T21:22:47.595,37.870,2,1,1,380,484,62.5,68.8,0.62,0.01,0.76,0.54,-0.41,-0.80,0.62,0.01,-3.88,-3.68,29.28,37.29,011,011,0,0,1964,2000,2016,1890,2000,1956,42.57,34.3,3353,52.391,83.83,1
2026-09-01T21:22:47.607,37.882,2,1,1,367,484,52.9,76.8,0.62,0.28,1.00,0.50,-0.20,0.43,0.62,0.28,-3.84,-3.98,28.42,36.80,001,110,0,0,1961,1991,2012,1882,1969,1957,42.57,34.3,3413,53.328,85.33,1
2026-09-01T21:22:47.622,37.897,2,1,1,367,484,58.5,78.4,0.49,-0.44,0.52,0.78,0.07,-0.56,0.45,-0.33,-4.00,-3.39,27.80,37.55,001,101,0,0,1946,1992,2004,1906,1952,1976,42.57,34.3,3357,52.453,83.92,1
2026-09-01T21:22:47.630,37.906,2,1,1,355,484,58.0,68.5,0.50,0.19,0.36,0.14,0.09,0.00,0.50,0.19,-3.90,-3.27,27.11,37.10,001,011,0,0,1948,1986,2010,1876,1975,1941,42.57,34.3,3354,52.406,83.85,1
2026-09-01T21:22:47.642,37.918,2,1,1,344,484,54.8,79.6,0.43,-0.80,0.34,0.20,0.14,0.87,0.43,-0.80,-3.76,-3.75,26.32,37.65,001,100,0,0,1945,1980,2013,1874,1977,1959,42.57,34.3,3356,52.438,83.90,1
2026-09-01T21:22:47.654,37.929,2,1,1,333,484,55.0,75.1,0.32,-0.05,0.28,0.62,0.27,-0.66,0.32,-0.05,-3.60,-3.15,25.74,37.22,001,001,0,0,1941,1986,2007,1896,1986,1957,42.57,34.3,3352,52.375,83.80,1
2026-09-01T21:22:47.666,37.941,2,1,1,323,484,50.2,71.7,0.47,0.47,0.54,0.54,-0.21,0.22,0.40,0.46,-3.16,-3.90,24.97,36.85,001,110,0,0,1944,1988,2002,1892,1987,1937,42.57,34.3,3354,52.406,83.85,1
2026-09-01T21:22:47.678,37.953,2,1,1,313,484,50.3,78.8,0.64,-0.51,0.52,0.70,-0.37,0.19,0.64,-0.51,-2.87,-4.22,24.27,37.60,011,101,0,0,1952,1992,2012,1900,1977,1944,42.57,34.3,3354,52.406,83.85,1
2026-09-01T21:22:47.689,37.965,2,1,1,304,463,44.2,78.9,0.44,0.32,0.52,0.50,-0.34,-0.14,0.47,0.35,-2.84,-4.09,23.88,37.10,010,011,0,0,1956,2004,2000,1886,1962,1955,42.57,34.3,3354,52.406,83.85,1
2026-09-01T21:22:47.701,37.976,2,1,1,296,463,47.4,76.0,0.22,-0.22,0.64,0.26,-0.38,1.10,0.24,-0.28,-2.77,-4.78,23.36,37.20,010,110,0,0,1956,2006,1982,1876,1971,1957,42.57,34.3,3353,52.391,83.83,1
2026-09-01T21:22:47.713,37.988,2,1,1,288,484,46.0,72.7,-0.14,-0.26,0.60,0.86,-0.02,-0.66,-0.14,-0.28,-2.87,-3.93,22.73,37.38,110,001,0,0,1945,1976,2002,1904,1979,1935,42.57,34.3,3350,52.344,83.75,1
2026-09-01T21:22:47.724,38.000,2,1,1,280,484,42.0,78.1,0.33,0.43,0.64,0.48,-0.12,-0.02,0.33,0.43,-2.53,-3.76,21.45,36.76,100,010,0,0,1955,1984,2036,1883,1977,1941,42.57,34.3,3352,52.375,83.80,1
2026-09-01T21:22:47.736,38.011,2,1,1,266,484,44.0,79.0,0.33,-0.50,0.20,0.44,0.26,0.46,0.33,-0.50,-2.40,-4.18,20.86,37.57,001,100,0,0,1937,1984,2012,1888,1967,1961,42.57,34.3,3354,52.406,83.85,1
2026-09-01T21:22:47.748,38.023,2,1,1,260,484,38.7,72.5,0.38,-0.04,0.84,0.62,-0.87,-0.72,0.38,-0.04,-1.72,-3.09,20.10,37.31,011,001,0,0,1955,1983,1967,1889,1989,1951,42.57,34.3,3353,52.391,83.83,1
2026-09-01T21:22:47.759,38.035,2,1,1,242,484,42.1,75.9,-0.18,0.30,0.54,0.50,0.06,0.27,-0.18,0.30,-2.15,-3.29,19.95,36.91,110,110,0,0,1940,1989,1994,1882,1967,1953,42.57,34.3,3354,52.406,83.85,1
2026-09-01T21:22:47.771,38.047,2,1,1,237,484,39.7,79.3,0.22,-0.42,0.26,0.84,0.18,-0.31,0.22,-0.42,-1.84,-3.11,18.68,37.67,101,101,0,0,1940,1977,2000,1908,1963,1967,42.57,34.3,3356,52.438,83.90,1
2026-09-01T21:22:47.783,38.059,2,1,1,226,463,38.1,73.5,0.68,0.02,0.52,-0.02,-0.41,0.77,0.68,0.02,-1.41,-3.74,17.94,37.44,011,010,0,0,1948,2004,2010,1864,1945,1969,42.57,34.3,3353,52.391,83.83,1
2026-09-01T21:22:47.795,38.070,2,1,1,213,463,35.9,74.7,-0.17,-0.27,0.32,0.64,0.24,0.75,-0.21,-0.51,-1.87,-4.14,17.68,37.32,110,100,0,0,1940,1973,2005,1880,2034,1966,42.57,34.3,3352,52.375,83.80,1
2026-09-01T21:22:47.807,38.082,2,1,1,205,463,32.3,80.0,0.55,-0.39,0.44,0.46,0.00,-0.21,0.55,-0.39,-1.49,-3.94,16.17,37.60,001,001,0,0,1942,1964,2020,1886,1984,1949,42.57,34.3,3354,52.406,83.85,1
2026-09-01T21:22:47.818,38.094,2,1,1,190,484,30.9,76.8,0.09,0.48,0.48,0.54,-0.42,0.01,0.09,0.48,-1.38,-4.16,16.07,36.84,010,010,0,0,1948,1944,2000,1892,1985,1935,42.57,34.3,3351,52.359,83.78,1
2026-09-01T21:22:47.830,38.105,2,1,1,183,463,30.8,75.5,0.20,-0.35,0.14,0.74,1.00,0.32,0.20,-0.35,-1.91,-4.61,14.84,37.39,101,100,0,0,1931,1990,2010,1905,1979,1939,42.57,34.3,3353,52.391,83.83,1
2026-09-01T21:22:47.842,38.118,2,1,1,169,484,30.8,78.5,0.03,0.30,0.20,0.58,0.26,-0.38,0.03,0.30,-1.85,-3.94,14.53,36.94,010,011,0,0,1938,1996,2003,1884,1983,1937,42.57,34.3,3354,52.406,83.85,1
2026-09-01T21:22:47.854,38.129,2,1,1,161,484,26.4,76.3,0.23,-0.23,0.20,0.26,0.44,0.95,0.23,-0.23,-1.56,-4.58,13.14,37.13,101,110,0,0,1934,1993,2009,1879,1967,1954,42.57,34.3,3352,52.375,83.80,1
2026-09-01T21:22:47.866,38.141,2,1,1,152,484,25.9,71.9,0.29,-0.11,0.56,1.08,-0.23,-0.76,0.30,-0.14,-1.58,-3.45,12.74,37.23,110,001,0,0,1948,1996,1974,1912,1975,1939,42.57,34.3,3350,52.344,83.75,1
2026-09-01T21:22:47.877,38.153,2,1,1,140,484,23.2,77.3,0.34,0.38,0.20,0.38,0.57,-0.16,0.34,0.41,-1.51,-3.17,11.62,36.80,001,010,0,0,1936,2024,1962,1889,1985,1933,42.57,34.3,3350,52.344,83.75,1
2026-09-01T21:22:47.889,38.164,2,1,1,131,484,23.7,79.8,-0.07,-0.65,0.18,0.32,0.62,0.91,-0.07,-0.65,-1.93,-3.69,11.04,37.57,100,100,0,0,1934,1969,2002,1878,1983,1966,42.57,34.3,3353,52.391,83.83,1
2026-09-01T21:22:47.900,38.176,2,1,1,124,484,22.2,75.1,0.30,0.17,0.20,0.86,-0.38,-0.84,0.30,0.17,-1.14,-2.91,10.41,37.14,010,001,0,0,1936,2008,1984,1908,1987,1968,42.57,34.3,3351,52.359,83.78,1
2026-09-01T21:22:47.912,38.187,2,1,1,112,484,19.3,71.3,0.33,0.50,-0.12,0.44,0.63,-0.02,0.33,0.50,-1.41,-3.58,9.17,36.84,001,110,0,0,1929,1984,2008,1889,1975,1979,42.57,34.3,3351,52.359,83.78,1
2026-09-01T21:22:47.924,38.199,2,1,1,106,484,15.7,79.2,0.47,-0.66,0.32,0.46,-0.19,0.01,0.42,-0.68,-1.13,-3.89,7.97,37.59,101,101,0,0,1942,1949,2000,1891,1979,1951,42.57,34.3,3347,52.297,83.67,1
2026-09-01T21:22:47.936,38.211,2,1,1,91,484,16.5,78.9,-0.08,0.35,0.12,0.58,0.20,-0.24,-0.08,0.35,-1.76,-3.86,7.60,37.14,110,011,0,0,1932,1984,1986,1893,1979,1947,42.57,34.3,3351,52.359,83.78,1
2026-09-01T21:22:47.948,38.223,2,1,1,83,484,13.9,69.3,0.35,-0.01,0.20,0.58,-0.58,0.32,0.35,-0.01,-0.91,-4.41,6.65,37.04,010,100,0,0,1935,2005,2003,1895,1985,1948,42.57,34.3,3419,53.422,85.47,1
2026-09-01T21:22:47.959,38.235,2,1,1,75,484,10.9,77.3,0.43,0.01,0.04,1.14,-0.33,-0.51,0.45,-0.01,-0.60,-4.05,5.30,37.27,011,001,0,0,1928,1983,2017,1914,1974,1953,42.57,34.3,3351,52.359,83.78,1
2026-09-01T21:22:47.971,38.246,2,1,1,63,484,8.1,78.3,0.32,0.25,0.04,0.28,0.02,0.15,0.32,0.25,-0.80,-4.02,3.70,36.82,001,010,0,0,1923,1978,2020,1873,1969,1939,42.57,34.3,3349,52.328,83.72,1
2026-09-01T21:22:47.982,38.258,2,1,1,63,484,5.6,77.6,0.41,-0.25,0.06,0.76,-0.02,0.07,0.41,-0.25,-0.74,-4.08,2.61,37.23,001,100,0,0,1923,1986,2006,1905,1946,1961,42.57,34.3,3347,52.297,83.67,1
2026-09-01T21:22:47.994,38.269,2,1,1,63,484,3.4,76.1,0.42,-0.03,0.06,0.76,-0.10,-0.74,0.42,-0.03,-0.59,-3.44,1.48,37.31,001,001,0,0,1927,1981,2008,1899,1986,1958,42.57,34.3,3345,52.266,83.62,1
2026-09-01T21:22:48.005,38.281,2,1,1,63,484,1.3,72.9,0.36,0.29,0.14,0.30,-0.07,0.08,0.36,0.29,-0.45,-3.49,0.44,36.95,001,010,0,0,1930,1984,2007,1878,1980,1942,42.57,34.3,3345,52.266,83.62,1
2026-09-01T21:22:48.017,38.292,2,1,1,63,484,-1.3,74.3,0.32,-0.60,0.06,0.52,-0.04,0.14,0.32,-0.60,-0.34,-3.52,-0.50,37.67,001,101,0,0,1927,1982,2006,1893,1965,1960,42.57,34.3,3346,52.281,83.65,1
2026-09-01T21:22:48.028,38.304,2,1,1,63,484,-2.9,74.0,0.34,0.22,0.10,0.76,-0.05,-0.71,0.34,0.22,-0.23,-2.84,-1.44,37.16,001,011,0,0,1932,1984,2007,1894,1964,1946,42.57,34.3,3342,52.219,83.55,1
2026-09-01T21:22:48.040,38.315,2,1,1,-9,463,-4.3,78.0,0.31,0.23,0.04,0.38,-0.04,0.73,0.31,0.23,-0.15,-3.93,-2.23,37.09,011,110,0,0,1926,1981,2004,1883,1973,1958,42.57,34.3,3353,52.391,83.83,1
2026-09-01T21:22:48.052,38.327,2,1,1,-9,484,-5.7,80.0,0.29,-0.60,0.12,0.52,0.00,0.17,0.29,-0.60,-0.14,-4.20,-2.98,37.60,011,101,0,0,1929,1984,2000,1897,1975,1949,42.57,34.3,3352,52.375,83.80,1
2026-09-01T21:22:48.063,38.338,2,1,1,-9,463,-6.0,77.7,-0.09,0.24,0.04,0.38,0.22,-0.13,-0.09,0.24,-0.42,-4.04,-2.99,37.08,011,011,0,0,1930,1983,1983,1882,1971,1947,42.57,34.3,3351,52.359,83.78,1
2026-09-01T21:22:48.075,38.350,2,1,1,-11,484,-5.9,69.5,0.06,-0.09,0.04,0.50,-0.20,0.45,0.06,-0.09,-0.04,-4.51,-3.16,37.11,010,100,0,0,1945,1982,1996,1895,1988,1959,42.57,34.3,3419,53.422,85.47,1
2026-09-01T21:22:48.087,38.362,2,1,1,-11,463,-5.3,77.7,-0.17,-0.29,0.14,0.78,-0.08,-0.26,-0.17,-0.29,0.13,-4.21,-2.80,37.52,010,001,0,0,1932,1966,2000,1897,1977,1943,42.57,34.3,3351,52.359,83.78,1
2026-09-01T21:22:48.098,38.374,2,1,1,-13,484,-4.5,78.5,-0.24,0.31,0.04,0.38,-0.19,0.05,-0.24,0.31,0.39,-4.16,-2.22,36.90,110,010,0,0,1926,1981,2004,1882,1973,1939,42.57,34.3,3354,52.406,83.85,1
2026-09-01T21:22:48.110,38.385,2,1,1,-13,484,-3.8,76.8,-0.18,-0.29,0.04,0.74,-0.09,0.06,-0.18,-0.29,0.60,-4.21,-1.68,37.33,110,100,0,0,1924,1976,2004,1902,1947,1961,42.57,34.3,3357,52.453,83.92,1
2026-09-01T21:22:48.122,38.397,2,1,1,-17,484,-2.7,71.3,-0.25,0.14,0.00,0.74,0.03,-1.08,-0.25,0.14,0.60,-3.20,-1.07,37.13,100,011,0,0,1932,2000,2014,1888,1973,1947,42.57,34.3,3353,52.391,83.83,1
2026-09-01T21:22:48.133,38.409,2,1,1,-17,484,-1.0,78.3,-0.27,0.14,0.36,0.46,0.07,0.38,-0.27,0.14,0.46,-3.50,-0.18,36.86,100,110,0,0,1927,1980,2004,1885,1968,1951,42.57,34.3,3355,52.422,83.88,1
2026-09-01T21:22:48.149,38.424,2,1,1,-17,484,1.6,76.8,-0.30,-0.46,0.10,0.68,0.06,-0.39,-0.30,-0.46,0.36,-3.26,0.62,37.60,100,101,0,0,1924,1980,2016,1896,1949,1979,42.57,34.3,3354,52.406,83.85,1
2026-09-01T21:22:48.157,38.432,2,1,1,-17,484,2.7,71.3,-0.20,0.21,0.10,0.24,0.04,0.02,-0.20,0.21,0.28,-3.06,1.29,37.11,100,010,0,0,1942,1980,1997,1881,1975,1949,42.57,34.3,3351,52.359,83.78,1
2026-09-01T21:22:48.168,38.444,2,1,1,-17,463,3.7,76.2,-0.20,-0.22,0.06,0.52,0.06,0.71,-0.20,-0.22,0.16,-3.81,1.89,37.33,100,100,0,0,1932,1979,2001,1880,2002,1962,42.57,34.3,3353,52.391,83.83,1
2026-09-01T21:22:48.180,38.455,2,1,1,-17,484,4.4,78.3,-0.10,-0.17,0.04,0.78,0.03,-0.38,-0.10,-0.17,0.12,-3.78,2.32,37.40,100,001,0,0,1927,1976,2000,1905,1975,1962,42.57,34.3,3352,52.375,83.80,1
2026-09-01T21:22:48.192,38.467,2,1,1,-17,484,4.9,77.9,-0.11,0.39,-0.04,0.38,0.02,0.00,-0.11,0.39,0.11,-4.05,2.58,36.91,100,010,0,0,1927,1982,2000,1891,1989,1927,42.57,34.3,3352,52.375,83.80,1
2026-09-01T21:22:48.203,38.478,2,1,1,-17,484,5.4,76.0,-0.11,-0.48,0.10,0.52,0.00,0.26,-0.11,-0.48,0.12,-4.49,2.84,37.47,100,100,0,0,1931,1979,1999,1890,1966,1968,42.57,34.3,3354,52.406,83.85,1
2026-09-01T21:22:48.214,38.490,2,1,1,-17,463,5.6,75.8,0.00,-0.07,0.10,0.62,0.02,-0.45,0.00,-0.07,0.06,-4.07,2.99,37.37,100,001,0,0,1929,1974,1996,1897,1971,1957,42.57,34.3,3352,52.375,83.80,1
2026-09-01T21:22:48.226,38.502,2,1,1,6,484,5.8,70.4,-0.01,0.31,0.24,0.42,0.06,0.12,-0.01,0.31,-0.03,-4.13,3.13,36.86,110,010,0,0,1928,1975,2001,1881,1981,1942,42.57,34.3,3343,52.234,83.58,1
2026-09-01T21:22:48.237,38.513,2,1,1,6,484,6.2,74.1,-0.03,-0.32,0.06,0.86,0.14,-0.30,-0.03,-0.32,-0.23,-3.97,3.21,37.36,110,101,0,0,1926,1969,1999,1914,1949,1961,42.57,34.3,3344,52.250,83.60,1
2026-09-01T21:22:48.249,38.524,2,1,1,6,484,6.2,75.3,0.02,0.15,0.08,0.72,0.15,-0.80,0.02,0.15,-0.45,-3.17,3.13,37.08,110,011,0,0,1927,1966,1995,1891,1973,1942,42.57,34.3,3342,52.219,83.55,1
2026-09-01T21:22:48.260,38.536,2,1,1,6,484,6.1,77.6,0.10,0.32,0.34,0.56,0.11,0.24,0.10,0.32,-0.66,-3.52,2.93,36.89,110,110,0,0,1927,1966,1998,1891,1974,1938,42.57,34.3,3346,52.281,83.65,1
2026-09-01T21:22:48.272,38.547,2,1,1,7,484,5.8,80.0,-0.01,-0.66,0.10,0.52,-0.33,-0.10,-0.01,-0.66,-0.35,-3.39,2.93,37.68,010,101,0,0,1928,1990,1994,1889,1965,1962,42.57,34.1,3346,52.281,83.65,1
2026-09-01T21:22:48.283,38.558,2,1,1,7,484,5.5,79.3,0.04,-0.05,0.14,0.44,-0.16,0.31,0.04,-0.05,-0.02,-3.15,2.96,37.39,010,011,0,0,1930,1983,1991,1870,1939,1949,42.57,34.1,3344,52.250,83.60,1
2026-09-01T21:22:48.294,38.570,2,1,1,7,463,5.3,78.6,0.04,0.03,0.06,0.40,-0.06,0.79,0.04,0.03,0.08,-3.97,2.84,37.23,010,110,0,0,1928,1983,1992,1882,1978,1962,42.57,34.1,3345,52.266,83.62,1
2026-09-01T21:22:48.306,38.581,2,1,1,7,484,4.9,79.0,0.11,-0.56,0.14,0.58,-0.02,0.14,0.11,-0.56,0.13,-4.22,2.58,37.60,010,101,0,0,1932,1982,1987,1896,1980,1944,42.57,34.1,3344,52.250,83.60,1
2026-09-01T21:22:48.317,38.593,2,1,1,8,463,4.4,77.7,0.19,0.22,0.14,0.48,-0.26,-0.14,0.19,0.22,0.32,-4.12,2.16,37.11,011,011,0,0,1926,1986,1999,1884,1971,1949,42.57,34.1,3344,52.250,83.60,1
2026-09-01T21:22:48.329,38.604,2,1,1,8,484,3.9,76.1,0.18,-0.01,0.14,0.42,-0.25,0.53,0.18,-0.01,0.71,-4.63,1.66,37.00,011,110,0,0,1926,1986,2002,1884,1968,1947,42.57,34.1,3345,52.266,83.62,1
2026-09-01T21:22:48.340,38.615,2,1,1,8,484,3.4,76.4,0.17,-0.68,-0.02,0.34,-0.24,-0.12,0.17,-0.68,1.10,-4.28,1.19,37.59,011,101,0,0,1928,1987,2001,1888,1975,1958,42.57,34.1,3345,52.266,83.62,1
2026-09-01T21:22:48.352,38.627,2,1,1,8,484,3.1,72.6,0.17,0.35,0.38,0.56,-0.16,-0.32,0.17,0.35,1.42,-3.91,0.76,36.92,011,011,0,0,1926,1983,1998,1886,1983,1943,42.57,34.1,3344,52.250,83.60,1
2026-09-01T21:22:48.363,38.638,2,1,1,8,463,3.6,72.6,0.11,-0.35,0.06,0.08,-0.13,1.09,0.11,-0.35,1.69,-4.75,0.42,37.32,011,110,0,0,1930,1983,1998,1874,1973,1954,42.57,34.1,3344,52.250,83.60,1
2026-09-01T21:22:48.374,38.650,2,1,1,8,484,3.9,71.7,0.11,-0.03,0.32,1.36,-0.07,-0.84,0.11,-0.03,1.84,-3.50,0.15,37.09,011,101,0,0,1924,1983,1997,1925,1947,1991,42.57,34.1,3345,52.266,83.62,1
2026-09-01T21:22:48.386,38.661,2,1,1,8,484,-4.1,73.9,0.10,0.29,0.28,0.34,0.00,-0.14,0.10,0.29,1.92,-3.23,-0.09,36.93,011,010,0,0,1934,1987,2011,1874,1984,1942,42.57,34.1,3343,52.234,83.58,1
2026-09-01T21:22:48.397,38.673,2,1,1,8,484,-4.2,79.6,0.08,-0.52,0.06,0.32,-0.01,0.57,0.08,-0.52,1.97,-3.51,-0.32,37.52,011,100,0,0,1930,1981,1994,1884,1979,1957,42.57,34.1,3345,52.266,83.62,1
2026-09-01T21:22:48.409,38.684,2,1,1,8,484,-4.2,78.1,0.08,0.04,0.06,0.88,0.01,-0.71,0.08,0.04,1.97,-2.99,-0.52,37.39,011,001,0,0,1925,1983,2007,1901,1978,1963,42.60,34.1,3343,52.234,83.58,1
2026-09-01T21:22:48.420,38.696,2,1,1,8,484,-4.2,76.8,0.05,0.24,0.06,0.12,0.00,0.49,0.05,0.24,1.99,-3.89,-0.66,37.26,011,010,0,0,1928,1981,1995,1872,1987,1935,42.60,34.1,3343,52.234,83.58,1
2026-09-01T21:22:48.432,38.707,2,1,1,8,463,-4.3,77.9,0.05,-0.57,0.08,0.48,0.00,0.72,0.05,-0.57,2.00,-4.43,-0.79,37.60,011,100,0,0,1928,1981,1994,1886,1984,1951,42.60,34.1,3345,52.266,83.62,1
2026-09-01T21:22:48.443,38.718,2,1,1,0,484,-4.2,76.1,0.03,-0.10,0.08,0.66,0.00,-0.59,0.03,-0.10,1.99,-3.99,-0.86,37.42,011,001,0,0,1929,1980,1995,1895,1984,1956,42.60,34.1,3313,51.766,82.83,1
2026-09-01T21:22:48.454,38.729,2,1,1,0,484,-4.3,78.2,0.01,0.50,0.08,0.58,-0.03,-0.05,0.01,0.50,2.01,-4.20,-0.94,36.79,011,010,0,0,1928,1977,1995,1895,1988,1934,42.60,34.1,3314,51.781,82.85,1
2026-09-01T21:22:48.466,38.741,2,1,1,0,463,-4.3,79.2,0.01,-0.32,0.14,0.48,0.00,0.61,0.01,-0.32,1.99,-4.63,-0.97,37.36,011,100,0,0,1937,1983,1997,1893,1983,1956,42.60,34.1,3315,51.797,82.88,1
2026-09-01T21:22:48.477,38.752,2,1,1,0,484,-4.3,79.2,0.02,-0.34,0.08,0.62,0.00,-0.32,0.02,-0.34,2.00,-4.18,-0.99,37.54,011,001,0,0,1931,1982,1995,1895,1992,1948,42.60,34.1,3314,51.781,82.85,1
2026-09-01T21:22:48.488,38.763,2,1,1,0,484,-4.3,77.5,0.02,0.62,0.12,0.74,-0.04,-0.30,0.01,0.63,1.99,-3.87,-1.04,36.73,011,010,0,0,1931,1979,1995,1901,1999,1930,42.60,34.1,3314,51.781,82.85,1
2026-09-01T21:22:48.499,38.774,2,1,1,0,484,-4.3,79.1,-0.01,-0.37,0.10,0.50,-0.01,0.54,-0.01,-0.37,1.99,-4.22,-1.01,37.28,011,100,0,0,1930,1979,1995,1883,1980,1967,42.60,34.1,3316,51.812,82.90,1
2026-09-01T21:22:48.510,38.786,2,1,1,0,484,-4.2,77.1,0.02,-0.23,0.08,0.84,-0.04,-0.41,0.00,-0.23,1.97,-3.39,-1.02,37.48,011,001,0,0,1929,1979,1995,1901,1983,1945,42.60,34.1,3313,51.766,82.83,1
2026-09-01T21:22:48.521,38.797,2,1,1,0,484,-4.3,77.1,0.01,0.32,0.06,0.30,-0.04,-0.15,0.01,0.37,2.01,-3.15,-1.02,37.07,011,010,0,0,1929,1977,1995,1885,1990,1926,42.60,34.1,3314,51.781,82.85,1
2026-09-01T21:22:48.533,38.808,2,1,1,0,484,-4.2,78.3,-0.01,-0.56,0.06,0.62,-0.01,1.08,-0.01,-0.56,1.97,-3.73,-0.98,37.48,011,100,0,0,1929,1977,1997,1878,2028,1970,42.60,34.1,3315,51.797,82.88,1
2026-09-01T21:22:48.544,38.819,2,1,1,0,484,-4.2,74.8,0.01,-0.20,0.02,0.86,-0.04,-0.42,0.03,-0.21,1.97,-3.30,-0.98,37.44,011,001,0,0,1931,1979,1995,1903,1978,1944,42.60,34.1,3312,51.750,82.80,1
2026-09-01T21:22:48.555,38.831,2,1,1,0,463,-4.3,69.1,0.03,0.27,0.08,0.34,0.00,0.39,0.03,0.27,1.98,-4.12,-1.01,37.04,011,010,0,0,1927,1977,1994,1879,1963,1957,42.60,34.1,3312,51.750,82.80,1
2026-09-01T21:22:48.566,38.842,2,1,1,0,484,-4.3,68.8,0.00,0.12,0.10,0.70,-0.02,0.18,0.00,0.10,1.99,-4.24,-0.99,36.88,011,100,0,0,1933,1977,1994,1906,1985,1937,42.60,34.1,3309,51.703,82.72,1
2026-09-01T21:22:48.578,38.853,2,1,1,0,484,-4.2,73.7,0.02,-0.35,0.08,0.78,0.04,-0.37,0.01,-0.35,1.96,-4.25,-0.99,37.58,011,101,0,0,1925,1977,1995,1902,1959,1967,42.60,34.1,3315,51.797,82.88,1
2026-09-01T21:22:48.589,38.864,2,1,1,0,463,-4.2,77.3,0.00,-0.02,0.10,0.06,0.04,0.58,0.00,-0.02,1.96,-4.48,-0.99,37.26,011,011,0,0,1931,1975,1994,1870,1946,1956,42.60,34.1,3313,51.766,82.83,1
2026-09-01T21:22:48.600,38.876,2,1,1,0,484,-4.3,76.9,-0.02,0.00,0.10,0.42,0.00,0.52,-0.02,-0.03,1.99,-4.60,-0.95,37.03,011,110,0,0,1927,1977,1995,1886,1970,1951,42.60,34.1,3316,51.812,82.90,1
2026-09-01T21:22:48.611,38.887,2,1,1,0,484,-4.3,78.7,0.01,-0.35,0.04,0.86,0.00,-0.34,0.01,-0.35,2.01,-4.06,-0.97,37.44,011,101,0,0,1926,1979,1995,1909,1958,1973,42.60,34.1,3316,51.812,82.90,1
2026-09-01T21:22:48.623,38.898,2,1,1,0,484,-4.3,78.3,0.05,0.26,0.20,0.30,-0.04,-0.40,0.04,0.26,2.02,-3.57,-1.01,36.99,011,011,0,0,1927,1979,1995,1883,1983,1942,42.60,34.1,3314,51.781,82.85,1
2026-09-01T21:22:48.634,38.909,2,1,1,0,484,-4.2,77.8,-0.01,0.13,0.10,0.50,0.03,0.34,-0.01,0.03,1.94,-3.66,-0.97,36.88,011,110,0,0,1925,1977,1996,1885,1967,1950,42.60,34.1,3315,51.797,82.88,1
2026-09-01T21:22:48.645,38.920,2,1,1,0,484,-4.3,79.6,0.00,-0.59,0.06,0.58,-0.02,-0.28,0.00,-0.51,1.98,-3.24,-0.99,37.63,011,101,0,0,1931,1977,1995,1898,1956,1980,42.60,34.1,3316,51.812,82.90,1
2026-09-01T21:22:48.656,38.931,2,1,1,0,484,-4.2,79.2,0.03,0.12,0.10,0.40,0.00,-0.21,0.03,0.18,1.97,-3.08,-1.02,37.31,011,011,0,0,1930,1977,1995,1882,1972,1944,42.60,34.1,3314,51.781,82.85,1
2026-09-01T21:22:48.667,38.943,2,1,1,0,484,-4.3,78.5,-0.02,0.19,0.12,0.52,0.00,0.38,0.00,0.19,1.98,-3.34,-0.97,37.01,011,110,0,0,1930,1977,1995,1891,1974,1942,42.60,34.1,3316,51.812,82.90,1
2026-09-01T21:22:48.678,38.954,2,1,1,0,484,-4.3,79.8,0.01,-0.70,0.08,0.44,-0.01,0.35,0.01,-0.70,1.99,-4.02,-0.98,37.65,011,101,0,0,1930,1978,1995,1891,1972,1964,42.60,34.1,3316,51.812,82.90,1
2026-09-01T21:22:48.690,38.965,2,1,1,0,463,-4.3,76.5,0.03,0.23,0.08,0.74,0.00,-0.16,0.03,0.24,1.98,-3.82,-1.00,37.08,011,011,0,0,1929,1981,1997,1895,1956,1953,42.60,34.1,3313,51.766,82.83,1
2026-09-01T21:22:48.701,38.976,2,1,1,0,463,-4.3,72.9,-0.02,0.08,0.08,0.60,0.01,0.90,-0.01,0.08,1.99,-4.30,-0.97,36.90,011,110,0,0,1927,1977,1995,1877,1967,2043,42.60,34.1,3314,51.781,82.85,1
2026-09-01T21:22:48.712,38.987,2,1,1,0,484,-4.3,77.2,0.00,-0.49,0.08,0.66,-0.01,-0.14,0.00,-0.49,2.00,-4.41,-0.95,37.57,011,101,0,0,1927,1977,1995,1899,1960,1964,42.60,34.1,3315,51.797,82.88,1
2026-09-01T21:22:48.724,38.999,2,1,1,0,463,-4.3,69.8,0.01,0.05,0.04,0.66,0.00,-0.47,0.01,0.05,2.00,-4.15,-0.98,37.27,011,011,0,0,1932,1980,1996,1896,1966,1957,42.60,34.1,3310,51.719,82.75,1
2026-09-01T21:22:48.735,39.010,2,1,1,0,484,-4.2,69.0,0.00,0.32,0.10,0.42,0.02,0.10,0.00,0.32,1.97,-4.22,-0.98,36.85,011,010,0,0,1929,1978,1995,1885,1980,1944,42.60,34.1,3307,51.672,82.67,1
2026-09-01T21:22:48.746,39.021,2,1,1,0,484,-4.2,71.8,-0.02,-0.34,0.10,0.78,0.02,-0.12,-0.02,-0.30,1.97,-4.07,-0.94,37.36,011,100,0,0,1926,1978,1996,1902,1951,1983,42.60,34.1,3315,51.797,82.88,1
2026-09-01T21:22:48.757,39.032,2,1,1,0,484,-4.3,73.8,0.02,-0.04,0.08,0.66,-0.04,-0.66,0.02,0.03,1.99,-3.57,-0.99,37.38,011,001,0,0,1929,1979,1994,1896,1992,1953,42.60,34.1,3313,51.766,82.83,1
2026-09-01T21:22:48.769,39.044,2,1,1,0,484,-4.2,72.9,0.01,0.26,0.10,0.30,0.02,0.06,0.01,0.26,1.97,-3.47,-0.99,36.94,011,010,0,0,1924,1975,2009,1876,1976,1935,42.60,34.1,3314,51.781,82.85,1
2026-09-01T21:22:48.780,39.055,2,1,1,0,484,-4.3,71.1,-0.01,-0.72,0.10,0.28,-0.09,0.45,-0.01,-0.72,1.99,-3.67,-0.99,37.68,011,100,0,0,1931,1980,1988,1881,1981,1962,42.60,34.1,3315,51.797,82.88,1
2026-09-01T21:22:48.791,39.066,2,1,1,0,484,-4.2,73.9,0.02,0.25,0.04,0.94,0.01,-0.95,0.02,0.33,1.99,-2.70,-1.00,37.16,011,001,0,0,1927,1979,1997,1912,1992,1968,42.60,34.1,3312,51.750,82.80,1
2026-09-01T21:22:48.802,39.078,2,1,1,0,484,-4.2,69.8,0.00,0.37,0.08,0.44,0.03,0.26,0.00,0.37,1.95,-3.49,-0.98,37.02,011,110,0,0,1925,1975,1995,1884,1979,1943,42.60,34.1,3315,51.797,82.88,1
2026-09-01T21:22:48.814,39.089,2,1,1,0,484,-4.2,70.8,-0.04,-0.70,0.20,0.46,-0.05,0.42,-0.04,-0.66,2.01,-3.90,-0.94,37.66,011,101,0,0,1929,1977,1995,1887,1976,1952,42.60,34.1,3309,51.703,82.72,1
2026-09-01T21:22:48.825,39.100,2,1,1,0,484,-4.2,73.6,0.00,-0.06,0.20,0.62,-0.01,-0.61,0.00,0.05,1.99,-3.78,-0.98,37.32,011,001,0,0,1932,1978,1996,1895,1980,1956,42.60,34.1,3312,51.750,82.80,1
2026-09-01T21:22:48.836,39.111,2,1,1,0,484,-4.3,74.7,-0.01,0.55,0.04,0.62,-0.06,0.04,-0.04,0.55,1.98,-4.20,-0.97,36.75,011,010,0,0,1927,1977,1995,1896,1990,1934,42.60,34.1,3314,51.781,82.85,1
2026-09-01T21:22:48.847,39.123,2,1,1,0,463,-4.2,78.9,0.00,-0.35,0.14,0.68,-0.02,0.44,0.00,-0.35,1.98,-4.70,-0.98,37.48,011,100,0,0,1930,1979,1997,1898,1983,1950,42.60,34.1,3316,51.812,82.90,1
2026-09-01T21:22:48.859,39.134,2,1,1,-1,484,-4.3,73.5,0.03,-0.06,0.04,0.60,-0.03,-0.70,0.03,-0.06,2.00,-3.97,-1.01,37.41,010,001,0,0,1923,1976,2008,1891,1983,1954,42.60,34.1,3350,52.344,83.75,1
2026-09-01T21:22:48.871,39.146,2,1,1,-1,484,-4.2,73.6,-0.01,0.35,0.02,0.68,0.03,0.18,-0.01,0.35,1.97,-3.72,-0.98,36.76,010,110,0,0,1924,1973,2010,1880,1965,2013,42.60,34.1,3351,52.359,83.78,1
2026-09-01T21:22:48.882,39.158,2,1,1,-1,484,-4.3,80.0,0.01,-0.57,0.04,0.62,-0.01,-0.25,0.01,-0.57,1.99,-3.73,-0.97,37.68,010,101,0,0,1931,1978,1994,1901,1967,1963,42.60,34.1,3352,52.375,83.80,1
2026-09-01T21:22:48.894,39.169,2,1,1,-1,484,-4.2,76.6,0.04,0.35,0.04,0.46,-0.03,-0.53,0.04,0.35,1.98,-3.06,-0.99,37.03,010,011,0,0,1928,1978,1993,1892,1989,1941,42.60,34.1,3350,52.344,83.75,1
2026-09-01T21:22:48.906,39.181,2,1,1,-1,484,-4.2,71.2,0.01,0.05,0.08,0.70,0.03,0.11,0.01,0.05,1.97,-3.17,-0.96,37.08,010,100,0,0,1930,1978,1995,1893,2029,1974,42.60,34.1,3351,52.359,83.78,1
2026-09-01T21:22:48.917,39.193,2,1,1,-1,484,-4.3,77.8,0.00,-0.24,0.04,0.74,-0.04,-0.40,0.00,-0.24,1.99,-3.04,-0.96,37.46,010,001,0,0,1929,1977,1994,1897,1981,1947,42.60,34.1,3350,52.344,83.75,1
2026-09-01T21:22:48.929,39.204,2,1,1,-1,484,-4.2,78.0,0.00,0.34,0.08,0.34,0.00,0.28,0.00,0.34,1.98,-3.51,-0.96,37.08,010,010,0,0,1928,1976,1994,1882,1979,1943,42.60,34.1,3350,52.344,83.75,1
2026-09-01T21:22:48.941,39.216,2,1,1,-1,463,-4.3,77.0,0.00,-0.67,0.10,0.40,-0.02,0.72,0.00,-0.67,2.00,-4.43,-0.95,37.58,010,100,0,0,1929,1976,1994,1888,1983,1947,42.60,34.1,3353,52.391,83.83,1
2026-09-01T21:22:48.953,39.228,2,1,1,-1,463,-4.3,77.5,0.02,0.17,0.44,0.68,0.00,-0.44,0.02,0.17,1.99,-3.93,-0.98,37.12,010,011,0,0,1928,1978,1996,1888,1965,1947,42.60,34.1,3350,52.344,83.75,1
2026-09-01T21:22:48.964,39.240,2,1,1,-1,463,-4.2,78.8,-0.01,-0.10,0.12,0.22,0.02,1.34,-0.01,-0.10,1.96,-4.74,-0.95,37.14,010,110,0,0,1936,1979,2010,1867,1977,1991,42.60,34.1,3352,52.375,83.80,1
2026-09-01T21:22:48.976,39.251,2,1,1,0,484,-4.2,78.1,0.00,-0.33,0.00,0.78,0.01,-0.38,0.00,-0.33,1.97,-4.29,-0.97,37.53,010,101,0,0,1928,1976,1994,1912,1952,1968,42.60,34.1,3322,51.906,83.05,1
2026-09-01T21:22:48.987,39.262,2,1,1,0,484,-4.2,78.5,0.02,0.26,0.12,0.62,-0.02,-0.31,0.02,0.24,1.97,-3.96,-0.97,36.98,010,011,0,0,1933,1980,1996,1891,1979,1943,42.60,34.1,3321,51.891,83.03,1
2026-09-01T21:22:48.998,39.273,2,1,1,0,463,-4.2,77.8,0.00,0.00,-0.04,0.26,0.00,1.24,0.00,-0.15,1.97,-4.57,-0.95,37.00,010,110,0,0,1934,1976,1994,1875,1971,1997,42.60,34.1,3323,51.922,83.08,1
2026-09-01T21:22:49.009,39.285,2,1,1,0,484,-4.2,79.8,0.00,-0.43,0.02,0.66,-0.01,-0.34,0.00,-0.43,1.98,-3.93,-0.92,37.55,010,101,0,0,1945,1978,1989,1907,1965,1969,42.60,34.1,3322,51.906,83.05,1
2026-09-01T21:22:49.021,39.296,2,1,1,0,484,-4.2,78.7,0.04,0.06,0.08,0.36,0.02,-0.26,0.04,0.06,1.95,-3.29,-0.97,37.13,010,011,0,0,1929,1978,1994,1879,1964,1942,42.60,34.1,3320,51.875,83.00,1
2026-09-01T21:22:49.032,39.307,2,1,1,0,484,-4.2,78.4,0.00,0.03,0.08,0.30,-0.02,0.65,0.00,0.03,1.96,-3.47,-0.94,36.98,010,110,0,0,1931,1978,2012,1873,1968,1964,42.60,34.1,3322,51.906,83.05,1
2026-09-01T21:22:49.043,39.319,2,1,1,3,484,-4.2,79.6,0.00,-0.65,0.04,0.36,0.01,0.07,0.00,-0.65,1.95,-3.40,-0.91,37.71,011,101,0,0,1927,1974,1993,1891,1972,1956,42.60,34.1,3346,52.281,83.65,1
2026-09-01T21:22:49.054,39.330,2,1,1,3,463,-4.2,79.3,0.03,-0.17,0.12,0.16,0.02,0.45,0.03,-0.17,1.98,-3.33,-0.96,37.45,011,011,0,0,1933,1979,1995,1868,1922,1956,42.60,34.1,3343,52.234,83.58,1
2026-09-01T21:22:49.066,39.341,2,1,1,3,484,-4.3,77.9,0.00,0.40,0.14,0.72,-0.02,0.16,0.00,0.40,2.00,-3.73,-0.94,36.83,011,110,0,0,1928,1978,1995,1903,1971,1924,42.60,34.1,3346,52.281,83.65,1
2026-09-01T21:22:49.077,39.353,2,1,1,3,484,-4.2,79.5,0.01,-0.59,0.10,0.66,0.01,0.00,0.01,-0.59,1.98,-4.05,-0.94,37.63,011,101,0,0,1929,1974,1993,1895,1970,1957,42.60,34.1,3346,52.281,83.65,1
2026-09-01T21:22:49.089,39.364,2,1,1,3,484,-4.2,78.4,0.02,0.38,0.08,0.64,0.01,-0.20,0.02,0.38,1.97,-3.88,-0.96,37.10,011,011,0,0,1927,1975,1992,1893,1968,1952,42.60,34.1,3344,52.250,83.60,1
2026-09-01T21:22:49.100,39.376,2,1,1,3,463,-4.2,78.4,0.00,-0.21,0.12,0.26,0.03,1.38,0.00,-0.21,1.97,-4.61,-0.95,37.20,011,110,0,0,1929,1974,1991,1875,1978,1966,42.60,34.1,3346,52.281,83.65,1
2026-09-01T21:22:49.112,39.387,2,1,1,3,484,-4.2,77.5,0.02,-0.54,0.10,0.74,0.02,-0.23,0.02,-0.54,1.98,-4.11,-0.97,37.64,011,101,0,0,1927,1977,1993,1899,1976,1961,42.60,34.1,3346,52.281,83.65,1
2026-09-01T21:22:49.123,39.398,2,1,1,3,484,-4.2,74.2,0.01,0.49,0.10,0.58,0.01,-0.51,0.01,0.49,1.98,-3.59,-0.96,36.97,011,011,0,0,1932,1977,1995,1895,1990,1942,42.60,34.1,3342,52.219,83.55,1
2026-09-01T21:22:49.135,39.410,2,1,1,3,484,-4.3,71.4,0.00,-0.06,0.06,0.48,0.00,0.40,0.00,-0.06,1.99,-3.99,-0.95,37.09,011,110,0,0,1929,1977,1995,1889,1967,1941,42.60,34.1,3344,52.250,83.60,1
2026-09-01T21:22:49.146,39.421,2,1,1,3,484,-4.2,70.3,0.03,-0.20,0.14,0.88,0.02,-0.66,0.03,-0.20,1.96,-3.22,-0.98,37.47,011,101,0,0,1929,1978,1994,1907,1953,1976,42.60,34.1,3346,52.281,83.65,1
2026-09-01T21:22:49.157,39.433,2,1,1,3,484,-4.2,74.2,0.00,0.32,0.12,0.38,0.02,-0.13,0.00,0.32,1.97,-3.10,-0.98,37.15,011,010,0,0,1929,1973,1993,1883,1984,1936,42.60,34.1,3343,52.234,83.58,1
2026-09-01T21:22:49.168,39.444,2,1,1,0,484,-4.2,71.7,-0.01,-0.05,0.16,0.46,-0.04,0.28,-0.01,-0.05,2.00,-3.39,-0.96,37.22,011,100,0,0,1927,1976,1996,1888,2037,1985,42.60,34.1,3316,51.812,82.90,1
2026-09-01T21:22:49.180,39.455,2,1,1,0,484,-4.2,72.0,0.00,-0.27,0.02,0.88,0.04,-0.58,0.00,-0.18,1.97,-3.17,-0.96,37.45,011,001,0,0,1925,1980,1996,1904,1971,1930,42.60,34.1,3312,51.750,82.80,1
2026-09-01T21:22:49.191,39.467,2,1,1,0,463,-4.2,69.0,0.03,0.27,0.08,0.34,0.00,0.37,0.03,0.27,1.99,-4.02,-1.00,37.07,011,010,0,0,1929,1979,1994,1882,1953,1960,42.60,34.1,3314,51.781,82.85,1
2026-09-01T21:22:49.203,39.478,2,1,1,0,484,-4.2,72.0,0.01,0.18,0.04,0.98,0.01,-0.03,0.01,0.18,1.99,-4.23,-0.97,36.89,011,100,0,0,1925,1978,1996,1905,2029,1961,42.60,34.1,3316,51.812,82.90,1
2026-09-01T21:22:49.217,39.492,2,1,1,0,484,-4.3,69.8,0.05,-0.17,0.02,0.96,0.00,-0.46,0.04,-0.17,1.99,-4.22,-0.99,37.44,011,001,0,0,1927,1980,1996,1911,1968,1954,42.60,34.1,3377,52.766,84.42,1
2026-09-01T21:22:49.225,39.500,2,1,1,0,463,-4.2,74.1,-0.01,0.11,0.10,0.04,-0.01,0.53,0.00,0.11,1.99,-4.50,-0.96,37.25,011,011,0,0,1933,1977,1995,1870,1956,1960,42.60,34.1,3314,51.781,82.85,1
2026-09-01T21:22:49.236,39.512,2,1,1,0,484,-4.2,73.9,-0.01,-0.08,0.44,0.46,0.03,0.55,-0.01,-0.10,1.96,-4.69,-0.95,37.13,011,110,0,0,1927,1977,1995,1887,1970,1942,42.60,34.1,3315,51.797,82.88,1
2026-09-01T21:22:49.247,39.523,2,1,1,0,484,-4.2,76.4,0.02,-0.55,0.16,0.70,0.03,-0.31,0.02,-0.48,1.97,-4.08,-0.98,37.62,011,101,0,0,1931,1979,1995,1898,1967,1966,42.60,34.1,3316,51.812,82.90,1
2026-09-01T21:22:49.259,39.534,2,1,1,0,484,-4.2,76.6,0.02,0.23,0.10,0.34,0.03,-0.26,0.01,0.23,1.97,-3.72,-0.98,37.07,011,011,0,0,1930,1979,2009,1876,1980,1938,42.60,34.1,3314,51.781,82.85,1
2026-09-01T21:22:49.270,39.545,2,1,1,0,484,-4.2,76.2,-0.02,-0.06,0.04,0.40,0.03,0.44,-0.02,-0.06,1.96,-3.91,-0.94,37.02,011,110,0,0,1927,1977,1997,1886,1967,1943,42.60,34.1,3316,51.812,82.90,1
2026-09-01T21:22:49.281,39.556,2,1,1,0,484,-4.2,77.7,0.01,-0.47,0.20,0.78,0.02,-0.40,0.01,-0.39,1.97,-3.26,-0.97,37.59,011,101,0,0,1926,1979,1995,1903,1962,1967,42.60,34.1,3316,51.812,82.90,1
2026-09-01T21:22:49.292,39.568,2,1,1,0,484,-4.2,77.7,0.04,0.16,0.08,0.34,0.01,-0.25,0.04,0.16,1.97,-3.16,-1.00,37.19,011,011,0,0,1927,1979,1995,1879,1980,1942,42.60,34.1,3314,51.781,82.85,1
2026-09-01T21:22:49.303,39.579,2,1,1,0,484,-4.2,77.3,0.00,0.07,0.16,0.54,0.03,0.35,0.00,0.07,1.98,-3.49,-0.97,37.10,011,110,0,0,1927,1977,1995,1887,1967,1943,42.60,34.1,3315,51.797,82.88,1
2026-09-01T21:22:49.315,39.590,2,1,1,0,484,-4.2,79.6,0.00,-0.60,0.08,0.60,0.04,-0.18,0.00,-0.55,1.97,-3.93,-0.97,37.65,011,101,0,0,1924,1978,1995,1893,1967,1971,42.60,34.3,3315,51.797,82.88,1
2026-09-01T21:22:49.326,39.601,2,1,1,0,463,-4.3,78.8,0.03,0.23,0.18,0.58,0.00,-0.08,0.03,0.28,1.99,-4.06,-0.99,37.07,011,011,0,0,1933,1979,1995,1889,1960,1953,42.60,34.3,3312,51.750,82.80,1
2026-09-01T21:22:49.337,39.612,2,1,1,0,463,-4.3,79.1,-0.01,-0.17,0.10,0.34,-0.02,1.42,-0.01,-0.17,2.01,-4.92,-0.97,37.11,011,110,0,0,1934,1975,1995,1871,1976,2014,42.60,34.3,3316,51.812,82.90,1
2026-09-01T21:22:49.351,39.626,2,1,1,0,484,-4.3,79.8,0.01,-0.44,0.08,0.62,-0.02,-0.24,0.01,-0.44,2.01,-4.54,-0.98,37.58,011,101,0,0,1927,1978,1995,1907,1956,1960,42.60,34.3,3314,51.781,82.85,1
2026-09-01T21:22:49.360,39.635,2,1,1,0,484,-4.3,77.9,0.03,0.28,0.04,0.54,-0.02,-0.35,0.03,0.28,2.01,-4.31,-1.01,37.15,011,011,0,0,1928,1979,1995,1896,1968,1953,42.60,34.3,3311,51.734,82.78,1
2026-09-01T21:22:49.371,39.646,2,1,1,0,484,-4.3,72.1,0.00,0.32,0.10,0.42,-0.03,0.45,0.00,0.17,2.01,-4.40,-0.99,36.85,011,110,0,0,1930,1977,1995,1879,1967,1998,42.60,34.3,3315,51.797,82.88,1
2026-09-01T21:22:49.382,39.657,2,1,1,0,484,-4.3,72.8,0.00,-0.32,0.02,0.84,-0.02,-0.36,0.01,-0.32,2.00,-4.17,-0.98,37.37,011,101,0,0,1926,1979,1995,1911,1950,1964,42.60,34.3,3315,51.797,82.88,1
2026-09-01T21:22:49.393,39.669,2,1,1,0,484,-4.2,71.2,0.01,0.28,0.16,1.10,-0.05,-0.94,0.02,0.32,2.00,-3.33,-1.00,36.97,011,011,0,0,1927,1980,1996,1907,1963,1945,42.60,34.3,3314,51.781,82.85,1
2026-09-01T21:22:49.404,39.680,2,1,1,0,484,-4.2,69.8,0.00,0.27,0.08,0.30,0.02,0.20,0.00,0.27,1.95,-3.61,-0.99,36.89,011,110,0,0,1930,1975,1995,1878,1977,1943,42.60,34.3,3315,51.797,82.88,1
2026-09-01T21:22:49.416,39.691,2,1,1,0,484,-4.2,69.5,0.00,-0.73,0.00,0.26,-0.01,0.39,0.00,-0.74,1.98,-3.65,-0.97,37.68,011,101,0,0,1927,1980,1996,1883,1975,1955,42.60,34.3,3316,51.812,82.90,1
2026-09-01T21:22:49.427,39.702,2,1,1,0,484,-4.2,69.4,0.02,0.00,0.16,0.60,0.01,-0.62,0.02,0.00,1.97,-2.97,-1.01,37.41,011,011,0,0,1931,1977,1994,1891,1970,1940,42.60,34.3,3377,52.766,84.42,1
2026-09-01T21:22:49.438,39.713,2,1,1,0,484,-4.2,70.0,0.00,0.43,0.08,0.36,0.00,0.16,0.00,0.43,1.97,-3.62,-0.99,37.06,011,110,0,0,1929,1977,1995,1888,1992,1932,42.60,34.3,3308,51.688,82.70,1
2026-09-01T21:22:49.449,39.725,2,1,1,0,463,-4.2,75.9,0.01,-0.68,0.10,0.36,-0.01,0.61,0.01,-0.69,1.98,-4.42,-1.00,37.60,011,100,0,0,1928,1979,1996,1883,1988,1950,42.60,34.3,3314,51.781,82.85,1
2026-09-01T21:22:49.461,39.736,2,1,1,-1,484,-4.2,73.4,0.02,-0.07,0.10,0.60,0.03,-0.55,0.02,-0.07,1.98,-4.08,-1.00,37.40,010,001,0,0,1928,1978,1993,1893,1985,1957,42.60,34.3,3350,52.344,83.75,1
2026-09-01T21:22:49.472,39.747,2,1,1,-1,484,-4.2,70.3,0.00,0.52,0.04,0.62,0.02,0.06,0.00,0.52,1.98,-4.52,-0.99,36.76,010,010,0,0,1928,1976,1995,1896,1989,1937,42.60,34.3,3350,52.344,83.75,1
2026-09-01T21:22:49.484,39.759,2,1,1,-1,484,-4.2,76.0,0.00,-0.50,0.06,0.80,-0.01,-0.08,0.00,-0.50,1.98,-4.53,-0.95,37.46,010,101,0,0,1941,1979,1989,1901,1995,1947,42.60,34.3,3351,52.359,83.78,1
2026-09-01T21:22:49.496,39.771,2,1,1,-1,484,-4.3,78.5,0.03,0.44,0.04,0.70,-0.03,-0.66,0.03,0.44,2.00,-3.99,-0.98,36.99,010,011,0,0,1928,1977,1994,1900,1989,1949,42.60,34.3,3350,52.344,83.75,1
2026-09-01T21:22:49.507,39.782,2,1,1,-1,484,-4.2,78.2,-0.01,-0.16,0.20,0.30,0.03,1.00,-0.01,-0.16,1.97,-4.50,-0.96,37.04,010,110,0,0,1931,1976,1994,1877,1967,1959,42.60,34.3,3352,52.375,83.80,1
2026-09-01T21:22:49.519,39.794,2,1,1,-1,484,-4.2,73.9,0.01,-0.31,0.04,0.94,0.03,-0.52,0.01,-0.31,1.96,-3.70,-0.96,37.51,010,101,0,0,1928,1976,1994,1912,1950,1971,42.60,34.3,3352,52.375,83.80,1
2026-09-01T21:22:49.531,39.806,2,1,1,-1,484,-4.2,74.8,0.04,0.36,0.04,0.46,0.02,-0.13,0.04,0.36,1.97,-3.17,-1.00,36.82,010,010,0,0,1928,1977,1994,1880,1959,1949,42.60,34.3,3349,52.328,83.72,1
2026-09-01T21:22:49.542,39.817,2,1,1,-1,484,-4.2,79.7,0.00,-0.79,0.20,0.32,0.01,0.93,0.00,-0.79,1.97,-3.72,-0.95,37.68,010,100,0,0,1931,1976,1994,1874,1989,1963,42.60,34.3,3352,52.375,83.80,1
2026-09-01T21:22:49.554,39.829,2,1,1,-1,484,-4.2,74.2,0.02,-0.05,0.20,0.68,0.04,-0.73,0.02,-0.05,1.97,-2.94,-0.95,37.42,010,001,0,0,1929,1978,1993,1893,1991,1955,42.60,34.3,3350,52.344,83.75,1
2026-09-01T21:22:49.566,39.841,2,1,1,-1,484,-4.2,73.8,0.00,0.49,0.04,0.54,0.04,0.10,0.00,0.49,1.96,-3.36,-0.97,36.82,010,110,0,0,1932,1976,1994,1888,1970,1957,42.60,34.3,3353,52.391,83.83,1
2026-09-01T21:22:49.577,39.853,2,1,1,-1,484,-4.2,80.0,0.01,-0.60,0.08,0.56,-0.01,0.30,0.01,-0.60,1.99,-4.20,-0.98,37.63,010,101,0,0,1927,1977,1995,1898,1974,1956,42.60,34.3,3352,52.375,83.80,1
2026-09-01T21:22:49.589,39.864,2,1,1,0,463,-4.2,79.2,0.01,0.10,0.04,0.42,0.01,0.14,0.01,0.10,1.98,-4.04,-0.98,37.31,010,011,0,0,1931,1978,1993,1879,1939,1955,42.60,34.3,3321,51.891,83.03,1
2026-09-01T21:22:49.600,39.875,2,1,1,0,463,-4.2,78.3,0.00,0.06,0.04,0.36,0.03,0.94,0.00,0.06,1.97,-4.59,-0.93,37.04,010,110,0,0,1928,1978,1996,1877,1973,1992,42.60,34.3,3321,51.891,83.03,1
2026-09-01T21:22:49.611,39.886,2,1,1,0,484,-4.2,78.9,0.01,-0.49,0.00,0.62,0.00,-0.21,0.01,-0.49,1.96,-4.34,-0.93,37.61,010,101,0,0,1926,1978,1994,1902,1955,1959,42.60,34.3,3322,51.906,83.05,1
2026-09-01T21:22:49.622,39.898,2,1,1,0,484,-4.2,75.5,0.03,0.26,0.02,0.90,0.00,-0.66,0.03,0.26,1.97,-3.63,-0.96,37.01,010,011,0,0,1927,1980,2006,1897,1954,1943,42.60,34.3,3320,51.875,83.00,1
2026-09-01T21:22:49.633,39.909,2,1,1,0,484,-4.2,72.6,0.01,0.44,-0.12,0.60,-0.01,-0.04,0.01,0.44,1.98,-3.85,-0.94,36.64,010,110,0,0,1927,1975,1994,1899,1952,2040,42.60,34.3,3323,51.922,83.08,1
2026-09-01T21:22:49.645,39.920,2,1,1,0,484,-4.2,77.8,-0.01,-0.58,0.08,0.54,-0.04,-0.26,-0.01,-0.58,1.94,-3.93,-0.93,37.58,010,101,0,0,1931,1976,1994,1897,1960,1962,42.60,34.3,3321,51.891,83.03,1
2026-09-01T21:22:49.656,39.931,2,1,1,0,484,-4.2,75.3,0.03,0.01,0.04,0.56,0.00,-0.52,0.03,0.01,1.94,-3.05,-0.96,37.16,010,011,0,0,1929,1977,1993,1888,1952,1939,42.60,34.3,3319,51.859,82.97,1
2026-09-01T21:22:49.667,39.943,2,1,1,0,484,-4.1,74.7,0.00,0.20,0.28,0.42,0.01,0.41,0.00,0.20,1.94,-3.09,-0.93,36.83,010,110,0,0,1932,1975,1994,1877,1962,1992,42.60,34.3,3321,51.891,83.03,1
2026-09-01T21:22:49.679,39.954,2,1,1,0,484,-4.1,75.6,0.00,-0.77,0.04,0.28,-0.02,0.29,0.00,-0.77,1.94,-3.47,-0.93,37.70,010,101,0,0,1929,1974,1994,1882,1985,1952,42.60,34.3,3322,51.906,83.05,1
2026-09-01T21:22:49.690,39.965,2,1,1,0,484,-4.1,69.6,0.03,0.14,0.02,0.62,-0.01,-0.73,0.02,-0.08,1.96,-2.86,-0.96,37.28,010,011,0,0,1926,1979,1995,1898,1938,1924,42.60,34.3,3317,51.828,82.92,1
2026-09-01T21:22:49.701,39.976,2,1,1,0,484,-4.2,71.1,-0.01,0.48,0.02,0.52,-0.01,0.23,-0.01,0.48,1.96,-4.00,-0.92,36.95,010,010,0,0,1927,1977,1996,1893,1987,1939,42.60,34.3,3321,51.891,83.03,1
2026-09-01T21:22:49.712,39.988,2,1,1,0,463,-4.2,76.7,0.01,-0.62,0.10,0.42,-0.01,0.50,0.01,-0.65,1.97,-4.54,-0.94,37.56,010,100,0,0,1927,1978,1995,1886,1984,1947,42.60,34.3,3323,51.922,83.08,1
2026-09-01T21:22:49.723,39.999,2,1,1,0,463,-4.2,75.8,0.03,-0.07,0.12,0.68,0.02,-0.46,0.03,-0.07,1.95,-4.15,-0.97,37.49,010,001,0,0,1938,1980,1988,1898,1984,1955,42.60,34.3,3321,51.891,83.03,1
2026-09-01T21:22:49.735,40.010,2,1,1,0,484,-4.2,77.3,0.00,0.51,0.04,0.54,0.01,-0.14,0.00,0.55,1.95,-4.06,-0.95,36.76,010,010,0,0,1925,1975,1995,1893,1993,1921,42.60,34.3,3320,51.875,83.00,1
2026-09-01T21:22:49.746,40.021,2,1,1,0,484,-4.2,79.1,-0.01,-0.17,0.16,0.78,0.03,0.06,-0.01,-0.20,1.96,-4.52,-0.92,37.28,010,100,0,0,1931,1976,1994,1907,1952,1952,42.60,34.3,3322,51.906,83.05,1
2026-09-01T21:22:49.757,40.032,2,1,1,0,484,-4.2,79.9,0.02,-0.39,0.10,0.52,0.03,-0.40,0.02,-0.33,1.97,-4.09,-0.95,37.57,010,001,0,0,1927,1980,1994,1888,1987,1947,42.60,34.3,3321,51.891,83.03,1
2026-09-01T21:22:49.768,40.044,2,1,1,0,484,-4.2,77.8,0.00,0.33,0.04,0.42,-0.04,0.00,0.00,0.33,1.98,-3.82,-0.93,36.80,010,010,0,0,1929,1976,1996,1885,1971,1937,42.60,34.3,3320,51.875,83.00,1
2026-09-01T21:22:49.780,40.055,2,1,1,0,484,-4.2,78.9,-0.01,-0.38,0.10,0.42,-0.01,0.43,-0.01,-0.50,1.97,-3.95,-0.91,37.32,010,100,0,0,1930,1976,1996,1885,1969,1965,42.60,34.3,3323,51.922,83.08,1
2026-09-01T21:22:49.791,40.066,2,1,1,0,484,-4.3,79.1,0.01,-0.24,0.04,0.70,-0.03,-0.44,0.01,-0.22,1.98,-3.18,-0.93,37.53,010,001,0,0,1927,1977,1994,1896,1984,1947,42.60,34.3,3321,51.891,83.03,1
2026-09-01T21:22:49.802,40.078,2,1,1,0,484,-4.2,74.3,0.01,0.44,0.00,0.42,0.02,-0.05,0.01,0.44,1.94,-3.12,-0.96,36.92,010,010,0,0,1927,1976,1994,1889,1984,1928,42.60,34.3,3320,51.875,83.00,1
2026-09-01T21:22:49.814,40.089,2,1,1,0,463,-4.2,79.8,-0.01,-0.74,0.14,0.22,0.00,0.88,0.00,-0.82,1.96,-3.76,-0.94,37.67,010,100,0,0,1931,1976,1996,1874,1985,1957,42.60,34.3,3323,51.922,83.08,1
2026-09-01T21:22:49.825,40.100,2,1,1,0,484,-4.2,79.7,0.01,-0.22,0.16,0.68,0.02,-0.53,0.01,-0.14,1.95,-3.51,-0.95,37.55,010,001,0,0,1931,1977,1996,1897,1984,1955,42.60,34.3,3321,51.891,83.03,1
2026-09-01T21:22:49.836,40.111,2,1,1,0,484,-4.2,78.7,0.00,0.36,0.04,0.28,0.00,0.47,0.00,0.36,1.98,-4.37,-0.92,37.07,010,010,0,0,1929,1977,1995,1885,1978,1951,42.60,34.3,3378,52.781,84.45,1
2026-09-01T21:22:49.847,40.123,2,1,1,0,484,-4.2,79.7,0.01,-0.33,0.12,0.42,0.03,0.49,0.01,-0.33,1.95,-4.75,-0.92,37.41,010,100,0,0,1939,1994,1986,1889,1965,1963,42.60,34.3,3323,51.922,83.08,1
2026-09-01T21:22:49.859,40.134,2,1,1,0,484,-4.2,78.8,0.02,-0.07,0.04,1.08,-0.03,-0.43,0.02,-0.07,1.98,-4.18,-0.94,37.32,010,001,0,0,1925,1980,1996,1907,1975,1947,42.60,34.3,3320,51.875,83.00,1
2026-09-01T21:22:49.870,40.145,2,1,1,0,484,-4.2,76.9,0.00,0.37,0.02,0.42,0.00,-0.06,0.00,0.37,1.97,-4.33,-0.94,36.97,010,010,0,0,1928,1976,1994,1887,1973,1945,42.60,34.3,3319,51.859,82.97,1
2026-09-01T21:22:49.881,40.156,2,1,1,0,484,-4.2,76.4,0.00,-0.12,0.04,0.46,-0.04,0.33,0.00,-0.12,1.99,-4.52,-0.91,37.12,010,100,0,0,1924,1977,1994,1890,1967,1943,42.60,34.3,3322,51.906,83.05,1
2026-09-01T21:22:49.892,40.167,2,1,1,0,484,-4.2,74.9,0.02,0.00,0.00,1.18,-0.01,-0.59,0.02,0.00,1.97,-3.83,-0.93,37.22,010,001,0,0,1930,1975,1991,1919,1973,1933,42.60,34.3,3320,51.875,83.00,1
2026-09-01T21:22:49.903,40.179,2,1,1,0,484,-4.2,69.8,0.02,0.30,0.12,0.38,-0.03,-0.25,0.02,0.34,1.97,-3.56,-0.95,36.90,010,010,0,0,1932,1977,1993,1884,1984,1939,42.60,34.3,3321,51.891,83.03,1
2026-09-01T21:22:49.915,40.190,2,1,1,0,484,-4.2,73.2,0.04,-0.15,0.04,0.42,0.00,0.40,0.04,-0.15,1.97,-3.61,-0.95,37.06,010,100,0,0,1928,1979,1997,1887,2004,1962,42.60,34.3,3322,51.906,83.05,1
2026-09-01T21:22:49.926,40.201,2,1,1,0,484,-4.2,73.6,0.02,-0.24,0.10,0.82,0.03,-0.55,0.02,-0.24,1.95,-3.13,-0.93,37.58,010,001,0,0,1929,1981,1997,1902,1989,1916,42.60,34.3,3320,51.875,83.00,1
2026-09-01T21:22:49.937,40.212,2,1,1,0,484,-4.2,72.5,0.01,0.35,0.00,0.38,0.00,-0.25,0.01,0.35,1.97,-3.05,-0.95,37.01,010,010,0,0,1927,1975,1993,1886,1979,1941,42.60,34.3,3321,51.891,83.03,1
2026-09-01T21:22:49.948,40.223,2,1,1,0,484,-4.2,69.9,0.00,0.11,0.00,0.62,-0.02,0.19,0.00,0.09,1.98,-3.68,-0.94,37.12,010,110,0,0,1926,1977,1994,1901,1965,1931,42.60,34.3,3316,51.812,82.90,1
2026-09-01T21:22:49.959,40.235,2,1,1,0,484,-4.2,75.3,0.01,-0.51,0.04,0.62,0.00,-0.13,0.01,-0.42,1.99,-3.88,-0.94,37.61,010,101,0,0,1927,1976,1994,1899,1965,1952,42.60,34.3,3323,51.922,83.08,1
2026-09-01T21:22:49.971,40.246,2,1,1,0,463,-4.2,73.9,0.01,0.23,0.08,0.30,-0.02,0.14,0.01,0.23,1.97,-4.08,-0.95,37.12,010,011,0,0,1927,1978,1996,1879,1962,1955,42.60,34.3,3321,51.891,83.03,1
2026-09-01T21:22:49.982,40.257,2,1,1,0,463,-4.2,76.1,0.00,-0.14,0.08,0.18,0.00,0.85,0.00,-0.14,1.97,-4.69,-0.93,37.23,010,110,0,0,1926,1977,1996,1879,1971,1955,42.60,34.3,3323,51.922,83.08,1
2026-09-01T21:22:49.993,40.268,2,1,1,0,484,-4.2,79.4,0.04,-0.38,0.00,0.84,0.05,-0.45,0.04,-0.28,1.94,-4.16,-0.97,37.54,010,101,0,0,1927,1977,1994,1914,1952,1971,42.60,34.3,3322,51.906,83.05,1
2026-09-01T21:22:50.004,40.280,2,1,1,0,484,-4.2,78.7,0.03,0.27,0.08,0.52,-0.01,-0.26,0.02,0.25,1.95,-3.92,-0.97,37.02,010,011,0,0,1931,1979,1996,1885,1978,1942,42.60,34.3,3320,51.875,83.00,1
2026-09-01T21:22:50.016,40.291,2,1,1,0,463,-4.2,79.2,0.00,-0.38,0.16,0.26,0.00,1.64,0.00,-0.38,1.96,-4.67,-0.93,37.21,010,110,0,0,1927,1974,1994,1863,1973,2016,42.60,34.3,3323,51.922,83.08,1
2026-09-01T21:22:50.028,40.304,2,1,1,0,484,-4.2,79.5,0.02,-0.45,0.10,0.62,0.01,-0.39,0.02,-0.45,1.96,-3.85,-0.91,37.58,010,101,0,0,1931,1977,1994,1902,1953,1977,42.60,34.3,3322,51.906,83.05,1
2026-09-01T21:22:50.038,40.313,2,1,1,0,484,-4.2,78.5,0.02,0.25,0.00,0.42,-0.02,-0.60,0.02,0.31,1.97,-3.20,-0.96,37.13,010,011,0,0,1927,1976,1994,1891,1984,1944,42.60,34.3,3321,51.891,83.03,1
2026-09-01T21:22:50.050,40.325,2,1,1,0,484,-4.2,78.4,0.00,0.26,0.00,0.52,0.02,0.21,0.00,0.21,1.95,-3.40,-0.94,37.00,010,110,0,0,1927,1976,1995,1895,1968,1930,42.60,34.3,3322,51.906,83.05,1
2026-09-01T21:22:50.061,40.336,2,1,1,0,484,-4.2,79.2,0.01,-0.45,0.02,0.66,-0.05,-0.28,0.01,-0.45,1.97,-3.15,-0.93,37.68,010,101,0,0,1931,1978,1996,1901,1969,1962,42.60,34.3,3322,51.906,83.05,1
2026-09-01T21:22:50.072,40.347,2,1,1,0,463,-4.2,79.1,0.03,-0.19,0.12,0.20,0.02,0.37,0.03,-0.18,1.97,-3.38,-0.95,37.53,010,011,0,0,1924,1978,1993,1859,1917,1955,42.60,34.3,3321,51.891,83.03,1
2026-09-01T21:22:50.083,40.358,2,1,1,0,484,-4.2,78.2,0.00,0.34,0.08,0.50,0.00,0.33,0.00,0.29,1.97,-3.69,-0.93,36.98,010,110,0,0,1931,1976,1994,1894,1976,1936,42.60,34.3,3322,51.906,83.05,1
2026-09-01T21:22:50.095,40.370,2,1,1,0,484,-4.2,79.8,0.00,-0.69,0.04,0.46,0.05,0.50,0.00,-0.69,1.95,-4.29,-0.93,37.62,010,101,0,0,1927,1978,1994,1891,1989,1936,42.60,34.3,3323,51.922,83.08,1
2026-09-01T21:22:50.106,40.381,2,1,1,0,484,-4.2,77.2,0.00,0.27,0.02,0.48,-0.02,-0.31,0.00,0.27,1.98,-4.15,-0.94,37.23,010,011,0,0,1931,1977,1994,1893,1954,1957,42.60,34.3,3319,51.859,82.97,1
2026-09-01T21:22:50.117,40.392,2,1,1,0,484,-4.2,71.5,0.00,0.56,0.00,0.70,0.05,0.30,-0.01,0.36,1.94,-4.16,-0.93,36.66,010,110,0,0,1928,1978,1995,1896,1960,2040,42.60,34.3,3322,51.906,83.05,1
2026-09-01T21:22:50.128,40.403,2,1,1,0,484,-4.2,71.2,0.00,-0.18,0.04,0.98,-0.02,-0.31,0.00,-0.25,1.98,-4.30,-0.93,37.31,010,101,0,0,1926,1975,1994,1913,2011,1931,42.60,34.3,3323,51.922,83.08,1
2026-09-01T21:22:50.139,40.415,2,1,1,0,484,-4.2,70.4,0.02,-0.01,0.04,0.58,0.01,-0.71,0.01,0.08,1.96,-3.77,-0.95,37.31,010,011,0,0,1927,1976,1992,1891,1993,1956,42.60,34.3,3385,52.891,84.62,1
2026-09-01T21:22:50.153,40.428,2,1,1,0,484,-4.2,71.1,0.00,0.54,-0.02,0.54,0.03,-0.12,0.00,0.54,1.95,-3.76,-0.93,36.65,010,010,0,0,1927,1976,1994,1897,1989,1925,42.62,34.3,3314,51.781,82.85,1
2026-09-01T21:22:50.162,40.437,2,1,1,0,484,-4.1,70.9,-0.01,-0.72,0.10,0.44,0.03,-0.05,-0.01,-0.72,1.94,-3.66,-0.87,37.53,011,100,0,0,1927,1975,1995,1887,1968,1980,42.62,34.3,3346,52.281,83.65,1
2026-09-01T21:22:50.173,40.448,2,1,1,0,484,-4.3,72.9,0.02,0.01,0.06,0.56,-0.01,-0.77,0.02,0.01,1.99,-2.79,-0.93,37.39,011,011,0,0,1929,1979,1995,1888,1953,1945,42.62,34.3,3342,52.219,83.55,1
2026-09-01T21:22:50.185,40.460,2,1,1,0,484,-4.2,75.8,0.01,0.28,0.22,0.52,-0.04,0.35,0.01,0.28,1.99,-3.08,-0.95,36.88,011,110,0,0,1931,1973,1992,1883,1968,1960,42.62,34.3,3346,52.281,83.65,1
2026-09-01T21:22:50.196,40.471,2,1,1,0,484,-4.2,79.2,0.00,-0.69,0.06,0.40,0.00,0.41,0.00,-0.69,1.98,-3.66,-0.94,37.70,011,101,0,0,1927,1977,1995,1887,1970,1960,42.62,34.3,3346,52.281,83.65,1
2026-09-01T21:22:50.209,40.484,2,1,1,0,463,-4.3,77.5,0.01,0.12,0.18,0.56,-0.03,0.15,0.01,0.12,2.01,-3.47,-0.95,37.28,011,011,0,0,1936,1983,2011,1876,1926,1959,42.62,34.3,3343,52.234,83.58,1
2026-09-01T21:22:50.219,40.494,2,1,1,0,484,-4.2,78.2,0.00,0.18,0.14,0.28,-0.04,0.51,0.00,0.18,1.98,-4.14,-0.93,36.91,011,110,0,0,1928,1975,1995,1884,1972,1950,42.62,34.3,3345,52.266,83.62,1
2026-09-01T21:22:50.230,40.506,2,1,1,0,484,-4.3,80.0,0.01,-0.39,0.06,0.88,-0.03,-0.21,0.01,-0.39,2.00,-4.16,-0.94,37.64,011,101,0,0,1926,1979,1995,1912,1958,1964,42.62,34.3,3345,52.266,83.62,1
2026-09-01T21:22:50.242,40.517,2,1,1,0,484,-4.2,76.6,0.02,0.25,0.14,0.34,0.02,-0.11,0.01,0.28,1.96,-4.16,-0.95,37.18,011,011,0,0,1931,1973,1991,1883,1979,1942,42.62,34.3,3343,52.234,83.58,1
2026-09-01T21:22:50.254,40.529,2,1,1,0,484,-4.2,69.4,-0.01,-0.01,0.10,0.52,-0.04,0.31,-0.01,-0.01,1.99,-4.26,-0.92,37.06,011,110,0,0,1927,1977,1996,1892,1969,1940,42.62,34.3,3344,52.250,83.60,1
2026-09-01T21:22:50.265,40.540,2,1,1,0,484,-4.2,70.6,0.01,-0.02,0.24,1.14,0.01,-0.71,0.01,-0.02,1.98,-3.76,-0.91,37.32,011,101,0,0,1945,1977,1987,1923,1984,1932,42.62,34.3,3343,52.234,83.58,1
2026-09-01T21:22:50.276,40.552,2,1,1,0,484,-4.2,73.4,0.00,0.34,0.08,0.40,0.01,-0.21,0.00,0.34,1.98,-3.69,-0.87,37.15,011,010,0,0,1926,1977,1997,1885,1990,1936,42.62,34.3,3342,52.219,83.55,1
2026-09-01T21:22:50.288,40.563,2,1,1,0,484,-4.2,71.6,-0.07,0.00,0.16,0.62,0.03,0.21,-0.06,-0.09,1.97,-3.63,-0.72,36.98,011,100,0,0,1929,1974,1996,1891,1993,1957,42.62,34.3,3316,51.812,82.90,1
2026-09-01T21:22:50.299,40.574,2,1,1,0,484,-4.0,74.9,-0.04,-0.15,0.04,0.84,0.08,-0.62,-0.04,-0.15,1.86,-3.13,-0.55,37.55,011,001,0,0,1925,1976,1996,1907,1960,1973,42.62,34.3,3312,51.750,82.80,1
2026-09-01T21:22:50.310,40.585,2,1,1,0,484,-3.9,68.9,0.00,0.35,0.12,0.34,0.02,-0.18,0.00,0.35,1.83,-2.96,-0.48,37.14,011,010,0,0,1930,1977,1995,1884,1978,1943,42.62,34.3,3312,51.750,82.80,1
2026-09-01T21:22:50.321,40.597,2,1,1,0,484,-3.7,68.7,-0.03,0.03,0.06,0.52,0.05,0.27,-0.03,0.03,1.71,-3.30,-0.41,37.24,011,110,0,0,1927,1975,1991,1899,1983,1944,42.62,34.3,3309,51.703,82.72,1
2026-09-01T21:22:50.333,40.608,2,1,1,0,484,-3.4,72.5,-0.01,-0.54,0.04,0.54,0.10,-0.30,0.00,-0.39,1.59,-3.81,-0.38,37.67,011,101,0,0,1923,1976,1989,1893,1958,1975,42.62,34.3,3315,51.797,82.88,1
2026-09-01T21:22:50.344,40.619,2,1,1,0,463,-2.9,77.3,0.00,0.00,0.18,0.14,0.12,0.75,0.00,0.09,1.39,-4.57,-0.38,37.32,011,011,0,0,1930,1978,1989,1871,1936,1972,42.62,34.3,3312,51.750,82.80,1
2026-09-01T21:22:50.355,40.630,2,1,1,1,463,-2.5,75.9,0.04,-0.24,0.10,0.24,0.09,1.08,0.04,-0.24,1.18,-4.95,-0.37,37.19,001,110,0,0,1928,1983,1993,1877,1972,1953,42.62,34.3,3345,52.266,83.62,1
2026-09-01T21:22:50.367,40.642,2,1,1,1,484,-2.1,73.2,0.03,-0.12,0.08,1.14,0.14,-0.60,0.03,-0.12,0.96,-4.19,-0.37,37.35,001,101,0,0,1927,1981,1987,1919,1944,1981,42.62,34.3,3346,52.281,83.65,1
2026-09-01T21:22:50.380,40.655,2,1,1,1,484,-1.5,72.5,0.06,0.34,0.04,0.46,0.16,-0.10,0.06,0.34,0.67,-4.27,-0.37,37.03,001,011,0,0,1927,1985,1999,1881,1974,1938,42.62,34.3,3344,52.250,83.60,1
2026-09-01T21:22:50.389,40.665,2,1,1,1,484,-0.6,69.3,-0.09,-0.30,0.14,0.20,0.35,0.76,-0.09,-0.30,0.15,-4.65,-0.21,37.20,101,110,0,0,1925,1995,1990,1876,1969,1948,42.62,34.3,3346,52.281,83.65,1
2026-09-01T21:22:50.401,40.676,2,1,1,1,484,-1.1,71.4,-0.07,-0.16,0.36,1.26,0.39,-0.82,-0.07,-0.16,-0.49,-3.45,-0.02,37.01,101,001,0,0,1927,1994,1994,1915,1994,1879,42.62,34.3,3342,52.219,83.55,1
2026-09-01T21:22:50.412,40.688,2,1,1,2,484,2.1,75.0,-0.42,0.41,0.06,0.48,0.08,-0.24,-0.42,0.41,-0.82,-3.34,0.64,36.89,100,010,0,0,1924,1998,1991,1884,1984,1937,42.62,34.3,3343,52.234,83.58,1
2026-09-01T21:22:50.424,40.699,2,1,1,2,484,3.8,77.6,-0.19,-0.19,0.08,0.56,0.39,0.45,-0.19,-0.19,-1.44,-3.56,1.22,37.21,100,100,0,0,1930,1986,2007,1890,1975,1958,42.62,34.3,3345,52.266,83.62,1
2026-09-01T21:22:50.435,40.710,2,1,1,9,484,5.9,79.5,-0.35,-0.50,0.08,0.56,0.06,0.00,-0.35,-0.50,-1.44,-3.21,2.39,37.71,110,001,0,0,1932,1982,2007,1892,1988,1912,42.62,34.3,3343,52.234,83.58,1
2026-09-01T21:22:50.446,40.722,2,1,1,30,484,6.8,78.5,-0.18,0.42,0.12,0.44,-0.29,-0.03,-0.18,0.42,-1.04,-3.10,3.04,37.05,010,010,0,0,1936,1980,2002,1889,1987,1939,42.62,34.3,3349,52.328,83.72,1
2026-09-01T21:22:50.458,40.733,2,1,1,40,463,6.3,80.0,0.07,-0.82,0.10,0.14,-0.18,1.19,0.07,-0.82,-0.65,-4.29,2.93,37.63,011,100,0,0,1929,1977,2016,1867,1995,1949,42.62,34.3,3351,52.359,83.78,1
2026-09-01T21:22:50.469,40.745,2,1,1,50,484,5.5,75.9,0.06,0.13,0.02,0.90,0.14,-0.68,0.06,0.13,-0.76,-3.57,2.68,37.26,001,001,0,0,1924,1984,1994,1908,1979,1969,42.62,34.3,3349,52.328,83.72,1
2026-09-01T21:22:50.481,40.757,2,1,1,57,484,6.6,71.5,-0.19,0.50,0.02,0.62,0.27,-0.05,-0.19,0.50,-1.17,-4.02,3.09,36.75,101,110,0,0,1927,1993,2012,1888,1949,2049,42.62,34.3,3351,52.359,83.78,1
2026-09-01T21:22:50.493,40.768,2,1,1,63,484,9.1,78.9,-0.39,-0.79,0.10,0.56,0.04,0.22,-0.39,-0.79,-1.32,-4.42,4.19,37.61,110,101,0,0,1927,1985,2004,1889,1994,1941,42.62,34.3,3351,52.359,83.78,1
2026-09-01T21:22:50.505,40.780,2,1,1,63,484,10.6,78.8,-0.25,0.30,0.04,0.46,-0.32,-0.31,-0.25,0.30,-0.91,-4.19,5.01,37.05,010,011,0,0,1932,1981,2008,1892,1979,1945,42.62,34.3,3348,52.312,83.70,1
2026-09-01T21:22:50.516,40.792,2,1,1,65,484,10.3,76.0,0.17,0.01,0.04,0.42,-0.27,0.42,0.17,0.01,-0.39,-4.32,4.85,36.94,011,110,0,0,1929,1980,2004,1889,1967,1939,42.62,34.3,3351,52.359,83.78,1
2026-09-01T21:22:50.528,40.803,2,1,1,66,484,9.1,71.2,0.23,-0.06,0.08,1.26,0.10,-0.86,0.23,-0.06,-0.40,-3.33,4.27,36.96,001,101,0,0,1930,1980,2000,1916,1992,1884,42.62,34.3,3347,52.297,83.67,1
2026-09-01T21:22:50.540,40.815,2,1,1,66,484,8.6,77.7,-0.11,0.34,0.04,0.36,0.24,-0.16,-0.11,0.34,-0.84,-3.40,4.27,36.95,101,010,0,0,1927,1985,1997,1885,1991,1922,42.62,34.3,3349,52.328,83.72,1
2026-09-01T21:22:50.553,40.828,2,1,1,67,484,9.9,79.5,-0.34,-0.54,0.10,0.44,0.04,0.53,-0.34,-0.54,-1.07,-3.57,5.16,37.48,100,100,0,0,1930,1985,2002,1886,1972,1960,42.62,34.3,3351,52.359,83.78,1
2026-09-01T21:22:50.563,40.838,2,1,1,67,484,11.4,78.6,-0.16,-0.17,0.04,0.66,-0.23,-0.57,-0.16,-0.17,-0.79,-2.87,5.84,37.63,110,001,0,0,1931,1984,2002,1895,1991,1955,42.62,34.3,3349,52.328,83.72,1
2026-09-01T21:22:50.574,40.850,2,1,1,65,484,11.5,70.2,0.10,0.47,-0.04,0.38,-0.24,-0.07,0.10,0.47,-0.36,-3.05,5.84,37.00,011,010,0,0,1929,1984,2004,1893,1993,1926,42.62,34.3,3342,52.219,83.55,1
2026-09-01T21:22:50.586,40.861,2,1,1,63,484,10.3,77.1,0.29,-0.67,0.10,0.52,0.08,0.52,0.29,-0.67,-0.29,-4.11,5.10,37.65,001,101,0,0,1930,1984,2003,1892,1978,1948,42.62,34.3,3349,52.328,83.72,1
2026-09-01T21:22:50.597,40.873,2,1,1,62,463,9.3,77.6,0.16,0.02,0.28,0.62,0.30,0.28,0.16,0.02,-0.66,-3.94,4.45,37.25,101,011,0,0,1932,1979,2003,1878,1904,1957,42.62,34.3,3348,52.312,83.70,1
2026-09-01T21:22:50.609,40.884,2,1,1,62,463,8.5,79.1,0.68,-0.15,0.12,0.34,0.65,1.32,0.68,-0.15,-1.31,-4.73,3.84,37.12,101,110,0,0,1933,1989,2035,1873,1975,1974,42.62,34.3,3410,53.281,85.25,1
2026-09-01T21:22:50.620,40.896,2,1,1,57,484,10.0,79.3,-0.09,-0.34,0.08,0.94,-0.15,-0.41,-0.09,-0.34,-1.14,-4.21,4.79,37.51,100,101,0,0,1928,1984,1989,1916,1947,1973,42.62,34.3,3351,52.359,83.78,1
2026-09-01T21:22:50.632,40.907,2,1,1,53,463,9.8,76.8,-0.08,0.32,0.08,0.46,-0.44,-0.03,-0.08,0.32,-0.98,-4.06,4.93,37.05,110,011,0,0,1929,2000,1988,1886,1963,1951,42.62,34.3,3349,52.328,83.72,1
2026-09-01T21:22:50.644,40.919,2,1,1,49,484,10.2,72.7,0.03,-0.13,0.14,0.44,-0.35,0.43,0.03,-0.13,-0.63,-4.35,4.79,37.19,010,100,0,0,1929,1988,2000,1893,1967,1941,42.62,34.3,3350,52.344,83.75,1
2026-09-01T21:22:50.655,40.931,2,1,1,45,463,8.5,77.1,0.19,-0.34,0.12,0.94,-0.20,-0.10,0.19,-0.34,-0.36,-3.77,4.22,37.40,011,001,0,0,1931,1984,2005,1893,1995,1907,42.62,34.3,3348,52.312,83.70,1
2026-09-01T21:22:50.667,40.942,2,1,1,45,484,6.7,77.6,0.30,0.47,0.08,0.46,-0.08,-0.26,0.30,0.47,-0.08,-3.43,3.48,36.68,011,010,0,0,1937,1984,2000,1892,1996,1921,42.62,34.3,3349,52.328,83.72,1
2026-09-01T21:22:50.679,40.954,2,1,1,43,484,5.7,75.1,0.26,-0.48,0.06,0.58,0.10,0.10,0.26,-0.48,-0.24,-3.55,2.65,37.44,001,100,0,0,1937,1984,1997,1895,1962,1978,42.62,34.3,3351,52.359,83.78,1
2026-09-01T21:22:50.690,40.966,2,1,1,43,484,4.0,74.7,0.31,0.04,0.04,0.44,0.01,-0.40,0.31,0.04,-0.41,-3.05,1.92,37.47,001,011,0,0,1923,1984,2003,1886,1974,1950,42.62,34.3,3343,52.234,83.58,1
2026-09-01T21:22:50.702,40.977,2,1,1,38,484,3.6,76.0,0.04,0.23,0.14,0.40,0.32,0.52,0.04,0.23,-0.90,-3.48,1.69,37.03,101,110,0,0,1928,1984,2002,1881,1969,1967,42.62,34.3,3351,52.359,83.78,1
2026-09-01T21:22:50.713,40.989,2,1,1,38,484,4.2,80.0,0.23,-0.91,0.08,0.04,0.25,0.75,0.23,-0.91,-1.26,-4.38,1.54,37.62,101,101,0,0,1926,1985,2007,1871,1989,1952,42.62,34.3,3347,52.297,83.67,1
2026-09-01T21:22:50.725,41.000,2,1,1,38,463,3.7,78.8,0.15,0.03,0.30,0.56,0.22,0.47,0.15,0.03,-1.65,-4.19,1.03,37.21,101,011,0,0,1931,1977,2001,1875,1915,1960,42.62,34.3,3344,52.250,83.60,1
2026-09-01T21:22:50.736,41.012,2,1,1,27,463,4.3,78.8,-0.12,-0.07,0.08,0.22,0.05,1.21,-0.12,-0.07,-1.89,-4.87,0.98,37.14,100,110,0,0,1925,1982,2007,1869,1973,1984,42.62,34.3,3360,52.500,84.00,1
2026-09-01T21:22:50.748,41.024,2,1,1,27,484,4.4,74.9,-0.04,-0.19,0.02,1.06,-0.13,-0.55,-0.04,-0.05,-1.71,-4.02,1.20,37.38,100,101,0,0,1947,1987,1983,1927,1953,1986,42.62,34.3,3363,52.547,84.08,1
2026-09-01T21:22:50.760,41.035,2,1,1,27,484,4.3,72.2,0.04,0.39,0.04,0.46,0.12,-0.16,0.03,0.40,-1.71,-4.26,1.32,36.95,100,010,0,0,1926,1976,2000,1888,1976,1943,42.62,34.3,3353,52.391,83.83,1
2026-09-01T21:22:50.772,41.047,2,1,1,27,484,4.3,78.6,0.01,-0.17,0.04,0.76,0.07,0.09,0.01,-0.17,-1.85,-4.38,1.26,37.21,100,100,0,0,1928,1976,1997,1905,1954,1953,42.62,34.3,3355,52.422,83.88,1
2026-09-01T21:22:50.783,41.059,2,1,1,27,484,4.3,74.9,0.05,-0.05,0.12,0.66,0.01,-0.71,0.05,-0.05,-1.94,-3.72,1.19,37.38,100,001,0,0,1932,1972,2000,1892,1998,1955,42.62,34.3,3354,52.406,83.85,1
2026-09-01T21:22:50.795,41.071,2,1,1,27,484,4.3,73.6,0.00,0.44,0.04,0.54,0.00,0.08,0.00,0.44,-1.97,-3.59,1.17,36.74,100,110,0,0,1926,1968,2024,1886,1967,1957,42.62,34.3,3355,52.422,83.88,1
2026-09-01T21:22:50.807,41.082,2,1,1,27,484,4.3,79.7,0.00,-0.46,0.10,0.74,-0.01,-0.37,0.00,-0.41,-1.98,-3.34,1.16,37.60,100,101,0,0,1929,1976,1996,1906,1955,1969,42.62,34.3,3356,52.438,83.90,1
2026-09-01T21:22:50.820,41.095,2,1,1,27,484,4.2,76.2,0.02,0.19,0.04,0.24,-0.04,0.00,0.02,0.19,-1.97,-3.25,1.13,37.29,100,011,0,0,1927,1976,1996,1879,1973,1944,42.62,34.3,3354,52.406,83.85,1
2026-09-01T21:22:50.830,41.106,2,1,1,27,463,4.3,71.8,0.02,-0.03,0.00,0.52,0.07,0.25,0.02,-0.03,-2.01,-3.52,1.13,37.20,100,100,0,0,1928,1976,1996,1888,2033,1969,42.62,34.3,3354,52.406,83.85,1
2026-09-01T21:22:50.842,41.118,2,1,1,27,484,4.3,79.2,0.00,-0.14,0.44,0.86,0.00,-0.57,0.00,-0.14,-2.01,-3.62,1.16,37.50,100,001,0,0,1928,1976,1996,1902,1979,1955,42.62,34.3,3354,52.406,83.85,1
2026-09-01T21:22:50.854,41.129,2,1,1,27,484,4.4,77.8,-0.01,0.37,0.04,0.42,0.00,0.14,-0.01,0.37,-2.04,-4.05,1.22,36.83,100,010,0,0,1926,1977,1996,1884,1973,1949,42.62,34.3,3354,52.406,83.85,1
2026-09-01T21:22:50.865,41.140,2,1,1,0,484,4.7,78.7,-0.03,-0.38,0.14,0.64,0.06,0.38,-0.03,-0.38,-2.14,-4.63,1.30,37.52,100,100,0,0,1931,1979,1997,1901,1960,1949,42.62,34.3,3315,51.797,82.88,1
2026-09-01T21:22:50.876,41.152,2,1,1,0,484,4.9,79.3,0.00,-0.06,0.10,0.92,0.01,-0.56,0.00,-0.01,-2.19,-4.19,1.36,37.36,100,001,0,0,1931,1969,2010,1907,1976,1954,42.62,34.3,3313,51.766,82.83,1
2026-09-01T21:22:50.888,41.163,2,1,1,0,484,5.0,78.4,0.00,0.31,0.16,0.38,0.00,0.09,0.00,0.30,-2.28,-4.40,1.41,36.87,100,010,0,0,1931,1977,1997,1883,1972,1938,42.62,34.3,3313,51.766,82.83,1
2026-09-01T21:22:50.899,41.174,2,1,1,0,484,5.2,78.7,0.00,-0.05,0.00,0.68,0.09,0.15,0.00,-0.05,-2.37,-4.35,1.44,37.08,100,100,0,0,1929,1977,1998,1909,1952,1948,42.62,34.3,3315,51.797,82.88,1
2026-09-01T21:22:50.910,41.185,2,1,1,10,463,5.5,79.2,-0.13,-0.47,0.12,0.64,-0.32,-0.06,-0.13,-0.47,-1.99,-3.81,1.80,37.36,110,001,0,0,1931,1990,1983,1885,1985,1933,42.62,34.3,3345,52.266,83.62,1
2026-09-01T21:22:50.922,41.197,2,1,1,10,484,5.5,77.0,-0.13,0.59,0.04,0.64,-0.06,-0.37,-0.13,0.59,-1.71,-3.28,1.98,36.64,110,010,0,0,1926,1987,1993,1897,2002,1909,42.62,34.3,3344,52.250,83.60,1
2026-09-01T21:22:50.933,41.208,2,1,1,10,484,5.4,78.3,-0.04,-0.60,0.14,0.40,-0.10,0.45,-0.04,-0.60,-1.52,-3.61,2.06,37.55,110,100,0,0,1927,1982,1990,1881,1976,1964,42.62,34.3,3347,52.297,83.67,1
2026-09-01T21:22:50.944,41.220,2,1,1,10,484,5.5,75.7,-0.01,-0.07,0.18,0.68,-0.10,-0.67,-0.01,-0.07,-1.35,-2.87,2.18,37.56,110,001,0,0,1931,1977,1999,1891,1985,1952,42.62,34.3,3344,52.250,83.60,1
2026-09-01T21:22:50.956,41.231,2,1,1,10,484,5.5,71.8,-0.04,0.35,0.10,0.40,-0.07,0.19,-0.04,0.35,-1.20,-3.15,2.29,37.04,110,010,0,0,1923,1977,2006,1879,1976,1937,42.62,34.3,3344,52.250,83.60,1
2026-09-01T21:22:50.967,41.243,2,1,1,10,463,5.9,73.7,-0.12,-0.62,0.14,0.44,-0.02,0.55,-0.12,-0.62,-1.12,-3.98,2.54,37.67,110,100,0,0,1929,1980,1995,1888,1997,1939,42.62,34.3,3409,53.266,85.22,1
2026-09-01T21:22:50.979,41.254,2,1,1,8,484,6.0,68.3,-0.06,0.29,0.04,0.90,-0.35,-0.71,-0.06,0.29,-0.84,-3.51,2.76,37.16,010,001,0,0,1928,1994,2000,1908,1984,1968,42.62,34.3,3343,52.234,83.58,1
2026-09-01T21:22:50.990,41.265,2,1,1,8,484,6.3,70.0,-0.10,0.52,0.04,0.56,-0.20,0.01,-0.10,0.52,-0.45,-4.00,3.13,36.78,010,010,0,0,1924,1981,2001,1892,1955,2001,42.62,34.3,3418,53.406,85.45,1
2026-09-01T21:22:51.001,41.277,2,1,1,8,484,6.0,71.9,0.11,-0.53,0.08,0.60,-0.04,0.02,0.11,-0.53,-0.29,-4.36,3.08,37.62,010,100,0,0,1925,1982,1989,1896,1963,1967,42.62,34.3,3344,52.250,83.60,1
2026-09-01T21:22:51.013,41.288,2,1,1,8,484,5.1,76.2,0.10,0.22,0.06,0.64,-0.28,-0.36,0.10,0.22,0.07,-3.93,2.74,37.24,011,011,0,0,1928,1983,2005,1894,1967,1954,42.62,34.3,3342,52.219,83.55,1
2026-09-01T21:22:51.024,41.300,2,1,1,8,484,4.6,76.7,0.14,0.13,0.14,0.32,0.06,0.58,0.14,0.13,0.15,-4.21,2.41,36.95,011,110,0,0,1931,1985,1989,1877,1970,1993,42.62,34.1,3345,52.266,83.62,1
2026-09-01T21:22:51.036,41.311,2,1,1,9,484,3.5,78.9,0.22,-0.28,0.06,1.06,0.07,-0.52,0.22,-0.28,0.07,-3.67,1.82,37.33,001,101,0,0,1937,1985,1990,1923,1952,1979,42.62,34.1,3345,52.266,83.62,1
2026-09-01T21:22:51.048,41.323,2,1,1,19,484,3.2,76.7,0.03,0.18,0.14,0.30,0.26,-0.23,0.03,0.18,-0.41,-3.45,1.45,37.15,101,011,0,0,1931,1983,1994,1878,1978,1941,42.62,34.1,3343,52.234,83.58,1
2026-09-01T21:22:51.059,41.334,2,1,1,32,484,3.6,73.1,-0.11,-0.10,0.06,0.40,0.35,0.49,-0.11,-0.14,-1.00,-3.55,1.45,37.13,100,110,0,0,1924,1995,1995,1885,1968,1945,42.62,34.1,3351,52.359,83.78,1
2026-09-01T21:22:51.071,41.346,2,1,1,32,484,5.2,76.1,-0.37,-0.30,0.00,0.74,0.21,-0.44,-0.37,-0.30,-1.22,-3.09,2.56,37.63,100,001,0,0,1927,1986,2006,1896,1982,1942,42.62,34.1,3350,52.344,83.75,1
2026-09-01T21:22:51.082,41.358,2,1,1,39,484,7.5,78.3,-0.34,0.41,0.00,0.46,-0.13,-0.11,-0.34,0.41,-1.09,-3.01,3.58,36.96,110,010,0,0,1928,1984,2006,1888,1987,1933,42.62,34.1,3349,52.328,83.72,1
2026-09-01T21:22:51.094,41.369,2,1,1,45,463,8.4,79.4,-0.06,-0.84,0.10,0.12,-0.31,1.10,-0.06,-0.84,-0.57,-4.11,3.99,37.65,010,100,0,0,1930,1980,2005,1875,1991,1953,42.62,34.1,3351,52.359,83.78,1
2026-09-01T21:22:51.105,41.381,2,1,1,48,484,7.8,77.0,0.17,0.05,0.08,0.82,-0.14,-0.66,0.17,0.05,-0.21,-3.47,3.66,37.31,011,001,0,0,1929,1980,2002,1906,1975,1965,42.62,34.1,3349,52.328,83.72,1
2026-09-01T21:22:51.117,41.392,2,1,1,51,484,6.6,74.9,0.18,0.47,0.04,0.54,0.12,0.04,0.18,0.47,-0.29,-4.02,3.09,36.85,001,010,0,0,1929,1984,1997,1894,1988,1927,42.62,34.3,3349,52.328,83.72,1
2026-09-01T21:22:51.128,41.404,2,1,1,55,484,6.4,71.9,-0.08,-0.51,0.06,0.54,0.32,0.12,-0.08,-0.51,-0.76,-4.40,3.14,37.53,101,100,0,0,1926,1989,2000,1892,1961,1966,42.62,34.3,3352,52.375,83.80,1
2026-09-01T21:22:51.140,41.415,2,1,1,57,463,8.0,71.7,-0.35,0.03,0.06,0.66,0.09,-0.53,-0.35,0.03,-1.02,-3.93,4.02,37.40,100,011,0,0,1925,1986,2016,1891,1967,1953,42.62,34.1,3349,52.328,83.72,1
2026-09-01T21:22:51.154,41.429,2,1,1,59,484,9.6,73.1,-0.30,0.32,-0.12,0.30,-0.21,0.13,-0.30,0.32,-0.81,-3.97,4.99,36.86,110,110,0,0,1929,1984,2006,1881,1971,1991,42.62,34.1,3350,52.344,83.75,1
2026-09-01T21:22:51.163,41.438,2,1,1,65,484,10.0,79.1,0.10,-0.27,0.04,1.00,-0.32,-0.40,0.10,-0.27,-0.23,-3.73,5.04,37.40,011,101,0,0,1929,1980,2005,1920,1947,1966,42.62,34.3,3350,52.344,83.75,1
2026-09-01T21:22:51.175,41.450,2,1,1,67,484,9.6,78.0,0.18,0.19,0.04,0.38,0.07,-0.40,0.18,0.19,-0.21,-3.32,4.52,37.12,001,011,0,0,1929,1984,2000,1885,1983,1941,42.62,34.3,3349,52.328,83.72,1
2026-09-01T21:22:51.186,41.461,2,1,1,71,484,9.2,75.5,-0.11,0.09,0.10,0.46,0.29,0.31,-0.11,0.09,-0.67,-3.54,4.52,37.08,101,110,0,0,1932,1987,2012,1886,1967,1940,42.62,34.3,3351,52.359,83.78,1
2026-09-01T21:22:51.198,41.473,2,1,1,75,484,11.1,70.2,-0.35,-0.19,0.38,1.00,0.00,-0.64,-0.35,-0.19,-0.84,-2.93,5.52,37.60,110,001,0,0,1928,1986,2005,1910,1980,1919,42.62,34.3,3347,52.297,83.67,1
2026-09-01T21:22:51.209,41.485,2,1,1,77,484,13.1,78.1,-0.13,0.39,0.04,0.42,-0.38,-0.13,-0.13,0.39,-0.34,-2.95,6.16,37.01,010,010,0,0,1928,1981,2008,1886,1982,1936,42.62,34.3,3349,52.328,83.72,1
2026-09-01T21:22:51.221,41.496,2,1,1,77,463,11.4,80.0,0.26,-0.78,0.10,0.04,-0.12,1.24,0.26,-0.78,-0.03,-4.17,5.66,37.65,011,100,0,0,1929,1984,2004,1872,2001,1951,42.62,34.3,3351,52.359,83.78,1
2026-09-01T21:22:51.232,41.508,2,1,1,78,484,10.5,78.5,0.10,0.01,0.02,0.88,0.27,-0.59,0.10,0.01,-0.34,-3.58,5.20,37.36,101,001,0,0,1927,1984,2002,1909,1981,1967,42.62,34.3,3348,52.312,83.70,1
2026-09-01T21:22:51.244,41.519,2,1,1,76,484,12.1,76.7,-0.26,0.45,0.10,0.46,0.18,0.04,-0.26,0.45,-0.79,-4.07,5.67,36.87,100,010,0,0,1927,1985,2001,1891,1988,1930,42.62,34.3,3349,52.328,83.72,1
2026-09-01T21:22:51.255,41.531,2,1,1,72,484,13.3,77.9,-0.26,-0.50,0.10,0.52,-0.14,0.38,-0.26,-0.50,-0.87,-4.57,6.24,37.49,110,100,0,0,1925,1984,2012,1890,1962,1954,42.62,34.3,3351,52.359,83.78,1
2026-09-01T21:22:51.267,41.542,2,1,1,68,463,12.9,74.5,0.10,-0.04,0.18,0.62,-0.29,-0.47,0.10,-0.04,-0.55,-4.10,6.10,37.44,010,001,0,0,1933,1989,2000,1896,1971,1957,42.62,34.3,3349,52.328,83.72,1
2026-09-01T21:22:51.278,41.554,2,1,1,65,484,11.5,71.9,0.28,0.35,0.04,0.38,-0.16,0.11,0.28,0.35,-0.23,-4.19,5.50,36.86,011,110,0,0,1934,1984,2020,1876,1965,2002,42.62,34.3,3350,52.344,83.75,1
2026-09-01T21:22:51.290,41.565,2,1,1,62,484,9.8,79.2,0.28,-0.19,0.02,1.10,0.11,-0.47,0.28,-0.19,-0.43,-3.84,4.64,37.31,001,101,0,0,1928,1980,2004,1924,1943,1971,42.62,34.3,3351,52.359,83.78,1
2026-09-01T21:22:51.302,41.577,2,1,1,57,484,8.7,77.2,0.05,0.38,0.04,0.54,0.26,-0.58,0.05,0.38,-0.94,-3.41,4.05,37.05,101,011,0,0,1929,1984,2004,1890,1991,1941,42.62,34.3,3349,52.328,83.72,1
2026-09-01T21:22:51.313,41.589,2,1,1,54,484,9.3,69.9,-0.18,0.08,0.04,0.66,0.12,0.20,-0.18,0.08,-1.32,-3.52,4.17,37.02,100,110,0,0,1940,1987,1993,1903,1967,1938,42.62,34.3,3346,52.281,83.65,1
2026-09-01T21:22:51.325,41.600,2,1,1,54,484,9.1,74.7,0.27,-0.24,0.16,0.82,0.53,-0.53,0.27,-0.24,-1.46,-3.01,4.09,37.50,100,001,0,0,1931,1960,2028,1896,1981,1943,42.62,34.3,3344,52.250,83.60,1
2026-09-01T21:22:51.336,41.612,2,1,1,48,484,8.9,77.3,-0.02,0.24,0.12,0.24,-0.43,0.06,-0.02,0.24,-0.91,-3.15,4.50,37.17,110,010,0,0,1931,1997,1989,1879,1983,1935,42.62,34.3,3349,52.328,83.72,1
2026-09-01T21:22:51.348,41.623,2,1,1,44,463,9.2,79.7,-0.02,-0.90,0.14,0.12,-0.33,1.90,-0.02,-0.90,-0.83,-4.48,4.25,37.61,010,100,0,0,1935,1986,2000,1857,2055,1953,42.62,34.3,3351,52.359,83.78,1
2026-09-01T21:22:51.359,41.635,2,1,1,44,463,7.7,79.0,0.00,-0.13,0.16,0.74,-0.33,-0.44,0.00,-0.13,-0.21,-3.87,4.08,37.47,010,001,0,0,1929,1982,1997,1901,1976,1953,42.62,34.3,3345,52.266,83.62,1
2026-09-01T21:22:51.371,41.646,2,1,1,40,484,7.0,76.7,0.26,0.45,0.04,0.46,-0.18,-0.02,0.26,0.45,-0.07,-4.07,3.30,36.86,011,010,0,0,1928,1982,2003,1889,1988,1926,42.62,34.3,3349,52.328,83.72,1
2026-09-01T21:22:51.382,41.658,2,1,1,40,484,4.8,77.8,0.32,-0.48,0.06,0.52,-0.09,0.32,0.32,-0.48,0.07,-4.57,2.54,37.41,011,100,0,0,1928,1994,1990,1892,1964,1960,42.62,34.3,3345,52.266,83.62,1
2026-09-01T21:22:51.394,41.669,2,1,1,35,484,3.8,76.8,0.29,0.00,0.04,0.78,0.10,-0.61,0.29,0.00,-0.08,-4.10,1.79,37.33,001,001,0,0,1927,1984,2003,1906,1982,1961,42.62,34.3,3349,52.328,83.72,1
2026-09-01T21:22:51.405,41.681,2,1,1,35,484,2.4,70.7,0.28,0.26,0.14,0.26,0.00,0.19,0.28,0.26,-0.27,-4.18,1.10,36.86,001,010,0,0,1925,1983,2002,1877,1976,1944,42.62,34.3,3345,52.266,83.62,1
2026-09-01T21:22:51.417,41.692,2,1,1,35,484,0.7,74.0,0.33,-0.32,-0.06,0.76,-0.03,-0.33,0.33,-0.32,-0.22,-4.02,0.19,37.36,001,101,0,0,1920,1985,2019,1910,1944,1960,42.62,34.3,3345,52.266,83.62,1
2026-09-01T21:22:51.429,41.704,2,1,1,35,484,-1.3,77.6,0.29,0.04,0.12,0.46,-0.03,-0.39,0.29,0.04,-0.18,-3.56,-0.57,37.25,001,011,0,0,1930,1981,2003,1882,1966,1943,42.62,34.3,3343,52.234,83.58,1
2026-09-01T21:22:51.440,41.715,2,1,1,25,484,-2.2,78.1,0.11,0.02,0.08,0.30,0.26,0.54,0.11,0.02,-0.58,-3.69,-0.89,36.97,101,110,0,0,1929,1983,2003,1883,1968,1953,42.62,34.3,3363,52.547,84.08,1
2026-09-01T21:22:51.452,41.727,2,1,1,-39,484,-2.9,74.5,0.18,-0.32,0.00,0.82,0.14,-0.49,0.18,-0.32,-0.92,-3.19,-1.13,37.62,001,101,0,0,1927,1983,2004,1910,1956,1973,42.62,34.3,3358,52.469,83.95,1
2026-09-01T21:22:51.464,41.739,2,1,1,-39,484,-3.8,74.9,0.09,0.39,0.06,0.40,-0.11,-0.16,0.11,0.41,-0.83,-2.99,-1.57,36.96,001,010,0,0,1927,1975,2003,1887,1981,1940,42.62,34.3,3358,52.469,83.95,1
2026-09-01T21:22:51.475,41.751,2,1,1,-39,463,-4.4,79.0,0.06,-0.56,0.10,0.22,0.14,1.14,0.06,-0.56,-1.14,-4.11,-1.71,37.65,001,100,0,0,1930,1980,1996,1872,2009,1961,42.62,34.3,3353,52.391,83.83,1
2026-09-01T21:22:51.487,41.762,2,1,1,-39,484,-4.8,79.0,0.02,-0.02,0.20,0.86,0.12,-0.58,0.02,-0.02,-1.34,-3.55,-1.79,37.37,001,001,0,0,1932,1980,1997,1908,1975,1967,42.62,34.3,3351,52.359,83.78,1
2026-09-01T21:22:51.499,41.774,2,1,1,-39,484,-5.0,70.8,0.02,0.48,0.04,0.54,0.11,0.01,0.02,0.48,-1.53,-4.00,-1.84,36.82,001,010,0,0,1926,1980,1996,1892,1989,1933,42.62,34.3,3351,52.359,83.78,1
2026-09-01T21:22:51.510,41.786,2,1,1,-39,484,-5.2,76.1,0.01,-0.52,0.04,0.66,0.09,-0.11,0.01,-0.52,-1.69,-4.31,-1.85,37.62,001,101,0,0,1926,1980,1994,1902,1955,1958,42.62,34.3,3352,52.375,83.80,1
2026-09-01T21:22:51.522,41.797,2,1,1,-39,484,-5.7,77.8,0.08,0.28,0.00,0.58,0.15,-0.29,0.07,0.31,-1.90,-4.12,-1.97,37.13,001,011,0,0,1942,1994,1994,1894,1968,1959,42.62,34.3,3353,52.391,83.83,1
2026-09-01T21:22:51.534,41.809,2,1,1,-39,484,-5.6,77.2,-0.04,-0.14,0.04,0.22,0.09,0.82,-0.04,-0.14,-2.05,-4.56,-1.87,37.17,001,110,0,0,1928,1980,1994,1878,1968,1948,42.62,34.3,3354,52.406,83.85,1
2026-09-01T21:22:51.546,41.821,2,1,1,-18,484,-5.8,72.1,0.14,-0.03,0.12,1.26,-0.23,-0.61,0.13,0.00,-2.02,-3.71,-2.00,37.24,011,001,0,0,1933,1966,2014,1914,1981,1947,42.62,34.3,3367,52.609,84.17,1
2026-09-01T21:22:51.558,41.833,2,1,1,-18,484,-5.2,77.8,0.10,0.42,0.04,0.48,-0.35,-0.19,0.08,0.42,-1.38,-3.48,-2.27,36.80,011,010,0,0,1927,1969,2013,1888,1987,1923,42.62,34.3,3369,52.641,84.22,1
2026-09-01T21:22:51.569,41.845,2,1,1,-18,484,-4.5,76.6,0.00,-0.63,-0.10,0.38,-0.37,-0.10,0.00,-0.63,-0.75,-3.45,-2.30,37.65,011,101,0,0,1943,1976,2005,1893,1975,1970,42.62,34.3,3369,52.641,84.22,1
2026-09-01T21:22:51.581,41.857,2,1,1,-18,484,-4.6,79.0,0.11,0.10,0.06,0.26,-0.09,-0.12,0.11,0.10,-0.29,-3.02,-2.35,37.36,011,011,0,0,1926,1979,2001,1876,1973,1947,42.62,34.3,3362,52.531,84.05,1
2026-09-01T21:22:51.594,41.869,2,1,1,-18,484,-4.7,71.6,0.01,-0.09,0.06,0.48,-0.04,0.34,0.01,-0.09,-0.24,-3.27,-2.42,37.21,011,100,0,0,1928,1979,1999,1885,2047,1994,42.62,34.3,3362,52.531,84.05,1
2026-09-01T21:22:51.605,41.881,2,1,1,-18,484,-4.7,79.3,0.00,-0.09,0.12,0.86,-0.02,-0.57,0.00,-0.06,-0.20,-3.28,-2.41,37.41,011,001,0,0,1930,1976,1995,1902,1983,1961,42.62,34.3,3361,52.516,84.03,1
2026-09-01T21:22:51.617,41.893,2,1,1,-18,484,-4.5,76.2,-0.03,0.39,-0.02,0.32,0.01,0.40,-0.03,0.39,-0.19,-4.01,-2.35,36.95,011,010,0,0,1929,1975,1995,1887,1982,1944,42.62,34.3,3363,52.547,84.08,1
2026-09-01T21:22:51.629,41.904,2,1,1,-18,484,-4.4,71.6,-0.03,-0.30,0.02,0.86,-0.04,-0.10,0.00,-0.30,-0.13,-4.20,-2.30,37.53,011,101,0,0,1923,1977,1997,1905,2024,1924,42.62,34.3,3361,52.516,84.03,1
2026-09-01T21:22:51.642,41.917,2,1,1,-18,484,-4.3,78.6,-0.01,0.19,0.10,0.44,0.00,-0.19,-0.01,0.19,-0.11,-3.94,-2.27,37.21,011,011,0,0,1930,1976,1996,1885,1979,1941,42.62,34.3,3362,52.531,84.05,1
2026-09-01T21:22:51.654,41.929,2,1,1,-18,484,-4.2,78.8,-0.01,-0.17,-0.06,0.64,-0.07,0.12,-0.01,-0.17,-0.03,-4.38,-2.24,37.28,011,100,0,0,1925,1973,1996,1904,1956,1950,42.62,34.3,3363,52.547,84.08,1
2026-09-01T21:22:51.665,41.941,2,1,1,-10,484,-4.0,76.4,-0.08,-0.17,0.16,0.54,-0.22,-0.55,-0.08,-0.17,0.10,-3.83,-2.13,37.57,010,001,0,0,1929,1972,2008,1892,1983,1956,42.62,34.3,3351,52.359,83.78,1
2026-09-01T21:22:51.677,41.952,2,1,1,-10,484,-4.0,72.6,-0.05,0.48,0.04,0.62,-0.20,-0.03,-0.05,0.48,0.48,-3.83,-1.87,36.78,010,110,0,0,1928,1974,2004,1888,1971,1985,42.62,34.3,3352,52.375,83.80,1
2026-09-01T21:22:51.689,41.964,2,1,1,-10,484,-4.0,79.5,-0.05,-0.58,0.04,0.62,-0.17,-0.30,-0.05,-0.48,0.76,-3.48,-1.72,37.64,010,101,0,0,1926,1973,2004,1900,1956,1963,42.62,34.3,3354,52.406,83.85,1
2026-09-01T21:22:51.700,41.975,2,1,1,-10,484,-4.0,78.4,-0.04,0.16,0.04,0.28,-0.15,-0.17,-0.04,0.16,1.02,-3.05,-1.57,37.27,010,011,0,0,1932,1973,2002,1876,1975,1941,42.62,34.3,3351,52.359,83.78,1
2026-09-01T21:22:51.712,41.987,2,1,1,-10,484,-3.9,70.0,-0.06,-0.14,0.08,0.46,-0.15,0.41,-0.06,-0.14,1.29,-3.31,-1.37,37.25,010,110,0,0,1928,1973,2003,1887,1999,1969,42.62,34.3,3354,52.406,83.85,1
2026-09-01T21:22:51.724,41.999,2,1,1,-10,484,-3.9,78.9,-0.02,-0.10,0.12,0.78,-0.16,-0.58,-0.02,-0.10,1.51,-2.92,-1.25,37.47,010,001,0,0,1928,1976,2001,1908,1973,1971,42.62,34.3,3351,52.359,83.78,1
2026-09-01T21:22:51.735,42.011,2,1,1,-10,484,-3.9,78.8,-0.04,0.36,0.08,0.38,-0.10,0.35,-0.04,0.36,1.69,-3.92,-1.10,37.16,010,010,0,0,1928,1973,2000,1884,1983,1943,42.62,34.3,3351,52.359,83.78,1
2026-09-01T21:22:51.747,42.023,2,1,1,-10,463,-3.9,71.8,-0.01,-0.70,0.08,0.40,-0.08,0.61,-0.01,-0.70,1.84,-4.40,-1.03,37.62,010,101,0,0,1925,1977,1999,1885,1993,1943,42.62,34.3,3419,53.422,85.47,1
2026-09-01T21:22:51.759,42.034,2,1,1,-10,484,-4.2,76.3,0.01,0.23,0.00,0.54,-0.07,-0.38,0.01,0.29,1.94,-4.02,-1.00,37.23,010,011,0,0,1928,1978,1995,1896,1959,1957,42.62,34.3,3350,52.344,83.75,1
2026-09-01T21:22:51.771,42.046,2,1,1,-10,484,-4.2,78.1,-0.02,0.09,0.04,0.42,0.00,0.53,-0.02,0.09,1.95,-4.38,-0.96,36.94,010,110,0,0,1919,1972,2008,1882,1967,1942,42.62,34.3,3354,52.406,83.85,1
2026-09-01T21:22:51.782,42.058,2,1,1,-10,484,-4.2,76.4,0.00,-0.51,0.12,0.66,0.00,-0.28,0.00,-0.51,1.98,-4.21,-0.96,37.61,010,101,0,0,1930,1976,1994,1898,1965,1967,42.62,34.3,3354,52.406,83.85,1
2026-09-01T21:22:51.794,42.069,2,1,1,0,484,-4.2,72.6,0.00,0.56,0.12,0.66,0.03,-0.53,0.01,0.61,1.96,-3.59,-0.96,36.78,010,011,0,0,1927,1975,1994,1900,1996,1937,42.62,34.3,3320,51.875,83.00,1
2026-09-01T21:22:51.805,42.080,2,1,1,0,484,-4.2,69.5,0.03,-0.06,0.10,0.42,-0.03,0.35,0.03,-0.06,1.95,-3.82,-0.94,36.94,010,110,0,0,1931,1977,1996,1889,1966,1942,42.62,34.3,3323,51.922,83.08,1
2026-09-01T21:22:51.816,42.091,2,1,1,0,484,-4.1,75.4,0.01,-0.26,-0.04,0.94,0.01,-0.80,0.01,-0.12,1.94,-2.99,-0.95,37.41,010,101,0,0,1927,1977,1996,1920,1941,1987,42.62,34.3,3322,51.906,83.05,1
2026-09-01T21:22:51.827,42.103,2,1,1,0,484,-4.2,77.1,0.01,0.03,0.12,0.26,-0.01,0.28,0.00,0.08,1.96,-3.11,-0.96,37.28,010,011,0,0,1927,1978,1996,1871,1967,1945,42.62,34.3,3321,51.891,83.03,1
2026-09-01T21:22:51.839,42.114,2,1,1,0,484,-4.2,76.7,0.00,-0.04,0.04,0.36,-0.01,0.45,-0.01,-0.08,1.96,-3.25,-0.94,37.18,010,110,0,0,1927,1976,1996,1885,1967,1943,42.62,34.3,3323,51.922,83.08,1
2026-09-01T21:22:51.850,42.125,2,1,1,0,484,-4.2,75.6,0.00,-0.40,0.00,0.62,0.03,-0.34,0.00,-0.40,1.95,-3.22,-0.93,37.62,010,101,0,0,1924,1978,1995,1901,1952,1976,42.62,34.3,3322,51.906,83.05,1
2026-09-01T21:22:51.861,42.137,2,1,1,0,463,-4.2,79.5,-0.01,-0.07,0.20,0.26,0.01,0.61,-0.02,-0.04,1.97,-3.89,-0.91,37.47,010,011,0,0,1927,1977,1995,1869,1931,1959,42.62,34.3,3321,51.891,83.03,1
2026-09-01T21:22:51.872,42.147,2,1,1,0,484,-4.2,78.2,-0.01,0.37,0.00,0.58,0.00,0.29,0.00,0.32,1.96,-4.05,-0.90,36.83,010,110,0,0,1924,1977,1997,1897,1976,1936,42.62,34.3,3322,51.906,83.05,1
2026-09-01T21:22:51.883,42.159,2,1,1,0,484,-4.2,80.0,0.03,-0.41,0.12,0.78,-0.04,0.26,0.03,-0.41,1.96,-4.35,-0.93,37.62,010,101,0,0,1927,1980,1996,1901,1979,1947,42.62,34.3,3323,51.922,83.08,1
2026-09-01T21:22:51.895,42.170,2,1,1,0,463,-4.2,78.1,0.07,-0.14,0.08,0.70,0.00,0.21,0.07,-0.14,1.97,-3.95,-0.95,37.44,010,011,0,0,1929,1978,1993,1877,1903,1943,42.62,34.3,3320,51.875,83.00,1
2026-09-01T21:22:51.906,42.181,2,1,1,0,484,-4.2,76.7,0.00,0.26,0.12,0.54,-0.01,0.48,0.00,0.26,1.97,-4.36,-0.92,36.88,010,110,0,0,1931,1976,1996,1887,1970,1985,42.62,34.3,3321,51.891,83.03,1
2026-09-01T21:22:51.917,42.193,2,1,1,0,484,-4.2,76.4,0.01,-0.39,0.00,1.06,-0.05,-0.12,0.01,-0.39,1.98,-4.04,-0.92,37.34,010,101,0,0,1927,1980,1996,1911,1994,1936,42.62,34.3,3322,51.906,83.05,1
2026-09-01T21:22:51.928,42.204,2,1,1,0,484,-4.2,74.7,0.03,-0.01,0.20,0.62,0.01,-0.67,0.03,-0.01,1.95,-3.41,-0.95,37.30,010,011,0,0,1928,1977,1994,1887,1953,1938,42.62,34.3,3321,51.891,83.03,1
2026-09-01T21:22:51.940,42.215,2,1,1,0,484,-4.2,76.7,-0.05,0.26,-0.02,0.46,-0.03,0.38,-0.05,0.26,1.97,-3.66,-0.88,36.76,010,110,0,0,1929,1974,1996,1887,1968,1964,42.62,34.3,3321,51.891,83.03,1
2026-09-01T21:22:51.951,42.227,2,1,1,0,484,-4.2,78.5,0.00,-0.57,0.02,0.58,0.00,-0.27,0.00,-0.57,1.95,-3.40,-0.90,37.72,010,101,0,0,1929,1976,1994,1899,1960,1960,42.62,34.3,3321,51.891,83.03,1
2026-09-01T21:22:51.963,42.238,2,1,1,2,484,-4.2,76.8,0.03,0.09,-0.02,0.44,-0.04,-0.36,0.03,0.09,1.99,-3.11,-0.92,37.40,011,011,0,0,1951,1981,1984,1887,1984,1952,42.62,34.3,3344,52.250,83.60,1
2026-09-01T21:22:51.974,42.249,2,1,1,2,484,-4.2,78.0,0.01,0.32,0.06,0.52,0.01,0.27,0.01,0.32,1.96,-3.27,-0.89,36.97,011,110,0,0,1927,1975,1993,1891,1974,1940,42.62,34.3,3346,52.281,83.65,1
2026-09-01T21:22:51.985,42.261,2,1,1,2,484,-4.2,80.0,0.04,-0.78,0.14,0.40,0.06,0.31,0.04,-0.78,1.97,-4.06,-0.88,37.66,011,101,0,0,1931,1975,1993,1883,1977,1959,42.62,34.3,3344,52.250,83.60,1
2026-09-01T21:22:51.997,42.273,2,1,1,2,463,-4.2,73.7,0.03,0.33,0.06,0.46,0.01,0.00,0.03,0.33,1.97,-3.95,-0.90,37.01,011,011,0,0,1939,1977,1987,1889,1971,1953,42.62,34.3,3344,52.250,83.60,1
2026-09-01T21:22:52.009,42.284,2,1,1,2,463,-4.2,74.0,-0.01,-0.37,0.34,0.20,0.04,1.30,-0.01,-0.37,1.95,-4.94,-0.84,37.39,011,110,0,0,1927,1974,1993,1875,1977,1949,42.62,34.3,3346,52.281,83.65,1
2026-09-01T21:22:52.020,42.295,2,1,1,2,484,-4.2,70.1,0.02,0.00,0.00,1.12,0.00,-0.57,0.02,0.00,1.97,-4.15,-0.86,37.39,011,101,0,0,1935,1996,1993,1921,1955,1988,42.62,34.3,3344,52.250,83.60,1
2026-09-01T21:22:52.032,42.307,2,1,1,2,484,-4.2,69.1,0.01,0.42,0.04,0.54,0.03,-0.22,0.01,0.42,1.96,-4.33,-0.87,36.98,011,011,0,0,1928,1976,1993,1887,1979,1943,42.62,34.1,3405,53.203,85.12,1
2026-09-01T21:22:52.043,42.318,2,1,1,2,484,-4.2,71.0,0.00,-0.08,0.14,0.36,-0.03,0.35,0.00,-0.08,1.97,-4.46,-0.86,37.08,011,110,0,0,1931,1975,1993,1891,1968,1936,42.62,34.1,3346,52.281,83.65,1
2026-09-01T21:22:52.054,42.330,2,1,1,2,484,-4.2,73.4,0.01,0.01,0.06,1.28,-0.03,-0.78,0.01,0.01,1.99,-3.61,-0.83,37.20,011,001,0,0,1926,1977,1995,1913,1981,1945,42.62,34.1,3343,52.234,83.58,1
2026-09-01T21:22:52.066,42.341,2,1,1,2,484,-4.2,75.9,0.01,0.44,0.12,0.46,0.01,-0.26,0.01,0.44,1.96,-3.40,-0.76,36.85,011,010,0,0,1929,1974,1995,1887,1986,1932,42.62,34.1,3344,52.250,83.60,1
2026-09-01T21:22:52.077,42.352,2,1,1,2,484,-4.0,78.1,-0.04,-0.17,0.08,0.66,0.03,0.39,-0.04,-0.17,1.89,-3.56,-0.62,37.15,011,100,0,0,1929,1972,1993,1893,1972,1960,42.62,34.1,3346,52.281,83.65,1
2026-09-01T21:22:52.088,42.364,2,1,1,0,463,-3.9,79.8,0.00,-0.53,0.08,0.66,0.01,0.03,0.00,-0.53,1.82,-3.16,-0.54,37.73,011,001,0,0,1930,1978,1993,1886,1992,1916,42.62,34.3,3314,51.781,82.85,1
2026-09-01T21:22:52.100,42.375,2,1,1,0,484,-3.6,76.8,-0.01,0.41,0.02,0.30,0.06,-0.10,-0.01,0.41,1.70,-2.99,-0.46,36.99,011,010,0,0,1926,1975,1991,1885,1983,1942,42.62,34.3,3313,51.766,82.83,1
2026-09-01T21:22:52.111,42.386,2,1,1,0,463,-3.2,73.0,-0.02,-0.08,0.04,0.94,0.09,1.46,-0.01,-0.57,1.51,-3.94,-0.38,37.37,011,100,0,0,1931,1975,1990,1887,2078,1976,42.62,34.3,3315,51.797,82.88,1
2026-09-01T21:22:52.122,42.397,2,1,1,2,484,-2.7,76.6,-0.01,-0.19,0.42,0.90,0.15,-0.40,-0.01,-0.19,1.23,-3.93,-0.32,37.46,001,001,0,0,1929,1978,1989,1907,1968,1965,42.62,34.3,3342,52.219,83.55,1
2026-09-01T21:22:52.134,42.409,2,1,1,2,484,-2.3,76.4,-0.01,0.43,0.02,0.46,0.14,-0.11,-0.01,0.43,1.05,-3.97,-0.32,36.87,001,010,0,0,1928,1985,1991,1888,1988,1938,42.62,34.3,3342,52.219,83.55,1
2026-09-01T21:22:52.145,42.420,2,1,1,2,484,-1.7,77.8,0.01,-0.34,0.14,0.40,0.16,0.70,0.01,-0.34,0.79,-4.68,-0.28,37.35,001,100,0,0,1927,1984,1986,1888,1968,1952,42.65,34.3,3346,52.281,83.65,1
2026-09-01T21:22:52.156,42.432,2,1,1,2,484,-1.4,78.2,0.12,-0.11,0.06,0.96,0.18,-0.43,0.12,-0.11,0.48,-4.08,-0.45,37.41,001,001,0,0,1928,1986,1987,1905,1977,1951,42.65,34.3,3344,52.250,83.60,1
2026-09-01T21:22:52.168,42.443,2,1,1,3,484,-0.7,78.0,-0.02,0.43,0.04,0.52,0.35,-0.18,-0.02,0.43,-0.12,-3.95,-0.29,36.84,101,010,0,0,1930,1995,1994,1890,1990,1932,42.65,34.3,3342,52.219,83.55,1
2026-09-01T21:22:52.179,42.454,2,1,1,3,484,-1.6,79.5,0.02,-0.37,0.14,0.48,0.36,0.45,0.02,-0.37,-0.72,-4.48,-0.19,37.40,101,100,0,0,1927,1989,1990,1893,1958,1957,42.65,34.3,3345,52.266,83.62,1
2026-09-01T21:22:52.191,42.466,2,1,1,5,484,2.4,78.6,-0.26,0.12,0.06,1.16,0.26,-0.80,-0.26,0.12,-1.10,-3.52,0.51,37.20,100,001,0,0,1927,1987,1996,1918,1981,1969,42.65,34.3,3343,52.234,83.58,1
2026-09-01T21:22:52.203,42.478,2,1,1,5,484,3.6,71.0,-0.13,0.39,0.22,0.48,0.27,0.01,-0.13,0.39,-1.57,-3.40,1.01,36.85,100,110,0,0,1928,1983,2006,1888,1981,1935,42.65,34.3,3337,52.141,83.42,1
2026-09-01T21:22:52.214,42.489,2,1,1,10,484,5.8,75.4,-0.33,-0.61,0.04,0.52,0.06,0.00,-0.33,-0.61,-1.54,-3.33,2.23,37.73,110,101,0,0,1926,1983,2007,1890,1971,1963,42.65,34.3,3344,52.250,83.60,1
2026-09-01T21:22:52.225,42.501,2,1,1,26,484,6.8,78.4,-0.27,0.19,0.12,0.50,-0.28,-0.42,-0.27,0.19,-1.24,-2.86,2.97,37.24,010,011,0,0,1931,1979,2004,1883,1973,1941,42.65,34.3,3344,52.250,83.60,1
2026-09-01T21:22:52.237,42.512,2,1,1,34,463,6.8,78.9,0.12,0.00,0.08,0.28,-0.25,1.06,0.11,-0.06,-0.91,-3.90,3.04,37.29,011,110,0,0,1929,1980,2004,1879,1975,1965,42.65,34.3,3350,52.344,83.75,1
2026-09-01T21:22:52.249,42.524,2,1,1,43,484,5.6,79.1,0.22,-0.86,0.04,0.38,-0.04,0.25,0.22,-0.86,-0.72,-3.95,2.54,37.70,001,101,0,0,1929,1977,2000,1888,1987,1943,42.65,34.3,3350,52.344,83.75,1
2026-09-01T21:22:52.260,42.535,2,1,1,47,484,5.2,77.5,0.05,0.23,0.00,0.38,0.19,-0.16,0.05,0.23,-1.00,-3.77,2.20,37.25,101,011,0,0,1929,1984,1994,1885,1979,1942,42.65,34.3,3348,52.312,83.70,1
2026-09-01T21:22:52.271,42.547,2,1,1,47,484,6.3,76.3,-0.22,0.00,0.04,0.46,0.24,0.56,-0.22,0.00,-1.40,-4.36,2.64,37.14,101,110,0,0,1929,1991,1993,1892,1972,1954,42.65,34.3,3352,52.375,83.80,1
2026-09-01T21:22:52.283,42.558,2,1,1,50,484,8.1,72.0,-0.38,-0.17,0.08,1.00,0.07,-0.54,-0.38,-0.17,-1.57,-4.04,3.65,37.50,100,101,0,0,1929,1984,2003,1917,1951,1982,42.65,34.3,3351,52.359,83.78,1
2026-09-01T21:22:52.295,42.570,2,1,1,53,484,9.2,71.6,-0.24,0.48,0.04,0.62,-0.21,-0.38,-0.24,0.48,-1.27,-3.87,4.52,36.89,110,010,0,0,1925,1981,2006,1891,1942,1967,42.65,34.3,3349,52.328,83.72,1
2026-09-01T21:22:52.306,42.582,2,1,1,57,484,9.5,78.8,0.08,-0.21,0.10,0.56,-0.32,0.26,0.08,-0.21,-0.66,-4.15,4.67,37.20,011,100,0,0,1931,1984,2005,1899,1951,1955,42.65,34.3,3350,52.344,83.75,1
2026-09-01T21:22:52.318,42.593,2,1,1,60,484,8.6,78.4,0.19,-0.10,0.04,0.78,0.00,-0.61,0.19,-0.10,-0.51,-3.45,4.13,37.34,001,001,0,0,1929,1980,2000,1899,1987,1955,42.65,34.3,3348,52.312,83.70,1
2026-09-01T21:22:52.330,42.605,2,1,1,63,484,8.5,73.0,-0.02,0.28,0.02,0.30,0.29,0.10,-0.02,0.28,-0.93,-3.48,3.94,37.06,101,010,0,0,1924,1987,2000,1877,1981,1943,42.65,34.3,3349,52.328,83.72,1
2026-09-01T21:22:52.342,42.617,2,1,1,67,484,9.4,78.6,-0.39,-0.37,0.02,0.70,0.13,-0.43,-0.39,-0.37,-1.26,-3.23,4.84,37.71,100,101,0,0,1931,1988,2005,1905,1956,1983,42.65,34.3,3351,52.359,83.78,1
2026-09-01T21:22:52.355,42.630,2,1,1,73,484,11.9,73.4,-0.21,0.30,0.04,0.42,-0.28,-0.31,-0.21,0.30,-0.93,-3.05,5.69,37.11,010,011,0,0,1937,1996,1996,1885,1987,1947,42.65,34.3,3348,52.312,83.70,1
2026-09-01T21:22:52.365,42.641,2,1,1,74,463,11.6,73.2,0.19,-0.04,0.10,0.78,-0.20,0.44,0.19,-0.04,-0.42,-3.64,5.44,37.14,011,100,0,0,1931,1978,2004,1889,2029,1963,42.65,34.3,3350,52.344,83.75,1
2026-09-01T21:22:52.377,42.652,2,1,1,74,484,9.9,78.7,0.21,-0.15,0.02,0.76,0.16,-0.43,0.21,-0.15,-0.53,-3.61,4.87,37.50,001,001,0,0,1929,1979,1999,1907,1975,1964,42.65,34.3,3349,52.328,83.72,1
2026-09-01T21:22:52.388,42.664,2,1,1,75,484,10.2,78.3,0.09,0.41,0.06,0.50,0.34,0.04,0.09,0.41,-1.00,-3.99,4.95,36.95,101,010,0,0,1927,1989,2011,1888,1984,1937,42.65,34.3,3344,52.250,83.60,1
2026-09-01T21:22:52.400,42.675,2,1,1,70,484,11.9,79.4,-0.09,-0.44,0.14,0.56,0.61,0.48,-0.09,-0.44,-1.57,-4.59,5.54,37.43,110,100,0,0,1928,1966,2019,1892,1968,1969,42.65,34.3,3351,52.359,83.78,1
2026-09-01T21:22:52.411,42.687,2,1,1,67,463,12.4,79.5,-0.04,-0.24,0.08,0.66,0.08,-0.39,-0.04,-0.24,-1.16,-4.16,5.90,37.58,010,001,0,0,1930,1989,1997,1895,1981,1951,42.65,34.3,3348,52.312,83.70,1
2026-09-01T21:22:52.423,42.698,2,1,1,61,484,10.6,76.9,0.41,0.30,0.12,0.36,0.80,0.10,0.41,0.30,-1.00,-4.17,5.11,36.98,011,010,0,0,1928,1984,1971,1882,1976,1940,42.65,34.3,3348,52.312,83.70,1
2026-09-01T21:22:52.434,42.709,2,1,1,61,484,8.8,71.8,0.48,-0.29,0.10,0.76,0.05,-0.10,0.48,-0.29,-0.43,-4.12,4.54,37.40,011,100,0,0,1929,2017,1965,1908,1948,1974,42.65,34.3,3345,52.266,83.62,1
2026-09-01T21:22:52.446,42.721,2,1,1,58,484,7.6,73.4,0.23,0.14,0.12,0.58,0.17,-0.73,0.23,0.14,-0.72,-3.49,3.83,37.32,001,011,0,0,1931,1980,2002,1891,1987,1950,42.65,34.3,3348,52.312,83.70,1
2026-09-01T21:22:52.459,42.734,2,1,1,53,484,6.7,77.8,0.03,0.35,0.04,0.54,0.22,0.17,0.03,0.35,-1.14,-3.51,3.37,36.88,101,110,0,0,1928,1979,2001,1893,1973,1935,42.65,34.3,3351,52.359,83.78,1
2026-09-01T21:22:52.469,42.744,2,1,1,47,484,7.8,78.6,-0.17,-0.57,0.06,0.56,0.18,-0.32,-0.17,-0.57,-1.55,-3.21,3.34,37.72,100,101,0,0,1923,1984,2009,1894,1954,1975,42.65,34.3,3350,52.344,83.75,1
2026-09-01T21:22:52.480,42.756,2,1,1,47,484,7.5,77.3,0.06,-0.04,0.10,0.04,-0.26,0.38,0.06,-0.04,-1.17,-3.16,3.41,37.46,100,011,0,0,1931,1980,2005,1867,1961,1943,42.65,34.3,3349,52.328,83.72,1
2026-09-01T21:22:52.492,42.768,2,1,1,40,484,8.3,74.7,-0.19,-0.28,0.04,0.62,-0.19,0.70,-0.19,-0.28,-1.49,-3.49,3.65,37.33,110,100,0,0,1928,1988,1992,1892,2038,1986,42.65,34.3,3350,52.344,83.75,1
2026-09-01T21:22:52.504,42.779,2,1,1,40,484,7.2,79.4,0.10,-0.10,0.12,0.78,-0.47,-0.51,0.10,-0.10,-0.68,-3.49,3.61,37.47,110,001,0,0,1929,2000,1987,1904,1973,1961,42.65,34.3,3349,52.328,83.72,1
2026-09-01T21:22:52.516,42.791,2,1,1,34,484,7.6,78.0,0.05,0.44,0.10,0.46,-0.37,0.11,0.05,0.44,-0.74,-3.91,3.50,36.95,010,010,0,0,1930,1992,1994,1891,1982,1941,42.65,34.3,3348,52.312,83.70,1
2026-09-01T21:22:52.527,42.802,2,1,1,34,484,6.5,79.1,0.11,-0.46,0.14,0.46,-0.35,0.46,0.11,-0.46,-0.17,-4.52,3.28,37.47,010,100,0,0,1928,1986,2004,1892,1965,1955,42.65,34.3,3351,52.359,83.78,1
2026-09-01T21:22:52.538,42.813,2,1,1,34,463,5.3,79.0,0.25,-0.11,0.14,0.82,0.04,-0.44,0.25,-0.11,-0.10,-4.16,2.80,37.51,010,001,0,0,1935,1979,1973,1903,1985,1954,42.65,34.3,3344,52.250,83.60,1
2026-09-01T21:22:52.550,42.825,2,1,1,29,484,4.7,75.6,0.24,0.49,0.18,0.60,-0.19,-0.16,0.24,0.49,0.32,-4.03,2.20,36.70,011,010,0,0,1928,1983,2006,1893,1990,1922,42.65,34.3,3359,52.484,83.97,1
2026-09-01T21:22:52.562,42.837,2,1,1,29,484,3.2,71.2,0.32,-0.27,0.04,0.86,-0.07,-0.22,0.32,-0.27,0.48,-4.22,1.40,37.38,011,101,0,0,1926,1982,2004,1914,1946,1964,42.65,34.3,3360,52.500,84.00,1
2026-09-01T21:22:52.573,42.849,2,1,1,29,484,3.0,78.3,0.14,0.32,0.10,0.62,-0.24,-0.73,0.14,0.32,0.94,-3.51,1.08,37.10,011,011,0,0,1928,1982,2000,1896,1987,1947,42.65,34.3,3353,52.391,83.83,1
2026-09-01T21:22:52.585,42.860,2,1,1,29,484,2.7,76.7,0.13,0.22,0.10,0.60,-0.18,0.13,0.13,0.22,1.26,-3.54,0.74,36.84,011,110,0,0,1928,1982,2000,1896,1966,1927,42.65,34.3,3355,52.422,83.88,1
2026-09-01T21:22:52.597,42.872,2,1,1,29,484,3.4,71.4,0.12,-0.23,0.04,0.86,-0.20,-0.72,0.12,-0.23,1.59,-3.00,0.42,37.62,011,101,0,0,1926,1984,1997,1915,1945,1992,42.65,34.3,3349,52.328,83.72,1
2026-09-01T21:22:52.608,42.884,2,1,1,29,484,4.0,76.0,0.11,0.37,0.04,0.38,-0.20,-0.18,0.11,0.37,1.88,-3.07,0.12,37.02,011,010,0,0,1928,1981,1997,1888,1983,1939,42.65,34.3,3353,52.391,83.83,1
2026-09-01T21:22:52.620,42.895,2,1,1,29,463,-4.4,79.0,0.11,-0.37,0.02,0.36,-0.12,0.85,0.11,-0.37,2.07,-4.28,-0.15,37.64,011,100,0,0,1923,1978,2009,1880,1995,1945,42.65,34.3,3355,52.422,83.88,1
2026-09-01T21:22:52.632,42.907,2,1,1,29,484,-4.5,78.9,0.11,0.00,0.04,0.90,-0.01,-0.62,0.11,0.00,2.12,-3.88,-0.41,37.37,011,001,0,0,1926,1980,1993,1908,1972,1969,42.65,34.3,3354,52.406,83.85,1
2026-09-01T21:22:52.643,42.918,2,1,1,29,484,-4.6,74.7,0.08,0.50,0.08,0.50,-0.01,-0.03,0.08,0.50,2.14,-4.20,-0.62,36.83,011,010,0,0,1926,1980,1992,1892,1989,1923,42.65,34.3,3354,52.406,83.85,1
2026-09-01T21:22:52.655,42.930,2,1,1,29,484,-4.5,71.8,0.05,-0.51,0.20,0.68,0.06,-0.03,0.05,-0.51,2.09,-4.48,-0.82,37.54,011,101,0,0,1928,1982,1994,1898,1957,1963,42.65,34.3,3354,52.406,83.85,1
2026-09-01T21:22:52.666,42.942,2,1,1,0,484,-4.5,77.8,0.08,0.27,0.12,0.64,-0.07,-0.31,0.08,0.27,2.12,-4.16,-1.01,37.19,011,011,0,0,1932,1981,1995,1894,1960,1956,42.65,34.3,3311,51.734,82.78,1
2026-09-01T21:22:52.678,42.953,2,1,1,0,484,-4.4,76.7,0.03,0.14,0.08,0.40,0.04,0.60,0.03,0.14,2.08,-4.30,-1.08,36.94,011,110,0,0,1927,1979,1995,1879,1972,1994,42.65,34.3,3315,51.797,82.88,1
2026-09-01T21:22:52.689,42.964,2,1,1,0,484,-4.5,77.5,0.00,-0.33,0.04,0.90,-0.01,-0.35,0.00,-0.33,2.09,-3.98,-1.10,37.44,011,101,0,0,1926,1979,1994,1911,1951,1964,42.65,34.3,3315,51.797,82.88,1
2026-09-01T21:22:52.700,42.975,2,1,1,0,484,-4.4,71.4,0.04,0.14,0.08,0.78,-0.03,-0.72,0.04,0.13,2.08,-3.25,-1.18,37.20,011,011,0,0,1929,1979,1995,1895,1962,1944,42.65,34.3,3311,51.734,82.78,1
2026-09-01T21:22:52.711,42.987,2,1,1,0,484,-4.3,75.3,0.00,0.27,0.12,0.34,-0.01,0.22,0.00,0.27,2.04,-3.52,-1.17,37.01,011,110,0,0,1929,1977,1995,1882,1980,1948,42.65,34.3,3315,51.797,82.88,1
2026-09-01T21:22:52.723,42.998,2,1,1,0,484,-4.4,76.8,0.00,-0.72,0.08,0.34,-0.01,0.22,0.00,-0.72,2.05,-3.56,-1.14,37.74,011,101,0,0,1932,1978,1995,1884,1976,1956,42.65,34.3,3314,51.781,82.85,1
2026-09-01T21:22:52.734,43.009,2,1,1,0,484,-4.3,70.6,0.00,0.28,0.06,1.02,0.00,-1.06,0.01,0.15,2.02,-2.54,-1.14,37.26,011,011,0,0,1925,1980,1996,1909,1919,1926,42.65,34.3,3312,51.750,82.80,1
2026-09-01T21:22:52.745,43.020,2,1,1,0,484,-4.3,68.5,-0.01,0.37,0.04,0.36,0.00,0.30,-0.01,0.37,2.02,-3.63,-1.12,37.12,011,110,0,0,1930,1977,1996,1888,1976,1951,42.65,34.3,3388,52.938,84.70,1
2026-09-01T21:22:52.758,43.033,2,1,1,0,463,-4.3,74.6,0.00,-0.69,0.00,0.30,0.00,0.57,0.00,-0.69,2.01,-4.43,-1.09,37.64,011,100,0,0,1930,1979,1995,1886,1990,1946,42.65,34.3,3316,51.812,82.90,1
2026-09-01T21:22:52.767,43.043,2,1,1,0,484,-4.3,76.1,0.00,-0.13,0.04,0.60,0.02,-0.60,0.01,-0.03,1.99,-3.99,-1.09,37.41,011,001,0,0,1929,1978,1995,1895,1982,1956,42.65,34.3,3314,51.781,82.85,1
2026-09-01T21:22:52.779,43.054,2,1,1,0,484,-4.3,76.5,-0.03,0.52,-0.04,0.52,-0.03,-0.01,-0.02,0.54,2.01,-4.38,-1.05,36.79,011,010,0,0,1927,1977,1995,1895,1990,1932,42.65,34.3,3314,51.781,82.85,1
2026-09-01T21:22:52.790,43.065,2,1,1,0,463,-4.2,78.1,-0.01,-0.41,0.10,0.58,0.04,0.47,-0.01,-0.41,1.97,-4.73,-1.00,37.40,011,100,0,0,1927,1973,1991,1893,1990,1951,42.65,34.3,3316,51.812,82.90,1
2026-09-01T21:22:52.801,43.076,2,1,1,0,484,-4.3,79.8,0.00,-0.28,0.10,0.64,0.00,-0.53,0.02,-0.23,1.99,-4.17,-1.00,37.54,011,001,0,0,1929,1979,1995,1894,1983,1951,42.65,34.3,3314,51.781,82.85,1
2026-09-01T21:22:52.812,43.088,2,1,1,0,484,-4.3,78.0,0.00,0.67,-0.06,0.66,0.00,-0.27,0.00,0.67,2.01,-3.90,-0.99,36.70,011,010,0,0,1927,1975,1995,1902,1999,1919,42.65,34.3,3314,51.781,82.85,1
2026-09-01T21:22:52.823,43.099,2,1,1,0,484,-4.2,79.1,0.00,-0.43,0.16,0.42,0.04,0.61,0.00,-0.43,1.96,-4.27,-0.97,37.44,011,100,0,0,1929,1977,1995,1884,1974,1962,42.65,34.3,3316,51.812,82.90,1
2026-09-01T21:22:52.835,43.110,2,1,1,0,484,-4.3,79.0,0.04,0.09,0.04,1.02,-0.04,-0.78,0.04,0.09,2.01,-3.23,-0.98,37.28,011,001,0,0,1927,1979,1995,1918,1972,1980,42.65,34.3,3314,51.781,82.85,1
2026-09-01T21:22:52.846,43.121,2,1,1,0,484,-4.3,78.5,0.02,0.26,0.14,0.24,0.00,-0.05,0.02,0.29,1.99,-3.24,-0.99,37.05,011,010,0,0,1933,1978,1995,1879,1983,1928,42.65,34.3,3312,51.750,82.80,1
2026-09-01T21:22:52.857,43.132,2,1,1,0,484,-4.3,79.0,-0.01,-0.58,0.10,0.36,0.00,1.05,-0.01,-0.72,1.99,-3.74,-0.97,37.72,011,100,0,0,1931,1977,1995,1874,1999,1964,42.65,34.3,3316,51.812,82.90,1
2026-09-01T21:22:52.868,43.143,2,1,1,0,484,-4.3,78.6,0.01,-0.24,0.04,0.72,-0.02,-0.37,0.01,-0.24,2.01,-3.20,-0.98,37.52,011,001,0,0,1931,1979,1993,1901,1980,1948,42.65,34.3,3313,51.766,82.83,1
2026-09-01T21:22:52.880,43.155,2,1,1,0,484,-4.2,76.9,0.01,0.25,0.08,0.26,0.04,0.28,0.01,0.30,1.96,-3.77,-0.97,37.16,011,010,0,0,1929,1977,1995,1881,1972,1948,42.65,34.3,3313,51.766,82.83,1
2026-09-01T21:22:52.891,43.166,2,1,1,0,463,-4.3,77.1,0.01,-0.27,0.04,0.66,-0.02,0.80,0.01,-0.27,2.00,-4.27,-0.97,37.21,011,100,0,0,1931,1977,1995,1894,2026,1962,42.65,34.3,3314,51.781,82.85,1
2026-09-01T21:22:52.902,43.178,2,1,1,0,463,-4.3,78.7,0.03,-0.35,0.04,0.52,-0.02,-0.22,0.03,-0.34,2.01,-4.27,-1.00,37.66,011,001,0,0,1934,1978,1994,1895,1980,1944,42.65,34.3,3313,51.766,82.83,1
2026-09-01T21:22:52.914,43.189,2,1,1,0,484,-4.2,78.2,0.00,0.47,0.04,0.40,-0.03,-0.17,0.00,0.47,2.01,-4.10,-0.98,36.92,011,010,0,0,1929,1977,1995,1891,1991,1935,42.65,34.3,3314,51.781,82.85,1
2026-09-01T21:22:52.925,43.200,2,1,1,0,484,-4.2,78.2,-0.01,-0.07,0.12,0.56,0.02,0.26,-0.01,-0.07,1.98,-4.61,-0.96,37.22,011,100,0,0,1946,1977,1989,1900,1967,1951,42.65,34.3,3315,51.797,82.88,1
2026-09-01T21:22:52.936,43.211,2,1,1,0,484,-4.2,76.8,0.02,-0.34,0.08,0.78,0.01,-0.35,0.02,-0.34,1.98,-4.00,-0.98,37.56,011,001,0,0,1937,1981,1990,1901,1992,1929,42.65,34.3,3312,51.750,82.80,1
2026-09-01T21:22:52.947,43.223,2,1,1,0,484,-4.3,75.4,0.00,0.42,0.04,0.46,-0.03,-0.25,0.00,0.42,1.99,-3.77,-0.96,36.93,011,010,0,0,1931,1979,1995,1890,1988,1940,42.65,34.3,3313,51.766,82.83,1
2026-09-01T21:22:52.958,43.234,2,1,1,0,484,-4.2,71.8,-0.02,-0.05,0.08,0.58,0.01,0.27,-0.02,-0.05,2.00,-3.80,-0.94,37.02,011,100,0,0,1927,1978,1996,1889,1993,1961,42.65,34.3,3316,51.812,82.90,1
2026-09-01T21:22:52.970,43.245,2,1,1,0,484,-4.2,72.0,0.01,-0.21,0.04,0.94,0.02,-0.62,0.01,-0.21,1.96,-3.08,-0.94,37.52,011,001,0,0,1923,1975,1994,1905,1979,1929,42.65,34.3,3312,51.750,82.80,1
2026-09-01T21:22:52.981,43.256,2,1,1,0,484,-4.3,69.4,0.02,0.32,0.16,0.38,0.00,-0.25,0.02,0.35,1.99,-3.02,-0.97,37.08,011,010,0,0,1926,1980,1996,1884,1979,1940,42.65,34.3,3311,51.734,82.78,1
2026-09-01T21:22:52.992,43.267,2,1,1,0,484,-4.2,69.9,0.01,0.03,0.04,0.66,0.00,0.24,0.01,0.03,1.98,-3.27,-0.95,37.20,011,100,0,0,1939,1978,1989,1903,2025,1979,42.65,34.3,3379,52.797,84.47,1
2026-09-01T21:22:53.005,43.280,2,1,1,0,484,-4.2,70.9,0.00,-0.42,0.10,0.66,-0.03,-0.43,0.00,-0.42,1.98,-3.72,-0.96,37.64,011,101,0,0,1931,1979,1998,1903,1956,1976,42.65,34.3,3308,51.688,82.70,1
2026-09-01T21:22:53.015,43.290,2,1,1,0,463,-4.2,74.8,0.02,0.37,0.08,0.52,0.04,-0.04,0.01,0.37,1.96,-4.07,-0.96,36.99,011,011,0,0,1927,1977,1995,1887,1975,1950,42.65,34.3,3314,51.781,82.85,1
2026-09-01T21:22:53.026,43.301,2,1,1,0,463,-4.2,77.9,-0.02,-0.34,0.12,0.10,0.05,1.50,-0.02,-0.34,1.95,-5.08,-0.93,37.39,011,110,0,0,1945,1977,1989,1873,1983,1978,42.65,34.3,3316,51.812,82.90,1
2026-09-01T21:22:53.037,43.312,2,1,1,0,484,-4.3,78.8,0.02,-0.26,0.04,1.00,-0.03,-0.38,0.02,-0.16,2.00,-4.35,-0.94,37.49,011,101,0,0,1927,1979,1995,1919,1951,1974,42.65,34.3,3316,51.812,82.90,1
2026-09-01T21:22:53.048,43.324,2,1,1,0,484,-4.2,78.5,0.04,0.34,0.08,0.58,0.00,-0.37,0.04,0.34,1.97,-4.23,-0.97,36.99,011,011,0,0,1927,1961,2037,1891,1983,1941,42.65,34.3,3314,51.781,82.85,1
2026-09-01T21:22:53.060,43.335,2,1,1,0,484,-4.2,78.7,0.00,-0.04,0.10,0.30,0.02,0.70,0.00,-0.04,1.96,-4.61,-0.95,37.06,011,110,0,0,1927,1977,1997,1878,1972,1962,42.65,34.3,3316,51.812,82.90,1
2026-09-01T21:22:53.071,43.346,2,1,1,0,484,-4.2,78.7,0.04,-0.21,0.04,1.06,0.04,-0.55,0.04,-0.21,1.98,-3.84,-0.95,37.28,011,101,0,0,1925,1979,1995,1919,1951,1976,42.65,34.3,3316,51.812,82.90,1
2026-09-01T21:22:53.082,43.357,2,1,1,0,484,-4.3,78.4,0.01,0.26,0.16,0.54,-0.02,-0.68,0.01,0.26,2.00,-3.42,-0.96,37.12,011,011,0,0,1932,1979,1995,1890,1988,1946,42.65,34.3,3314,51.781,82.85,1
2026-09-01T21:22:53.093,43.369,2,1,1,0,484,-4.2,77.7,-0.01,0.36,0.04,0.54,0.00,0.16,-0.01,0.32,1.97,-3.50,-0.92,36.84,011,110,0,0,1930,1996,1947,1886,1975,1943,42.65,34.3,3315,51.797,82.88,1
2026-09-01T21:22:53.104,43.380,2,1,1,0,484,-4.2,79.1,0.00,-0.56,0.12,0.54,0.01,-0.16,0.00,-0.56,1.95,-3.24,-0.82,37.77,011,101,0,0,1929,1977,1995,1892,1971,1959,42.65,34.3,3315,51.797,82.88,1
2026-09-01T21:22:53.116,43.391,2,1,1,0,484,-4.0,78.6,-0.05,0.19,0.08,0.62,0.02,-0.36,-0.05,0.19,1.88,-2.90,-0.62,37.20,011,011,0,0,1927,1975,1995,1887,1972,1943,42.65,34.3,3313,51.766,82.83,1
2026-09-01T21:22:53.127,43.402,2,1,1,0,463,-3.7,75.3,-0.06,0.21,0.02,0.44,0.07,0.77,-0.06,0.21,1.75,-3.82,-0.40,37.12,011,110,0,0,1930,1973,1993,1883,1978,1970,42.65,34.3,3315,51.797,82.88,1
2026-09-01T21:22:53.138,43.413,2,1,1,0,484,-3.2,73.3,-0.04,-0.62,-0.04,0.44,0.12,0.33,-0.02,-0.62,1.52,-4.17,-0.24,37.68,011,101,0,0,1927,1977,1989,1891,1988,1935,42.65,34.3,3315,51.797,82.88,1
2026-09-01T21:22:53.149,43.425,2,1,1,0,484,-2.6,70.7,0.00,0.11,-0.08,0.58,0.17,-0.63,0.00,0.09,1.21,-3.82,-0.22,37.32,011,011,0,0,1925,1980,1988,1893,1944,1939,42.65,34.3,3312,51.750,82.80,1
2026-09-01T21:22:53.161,43.436,2,1,1,3,484,-2.1,74.3,-0.04,0.41,0.14,0.66,0.14,0.26,-0.04,0.41,0.98,-4.24,-0.21,36.74,001,110,0,0,1929,1983,1987,1885,1972,1982,42.65,34.3,3345,52.266,83.62,1
2026-09-01T21:22:53.172,43.448,2,1,1,3,484,-1.6,77.1,0.01,-0.73,0.06,0.60,0.16,0.14,0.01,-0.73,0.73,-4.25,-0.18,37.63,001,101,0,0,1927,1981,1983,1888,1995,1936,42.65,34.3,3344,52.250,83.60,1
2026-09-01T21:22:53.184,43.459,2,1,1,3,484,-1.0,77.7,0.13,0.29,0.12,0.54,0.19,-0.60,0.13,0.29,0.36,-3.85,-0.31,37.21,001,011,0,0,1931,1987,1983,1895,1984,1955,42.65,34.3,3345,52.266,83.62,1
2026-09-01T21:22:53.195,43.470,2,1,1,3,484,0.6,77.7,-0.10,0.07,0.08,0.48,0.35,0.84,-0.10,0.07,-0.25,-4.15,0.04,36.87,101,110,0,0,1928,1995,1991,1878,1970,1990,42.65,34.3,3344,52.250,83.60,1
2026-09-01T21:22:53.206,43.482,2,1,1,3,484,1.7,79.9,0.03,-0.50,0.14,0.72,0.33,-0.31,0.03,-0.50,-0.80,-3.74,0.07,37.66,101,101,0,0,1947,1988,1988,1903,1968,1969,42.65,34.3,3344,52.250,83.60,1
2026-09-01T21:22:53.218,43.493,2,1,1,3,484,3.0,78.7,-0.17,0.07,0.10,0.32,0.35,-0.09,-0.17,0.07,-1.16,-3.30,0.93,37.28,100,011,0,0,1929,1982,2001,1878,1969,1945,42.65,34.3,3343,52.234,83.58,1
2026-09-01T21:22:53.229,43.504,2,1,1,3,484,4.6,77.0,-0.41,-0.21,0.08,0.28,-0.01,0.85,-0.41,-0.21,-1.41,-3.66,1.68,37.38,110,110,0,0,1933,1983,2001,1878,1970,1966,42.65,34.3,3345,52.266,83.62,1
2026-09-01T21:22:53.241,43.516,2,1,1,3,484,6.4,74.3,-0.30,-0.40,0.06,0.64,0.07,-0.41,-0.30,-0.40,-1.55,-3.24,2.58,37.63,110,101,0,0,1928,1981,2007,1900,1959,1974,42.65,34.3,3344,52.250,83.60,1
2026-09-01T21:22:53.252,43.528,2,1,1,29,484,7.2,74.9,-0.18,0.15,0.14,0.08,-0.21,0.52,-0.18,0.15,-1.16,-3.68,3.21,37.30,010,010,0,0,1931,1979,2003,1871,1965,1954,42.65,34.3,3342,52.219,83.55,1
2026-09-01T21:22:53.264,43.539,2,1,1,35,463,6.7,73.2,0.15,0.06,0.10,0.88,-0.26,0.27,0.15,0.06,-0.78,-4.18,3.02,37.07,011,100,0,0,1933,1978,2004,1895,2026,1961,42.65,34.3,3349,52.328,83.72,1
2026-09-01T21:22:53.275,43.551,2,1,1,40,484,5.5,78.3,0.25,-0.18,0.04,0.86,-0.01,-0.38,0.25,-0.18,-0.67,-4.07,2.47,37.46,001,001,0,0,1928,1980,2002,1904,1983,1953,42.65,34.3,3348,52.312,83.70,1
2026-09-01T21:22:53.287,43.562,2,1,1,45,484,5.2,78.2,-0.03,0.61,0.00,0.68,0.17,-0.17,-0.03,0.61,-0.96,-4.25,2.21,36.80,101,010,0,0,1926,1984,1994,1901,1995,1927,42.65,34.3,3348,52.312,83.70,1
2026-09-01T21:22:53.298,43.574,2,1,1,48,484,6.3,79.4,-0.19,-0.41,0.10,0.48,0.28,0.51,-0.19,-0.41,-1.43,-4.75,2.59,37.33,100,100,0,0,1935,1991,1993,1891,1974,1970,42.65,34.3,3350,52.344,83.75,1
2026-09-01T21:22:53.310,43.585,2,1,1,48,484,7.9,78.9,-0.32,-0.06,0.04,0.78,0.01,-0.78,-0.32,-0.06,-1.51,-3.98,3.56,37.36,100,001,0,0,1926,1987,2003,1903,1977,1972,42.65,34.3,3350,52.344,83.75,1
2026-09-01T21:22:53.321,43.597,2,1,1,50,484,8.4,76.5,-0.26,0.46,0.04,0.46,-0.22,-0.12,-0.26,0.46,-1.24,-3.93,4.36,36.77,110,010,0,0,1928,1985,2002,1888,1989,1929,42.65,34.3,3349,52.328,83.72,1
2026-09-01T21:22:53.333,43.608,2,1,1,50,484,9.7,77.2,-0.02,-0.67,0.04,0.32,-0.34,0.43,-0.02,-0.67,-0.71,-4.20,4.67,37.52,010,100,0,0,1929,1984,2004,1885,1970,1959,42.65,34.3,3351,52.359,83.78,1
2026-09-01T21:22:53.344,43.620,2,1,1,50,484,9.0,73.2,0.23,0.15,0.08,0.58,-0.23,-0.70,0.23,0.15,-0.26,-3.22,4.22,37.32,011,011,0,0,1931,1984,2004,1893,1989,1951,42.65,34.3,3348,52.312,83.70,1
2026-09-01T21:22:53.356,43.631,2,1,1,49,484,7.4,77.8,0.28,0.02,0.04,0.36,0.03,0.66,0.30,0.02,-0.28,-3.57,3.51,37.13,001,110,0,0,1929,1984,2003,1881,1969,1967,42.65,34.3,3351,52.359,83.78,1
2026-09-01T21:22:53.368,43.643,2,1,1,47,484,5.7,79.7,0.39,-0.54,0.06,0.52,0.25,-0.11,0.39,-0.54,-0.58,-3.40,2.74,37.75,101,101,0,0,1927,1991,1999,1899,1966,1958,42.65,34.3,3349,52.328,83.72,1
2026-09-01T21:22:53.379,43.654,2,1,1,47,463,6.2,79.8,-0.08,-0.47,0.22,-0.04,0.17,1.41,-0.08,-0.47,-1.01,-3.98,3.00,37.70,101,011,0,0,1935,1982,1999,1847,1875,1962,42.65,34.3,3351,52.359,83.78,1
2026-09-01T21:22:53.391,43.666,2,1,1,44,484,7.5,76.0,-0.28,0.33,-0.12,0.68,0.17,0.23,-0.28,0.33,-1.41,-4.02,3.42,36.95,100,110,0,0,1927,1984,2000,1909,1967,1923,42.65,34.3,3351,52.359,83.78,1
2026-09-01T21:22:53.402,43.677,2,1,1,42,484,9.1,77.4,-0.27,-0.50,0.04,0.66,0.05,-0.13,-0.27,-0.50,-1.54,-4.33,4.03,37.64,110,101,0,0,1931,1985,1998,1903,1965,1965,42.65,34.3,3350,52.344,83.75,1
2026-09-01T21:22:53.414,43.689,2,1,1,42,484,8.7,72.6,-0.13,0.39,0.08,0.54,-0.36,-0.15,-0.13,0.39,-0.97,-4.28,4.59,37.07,110,011,0,0,1928,1992,1997,1889,1979,1947,42.65,34.3,3349,52.328,83.72,1
2026-09-01T21:22:53.425,43.701,2,1,1,41,484,10.0,75.2,0.00,-0.10,0.12,0.62,-0.35,0.39,0.00,-0.10,-0.48,-4.47,4.73,37.07,010,100,0,0,1934,1984,2001,1891,1980,1956,42.65,34.3,3350,52.344,83.75,1
2026-09-01T21:22:53.437,43.712,2,1,1,41,484,9.0,79.2,0.20,-0.19,0.04,0.74,-0.26,-0.60,0.20,-0.19,-0.03,-3.89,4.32,37.38,011,001,0,0,1927,1984,2004,1905,1979,1971,42.65,34.3,3348,52.312,83.70,1
2026-09-01T21:22:53.448,43.724,2,1,1,41,484,6.6,76.6,0.28,0.54,0.20,0.58,-0.02,-0.30,0.28,0.54,0.10,-3.68,3.56,36.72,001,010,0,0,1924,1984,2005,1894,2008,1904,42.65,34.3,3349,52.328,83.72,1
2026-09-01T21:22:53.460,43.735,2,1,1,41,484,5.8,78.1,0.22,-0.57,0.06,0.46,0.18,0.39,0.22,-0.57,-0.13,-4.16,2.86,37.56,001,100,0,0,1929,1982,2001,1888,1967,1967,42.65,34.3,3351,52.359,83.78,1
2026-09-01T21:22:53.472,43.747,2,1,1,41,484,5.4,70.8,0.06,0.02,0.04,0.62,0.31,-0.70,0.06,0.02,-0.59,-3.07,2.49,37.33,101,011,0,0,1930,1984,2001,1895,1995,1951,42.65,34.3,3344,52.250,83.60,1
2026-09-01T21:22:53.483,43.759,2,1,1,41,484,5.7,77.0,0.18,0.12,0.16,0.30,0.31,0.64,0.18,0.12,-1.07,-3.27,2.47,37.05,101,110,0,0,1931,1982,2003,1877,1968,1964,42.65,34.3,3347,52.297,83.67,1
2026-09-01T21:22:53.495,43.770,2,1,1,38,484,6.4,79.6,-0.23,-0.66,0.08,0.48,0.09,0.13,-0.23,-0.66,-1.31,-3.45,2.95,37.75,100,101,0,0,1930,1985,1995,1894,1972,1954,42.65,34.3,3351,52.359,83.78,1
2026-09-01T21:22:53.506,43.781,2,1,1,38,463,7.1,79.4,0.04,-0.19,0.22,0.16,0.29,0.65,0.04,-0.19,-1.35,-3.57,3.09,37.54,100,011,0,0,1927,1973,2007,1857,1921,1957,42.65,34.3,3344,52.250,83.60,1
2026-09-01T21:22:53.518,43.793,2,1,1,33,484,7.5,76.9,-0.14,0.18,0.04,0.58,-0.19,0.37,-0.14,0.18,-1.34,-4.08,3.32,36.98,110,110,0,0,1931,1989,1992,1899,1971,1941,42.65,34.3,3350,52.344,83.75,1
2026-09-01T21:22:53.529,43.805,2,1,1,33,484,6.5,75.1,0.05,-0.40,0.04,0.78,-0.42,-0.25,0.05,-0.40,-0.64,-4.17,3.40,37.59,110,101,0,0,1942,2000,1983,1910,1965,1975,42.65,34.3,3351,52.359,83.78,1
2026-09-01T21:22:53.542,43.817,2,1,1,28,484,7.1,69.3,0.02,0.47,0.06,0.60,0.05,-0.24,0.02,0.47,-0.94,-4.03,3.29,36.98,010,010,0,0,1930,1988,2000,1892,1984,1944,42.65,34.3,3422,53.469,85.55,1
2026-09-01T21:22:53.553,43.829,2,1,1,28,484,6.6,78.6,0.09,-0.52,0.06,0.48,-0.30,0.44,0.09,-0.52,-0.21,-4.52,3.10,37.56,010,100,0,0,1929,1987,1999,1891,1968,1955,42.65,34.3,3363,52.547,84.08,1
2026-09-01T21:22:53.565,43.840,2,1,1,28,484,5.5,68.1,0.02,0.38,0.00,0.92,-0.12,-0.96,0.02,0.38,0.17,-3.57,2.89,37.03,010,001,0,0,1931,1981,1989,1911,1973,1957,42.65,34.3,3419,53.422,85.47,1
2026-09-01T21:22:53.577,43.852,2,1,1,23,484,4.5,75.9,0.15,0.23,0.08,0.58,-0.07,0.90,0.16,0.02,0.15,-4.07,2.40,36.89,011,110,0,0,1931,1988,1999,1883,1969,2002,42.65,34.3,3360,52.500,84.00,1
2026-09-01T21:22:53.588,43.864,2,1,1,23,484,3.6,79.4,0.27,-0.30,-0.04,0.94,-0.19,-0.50,0.27,-0.30,0.63,-3.50,1.71,37.44,011,101,0,0,1931,1986,1999,1919,1952,1981,42.65,34.3,3361,52.516,84.03,1
2026-09-01T21:22:53.600,43.875,2,1,1,23,484,2.5,75.7,0.31,0.41,0.04,0.58,-0.07,-0.50,0.31,0.41,0.81,-3.12,0.90,37.05,011,011,0,0,1929,1988,2022,1887,1989,1937,42.65,34.3,3359,52.484,83.97,1
2026-09-01T21:22:53.612,43.887,2,1,1,23,484,2.5,71.8,0.11,-0.09,0.02,0.54,-0.21,0.35,0.11,-0.09,1.14,-3.38,0.51,37.29,011,100,0,0,1927,1981,2001,1888,1994,1962,42.65,34.3,3354,52.406,83.85,1
2026-09-01T21:22:53.623,43.899,2,1,1,23,484,3.3,78.5,0.11,-0.09,0.00,0.78,-0.23,-0.54,0.11,-0.09,1.53,-2.98,0.22,37.46,011,001,0,0,1929,1984,2002,1907,1983,1970,42.65,34.3,3353,52.391,83.83,1
2026-09-01T21:22:53.635,43.910,2,1,1,23,484,-3.8,79.3,0.11,0.13,0.06,-0.04,-0.13,0.70,0.11,0.13,1.77,-3.95,-0.05,37.39,011,010,0,0,1925,1984,2000,1868,1983,1939,42.65,34.3,3353,52.391,83.83,1
2026-09-01T21:22:53.646,43.922,2,1,1,23,463,-4.2,79.8,0.12,-0.53,0.18,0.44,-0.08,0.95,0.12,-0.62,1.96,-4.45,-0.32,37.64,011,100,0,0,1928,1981,1996,1884,1987,1956,42.65,34.3,3355,52.422,83.88,1
2026-09-01T21:22:53.658,43.933,2,1,1,23,484,-4.4,77.2,0.09,-0.17,0.12,0.62,-0.05,-0.51,0.09,-0.17,2.06,-3.94,-0.54,37.51,011,001,0,0,1928,1981,1994,1893,1988,1957,42.65,34.3,3353,52.391,83.83,1
2026-09-01T21:22:53.670,43.945,2,1,1,23,484,-4.4,70.3,0.08,0.52,0.04,0.62,-0.04,0.10,0.08,0.52,2.05,-4.31,-0.74,36.80,011,010,0,0,1928,1982,1995,1893,1967,2002,42.65,34.3,3354,52.406,83.85,1
2026-09-01T21:22:53.681,43.957,2,1,1,23,484,-4.4,79.0,0.07,-0.43,0.02,0.78,-0.02,0.23,0.07,-0.43,2.05,-4.77,-0.91,37.60,011,101,0,0,1931,1980,1992,1905,1973,1957,42.65,34.3,3355,52.422,83.88,1
2026-09-01T21:22:53.693,43.968,2,1,1,23,484,-4.3,78.3,0.05,0.48,0.00,0.66,0.01,-0.72,0.05,0.48,2.03,-3.85,-1.01,36.87,011,011,0,0,1919,1976,2008,1894,1990,1944,42.65,34.3,3354,52.406,83.85,1
2026-09-01T21:22:53.705,43.980,2,1,1,0,484,-4.3,78.1,-0.01,-0.19,0.20,0.28,0.02,0.99,-0.01,-0.24,2.04,-4.38,-1.01,37.06,011,110,0,0,1932,1977,1993,1875,1967,1960,42.65,34.3,3316,51.812,82.90,1
2026-09-01T21:22:53.716,43.991,2,1,1,0,484,-4.3,79.5,0.01,-0.40,0.08,0.78,-0.01,-0.42,0.01,-0.40,2.04,-3.66,-1.04,37.58,011,101,0,0,1928,1977,1993,1906,1960,1966,42.65,34.3,3316,51.812,82.90,1
2026-09-01T21:22:53.727,44.002,2,1,1,0,484,-4.3,76.4,0.04,0.37,0.08,0.54,0.00,-0.56,0.04,0.37,2.01,-3.01,-1.07,37.01,011,011,0,0,1928,1979,1995,1890,1988,1940,42.65,34.3,3314,51.781,82.85,1
2026-09-01T21:22:53.738,44.013,2,1,1,0,484,-4.2,78.2,-0.01,0.13,0.10,0.46,-0.01,0.29,-0.01,0.06,1.99,-3.18,-1.02,37.07,011,110,0,0,1926,1976,1997,1887,1967,1942,42.65,34.3,3315,51.797,82.88,1
2026-09-01T21:22:53.749,44.025,2,1,1,0,484,-4.2,79.9,-0.01,-0.65,0.08,0.52,0.01,-0.04,-0.01,-0.65,1.97,-3.24,-1.00,37.74,011,101,0,0,1924,1977,1995,1892,1963,1967,42.65,34.3,3315,51.797,82.88,1
2026-09-01T21:22:53.761,44.036,2,1,1,0,463,-4.3,79.0,0.02,-0.16,0.30,0.28,0.03,0.61,0.01,-0.15,1.98,-3.51,-1.02,37.53,011,011,0,0,1933,1977,1994,1865,1917,1956,42.65,34.3,3313,51.766,82.83,1
2026-09-01T21:22:53.772,44.047,2,1,1,0,484,-4.3,77.8,0.00,0.38,0.06,0.58,-0.02,0.33,0.00,0.34,2.01,-4.08,-1.00,36.93,011,110,0,0,1925,1977,1995,1894,1983,1939,42.65,34.3,3315,51.797,82.88,1
2026-09-01T21:22:53.783,44.058,2,1,1,0,484,-4.3,77.3,0.01,-0.58,0.12,0.54,-0.02,0.20,0.01,-0.55,2.01,-4.46,-1.00,37.64,011,101,0,0,1929,1978,1995,1895,1972,1948,42.65,34.3,3314,51.781,82.85,1
2026-09-01T21:22:53.794,44.070,2,1,1,0,484,-4.2,72.6,0.03,0.23,0.12,0.56,-0.03,-0.45,0.03,0.23,2.01,-4.01,-1.02,37.28,011,011,0,0,1929,1978,1995,1897,1965,1954,42.65,34.3,3311,51.734,82.78,1
2026-09-01T21:22:53.805,44.081,2,1,1,0,484,-4.3,70.3,-0.02,0.47,0.04,0.52,-0.03,0.06,-0.01,0.47,2.01,-4.28,-0.98,36.76,011,110,0,0,1930,1977,1995,1890,1967,2001,42.65,34.3,3314,51.781,82.85,1
2026-09-01T21:22:53.817,44.092,2,1,1,0,484,-4.2,70.1,0.00,-0.48,-0.04,0.54,0.01,0.03,0.00,-0.54,1.99,-4.37,-0.98,37.57,011,101,0,0,1928,1978,1995,1897,1960,1968,42.65,34.3,3309,51.703,82.72,1
2026-09-01T21:22:53.828,44.103,2,1,1,0,463,-4.3,74.6,0.02,-0.26,0.10,0.42,0.00,-0.29,0.02,-0.26,1.99,-4.00,-1.00,37.45,011,001,0,0,1930,1979,1995,1885,1980,1950,42.65,34.3,3314,51.781,82.85,1
2026-09-01T21:22:53.839,44.114,2,1,1,0,484,-4.3,72.2,-0.02,0.49,0.04,0.54,0.02,-0.09,-0.02,0.51,1.98,-3.88,-0.96,36.73,011,010,0,0,1921,1976,1996,1885,1987,1927,42.65,34.3,3313,51.766,82.83,1
2026-09-01T21:22:53.850,44.126,2,1,1,0,484,-4.2,74.9,-0.01,-0.64,0.08,0.46,0.02,0.00,0.00,-0.64,1.97,-3.74,-0.95,37.47,011,100,0,0,1927,1977,1995,1886,1962,1982,42.65,34.3,3316,51.812,82.90,1
2026-09-01T21:22:53.862,44.137,2,1,1,0,484,-4.3,75.2,0.01,-0.05,0.04,0.68,-0.04,-0.87,0.00,0.02,1.99,-2.92,-0.98,37.34,011,001,0,0,1933,1979,1996,1896,2000,1956,42.65,34.3,3313,51.766,82.83,1
2026-09-01T21:22:53.873,44.148,2,1,1,0,484,-4.3,74.5,0.00,0.49,0.04,0.54,0.00,-0.13,0.00,0.54,1.98,-3.10,-0.98,37.01,011,010,0,0,1933,1977,1989,1893,2003,1927,42.65,34.3,3313,51.766,82.83,1
2026-09-01T21:22:53.884,44.159,2,1,1,0,463,-4.3,78.9,-0.02,-0.89,0.14,0.08,0.00,1.15,-0.02,-0.83,1.98,-3.90,-0.97,37.70,011,100,0,0,1933,1977,1995,1869,1997,1958,42.65,34.3,3316,51.812,82.90,1
2026-09-01T21:22:53.895,44.171,2,1,1,0,484,-4.3,79.0,0.01,-0.19,0.10,0.68,0.03,-0.51,0.01,-0.10,1.99,-3.57,-0.98,37.55,011,001,0,0,1929,1978,1995,1897,1980,1956,42.65,34.3,3312,51.750,82.80,1
2026-09-01T21:22:53.907,44.182,2,1,1,0,484,-4.2,78.5,0.02,0.35,0.08,0.36,0.03,0.28,0.02,0.35,1.97,-3.98,-1.00,36.98,011,010,0,0,1929,1977,1995,1883,1980,1944,42.65,34.3,3314,51.781,82.85,1
2026-09-01T21:22:53.918,44.193,2,1,1,0,484,-4.3,79.8,0.00,-0.36,0.10,0.52,-0.02,0.56,0.00,-0.36,1.99,-4.44,-0.97,37.53,011,100,0,0,1927,1978,1995,1893,1966,1959,42.65,34.3,3316,51.812,82.90,1
2026-09-01T21:22:53.929,44.204,2,1,1,0,484,-4.3,78.8,0.02,-0.10,0.04,0.94,0.00,-0.43,0.02,-0.09,2.00,-3.99,-0.98,37.45,011,001,0,0,1929,1974,2010,1907,1976,1948,42.65,34.3,3313,51.766,82.83,1
2026-09-01T21:22:53.940,44.215,2,1,1,0,484,-4.3,78.4,0.01,0.37,0.04,0.46,-0.05,-0.02,0.01,0.37,2.00,-4.19,-1.01,36.99,011,010,0,0,1930,1979,1995,1887,1978,1946,42.65,34.3,3314,51.781,82.85,1
2026-09-01T21:22:53.951,44.227,2,1,1,0,484,-4.2,78.6,0.00,-0.09,0.08,0.62,0.02,0.23,0.00,-0.09,1.97,-4.37,-0.99,37.22,011,100,0,0,1940,1977,1989,1902,1966,1956,42.65,34.3,3315,51.797,82.88,1
2026-09-01T21:22:53.963,44.238,2,1,1,0,463,-4.2,73.5,0.02,-0.13,0.10,1.22,-0.01,-0.12,0.02,-0.34,1.99,-3.79,-1.00,37.43,011,001,0,0,1931,1978,1994,1907,1992,1888,42.65,34.3,3312,51.750,82.80,1
2026-09-01T21:22:53.974,44.249,2,1,1,0,484,-4.2,76.8,0.00,0.43,0.04,0.46,0.00,-0.25,0.00,0.43,1.99,-3.47,-0.99,36.89,011,010,0,0,1929,1975,1995,1890,1988,1934,42.65,34.3,3313,51.766,82.83,1
2026-09-01T21:22:53.985,44.260,2,1,1,0,484,-4.3,76.6,0.00,-0.03,0.12,0.82,0.00,0.32,0.00,-0.03,1.99,-3.61,-0.97,37.10,011,100,0,0,1926,1976,2009,1893,1982,1949,42.65,34.3,3315,51.797,82.88,1
2026-09-01T21:22:53.996,44.272,2,1,1,0,484,-4.2,76.9,0.03,-0.12,0.04,1.02,0.03,-0.62,0.03,-0.12,1.97,-3.02,-0.99,37.50,011,001,0,0,1929,1979,1995,1911,1972,1948,42.65,34.3,3313,51.766,82.83,1
2026-09-01T21:22:54.008,44.283,2,1,1,0,484,-4.3,71.3,0.03,0.34,0.08,0.38,-0.01,-0.14,0.03,0.34,2.00,-3.18,-0.99,37.12,011,010,0,0,1929,1979,2007,1879,1976,1940,42.65,34.3,3313,51.766,82.83,1
2026-09-01T21:22:54.019,44.294,2,1,1,0,484,-4.3,70.5,0.00,-0.01,0.04,0.60,-0.02,0.28,0.00,-0.01,1.99,-3.81,-0.98,37.21,011,100,0,0,1927,1976,1994,1900,2023,1972,42.65,34.3,3380,52.812,84.50,1
2026-09-01T21:22:54.030,44.305,2,1,1,0,484,-4.2,72.5,0.01,-0.34,0.32,0.70,0.02,-0.31,0.01,-0.34,1.96,-3.78,-0.97,37.62,011,101,0,0,1924,1977,1995,1898,1964,1958,42.65,34.3,3315,51.797,82.88,1
2026-09-01T21:22:54.042,44.317,2,1,1,0,484,-4.2,75.8,0.04,0.37,0.14,0.44,0.01,0.01,0.04,0.37,1.98,-4.00,-1.00,37.04,011,010,0,0,1929,1977,1995,1887,1976,1948,42.65,34.3,3312,51.750,82.80,1
2026-09-01T21:22:54.053,44.328,2,1,1,0,484,-4.2,76.5,-0.01,-0.19,0.08,0.58,0.03,0.56,-0.01,-0.19,1.97,-4.50,-0.97,37.22,011,100,0,0,1930,1977,1995,1889,1996,1956,42.65,34.3,3315,51.797,82.88,1
2026-09-01T21:22:54.064,44.340,2,1,1,0,484,-4.2,71.6,0.03,-0.27,0.12,0.86,0.01,-0.43,0.03,-0.25,1.98,-4.22,-0.99,37.57,011,001,0,0,1923,1977,2008,1903,1979,1911,42.65,34.3,3312,51.750,82.80,1
2026-09-01T21:22:54.075,44.351,2,1,1,0,484,-4.2,68.3,0.03,0.57,0.08,0.74,0.02,-0.46,0.02,0.55,1.98,-3.96,-1.00,36.83,011,010,0,0,1925,1980,1998,1897,1973,1959,42.65,34.3,3378,52.781,84.45,1
2026-09-01T21:22:54.086,44.362,2,1,1,0,484,-4.3,71.2,-0.02,-0.27,0.10,0.30,0.01,0.75,-0.02,-0.26,2.00,-4.44,-0.94,37.25,011,110,0,0,1927,1977,1995,1882,1967,1948,42.65,34.3,3316,51.812,82.90,1
2026-09-01T21:22:54.098,44.373,2,1,1,0,484,-4.3,70.7,0.02,-0.05,0.04,1.06,-0.03,-0.98,0.03,-0.05,2.02,-3.42,-0.98,37.34,011,101,0,0,1926,1979,1995,1925,1932,2000,42.65,34.3,3309,51.703,82.72,1
2026-09-01T21:22:54.109,44.384,2,1,1,0,484,-4.3,71.7,0.04,0.42,0.04,0.46,-0.02,-0.47,0.04,0.47,2.01,-3.17,-1.00,36.99,011,011,0,0,1927,1979,1993,1891,1988,1940,42.65,34.3,3314,51.781,82.85,1
2026-09-01T21:22:54.120,44.396,2,1,1,0,484,-4.2,73.6,0.00,-0.24,0.08,0.30,0.01,0.76,0.00,-0.26,1.97,-3.63,-0.97,37.43,011,110,0,0,1931,1977,1995,1882,1967,1950,42.65,34.3,3316,51.812,82.90,1
2026-09-01T21:22:54.131,44.407,2,1,1,0,484,-4.2,74.4,0.00,-0.39,0.02,0.72,0.02,-0.42,0.00,-0.26,1.97,-3.21,-0.96,37.58,011,101,0,0,1922,1978,1996,1902,1958,1982,42.65,34.3,3315,51.797,82.88,1
2026-09-01T21:22:54.143,44.418,2,1,1,0,463,-4.2,77.8,0.01,-0.10,0.18,-0.04,0.03,0.65,0.03,0.02,1.96,-3.78,-0.98,37.47,011,011,0,0,1931,1978,1995,1865,1944,1968,42.65,34.3,3313,51.766,82.83,1
2026-09-01T21:22:54.154,44.429,2,1,1,0,484,-4.3,76.8,0.00,0.19,0.44,0.66,0.02,0.37,0.00,0.15,1.98,-4.21,-0.96,36.99,011,110,0,0,1925,1976,1993,1896,1971,1935,42.65,34.3,3315,51.797,82.88,1
2026-09-01T21:22:54.165,44.441,2,1,1,0,484,-4.3,79.7,0.02,-0.53,0.12,0.68,0.00,0.10,0.02,-0.53,1.99,-4.39,-0.98,37.61,011,101,0,0,1931,1978,1995,1903,1962,1960,42.65,34.3,3314,51.781,82.85,1
2026-09-01T21:22:54.176,44.452,2,1,1,0,484,-4.2,78.8,0.02,0.29,0.08,0.58,-0.01,-0.27,0.02,0.34,2.00,-4.20,-0.98,37.14,011,011,0,0,1929,1978,1995,1894,1972,1951,42.65,34.3,3314,51.781,82.85,1
2026-09-01T21:22:54.188,44.463,2,1,1,0,463,-4.3,78.9,0.00,0.01,0.08,0.46,0.00,1.11,0.00,0.01,1.99,-4.79,-0.97,37.05,011,110,0,0,1931,1975,1993,1879,1978,1998,42.65,34.3,3316,51.812,82.90,1
2026-09-01T21:22:54.199,44.474,2,1,1,0,484,-4.3,77.6,0.01,-0.42,0.44,1.06,0.01,-0.13,0.02,-0.46,1.98,-4.39,-0.98,37.47,011,101,0,0,1928,1979,1995,1906,1980,1950,42.65,34.3,3316,51.812,82.90,1
2026-09-01T21:22:54.210,44.485,2,1,1,0,484,-4.3,78.1,0.01,0.25,0.10,0.52,-0.02,-0.71,0.01,0.25,2.00,-3.72,-1.00,37.18,011,011,0,0,1930,1978,1995,1892,1983,1948,42.65,34.3,3311,51.734,82.78,1
2026-09-01T21:22:54.221,44.497,2,1,1,0,484,-4.2,76.9,-0.01,0.25,0.04,0.54,0.02,0.47,-0.01,0.25,1.98,-3.96,-0.96,36.79,011,110,0,0,1926,1977,1995,1885,1971,1967,42.65,34.3,3314,51.781,82.85,1
2026-09-01T21:22:54.232,44.508,2,1,1,0,484,-4.3,78.5,0.01,-0.68,0.08,0.46,-0.01,-0.24,0.01,-0.68,2.00,-3.59,-0.95,37.67,011,101,0,0,1929,1978,1995,1894,1964,1960,42.65,34.3,3314,51.781,82.85,1
2026-09-01T21:22:54.244,44.519,2,1,1,0,484,-4.3,73.0,0.00,0.01,0.06,0.54,-0.02,-0.43,0.00,0.00,2.01,-2.95,-0.95,37.39,011,011,0,0,1935,1979,1994,1885,1950,1944,42.65,34.3,3312,51.750,82.80,1
2026-09-01T21:22:54.255,44.530,2,1,1,0,484,-4.2,75.8,0.00,0.28,0.08,0.62,0.03,0.37,0.00,0.28,1.97,-3.20,-0.97,36.89,011,110,0,0,1927,1977,1995,1887,1972,1972,42.65,34.3,3315,51.797,82.88,1
2026-09-01T21:22:54.266,44.541,2,1,1,0,484,-4.3,76.7,0.01,-0.69,0.14,0.36,0.00,0.09,0.01,-0.69,2.00,-3.33,-0.97,37.76,011,101,0,0,1930,1977,1993,1887,1971,1956,42.65,34.3,3314,51.781,82.85,1
2026-09-01T21:22:54.277,44.553,2,1,1,0,484,-4.3,70.2,0.02,0.15,0.08,0.70,-0.01,-0.64,0.02,0.04,2.00,-3.28,-0.98,37.39,011,011,0,0,1927,1978,1994,1903,1926,1928,42.65,34.3,3376,52.750,84.40,1
2026-09-01T21:22:54.289,44.564,2,1,1,0,484,-4.3,70.8,-0.02,0.35,-0.04,0.36,-0.04,0.26,-0.02,0.35,2.01,-4.08,-0.95,36.89,011,010,0,0,1929,1978,1995,1887,1976,1948,42.65,34.3,3312,51.750,82.80,1
2026-09-01T21:22:54.300,44.575,2,1,1,0,484,-4.2,74.8,-0.01,-0.35,0.04,0.74,0.02,0.17,-0.03,-0.33,1.97,-4.49,-0.95,37.55,011,100,0,0,1925,1977,1995,1905,1956,1958,42.65,34.3,3316,51.812,82.90,1
2026-09-01T21:22:54.311,44.586,2,1,1,0,484,-4.3,76.9,0.02,0.00,0.08,0.84,-0.01,-0.58,0.02,0.00,1.99,-4.07,-0.98,37.34,011,001,0,0,1927,1979,1995,1903,1988,1962,42.65,34.3,3314,51.781,82.85,1
2026-09-01T21:22:54.322,44.597,2,1,1,0,484,-4.2,77.3,-0.05,0.49,0.04,0.54,-0.03,-0.07,-0.05,0.49,2.01,-4.46,-0.93,36.82,011,010,0,0,1925,1976,1996,1887,1990,1927,42.65,34.3,3313,51.766,82.83,1
2026-09-01T21:22:54.333,44.608,2,1,1,0,484,-4.2,78.4,0.00,-0.10,0.08,0.90,0.03,0.02,0.00,-0.10,1.98,-4.35,-0.94,37.13,011,100,0,0,1926,1979,1995,1910,1946,1958,42.65,34.3,3316,51.812,82.90,1
2026-09-01T21:22:54.345,44.620,2,1,1,0,484,-4.2,79.0,0.02,-0.12,0.08,0.84,-0.01,-0.56,0.02,-0.12,1.99,-3.71,-0.97,37.28,011,001,0,0,1933,1979,1995,1900,1992,1952,42.65,34.3,3312,51.750,82.80,1
2026-09-01T21:22:54.356,44.632,2,1,1,0,484,-4.3,78.0,0.00,0.43,0.06,0.52,-0.01,-0.22,-0.03,0.45,1.98,-3.47,-0.97,36.77,011,010,0,0,1927,1975,1995,1887,1994,1924,42.65,34.3,3314,51.781,82.85,1
2026-09-01T21:22:54.367,44.643,2,1,1,0,484,-4.2,79.1,-0.01,-0.29,0.08,0.62,0.00,0.28,-0.01,-0.38,1.98,-3.64,-0.96,37.36,011,100,0,0,1928,1967,2011,1893,1964,1959,42.65,34.3,3316,51.812,82.90,1
2026-09-01T21:22:54.378,44.653,2,1,1,0,463,-4.2,79.8,0.03,-0.54,0.12,0.50,0.02,0.04,0.03,-0.54,1.96,-3.28,-0.98,37.76,011,001,0,0,1931,1978,2006,1880,1982,1928,42.65,34.3,3313,51.766,82.83,1
2026-09-01T21:22:54.390,44.665,2,1,1,0,484,-4.3,78.6,0.01,0.36,0.08,0.44,-0.04,-0.03,0.01,0.36,1.99,-3.05,-0.99,37.14,011,010,0,0,1930,1975,1995,1889,1980,1940,42.65,34.3,3314,51.781,82.85,1
2026-09-01T21:22:54.401,44.676,2,1,1,0,463,-4.2,78.6,0.01,-0.60,0.06,0.32,0.00,1.35,0.01,-0.75,1.98,-4.17,-0.98,37.68,011,100,0,0,1926,1975,2007,1867,2024,1954,42.65,34.3,3315,51.797,82.88,1
2026-09-01T21:22:54.412,44.687,2,1,1,0,484,-4.2,79.3,0.02,-0.15,0.06,0.76,-0.02,-0.39,0.02,-0.15,1.98,-3.84,-0.98,37.49,011,001,0,0,1929,1979,1995,1903,1976,1960,42.65,34.3,3313,51.766,82.83,1
2026-09-01T21:22:54.423,44.698,2,1,1,0,484,-4.2,74.8,0.01,0.39,0.06,0.40,0.04,0.07,0.01,0.39,1.97,-4.11,-0.98,37.01,011,010,0,0,1933,1979,1995,1887,1976,1948,42.65,34.3,3312,51.750,82.80,1
2026-09-01T21:22:54.438,44.713,2,1,1,0,484,-4.2,72.8,-0.01,-0.04,0.06,0.56,-0.01,0.34,-0.01,-0.04,1.97,-4.56,-0.96,37.14,011,100,0,0,1927,1976,1996,1891,1999,1955,42.65,34.3,3316,51.812,82.90,1
2026-09-01T21:22:54.446,44.721,2,1,1,0,484,-4.3,70.1,0.04,-0.24,0.10,0.92,-0.01,-0.49,0.04,-0.24,1.99,-4.39,-1.00,37.49,011,001,0,0,1945,1980,1989,1911,1977,1960,42.65,34.3,3379,52.797,84.47,1
2026-09-01T21:22:54.457,44.732,2,1,1,0,484,-4.2,69.0,0.02,0.56,0.04,0.78,0.02,-0.55,0.02,0.56,1.97,-4.00,-0.99,36.74,011,011,0,0,1944,1979,1989,1909,2002,1940,42.65,34.3,3307,51.672,82.67,1
2026-09-01T21:22:54.468,44.743,2,1,1,0,484,-4.3,72.7,-0.01,-0.27,0.10,0.28,0.01,0.77,-0.01,-0.26,1.99,-4.45,-0.95,37.20,011,110,0,0,1927,1977,1995,1879,1967,1951,42.65,34.3,3316,51.812,82.90,1
2026-09-01T21:22:54.479,44.755,2,1,1,0,484,-4.2,74.0,0.03,-0.32,0.04,0.86,0.02,-0.46,0.03,-0.25,1.96,-3.68,-0.98,37.55,011,101,0,0,1926,1979,1995,1908,1958,1972,42.65,34.3,3316,51.812,82.90,1
2026-09-01T21:22:54.491,44.766,2,1,1,0,484,-4.2,68.2,0.04,0.46,0.04,0.54,0.00,-0.45,0.04,0.46,1.98,-3.20,-1.00,36.96,011,011,0,0,1928,1979,1995,1891,1990,1940,42.65,34.3,3314,51.781,82.85,1
2026-09-01T21:22:54.502,44.777,2,1,1,0,484,-4.2,73.2,0.01,0.03,0.12,0.54,0.01,0.19,0.00,0.03,1.96,-3.36,-0.97,37.15,011,110,0,0,1929,1977,1995,1893,1966,1931,42.65,34.3,3315,51.797,82.88,1
2026-09-01T21:22:54.513,44.788,2,1,1,0,484,-4.3,75.7,0.00,-0.33,0.04,0.88,-0.02,-0.42,0.00,-0.21,1.99,-3.06,-0.96,37.62,011,101,0,0,1926,1977,2009,1906,1956,1966,42.65,34.3,3316,51.812,82.90,1
2026-09-01T21:22:54.524,44.799,2,1,1,0,463,-4.2,78.9,-0.01,-0.46,0.32,-0.26,0.09,1.50,-0.01,-0.46,1.95,-3.94,-0.95,37.70,011,011,0,0,1933,1978,1994,1839,1896,1972,42.65,34.3,3312,51.750,82.80,1
2026-09-01T21:22:54.535,44.811,2,1,1,0,484,-4.2,77.1,-0.02,0.29,0.04,0.62,-0.02,0.31,-0.01,0.24,1.99,-4.03,-0.93,37.07,011,110,0,0,1925,1977,1995,1903,1972,1930,42.65,34.3,3316,51.812,82.90,1
2026-09-01T21:22:54.547,44.822,2,1,1,0,484,-4.3,75.1,0.01,-0.41,0.02,0.72,0.00,-0.17,0.01,-0.33,2.00,-4.14,-0.97,37.54,011,101,0,0,1926,1979,1995,1903,1962,1966,42.65,34.3,3316,51.812,82.90,1
2026-09-01T21:22:54.559,44.834,2,1,1,0,484,-4.2,77.2,0.03,0.38,0.06,0.56,0.00,-0.17,0.03,0.38,1.98,-4.23,-0.99,37.08,011,011,0,0,1928,1978,1995,1892,1980,1948,42.65,34.3,3314,51.781,82.85,1
2026-09-01T21:22:54.569,44.845,2,1,1,0,463,-4.2,78.8,-0.01,-0.14,0.12,0.36,-0.02,1.08,0.00,-0.14,1.96,-5.02,-0.96,37.28,011,110,0,0,1927,1978,1997,1879,1980,1966,42.65,34.3,3316,51.812,82.90,1
2026-09-01T21:22:54.581,44.856,2,1,1,0,484,-4.2,79.5,0.02,-0.45,0.08,0.84,0.01,-0.27,0.02,-0.45,1.98,-4.42,-0.98,37.54,011,101,0,0,1943,1980,1987,1901,1982,1967,42.65,34.3,3315,51.797,82.88,1
2026-09-01T21:22:54.592,44.867,2,1,1,0,484,-4.2,78.8,0.02,0.37,0.08,0.56,0.00,-0.57,0.02,0.37,1.98,-3.81,-1.01,37.06,011,011,0,0,1934,1979,1989,1893,1991,1951,42.65,34.3,3314,51.781,82.85,1
2026-09-01T21:22:54.603,44.878,2,1,1,0,484,-4.2,78.4,-0.02,0.09,0.16,0.38,0.02,0.65,-0.02,0.00,1.98,-4.20,-0.95,36.99,011,110,0,0,1929,1976,1994,1877,1967,1959,42.65,34.3,3315,51.797,82.88,1
2026-09-01T21:22:54.614,44.889,2,1,1,0,484,-4.2,79.9,0.01,-0.50,0.06,0.64,0.02,-0.33,0.01,-0.50,1.97,-3.63,-0.96,37.70,011,101,0,0,1919,1975,2009,1895,1960,1960,42.65,34.3,3316,51.812,82.90,1
2026-09-01T21:22:54.626,44.901,2,1,1,0,484,-4.2,78.6,0.03,-0.02,0.20,0.46,-0.01,0.25,0.03,-0.05,1.98,-3.31,-0.99,37.31,011,011,0,0,1935,1980,1995,1879,1940,1949,42.65,34.3,3313,51.766,82.83,1
2026-09-01T21:22:54.636,44.912,2,1,1,0,484,-4.3,78.5,0.00,0.18,0.08,0.46,0.00,0.35,0.00,0.18,1.99,-3.35,-0.97,37.17,011,110,0,0,1929,1977,2009,1879,1967,1950,42.65,34.3,3316,51.812,82.90,1
2026-09-01T21:22:54.648,44.923,2,1,1,0,484,-4.2,79.7,0.00,-0.75,0.14,0.38,-0.02,0.42,0.00,-0.75,2.00,-3.68,-0.95,37.73,011,101,0,0,1927,1977,1995,1889,1972,1959,42.65,34.3,3316,51.812,82.90,1
2026-09-01T21:22:54.659,44.934,2,1,1,0,463,-4.2,79.0,0.01,-0.07,0.10,0.60,0.01,0.34,0.01,-0.07,1.99,-3.72,-0.97,37.42,011,011,0,0,1930,1977,1994,1878,1915,1949,42.65,34.3,3312,51.750,82.80,1
2026-09-01T21:22:54.670,44.946,2,1,1,0,484,-4.2,77.9,0.00,0.32,0.08,0.46,-0.02,0.35,0.00,0.32,1.98,-4.24,-0.97,36.95,011,110,0,0,1923,1977,1996,1885,1982,1950,42.65,34.3,3314,51.781,82.85,1
2026-09-01T21:22:54.682,44.957,2,1,1,0,484,-4.3,73.3,0.01,-0.46,0.02,0.90,-0.03,0.10,0.02,-0.46,1.99,-4.42,-0.97,37.54,011,101,0,0,1931,1979,1995,1903,2020,1928,42.65,34.3,3315,51.797,82.88,1
2026-09-01T21:22:54.693,44.968,2,1,1,0,484,-4.3,70.8,0.01,0.16,0.08,0.74,-0.02,-0.73,0.01,0.16,2.00,-4.00,-0.98,37.26,011,011,0,0,1927,1979,1994,1895,1955,1940,42.65,34.3,3312,51.750,82.80,1
2026-09-01T21:22:54.704,44.979,2,1,1,0,484,-4.2,68.9,0.00,0.37,0.14,0.46,0.01,0.06,0.00,0.39,1.98,-4.33,-0.99,36.83,011,110,0,0,1930,1975,1995,1888,1982,1938,42.65,34.3,3308,51.688,82.70,1
2026-09-01T21:22:54.715,44.991,2,1,1,0,484,-4.2,71.4,0.03,-0.18,0.36,1.08,0.01,-0.30,0.03,-0.18,1.95,-4.18,-1.00,37.28,011,100,0,0,1925,1979,1995,1915,1942,1975,42.65,34.3,3315,51.797,82.88,1
2026-09-01T21:22:54.726,45.002,2,1,1,0,463,-4.2,76.0,0.02,-0.32,0.08,0.38,-0.01,-0.26,0.02,-0.19,1.97,-3.80,-1.00,37.46,011,001,0,0,1929,1979,1995,1883,1980,1952,42.65,34.3,3313,51.766,82.83,1
2026-09-01T21:22:54.738,45.013,2,1,1,0,484,-4.2,72.2,-0.02,0.51,0.04,0.54,0.00,-0.27,-0.02,0.56,1.97,-3.39,-0.96,36.60,011,010,0,0,1923,1976,1996,1887,1995,1921,42.65,34.3,3313,51.766,82.83,1
2026-09-01T21:22:54.749,45.024,2,1,1,0,484,-4.2,75.0,-0.02,-0.31,0.04,0.78,-0.06,-0.15,-0.04,-0.31,1.98,-3.46,-0.96,37.39,011,100,0,0,1925,1979,1997,1903,1951,1967,42.65,34.3,3315,51.797,82.88,1
2026-09-01T21:22:54.760,45.035,2,1,1,0,484,-4.2,76.9,0.04,-0.17,0.16,0.60,0.00,-0.60,0.04,-0.07,1.97,-2.97,-1.01,37.62,011,001,0,0,1929,1979,1995,1893,1982,1952,42.65,34.3,3312,51.750,82.80,1
2026-09-01T21:22:54.771,45.047,2,1,1,0,484,-4.2,71.4,0.00,0.48,0.06,0.50,0.00,-0.04,0.00,0.48,1.98,-3.09,-0.99,36.86,011,010,0,0,1929,1978,1995,1891,1983,1928,42.65,34.3,3312,51.750,82.80,1
2026-09-01T21:22:54.783,45.058,2,1,1,0,463,-4.3,79.7,-0.02,-0.62,0.18,0.28,-0.02,1.02,-0.02,-0.62,1.99,-4.17,-0.96,37.67,011,100,0,0,1928,1977,1995,1880,2008,1935,42.65,34.3,3316,51.812,82.90,1
2026-09-01T21:22:54.794,45.069,2,1,1,0,484,-4.3,79.0,0.01,-0.06,0.06,0.78,-0.01,-0.73,0.01,0.06,2.00,-3.47,-0.97,37.34,011,001,0,0,1929,1979,1995,1908,1976,1969,42.65,34.3,3313,51.766,82.83,1
2026-09-01T21:22:54.805,45.080,2,1,1,0,484,-4.2,78.5,0.01,0.39,0.12,0.44,0.01,0.04,0.00,0.42,1.99,-3.94,-0.96,36.95,011,010,0,0,1933,1977,1995,1890,1983,1934,42.65,34.3,3314,51.781,82.85,1
2026-09-01T21:22:54.816,45.091,2,1,1,0,484,-4.3,78.9,-0.01,-0.33,0.08,0.50,0.01,0.59,-0.01,-0.33,1.99,-4.54,-0.95,37.44,011,100,0,0,1927,1977,1995,1885,1979,1965,42.65,34.3,3315,51.797,82.88,1
2026-09-01T21:22:54.827,45.103,2,1,1,0,463,-4.2,77.7,0.03,-0.29,0.08,0.78,0.02,-0.27,0.03,-0.27,1.97,-4.22,-0.99,37.59,011,001,0,0,1929,1979,1996,1899,1982,1944,42.65,34.3,3313,51.766,82.83,1
2026-09-01T21:22:54.839,45.114,2,1,1,0,484,-4.2,77.8,0.02,0.36,0.08,0.62,0.00,0.00,0.02,0.36,1.98,-4.07,-0.98,36.92,011,010,0,0,1924,1971,2007,1885,1964,1944,42.65,34.3,3311,51.734,82.78,1
2026-09-01T21:22:54.850,45.125,2,1,1,0,484,-4.2,78.2,-0.01,-0.23,0.08,0.40,0.00,0.39,-0.01,-0.23,1.99,-4.33,-0.95,37.29,011,100,0,0,1923,1974,2009,1887,1962,1944,42.65,34.3,3314,51.781,82.85,1
2026-09-01T21:22:54.861,45.136,2,1,1,0,484,-4.3,74.6,0.04,0.07,0.00,1.20,-0.04,-0.77,0.04,0.07,2.01,-3.47,-1.00,37.26,011,001,0,0,1929,1979,1995,1919,1964,1956,42.65,34.3,3311,51.734,82.78,1
2026-09-01T21:22:54.872,45.148,2,1,1,0,484,-4.2,72.5,0.03,0.29,0.10,0.62,0.02,-0.03,0.02,0.29,1.98,-3.31,-1.00,36.98,011,010,0,0,1935,1970,2026,1887,1950,1960,42.65,34.3,3311,51.734,82.78,1
2026-09-01T21:22:54.884,45.159,2,1,1,0,484,-4.2,75.8,0.00,-0.27,0.12,0.70,0.02,0.72,0.00,-0.27,1.96,-3.44,-0.98,37.25,011,100,0,0,1930,1977,1995,1893,2028,1964,42.65,34.3,3314,51.781,82.85,1
2026-09-01T21:22:54.895,45.170,2,1,1,0,484,-4.3,76.9,0.01,-0.05,0.04,0.92,-0.03,-0.61,0.01,-0.05,2.01,-2.94,-0.98,37.54,011,001,0,0,1929,1978,1994,1913,1961,1970,42.65,34.3,3312,51.750,82.80,1
2026-09-01T21:22:54.906,45.181,2,1,1,0,463,-4.2,70.4,0.00,-0.36,0.12,-0.58,0.07,1.50,0.00,-0.36,1.95,-4.09,-0.97,37.68,011,010,0,0,1929,1978,1996,1839,1927,1979,42.65,34.3,3314,51.781,82.85,1
2026-09-01T21:22:54.917,45.193,2,1,1,0,484,-4.2,69.2,0.01,0.04,0.44,0.74,0.04,0.27,0.01,0.05,1.96,-4.09,-0.95,37.30,011,110,0,0,1929,1978,1995,1903,1986,1938,42.65,34.3,3309,51.703,82.72,1
2026-09-01T21:22:54.929,45.204,2,1,1,0,484,-4.2,69.7,0.02,-0.33,0.04,0.76,0.03,-0.33,0.02,-0.33,1.96,-4.19,-0.96,37.55,011,101,0,0,1925,1978,1995,1903,1962,1966,42.65,34.3,3315,51.797,82.88,1
2026-09-01T21:22:54.940,45.215,2,1,1,0,484,-4.3,76.2,0.03,0.39,0.08,0.60,0.02,-0.16,0.03,0.44,1.99,-4.35,-1.00,37.07,011,011,0,0,1927,1979,1995,1891,1980,1950,42.65,34.3,3314,51.781,82.85,1
2026-09-01T21:22:54.951,45.226,2,1,1,0,484,-4.3,76.7,-0.02,0.07,0.08,0.50,-0.01,0.43,-0.01,0.01,2.02,-4.54,-0.96,36.98,011,110,0,0,1927,1976,1994,1887,1970,1943,42.65,34.3,3315,51.797,82.88,1
2026-09-01T21:22:54.962,45.237,2,1,1,0,484,-4.2,79.5,0.00,-0.59,0.30,0.76,0.04,-0.11,0.00,-0.59,1.98,-4.37,-0.98,37.65,011,101,0,0,1929,1978,1995,1895,1974,1963,42.65,34.3,3315,51.797,82.88,1
2026-09-01T21:22:54.973,45.249,2,1,1,0,484,-4.3,78.5,0.01,0.48,0.44,0.70,0.03,-0.59,0.01,0.48,1.99,-3.78,-0.99,36.97,011,011,0,0,1927,1979,1995,1897,1990,1948,42.65,34.3,3314,51.781,82.85,1
2026-09-01T21:22:54.985,45.260,2,1,1,0,484,-4.2,77.4,0.02,0.02,0.18,0.46,0.02,0.49,0.02,0.02,1.97,-4.09,-0.98,36.90,011,110,0,0,1929,1977,1995,1881,1971,1955,42.65,34.3,3315,51.797,82.88,1
2026-09-01T21:22:54.999,45.274,2,1,1,0,484,-4.3,79.8,0.00,-0.44,0.06,0.82,0.00,-0.44,0.02,-0.38,1.98,-3.44,-0.96,37.59,011,101,0,0,1925,1978,1995,1907,1951,1978,42.65,34.3,3315,51.797,82.88,1
2026-09-01T21:22:55.007,45.282,2,1,1,0,484,-4.3,78.7,0.03,0.00,0.12,0.46,0.01,0.13,0.03,0.00,1.98,-3.40,-0.99,37.34,011,011,0,0,1931,1978,1994,1875,1936,1952,42.65,34.3,3313,51.766,82.83,1
2026-09-01T21:22:55.018,45.294,2,1,1,0,484,-4.2,78.2,0.00,0.03,0.34,0.42,0.02,0.59,0.00,0.03,1.96,-3.64,-0.98,37.08,011,110,0,0,1925,1976,1995,1878,1967,1958,42.65,34.3,3315,51.797,82.88,1
2026-09-01T21:22:55.029,45.305,2,1,1,0,484,-4.2,79.2,0.01,-0.59,0.46,0.60,0.01,-0.16,0.01,-0.59,1.97,-3.36,-0.96,37.76,011,101,0,0,1927,1977,1995,1894,1967,1959,42.65,34.3,3316,51.812,82.90,1
2026-09-01T21:22:55.041,45.316,2,1,1,0,463,-4.3,75.9,0.01,-0.07,0.10,0.66,0.03,0.37,0.01,-0.10,1.99,-3.75,-0.98,37.50,011,011,0,0,1930,1977,1993,1879,1904,1948,42.65,34.3,3312,51.750,82.80,1
2026-09-01T21:22:55.052,45.328,2,1,1,0,484,-4.3,78.0,0.00,0.14,0.08,0.44,0.00,0.39,0.00,0.14,1.99,-4.25,-0.95,36.95,011,110,0,0,1932,1983,2013,1883,1976,1951,42.65,34.3,3316,51.812,82.90,1
2026-09-01T21:22:55.064,45.339,2,1,1,0,484,-4.3,79.0,0.00,-0.58,0.12,0.78,0.00,0.26,0.00,-0.58,1.99,-4.67,-0.96,37.62,011,101,0,0,1931,1979,2007,1895,1988,1932,42.65,34.3,3316,51.812,82.90,1
2026-09-01T21:22:55.075,45.350,2,1,1,0,484,-4.2,76.2,0.02,0.11,0.10,0.66,-0.01,-0.29,0.02,0.12,2.00,-4.21,-0.99,37.25,011,011,0,0,1931,1979,1994,1889,1960,1948,42.65,34.3,3312,51.750,82.80,1
2026-09-01T21:22:55.086,45.361,2,1,1,0,484,-4.2,76.8,0.00,0.17,0.08,0.42,0.03,0.58,0.00,0.17,1.97,-4.59,-0.97,36.91,011,110,0,0,1931,1978,1997,1879,1972,1994,42.65,34.3,3315,51.797,82.88,1
2026-09-01T21:22:55.097,45.372,2,1,1,0,484,-4.2,76.5,0.01,-0.35,0.06,1.10,-0.03,-0.14,0.01,-0.35,1.99,-4.24,-0.97,37.30,011,101,0,0,1929,1979,1995,1913,1994,1936,42.65,34.3,3315,51.797,82.88,1
2026-09-01T21:22:55.108,45.384,2,1,1,0,484,-4.2,71.7,0.03,-0.02,0.08,0.62,0.00,-0.93,0.03,-0.02,1.97,-3.49,-1.00,37.19,011,011,0,0,1928,1980,1996,1888,1953,1939,42.65,34.3,3312,51.750,82.80,1
2026-09-01T21:22:55.120,45.395,2,1,1,0,484,-4.2,70.7,-0.03,0.53,0.20,0.62,0.05,-0.20,-0.03,0.44,1.96,-3.51,-0.95,36.59,011,110,0,0,1927,1971,1993,1890,1968,1984,42.65,34.3,3314,51.781,82.85,1
2026-09-01T21:22:55.131,45.406,2,1,1,0,484,-4.2,70.7,-0.01,-0.57,0.08,0.56,-0.03,-0.10,-0.01,-0.62,1.99,-3.42,-0.95,37.65,011,101,0,0,1930,1978,1996,1896,1961,1966,42.65,34.3,3313,51.766,82.83,1
2026-09-01T21:22:55.142,45.417,2,1,1,0,463,-4.2,71.1,0.03,-0.15,-0.02,0.30,-0.02,-0.42,0.03,-0.02,1.97,-3.06,-1.00,37.51,011,011,0,0,1925,1980,1996,1881,1970,1953,42.65,34.3,3314,51.781,82.85,1
2026-09-01T21:22:55.153,45.429,2,1,1,0,484,-4.2,68.1,-0.01,0.45,0.16,0.56,-0.03,0.00,0.00,0.46,2.00,-3.18,-0.95,36.86,011,110,0,0,1930,1979,1995,1892,1970,1951,42.65,34.3,3388,52.938,84.70,1
2026-09-01T21:22:55.165,45.440,2,1,1,0,463,-4.2,75.0,-0.01,-0.76,-0.04,0.14,-0.02,0.72,-0.01,-0.78,2.00,-3.98,-0.95,37.70,011,100,0,0,1931,1977,1995,1879,1991,1948,42.65,34.3,3316,51.812,82.90,1
2026-09-01T21:22:55.176,45.451,2,1,1,0,484,-4.3,74.5,0.02,0.32,0.08,1.10,-0.02,-0.92,0.02,0.32,2.01,-3.48,-0.98,37.05,011,001,0,0,1926,1979,1995,1919,1988,1980,42.65,34.3,3314,51.781,82.85,1
2026-09-01T21:22:55.187,45.462,2,1,1,0,484,-4.2,76.9,0.01,0.47,0.08,0.54,0.00,0.17,0.01,0.47,1.96,-4.19,-0.98,36.94,011,010,0,0,1927,1977,1995,1891,1983,1940,42.65,34.3,3314,51.781,82.85,1
2026-09-01T21:22:55.198,45.473,2,1,1,0,484,-4.2,79.4,-0.01,-0.30,0.20,0.68,0.03,0.42,-0.01,-0.36,1.97,-4.64,-0.95,37.49,011,100,0,0,1927,1977,1995,1897,1975,1950,42.65,34.3,3315,51.797,82.88,1
2026-09-01T21:22:55.209,45.485,2,1,1,0,484,-4.2,79.5,0.03,-0.09,0.08,0.90,-0.02,-0.49,0.03,-0.06,1.99,-4.06,-0.98,37.42,011,001,0,0,1929,1978,1995,1906,1978,1956,42.65,34.3,3312,51.750,82.80,1
2026-09-01T21:22:55.221,45.496,2,1,1,0,484,-4.2,78.2,0.02,0.43,0.08,0.52,0.02,-0.16,0.02,0.43,1.96,-3.97,-1.00,36.79,011,010,0,0,1927,1977,1995,1889,1988,1930,42.65,34.3,3314,51.781,82.85,1
2026-09-01T21:22:55.232,45.507,2,1,1,0,484,-4.2,79.4,0.00,-0.40,0.10,0.46,0.03,0.29,0.00,-0.40,1.95,-4.40,-0.96,37.43,011,100,0,0,1927,1977,1996,1890,1947,1967,42.65,34.3,3315,51.797,82.88,1
2026-09-01T21:22:55.243,45.518,2,1,1,0,484,-4.2,78.2,0.03,0.12,0.12,1.22,-0.01,-0.79,0.03,0.12,1.98,-3.57,-0.98,37.22,011,001,0,0,1930,1979,1995,1918,1980,1967,42.65,34.3,3314,51.781,82.85,1
2026-09-01T21:22:55.254,45.530,2,1,1,0,484,-4.2,76.8,0.05,0.34,0.08,0.38,-0.01,-0.08,0.03,0.34,1.98,-3.37,-1.02,36.92,011,010,0,0,1927,1978,2009,1878,1976,1934,42.65,34.3,3314,51.781,82.85,1
2026-09-01T21:22:55.266,45.541,2,1,1,0,484,-4.2,76.8,0.01,-0.33,0.14,0.42,0.03,0.61,0.01,-0.43,1.96,-3.55,-0.98,37.41,011,100,0,0,1933,1977,1995,1883,1980,1960,42.65,34.3,3315,51.797,82.88,1
2026-09-01T21:22:55.277,45.552,2,1,1,0,484,-4.3,79.0,0.02,-0.12,0.04,0.74,-0.01,-0.54,0.02,-0.12,1.99,-3.06,-0.98,37.50,011,001,0,0,1929,1978,1992,1905,1972,1962,42.65,34.3,3313,51.766,82.83,1
2026-09-01T21:22:55.288,45.563,2,1,1,0,484,-4.2,76.0,0.02,-0.27,0.16,-0.48,0.03,1.19,0.01,-0.15,1.97,-4.14,-0.97,37.57,011,010,0,0,1931,1977,1993,1849,1952,1961,42.65,34.3,3312,51.750,82.80,1
2026-09-01T21:22:55.299,45.574,2,1,1,0,484,-4.2,71.9,0.00,0.24,0.02,1.02,-0.03,0.00,0.00,0.24,1.98,-3.99,-0.93,37.04,011,100,0,0,1928,1980,1996,1909,2031,1957,42.65,34.3,3312,51.750,82.80,1
2026-09-01T21:22:55.310,45.586,2,1,1,0,484,-4.2,69.7,0.02,-0.33,0.06,0.78,0.02,-0.48,0.02,-0.26,1.96,-4.06,-0.98,37.48,011,001,0,0,1927,1977,1996,1907,1970,1954,42.65,34.3,3377,52.766,84.42,1
2026-09-01T21:22:55.322,45.597,2,1,1,0,484,-4.2,72.6,0.03,0.46,0.46,0.62,0.04,-0.20,0.02,0.46,1.97,-4.15,-0.99,36.98,011,011,0,0,1927,1977,1995,1891,1981,1944,42.65,34.3,3313,51.766,82.83,1
2026-09-01T21:22:55.333,45.608,2,1,1,0,463,-4.2,72.3,-0.01,-0.29,0.12,0.26,0.04,1.11,-0.01,-0.29,1.95,-4.84,-0.96,37.28,011,110,0,0,1927,1977,1996,1877,1979,1959,42.65,34.3,3315,51.797,82.88,1
2026-09-01T21:22:55.344,45.619,2,1,1,0,484,-4.3,77.4,0.01,-0.56,0.16,0.70,-0.03,-0.21,0.01,-0.48,1.99,-4.30,-0.97,37.66,011,101,0,0,1930,1979,2009,1894,1967,1962,42.65,34.3,3316,51.812,82.90,1
2026-09-01T21:22:55.355,45.631,2,1,1,0,484,-4.3,77.2,0.02,0.45,0.08,0.62,-0.02,-0.57,0.02,0.45,2.00,-3.84,-0.99,37.00,011,011,0,0,1943,1990,1991,1898,1996,1948,42.65,34.3,3314,51.781,82.85,1
2026-09-01T21:22:55.366,45.642,2,1,1,0,484,-4.2,77.6,0.00,-0.07,0.08,0.38,0.04,0.54,0.00,-0.07,1.98,-4.18,-0.95,37.05,011,110,0,0,1926,1977,1995,1882,1972,1958,42.65,34.3,3315,51.797,82.88,1
2026-09-01T21:22:55.377,45.653,2,1,1,0,484,-4.3,79.1,0.01,-0.48,0.04,0.76,-0.03,-0.37,0.01,-0.36,1.99,-3.49,-0.96,37.62,011,101,0,0,1931,1985,2011,1900,1970,1972,42.65,34.3,3316,51.812,82.90,1
2026-09-01T21:22:55.389,45.664,2,1,1,0,484,-4.2,79.0,0.02,0.11,0.10,0.34,0.01,-0.12,0.02,0.11,1.96,-3.22,-1.00,37.34,011,011,0,0,1927,1977,1995,1879,1974,1946,42.65,34.3,3314,51.781,82.85,1
2026-09-01T21:22:55.400,45.676,2,1,1,0,484,-4.1,78.5,-0.01,-0.01,0.08,0.34,0.05,0.59,-0.01,-0.06,1.95,-3.45,-0.96,37.23,011,110,0,0,1932,1982,2013,1876,1974,1961,42.65,34.3,3316,51.812,82.90,1
2026-09-01T21:22:55.411,45.687,2,1,1,0,484,-4.2,79.7,0.00,-0.51,0.10,0.46,-0.01,-0.30,0.01,-0.51,2.00,-3.27,-0.97,37.71,011,101,0,0,1927,1977,1995,1896,1959,1978,42.65,34.3,3316,51.812,82.90,1
2026-09-01T21:22:55.422,45.698,2,1,1,0,463,-4.2,79.3,0.00,-0.12,0.30,0.30,0.02,0.60,0.00,-0.12,1.99,-4.05,-0.95,37.57,011,011,0,0,1927,1975,1994,1860,1906,1960,42.65,34.3,3312,51.750,82.80,1
2026-09-01T21:22:55.434,45.709,2,1,1,0,484,-4.3,77.9,-0.01,0.27,0.10,0.38,-0.03,0.38,-0.01,0.27,2.01,-4.25,-0.94,36.96,011,110,0,0,1927,1977,1993,1887,1975,1946,42.65,34.3,3315,51.797,82.88,1
2026-09-01T21:22:55.445,45.720,2,1,1,0,484,-4.2,77.1,0.01,-0.44,0.14,0.86,0.01,0.19,0.02,-0.57,1.98,-4.58,-0.97,37.62,011,101,0,0,1931,1979,1995,1903,1992,1930,42.65,34.3,3314,51.781,82.85,1
2026-09-01T21:22:55.456,45.732,2,1,1,0,484,-4.3,77.1,0.03,0.12,0.08,0.74,0.00,-0.43,0.03,0.12,2.00,-4.07,-0.99,37.22,011,011,0,0,1929,1979,1995,1891,1956,1944,42.65,34.3,3311,51.734,82.78,1
2026-09-01T21:22:55.468,45.743,2,1,1,0,484,-4.2,71.9,0.00,0.40,0.08,0.46,0.03,0.07,0.00,0.40,1.98,-4.32,-0.97,36.80,011,110,0,0,1932,1986,2010,1880,1969,2003,42.65,34.3,3315,51.797,82.88,1
2026-09-01T21:22:55.479,45.754,2,1,1,0,484,-4.2,70.9,0.00,-0.14,-0.08,1.00,-0.02,-0.32,0.00,-0.25,1.98,-4.11,-0.96,37.31,011,101,0,0,1923,1980,1996,1913,2009,1931,42.65,34.3,3314,51.781,82.85,1
2026-09-01T21:22:55.490,45.765,2,1,1,0,463,-4.2,71.9,0.02,-0.21,0.12,0.38,0.02,-0.34,0.02,-0.21,2.00,-3.70,-0.98,37.40,011,011,0,0,1927,1978,1993,1883,1976,1952,42.65,34.3,3377,52.766,84.42,1
2026-09-01T21:22:55.501,45.776,2,1,1,0,484,-4.2,70.7,-0.02,0.67,0.00,0.66,0.04,-0.38,-0.02,0.67,1.96,-3.53,-0.95,36.64,011,110,0,0,1918,1975,2010,1896,1987,1918,42.65,34.3,3389,52.953,84.72,1
2026-09-01T21:22:55.512,45.788,2,1,1,0,484,-4.2,72.6,0.00,-0.62,0.10,0.46,0.02,0.20,0.00,-0.60,1.97,-3.62,-0.96,37.70,011,101,0,0,1927,1979,1997,1885,1975,1973,42.65,34.3,3316,51.812,82.90,1
2026-09-01T21:22:55.524,45.799,2,1,1,0,484,-4.3,72.9,0.03,-0.04,0.14,0.60,-0.04,-0.71,0.03,-0.04,1.99,-2.94,-0.99,37.49,011,001,0,0,1925,1979,2007,1889,1988,1949,42.65,34.3,3313,51.766,82.83,1
2026-09-01T21:22:55.535,45.810,2,1,1,0,484,-4.2,73.1,0.00,0.33,0.08,0.38,0.01,0.29,0.00,0.33,1.96,-3.40,-0.99,37.06,011,010,0,0,1928,1975,1995,1884,1978,1948,42.65,34.3,3314,51.781,82.85,1
2026-09-01T21:22:55.546,45.821,2,1,1,0,463,-4.2,77.8,-0.02,-1.26,0.18,-0.34,-0.01,1.69,-0.01,-1.26,1.99,-4.65,-0.94,37.62,011,100,0,0,1931,1978,1995,1846,2031,1934,42.65,34.3,3316,51.812,82.90,1
2026-09-01T21:22:55.557,45.832,2,1,1,0,484,-4.2,76.6,0.02,0.25,0.02,0.98,-0.02,-0.84,0.02,0.35,1.99,-3.59,-0.96,37.09,011,001,0,0,1927,1980,1995,1919,1982,1980,42.65,34.3,3314,51.781,82.85,1
2026-09-01T21:22:55.568,45.844,2,1,1,0,484,-4.2,77.8,0.01,0.42,0.06,0.48,0.00,0.07,0.01,0.42,1.99,-4.26,-0.99,36.85,011,010,0,0,1929,1979,1995,1889,1982,1936,42.65,34.3,3314,51.781,82.85,1
2026-09-01T21:22:55.580,45.855,2,1,1,0,484,-4.3,79.4,-0.01,-0.35,0.12,0.58,0.00,0.54,-0.01,-0.35,1.99,-4.85,-0.96,37.40,011,100,0,0,1929,1973,1999,1891,1972,1951,42.65,34.3,3316,51.812,82.90,1
2026-09-01T21:22:55.591,45.866,2,1,1,0,463,-4.3,79.0,0.01,-0.18,0.06,0.84,-0.04,-0.38,0.01,-0.14,1.98,-4.48,-0.98,37.48,011,001,0,0,1931,1979,1997,1905,1983,1952,42.65,34.3,3313,51.766,82.83,1
2026-09-01T21:22:55.602,45.878,2,1,1,0,484,-4.2,77.6,0.02,0.38,0.16,0.46,0.00,0.00,0.02,0.38,1.97,-4.24,-0.99,36.77,011,010,0,0,1930,1977,1995,1886,1976,1932,42.65,34.3,3314,51.781,82.85,1
2026-09-01T21:22:55.614,45.889,2,1,1,0,484,-4.2,77.5,-0.01,-0.33,0.04,0.62,0.00,0.07,-0.01,-0.33,1.99,-4.20,-0.95,37.26,011,100,0,0,1927,1977,1995,1898,1951,1959,42.65,34.3,3316,51.812,82.90,1
2026-09-01T21:22:55.625,45.900,2,1,1,0,484,-4.2,78.9,0.04,0.16,0.12,1.08,-0.03,-0.90,0.04,0.24,1.97,-3.43,-1.01,37.17,011,001,0,0,1930,1979,1995,1918,1983,1982,42.65,34.3,3314,51.781,82.85,1
2026-09-01T21:22:55.636,45.911,2,1,1,0,484,-4.3,78.5,0.01,0.22,0.10,0.30,-0.02,0.09,0.01,0.22,2.00,-3.45,-1.00,37.03,011,010,0,0,1939,1977,1987,1882,1976,1944,42.65,34.3,3313,51.766,82.83,1
2026-09-01T21:22:55.647,45.923,2,1,1,0,484,-4.3,79.7,0.00,-0.63,0.14,0.30,-0.01,1.02,0.00,-0.63,1.99,-3.79,-0.97,37.71,011,100,0,0,1934,1979,2005,1874,1994,1972,42.65,34.3,3316,51.812,82.90,1
2026-09-01T21:22:55.659,45.934,2,1,1,0,484,-4.3,79.5,0.00,-0.22,0.08,0.72,0.00,-0.45,0.00,-0.22,2.01,-3.02,-0.96,37.62,011,001,0,0,1929,1979,1995,1895,1983,1948,42.65,34.3,3314,51.781,82.85,1
2026-09-01T21:22:55.670,45.945,2,1,1,0,484,-4.2,79.3,0.00,-0.02,0.10,-0.18,0.02,0.66,-0.01,0.10,1.97,-3.76,-0.96,37.42,011,010,0,0,1925,1975,2009,1862,1976,1940,42.65,34.3,3314,51.781,82.85,1
2026-09-01T21:22:55.681,45.956,2,1,1,0,463,-4.2,77.0,0.00,-0.40,0.04,0.64,-0.02,0.99,0.00,-0.40,2.00,-4.35,-0.96,37.43,011,100,0,0,1932,1978,1995,1889,2012,1958,42.65,34.3,3316,51.812,82.90,1
2026-09-01T21:22:55.692,45.968,2,1,1,0,484,-4.3,75.5,0.03,-0.26,0.06,0.76,-0.01,-0.25,0.02,-0.31,2.01,-4.07,-0.98,37.52,011,001,0,0,1931,1978,1993,1899,1980,1936,42.65,34.3,3312,51.750,82.80,1
2026-09-01T21:22:55.703,45.979,2,1,1,0,484,-4.3,75.8,0.02,0.45,0.08,0.58,-0.04,-0.12,0.02,0.45,2.00,-4.23,-0.99,37.00,011,010,0,0,1933,1978,1995,1893,1980,1945,42.68,34.3,3312,51.750,82.80,1
2026-09-01T21:22:55.715,45.990,2,1,1,0,463,-4.3,69.1,0.00,-0.18,0.06,0.40,0.00,0.65,-0.01,-0.18,1.99,-4.88,-0.96,37.36,011,100,0,0,1928,1980,1996,1886,1973,1944,42.68,34.3,3377,52.766,84.42,1
2026-09-01T21:22:55.726,46.001,2,1,1,0,484,-4.3,70.2,0.02,-0.37,0.12,0.76,-0.01,-0.50,0.02,-0.31,2.00,-4.21,-0.97,37.51,011,101,0,0,1929,1979,1994,1907,1956,1972,42.68,34.3,3309,51.703,82.72,1
2026-09-01T21:22:55.737,46.013,2,1,1,0,484,-4.3,71.1,0.01,0.49,0.08,0.62,0.00,-0.50,0.01,0.53,2.00,-3.79,-0.97,36.89,011,011,0,0,1930,1979,2009,1891,1992,1935,42.68,34.3,3314,51.781,82.85,1
2026-09-01T21:22:55.748,46.024,2,1,1,0,484,-4.2,72.7,0.01,-0.12,0.16,0.40,0.04,0.43,0.00,-0.12,1.95,-4.10,-0.98,37.14,011,110,0,0,1928,1978,1997,1887,1966,1940,42.68,34.3,3315,51.797,82.88,1
2026-09-01T21:22:55.762,46.038,2,1,1,0,484,-4.1,69.1,0.04,-0.23,0.04,0.86,0.03,-0.62,0.04,-0.23,1.94,-3.36,-1.00,37.56,011,101,0,0,1925,1979,1996,1907,1955,1975,42.68,34.3,3315,51.797,82.88,1
2026-09-01T21:22:55.771,46.046,2,1,1,0,484,-4.3,74.9,0.02,0.20,0.10,0.34,0.00,-0.15,0.02,0.25,1.99,-3.14,-0.98,37.26,011,011,0,0,1928,1979,1995,1879,1980,1944,42.68,34.3,3314,51.781,82.85,1
2026-09-01T21:22:55.782,46.057,2,1,1,0,484,-4.3,74.6,0.00,-0.06,0.20,0.30,-0.03,0.47,0.00,-0.09,2.01,-3.42,-0.98,37.26,011,110,0,0,1932,1977,1995,1887,1966,1940,42.68,34.3,3316,51.812,82.90,1
2026-09-01T21:22:55.793,46.069,2,1,1,0,484,-4.3,77.0,0.00,-0.37,0.06,0.70,-0.03,-0.37,0.01,-0.37,1.99,-3.08,-0.97,37.71,011,101,0,0,1926,1979,1995,1901,1966,1963,42.68,34.3,3316,51.812,82.90,1
2026-09-01T21:22:55.804,46.080,2,1,1,0,463,-4.3,79.1,0.00,-0.10,0.28,0.14,0.01,0.78,0.00,-0.04,1.99,-4.05,-0.96,37.57,011,011,0,0,1925,1975,2007,1861,1932,1964,42.68,34.3,3314,51.781,82.85,1
2026-09-01T21:22:55.816,46.091,2,1,1,0,484,-4.3,78.1,0.00,0.15,0.08,0.50,-0.03,0.42,0.00,0.15,2.00,-4.20,-0.96,37.01,011,110,0,0,1945,1979,1987,1892,1974,1951,42.68,34.3,3315,51.797,82.88,1
2026-09-01T21:22:55.827,46.102,2,1,1,0,484,-4.3,80.0,0.01,-0.56,0.40,0.82,0.00,0.19,0.01,-0.56,1.99,-4.52,-0.96,37.66,011,101,0,0,1929,1978,1994,1901,1976,1946,42.68,34.3,3314,51.781,82.85,1
2026-09-01T21:22:55.838,46.113,2,1,1,0,484,-4.3,78.4,0.03,0.13,0.12,0.52,0.00,-0.25,0.03,0.17,1.99,-4.13,-0.99,37.25,011,011,0,0,1930,1979,1995,1886,1972,1944,42.68,34.3,3314,51.781,82.85,1
2026-09-01T21:22:55.849,46.125,2,1,1,0,484,-4.3,78.6,-0.01,0.07,0.12,0.38,-0.01,0.76,-0.01,0.07,2.00,-4.65,-0.97,37.04,011,110,0,0,1927,1977,1996,1878,1967,1967,42.68,34.3,3315,51.797,82.88,1
2026-09-01T21:22:55.860,46.136,2,1,1,0,484,-4.3,76.5,0.01,-0.39,0.06,1.00,0.01,-0.02,0.02,-0.50,1.99,-4.23,-0.98,37.54,011,101,0,0,1928,1979,1995,1906,1983,1942,42.68,34.3,3315,51.797,82.88,1
2026-09-01T21:22:55.872,46.147,2,1,1,0,484,-4.2,75.1,0.02,0.02,0.14,0.48,-0.04,-0.34,0.02,0.12,2.00,-3.77,-0.98,37.32,011,011,0,0,1930,1979,1995,1887,1972,1950,42.68,34.3,3313,51.766,82.83,1
2026-09-01T21:22:55.883,46.158,2,1,1,0,484,-4.2,76.5,-0.03,0.30,0.10,0.46,-0.01,0.24,-0.03,0.30,1.96,-3.64,-0.96,36.69,011,110,0,0,1931,1977,1992,1885,1972,1966,42.68,34.3,3315,51.797,82.88,1
2026-09-01T21:22:55.894,46.169,2,1,1,0,484,-4.2,78.3,-0.01,-0.61,0.06,0.58,0.00,-0.30,-0.01,-0.61,1.98,-3.32,-0.96,37.71,011,101,0,0,1927,1977,1995,1896,1960,1962,42.68,34.3,3315,51.797,82.88,1
2026-09-01T21:22:55.905,46.181,2,1,1,0,484,-4.3,73.4,0.02,-0.01,0.16,0.40,-0.05,-0.38,0.03,0.08,1.99,-3.02,-0.98,37.45,011,011,0,0,1932,1979,1995,1885,1976,1949,42.68,34.3,3311,51.734,82.78,1
2026-09-01T21:22:55.917,46.192,2,1,1,0,484,-4.3,70.8,0.01,0.29,0.08,0.58,-0.05,0.35,0.01,0.29,2.01,-3.16,-0.97,36.92,011,110,0,0,1930,1978,1995,1887,1968,1992,42.68,34.3,3314,51.781,82.85,1
2026-09-01T21:22:55.928,46.203,2,1,1,0,463,-4.2,70.6,-0.01,-0.76,0.10,0.32,-0.03,0.45,0.00,-0.76,1.98,-3.91,-0.95,37.73,011,101,0,0,1928,1978,1996,1884,1992,1942,42.68,34.3,3313,51.766,82.83,1
2026-09-01T21:22:55.939,46.214,2,1,1,0,484,-4.3,69.9,0.02,0.42,0.00,1.06,-0.04,-1.02,0.02,0.36,2.01,-3.41,-0.98,36.98,011,001,0,0,1927,1982,1997,1919,1992,1973,42.68,34.3,3307,51.672,82.67,1
2026-09-01T21:22:55.950,46.225,2,1,1,0,484,-4.3,73.7,0.01,0.48,0.08,0.58,-0.01,0.19,0.01,0.48,1.99,-4.19,-0.97,36.94,011,010,0,0,1929,1978,1995,1893,1982,1936,42.68,34.3,3312,51.750,82.80,1
2026-09-01T21:22:55.963,46.238,2,1,1,0,484,-4.3,77.9,0.00,-0.34,0.06,0.70,0.00,0.38,0.00,-0.34,1.99,-4.65,-0.96,37.54,011,100,0,0,1929,1978,1995,1898,1974,1951,42.68,34.3,3315,51.797,82.88,1
2026-09-01T21:22:55.973,46.248,2,1,1,0,484,-4.2,75.9,0.02,0.00,0.10,0.86,0.00,-0.60,0.02,0.00,1.98,-4.08,-0.99,37.43,011,001,0,0,1929,1981,1995,1905,1983,1960,42.68,34.3,3314,51.781,82.85,1
2026-09-01T21:22:55.984,46.259,2,1,1,0,484,-4.3,77.6,0.01,0.35,0.10,0.46,0.01,-0.04,0.00,0.35,1.98,-4.02,-0.99,36.77,011,010,0,0,1925,1977,1994,1881,1979,1935,42.68,34.3,3313,51.766,82.83,1
2026-09-01T21:22:55.995,46.270,2,1,1,0,484,-4.3,78.8,-0.01,-0.16,0.08,0.78,0.01,0.07,-0.02,-0.20,2.00,-4.04,-0.95,37.21,011,100,0,0,1927,1977,1995,1906,1944,1960,42.68,34.3,3316,51.812,82.90,1
2026-09-01T21:22:56.006,46.282,2,1,1,0,484,-4.2,79.3,0.03,-0.18,0.10,0.78,0.01,-0.47,0.03,-0.18,1.97,-3.39,-1.01,37.40,011,001,0,0,1927,1981,1997,1898,1994,1954,42.68,34.3,3314,51.781,82.85,1
2026-09-01T21:22:56.018,46.293,2,1,1,0,484,-4.2,77.6,-0.01,0.38,0.08,0.42,-0.02,-0.08,-0.01,0.38,1.98,-3.12,-0.96,36.96,011,010,0,0,1925,1977,1995,1883,1987,1935,42.68,34.3,3313,51.766,82.83,1
2026-09-01T21:22:56.029,46.304,2,1,1,0,463,-4.2,79.3,-0.03,-0.63,0.10,0.30,-0.01,1.12,-0.02,-0.78,1.99,-3.76,-0.94,37.74,011,100,0,0,1931,1977,1995,1871,2006,1962,42.68,34.3,3316,51.812,82.90,1
2026-09-01T21:22:56.040,46.315,2,1,1,0,484,-4.2,79.2,0.01,-0.21,0.04,0.78,0.03,-0.37,0.01,-0.21,1.96,-2.93,-0.96,37.65,011,001,0,0,1929,1979,1995,1900,1983,1948,42.68,34.3,3312,51.750,82.80,1
2026-09-01T21:22:56.051,46.327,2,1,1,0,484,-4.3,77.8,0.01,0.22,0.10,0.20,-0.02,0.42,0.01,0.28,1.99,-3.62,-0.99,37.31,011,010,0,0,1929,1978,1995,1879,1972,1952,42.68,34.3,3313,51.766,82.83,1
2026-09-01T21:22:56.063,46.338,2,1,1,0,463,-4.3,78.2,0.01,-0.34,0.10,0.50,0.00,0.81,0.01,-0.34,1.99,-4.08,-0.96,37.48,011,100,0,0,1929,1977,1994,1883,2008,1952,42.68,34.3,3314,51.781,82.85,1
2026-09-01T21:22:56.074,46.349,2,1,1,0,484,-4.2,77.6,0.01,-0.28,0.04,0.84,0.01,-0.32,0.01,-0.28,1.99,-3.87,-0.97,37.57,011,001,0,0,1929,1978,1994,1901,1976,1936,42.68,34.3,3312,51.750,82.80,1
2026-09-01T21:22:56.085,46.360,2,1,1,0,484,-4.2,70.5,0.01,0.45,0.14,0.52,0.03,-0.17,0.00,0.44,1.98,-4.08,-0.98,37.04,011,010,0,0,1932,1978,1996,1890,1976,1944,42.68,34.3,3312,51.750,82.80,1
2026-09-01T21:22:56.096,46.371,2,1,1,0,484,-4.2,69.2,0.00,-0.01,0.08,0.60,0.03,0.33,0.00,-0.01,1.97,-4.32,-0.98,37.11,011,100,0,0,1929,1976,1996,1897,1984,1947,42.68,34.3,3310,51.719,82.75,1
2026-09-01T21:22:56.107,46.383,2,1,1,0,484,-4.2,71.6,0.00,-0.35,0.08,0.70,-0.01,-0.49,0.00,-0.35,1.96,-4.14,-0.96,37.65,011,101,0,0,1925,1979,1995,1899,1966,1971,42.68,34.3,3315,51.797,82.88,1
2026-09-01T21:22:56.119,46.394,2,1,1,0,484,-4.2,72.6,0.01,0.52,0.08,0.70,-0.03,-0.50,0.00,0.56,1.98,-3.72,-0.98,36.91,011,011,0,0,1926,1977,1995,1899,1997,1942,42.68,34.3,3314,51.781,82.85,1
2026-09-01T21:22:56.130,46.405,2,1,1,0,484,-4.2,73.9,0.00,-0.03,0.10,0.46,0.01,0.42,0.00,-0.03,1.98,-4.01,-0.96,37.06,011,110,0,0,1926,1978,1995,1887,1967,1943,42.68,34.3,3315,51.797,82.88,1
2026-09-01T21:22:56.141,46.417,2,1,1,0,484,-4.2,75.4,0.00,-0.32,0.10,0.86,0.00,-0.56,0.00,-0.15,2.00,-3.16,-0.97,37.43,011,001,0,0,1927,1978,1994,1911,1975,1930,42.68,34.3,3312,51.750,82.80,1
2026-09-01T21:22:56.153,46.428,2,1,1,0,484,-4.2,69.3,0.00,0.32,0.20,0.38,0.06,-0.19,0.00,0.34,1.96,-2.99,-0.96,37.08,011,010,0,0,1930,1978,1995,1884,1976,1942,42.68,34.3,3312,51.750,82.80,1
2026-09-01T21:22:56.164,46.439,2,1,1,0,484,-4.2,70.1,-0.01,-0.03,0.04,0.58,0.03,0.27,-0.01,-0.05,1.97,-3.28,-0.95,37.31,011,100,0,0,1927,1976,1994,1898,2021,1981,42.68,34.3,3376,52.750,84.40,1
2026-09-01T21:22:56.175,46.450,2,1,1,0,484,-4.2,71.8,0.03,-0.20,0.04,0.86,0.02,-0.64,0.03,-0.20,1.96,-3.09,-0.98,37.49,011,001,0,0,1923,1978,1996,1907,1966,1965,42.68,34.3,3377,52.766,84.42,1
2026-09-01T21:22:56.186,46.462,2,1,1,0,463,-4.2,75.7,0.00,0.00,0.12,0.06,0.04,0.69,0.00,0.12,1.95,-4.19,-0.95,37.45,011,011,0,0,1931,1975,1995,1871,1944,1968,42.68,34.3,3314,51.781,82.85,1
2026-09-01T21:22:56.198,46.473,2,1,1,0,484,-4.2,74.8,0.00,0.24,0.02,0.70,0.02,0.26,0.00,0.23,1.97,-4.36,-0.96,36.96,011,110,0,0,1923,1977,1996,1902,1967,1923,42.68,34.3,3315,51.797,82.88,1
2026-09-01T21:22:56.209,46.484,2,1,1,0,484,-4.2,78.9,0.01,-0.55,0.08,0.76,0.00,-0.04,0.01,-0.55,1.98,-4.44,-0.98,37.67,011,101,0,0,1929,1979,1995,1903,1966,1958,42.68,34.3,3316,51.812,82.90,1
2026-09-01T21:22:56.220,46.495,2,1,1,0,484,-4.2,78.8,0.02,0.18,0.08,0.42,0.00,-0.24,0.02,0.18,1.98,-4.12,-0.99,37.19,011,011,0,0,1931,1979,1995,1882,1982,1942,42.68,34.3,3314,51.781,82.85,1
2026-09-01T21:22:56.231,46.507,2,1,1,0,484,-4.2,78.8,-0.01,-0.01,0.12,0.38,-0.01,0.72,-0.01,-0.01,1.98,-4.75,-0.96,37.11,011,110,0,0,1926,1976,1995,1878,1971,1963,42.68,34.3,3315,51.797,82.88,1
2026-09-01T21:22:56.242,46.518,2,1,1,0,484,-4.3,79.5,0.01,-0.48,0.14,0.84,-0.01,0.00,0.01,-0.48,2.00,-4.33,-0.97,37.60,011,101,0,0,1933,1979,1994,1903,1980,1956,42.68,34.3,3316,51.812,82.90,1
2026-09-01T21:22:56.254,46.529,2,1,1,0,484,-4.3,78.3,0.02,0.04,0.10,0.40,-0.01,-0.39,0.02,0.04,2.00,-3.75,-0.98,37.23,011,011,0,0,1929,1978,2007,1877,1968,1936,42.68,34.3,3312,51.750,82.80,1
2026-09-01T21:22:56.265,46.540,2,1,1,0,484,-4.2,77.4,-0.01,0.24,0.18,0.46,0.03,0.43,-0.01,0.12,1.97,-3.83,-0.95,36.90,011,110,0,0,1939,1977,1990,1883,1971,1967,42.68,34.3,3315,51.797,82.88,1
2026-09-01T21:22:56.276,46.551,2,1,1,0,484,-4.3,79.1,0.00,-0.46,0.04,0.68,0.00,-0.35,0.00,-0.46,1.99,-3.38,-0.96,37.73,011,101,0,0,1945,1985,1987,1906,1972,1974,42.68,34.3,3316,51.812,82.90,1
2026-09-01T21:22:56.287,46.563,2,1,1,0,484,-4.3,77.3,0.03,0.09,0.12,0.54,0.00,-0.42,0.04,0.14,2.00,-2.95,-0.99,37.31,011,011,0,0,1929,1979,1995,1883,1972,1944,42.68,34.3,3314,51.781,82.85,1
2026-09-01T21:22:56.299,46.574,2,1,1,0,484,-4.3,78.1,0.00,0.35,0.08,0.54,0.00,0.24,0.00,0.35,1.99,-3.34,-0.94,36.90,011,110,0,0,1927,1977,1995,1893,1978,1940,42.68,34.3,3316,51.812,82.90,1
2026-09-01T21:22:56.310,46.585,2,1,1,0,484,-4.2,76.3,0.00,-1.07,0.14,-0.08,-0.02,1.01,0.00,-1.07,1.97,-4.57,-0.96,37.65,011,101,0,0,1929,1977,1997,1867,1996,1940,42.68,34.3,3315,51.797,82.88,1
2026-09-01T21:22:56.321,46.596,2,1,1,0,484,-4.3,71.7,0.02,0.22,0.04,1.02,-0.05,-0.57,0.02,0.22,1.99,-3.72,-0.96,37.12,011,011,0,0,1931,1978,1994,1911,1902,1932,42.68,34.3,3312,51.750,82.80,1
2026-09-01T21:22:56.332,46.607,2,1,1,0,484,-4.3,68.3,-0.01,0.56,0.04,0.62,-0.04,-0.10,-0.02,0.50,2.01,-4.14,-0.95,36.72,011,010,0,0,1929,1978,1996,1897,1979,1940,42.68,34.3,3307,51.672,82.67,1
2026-09-01T21:22:56.343,46.619,2,1,1,0,484,-4.2,73.3,0.00,-0.52,0.04,0.56,0.03,0.14,0.00,-0.49,1.98,-4.48,-0.96,37.57,011,100,0,0,1931,1978,1995,1892,1964,1975,42.68,34.3,3316,51.812,82.90,1
2026-09-01T21:22:56.355,46.630,2,1,1,0,463,-4.2,76.7,0.02,-0.09,0.10,0.70,0.01,-0.47,0.02,-0.09,1.98,-4.28,-1.00,37.47,011,001,0,0,1930,1979,1995,1898,1980,1956,42.68,34.3,3314,51.781,82.85,1
2026-09-01T21:22:56.366,46.641,2,1,1,0,484,-4.3,75.8,0.00,0.34,0.08,0.46,0.00,0.02,0.00,0.32,1.98,-4.23,-0.99,36.91,011,010,0,0,1932,1975,2011,1885,1982,1940,42.68,34.3,3314,51.781,82.85,1
2026-09-01T21:22:56.377,46.652,2,1,1,0,484,-4.2,77.7,0.00,-0.33,0.08,0.72,0.00,0.09,0.00,-0.33,1.97,-4.20,-0.96,37.41,011,100,0,0,1926,1978,1995,1900,1951,1967,42.68,34.3,3316,51.812,82.90,1
2026-09-01T21:22:56.391,46.666,2,1,1,0,484,-4.3,77.7,0.02,0.03,0.06,0.90,-0.01,-0.75,0.02,0.03,1.99,-3.44,-0.99,37.31,011,001,0,0,1934,1965,2011,1908,1998,1964,42.68,34.3,3314,51.781,82.85,1
2026-09-01T21:22:56.399,46.675,2,1,1,0,484,-4.3,76.7,0.03,0.42,0.04,0.46,-0.01,-0.18,0.03,0.42,1.99,-3.31,-0.99,36.82,011,010,0,0,1929,1977,1995,1887,1988,1919,42.68,34.3,3314,51.781,82.85,1
2026-09-01T21:22:56.411,46.686,2,1,1,0,484,-4.2,78.8,0.00,-0.55,0.08,0.46,0.00,0.27,0.00,-0.55,1.98,-3.56,-0.97,37.64,011,100,0,0,1927,1976,1995,1887,1967,1962,42.68,34.3,3316,51.812,82.90,1
2026-09-01T21:22:56.422,46.697,2,1,1,0,484,-4.2,78.7,0.05,0.00,0.12,0.84,-0.01,-0.69,0.05,0.00,1.97,-2.94,-1.02,37.41,011,001,0,0,1927,1978,1995,1906,1980,1966,42.68,34.3,3314,51.781,82.85,1
2026-09-01T21:22:56.433,46.709,2,1,1,0,484,-4.2,78.6,0.02,0.31,0.10,0.30,0.02,0.25,0.02,0.37,1.95,-3.59,-0.99,37.17,011,010,0,0,1929,1978,1997,1883,1988,1924,42.68,34.3,3312,51.750,82.80,1
2026-09-01T21:22:56.444,46.720,2,1,1,0,463,-4.2,79.5,0.01,-0.47,0.18,0.46,-0.02,0.97,0.01,-0.47,1.98,-4.30,-0.98,37.61,011,100,0,0,1935,1979,1995,1881,1994,1964,42.68,34.3,3316,51.812,82.90,1
2026-09-01T21:22:56.456,46.731,2,1,1,0,484,-4.2,79.7,0.00,-0.29,0.10,0.66,-0.01,-0.35,0.00,-0.29,1.98,-4.10,-0.97,37.57,011,001,0,0,1930,1978,1995,1896,1983,1948,42.68,34.3,3314,51.781,82.85,1
2026-09-01T21:22:56.467,46.742,2,1,1,0,484,-4.2,78.2,-0.03,0.49,0.04,0.54,-0.02,-0.04,-0.03,0.49,1.97,-4.30,-0.98,36.93,011,010,0,0,1925,1977,1995,1890,1983,1947,42.68,34.3,3313,51.766,82.83,1
2026-09-01T21:22:56.478,46.753,2,1,1,0,484,-4.3,75.1,0.00,-0.06,0.10,0.68,-0.02,0.46,0.00,-0.19,1.99,-4.54,-0.96,37.17,011,100,0,0,1928,1977,1995,1891,1980,1959,42.68,34.3,3315,51.797,82.88,1
2026-09-01T21:22:56.489,46.765,2,1,1,0,484,-4.2,73.0,0.01,-0.34,0.04,0.76,0.00,-0.32,0.01,-0.34,1.99,-4.12,-0.98,37.56,011,001,0,0,1927,1979,2007,1894,1980,1924,42.68,34.3,3313,51.766,82.83,1
2026-09-01T21:22:56.501,46.776,2,1,1,0,484,-4.3,75.1,0.00,0.63,0.04,0.74,0.00,-0.42,0.00,0.63,1.99,-3.76,-0.98,36.80,011,010,0,0,1925,1977,2007,1897,1998,1932,42.68,34.3,3313,51.766,82.83,1
2026-09-01T21:22:56.512,46.787,2,1,1,0,463,-4.3,69.4,0.00,-0.37,0.10,0.20,-0.02,0.92,0.00,-0.37,1.99,-4.38,-0.96,37.35,011,100,0,0,1928,1980,1996,1876,1973,1952,42.68,34.3,3314,51.781,82.85,1
2026-09-01T21:22:56.523,46.798,2,1,1,0,484,-4.2,70.1,0.03,0.00,0.10,1.10,0.00,-0.84,0.03,0.00,1.98,-3.23,-0.98,37.38,011,001,0,0,1939,1978,1988,1923,1978,1936,42.68,34.3,3312,51.750,82.80,1
2026-09-01T21:22:56.534,46.809,2,1,1,0,484,-4.2,70.4,0.02,0.12,0.34,0.22,0.04,0.24,0.01,0.16,1.97,-3.45,-0.98,37.26,011,010,0,0,1927,1978,1996,1871,1971,1943,42.68,34.3,3314,51.781,82.85,1
2026-09-01T21:22:56.545,46.821,2,1,1,0,484,-4.3,71.6,0.00,0.04,0.12,0.62,-0.02,0.11,0.00,0.04,2.01,-3.33,-0.95,37.22,011,110,0,0,1929,1978,1995,1902,1981,1944,42.68,34.3,3309,51.703,82.72,1
2026-09-01T21:22:56.557,46.832,2,1,1,0,484,-4.2,71.2,0.01,-0.31,0.04,0.78,0.03,-0.45,0.01,-0.26,1.99,-3.18,-0.95,37.52,011,101,0,0,1927,1979,1996,1908,1952,1978,42.68,34.3,3309,51.703,82.72,1
2026-09-01T21:22:56.568,46.843,2,1,1,0,463,-4.2,75.5,0.01,0.03,0.14,0.12,0.05,0.54,0.01,0.03,1.96,-3.83,-0.97,37.31,011,011,0,0,1930,1979,1995,1871,1950,1960,42.68,34.3,3312,51.750,82.80,1
2026-09-01T21:22:56.579,46.854,2,1,1,0,484,-4.2,75.2,0.00,0.15,0.02,0.62,0.00,0.32,0.00,0.11,2.00,-4.17,-0.95,37.09,011,110,0,0,1926,1975,1994,1900,1967,1932,42.68,34.3,3316,51.812,82.90,1
2026-09-01T21:22:56.591,46.867,2,1,1,0,484,-4.2,78.9,0.02,-0.54,0.08,0.76,0.02,-0.06,0.02,-0.50,1.97,-4.49,-0.97,37.66,011,101,0,0,1927,1979,1995,1900,1972,1956,42.68,34.3,3316,51.812,82.90,1
2026-09-01T21:22:56.601,46.877,2,1,1,0,484,-4.2,78.9,0.06,0.16,0.16,0.42,0.01,-0.17,0.06,0.23,1.98,-4.22,-1.04,37.19,011,011,0,0,1932,1979,1995,1882,1978,1944,42.68,34.3,3314,51.781,82.85,1
2026-09-01T21:22:56.613,46.888,2,1,1,0,484,-4.2,78.9,0.00,0.01,0.12,0.30,0.01,0.79,0.00,-0.07,1.97,-4.69,-0.98,37.14,011,110,0,0,1929,1976,1995,1878,1970,1964,42.68,34.3,3316,51.812,82.90,1
2026-09-01T21:22:56.624,46.899,2,1,1,0,484,-4.3,79.3,0.01,-0.45,0.30,0.90,0.00,-0.06,0.01,-0.45,1.99,-4.22,-0.98,37.55,011,101,0,0,1931,1979,1995,1902,1975,1958,42.68,34.3,3316,51.812,82.90,1
2026-09-01T21:22:56.635,46.910,2,1,1,0,484,-4.2,78.1,0.02,0.12,0.10,0.42,-0.03,-0.39,0.02,0.18,2.00,-3.65,-0.98,37.15,011,011,0,0,1927,1977,1995,1883,1983,1944,42.68,34.3,3314,51.781,82.85,1
2026-09-01T21:22:56.646,46.922,2,1,1,0,484,-4.2,77.1,-0.02,0.40,0.04,0.62,0.00,0.16,-0.02,0.27,1.98,-3.69,-0.93,36.81,011,110,0,0,1925,1976,2007,1885,1967,1943,42.68,34.3,3315,51.797,82.88,1
2026-09-01T21:22:56.658,46.933,2,1,1,0,484,-4.2,78.5,0.02,-0.63,0.04,0.52,-0.01,-0.21,0.01,-0.60,2.00,-3.39,-0.96,37.78,011,101,0,0,1930,1979,1995,1895,1966,1958,42.68,34.3,3316,51.812,82.90,1
2026-09-01T21:22:56.669,46.944,2,1,1,0,484,-4.2,76.6,0.03,0.07,0.48,0.58,0.02,-0.37,0.04,0.11,1.97,-3.08,-0.98,37.35,011,011,0,0,1931,1979,1995,1885,1964,1944,42.68,34.3,3313,51.766,82.83,1
2026-09-01T21:22:56.680,46.955,2,1,1,0,484,-4.3,78.1,0.00,0.35,0.04,0.50,-0.02,0.27,0.00,0.35,2.00,-3.35,-0.97,37.03,011,110,0,0,1926,1977,1995,1891,1982,1942,42.68,34.3,3315,51.797,82.88,1
2026-09-01T21:22:56.692,46.967,2,1,1,0,484,-4.2,80.0,0.01,-0.68,0.08,0.44,0.00,0.28,0.01,-0.68,1.99,-3.95,-1.00,37.73,011,101,0,0,1928,1978,1995,1891,1968,1964,42.68,34.3,3314,51.781,82.85,1
2026-09-01T21:22:56.703,46.978,2,1,1,0,463,-4.3,78.7,0.04,0.22,0.12,0.66,0.00,-0.05,0.04,0.22,1.99,-3.90,-0.99,37.17,011,011,0,0,1933,1979,1995,1890,1951,1954,42.68,34.3,3314,51.781,82.85,1
2026-09-01T21:22:56.714,46.989,2,1,1,0,463,-4.2,77.6,0.00,0.00,0.04,0.58,0.02,1.15,0.00,0.00,1.99,-4.54,-0.96,37.06,011,110,0,0,1929,1976,1995,1876,1970,2042,42.68,34.3,3315,51.797,82.88,1
2026-09-01T21:22:56.725,47.001,2,1,1,0,484,-4.2,78.2,0.02,-0.49,0.04,0.70,0.01,-0.15,0.02,-0.49,1.98,-4.54,-0.99,37.66,011,101,0,0,1930,1977,1995,1902,1960,1960,42.68,34.3,3315,51.797,82.88,1
2026-09-01T21:22:56.737,47.012,2,1,1,0,463,-4.3,75.3,0.03,0.18,0.06,0.62,-0.04,-0.39,0.03,0.18,1.99,-4.25,-0.99,37.30,011,011,0,0,1925,1981,1996,1891,1969,1959,42.68,34.3,3312,51.750,82.80,1
2026-09-01T21:22:56.748,47.023,2,1,1,0,484,-4.3,68.8,0.00,0.32,0.08,0.38,-0.04,0.13,0.00,0.32,2.00,-4.37,-0.97,36.92,011,110,0,0,1926,1980,1996,1882,1967,1957,42.68,34.3,3387,52.922,84.67,1
2026-09-01T21:22:56.759,47.034,2,1,1,0,484,-4.2,70.0,0.00,-0.32,0.00,0.78,0.01,-0.28,0.00,-0.32,1.97,-4.20,-0.96,37.41,011,101,0,0,1928,1979,2011,1904,1947,1967,42.68,34.3,3379,52.797,84.47,1
2026-09-01T21:22:56.770,47.046,2,1,1,0,484,-4.2,69.9,0.02,0.40,0.06,1.10,0.00,-1.03,0.03,0.30,1.99,-3.35,-0.98,36.98,011,001,0,0,1929,1981,1996,1917,2008,1970,42.68,34.3,3307,51.672,82.67,1
2026-09-01T21:22:56.781,47.057,2,1,1,0,484,-4.2,71.3,0.01,0.24,0.10,0.30,0.02,0.08,0.01,0.24,1.97,-3.55,-0.98,36.99,011,010,0,0,1930,1978,1995,1879,1980,1948,42.68,34.3,3314,51.781,82.85,1
2026-09-01T21:22:56.793,47.068,2,1,1,0,484,-4.2,74.2,0.00,-0.73,0.12,0.28,-0.03,0.39,-0.01,-0.73,1.95,-3.69,-0.95,37.75,011,100,0,0,1928,1978,1995,1878,1983,1966,42.68,34.3,3316,51.812,82.90,1
2026-09-01T21:22:56.804,47.079,2,1,1,0,484,-4.2,74.3,0.01,-0.07,0.12,0.60,0.01,-0.64,0.01,0.02,1.96,-2.94,-0.98,37.54,011,001,0,0,1927,1977,2007,1889,1982,1948,42.68,34.3,3312,51.750,82.80,1
2026-09-01T21:22:56.815,47.090,2,1,1,0,484,-4.2,74.6,0.00,0.29,0.08,0.22,0.02,0.36,0.00,0.29,1.95,-3.63,-0.97,37.18,011,010,0,0,1929,1977,1995,1883,1986,1928,42.68,34.3,3314,51.781,82.85,1
2026-09-01T21:22:56.826,47.102,2,1,1,0,463,-4.2,78.6,0.00,-0.66,0.12,0.38,0.03,0.90,0.00,-0.67,1.95,-4.49,-0.96,37.66,011,100,0,0,1927,1977,1995,1882,1986,1951,42.68,34.3,3316,51.812,82.90,1
2026-09-01T21:22:56.838,47.113,2,1,1,0,484,-4.3,79.3,0.02,-0.25,0.10,0.64,0.00,-0.48,0.02,-0.16,2.00,-4.08,-0.98,37.54,011,001,0,0,1929,1978,1993,1895,1978,1952,42.68,34.3,3313,51.766,82.83,1
2026-09-01T21:22:56.849,47.124,2,1,1,0,484,-4.2,78.4,0.00,0.50,0.04,0.56,0.03,0.01,0.00,0.50,1.96,-4.42,-0.98,36.89,011,010,0,0,1927,1959,2037,1891,1983,1935,42.68,34.3,3313,51.766,82.83,1
2026-09-01T21:22:56.860,47.135,2,1,1,0,484,-4.2,79.3,0.00,-0.30,0.06,0.48,-0.03,0.52,0.00,-0.30,1.99,-4.81,-0.96,37.38,011,100,0,0,1927,1977,1995,1893,1962,1956,42.68,34.3,3316,51.812,82.90,1
2026-09-01T21:22:56.871,47.146,2,1,1,0,484,-4.2,78.7,0.01,-0.32,0.10,0.68,-0.02,-0.37,0.02,-0.29,1.99,-4.33,-0.99,37.61,011,001,0,0,1931,1978,1994,1897,1981,1946,42.68,34.3,3313,51.766,82.83,1
2026-09-01T21:22:56.882,47.158,2,1,1,0,484,-4.3,78.0,0.01,0.64,0.12,0.74,-0.01,-0.33,0.01,0.64,2.01,-3.96,-0.99,36.77,011,010,0,0,1928,1977,1995,1903,1998,1926,42.68,34.3,3314,51.781,82.85,1
2026-09-01T21:22:56.894,47.169,2,1,1,0,484,-4.2,78.6,0.00,-0.40,0.48,0.58,0.03,0.59,0.00,-0.40,1.96,-4.30,-0.98,37.28,011,100,0,0,1929,1978,1995,1885,1977,1960,42.68,34.3,3314,51.781,82.85,1
2026-09-01T21:22:56.905,47.180,2,1,1,0,484,-4.2,76.9,0.03,0.01,0.10,0.88,-0.04,-0.78,0.03,0.09,1.99,-3.36,-0.98,37.32,011,001,0,0,1931,1979,1995,1918,1964,1980,42.68,34.3,3314,51.781,82.85,1
2026-09-01T21:22:56.916,47.191,2,1,1,0,484,-4.2,76.4,0.06,0.20,0.10,0.20,0.07,0.01,0.11,0.25,1.92,-3.30,-1.09,37.10,011,010,0,0,1930,1977,1997,1877,1978,1932,42.68,34.3,3313,51.766,82.83,1
2026-09-01T21:22:56.927,47.203,2,1,1,0,484,-4.3,78.2,0.00,-0.54,0.06,0.68,-0.02,0.99,0.00,-0.54,1.99,-3.61,-0.99,37.57,011,100,0,0,1931,1977,1995,1880,2020,1968,42.68,34.3,3313,51.766,82.83,1
2026-09-01T21:22:56.938,47.214,2,1,1,0,484,-4.2,77.9,0.01,-0.25,0.04,0.82,-0.03,-0.36,0.01,-0.25,1.99,-3.27,-0.98,37.52,011,001,0,0,1928,1979,1995,1900,1980,1942,42.68,34.3,3313,51.766,82.83,1
2026-09-01T21:22:56.950,47.225,2,0,0,0,484,-4.2,72.3,0.00,0.18,0.10,0.18,0.00,0.36,0.02,0.24,1.98,-3.87,-1.01,37.23,011,010,0,0,1931,1977,1995,1878,1969,1950,42.68,34.3,3312,51.750,82.80,1
2026-09-01T21:22:56.961,47.236,2,0,0,0,484,-4.2,70.5,0.00,0.14,0.28,0.82,0.03,0.16,0.00,0.10,1.97,-4.14,-0.98,37.04,011,100,0,0,1923,1980,1997,1905,2021,1961,42.68,34.3,3380,52.812,84.50,1
2026-09-01T21:22:56.972,47.247,2,0,0,0,484,-4.2,71.8,0.02,-0.35,0.08,0.74,0.02,-0.34,0.02,-0.35,1.98,-4.29,-1.01,37.67,011,101,0,0,1926,1978,1995,1901,1963,1966,42.68,34.3,3315,51.797,82.88,1
2026-09-01T21:22:56.983,47.259,2,0,0,0,484,-4.3,74.1,0.01,0.29,0.16,0.38,-0.03,-0.23,0.01,0.29,2.00,-4.13,-1.01,37.11,011,011,0,0,1933,1978,1995,1884,1982,1944,42.68,34.3,3312,51.750,82.80,1
2026-09-01T21:22:56.995,47.270,2,0,0,0,484,-4.2,76.2,-0.02,-0.08,0.08,0.38,0.04,0.56,-0.03,-0.10,1.97,-4.77,-0.98,37.20,011,110,0,0,1927,1976,1995,1884,1971,1946,42.68,34.3,3315,51.797,82.88,1
2026-09-01T21:22:57.006,47.281,2,0,0,0,484,-4.2,78.2,0.02,-0.55,0.16,0.74,0.01,-0.22,0.01,-0.50,1.97,-4.21,-1.02,37.67,011,101,0,0,1925,1977,1995,1897,1970,1966,42.68,34.3,3315,51.797,82.88,1
2026-09-01T21:22:57.128,47.403,2,0,0,-12,266,-4.7,28.0,-0.15,-0.36,0.08,0.30,-0.02,0.16,-0.15,-0.36,1.14,-1.11,-1.91,14.29,010,110,0,0,1932,1970,1999,1860,1953,1957,42.68,34.3,3333,52.078,83.33,1
2026-09-01T21:22:57.139,47.415,2,0,0,-12,248,-4.0,23.9,-0.07,0.01,0.06,-0.16,0.00,-0.21,-0.07,0.01,1.16,-0.88,-1.52,12.95,010,011,0,0,1934,1973,1998,1862,1969,1932,42.86,34.3,3330,52.031,83.25,1
2026-09-01T21:22:57.151,47.426,2,0,0,-12,231,-2.9,22.4,-0.13,-0.60,0.14,-0.08,-0.12,-0.41,-0.13,-0.60,1.34,-0.96,-0.77,11.91,110,101,0,0,1931,1980,2004,1863,1987,1948,42.86,34.3,3336,52.125,83.40,1
2026-09-01T21:22:57.162,47.438,2,0,0,-12,213,3.2,22.4,-0.12,-0.94,0.10,-0.44,-0.09,0.19,-0.12,-0.94,1.52,-1.07,0.35,10.58,110,110,0,0,1932,1978,2001,1848,1929,1969,42.86,34.3,3335,52.109,83.38,1
2026-09-01T21:22:57.174,47.449,2,0,0,-12,197,4.7,18.5,-0.07,-0.50,0.12,-0.16,-0.06,-0.39,-0.07,-0.50,1.62,-0.70,1.60,9.31,110,001,0,0,1932,1980,1998,1860,1997,1925,42.86,34.3,3333,52.078,83.33,1
2026-09-01T21:22:57.185,47.460,2,0,0,16,180,6.0,15.8,0.22,-0.66,0.14,-0.24,0.08,-0.05,0.22,-0.66,1.50,-0.80,2.42,7.93,010,110,0,0,1932,1979,1983,1856,1940,1964,42.86,34.3,3323,51.922,83.08,1
2026-09-01T21:22:57.196,47.472,2,0,0,16,159,6.7,15.7,0.25,-1.23,0.20,-0.26,0.09,-0.06,0.26,-1.14,1.34,-0.85,2.90,7.44,010,001,0,0,1931,1979,1981,1848,2011,1919,42.97,34.3,3321,51.891,83.03,1
2026-09-01T21:22:57.207,47.483,2,0,0,16,148,6.1,11.0,0.37,-0.42,0.14,-0.16,0.21,-0.27,0.39,-0.41,1.00,-0.45,2.72,5.29,010,010,0,0,1933,1976,1974,1857,1946,1925,42.97,34.3,3321,51.891,83.03,1
2026-09-01T21:22:57.219,47.494,2,0,0,17,128,5.2,8.9,0.16,-0.66,0.08,-0.12,-0.03,-0.43,0.16,-0.66,0.77,-0.62,2.39,4.27,011,100,0,0,1932,1986,1999,1860,1944,1972,42.97,34.3,3323,51.922,83.08,1
2026-09-01T21:22:57.230,47.505,2,0,0,17,117,5.0,6.4,0.22,-0.45,0.18,-0.04,-0.12,1.08,0.22,-0.42,1.14,-1.24,2.09,2.77,011,101,0,0,1931,1989,1997,1859,2030,1891,42.97,34.3,3318,51.844,82.95,1
2026-09-01T21:22:57.241,47.517,2,0,0,17,91,4.2,2.9,0.16,-0.53,0.06,-0.24,-0.05,-0.58,0.17,-0.45,1.29,-0.23,1.52,1.20,011,011,0,0,1933,1984,1994,1863,1994,1905,42.97,34.3,3321,51.891,83.03,1
2026-09-01T21:22:57.253,47.528,2,0,0,17,73,3.0,-1.0,0.11,-0.52,0.18,0.02,-0.14,-0.14,0.11,-0.52,1.41,-0.22,0.79,-0.38,011,010,0,0,1930,1981,1997,1862,1967,1910,42.97,34.3,3321,51.891,83.03,1
2026-09-01T21:22:57.264,47.539,2,0,0,17,73,-3.5,-3.7,0.11,-0.54,0.16,0.08,-0.14,0.25,0.11,-0.54,1.66,-0.31,-0.13,-1.85,011,010,0,0,1934,1981,1999,1868,1939,1931,43.07,34.3,3316,51.812,82.90,1
2026-09-01T21:22:57.275,47.550,2,0,0,17,73,-4.2,-5.7,0.03,-0.73,0.16,0.12,-0.12,-0.26,0.03,-0.73,1.86,0.01,-1.25,-3.15,011,010,0,0,1954,1980,1993,1874,1962,1914,43.07,34.3,3316,51.812,82.90,1
2026-09-01T21:22:57.286,47.561,2,0,0,17,73,-5.7,-8.2,-0.23,-0.74,0.16,0.18,0.01,-0.12,-0.24,-0.75,1.90,0.34,-2.02,-4.32,011,010,0,0,1940,1949,2036,1876,1953,1917,43.07,34.3,3315,51.797,82.88,1
2026-09-01T21:22:57.298,47.573,2,0,0,17,-16,-6.8,-10.7,-0.37,-0.78,0.16,0.14,0.02,0.24,-0.37,-0.78,1.90,-0.07,-2.63,-5.41,011,011,0,0,1931,1958,2002,1871,1935,1921,43.07,34.3,3323,51.922,83.08,1
2026-09-01T21:22:57.309,47.584,2,0,0,17,-19,-8.0,-11.8,-0.45,-0.65,0.18,0.14,0.02,-0.04,-0.45,-0.65,1.81,-0.59,-3.35,-6.00,011,001,0,0,1933,1954,2004,1873,1989,1907,43.07,34.3,3322,51.906,83.05,1
2026-09-01T21:22:57.320,47.595,2,0,0,-6,-25,-8.5,-12.7,-0.60,-0.68,0.16,0.10,0.24,0.22,-0.60,-0.68,1.50,-1.08,-3.80,-6.26,010,101,0,0,1932,1945,1998,1868,1992,1929,43.13,34.3,3330,52.031,83.25,1
2026-09-01T21:22:57.331,47.607,2,0,0,-6,-34,-6.6,-13.2,-0.86,-0.62,0.16,0.08,0.58,0.05,-0.86,-0.62,0.59,-1.06,-3.29,-6.47,010,100,0,0,1932,1933,1993,1867,1972,1959,43.13,34.3,3321,51.891,83.03,1
2026-09-01T21:22:57.342,47.618,2,0,0,-8,-54,-7.2,-14.2,-0.41,-0.43,0.12,0.14,-0.08,0.15,-0.45,-0.43,0.61,-1.25,-3.60,-6.81,110,110,0,0,1930,1969,2017,1869,1956,1960,43.13,34.3,3324,51.938,83.10,1
2026-09-01T21:22:57.354,47.629,2,0,0,-8,-62,-5.6,-15.7,-0.68,-0.40,0.04,0.14,0.20,0.04,-0.67,-0.41,0.34,-1.48,-2.84,-7.35,110,010,0,0,1923,1952,2042,1867,1941,1939,43.13,34.3,3324,51.938,83.10,1
2026-09-01T21:22:57.365,47.640,2,0,0,-11,-66,-5.3,-16.8,-0.33,-0.24,0.00,0.08,0.10,-0.19,-0.32,-0.23,0.16,-1.21,-2.76,-8.11,100,011,0,0,1929,1980,2006,1873,1971,1921,43.13,34.3,3324,51.938,83.10,1
2026-09-01T21:22:57.376,47.651,2,0,0,-11,-75,-4.1,-16.2,-0.37,-0.34,0.02,0.04,0.12,-0.20,-0.37,-0.34,-0.02,-0.84,-2.23,-8.20,100,101,0,0,1929,1980,2008,1869,1976,1944,43.13,34.3,3323,51.922,83.08,1
2026-09-01T21:22:57.387,47.663,2,0,0,-15,-79,-3.6,-16.6,-0.11,-0.35,0.02,0.02,0.31,0.12,-0.11,-0.35,-0.35,-0.79,-1.75,-7.87,101,100,0,0,1928,1983,2006,1867,1972,1952,43.10,34.3,3324,51.938,83.10,1
2026-09-01T21:22:57.398,47.674,2,0,0,-15,-82,-3.2,-14.7,-0.11,-0.12,0.06,0.16,0.27,0.07,-0.11,-0.12,-0.81,-1.05,-1.27,-7.84,101,110,0,0,1923,1982,2015,1864,1954,1938,43.10,34.3,3324,51.938,83.10,1
2026-09-01T21:22:57.410,47.685,2,0,0,-15,-81,-2.7,-16.9,-0.09,0.10,0.04,0.04,0.26,-0.05,-0.09,0.10,-1.26,-1.08,-0.52,-8.17,101,011,0,0,1929,1980,2002,1869,1972,1931,43.10,34.3,3323,51.922,83.08,1
2026-09-01T21:22:57.421,47.696,2,0,0,-15,-82,3.5,-16.0,-0.08,-0.10,0.02,0.02,0.23,-0.26,-0.08,-0.10,-1.64,-0.59,0.46,-7.70,101,001,0,0,1929,1980,2001,1869,1972,1939,43.10,34.3,3324,51.938,83.10,1
2026-09-01T21:22:57.432,47.708,2,0,0,-15,-80,4.5,-12.2,0.11,-0.23,0.04,0.02,0.08,-0.04,0.11,-0.23,-1.81,-0.40,1.42,-6.62,101,101,0,0,1931,1972,2001,1867,1969,1944,43.10,34.3,3325,51.953,83.12,1
2026-09-01T21:22:57.443,47.719,2,0,0,-15,-79,5.4,-11.3,0.34,-0.07,0.04,0.02,-0.08,0.26,0.35,-0.07,-1.72,-0.79,1.97,-5.44,101,110,0,0,1927,1960,2000,1863,1969,1941,43.10,34.3,3324,51.938,83.10,1
2026-09-01T21:22:57.455,47.730,2,0,0,-15,-74,6.1,-10.3,0.44,0.27,0.04,-0.10,-0.11,0.12,0.44,0.28,-1.55,-1.18,2.49,-4.77,101,010,0,0,1929,1955,2000,1863,1973,1939,43.10,34.3,3324,51.938,83.10,1
2026-09-01T21:22:57.466,47.741,2,0,0,-15,-69,7.3,-8.8,0.46,0.29,0.06,-0.02,-0.08,-0.11,0.46,0.29,-1.35,-1.20,3.20,-4.00,101,011,0,0,1931,1954,2002,1867,1971,1944,43.10,34.3,3324,51.938,83.10,1
2026-09-01T21:22:57.477,47.752,2,0,0,7,-64,8.8,-6.4,0.42,0.14,0.12,-0.02,-0.04,-0.32,0.41,0.14,-1.28,-0.86,4.14,-2.89,100,001,0,0,1933,1957,2017,1863,1966,1944,43.10,34.3,3314,51.781,82.85,1
2026-09-01T21:22:57.488,47.763,2,0,0,7,-64,10.1,-3.1,0.60,0.17,0.20,0.02,0.35,0.10,0.60,0.17,-1.64,-0.68,4.57,-1.24,100,001,0,0,1932,1946,2026,1864,1954,1946,43.10,34.3,3306,51.656,82.65,1
2026-09-01T21:22:57.499,47.775,2,0,0,9,-57,11.1,0.7,0.22,0.28,0.14,-0.02,-0.22,-0.31,0.20,0.28,-1.58,-0.06,5.24,0.35,110,101,0,0,1931,1981,1981,1861,1943,1943,43.10,34.3,3314,51.781,82.85,1
2026-09-01T21:22:57.511,47.786,2,0,0,12,-57,11.6,3.7,0.21,0.44,0.18,0.06,-0.46,0.03,0.21,0.45,-1.69,-0.24,5.35,1.87,010,101,0,0,1936,2008,1981,1868,1942,1950,43.10,34.3,3309,51.703,82.72,1
2026-09-01T21:22:57.522,47.797,2,0,0,12,-57,10.9,5.4,0.77,0.78,0.18,0.08,0.36,-0.26,0.80,0.79,-1.82,0.08,4.91,2.93,010,101,0,0,1933,1980,1951,1868,1923,1970,43.10,34.3,3308,51.688,82.70,1
2026-09-01T21:22:57.533,47.808,2,0,0,19,-57,10.2,7.0,0.42,0.99,0.10,0.04,-0.06,-0.30,0.42,0.99,-1.37,0.59,4.79,3.49,011,101,0,0,1930,2002,1982,1868,1914,1976,43.10,34.3,3306,51.656,82.65,1
2026-09-01T21:22:57.544,47.820,2,0,0,39,-57,8.5,8.9,0.29,0.85,0.10,0.14,-0.02,-0.22,0.29,0.85,-1.43,1.01,3.89,4.32,001,101,0,0,1929,1979,2007,1871,1919,1968,43.10,34.3,3315,51.797,82.88,1
2026-09-01T21:22:57.556,47.831,2,0,0,43,-57,7.6,11.0,0.18,0.74,0.10,0.20,0.11,0.24,0.17,0.75,-1.63,0.81,3.23,5.61,101,001,0,0,1927,1976,2016,1867,1923,1939,43.10,34.3,3321,51.891,83.03,1
2026-09-01T21:22:57.567,47.842,2,0,0,43,9,7.0,9.5,-0.08,1.57,0.04,0.22,0.02,0.83,-0.08,1.57,-1.75,-0.26,2.84,5.06,101,001,0,0,1927,1982,1992,1875,1881,1939,43.10,34.3,3322,51.906,83.05,1
2026-09-01T21:22:57.578,47.853,2,0,0,40,12,5.6,11.0,-0.14,1.02,0.02,0.10,-0.01,0.39,-0.14,1.04,-1.96,-0.72,2.22,5.66,100,011,0,0,1927,1986,1992,1871,1915,1993,43.10,34.3,3322,51.906,83.05,1
2026-09-01T21:22:57.589,47.865,2,0,0,40,16,5.7,11.9,-0.34,0.63,0.02,0.04,-0.26,0.13,-0.35,0.63,-1.64,-1.19,2.11,5.85,100,010,0,0,1927,2000,1992,1867,1973,1963,43.10,34.3,3322,51.906,83.05,1
2026-09-01T21:22:57.600,47.876,2,0,0,35,24,4.5,12.4,-0.31,0.43,0.02,0.06,-0.21,0.05,-0.31,0.43,-2.01,-1.86,1.35,5.74,110,110,0,0,1929,1994,1992,1869,1984,1928,43.10,34.3,3323,51.922,83.08,1
2026-09-01T21:22:57.612,47.887,2,0,0,35,49,3.4,13.4,-0.34,0.27,-0.02,0.02,-0.35,-0.21,-0.34,0.27,-1.46,-2.37,0.73,5.95,110,100,0,0,1930,1992,2003,1871,1953,1925,43.10,34.3,3329,52.016,83.22,1
2026-09-01T21:22:57.623,47.898,2,0,0,35,52,-2.8,14.2,-0.35,0.36,0.08,0.14,0.02,-0.33,-0.33,0.35,-1.31,-1.58,-0.29,6.63,110,101,0,0,1929,1983,2002,1873,1937,1945,43.10,34.3,3323,51.922,83.08,1
2026-09-01T21:22:57.634,47.910,2,0,0,35,55,-3.7,14.8,-0.45,0.38,0.06,0.14,-0.04,-0.41,-0.48,0.38,-1.27,-1.07,-1.28,7.03,110,001,0,0,1928,1991,2003,1872,1952,1963,43.10,34.3,3321,51.891,83.03,1
2026-09-01T21:22:57.646,47.921,2,0,0,35,59,-4.8,14.7,-0.68,0.40,0.06,0.08,-0.16,-0.24,-0.68,0.40,-1.02,-0.69,-2.01,6.98,110,011,0,0,1929,2003,2005,1868,1972,1954,43.10,34.3,3321,51.891,83.03,1
2026-09-01T21:22:57.657,47.932,2,0,0,35,64,-5.4,13.7,-0.84,0.28,0.04,0.00,-0.25,0.13,-0.83,0.28,-0.64,-0.81,-2.56,6.60,110,010,0,0,1930,2009,2005,1868,1972,1944,43.10,34.3,3321,51.891,83.03,1
2026-09-01T21:22:57.668,47.943,2,0,0,35,66,-6.1,12.8,-0.92,0.07,0.00,-0.08,-0.24,0.17,-0.92,0.07,-0.22,-1.11,-3.18,6.46,110,110,0,0,1930,2009,2005,1868,1972,1935,43.10,34.3,3323,51.922,83.08,1
2026-09-01T21:22:57.679,47.955,2,0,0,35,66,-7.3,12.6,-0.89,-0.08,0.12,0.08,-0.10,-0.16,-0.91,-0.08,0.01,-1.09,-4.01,6.55,110,100,0,0,1931,2004,2013,1869,1955,1946,43.10,34.3,3325,51.953,83.12,1
2026-09-01T21:22:57.690,47.966,2,0,0,-7,66,-8.7,11.8,-0.94,-0.05,0.10,0.04,0.23,-0.34,-0.94,-0.05,-0.23,-0.69,-4.62,6.42,100,101,0,0,1935,1989,2029,1871,1964,1952,43.10,34.3,3335,52.109,83.38,1
2026-09-01T21:22:57.702,47.978,2,0,0,-7,64,-8.9,10.4,-1.25,0.11,0.10,0.02,0.55,-0.29,-1.25,0.11,-1.12,-0.26,-4.24,5.64,100,001,0,0,1934,1984,2062,1863,1970,1940,43.10,34.3,3330,52.031,83.25,1
2026-09-01T21:22:57.714,47.989,2,0,0,-9,63,-10.9,7.5,-0.65,0.19,0.12,0.00,0.20,-0.07,-0.65,0.19,-1.35,-0.10,-5.22,4.04,101,011,0,0,1932,2014,1990,1864,1952,1952,43.10,34.3,3325,51.953,83.12,1
2026-09-01T21:22:57.725,48.000,2,0,0,-12,62,-12.1,4.9,-0.30,0.08,0.12,-0.02,-0.04,0.16,-0.30,0.08,-2.13,-0.44,-5.43,2.42,001,010,0,0,1935,1980,1974,1865,1960,1952,43.10,34.3,3324,51.938,83.10,1
2026-09-01T21:22:57.736,48.011,2,0,0,-19,58,-13.1,3.2,-0.54,-0.36,0.08,-0.14,0.91,0.06,-0.54,-0.36,-2.82,-0.73,-5.57,1.37,011,110,0,0,1932,2011,1959,1864,1953,1959,43.10,34.1,3331,52.047,83.28,1
2026-09-01T21:22:57.747,48.023,2,0,0,-19,53,-13.2,2.0,-1.05,-0.47,0.22,0.00,0.65,-0.14,-1.05,-0.47,-2.66,-0.84,-5.72,0.38,011,100,0,0,1935,1978,1933,1867,1952,1961,43.10,34.3,3330,52.031,83.25,1
2026-09-01T21:22:57.759,48.034,2,0,0,-41,53,-12.5,-2.3,-0.40,-0.31,0.12,-0.02,-0.23,0.26,-0.39,-0.31,-1.81,-0.97,-6.38,-0.72,010,100,0,0,1932,1967,2015,1865,1964,1952,43.07,34.1,3331,52.047,83.28,1
2026-09-01T21:22:57.770,48.046,2,0,0,-56,53,-13.1,-4.6,-0.34,-0.61,0.06,0.00,-0.03,0.08,-0.34,-0.61,-1.59,-1.18,-6.16,-1.83,100,100,0,0,1932,1991,2002,1864,1951,1969,43.07,34.1,3333,52.078,83.33,1
2026-09-01T21:22:57.782,48.057,2,0,0,-60,38,-12.9,-5.0,-0.24,-0.85,0.08,-0.06,0.18,-0.19,-0.24,-0.85,-1.82,-0.58,-5.88,-2.33,101,101,0,0,1931,1990,1994,1865,1997,1946,43.07,34.1,3342,52.219,83.55,1
2026-09-01T21:22:57.793,48.068,2,0,0,-60,-37,-13.2,-6.6,0.13,-0.78,0.06,0.00,0.08,-0.12,0.09,-0.79,-1.82,-0.27,-6.11,-3.27,001,100,0,0,1931,1978,1996,1867,1968,1968,43.07,34.1,3326,51.969,83.15,1
2026-09-01T21:22:57.804,48.080,2,0,0,-62,-37,-13.5,-7.6,0.00,-0.75,0.14,0.08,-0.27,-0.11,0.00,-0.75,-1.41,-0.28,-6.29,-3.90,011,100,0,0,1932,1967,2006,1868,1945,1979,43.07,34.1,3327,51.984,83.17,1
2026-09-01T21:22:57.815,48.091,2,0,0,-61,-37,-12.7,-7.6,-0.03,-1.02,0.06,0.04,-0.29,0.41,-0.03,-1.02,-0.83,-0.64,-6.04,-3.81,010,100,0,0,1928,1979,2018,1864,2004,1939,43.07,34.3,3321,51.891,83.03,1
2026-09-01T21:22:57.827,48.102,2,0,0,-61,-30,-10.4,-8.6,-0.24,-0.55,0.06,0.04,-0.19,0.05,-0.24,-0.55,-0.43,-1.06,-4.95,-3.97,110,110,0,0,1928,1982,2002,1868,1947,1967,43.07,34.3,3329,52.016,83.22,1
2026-09-01T21:22:57.838,48.113,2,0,0,-60,-30,-7.2,-8.9,-0.23,-0.46,0.06,0.08,0.09,-0.08,-0.23,-0.46,-0.52,-1.08,-3.37,-4.50,100,110,0,0,1928,1980,2001,1868,1939,1953,43.07,34.3,3329,52.016,83.22,1
2026-09-01T21:22:57.849,48.125,2,0,0,-57,-29,-4.5,-10.7,0.00,-0.41,0.02,0.04,0.31,-0.01,0.00,-0.41,-0.96,-1.01,-1.87,-5.03,101,010,0,0,1928,1975,2007,1872,1943,1943,43.07,34.3,3339,52.172,83.47,1
2026-09-01T21:22:57.861,48.136,2,0,0,-57,-29,-3.4,-11.0,0.26,-0.21,-0.02,0.04,0.20,0.17,0.26,-0.21,-1.14,-1.25,-1.18,-5.52,101,010,0,0,1927,1972,2011,1871,1949,1944,43.07,34.3,3333,52.078,83.33,1
2026-09-01T21:22:57.872,48.147,2,0,0,-50,-29,-2.5,-12.5,0.55,-0.27,0.10,0.20,-0.21,-0.18,0.55,-0.27,-1.14,-0.83,-0.34,-5.93,001,011,0,0,1928,1965,2023,1872,1971,1919,43.07,34.3,3339,52.172,83.47,1
2026-09-01T21:22:57.883,48.159,2,0,0,-50,-31,2.6,-12.5,0.34,-0.24,0.02,0.06,0.18,-0.20,0.33,-0.24,-1.23,-0.42,0.73,-5.94,001,001,0,0,1926,1976,2024,1863,1975,1923,43.07,34.3,3323,51.922,83.08,1
2026-09-01T21:22:57.895,48.170,2,0,0,-50,-41,4.7,-11.6,0.60,-0.28,0.04,0.00,0.04,-0.17,0.58,-0.28,-1.38,-0.19,1.74,-5.51,001,101,0,0,1929,1962,2024,1867,1973,1943,43.07,34.3,3323,51.922,83.08,1
2026-09-01T21:22:57.906,48.181,2,0,0,-33,-48,4.7,-10.0,0.94,-0.27,0.04,-0.02,-0.53,0.11,0.94,-0.27,-0.81,-0.27,2.21,-4.77,011,100,0,0,1929,1986,2031,1865,1969,1944,43.07,34.3,3327,51.984,83.17,1
2026-09-01T21:22:57.917,48.192,2,0,0,64,-51,6.2,-8.7,0.90,-0.09,0.04,0.00,-0.02,0.24,0.92,-0.08,-0.65,-0.66,2.89,-4.10,001,110,0,0,1928,1984,2032,1863,1971,1943,43.07,34.3,3320,51.875,83.00,1
2026-09-01T21:22:57.928,48.203,2,0,0,64,-51,6.8,-7.6,0.75,-0.24,0.12,0.06,-0.12,0.41,0.75,-0.24,-0.38,-1.16,3.52,-3.46,001,110,0,0,1932,1991,2017,1868,1974,1957,43.07,34.3,3308,51.688,82.70,1
2026-09-01T21:22:57.940,48.215,2,0,0,64,-49,7.0,-6.9,0.85,0.26,-0.04,-0.06,0.07,-0.04,0.85,0.28,-0.46,-1.17,3.56,-3.45,001,010,0,0,1930,2003,2011,1866,1975,1940,43.07,34.3,3316,51.812,82.90,1
2026-09-01T21:22:57.951,48.226,2,0,0,64,-44,6.7,-6.5,0.87,0.29,0.10,0.04,0.18,-0.11,0.89,0.29,-0.77,-1.28,3.25,-2.78,001,011,0,0,1932,2009,2007,1868,1974,1944,43.07,34.3,3315,51.797,82.88,1
2026-09-01T21:22:57.962,48.237,2,0,0,36,-44,7.8,-4.4,0.46,0.19,0.06,-0.02,0.09,-0.30,0.44,0.19,-1.01,-0.86,3.64,-1.90,101,011,0,0,1927,1962,2028,1860,1969,1939,43.07,34.3,3321,51.891,83.03,1
2026-09-01T21:22:57.973,48.249,2,0,0,36,-38,7.9,-1.9,0.44,0.14,0.10,0.02,0.07,-0.32,0.44,0.14,-0.82,-0.68,3.87,-0.74,101,001,0,0,1933,1977,2019,1867,1968,1946,43.07,34.3,3314,51.781,82.85,1
2026-09-01T21:22:57.984,48.260,2,0,0,29,-38,8.7,2.0,0.20,0.16,0.10,0.02,0.09,-0.37,0.20,0.16,-1.45,-0.12,3.87,0.96,100,001,0,0,1932,1964,2001,1866,1957,1957,43.07,34.3,3329,52.016,83.22,1
2026-09-01T21:22:57.996,48.271,2,0,0,29,-38,8.6,3.9,0.10,0.49,-0.02,-0.08,-0.21,-0.09,0.11,0.50,-1.28,0.01,4.33,2.13,100,001,0,0,1932,1980,1982,1867,1952,1962,43.07,34.3,3324,51.938,83.10,1
2026-09-01T21:22:58.007,48.282,2,0,0,26,-38,9.7,5.9,0.09,0.70,0.10,0.02,-0.13,-0.19,0.07,0.70,-0.99,0.32,4.55,3.09,110,001,0,0,1933,1982,1986,1867,1953,1972,43.07,34.3,3323,51.922,83.08,1
2026-09-01T21:22:58.018,48.294,2,0,0,26,-38,9.7,7.8,0.00,0.76,0.06,0.04,-0.07,-0.11,0.01,0.77,-0.85,0.56,4.71,3.98,110,001,0,0,1924,1975,2003,1862,1944,1968,43.07,34.3,3324,51.938,83.10,1
2026-09-01T21:22:58.029,48.305,2,0,0,24,11,9.5,9.2,0.01,0.92,0.02,0.00,-0.33,0.19,0.01,0.92,-0.34,0.34,4.57,4.86,010,011,0,0,1929,1987,1996,1872,1931,1985,43.07,34.3,3332,52.062,83.30,1
2026-09-01T21:22:58.041,48.317,2,0,0,31,11,7.3,8.8,0.15,1.28,0.08,0.14,-0.29,0.51,0.15,1.29,0.10,-0.39,3.87,4.62,011,011,0,0,1926,1984,2004,1869,1907,2003,43.07,34.3,3322,51.906,83.05,1
2026-09-01T21:22:58.053,48.328,2,0,0,31,13,5.3,10.2,0.27,0.64,0.12,0.12,-0.18,0.08,0.27,0.64,0.43,-0.72,2.45,5.22,011,010,0,0,1927,1984,2004,1868,1975,1959,43.07,34.3,3323,51.922,83.08,1
2026-09-01T21:22:58.064,48.339,2,0,0,34,17,1.8,10.6,0.23,0.60,0.04,0.04,0.02,0.92,0.23,0.60,0.47,-1.87,0.66,4.71,001,110,0,0,1925,1981,2000,1863,1975,1955,43.07,34.3,3323,51.922,83.08,1
2026-09-01T21:22:58.075,48.350,2,0,0,34,17,-1.6,11.5,-0.05,0.82,0.04,0.08,0.11,0.52,-0.03,0.84,0.29,-1.95,-0.76,5.16,001,110,0,0,1929,1983,1992,1871,2006,1939,43.07,34.3,3323,51.922,83.08,1
2026-09-01T21:22:58.086,48.361,2,0,0,34,24,-4.0,12.5,-0.15,0.36,0.10,0.16,0.15,0.05,-0.15,0.36,0.07,-2.21,-2.16,5.61,001,100,0,0,1931,1981,1986,1871,1976,1918,43.07,34.3,3318,51.844,82.95,1
2026-09-01T21:22:58.097,48.373,2,0,0,34,41,-6.1,12.9,-0.41,0.25,0.10,0.14,-0.17,-0.58,-0.41,0.25,0.24,-1.98,-3.20,5.90,001,101,0,0,1931,1957,1992,1871,1936,1962,43.07,34.3,3324,51.938,83.10,1
2026-09-01T21:22:58.109,48.384,2,0,0,34,45,-7.8,13.6,-0.47,0.36,0.12,-0.02,-0.20,-0.36,-0.49,0.35,0.60,-1.42,-4.01,6.33,001,001,0,0,1931,1955,1989,1870,1952,1959,43.07,34.3,3323,51.922,83.08,1
2026-09-01T21:22:58.120,48.395,2,0,0,34,51,-10.0,13.3,-0.51,0.40,0.14,0.02,0.12,-0.27,-0.48,0.39,0.57,-1.01,-5.15,6.26,001,011,0,0,1934,1971,1975,1868,1972,1952,43.07,34.3,3321,51.891,83.03,1
2026-09-01T21:22:58.131,48.406,2,0,0,-10,56,-10.6,12.4,-0.92,0.32,0.24,0.02,0.67,0.07,-0.92,0.32,-0.34,-1.04,-5.66,5.85,011,010,0,0,1937,1981,1951,1864,1970,1938,43.07,34.3,3329,52.016,83.22,1
2026-09-01T21:22:58.142,48.418,2,0,0,-13,58,-11.6,12.0,-0.37,0.10,0.08,0.00,-0.20,0.18,-0.37,0.10,-0.77,-1.33,-5.95,5.60,010,110,0,0,1932,1958,2011,1868,1971,1937,43.07,34.3,3332,52.062,83.30,1
2026-09-01T21:22:58.154,48.429,2,0,0,-17,59,-11.5,12.0,-0.40,-0.16,0.06,0.00,-0.31,-0.02,-0.40,-0.16,-1.24,-1.42,-5.62,5.61,110,100,0,0,1934,1982,2016,1870,1958,1945,43.07,34.3,3332,52.062,83.30,1
2026-09-01T21:22:58.165,48.440,2,0,0,-25,57,-10.8,11.7,-0.75,-0.12,0.22,0.10,0.88,-0.18,-0.75,-0.12,-1.90,-1.19,-4.83,5.46,100,101,0,0,1931,1940,2056,1863,1962,1944,43.07,34.3,3334,52.094,83.35,1
2026-09-01T21:22:58.176,48.452,2,0,0,-25,56,-10.6,10.6,-0.91,-0.07,0.14,0.04,0.39,-0.28,-0.91,-0.07,-1.93,-0.77,-4.68,5.02,100,001,0,0,1934,1984,2032,1868,1973,1947,43.07,34.3,3329,52.016,83.22,1
2026-09-01T21:22:58.188,48.463,2,0,0,-47,54,-10.1,7.5,-0.20,0.13,0.14,0.04,-0.11,-0.04,-0.20,0.13,-1.86,-0.50,-5.16,3.74,101,011,0,0,1929,1984,1984,1864,1973,1945,43.07,34.3,3338,52.156,83.45,1
2026-09-01T21:22:58.199,48.475,2,0,0,-49,54,-12.0,3.6,0.07,0.16,0.16,0.04,-0.24,-0.08,0.07,0.16,-1.68,-0.20,-5.83,1.85,001,011,0,0,1929,1964,2006,1864,1971,1939,43.07,34.3,3331,52.047,83.28,1
2026-09-01T21:22:58.211,48.486,2,0,0,-50,49,-12.8,0.9,-0.04,-0.11,0.10,-0.12,-0.24,0.10,-0.04,-0.11,-1.21,-0.34,-6.07,0.18,011,010,0,0,1935,1968,2005,1863,1955,1943,43.07,34.3,3337,52.141,83.42,1
2026-09-01T21:22:58.222,48.497,2,0,0,-51,49,-12.2,-3.1,-0.18,-0.11,0.08,-0.04,-0.28,0.21,-0.18,-0.11,-0.69,-0.62,-5.78,-1.30,010,010,0,0,1931,1975,2008,1866,1951,1943,43.07,34.3,3329,52.016,83.22,1
2026-09-01T21:22:58.233,48.509,2,0,0,-53,49,-10.3,-5.2,-0.28,-0.51,0.10,0.04,-0.15,-0.13,-0.28,-0.51,-0.38,-0.61,-4.89,-2.48,110,010,0,0,1932,1984,2003,1868,1957,1920,43.07,34.3,3332,52.062,83.30,1
2026-09-01T21:22:58.245,48.520,2,0,0,-54,-112,-7.7,-6.0,-0.22,-0.68,-0.02,-0.06,0.11,0.10,-0.22,-0.68,-0.50,-0.66,-3.60,-3.10,100,010,0,0,1929,1980,2001,1868,1938,1932,43.07,34.3,3329,52.016,83.22,1
2026-09-01T21:22:58.256,48.531,2,0,0,-52,-112,-4.9,-7.9,-0.19,-0.42,0.04,0.06,0.30,0.13,-0.19,-0.42,-0.87,-0.58,-2.17,-3.98,101,010,0,0,1928,1975,2012,1868,1942,1955,43.07,34.3,3323,51.922,83.08,1
2026-09-01T21:22:58.267,48.542,2,0,0,-52,-112,-4.2,-8.8,0.22,-0.65,0.00,0.04,0.08,0.41,0.22,-0.66,-1.17,-1.11,-1.60,-4.21,101,010,0,0,1923,1972,2020,1865,1926,1968,43.07,34.3,3325,51.953,83.12,1
2026-09-01T21:22:58.278,48.554,2,0,0,-45,-51,-3.3,-9.9,0.47,-0.30,0.04,0.10,-0.03,-0.34,0.47,-0.30,-1.45,-1.25,-0.65,-4.56,001,011,0,0,1928,1968,2017,1870,1978,1913,43.07,34.3,3328,52.000,83.20,1
2026-09-01T21:22:58.290,48.565,2,0,0,-45,-51,-2.5,-9.5,0.38,-0.58,0.04,0.10,0.12,0.54,0.35,-0.58,-1.22,-0.89,0.01,-4.69,001,011,0,0,1932,1978,2007,1874,1917,1947,43.07,34.3,3318,51.844,82.95,1
2026-09-01T21:22:58.301,48.576,2,0,0,-45,-41,3.8,-10.0,0.42,-0.26,-0.06,-0.04,0.15,-0.30,0.41,-0.26,-1.57,-0.65,1.17,-4.75,001,001,0,0,1926,1972,2016,1866,1983,1931,43.07,34.3,3323,51.922,83.08,1
2026-09-01T21:22:58.312,48.588,2,0,0,-32,-34,4.4,-9.1,0.88,-0.39,0.06,0.02,-0.53,-0.01,0.91,-0.39,-1.20,-0.48,1.71,-4.57,011,101,0,0,1931,1982,2036,1867,1979,1939,43.07,34.3,3326,51.969,83.15,1
2026-09-01T21:22:58.323,48.599,2,0,0,-32,-34,5.7,-8.4,0.70,-0.29,0.02,0.00,-0.30,-0.10,0.70,-0.29,-0.64,-0.08,2.61,-4.05,011,101,0,0,1926,2005,2015,1862,1968,1940,43.05,34.3,3327,51.984,83.17,1
2026-09-01T21:22:58.335,48.610,2,0,0,43,-29,6.6,-6.7,0.69,-0.29,0.00,-0.10,-0.02,0.05,0.69,-0.29,-0.63,-0.13,3.27,-3.30,001,100,0,0,1930,1968,2028,1865,1971,1945,43.05,34.3,3329,52.016,83.22,1
2026-09-01T21:22:58.346,48.621,2,0,0,43,-29,6.8,-4.8,0.78,-0.21,0.10,0.02,-0.02,0.19,0.81,-0.21,-0.38,-0.40,3.50,-2.41,001,100,0,0,1930,1998,2013,1865,1969,1943,43.05,34.3,3324,51.938,83.10,1
2026-09-01T21:22:58.357,48.632,2,0,0,43,-33,6.6,-3.6,0.82,-0.08,0.16,0.10,0.11,0.28,0.82,-0.08,-0.57,-0.80,3.27,-1.50,001,110,0,0,1931,2004,2021,1863,1968,1937,43.05,34.3,3314,51.781,82.85,1
2026-09-01T21:22:58.368,48.644,2,0,0,30,-33,7.1,-3.1,0.41,0.13,0.10,0.04,0.14,0.21,0.41,0.14,-0.85,-1.18,3.31,-0.86,101,110,0,0,1927,1970,2016,1862,1973,1939,43.05,34.3,3320,51.875,83.00,1
2026-09-01T21:22:58.379,48.655,2,0,0,30,-33,7.3,3.2,0.35,-0.08,0.08,0.02,-0.01,0.23,0.35,-0.09,-0.98,-1.50,3.62,0.45,101,110,0,0,1931,1959,2007,1866,1972,1942,43.05,34.3,3316,51.812,82.90,1
2026-09-01T21:22:58.391,48.666,2,0,0,30,-33,7.6,4.6,0.51,0.24,0.12,0.06,0.38,0.05,0.51,0.24,-1.17,-1.68,3.50,1.55,101,110,0,0,1932,1981,2021,1868,1973,1923,43.05,34.3,3309,51.703,82.72,1
2026-09-01T21:22:58.402,48.678,2,0,0,26,-25,8.3,5.0,0.12,0.69,0.12,0.06,0.10,-0.11,0.12,0.69,-1.45,-1.47,3.71,1.86,100,010,0,0,1932,1968,1999,1868,1997,1917,43.05,34.3,3340,52.188,83.50,1
2026-09-01T21:22:58.414,48.689,2,0,0,26,205,7.8,5.4,0.09,0.52,0.12,0.04,-0.23,0.01,0.09,0.52,-1.18,-1.44,4.07,2.11,100,110,0,0,1935,1981,1982,1867,1990,1926,43.05,34.3,3336,52.125,83.40,1
2026-09-01T21:22:58.425,48.701,2,0,0,24,205,9.0,6.0,-0.04,0.42,0.08,0.04,-0.10,0.05,-0.04,0.42,-0.97,-1.57,4.20,2.35,110,110,0,0,1934,1984,1992,1870,1986,1932,43.05,34.3,3333,52.078,83.33,1
2026-09-01T21:22:58.437,48.712,2,0,0,24,205,8.6,6.2,-0.09,0.35,0.14,0.08,-0.11,0.11,-0.09,0.35,-0.79,-1.76,4.23,2.40,110,110,0,0,1931,1983,1996,1867,1979,1934,43.05,34.3,3336,52.125,83.40,1
2026-09-01T21:22:58.448,48.723,2,0,0,22,205,8.1,6.3,-0.04,0.32,0.12,0.08,-0.34,0.14,-0.04,0.32,-0.25,-1.99,3.94,2.27,010,110,0,0,1931,1987,2001,1868,1980,1936,43.05,34.3,3336,52.125,83.40,1
2026-09-01T21:22:58.459,48.735,2,0,0,22,42,6.8,5.9,0.00,-0.03,0.06,0.04,-0.31,-0.35,0.00,-0.03,0.26,-1.88,3.20,2.38,010,100,0,0,1929,1984,2004,1865,1944,1945,43.05,34.3,3341,52.203,83.53,1
2026-09-01T21:22:58.471,48.746,2,0,0,27,42,3.3,5.0,0.19,0.12,0.06,0.00,-0.24,-0.34,0.19,0.12,0.70,-1.17,1.62,2.05,011,100,0,0,1932,1983,2006,1868,1945,1949,43.05,34.3,3340,52.188,83.50,1
2026-09-01T21:22:58.482,48.758,2,0,0,27,42,-1.7,5.4,0.14,0.00,0.12,0.00,-0.04,0.14,0.14,0.00,0.85,-1.61,-0.27,2.03,011,100,0,0,1930,1980,1997,1868,1969,1938,43.05,34.3,3333,52.078,83.33,1
2026-09-01T21:22:58.494,48.769,2,0,0,27,42,-3.6,5.0,-0.19,-0.05,0.02,-0.02,-0.09,0.17,-0.19,-0.05,0.89,-1.89,-1.45,1.64,001,100,0,0,1929,1976,1993,1868,1969,1941,43.05,34.3,3333,52.078,83.33,1
2026-09-01T21:22:58.505,48.780,2,0,0,27,42,-5.8,4.4,-0.38,-0.09,0.08,0.02,0.14,0.11,-0.38,-0.09,0.55,-2.09,-2.76,1.05,001,100,0,0,1931,1984,1987,1863,1964,1938,43.05,34.3,3335,52.109,83.38,1
2026-09-01T21:22:58.516,48.792,2,0,0,-42,22,-7.8,4.1,-0.52,-0.24,0.14,0.02,-0.19,-0.36,-0.52,-0.24,0.60,-1.92,-3.72,0.45,011,101,0,0,1932,1949,2003,1866,1957,1961,43.05,34.3,3348,52.312,83.70,1
2026-09-01T21:22:58.528,48.803,2,0,0,-42,22,-7.8,-3.0,-0.64,-0.30,0.16,0.00,0.50,-0.25,-0.64,-0.30,0.32,-1.50,-4.11,-0.23,011,101,0,0,1932,1984,1956,1864,1969,1952,43.05,34.3,3343,52.234,83.58,1
2026-09-01T21:22:58.539,48.815,2,0,0,-34,22,-7.0,-3.4,-0.63,-0.28,0.10,-0.04,0.57,-0.26,-0.63,-0.28,-0.54,-1.07,-3.54,-1.31,010,101,0,0,1932,1979,1963,1865,1975,1943,43.05,34.3,3348,52.312,83.70,1
2026-09-01T21:22:58.551,48.826,2,0,0,-34,22,-8.6,-4.9,-0.40,-0.48,-0.02,-0.08,-0.26,-0.13,-0.40,-0.48,0.25,-0.86,-4.08,-2.18,010,101,0,0,1929,1969,2020,1865,1969,1956,43.05,34.3,3345,52.266,83.62,1
2026-09-01T21:22:58.562,48.837,2,0,0,-34,-15,-6.3,-5.6,-0.91,-0.60,0.12,0.04,0.38,-0.16,-0.92,-0.60,0.13,-0.55,-3.35,-2.76,010,100,0,0,1934,1931,2001,1867,1970,1957,43.05,34.3,3317,51.828,82.92,1
2026-09-01T21:22:58.573,48.848,2,0,0,-31,-15,-6.9,-6.1,-0.29,-0.57,0.04,0.00,-0.09,-0.05,-0.32,-0.56,0.38,-0.43,-3.27,-3.10,110,100,0,0,1931,1981,2008,1867,1974,1953,43.05,34.3,3325,51.953,83.12,1
2026-09-01T21:22:58.584,48.860,2,0,0,-31,-15,-5.2,-6.2,-0.28,-0.58,0.00,-0.02,-0.05,0.05,-0.27,-0.55,0.36,-0.48,-2.66,-3.10,110,100,0,0,1929,1982,2007,1867,1982,1950,43.05,34.3,3320,51.875,83.00,1
2026-09-01T21:22:58.596,48.871,2,0,0,-27,-15,-3.2,-5.9,-0.27,-0.55,0.08,0.06,0.12,0.09,-0.27,-0.55,0.24,-0.63,-1.60,-2.84,100,100,0,0,1928,1982,2003,1868,1979,1947,43.05,34.3,3334,52.094,83.35,1
2026-09-01T21:22:58.607,48.882,2,0,0,-27,-15,-1.2,-5.7,-0.18,-0.25,0.10,0.08,0.22,0.19,-0.18,-0.25,-0.11,-0.86,-0.58,-2.62,100,110,0,0,1927,1976,2020,1866,1963,1946,43.05,34.3,3333,52.078,83.33,1
2026-09-01T21:22:58.619,48.894,2,0,0,-27,-15,1.6,-5.7,-0.25,-0.29,0.00,-0.02,0.06,0.15,-0.26,-0.28,-0.33,-1.10,0.70,-2.46,100,110,0,0,1929,1982,2005,1867,1963,1952,43.05,34.3,3329,52.016,83.22,1
2026-09-01T21:22:58.630,48.905,2,0,0,-27,-15,4.2,-5.2,-0.04,-0.27,0.02,-0.02,-0.01,0.19,-0.04,-0.27,-0.36,-1.39,2.10,-2.04,100,110,0,0,1928,1979,1995,1865,1964,1948,43.05,34.3,3328,52.000,83.20,1
2026-09-01T21:22:58.641,48.917,2,0,0,-27,-15,5.4,-4.5,0.25,-0.21,-0.06,-0.08,-0.17,0.18,0.25,-0.21,-0.12,-1.69,2.90,-1.46,100,110,0,0,1928,1978,1981,1864,1964,1948,43.05,34.3,3327,51.984,83.17,1
2026-09-01T21:22:58.653,48.928,2,0,0,-27,-15,6.8,-4.0,0.36,-0.12,0.12,0.02,-0.18,0.10,0.35,-0.11,0.20,-1.90,3.61,-0.76,100,110,0,0,1928,1976,1978,1861,1967,1947,43.05,34.3,3329,52.016,83.22,1
2026-09-01T21:22:58.664,48.939,2,0,0,-27,-15,8.6,4.2,0.40,-0.12,0.08,-0.04,0.02,0.04,0.40,-0.12,0.27,-1.99,4.55,0.15,100,110,0,0,1933,1964,1986,1866,1961,1942,43.05,34.3,3329,52.016,83.22,1
2026-09-01T21:22:58.675,48.950,2,0,0,8,-15,9.8,4.2,0.55,0.03,0.20,0.06,0.49,0.00,0.55,0.04,-0.37,-2.00,5.17,1.12,110,110,0,0,1933,1940,2004,1864,1965,1937,43.05,34.3,3306,51.656,82.65,1
2026-09-01T21:22:58.686,48.961,2,0,0,8,-15,9.7,4.8,0.96,0.35,0.20,0.08,0.76,-0.09,0.96,0.35,-1.55,-1.89,4.39,1.53,010,110,0,0,1934,1920,2000,1864,1969,1921,43.05,34.3,3308,51.688,82.70,1
2026-09-01T21:22:58.697,48.972,2,0,0,10,-15,10.6,5.1,0.63,0.48,0.12,-0.04,0.26,-0.14,0.63,0.48,-1.15,-1.66,5.14,1.81,010,110,0,0,1938,1979,1957,1870,1970,1913,43.05,34.3,3310,51.719,82.75,1
2026-09-01T21:22:58.708,48.984,2,0,0,14,-15,10.1,5.3,0.25,0.57,0.10,0.06,-0.25,-0.17,0.25,0.57,-0.98,-1.39,5.00,2.08,011,110,0,0,1933,1991,1996,1869,1970,1908,43.05,34.3,3309,51.703,82.72,1
2026-09-01T21:22:58.720,48.995,2,0,0,20,-15,8.8,5.5,0.36,0.68,0.04,0.06,-0.07,-0.21,0.33,0.68,-1.12,-1.06,4.19,2.40,001,110,0,0,1927,1982,2018,1863,1968,1897,43.05,34.3,3308,51.688,82.70,1
2026-09-01T21:22:58.731,49.006,2,0,0,20,0,7.7,6.0,0.50,0.72,0.14,0.12,0.04,-0.22,0.50,0.72,-1.14,-0.69,3.57,2.87,001,110,0,0,1928,1992,2004,1868,1970,1902,43.05,34.3,3284,51.312,82.10,1
2026-09-01T21:22:58.741,49.016,2,0,0,39,0,6.9,0.0,0.13,-0.14,0.06,0.00,0.17,0.23,0.13,-0.14,-1.43,0.00,3.14,0.00,101,110,0,0,1928,1977,2004,1866,1969,1944,43.05,34.3,3290,51.406,82.25,1
2026-09-01T21:22:58.751,49.027,2,0,0,39,0,7.2,0.0,0.02,-0.15,0.08,0.02,0.12,0.26,0.02,-0.15,-1.63,0.00,3.00,0.00,101,110,0,0,1927,1983,2005,1865,1971,1944,43.05,34.3,3284,51.312,82.10,1
2026-09-01T21:22:58.762,49.037,2,0,0,38,0,6.0,0.0,-0.13,-0.13,0.06,0.00,-0.05,0.25,-0.13,-0.13,-1.74,0.00,2.70,0.00,100,110,0,0,1929,1985,1991,1865,1971,1945,43.05,34.3,3290,51.406,82.25,1
2026-09-01T21:22:58.772,49.048,2,0,0,38,0,6.3,0.0,-0.23,-0.14,0.08,0.02,0.06,0.27,-0.23,-0.14,-1.58,0.00,2.56,0.00,100,110,0,0,1929,1983,2005,1865,1971,1945,43.05,34.3,3284,51.312,82.10,1
2026-09-01T21:22:58.783,49.058,2,0,0,33,0,5.4,0.0,-0.32,-0.13,0.06,0.00,-0.20,0.25,-0.32,-0.13,-1.79,0.00,2.04,0.00,110,110,0,0,1929,1993,1995,1866,1971,1944,43.05,34.3,3289,51.391,82.22,1
2026-09-01T21:22:58.793,49.069,2,0,0,33,0,4.2,0.0,-0.25,-0.13,0.06,0.04,-0.26,0.26,-0.25,-0.13,-1.37,0.00,1.47,0.00,110,110,0,0,1929,1987,1999,1866,1972,1945,43.05,34.3,3290,51.406,82.25,1
2026-09-01T21:22:58.804,49.079,2,0,0,33,0,2.7,0.0,-0.35,-0.13,0.04,-0.02,0.03,0.25,-0.35,-0.13,-1.22,0.00,0.78,0.00,110,110,0,0,1928,1984,2005,1865,1971,1945,43.05,34.3,3284,51.312,82.10,1
2026-09-01T21:22:58.814,49.090,2,0,0,33,0,-2.7,0.0,-0.36,-0.13,0.06,0.02,0.02,0.24,-0.36,-0.13,-1.27,0.00,-0.06,0.00,110,110,0,0,1927,1985,2003,1865,1970,1943,43.02,34.3,3284,51.312,82.10,1
2026-09-01T21:22:58.825,49.100,2,0,0,33,0,-3.4,0.0,-0.42,-0.13,0.06,0.00,-0.01,0.25,-0.42,-0.13,-1.26,0.00,-1.09,0.00,110,110,0,0,1927,1990,2003,1865,1970,1943,43.02,34.3,3284,51.312,82.10,1
2026-09-01T21:22:58.835,49.110,2,0,0,33,0,-4.5,0.0,-0.66,-0.13,0.06,0.00,-0.14,0.24,-0.66,-0.13,-1.08,0.00,-1.83,0.00,110,110,0,0,1929,1999,2003,1865,1971,1944,43.02,34.3,3284,51.312,82.10,1
2026-09-01T21:22:58.846,49.121,2,0,0,33,0,-4.9,0.0,-0.85,-0.13,0.06,0.00,-0.23,0.25,-0.85,-0.13,-0.74,0.00,-2.27,0.00,110,110,0,0,1929,2009,2005,1865,1971,1943,43.02,34.3,3284,51.312,82.10,1
2026-09-01T21:22:58.856,49.131,2,0,0,33,0,-5.2,0.0,-0.98,-0.12,0.06,0.00,-0.25,0.25,-0.98,-0.12,-0.33,0.00,-2.65,0.00,110,110,0,0,1929,2011,2007,1865,1971,1944,43.02,34.3,3284,51.312,82.10,1
2026-09-01T21:22:58.867,49.142,2,0,0,33,0,-5.6,0.0,-1.03,-0.13,0.12,0.06,-0.22,0.26,-1.03,-0.13,0.01,0.00,-3.07,0.00,110,110,0,0,1931,2013,2010,1865,1971,1943,43.02,34.3,3284,51.312,82.10,1
2026-09-01T21:22:58.877,49.152,2,0,0,33,0,-6.8,0.0,-0.99,-0.12,0.18,0.06,-0.14,0.24,-0.99,-0.12,0.26,0.00,-3.56,0.00,110,110,0,0,1931,2007,2013,1865,1971,1943,43.02,34.3,3284,51.312,82.10,1
2026-09-01T21:22:58.888,49.163,2,0,0,33,0,-8.2,0.0,-0.90,-0.14,0.12,-0.02,0.04,0.27,-0.90,-0.14,0.28,0.00,-4.30,0.00,110,110,0,0,1933,1997,2018,1866,1971,1945,43.02,34.3,3284,51.312,82.10,1
2026-09-01T21:22:58.898,49.173,2,0,0,-5,0,0.0,0.0,-0.23,-0.13,0.08,0.06,0.11,0.24,-0.23,-0.13,0.00,0.00,0.00,0.00,100,110,0,0,1928,1978,2004,1866,1972,1946,43.02,34.3,3302,51.594,82.55,1
2026-09-01T21:22:58.908,49.184,2,0,0,-5,0,0.0,0.0,-0.25,-0.14,0.12,0.08,0.08,0.26,-0.25,-0.14,0.00,0.00,0.00,0.00,100,110,0,0,1929,1980,2018,1861,1970,1940,43.02,34.1,3302,51.594,82.55,1
2026-09-01T21:22:58.919,49.194,2,0,0,-5,0,0.0,0.0,-0.31,-0.14,0.08,0.06,0.08,0.26,-0.31,-0.14,0.00,0.00,0.00,0.00,100,110,0,0,1930,1982,2004,1867,1970,1944,43.02,34.1,3301,51.578,82.53,1
