host_time,elapsed_s,telemetry_version,cmdL,cmdR,rpmL,rpmR,dutyL_pct,dutyR_pct,currentMotorL_A,currentMotorR_A,currentInL_A,currentInR_A,idL_A,idR_A,iqL_A,iqR_A,vdL_V,vdR_V,vqL_V,vqR_V,hallL,hallR,faultL,faultR,dcl_raw,rla_raw,rlb_raw,dcr_raw,rrb_raw,rrc_raw,battery_V,temperature_C,foc_isr_cycles,foc_isr_us,foc_isr_load_pct,status
2026-09-01T21:18:18.235,0.001,2,0,0,0,0,1.2,-4.2,-0.31,0.17,0.12,0.04,0.01,0.00,-0.31,0.17,-0.55,-1.95,0.00,0.00,110,010,0,0,1931,1983,2005,1866,1971,1932,42.83,34.5,3226,50.406,80.65,1
2026-09-01T21:18:18.245,0.012,2,0,0,0,0,1.2,-4.1,-0.31,0.17,0.28,0.04,0.00,0.00,-0.31,0.17,-0.55,-1.94,0.00,0.00,110,010,0,0,1927,1984,2004,1866,1970,1932,42.83,34.5,3225,50.391,80.62,1
2026-09-01T21:18:18.256,0.022,2,2,2,0,0,1.2,4.2,-0.31,0.17,0.02,0.04,0.00,0.00,-0.31,0.17,-0.55,-1.95,0.11,0.11,110,010,0,0,1932,1984,2004,1866,1970,1932,42.83,34.5,3225,50.391,80.62,1
2026-09-01T21:18:18.267,0.033,2,11,11,0,0,1.9,4.2,-0.29,0.19,0.04,0.02,0.01,0.02,-0.29,0.19,-0.57,-1.95,0.66,0.66,110,010,0,0,1928,1984,2004,1866,1972,1932,42.83,34.3,3225,50.391,80.62,1
2026-09-01T21:18:18.277,0.044,2,19,19,0,0,2.9,4.4,-0.26,0.29,0.08,0.02,0.00,-0.03,-0.26,0.29,-0.58,-1.92,1.24,1.25,110,010,0,0,1932,1982,2002,1866,1976,1928,42.83,34.3,3225,50.391,80.62,1
2026-09-01T21:18:18.288,0.054,2,25,25,0,0,3.9,5.3,-0.15,0.56,0.06,0.02,0.00,0.00,-0.15,0.56,-0.60,-1.86,1.79,1.80,110,110,0,0,1928,1979,1997,1866,1988,1921,42.83,34.3,3264,51.000,81.60,1
2026-09-01T21:18:18.299,0.065,2,29,29,0,0,4.8,6.2,-0.01,0.64,0.22,0.10,-0.06,0.00,-0.01,0.64,-0.51,-1.82,2.29,2.30,110,110,0,0,1932,1978,1993,1867,1995,1922,42.83,34.3,3264,51.000,81.60,1
2026-09-01T21:18:18.312,0.078,2,33,33,0,0,5.6,7.2,0.21,0.65,0.06,0.04,-0.05,0.05,0.21,0.65,-0.40,-1.88,2.84,2.84,110,110,0,0,1939,1971,1981,1872,1996,1926,42.83,34.3,3264,51.000,81.60,1
2026-09-01T21:18:18.321,0.087,2,36,36,0,0,6.4,8.2,0.31,0.62,0.02,-0.04,-0.37,0.04,0.31,0.62,-0.22,-1.97,3.36,3.31,010,110,0,0,1926,2004,1979,1865,1994,1925,42.83,34.3,3292,51.438,82.30,1
2026-09-01T21:18:18.332,0.098,2,39,39,0,0,7.3,9.4,0.39,0.37,0.06,0.08,-0.09,-0.04,0.39,0.37,0.05,-2.02,3.92,3.93,010,100,0,0,1927,1988,1972,1867,1971,1919,42.83,34.3,3292,51.438,82.30,1
2026-09-01T21:18:18.342,0.109,2,41,41,0,0,8.3,10.2,0.70,0.35,0.10,0.08,0.28,0.06,0.70,0.35,-0.26,-2.06,4.40,4.40,010,100,0,0,1931,1981,1955,1867,1975,1920,42.83,34.3,3291,51.422,82.28,1
2026-09-01T21:18:18.353,0.120,2,42,42,0,0,10.0,11.1,0.74,0.17,0.14,0.12,-0.15,-0.33,0.75,0.17,-0.84,-1.94,4.96,4.97,011,101,0,0,1936,2016,1996,1868,1943,1945,42.83,34.3,3292,51.438,82.30,1
2026-09-01T21:18:18.364,0.131,2,44,44,0,0,10.9,12.7,1.27,0.62,0.22,0.14,0.35,0.83,1.27,0.62,-0.82,-2.54,5.46,5.46,011,001,0,0,1935,2041,1944,1871,1955,1905,42.83,34.3,3290,51.406,82.25,1
2026-09-01T21:18:18.484,0.251,2,45,45,45,38,8.4,9.3,-0.05,0.53,0.22,0.16,-0.24,-0.17,-0.05,0.53,-1.49,-0.04,3.98,4.42,100,011,0,0,1929,1983,1980,1867,1969,1955,42.83,34.3,3309,51.703,82.72,1
2026-09-01T21:18:18.495,0.262,2,46,46,45,38,9.0,8.5,0.32,1.25,0.10,0.10,0.45,0.45,0.32,1.25,-1.65,-0.22,3.98,4.49,100,011,0,0,1930,1960,2024,1868,1898,2010,42.83,34.3,3295,51.484,82.38,1
2026-09-01T21:18:18.506,0.272,2,46,46,39,35,9.2,10.2,-0.09,0.64,0.06,0.10,-0.37,0.16,-0.09,0.64,-1.13,-0.36,4.44,4.83,110,010,0,0,1929,1992,1988,1867,1987,1943,42.83,34.3,3308,51.688,82.70,1
2026-09-01T21:18:18.517,0.283,2,47,47,36,34,10.1,10.3,0.12,0.40,0.34,0.10,0.36,0.17,0.12,0.40,-1.19,-0.63,4.74,5.07,010,110,0,0,1931,1987,1992,1867,1987,1927,42.83,34.3,3308,51.688,82.70,1
2026-09-01T21:18:18.528,0.294,2,48,48,36,34,10.1,10.5,0.30,0.26,0.10,0.10,-0.31,0.28,0.30,0.26,-0.28,-1.02,4.86,5.20,010,110,0,0,1929,1996,1994,1867,1979,1928,42.83,34.3,3311,51.734,82.78,1
2026-09-01T21:18:18.539,0.305,2,48,48,36,35,10.4,11.5,0.44,0.12,0.16,0.12,-0.31,0.16,0.44,0.12,0.16,-1.20,5.04,5.34,011,100,0,0,1930,1995,2021,1861,1972,1928,42.83,34.3,3309,51.703,82.72,1
2026-09-01T21:18:18.549,0.316,2,48,48,36,38,9.5,11.4,0.61,-0.02,0.10,0.10,0.12,-0.18,0.61,-0.02,0.13,-1.08,5.17,5.30,001,101,0,0,1943,1996,2000,1870,1962,1951,42.83,34.3,3307,51.672,82.67,1
2026-09-01T21:18:18.560,0.327,2,48,48,36,41,11.1,10.5,0.55,-0.06,0.10,0.06,0.20,-0.29,0.55,-0.06,-0.01,-0.76,5.30,5.24,001,001,0,0,1930,1980,2016,1867,1965,1951,42.83,34.3,3307,51.672,82.67,1
2026-09-01T21:18:18.571,0.338,2,49,49,39,41,11.2,10.9,0.28,0.22,0.50,0.16,0.21,-0.27,0.28,0.22,-0.40,-0.28,5.30,5.37,101,001,0,0,1928,1970,2010,1866,1963,1951,42.83,34.3,3308,51.688,82.70,1
2026-09-01T21:18:18.582,0.348,2,49,49,42,45,10.9,10.9,0.01,0.40,0.08,0.06,0.19,-0.14,0.01,0.40,-0.79,0.05,5.23,5.20,100,011,0,0,1929,1974,2004,1866,1969,1952,42.83,34.3,3306,51.656,82.65,1
2026-09-01T21:18:18.593,0.359,2,49,49,42,46,10.0,10.8,-0.21,0.45,0.14,0.08,0.05,0.05,-0.21,0.45,-0.99,0.01,5.30,5.18,100,010,0,0,1931,1981,1999,1865,1978,1944,42.83,34.3,3308,51.688,82.70,1
2026-09-01T21:18:18.605,0.372,2,49,49,44,45,10.5,10.3,-0.14,0.87,0.06,0.14,-0.23,0.98,-0.14,0.87,-0.66,-0.60,5.24,5.27,110,110,0,0,1947,1987,1990,1875,1973,2011,42.83,34.3,3309,51.703,82.72,1
2026-09-01T21:18:18.615,0.381,2,49,49,45,45,11.1,10.4,0.11,0.14,0.14,0.06,-0.31,0.18,0.11,0.14,-0.15,-0.85,5.23,5.31,010,110,0,0,1931,1988,2008,1861,1969,1927,42.83,34.3,3310,51.719,82.75,1
2026-09-01T21:18:18.626,0.392,2,49,49,45,45,10.5,11.2,0.28,0.00,0.08,0.10,-0.21,0.10,0.28,0.00,0.24,-0.99,5.27,5.35,011,100,0,0,1926,1989,2003,1865,1966,1938,42.83,34.3,3311,51.734,82.78,1
2026-09-01T21:18:18.637,0.403,2,49,49,45,45,10.3,11.5,0.48,-0.04,0.14,0.08,0.06,-0.17,0.48,-0.04,0.29,-0.68,5.32,5.39,011,101,0,0,1931,1990,2004,1866,1959,1945,42.83,34.3,3307,51.672,82.67,1
2026-09-01T21:18:18.647,0.414,2,49,49,46,45,10.8,10.5,0.49,-0.08,0.10,0.06,0.25,-0.23,0.49,-0.08,0.05,-0.32,5.29,5.44,001,001,0,0,1928,1981,2025,1860,1965,1945,42.83,34.3,3307,51.672,82.67,1
2026-09-01T21:18:18.658,0.424,2,49,49,45,45,11.4,11.1,0.31,0.28,0.08,0.08,0.26,-0.24,0.31,0.28,-0.41,0.14,5.39,5.48,101,001,0,0,1927,1972,2015,1865,1960,1953,42.83,34.3,3307,51.672,82.67,1
2026-09-01T21:18:18.669,0.435,2,49,49,45,47,11.3,11.4,0.07,0.47,0.12,0.08,0.14,-0.11,0.07,0.47,-0.73,0.40,5.43,5.39,100,011,0,0,1930,1972,2005,1867,1969,1952,42.83,34.3,3306,51.656,82.65,1
2026-09-01T21:18:18.680,0.446,2,49,49,46,47,11.0,11.3,-0.21,0.46,0.06,-0.04,0.00,0.07,-0.21,0.46,-0.89,0.29,5.47,5.41,110,010,0,0,1928,1984,1993,1866,1980,1946,42.83,34.3,3308,51.688,82.70,1
2026-09-01T21:18:18.691,0.457,2,49,49,46,46,10.7,10.9,-0.09,0.35,0.04,0.06,-0.21,0.39,-0.09,0.35,-0.59,-0.31,5.45,5.49,110,110,0,0,1927,1982,1996,1867,1979,1935,42.83,34.3,3310,51.719,82.75,1
2026-09-01T21:18:18.702,0.468,2,49,49,46,46,11.6,10.4,0.14,0.09,0.10,0.06,-0.34,0.21,0.14,0.09,-0.04,-0.60,5.48,5.52,010,110,0,0,1930,1992,1993,1867,1971,1935,42.83,34.3,3310,51.719,82.75,1
2026-09-01T21:18:18.712,0.479,2,49,49,47,47,11.3,11.2,0.33,-0.11,0.30,0.12,-0.21,0.10,0.33,-0.11,0.31,-0.80,5.45,5.49,011,100,0,0,1926,1988,2003,1865,1966,1940,42.83,34.3,3311,51.734,82.78,1
2026-09-01T21:18:18.723,0.489,2,49,49,48,47,10.4,11.7,0.42,-0.05,0.06,0.10,0.12,-0.17,0.42,-0.05,0.24,-0.50,5.41,5.51,001,101,0,0,1928,1984,2002,1867,1959,1947,42.83,34.3,3309,51.703,82.72,1
2026-09-01T21:18:18.734,0.500,2,49,49,48,47,10.4,11.4,0.40,0.08,0.14,0.06,0.28,-0.32,0.40,0.08,-0.07,-0.04,5.42,5.53,001,001,0,0,1932,1980,2009,1866,1963,1953,42.83,34.3,3308,51.688,82.70,1
2026-09-01T21:18:18.745,0.511,2,50,50,48,48,11.1,10.2,0.18,0.30,0.24,0.12,0.29,-0.19,0.18,0.30,-0.52,0.30,5.49,5.56,101,011,0,0,1930,1974,2013,1867,1965,1952,42.83,34.3,3306,51.656,82.65,1
2026-09-01T21:18:18.756,0.522,2,50,50,48,48,11.7,11.3,-0.02,0.49,0.16,0.06,0.20,0.01,-0.02,0.49,-0.81,0.44,5.52,5.58,100,011,0,0,1932,1972,2002,1867,1972,1955,42.83,34.3,3308,51.688,82.70,1
2026-09-01T21:18:18.767,0.533,2,50,50,48,49,11.7,11.6,-0.08,0.52,0.08,0.08,-0.12,0.26,-0.08,0.52,-0.69,0.19,5.54,5.54,110,010,0,0,1930,1980,1992,1868,1983,1943,42.83,34.3,3308,51.688,82.70,1
2026-09-01T21:18:18.777,0.544,2,50,50,48,48,11.0,11.9,0.00,0.32,0.14,0.08,-0.34,0.26,0.00,0.32,-0.30,-0.26,5.56,5.61,010,110,0,0,1933,1988,1996,1867,1981,1931,42.83,34.3,3309,51.703,82.72,1
2026-09-01T21:18:18.788,0.555,2,50,50,48,48,10.9,11.7,0.29,0.09,0.08,0.10,-0.28,0.14,0.29,0.09,0.18,-0.56,5.58,5.63,010,100,0,0,1930,1989,1994,1868,1971,1932,42.83,34.3,3310,51.719,82.75,1
2026-09-01T21:18:18.799,0.565,2,50,50,48,49,11.8,11.1,0.49,-0.16,0.30,0.10,-0.06,-0.13,0.49,-0.16,0.40,-0.57,5.60,5.59,011,101,0,0,1930,1992,2003,1867,1962,1947,42.83,34.3,3309,51.703,82.72,1
2026-09-01T21:18:18.810,0.576,2,50,50,49,49,11.7,10.8,0.44,-0.05,0.06,0.06,0.11,-0.26,0.44,-0.05,0.20,-0.23,5.56,5.60,001,101,0,0,1929,1981,2009,1867,1963,1947,42.83,34.3,3310,51.719,82.75,1
2026-09-01T21:18:18.821,0.587,2,50,50,50,48,11.6,11.9,0.21,0.25,0.08,0.08,0.27,-0.28,0.21,0.25,-0.27,0.24,5.51,5.68,101,001,0,0,1927,1975,2011,1865,1960,1956,42.83,34.3,3308,51.688,82.70,1
2026-09-01T21:18:18.832,0.598,2,50,50,49,49,11.5,11.9,0.03,0.42,0.04,0.08,0.31,-0.18,0.03,0.42,-0.81,0.53,5.57,5.64,100,011,0,0,1932,1973,2004,1866,1970,1952,42.83,34.3,3306,51.656,82.65,1
2026-09-01T21:18:18.842,0.609,2,50,50,49,49,10.7,11.5,-0.21,0.44,0.08,0.06,-0.01,0.07,-0.21,0.44,-0.88,0.43,5.58,5.65,100,010,0,0,1929,1981,1994,1867,1978,1947,42.83,34.3,3308,51.688,82.70,1
2026-09-01T21:18:18.854,0.620,2,50,50,49,49,10.9,11.0,-0.10,0.25,0.14,0.04,-0.23,0.26,-0.10,0.25,-0.54,-0.01,5.59,5.66,110,110,0,0,1927,1984,1996,1866,1975,1939,42.83,34.3,3309,51.703,82.72,1
2026-09-01T21:18:18.865,0.631,2,50,50,50,49,11.5,10.4,0.15,0.06,0.10,0.08,-0.28,0.21,0.15,0.06,0.00,-0.41,5.54,5.67,010,110,0,0,1929,1986,1996,1867,1973,1935,42.83,34.3,3310,51.719,82.75,1
2026-09-01T21:18:18.875,0.642,2,50,50,49,49,11.7,11.4,0.42,-0.09,0.24,-0.02,-0.28,0.09,0.42,-0.09,0.32,-0.62,5.60,5.68,011,100,0,0,1930,1992,2005,1864,1966,1940,42.83,34.3,3311,51.734,82.78,1
2026-09-01T21:18:18.886,0.653,2,50,50,50,50,11.1,11.8,0.45,-0.03,0.10,0.12,0.07,-0.17,0.45,-0.03,0.21,-0.33,5.55,5.63,001,101,0,0,1947,1988,2002,1871,1962,1950,42.83,34.3,3311,51.734,82.78,1
2026-09-01T21:18:18.897,0.664,2,50,50,50,49,10.8,11.9,0.33,0.14,0.14,0.08,0.29,-0.31,0.33,0.14,-0.21,0.14,5.55,5.69,101,001,0,0,1931,1978,2010,1865,1960,1952,42.83,34.3,3307,51.672,82.67,1
2026-09-01T21:18:18.908,0.674,2,50,50,50,49,10.2,11.1,0.04,0.38,0.06,0.08,0.23,-0.12,0.04,0.38,-0.61,0.36,5.55,5.70,101,011,0,0,1928,1975,2005,1865,1964,1953,42.83,34.3,3307,51.672,82.67,1
2026-09-01T21:18:18.919,0.685,2,50,50,49,50,11.3,10.5,-0.15,0.46,0.06,0.06,0.09,0.07,-0.15,0.46,-0.83,0.41,5.61,5.65,100,010,0,0,1925,1981,2013,1859,1968,1948,42.83,34.3,3307,51.672,82.67,1
2026-09-01T21:18:18.930,0.696,2,50,50,49,50,11.9,11.1,-0.07,0.39,0.10,0.08,-0.14,0.29,-0.07,0.39,-0.64,0.09,5.62,5.65,110,010,0,0,1930,1980,1993,1867,1975,1943,42.83,34.3,3308,51.688,82.70,1
2026-09-01T21:18:18.941,0.707,2,50,50,50,49,11.7,11.8,0.05,0.25,0.08,0.12,-0.35,0.30,0.05,0.25,-0.15,-0.35,5.57,5.71,010,110,0,0,1929,1988,1996,1867,1981,1933,42.81,34.3,3310,51.719,82.75,1
2026-09-01T21:18:18.952,0.718,2,50,50,50,49,10.9,12.2,0.27,0.07,0.06,0.12,-0.21,0.18,0.27,0.07,0.23,-0.63,5.57,5.72,011,100,0,0,1926,1988,2001,1866,1972,1930,42.81,34.3,3310,51.719,82.75,1
2026-09-01T21:18:18.962,0.729,2,50,50,50,50,10.7,12.0,0.51,-0.07,0.08,0.08,0.05,-0.15,0.51,-0.07,0.32,-0.49,5.57,5.68,011,101,0,0,1930,1994,2006,1867,1958,1945,42.81,34.3,3310,51.719,82.75,1
2026-09-01T21:18:18.973,0.740,2,50,50,49,49,11.6,11.2,0.57,-0.02,0.10,0.06,0.26,-0.24,0.57,-0.02,-0.03,-0.16,5.63,5.73,001,001,0,0,1933,1981,2016,1866,1965,1951,42.81,34.3,3307,51.672,82.67,1
2026-09-01T21:18:18.984,0.750,2,50,50,50,49,11.6,11.2,0.19,0.30,0.08,0.06,0.33,-0.18,0.19,0.30,-0.53,0.26,5.58,5.74,101,001,0,0,1929,1973,2009,1867,1962,1951,42.81,34.3,3308,51.688,82.70,1
2026-09-01T21:18:18.995,0.761,2,50,50,50,50,11.9,11.8,-0.03,0.51,0.16,0.06,0.21,-0.03,-0.03,0.51,-0.78,0.46,5.58,5.69,100,011,0,0,1932,1971,2001,1868,1972,1956,42.81,34.3,3308,51.688,82.70,1
2026-09-01T21:18:19.007,0.774,2,50,50,50,51,11.8,11.9,-0.15,0.51,0.12,0.12,-0.11,0.21,-0.15,0.51,-0.74,0.23,5.58,5.63,110,010,0,0,1930,1983,1994,1867,1979,1943,42.81,34.3,3308,51.688,82.70,1
2026-09-01T21:18:19.017,0.783,2,50,50,50,50,10.9,12.0,-0.07,0.29,0.16,-0.04,-0.36,0.24,-0.07,0.29,-0.32,-0.23,5.58,5.68,010,110,0,0,1933,1990,1998,1867,1979,1931,42.81,34.3,3310,51.719,82.75,1
2026-09-01T21:18:19.027,0.794,2,50,50,50,49,11.0,11.8,0.22,0.06,0.08,0.10,-0.25,0.16,0.22,0.06,0.15,-0.60,5.58,5.73,010,100,0,0,1928,1990,2000,1867,1972,1932,42.81,34.3,3309,51.703,82.72,1
2026-09-01T21:18:19.038,0.805,2,50,50,50,50,11.7,11.2,0.49,-0.11,0.08,0.08,-0.11,-0.10,0.49,-0.11,0.41,-0.63,5.58,5.69,011,101,0,0,1946,1992,1996,1870,1963,1951,42.81,34.3,3309,51.703,82.72,1
2026-09-01T21:18:19.052,0.819,2,50,50,50,50,11.8,11.0,0.50,-0.04,0.10,0.08,0.15,-0.23,0.50,-0.04,0.21,-0.31,5.58,5.69,001,101,0,0,1931,1983,2014,1867,1960,1949,42.81,34.3,3310,51.719,82.75,1
2026-09-01T21:18:19.060,0.826,2,50,50,50,50,11.7,11.8,0.26,0.21,0.06,0.06,0.25,-0.27,0.26,0.21,-0.23,0.17,5.58,5.69,101,001,0,0,1944,1974,2005,1869,1966,1958,42.81,34.3,3308,51.688,82.70,1
2026-09-01T21:18:19.071,0.837,2,50,50,50,50,11.5,12.0,-0.01,0.46,0.06,0.08,0.20,-0.18,-0.01,0.46,-0.61,0.45,5.58,5.69,100,011,0,0,1927,1973,2005,1865,1970,1954,42.81,34.3,3307,51.672,82.67,1
2026-09-01T21:18:19.082,0.848,2,50,50,50,51,10.8,11.6,-0.18,0.45,0.08,0.10,-0.03,0.06,-0.18,0.45,-0.70,0.34,5.58,5.63,100,010,0,0,1927,1983,2010,1861,1973,1939,42.81,34.3,3308,51.688,82.70,1
2026-09-01T21:18:19.093,0.859,2,50,50,50,50,11.0,11.2,-0.10,0.26,0.14,0.06,-0.21,0.23,-0.10,0.26,-0.41,-0.09,5.58,5.67,110,110,0,0,1931,1986,1998,1867,1975,1935,42.81,34.3,3310,51.719,82.75,1
2026-09-01T21:18:19.104,0.870,2,50,50,49,50,11.9,10.7,0.21,0.04,0.30,0.12,-0.25,0.19,0.21,0.04,0.06,-0.45,5.65,5.67,010,110,0,0,1946,1992,1986,1870,1975,1940,42.81,34.3,3310,51.719,82.75,1
2026-09-01T21:18:19.115,0.881,2,50,50,50,49,11.8,11.4,0.35,-0.07,0.14,0.06,-0.22,0.09,0.35,-0.07,0.39,-0.82,5.60,5.74,011,100,0,0,1932,1985,2002,1866,1967,1939,42.81,34.3,3310,51.719,82.75,1
2026-09-01T21:18:19.125,0.892,2,50,50,50,50,11.4,11.8,0.46,0.00,0.08,0.10,0.06,-0.16,0.46,0.00,0.33,-0.50,5.60,5.69,001,101,0,0,1931,1983,2010,1869,1958,1945,42.81,34.3,3311,51.734,82.78,1
2026-09-01T21:18:19.136,0.903,2,50,50,50,50,10.9,12.0,0.27,0.14,0.48,0.10,0.35,-0.32,0.27,0.14,-0.13,0.00,5.60,5.69,101,001,0,0,1930,1977,2009,1865,1962,1951,42.81,34.3,3308,51.688,82.70,1
2026-09-01T21:18:19.147,0.914,2,50,50,50,49,10.3,11.4,0.06,0.39,0.08,0.10,0.25,-0.11,0.06,0.39,-0.51,0.13,5.60,5.74,101,011,0,0,1926,1975,2007,1865,1964,1954,42.81,34.3,3307,51.672,82.67,1
2026-09-01T21:18:19.158,0.924,2,50,50,50,51,11.2,10.6,-0.19,0.43,0.14,0.06,0.14,0.06,-0.19,0.43,-0.77,0.20,5.60,5.64,100,010,0,0,1928,1976,2000,1866,1973,1947,42.81,34.3,3307,51.672,82.67,1
2026-09-01T21:18:19.169,0.935,2,50,50,50,51,11.8,10.7,-0.13,0.29,0.12,0.10,-0.15,0.19,-0.13,0.29,-0.54,-0.07,5.60,5.63,110,010,0,0,1929,1982,1996,1867,1975,1939,42.81,34.3,3309,51.703,82.72,1
2026-09-01T21:18:19.180,0.946,2,50,50,49,50,11.8,11.5,0.06,0.19,0.10,0.10,-0.37,0.27,0.06,0.19,-0.02,-0.54,5.66,5.69,010,110,0,0,1929,1988,1996,1867,1975,1931,42.81,34.3,3311,51.734,82.78,1
2026-09-01T21:18:19.190,0.957,2,50,50,50,49,11.0,12.2,0.30,0.07,0.06,0.10,-0.23,0.18,0.30,0.07,0.30,-0.87,5.61,5.75,011,100,0,0,1926,1988,2000,1868,1972,1930,42.81,34.3,3310,51.719,82.75,1
2026-09-01T21:18:19.201,0.968,2,50,50,50,51,10.5,12.0,0.50,-0.08,0.08,0.10,0.07,-0.16,0.50,-0.08,0.32,-0.69,5.61,5.64,001,101,0,0,1929,1992,2006,1867,1958,1945,42.81,34.3,3310,51.719,82.75,1
2026-09-01T21:18:19.212,0.979,2,50,50,50,50,11.1,11.5,0.46,0.04,0.18,0.08,0.29,-0.34,0.46,0.04,0.00,-0.24,5.61,5.69,001,001,0,0,1932,1980,2010,1866,1963,1954,42.81,34.3,3307,51.672,82.67,1
2026-09-01T21:18:19.223,0.989,2,50,50,50,50,11.5,10.6,0.15,0.21,0.48,0.12,0.30,-0.25,0.15,0.21,-0.43,0.15,5.61,5.69,101,001,0,0,1930,1975,2011,1868,1955,1943,42.81,34.3,3301,51.578,82.53,1
2026-09-01T21:18:19.234,1.000,2,50,50,50,50,11.9,11.7,-0.01,0.53,0.14,0.06,0.15,-0.03,-0.01,0.53,-0.73,0.26,5.61,5.69,100,011,0,0,1931,1972,2016,1862,1967,1951,42.81,34.3,3308,51.688,82.70,1
2026-09-01T21:18:19.245,1.011,2,50,50,50,51,11.9,11.8,-0.08,0.51,0.12,0.12,-0.13,0.21,-0.08,0.51,-0.63,0.02,5.61,5.62,110,010,0,0,1931,1983,1996,1867,1979,1945,42.81,34.3,3309,51.703,82.72,1
2026-09-01T21:18:19.256,1.022,2,50,50,50,50,11.2,12.0,0.00,0.29,0.16,0.08,-0.38,0.26,0.00,0.29,-0.17,-0.36,5.61,5.67,010,110,0,0,1931,1992,1998,1867,1979,1931,42.81,34.3,3309,51.703,82.72,1
2026-09-01T21:18:19.266,1.033,2,50,50,50,49,10.6,12.0,0.26,0.12,0.08,0.10,-0.24,0.13,0.26,0.12,0.23,-0.72,5.61,5.73,010,100,0,0,1926,1989,2011,1861,1967,1924,42.81,34.3,3310,51.719,82.75,1
2026-09-01T21:18:19.277,1.044,2,50,50,50,50,11.6,11.4,0.51,-0.14,0.18,0.08,-0.05,-0.11,0.51,-0.14,0.36,-0.74,5.61,5.69,011,101,0,0,1933,1992,2002,1867,1959,1945,42.81,34.3,3309,51.703,82.72,1
2026-09-01T21:18:19.288,1.055,2,50,50,50,50,11.8,10.9,0.58,-0.03,0.18,0.02,0.18,-0.21,0.58,-0.03,0.13,-0.44,5.61,5.69,001,101,0,0,1930,1987,2015,1867,1963,1948,42.81,34.3,3311,51.734,82.78,1
2026-09-01T21:18:19.299,1.065,2,50,50,51,50,11.7,11.7,0.22,0.23,0.06,0.06,0.26,-0.28,0.22,0.23,-0.30,0.06,5.55,5.69,101,001,0,0,1928,1975,2011,1866,1965,1955,42.81,34.3,3308,51.688,82.70,1
2026-09-01T21:18:19.310,1.076,2,50,50,49,49,11.8,12.1,0.07,0.47,0.10,0.08,0.16,-0.16,0.07,0.47,-0.72,0.30,5.65,5.75,100,011,0,0,1942,1973,1999,1870,1972,1956,42.81,34.3,3306,51.656,82.65,1
2026-09-01T21:18:19.321,1.087,2,50,50,50,50,11.3,11.8,-0.15,0.48,0.10,0.10,-0.07,0.07,-0.15,0.48,-0.79,0.19,5.61,5.70,110,010,0,0,1929,1982,1994,1867,1977,1943,42.81,34.3,3308,51.688,82.70,1
2026-09-01T21:18:19.332,1.098,2,50,50,50,51,10.6,11.4,-0.11,0.24,0.16,0.08,-0.25,0.21,-0.11,0.24,-0.46,-0.20,5.61,5.64,110,110,0,0,1928,1987,1999,1867,1976,1936,42.81,34.3,3309,51.703,82.72,1
2026-09-01T21:18:19.342,1.109,2,50,50,51,51,11.4,10.9,0.21,0.15,0.06,0.06,-0.28,0.18,0.21,0.15,0.07,-0.56,5.54,5.63,010,110,0,0,1930,1990,1999,1867,1982,1944,42.81,34.3,3303,51.609,82.58,1
2026-09-01T21:18:19.354,1.120,2,50,50,50,50,11.8,11.0,0.43,-0.12,0.18,-0.04,-0.20,0.02,0.43,-0.12,0.32,-0.82,5.60,5.68,011,100,0,0,1932,1989,2004,1867,1967,1943,42.81,34.3,3310,51.719,82.75,1
2026-09-01T21:18:19.364,1.131,2,50,50,50,50,11.6,11.7,0.50,0.01,0.08,0.08,0.07,-0.16,0.50,0.01,0.20,-0.52,5.60,5.68,001,101,0,0,1929,1983,2012,1867,1957,1945,42.81,34.3,3311,51.734,82.78,1
2026-09-01T21:18:19.375,1.142,2,50,50,50,50,11.4,12.0,0.28,0.14,0.16,0.08,0.23,-0.29,0.28,0.14,-0.20,-0.04,5.60,5.68,101,001,0,0,1933,1972,2008,1867,1961,1951,42.81,34.3,3307,51.672,82.67,1
2026-09-01T21:18:19.386,1.153,2,50,50,50,50,10.9,11.5,0.05,0.34,0.04,0.04,0.21,-0.21,0.05,0.34,-0.55,0.29,5.60,5.68,100,011,0,0,1937,1994,1988,1863,1976,1960,42.81,34.3,3307,51.672,82.67,1
2026-09-01T21:18:19.397,1.163,2,50,50,50,50,10.6,10.9,-0.21,0.45,0.14,0.06,0.03,0.08,-0.21,0.45,-0.75,0.27,5.60,5.68,100,010,0,0,1932,1980,1996,1867,1974,1951,42.81,34.3,3307,51.672,82.67,1
2026-09-01T21:18:19.408,1.174,2,50,50,49,50,11.7,10.6,-0.09,0.30,0.12,-0.04,-0.15,0.24,-0.09,0.30,-0.57,-0.08,5.66,5.68,110,010,0,0,1929,1982,1996,1867,1977,1943,42.81,34.3,3308,51.688,82.70,1
2026-09-01T21:18:19.419,1.185,2,50,50,50,49,11.8,11.6,0.10,0.20,0.08,0.10,-0.37,0.30,0.10,0.20,0.00,-0.58,5.61,5.75,010,110,0,0,1930,1988,1996,1867,1977,1933,42.81,34.3,3311,51.734,82.78,1
2026-09-01T21:18:19.430,1.196,2,50,50,50,50,11.5,11.9,0.33,0.00,0.06,0.08,-0.28,0.15,0.33,0.00,0.32,-0.81,5.61,5.70,011,100,0,0,1929,1988,2004,1867,1969,1933,42.81,34.3,3310,51.719,82.75,1
2026-09-01T21:18:19.441,1.207,2,50,50,50,50,10.6,12.1,0.48,-0.06,0.10,0.12,0.24,-0.17,0.48,-0.06,0.18,-0.57,5.61,5.70,001,101,0,0,1929,1992,2007,1867,1958,1945,42.81,34.3,3310,51.719,82.75,1
2026-09-01T21:18:19.451,1.218,2,50,50,50,50,10.7,11.7,0.46,0.03,0.08,0.06,0.34,-0.29,0.46,0.03,-0.12,-0.18,5.61,5.70,001,001,0,0,1929,1982,2012,1867,1961,1949,42.81,34.3,3309,51.703,82.72,1
2026-09-01T21:18:19.462,1.229,2,50,50,50,51,11.0,10.5,0.12,0.26,0.06,0.04,0.29,-0.18,0.12,0.26,-0.50,0.18,5.61,5.64,101,011,0,0,1928,1973,2007,1865,1966,1950,42.81,34.3,3307,51.672,82.67,1
2026-09-01T21:18:19.473,1.239,2,50,50,50,51,11.6,11.2,-0.11,0.45,0.16,0.08,0.14,0.01,-0.11,0.45,-0.74,0.32,5.61,5.63,100,011,0,0,1933,1976,2000,1867,1971,1951,42.81,34.3,3308,51.688,82.70,1
2026-09-01T21:18:19.484,1.250,2,50,50,50,51,11.9,11.5,-0.05,0.49,0.34,0.14,-0.15,0.29,-0.05,0.49,-0.59,0.01,5.61,5.62,110,010,0,0,1930,1980,1992,1867,1979,1947,42.81,34.3,3309,51.703,82.72,1
2026-09-01T21:18:19.495,1.261,2,50,50,51,50,11.4,12.0,0.02,0.28,0.14,0.08,-0.39,0.26,0.02,0.28,-0.08,-0.44,5.55,5.67,010,110,0,0,1933,1991,1998,1868,1980,1931,42.81,34.3,3311,51.734,82.78,1
2026-09-01T21:18:19.506,1.272,2,50,50,50,50,10.6,12.1,0.23,0.11,0.08,0.08,0.16,0.14,0.23,0.11,0.02,-0.72,5.60,5.67,011,100,0,0,1929,1992,1988,1869,1971,1931,42.81,34.3,3309,51.703,82.72,1
2026-09-01T21:18:19.517,1.283,2,50,50,50,50,11.2,11.7,0.50,-0.13,0.36,0.12,0.01,-0.14,0.50,-0.13,0.33,-0.65,5.60,5.67,011,101,0,0,1933,1994,2006,1867,1960,1946,42.81,34.3,3309,51.703,82.72,1
2026-09-01T21:18:19.528,1.294,2,50,50,50,50,11.6,10.7,0.53,-0.01,0.10,0.08,0.24,-0.28,0.53,-0.01,0.08,-0.30,5.60,5.67,001,101,0,0,1931,1983,2015,1869,1961,1949,42.81,34.3,3306,51.656,82.65,1
2026-09-01T21:18:19.538,1.305,2,50,50,50,50,11.8,11.5,0.25,0.24,0.08,0.06,0.26,-0.23,0.25,0.24,-0.32,0.13,5.60,5.67,101,001,0,0,1939,1971,2005,1870,1967,1957,42.81,34.3,3308,51.688,82.70,1
2026-09-01T21:18:19.549,1.315,2,50,50,49,50,12.0,12.0,0.07,0.53,0.10,0.08,0.14,-0.12,0.07,0.53,-0.62,0.39,5.65,5.67,100,011,0,0,1944,1971,1997,1869,1974,1960,42.81,34.3,3309,51.703,82.72,1
2026-09-01T21:18:19.560,1.326,2,50,50,50,51,11.5,11.8,-0.09,0.52,0.10,0.10,-0.13,0.14,-0.09,0.52,-0.60,0.21,5.61,5.61,110,010,0,0,1929,1983,1996,1867,1978,1944,42.81,34.3,3308,51.688,82.70,1
2026-09-01T21:18:19.571,1.337,2,50,50,50,49,10.3,11.8,-0.07,0.32,0.08,0.10,-0.25,0.23,-0.07,0.32,-0.29,-0.31,5.61,5.72,010,110,0,0,1927,1986,1998,1867,1979,1935,42.81,34.3,3308,51.688,82.70,1
2026-09-01T21:18:19.582,1.348,2,50,50,50,49,11.3,11.5,0.23,0.06,0.10,0.10,-0.26,0.15,0.23,0.06,0.21,-0.66,5.61,5.73,010,100,0,0,1928,1991,1997,1865,1970,1934,42.81,34.3,3310,51.719,82.75,1
2026-09-01T21:18:19.593,1.359,2,50,50,50,49,11.9,10.7,0.47,-0.17,0.14,0.06,-0.13,-0.03,0.47,-0.17,0.45,-0.79,5.61,5.74,011,100,0,0,1946,1992,2000,1869,1967,1949,42.81,34.3,3310,51.719,82.75,1
2026-09-01T21:18:19.607,1.373,2,50,50,50,50,11.8,11.2,0.50,-0.05,0.08,0.08,0.11,-0.22,0.50,-0.05,0.29,-0.46,5.61,5.68,001,101,0,0,1930,1983,2014,1867,1960,1945,42.81,34.3,3311,51.734,82.78,1
2026-09-01T21:18:19.615,1.381,2,50,50,50,50,11.6,11.9,0.25,0.19,0.14,0.06,0.23,-0.28,0.25,0.19,-0.14,0.03,5.61,5.68,101,001,0,0,1932,1973,2011,1866,1964,1954,42.81,34.3,3308,51.688,82.70,1
2026-09-01T21:18:19.626,1.392,2,50,50,50,51,11.3,11.8,0.00,0.38,0.18,-0.02,0.23,-0.21,0.00,0.38,-0.48,0.35,5.61,5.62,100,011,0,0,1928,1971,2003,1868,1972,1952,42.81,34.3,3307,51.672,82.67,1
2026-09-01T21:18:19.637,1.403,2,50,50,50,51,10.5,11.4,-0.20,0.43,0.16,0.08,-0.02,0.05,-0.20,0.43,-0.59,0.28,5.61,5.61,100,010,0,0,1933,1980,1993,1867,1975,1947,42.81,34.3,3308,51.688,82.70,1
2026-09-01T21:18:19.647,1.414,2,50,50,50,50,11.3,11.0,-0.11,0.36,0.08,0.08,-0.19,0.82,-0.11,0.36,-0.37,-0.42,5.61,5.66,110,110,0,0,1929,1983,1998,1867,1979,1944,42.81,34.3,3310,51.719,82.75,1
2026-09-01T21:18:19.658,1.425,2,50,50,49,50,12.0,10.7,0.18,0.07,0.08,0.06,-0.27,0.22,0.18,0.07,0.08,-0.61,5.67,5.66,010,110,0,0,1927,1992,2004,1862,1971,1931,42.81,34.3,3310,51.719,82.75,1
2026-09-01T21:18:19.669,1.436,2,50,50,50,50,11.6,11.4,0.33,-0.10,0.04,0.06,-0.23,0.05,0.33,-0.10,0.41,-0.77,5.62,5.66,011,100,0,0,1929,1988,2002,1867,1963,1941,42.81,34.5,3310,51.719,82.75,1
2026-09-01T21:18:19.680,1.446,2,50,50,50,50,11.0,11.9,0.43,-0.07,0.08,0.08,0.09,-0.17,0.43,-0.07,0.35,-0.50,5.62,5.66,001,101,0,0,1929,1983,2004,1867,1959,1945,42.81,34.5,3309,51.703,82.72,1
2026-09-01T21:18:19.691,1.457,2,50,50,50,49,10.3,11.9,0.37,0.12,0.06,0.06,0.17,-0.32,0.37,0.12,-0.01,-0.04,5.62,5.72,001,001,0,0,1931,2004,2004,1865,1961,1954,42.81,34.5,3305,51.641,82.62,1
2026-09-01T21:18:19.702,1.468,2,50,50,50,50,10.9,11.1,0.11,0.28,0.10,0.06,0.29,-0.21,0.11,0.28,-0.49,0.31,5.62,5.67,101,011,0,0,1927,1975,2009,1865,1968,1950,42.81,34.5,3307,51.672,82.67,1
2026-09-01T21:18:19.713,1.479,2,50,50,51,50,11.2,10.8,-0.17,0.38,0.14,0.06,0.12,-0.04,-0.17,0.38,-0.71,0.38,5.55,5.67,100,011,0,0,1931,1981,2001,1865,1968,1951,42.81,34.5,3302,51.594,82.55,1
2026-09-01T21:18:19.723,1.490,2,50,50,50,50,11.9,11.4,-0.06,0.43,0.12,0.10,-0.14,0.29,-0.06,0.43,-0.57,0.02,5.61,5.67,110,010,0,0,1941,1983,1988,1870,1981,1949,42.81,34.5,3308,51.688,82.70,1
2026-09-01T21:18:19.734,1.501,2,50,50,49,50,11.6,11.9,0.01,0.25,0.16,0.08,-0.40,0.29,0.01,0.25,-0.12,-0.41,5.66,5.67,010,110,0,0,1933,1992,1996,1867,1979,1931,42.81,34.5,3311,51.734,82.78,1
2026-09-01T21:18:19.745,1.511,2,50,50,50,50,10.7,12.1,0.29,0.03,0.08,0.10,-0.18,0.17,0.29,0.03,0.21,-0.69,5.62,5.67,011,100,0,0,1929,1985,1996,1868,1971,1931,42.81,34.5,3309,51.703,82.72,1
2026-09-01T21:18:19.756,1.522,2,50,50,50,50,11.0,11.9,0.48,-0.12,0.16,0.08,0.03,-0.14,0.48,-0.12,0.35,-0.53,5.62,5.67,011,101,0,0,1933,1992,2006,1867,1959,1949,42.81,34.5,3311,51.734,82.78,1
2026-09-01T21:18:19.767,1.533,2,50,50,50,50,11.4,11.0,0.45,-0.06,0.12,0.08,0.25,-0.28,0.45,-0.06,0.08,-0.16,5.62,5.67,001,001,0,0,1930,1980,2010,1866,1965,1951,42.81,34.5,3307,51.672,82.67,1
2026-09-01T21:18:19.778,1.544,2,50,50,50,50,11.8,11.2,0.22,0.28,0.06,0.06,0.28,-0.22,0.22,0.28,-0.36,0.26,5.62,5.67,101,001,0,0,1937,1973,2005,1869,1966,1957,42.81,34.5,3308,51.688,82.70,1
2026-09-01T21:18:19.788,1.555,2,50,50,50,51,11.9,11.7,0.03,0.52,0.08,0.06,0.18,-0.05,0.03,0.52,-0.68,0.47,5.62,5.60,100,011,0,0,1930,1969,2001,1868,1971,1955,42.81,34.5,3308,51.688,82.70,1
2026-09-01T21:18:19.799,1.566,2,50,50,50,50,11.7,12.0,-0.11,0.52,0.10,0.10,-0.12,0.18,-0.11,0.52,-0.65,0.26,5.62,5.66,110,010,0,0,1930,1980,1992,1867,1983,1947,42.81,34.5,3307,51.672,82.67,1
2026-09-01T21:18:19.810,1.576,2,50,50,49,49,10.8,12.0,-0.15,0.30,0.04,0.06,-0.13,0.24,-0.15,0.30,-0.34,-0.31,5.67,5.71,010,110,0,0,1931,1981,2000,1867,1979,1933,42.81,34.5,3309,51.703,82.72,1
2026-09-01T21:18:19.821,1.587,2,50,50,49,50,11.4,11.7,0.26,0.06,0.10,0.08,-0.24,0.15,0.26,0.06,0.16,-0.66,5.69,5.67,010,100,0,0,1930,1992,1992,1866,1972,1932,42.81,34.5,3309,51.703,82.72,1
2026-09-01T21:18:19.832,1.598,2,50,50,50,50,11.9,11.1,0.46,-0.14,0.36,0.12,-0.10,-0.12,0.46,-0.14,0.40,-0.63,5.63,5.67,011,101,0,0,1929,1988,2001,1867,1959,1947,42.81,34.5,3309,51.703,82.72,1
2026-09-01T21:18:19.843,1.609,2,50,50,51,50,11.8,11.0,0.47,-0.04,0.08,0.08,0.15,-0.25,0.47,-0.04,0.21,-0.31,5.57,5.67,001,101,0,0,1925,1983,2027,1861,1960,1944,42.81,34.5,3310,51.719,82.75,1
2026-09-01T21:18:19.854,1.620,2,50,50,50,49,11.8,12.0,0.27,0.23,0.16,0.10,0.25,-0.28,0.27,0.23,-0.28,0.10,5.62,5.73,101,001,0,0,1931,1973,2011,1865,1962,1952,42.81,34.5,3309,51.703,82.72,1
2026-09-01T21:18:19.865,1.631,2,50,50,50,51,11.6,11.9,0.01,0.44,0.08,0.08,0.21,-0.18,0.01,0.44,-0.71,0.43,5.62,5.62,100,011,0,0,1933,1978,2021,1861,1980,1958,42.81,34.5,3307,51.672,82.67,1
2026-09-01T21:18:19.876,1.642,2,50,50,50,51,11.1,11.6,-0.22,0.43,0.16,0.08,-0.01,0.06,-0.22,0.43,-0.82,0.34,5.62,5.61,110,010,0,0,1933,1981,1992,1867,1975,1945,42.81,34.5,3306,51.656,82.65,1
2026-09-01T21:18:19.886,1.653,2,50,50,50,49,10.8,11.3,-0.11,0.37,0.10,0.08,-0.25,0.49,-0.11,0.37,-0.48,-0.32,5.62,5.71,110,110,0,0,1928,1983,1998,1867,1979,1936,42.81,34.5,3310,51.719,82.75,1
2026-09-01T21:18:19.897,1.664,2,50,50,49,49,11.9,10.6,0.23,0.05,0.16,0.06,-0.30,0.20,0.23,0.05,-0.03,-0.57,5.68,5.72,010,110,0,0,1930,1992,1992,1866,1969,1937,42.81,34.5,3310,51.719,82.75,1
2026-09-01T21:18:19.908,1.674,2,50,50,50,50,11.9,11.2,0.37,-0.12,0.08,0.06,-0.21,0.03,0.37,-0.12,0.28,-0.73,5.63,5.67,011,100,0,0,1929,1988,2004,1867,1963,1943,42.81,34.5,3310,51.719,82.75,1
2026-09-01T21:18:19.919,1.685,2,50,50,50,50,11.5,11.8,0.51,-0.01,0.12,-0.02,0.06,-0.15,0.51,-0.01,0.19,-0.43,5.63,5.67,001,101,0,0,1929,1988,2012,1867,1960,1945,42.81,34.5,3311,51.734,82.78,1
2026-09-01T21:18:19.930,1.696,2,50,50,50,50,11.1,11.9,0.27,0.12,0.06,0.08,0.23,-0.32,0.27,0.12,-0.21,0.05,5.63,5.67,101,001,0,0,1927,1977,2011,1865,1964,1951,42.81,34.5,3307,51.672,82.67,1
2026-09-01T21:18:19.941,1.707,2,50,50,50,50,10.6,11.3,0.06,0.31,0.28,0.10,0.19,-0.21,0.06,0.31,-0.59,0.39,5.63,5.67,101,011,0,0,1928,1973,2005,1865,1970,1951,42.81,34.5,3308,51.688,82.70,1
2026-09-01T21:18:19.952,1.718,2,50,50,50,51,11.0,10.4,-0.20,0.42,0.06,0.06,0.11,0.05,-0.20,0.42,-0.83,0.41,5.63,5.61,100,010,0,0,1927,1977,2000,1866,1971,1947,42.81,34.5,3307,51.672,82.67,1
2026-09-01T21:18:19.962,1.729,2,50,50,50,51,11.8,10.8,-0.13,0.31,0.14,-0.04,-0.14,0.22,-0.13,0.31,-0.60,0.10,5.63,5.60,110,010,0,0,1929,1983,1998,1865,1975,1939,42.81,34.5,3308,51.688,82.70,1
2026-09-01T21:18:19.973,1.739,2,50,50,51,49,11.8,11.7,0.09,0.22,0.16,0.08,-0.35,0.31,0.09,0.22,-0.05,-0.42,5.57,5.72,010,110,0,0,1943,1988,1992,1870,1981,1937,42.81,34.5,3310,51.719,82.75,1
2026-09-01T21:18:19.984,1.750,2,50,50,50,49,11.3,12.1,0.32,0.03,0.10,0.10,-0.21,0.17,0.32,0.03,0.19,-0.65,5.62,5.73,011,100,0,0,1930,1987,2000,1868,1972,1932,42.81,34.5,3310,51.719,82.75,1
2026-09-01T21:18:19.995,1.761,2,50,50,50,50,10.4,12.0,0.38,-0.07,0.10,0.08,0.23,-0.16,0.38,-0.07,0.20,-0.46,5.62,5.68,001,101,0,0,1928,1996,1994,1867,1959,1945,42.81,34.5,3309,51.703,82.72,1
2026-09-01T21:18:20.008,1.774,2,50,50,50,50,11.0,11.3,0.47,0.00,0.10,0.06,0.30,-0.31,0.47,0.00,-0.11,-0.06,5.62,5.68,001,001,0,0,1931,1983,2012,1867,1963,1949,42.81,34.5,3307,51.672,82.67,1
2026-09-01T21:18:20.017,1.783,2,50,50,50,50,11.3,10.8,0.17,0.27,0.14,0.06,0.33,-0.19,0.17,0.27,-0.54,0.32,5.62,5.68,101,001,0,0,1932,1973,2009,1866,1964,1951,42.81,34.5,3308,51.688,82.70,1
2026-09-01T21:18:20.027,1.794,2,50,50,49,50,12.0,11.7,0.02,0.52,0.10,0.10,0.11,-0.01,0.02,0.52,-0.82,0.49,5.68,5.68,100,011,0,0,1929,1971,2003,1866,1970,1951,42.81,34.5,3309,51.703,82.72,1
2026-09-01T21:18:20.038,1.805,2,50,50,50,50,12.0,11.9,-0.04,0.56,0.40,0.16,-0.13,0.25,-0.04,0.56,-0.74,0.24,5.63,5.68,110,010,0,0,1929,1982,1992,1867,1981,1945,42.81,34.5,3308,51.688,82.70,1
2026-09-01T21:18:20.049,1.816,2,50,50,51,50,11.4,12.0,0.01,0.29,0.08,0.08,-0.39,0.25,0.01,0.29,-0.24,-0.15,5.57,5.68,010,110,0,0,1929,1992,1998,1867,1979,1931,42.81,34.5,3310,51.719,82.75,1
2026-09-01T21:18:20.060,1.826,2,50,50,50,50,10.2,11.8,0.12,0.09,0.08,0.06,0.06,0.13,0.12,0.09,0.09,-0.48,5.56,5.68,011,100,0,0,1929,1988,1974,1867,1971,1931,42.81,34.5,3310,51.719,82.75,1
2026-09-01T21:18:20.071,1.837,2,50,50,50,50,11.4,11.3,0.50,-0.16,0.18,0.08,0.00,-0.12,0.50,-0.16,0.27,-0.48,5.62,5.68,011,101,0,0,1954,1998,1998,1871,1963,1952,42.81,34.5,3310,51.719,82.75,1
2026-09-01T21:18:20.082,1.848,2,50,50,51,50,11.6,10.8,0.53,-0.02,0.08,0.08,0.21,-0.24,0.53,-0.02,0.03,-0.17,5.55,5.68,001,101,0,0,1931,1983,2014,1867,1962,1948,42.81,34.5,3311,51.734,82.78,1
2026-09-01T21:18:20.093,1.859,2,50,50,50,50,11.9,11.8,0.27,0.24,0.14,0.06,0.28,-0.25,0.27,0.24,-0.40,0.30,5.60,5.68,101,001,0,0,1932,1972,2012,1866,1962,1951,42.81,34.5,3308,51.688,82.70,1
2026-09-01T21:18:20.104,1.870,2,50,50,50,50,11.9,12.0,0.05,0.46,0.10,0.08,0.18,-0.16,0.05,0.46,-0.72,0.50,5.60,5.68,100,011,0,0,1930,1968,2002,1868,1971,1955,42.81,34.5,3308,51.688,82.70,1
2026-09-01T21:18:20.115,1.881,2,50,50,50,50,11.5,11.9,-0.19,0.53,0.12,0.08,-0.08,0.10,-0.19,0.53,-0.73,0.38,5.60,5.68,110,010,0,0,1932,1980,1993,1867,1979,1947,42.81,34.5,3307,51.672,82.67,1
2026-09-01T21:18:20.125,1.892,2,50,50,50,50,10.3,11.4,-0.08,0.26,0.08,0.08,-0.28,0.23,-0.08,0.26,-0.39,-0.09,5.60,5.68,110,110,0,0,1929,1988,1998,1867,1977,1935,42.81,34.5,3310,51.719,82.75,1
2026-09-01T21:18:20.136,1.903,2,50,50,50,50,11.4,10.9,0.19,0.06,0.14,0.04,-0.24,0.13,0.19,0.06,0.10,-0.44,5.60,5.68,010,110,0,0,1931,1991,1997,1865,1972,1936,42.81,34.5,3304,51.625,82.60,1
2026-09-01T21:18:20.147,1.913,2,50,50,50,49,11.9,11.2,0.45,-0.10,0.10,0.06,-0.16,0.05,0.45,-0.10,0.41,-0.67,5.60,5.74,011,100,0,0,1946,1989,1996,1870,1970,1947,42.81,34.5,3310,51.719,82.75,1
2026-09-01T21:18:20.158,1.924,2,50,50,49,50,11.8,11.7,0.54,0.01,0.08,0.08,0.07,-0.17,0.54,0.01,0.17,-0.36,5.66,5.69,001,101,0,0,1929,1982,2012,1867,1959,1947,42.81,34.5,3311,51.734,82.78,1
2026-09-01T21:18:20.169,1.935,2,50,50,50,50,11.6,12.0,0.28,0.16,0.06,0.06,0.23,-0.31,0.28,0.16,-0.25,0.10,5.62,5.69,101,001,0,0,1929,1973,2009,1867,1962,1951,42.81,34.5,3308,51.688,82.70,1
2026-09-01T21:18:20.180,1.946,2,50,50,50,50,11.3,11.5,0.00,0.34,0.06,0.06,0.09,-0.21,0.00,0.34,-0.62,0.41,5.62,5.69,100,011,0,0,1928,1972,2003,1866,1967,1951,42.81,34.5,3308,51.688,82.70,1
2026-09-01T21:18:20.191,1.957,2,50,50,50,51,10.6,10.8,-0.23,0.44,0.06,0.06,0.00,0.06,-0.23,0.44,-0.71,0.40,5.62,5.63,100,010,0,0,1932,1982,1996,1866,1975,1949,42.81,34.5,3307,51.672,82.67,1
2026-09-01T21:18:20.201,1.968,2,50,50,50,51,11.3,10.5,-0.14,0.28,0.08,0.06,-0.18,0.22,-0.14,0.28,-0.52,0.06,5.62,5.63,110,010,0,0,1931,1981,1996,1867,1975,1939,42.81,34.5,3302,51.594,82.55,1
2026-09-01T21:18:20.212,1.979,2,50,50,51,50,11.7,11.4,0.12,0.15,0.16,0.08,-0.31,0.27,0.12,0.15,0.03,-0.42,5.55,5.68,010,110,0,0,1931,1990,1998,1867,1975,1933,42.81,34.5,3310,51.719,82.75,1
2026-09-01T21:18:20.223,1.989,2,50,50,50,49,11.6,12.1,0.34,0.03,0.06,0.06,-0.21,0.17,0.34,0.03,0.38,-0.70,5.60,5.74,011,100,0,0,1929,1986,2001,1868,1971,1931,42.81,34.5,3310,51.719,82.75,1
2026-09-01T21:18:20.234,2.000,2,50,50,50,50,11.0,12.1,0.47,-0.02,0.16,0.08,0.08,-0.17,0.47,-0.02,0.31,-0.49,5.60,5.69,001,101,0,0,1931,1988,2008,1867,1955,1945,42.81,34.5,3309,51.703,82.72,1
2026-09-01T21:18:20.245,2.011,2,50,50,50,50,10.4,11.6,0.39,0.06,0.14,0.02,0.28,-0.32,0.39,0.06,-0.05,-0.05,5.60,5.69,101,001,0,0,1930,1980,2008,1867,1961,1951,42.81,34.5,3307,51.672,82.67,1
2026-09-01T21:18:20.256,2.022,2,50,50,50,50,10.7,10.4,0.07,0.20,0.12,0.04,0.25,-0.02,0.07,0.20,-0.48,0.21,5.60,5.69,101,011,0,0,1932,1973,2006,1866,1959,1951,42.81,34.5,3307,51.672,82.67,1
2026-09-01T21:18:20.266,2.033,2,50,50,50,50,11.4,11.5,-0.11,0.50,0.10,0.08,0.13,0.00,-0.11,0.50,-0.72,0.43,5.60,5.69,100,011,0,0,1930,1976,2000,1868,1971,1954,42.81,34.5,3308,51.688,82.70,1
2026-09-01T21:18:20.277,2.044,2,50,50,50,51,11.9,11.7,-0.10,0.46,0.08,0.08,-0.14,0.25,-0.10,0.46,-0.53,0.15,5.60,5.63,110,010,0,0,1929,1983,1996,1867,1979,1945,42.81,34.5,3308,51.688,82.70,1
2026-09-01T21:18:20.288,2.055,2,50,50,50,50,11.5,12.0,0.01,0.28,0.12,0.12,-0.38,0.26,0.01,0.28,-0.03,-0.25,5.60,5.68,010,110,0,0,1929,1991,1998,1867,1979,1930,42.81,34.5,3311,51.734,82.78,1
2026-09-01T21:18:20.299,2.065,2,50,50,50,49,10.6,12.1,0.30,0.12,0.06,0.10,-0.19,0.15,0.30,0.12,0.29,-0.67,5.60,5.74,011,100,0,0,1940,1990,1992,1870,1975,1935,42.81,34.5,3309,51.703,82.72,1
2026-09-01T21:18:20.310,2.076,2,50,50,50,50,11.1,11.7,0.48,-0.11,0.14,0.08,0.04,-0.16,0.48,-0.11,0.40,-0.63,5.60,5.69,011,101,0,0,1929,1992,2004,1867,1957,1944,42.81,34.5,3310,51.719,82.75,1
2026-09-01T21:18:20.321,2.087,2,50,50,50,50,11.4,10.5,0.51,-0.02,0.10,0.08,0.27,-0.30,0.51,-0.02,0.08,-0.26,5.60,5.69,001,101,0,0,1931,1983,2028,1861,1961,1949,42.81,34.5,3311,51.734,82.78,1
2026-09-01T21:18:20.332,2.098,2,50,50,50,50,11.7,11.5,0.22,0.23,0.14,0.06,0.28,-0.25,0.22,0.23,-0.35,0.22,5.60,5.69,101,001,0,0,1933,1971,2011,1866,1964,1951,42.81,34.5,3308,51.688,82.70,1
2026-09-01T21:18:20.343,2.109,2,50,50,50,49,11.9,12.2,-0.01,0.52,0.12,0.10,0.22,-0.15,-0.01,0.52,-0.74,0.31,5.60,5.75,100,011,0,0,1929,1973,2005,1867,1970,1956,42.81,34.5,3308,51.688,82.70,1
2026-09-01T21:18:20.354,2.120,2,50,50,50,51,11.8,11.9,-0.11,0.51,0.18,0.08,-0.12,0.14,-0.11,0.51,-0.65,0.14,5.60,5.64,110,010,0,0,1943,1981,1984,1870,1983,1951,42.81,34.5,3308,51.688,82.70,1
2026-09-01T21:18:20.365,2.131,2,50,50,50,50,10.9,11.8,-0.07,0.29,0.08,0.10,-0.29,0.23,-0.07,0.29,-0.27,-0.27,5.60,5.69,010,110,0,0,1929,1988,1999,1867,1978,1933,42.81,34.5,3310,51.719,82.75,1
2026-09-01T21:18:20.376,2.142,2,50,50,50,49,11.1,11.7,0.27,0.07,0.14,0.04,-0.27,0.75,0.27,0.07,0.18,-0.94,5.60,5.74,010,100,0,0,1932,1991,1994,1865,1988,1939,42.81,34.5,3309,51.703,82.72,1
2026-09-01T21:18:20.386,2.153,2,50,50,50,49,11.7,10.8,0.43,-0.15,0.08,0.08,-0.05,0.00,0.43,-0.15,0.38,-0.87,5.60,5.76,011,100,0,0,1930,1992,2004,1867,1961,1943,42.81,34.5,3310,51.719,82.75,1
2026-09-01T21:18:20.397,2.164,2,50,50,50,51,11.9,11.2,0.47,-0.06,0.06,0.06,0.16,-0.27,0.47,-0.06,0.19,-0.49,5.60,5.64,001,101,0,0,1929,1983,2014,1867,1961,1949,42.81,34.5,3310,51.719,82.75,1
2026-09-01T21:18:20.409,2.175,2,50,50,50,50,11.8,12.0,0.24,0.20,0.12,0.10,0.26,-0.28,0.24,0.20,-0.27,-0.01,5.60,5.69,101,001,0,0,1927,1974,2012,1867,1959,1951,42.81,34.5,3309,51.703,82.72,1
2026-09-01T21:18:20.419,2.185,2,50,50,50,50,11.6,11.8,0.00,0.36,0.06,0.06,0.25,-0.21,0.00,0.36,-0.69,0.23,5.60,5.69,100,011,0,0,1928,1972,2003,1865,1970,1951,42.81,34.5,3307,51.672,82.67,1
2026-09-01T21:18:20.430,2.196,2,50,50,50,51,10.9,11.2,-0.20,0.43,0.08,0.08,-0.03,0.04,-0.20,0.43,-0.75,0.20,5.60,5.63,100,010,0,0,1926,1983,1996,1865,1977,1945,42.81,34.5,3363,52.547,84.08,1
2026-09-01T21:18:20.441,2.207,2,50,50,50,50,10.9,10.6,-0.16,0.24,0.08,0.10,-0.23,0.29,-0.16,0.24,-0.44,-0.19,5.60,5.67,110,110,0,0,1933,1990,2015,1861,1979,1947,42.81,34.5,3310,51.719,82.75,1
2026-09-01T21:18:20.452,2.218,2,50,50,50,50,11.7,10.8,0.16,0.10,0.14,0.06,-0.27,0.19,0.16,0.10,0.09,-0.54,5.60,5.67,010,110,0,0,1932,1988,1996,1867,1971,1935,42.81,34.5,3310,51.719,82.75,1
2026-09-01T21:18:20.463,2.229,2,50,50,50,49,11.8,11.9,0.40,0.00,0.06,0.08,-0.24,0.15,0.40,0.00,0.35,-0.85,5.60,5.74,011,100,0,0,1930,1988,2002,1868,1967,1935,42.81,34.5,3310,51.719,82.75,1
2026-09-01T21:18:20.473,2.240,2,50,50,50,50,11.4,12.1,0.49,0.01,0.06,0.08,0.06,-0.15,0.49,0.01,0.24,-0.60,5.60,5.69,001,101,0,0,1933,1983,2012,1867,1956,1945,42.81,34.5,3311,51.734,82.78,1
2026-09-01T21:18:20.484,2.251,2,50,50,50,50,11.1,11.8,0.25,0.09,0.08,0.08,0.22,-0.34,0.25,0.09,-0.14,-0.13,5.60,5.69,101,001,0,0,1930,1976,2008,1867,1963,1951,42.81,34.5,3307,51.672,82.67,1
2026-09-01T21:18:20.495,2.261,2,50,50,50,49,10.7,11.0,0.04,0.33,0.16,0.08,0.18,-0.05,0.04,0.33,-0.54,0.08,5.60,5.74,101,011,0,0,1931,1975,2005,1865,1960,1956,42.81,34.5,3306,51.656,82.65,1
2026-09-01T21:18:20.506,2.272,2,50,50,49,49,11.2,11.3,-0.19,0.48,0.08,0.08,0.12,0.03,-0.19,0.48,-0.87,0.24,5.67,5.75,100,011,0,0,1928,1979,2001,1867,1970,1956,42.81,34.5,3308,51.688,82.70,1
2026-09-01T21:18:20.517,2.283,2,50,50,50,50,11.7,11.6,-0.11,0.43,0.16,0.08,-0.16,0.26,-0.11,0.43,-0.60,-0.05,5.62,5.70,110,010,0,0,1933,1983,1998,1867,1977,1944,42.81,34.5,3308,51.688,82.70,1
2026-09-01T21:18:20.528,2.294,2,50,50,51,50,11.7,11.9,0.08,0.23,0.10,0.08,-0.36,0.29,0.08,0.23,-0.04,-0.46,5.55,5.70,010,110,0,0,1941,1990,1994,1871,1981,1937,42.81,34.5,3310,51.719,82.75,1
2026-09-01T21:18:20.539,2.305,2,50,50,50,50,11.3,12.2,0.30,0.06,0.06,0.10,-0.22,0.17,0.30,0.06,0.25,-0.76,5.60,5.70,011,100,0,0,1939,1992,1996,1870,1973,1935,42.81,34.5,3310,51.719,82.75,1
2026-09-01T21:18:20.550,2.317,2,50,50,50,50,10.4,12.0,0.36,-0.10,0.06,0.10,0.25,-0.17,0.36,-0.10,0.17,-0.65,5.60,5.70,001,101,0,0,1927,1992,2004,1867,1957,1944,42.81,34.5,3310,51.719,82.75,1
2026-09-01T21:18:20.560,2.327,2,50,50,50,50,10.9,11.1,0.40,-0.07,0.08,0.06,0.31,-0.29,0.40,-0.07,-0.10,-0.27,5.60,5.70,001,001,0,0,1929,1983,2014,1867,1963,1949,42.81,34.5,3308,51.688,82.70,1
2026-09-01T21:18:20.571,2.338,2,50,50,50,50,11.3,11.1,0.13,0.24,0.06,0.06,0.29,-0.23,0.13,0.24,-0.51,0.15,5.60,5.70,101,001,0,0,1928,1973,2008,1866,1964,1950,42.81,34.5,3308,51.688,82.70,1
2026-09-01T21:18:20.582,2.348,2,50,50,50,50,11.8,11.9,-0.01,0.54,0.06,0.06,0.13,-0.08,-0.01,0.54,-0.76,0.35,5.60,5.70,100,011,0,0,1929,1974,2002,1868,1972,1956,42.81,34.5,3308,51.688,82.70,1
2026-09-01T21:18:20.593,2.359,2,50,50,50,51,11.9,11.9,-0.08,0.51,0.18,0.08,-0.13,0.18,-0.08,0.51,-0.65,0.13,5.60,5.64,110,010,0,0,1933,1980,1992,1867,1979,1947,42.81,34.5,3308,51.688,82.70,1
2026-09-01T21:18:20.604,2.370,2,50,50,50,50,11.4,12.0,0.00,0.29,0.08,0.10,-0.42,0.20,0.00,0.29,-0.15,-0.34,5.60,5.69,010,110,0,0,1929,1992,1996,1867,1979,1931,42.81,34.5,3310,51.719,82.75,1
2026-09-01T21:18:20.615,2.381,2,50,50,50,50,10.4,11.8,0.12,0.10,0.14,0.08,-0.20,0.13,0.12,0.10,0.23,-0.68,5.60,5.69,011,100,0,0,1932,1984,1995,1868,1972,1932,42.81,34.5,3308,51.688,82.70,1
2026-09-01T21:18:20.626,2.392,2,50,50,50,50,11.4,11.2,0.49,-0.16,0.40,0.12,-0.01,-0.09,0.49,-0.16,0.41,-0.72,5.60,5.69,011,101,0,0,1930,1992,2004,1867,1959,1945,42.81,34.5,3308,51.688,82.70,1
2026-09-01T21:18:20.636,2.403,2,50,50,49,50,11.9,11.0,0.52,-0.06,0.16,0.06,0.19,-0.23,0.52,-0.06,0.13,-0.40,5.66,5.69,001,101,0,0,1934,1983,2015,1867,1962,1945,42.81,34.5,3310,51.719,82.75,1
2026-09-01T21:18:20.647,2.414,2,50,50,50,49,11.9,12.1,0.26,0.23,0.08,0.08,0.35,-0.26,0.26,0.23,-0.32,0.04,5.62,5.75,101,001,0,0,1929,1973,2013,1867,1960,1956,42.81,34.5,3308,51.688,82.70,1
2026-09-01T21:18:20.658,2.424,2,50,50,50,50,11.9,12.0,0.02,0.45,0.38,0.12,0.15,-0.20,0.02,0.45,-0.65,0.35,5.62,5.70,100,011,0,0,1929,1969,2001,1866,1971,1951,42.81,34.5,3308,51.688,82.70,1
2026-09-01T21:18:20.669,2.435,2,50,50,50,51,11.5,11.6,-0.23,0.47,0.04,0.08,-0.02,0.06,-0.23,0.47,-0.71,0.25,5.62,5.64,110,010,0,0,1949,1990,1990,1871,1979,1950,42.81,34.5,3308,51.688,82.70,1
2026-09-01T21:18:20.680,2.446,2,50,50,50,50,10.4,11.3,-0.07,0.33,0.32,0.14,-0.27,0.46,-0.07,0.33,-0.33,-0.34,5.62,5.69,110,110,0,0,1927,1988,1998,1866,1977,1939,42.81,34.5,3310,51.719,82.75,1
2026-09-01T21:18:20.691,2.457,2,50,50,51,50,11.2,10.6,0.19,0.04,0.06,0.06,-0.22,0.21,0.19,0.04,0.14,-0.63,5.55,5.69,010,110,0,0,1927,1985,1996,1867,1971,1935,42.81,34.5,3310,51.719,82.75,1
2026-09-01T21:18:20.702,2.468,2,50,50,50,50,11.9,11.2,0.48,-0.15,0.06,0.08,-0.18,0.06,0.48,-0.15,0.38,-0.78,5.60,5.69,011,100,0,0,1929,1992,2004,1867,1963,1941,42.81,34.5,3310,51.719,82.75,1
2026-09-01T21:18:20.713,2.479,2,50,50,50,50,11.8,11.8,0.56,0.01,0.16,0.08,0.09,-0.15,0.56,0.01,0.27,-0.51,5.60,5.69,001,101,0,0,1933,1983,2014,1867,1957,1945,42.81,34.5,3311,51.734,82.78,1
2026-09-01T21:18:20.724,2.490,2,50,50,50,50,11.5,12.0,0.27,0.13,0.08,0.08,0.20,-0.31,0.27,0.13,-0.13,-0.03,5.60,5.69,101,001,0,0,1930,1974,2012,1867,1960,1950,42.81,34.5,3309,51.703,82.72,1
2026-09-01T21:18:20.734,2.501,2,50,50,49,50,11.2,11.4,-0.01,0.32,0.12,0.06,0.29,-0.18,-0.01,0.32,-0.57,0.28,5.66,5.69,100,011,0,0,1930,1977,2007,1864,1966,1950,42.81,34.5,3307,51.672,82.67,1
2026-09-01T21:18:20.745,2.511,2,50,50,49,51,10.6,10.6,-0.23,0.41,0.06,0.04,0.03,0.06,-0.23,0.41,-0.69,0.30,5.67,5.63,100,010,0,0,1930,1980,1994,1867,1974,1949,42.81,34.5,3307,51.672,82.67,1
2026-09-01T21:18:20.756,2.522,2,50,50,50,51,11.5,10.7,-0.16,0.30,0.16,0.04,-0.18,0.22,-0.16,0.30,-0.43,-0.02,5.62,5.62,110,010,0,0,1931,1983,1998,1865,1975,1939,42.81,34.5,3309,51.703,82.72,1
2026-09-01T21:18:20.767,2.533,2,50,50,50,50,11.9,11.6,0.15,0.17,0.08,0.06,-0.25,0.32,0.15,0.17,0.06,-0.56,5.62,5.67,010,110,0,0,1930,1988,2008,1862,1973,1931,42.81,34.5,3310,51.719,82.75,1
2026-09-01T21:18:20.778,2.544,2,50,50,50,50,11.6,12.0,0.32,0.04,0.06,0.08,-0.23,0.16,0.32,0.04,0.39,-0.78,5.62,5.67,011,100,0,0,1931,1992,2018,1862,1973,1931,42.81,34.5,3310,51.719,82.75,1
2026-09-01T21:18:20.789,2.555,2,50,50,50,50,10.9,12.0,0.45,-0.06,0.10,0.10,0.08,-0.16,0.45,-0.06,0.35,-0.59,5.62,5.67,001,101,0,0,1927,1980,2025,1866,1957,1941,42.81,34.5,3309,51.703,82.72,1
2026-09-01T21:18:20.799,2.566,2,50,50,50,50,10.3,11.4,0.38,0.00,0.06,0.04,0.30,-0.30,0.38,0.00,-0.02,-0.20,5.62,5.67,001,001,0,0,1927,1978,2008,1866,1963,1951,42.81,34.5,3305,51.641,82.62,1
2026-09-01T21:18:20.810,2.577,2,50,50,50,50,10.9,10.7,0.10,0.26,0.06,0.06,0.25,-0.20,0.10,0.26,-0.41,0.19,5.62,5.67,101,001,0,0,1944,1973,1999,1869,1970,1956,42.81,34.5,3308,51.688,82.70,1
2026-09-01T21:18:20.821,2.587,2,50,50,50,50,11.5,11.6,-0.08,0.47,0.10,0.10,0.14,-0.01,-0.08,0.47,-0.65,0.37,5.62,5.67,100,011,0,0,1932,1976,2016,1862,1971,1951,42.81,34.5,3308,51.688,82.70,1
2026-09-01T21:18:20.832,2.598,2,50,50,50,50,11.9,11.9,-0.05,0.52,0.18,0.08,-0.14,0.24,-0.05,0.52,-0.50,0.10,5.62,5.67,110,010,0,0,1933,1982,1992,1867,1979,1945,42.81,34.5,3308,51.688,82.70,1
2026-09-01T21:18:20.843,2.609,2,50,50,49,50,11.5,12.0,0.00,0.29,0.08,0.08,-0.41,0.24,0.00,0.29,-0.05,-0.33,5.67,5.67,010,110,0,0,1929,1992,1998,1867,1979,1931,42.81,34.5,3311,51.734,82.78,1
2026-09-01T21:18:20.854,2.620,2,50,50,50,50,10.7,12.0,0.29,0.06,0.14,0.06,-0.20,0.16,0.29,0.06,0.27,-0.69,5.63,5.67,011,100,0,0,1932,1986,2000,1867,1971,1931,42.81,34.5,3309,51.703,82.72,1
2026-09-01T21:18:20.865,2.631,2,50,50,50,50,11.1,11.5,0.51,-0.21,0.32,0.12,0.04,-0.09,0.51,-0.21,0.40,-0.64,5.63,5.67,011,101,0,0,1930,1992,2004,1867,1961,1943,42.81,34.5,3310,51.719,82.75,1
2026-09-01T21:18:20.876,2.642,2,50,50,50,50,11.5,10.5,0.53,-0.03,0.16,0.06,0.28,-0.25,0.53,-0.03,0.10,-0.31,5.63,5.67,001,101,0,0,1933,1983,2015,1866,1963,1949,42.81,34.5,3310,51.719,82.75,1
2026-09-01T21:18:20.886,2.653,2,50,50,50,50,11.8,11.6,0.23,0.23,0.06,0.06,0.31,-0.23,0.23,0.23,-0.34,0.16,5.63,5.67,101,001,0,0,1930,1971,2011,1867,1962,1951,42.81,34.5,3308,51.688,82.70,1
2026-09-01T21:18:20.897,2.664,2,50,50,51,50,11.8,12.0,0.00,0.51,0.06,0.06,0.19,-0.14,0.00,0.51,-0.67,0.45,5.57,5.67,100,011,0,0,1929,1971,2003,1867,1972,1956,42.81,34.5,3308,51.688,82.70,1
2026-09-01T21:18:20.908,2.675,2,50,50,50,50,11.7,11.9,-0.08,0.52,0.40,0.14,-0.12,0.12,-0.08,0.52,-0.62,0.28,5.62,5.67,110,010,0,0,1930,1980,1992,1867,1979,1947,42.81,34.5,3307,51.672,82.67,1
2026-09-01T21:18:20.919,2.685,2,50,50,49,50,10.7,11.5,-0.08,0.27,0.06,0.06,0.03,0.24,-0.08,0.27,-0.36,-0.19,5.62,5.67,010,110,0,0,1930,1956,2001,1866,1979,1939,42.81,34.5,3307,51.672,82.67,1
2026-09-01T21:18:20.930,2.696,2,50,50,49,50,11.5,11.1,0.29,0.00,0.06,0.06,-0.26,0.20,0.29,0.00,0.13,-0.57,5.68,5.67,010,100,0,0,1929,1991,1993,1866,1970,1935,42.81,34.5,3309,51.703,82.72,1
2026-09-01T21:18:20.941,2.707,2,50,50,50,50,11.8,10.7,0.50,-0.15,0.08,0.08,-0.12,-0.04,0.50,-0.15,0.38,-0.68,5.63,5.67,011,100,0,0,1929,1994,2006,1867,1961,1943,42.81,34.5,3311,51.734,82.78,1
2026-09-01T21:18:20.952,2.718,2,50,50,50,50,11.9,11.6,0.49,-0.03,0.16,0.08,0.14,-0.18,0.49,-0.03,0.21,-0.41,5.63,5.67,001,101,0,0,1933,1983,2015,1867,1959,1944,42.81,34.5,3311,51.734,82.78,1
2026-09-01T21:18:20.962,2.729,2,50,50,50,50,11.8,12.0,0.26,0.16,0.10,0.06,0.21,-0.31,0.26,0.16,-0.23,0.07,5.63,5.67,101,001,0,0,1929,1972,2011,1866,1962,1954,42.81,34.5,3308,51.688,82.70,1
2026-09-01T21:18:20.973,2.740,2,50,50,50,51,11.5,11.5,-0.02,0.34,0.14,0.06,0.22,-0.22,-0.02,0.34,-0.65,0.41,5.63,5.61,100,011,0,0,1932,1971,2002,1866,1971,1951,42.81,34.5,3307,51.672,82.67,1
2026-09-01T21:18:20.984,2.750,2,50,50,50,50,10.8,10.9,-0.21,0.45,0.06,0.06,0.00,0.05,-0.21,0.45,-0.75,0.38,5.63,5.66,100,010,0,0,1930,1980,1996,1868,1975,1949,42.81,34.5,3307,51.672,82.67,1
2026-09-01T21:18:20.995,2.761,2,50,50,50,50,11.1,10.5,-0.15,0.29,0.24,-0.02,-0.22,0.22,-0.15,0.29,-0.45,0.05,5.63,5.66,110,010,0,0,1932,1986,1998,1866,1977,1939,42.81,34.5,3302,51.594,82.55,1
2026-09-01T21:18:21.006,2.772,2,50,50,50,49,11.8,11.6,0.18,0.18,0.08,0.06,-0.24,0.31,0.18,0.18,0.03,-0.56,5.63,5.72,010,110,0,0,1930,1988,1993,1867,1979,1935,42.81,34.5,3310,51.719,82.75,1
2026-09-01T21:18:21.017,2.783,2,50,50,50,50,11.8,11.8,0.38,-0.01,0.14,0.10,-0.26,0.13,0.38,-0.01,0.36,-0.75,5.63,5.67,011,100,0,0,1927,1990,2004,1867,1966,1934,42.81,34.5,3310,51.719,82.75,1
2026-09-01T21:18:21.027,2.794,2,50,50,51,50,11.3,12.0,0.41,-0.05,0.40,0.16,0.09,-0.17,0.41,-0.05,0.28,-0.49,5.57,5.67,001,101,0,0,1929,1983,2012,1867,1958,1945,42.81,34.5,3311,51.734,82.78,1
2026-09-01T21:18:21.038,2.805,2,50,50,50,49,11.0,11.6,0.39,0.04,0.10,0.08,0.66,-0.31,0.39,0.04,-0.35,-0.12,5.61,5.73,101,001,0,0,1928,1980,2016,1866,1963,1954,42.81,34.5,3306,51.656,82.65,1
2026-09-01T21:18:21.049,2.816,2,50,50,50,51,10.4,10.5,0.09,0.28,0.06,0.10,0.22,-0.19,0.09,0.28,-0.62,0.25,5.61,5.63,101,011,0,0,1935,1989,1965,1861,1972,1958,42.81,34.5,3307,51.672,82.67,1
2026-09-01T21:18:21.060,2.826,2,50,50,50,51,11.4,11.2,-0.17,0.43,0.44,0.12,0.13,0.00,-0.17,0.43,-0.87,0.41,5.61,5.62,100,011,0,0,1929,1976,2000,1867,1971,1951,42.81,34.5,3308,51.688,82.70,1
2026-09-01T21:18:21.071,2.837,2,50,50,50,51,11.8,11.6,-0.06,0.46,0.08,0.08,-0.15,0.27,-0.06,0.46,-0.65,0.12,5.61,5.61,110,010,0,0,1929,1983,1996,1867,1977,1943,42.81,34.5,3308,51.688,82.70,1
2026-09-01T21:18:21.082,2.848,2,50,50,49,49,11.8,12.1,0.08,0.30,0.50,0.16,-0.39,0.27,0.08,0.30,-0.17,-0.37,5.67,5.72,010,110,0,0,1930,1992,1996,1867,1981,1931,42.81,34.5,3310,51.719,82.75,1
2026-09-01T21:18:21.093,2.859,2,50,50,50,50,11.1,12.0,0.27,0.08,0.14,0.06,-0.20,0.16,0.27,0.08,0.16,-0.68,5.63,5.67,011,100,0,0,1932,1985,2000,1867,1971,1931,42.81,34.5,3309,51.703,82.72,1
2026-09-01T21:18:21.104,2.870,2,50,50,50,50,10.6,11.8,0.36,-0.11,0.10,0.10,0.05,-0.15,0.36,-0.11,0.32,-0.58,5.63,5.67,001,101,0,0,1928,1998,1986,1866,1959,1945,42.81,34.5,3306,51.656,82.65,1
2026-09-01T21:18:21.115,2.881,2,50,50,50,50,11.1,10.7,0.45,-0.11,0.18,0.08,0.30,-0.24,0.45,-0.11,-0.08,-0.21,5.63,5.67,001,001,0,0,1933,1982,2012,1866,1965,1947,42.81,34.5,3307,51.672,82.67,1
2026-09-01T21:18:21.127,2.893,2,50,50,50,50,11.5,11.5,0.18,0.22,0.08,0.06,0.32,-0.24,0.18,0.22,-0.47,0.23,5.63,5.67,101,001,0,0,1929,1972,2010,1866,1966,1951,42.81,34.5,3308,51.688,82.70,1
2026-09-01T21:18:21.136,2.903,2,50,50,50,50,11.9,12.0,0.00,0.51,0.14,0.06,0.19,-0.10,0.00,0.51,-0.78,0.49,5.63,5.67,100,011,0,0,1932,1971,2002,1867,1972,1956,42.81,34.5,3308,51.688,82.70,1
2026-09-01T21:18:21.147,2.914,2,50,50,50,51,11.9,11.9,-0.10,0.54,0.12,0.10,-0.11,0.14,-0.10,0.54,-0.69,0.32,5.63,5.61,110,010,0,0,1949,1983,1988,1871,1984,1949,42.81,34.5,3308,51.688,82.70,1
2026-09-01T21:18:21.158,2.924,2,50,50,51,49,11.3,11.8,0.01,0.33,0.08,0.08,-0.34,0.22,0.01,0.33,-0.27,-0.16,5.57,5.71,010,110,0,0,1927,1992,1998,1867,1981,1931,42.81,34.5,3310,51.719,82.75,1
2026-09-01T21:18:21.169,2.935,2,50,50,51,49,10.4,11.4,0.20,0.09,0.06,0.06,-0.30,0.13,0.20,0.09,0.19,-0.49,5.56,5.73,010,100,0,0,1929,1983,1994,1868,1971,1931,42.81,34.5,3302,51.594,82.55,1
2026-09-01T21:18:21.180,2.946,2,50,50,50,49,11.6,10.7,0.51,-0.18,0.10,0.08,-0.07,-0.03,0.51,-0.18,0.30,-0.61,5.61,5.74,011,100,0,0,1930,1992,2004,1867,1963,1943,42.81,34.5,3310,51.719,82.75,1
2026-09-01T21:18:21.191,2.957,2,50,50,50,50,11.8,11.4,0.54,-0.03,0.20,0.08,0.15,-0.19,0.54,-0.03,0.08,-0.31,5.61,5.68,001,101,0,0,1931,1988,2030,1862,1962,1944,42.81,34.5,3311,51.734,82.78,1
2026-09-01T21:18:21.201,2.968,2,50,50,50,50,11.9,12.0,0.26,0.21,0.08,0.08,0.23,-0.30,0.26,0.21,-0.35,0.20,5.61,5.68,101,001,0,0,1930,1972,2016,1866,1964,1955,42.81,34.5,3308,51.688,82.70,1
2026-09-01T21:18:21.212,2.979,2,50,50,49,50,11.9,11.8,0.06,0.39,0.08,0.06,0.20,-0.21,0.06,0.39,-0.79,0.51,5.67,5.68,100,011,0,0,1931,1971,2005,1865,1969,1952,42.81,34.5,3307,51.672,82.67,1
2026-09-01T21:18:21.223,2.989,2,50,50,50,51,11.4,11.1,-0.19,0.43,0.08,0.10,-0.06,0.08,-0.19,0.43,-0.86,0.44,5.63,5.63,110,010,0,0,1931,1980,1992,1867,1975,1947,42.81,34.5,3307,51.672,82.67,1
2026-09-01T21:18:21.234,3.000,2,50,50,50,50,10.6,10.4,-0.17,0.30,0.10,0.06,-0.28,0.46,-0.17,0.30,-0.51,0.02,5.63,5.67,110,110,0,0,1931,1988,1998,1866,1975,1949,42.81,34.5,3310,51.719,82.75,1
2026-09-01T21:18:21.248,3.014,2,50,50,51,50,11.3,11.0,0.14,0.11,0.08,0.08,-0.28,0.24,0.14,0.11,0.03,-0.37,5.56,5.67,010,110,0,0,1929,1988,1999,1867,1973,1933,42.81,34.5,3311,51.734,82.78,1
2026-09-01T21:18:21.256,3.022,2,50,50,50,49,11.9,11.9,0.44,-0.02,0.16,0.10,-0.20,0.15,0.44,-0.02,0.31,-0.63,5.61,5.73,011,100,0,0,1932,1990,2004,1866,1970,1935,42.81,34.5,3310,51.719,82.75,1
2026-09-01T21:18:21.267,3.033,2,50,50,51,50,11.5,12.0,0.53,0.03,0.08,0.08,0.06,-0.16,0.53,0.03,0.18,-0.36,5.55,5.68,001,101,0,0,1931,1983,2012,1869,1956,1944,42.81,34.5,3310,51.719,82.75,1
2026-09-01T21:18:21.277,3.044,2,50,50,50,50,11.4,11.7,0.26,0.08,0.06,0.06,0.20,-0.33,0.26,0.08,-0.22,0.10,5.60,5.68,101,001,0,0,1928,1975,2011,1865,1962,1951,42.81,34.5,3307,51.672,82.67,1
2026-09-01T21:18:21.288,3.055,2,50,50,50,50,10.9,10.6,0.09,0.32,0.06,0.04,0.18,0.00,0.09,0.32,-0.58,0.31,5.60,5.68,100,011,0,0,1929,1980,2012,1867,1960,1956,42.81,34.5,3306,51.656,82.65,1
2026-09-01T21:18:21.299,3.066,2,50,50,50,50,10.6,11.4,-0.16,0.53,0.40,0.16,-0.01,0.03,-0.16,0.53,-0.75,0.47,5.60,5.68,100,011,0,0,1927,1982,1996,1867,1969,1953,42.81,34.5,3308,51.688,82.70,1
2026-09-01T21:18:21.310,3.076,2,50,50,50,51,11.6,11.5,-0.08,0.40,0.10,0.08,-0.18,0.27,-0.08,0.40,-0.57,0.17,5.60,5.62,110,010,0,0,1927,1980,1994,1863,1975,1943,42.81,34.5,3308,51.688,82.70,1
2026-09-01T21:18:21.321,3.087,2,50,50,50,50,11.8,11.9,0.08,0.28,0.08,0.08,-0.43,0.29,0.08,0.28,-0.02,-0.26,5.60,5.67,010,110,0,0,1929,1991,1998,1867,1980,1930,42.81,34.5,3310,51.719,82.75,1
2026-09-01T21:18:21.332,3.098,2,50,50,50,49,11.4,12.1,0.32,0.13,0.14,0.10,-0.24,0.15,0.32,0.13,0.32,-0.60,5.60,5.73,011,100,0,0,1932,1988,2002,1868,1972,1930,42.81,34.5,3310,51.719,82.75,1
2026-09-01T21:18:21.343,3.109,2,50,50,49,50,10.6,11.8,0.36,-0.09,0.10,0.10,0.53,-0.16,0.36,-0.09,0.07,-0.53,5.65,5.68,001,101,0,0,1939,1999,1998,1869,1960,1949,42.81,34.5,3309,51.703,82.72,1
2026-09-01T21:18:21.354,3.120,2,50,50,49,49,11.0,10.7,0.53,-0.16,0.24,-0.04,0.36,-0.03,0.53,-0.16,-0.11,-0.25,5.66,5.68,001,001,0,0,1937,1995,2031,1859,1972,1948,42.81,34.5,3307,51.672,82.67,1
2026-09-01T21:18:21.365,3.131,2,50,50,50,49,11.1,11.6,0.07,0.29,0.08,0.08,0.30,-0.23,0.07,0.29,-0.57,0.26,5.61,5.75,101,001,0,0,1935,1979,2001,1867,1966,1958,42.81,34.5,3309,51.703,82.72,1
2026-09-01T21:18:21.375,3.142,2,50,50,50,50,11.6,12.0,-0.11,0.51,0.14,0.06,0.17,-0.09,-0.11,0.51,-0.79,0.49,5.61,5.69,100,011,0,0,1932,1976,2000,1867,1971,1956,42.81,34.5,3308,51.688,82.70,1
2026-09-01T21:18:21.386,3.153,2,50,50,50,51,11.9,11.9,-0.09,0.48,0.12,0.12,-0.14,0.16,-0.09,0.48,-0.65,0.29,5.61,5.63,110,010,0,0,1929,1986,1996,1867,1979,1946,42.81,34.5,3309,51.703,82.72,1
2026-09-01T21:18:21.397,3.163,2,50,50,51,50,11.4,11.8,-0.02,0.30,0.16,0.00,-0.40,0.20,-0.02,0.30,-0.17,-0.13,5.55,5.68,010,110,0,0,1929,1991,1999,1867,1980,1933,42.81,34.5,3310,51.719,82.75,1
2026-09-01T21:18:21.409,3.175,2,50,50,50,49,10.5,11.6,0.23,0.00,0.08,0.08,-0.21,0.31,0.23,0.00,0.19,-0.62,5.60,5.74,011,100,0,0,1927,1989,2001,1865,1970,1936,42.81,34.5,3308,51.688,82.70,1
2026-09-01T21:18:21.419,3.185,2,50,50,50,49,11.1,10.7,0.49,-0.15,0.10,0.08,-0.01,-0.04,0.49,-0.15,0.37,-0.66,5.60,5.75,011,100,0,0,1929,1992,2004,1867,1961,1943,42.81,34.5,3310,51.719,82.75,1
2026-09-01T21:18:21.430,3.196,2,50,50,50,50,11.6,11.3,0.51,-0.04,0.08,-0.04,0.25,-0.18,0.51,-0.04,0.09,-0.35,5.60,5.69,001,101,0,0,1933,1983,2015,1867,1963,1946,42.81,34.5,3310,51.719,82.75,1
2026-09-01T21:18:21.440,3.207,2,50,50,50,50,11.8,12.0,0.27,0.21,0.10,0.10,0.31,-0.26,0.27,0.21,-0.35,0.15,5.60,5.69,101,001,0,0,1930,1969,2010,1868,1962,1954,42.81,34.5,3308,51.688,82.70,1
2026-09-01T21:18:21.451,3.218,2,50,50,50,50,11.9,11.9,0.03,0.40,0.14,0.06,0.18,-0.20,0.03,0.40,-0.67,0.41,5.60,5.69,100,011,0,0,1933,1969,2002,1866,1972,1954,42.81,34.5,3308,51.688,82.70,1
2026-09-01T21:18:21.462,3.228,2,50,50,50,51,11.5,11.3,-0.16,0.47,0.10,0.08,-0.11,0.06,-0.16,0.47,-0.64,0.34,5.60,5.63,110,010,0,0,1929,1982,1994,1867,1975,1945,42.81,34.5,3307,51.672,82.67,1
2026-09-01T21:18:21.473,3.239,2,50,50,50,50,10.4,10.8,-0.11,0.28,0.14,0.06,-0.30,0.37,-0.11,0.28,-0.28,-0.10,5.60,5.68,110,110,0,0,1931,1988,1998,1865,1975,1939,42.81,34.5,3310,51.719,82.75,1
2026-09-01T21:18:21.484,3.250,2,50,50,49,50,11.5,10.6,0.23,0.06,0.08,0.06,-0.25,0.19,0.23,0.06,0.17,-0.43,5.66,5.68,010,110,0,0,1930,1988,1992,1868,1971,1935,42.81,34.5,3310,51.719,82.75,1
2026-09-01T21:18:21.495,3.261,2,50,50,50,49,11.9,11.8,0.41,0.00,0.16,-0.04,-0.15,0.14,0.41,0.00,0.43,-0.80,5.61,5.74,011,100,0,0,1931,1991,2006,1866,1967,1938,42.81,34.5,3309,51.703,82.72,1
2026-09-01T21:18:21.506,3.272,2,50,50,50,50,11.9,12.0,0.52,0.06,0.10,0.12,0.12,-0.15,0.52,0.06,0.29,-0.52,5.61,5.69,001,101,0,0,1930,1983,2014,1867,1955,1945,42.81,34.5,3311,51.734,82.78,1
2026-09-01T21:18:21.517,3.283,2,50,50,50,50,11.6,11.9,0.24,0.13,0.08,0.08,0.23,-0.34,0.24,0.13,-0.18,-0.02,5.61,5.69,101,001,0,0,1927,1976,2012,1867,1961,1952,42.81,34.5,3309,51.703,82.72,1
2026-09-01T21:18:21.527,3.294,2,50,50,50,49,11.3,11.1,-0.01,0.43,0.06,0.08,0.24,0.13,-0.01,0.43,-0.61,0.00,5.61,5.75,100,011,0,0,1949,1980,2000,1871,1959,1967,42.81,34.5,3306,51.656,82.65,1
2026-09-01T21:18:21.538,3.305,2,50,50,50,51,10.6,10.7,-0.24,0.50,0.06,0.08,0.00,0.06,-0.24,0.50,-0.73,0.21,5.61,5.76,100,010,0,0,1929,1980,2008,1862,1967,1951,42.81,34.5,3306,51.656,82.65,1
2026-09-01T21:18:21.549,3.315,2,50,50,50,51,11.2,11.1,-0.12,0.31,0.08,0.10,-0.19,0.22,-0.12,0.31,-0.46,-0.06,5.61,5.64,110,010,0,0,1931,1983,2012,1861,1975,1939,42.81,34.5,3309,51.703,82.72,1
2026-09-01T21:18:21.560,3.326,2,50,50,50,50,11.8,11.8,0.14,0.23,0.10,0.08,-0.27,0.28,0.14,0.23,0.05,-0.49,5.61,5.69,010,110,0,0,1929,1988,1996,1867,1979,1935,42.81,34.5,3310,51.719,82.75,1
2026-09-01T21:18:21.571,3.337,2,50,50,50,49,11.7,12.3,0.39,0.15,0.06,0.10,-0.26,0.15,0.39,0.15,0.37,-0.84,5.61,5.75,011,100,0,0,1928,1988,2002,1868,1972,1930,42.81,34.5,3310,51.719,82.75,1
2026-09-01T21:18:21.582,3.348,2,50,50,50,51,11.2,12.0,0.53,-0.01,0.16,0.00,0.08,-0.16,0.53,-0.01,0.31,-0.72,5.61,5.64,001,101,0,0,1929,1987,2007,1868,1955,1945,42.81,34.5,3310,51.719,82.75,1
2026-09-01T21:18:21.592,3.359,2,50,50,50,50,10.6,11.3,0.30,-0.05,0.16,0.08,0.28,-0.31,0.30,-0.05,-0.09,-0.30,5.61,5.69,101,001,0,0,1933,1976,2008,1866,1963,1951,42.81,34.5,3306,51.656,82.65,1
2026-09-01T21:18:21.604,3.370,2,50,50,50,50,10.6,11.0,0.07,0.24,0.06,0.06,0.27,-0.23,0.07,0.24,-0.48,0.12,5.61,5.69,101,001,0,0,1928,1973,2004,1866,1966,1951,42.81,34.5,3308,51.688,82.70,1
2026-09-01T21:18:21.615,3.381,2,50,50,50,50,11.3,11.8,-0.13,0.50,0.14,0.06,0.12,-0.06,-0.13,0.50,-0.76,0.27,5.61,5.69,100,011,0,0,1932,1977,2000,1866,1972,1954,42.81,34.5,3308,51.688,82.70,1
2026-09-01T21:18:21.625,3.392,2,50,50,50,51,11.8,11.8,-0.04,0.50,0.10,0.08,-0.14,0.20,-0.04,0.50,-0.56,0.04,5.61,5.63,110,010,0,0,1931,1980,1992,1868,1979,1947,42.81,34.5,3308,51.688,82.70,1
2026-09-01T21:18:21.636,3.403,2,50,50,50,50,11.8,12.0,0.08,0.31,0.18,0.10,-0.37,0.23,0.08,0.31,-0.02,-0.31,5.61,5.67,010,110,0,0,1953,1995,1991,1867,1980,1930,42.81,34.5,3310,51.719,82.75,1
2026-09-01T21:18:21.647,3.413,2,50,50,50,49,11.0,11.9,0.31,0.08,0.06,0.10,-0.17,0.19,0.31,0.08,0.21,-0.75,5.61,5.73,011,100,0,0,1929,1988,2000,1867,1971,1932,42.81,34.5,3308,51.688,82.70,1
2026-09-01T21:18:21.658,3.424,2,50,50,50,49,10.7,11.1,0.54,-0.12,0.16,0.08,0.04,-0.08,0.54,-0.12,0.31,-0.77,5.61,5.74,011,100,0,0,1927,1992,2004,1866,1959,1943,42.81,34.5,3305,51.641,82.62,1
2026-09-01T21:18:21.669,3.435,2,50,50,50,50,11.2,11.1,0.45,-0.06,0.08,-0.04,0.29,-0.19,0.45,-0.06,0.00,-0.47,5.61,5.69,001,101,0,0,1929,1983,2015,1866,1965,1947,42.81,34.5,3310,51.719,82.75,1
2026-09-01T21:18:21.680,3.446,2,50,50,51,50,11.3,11.8,0.15,0.20,0.08,0.06,0.34,-0.27,0.15,0.20,-0.48,0.03,5.55,5.69,101,001,0,0,1929,1973,2009,1867,1964,1951,42.81,34.5,3308,51.688,82.70,1
2026-09-01T21:18:21.690,3.457,2,50,50,49,49,12.0,12.1,0.07,0.45,0.12,0.08,0.17,-0.19,0.07,0.45,-0.81,0.28,5.66,5.75,100,011,0,0,1929,1970,1999,1869,1976,1957,42.81,34.5,3307,51.672,82.67,1
2026-09-01T21:18:21.701,3.468,2,50,50,50,50,11.9,11.7,-0.15,0.49,0.16,0.00,-0.11,0.05,-0.15,0.49,-0.71,0.17,5.61,5.70,110,010,0,0,1930,1983,1994,1867,1977,1944,42.81,34.5,3309,51.703,82.72,1
2026-09-01T21:18:21.713,3.479,2,50,50,50,50,11.2,11.4,-0.02,0.28,0.16,0.08,-0.39,0.20,-0.02,0.28,-0.26,-0.21,5.61,5.70,010,110,0,0,1931,1990,1998,1867,1977,1935,42.81,34.5,3308,51.688,82.70,1
2026-09-01T21:18:21.723,3.489,2,50,50,50,50,10.6,10.8,0.20,0.05,0.30,0.12,-0.19,0.17,0.20,0.05,0.12,-0.55,5.61,5.70,010,110,0,0,1929,1988,2000,1867,1971,1935,42.81,34.5,3310,51.719,82.75,1
2026-09-01T21:18:21.734,3.500,2,50,50,50,50,11.6,11.2,0.45,-0.15,0.16,0.06,-0.05,0.06,0.45,-0.15,0.33,-0.82,5.61,5.70,011,100,0,0,1933,1990,2004,1867,1963,1939,42.81,34.5,3310,51.719,82.75,1
2026-09-01T21:18:21.745,3.511,2,50,50,50,50,11.9,11.8,0.53,0.01,0.12,0.10,0.16,-0.16,0.53,0.01,0.13,-0.53,5.61,5.70,001,101,0,0,1935,1988,2030,1863,1960,1943,42.81,34.5,3310,51.719,82.75,1
2026-09-01T21:18:21.756,3.522,2,50,50,51,50,11.7,12.0,0.25,0.16,0.14,0.08,0.27,-0.31,0.25,0.16,-0.33,-0.02,5.55,5.70,101,001,0,0,1933,1972,2012,1866,1959,1952,42.81,34.5,3309,51.703,82.72,1
2026-09-01T21:18:21.767,3.533,2,50,50,50,50,11.8,11.5,0.06,0.33,0.06,0.06,0.14,-0.20,0.06,0.33,-0.66,0.26,5.60,5.70,100,011,0,0,1930,1968,2001,1867,1967,1951,42.81,34.5,3308,51.688,82.70,1
2026-09-01T21:18:21.778,3.544,2,50,50,49,51,11.4,10.7,-0.18,0.45,-0.06,-0.02,0.37,0.08,-0.18,0.45,-0.89,0.26,5.65,5.64,110,010,0,0,1926,1975,2005,1865,1972,1948,42.81,34.5,3306,51.656,82.65,1
2026-09-01T21:18:21.788,3.555,2,50,50,49,51,10.9,10.6,-0.11,0.29,0.08,0.08,-0.23,0.24,-0.11,0.29,-0.46,-0.06,5.66,5.63,110,010,0,0,1929,1988,1999,1867,1975,1941,42.81,34.5,3309,51.703,82.72,1
2026-09-01T21:18:21.799,3.565,2,50,50,50,50,11.6,11.6,0.17,0.17,0.06,0.06,-0.24,0.33,0.17,0.17,0.06,-0.59,5.61,5.69,010,110,0,0,1930,1988,1996,1867,1975,1935,42.81,34.5,3310,51.719,82.75,1
2026-09-01T21:18:21.811,3.578,2,50,50,50,50,11.9,12.0,0.41,0.00,0.30,0.12,-0.16,0.17,0.41,0.00,0.37,-0.82,5.61,5.69,011,100,0,0,1927,1988,2004,1867,1971,1935,42.81,34.5,3310,51.719,82.75,1
2026-09-01T21:18:21.821,3.587,2,50,50,50,50,11.5,12.1,0.51,0.02,0.10,0.10,0.07,-0.16,0.51,0.02,0.22,-0.60,5.61,5.69,001,101,0,0,1929,1983,2012,1867,1955,1943,42.81,34.5,3311,51.734,82.78,1
2026-09-01T21:18:21.832,3.598,2,50,50,51,49,11.2,11.5,0.28,0.00,0.12,0.06,0.22,-0.31,0.28,0.00,-0.17,-0.21,5.55,5.74,101,001,0,0,1932,1972,2008,1866,1963,1951,42.81,34.5,3306,51.656,82.65,1
2026-09-01T21:18:21.842,3.609,2,50,50,51,50,10.8,10.7,0.06,0.29,0.08,0.08,0.15,-0.16,0.06,0.29,-0.58,0.15,5.54,5.75,101,011,0,0,1929,1978,2016,1867,1962,1954,42.81,34.5,3303,51.609,82.58,1
2026-09-01T21:18:21.854,3.620,2,50,50,50,50,10.6,11.5,-0.20,0.46,0.14,0.06,0.00,0.00,-0.20,0.46,-0.73,0.33,5.60,5.70,100,011,0,0,1932,1980,1993,1866,1971,1955,42.81,34.5,3308,51.688,82.70,1
2026-09-01T21:18:21.865,3.631,2,50,50,50,51,11.6,11.6,-0.09,0.44,0.12,0.12,-0.16,0.25,-0.09,0.44,-0.55,0.03,5.60,5.63,110,010,0,0,1931,1980,1992,1867,1979,1946,42.81,34.5,3308,51.688,82.70,1
2026-09-01T21:18:21.876,3.642,2,50,50,51,50,11.7,12.0,0.13,0.26,0.16,0.08,-0.30,0.29,0.13,0.26,0.00,-0.42,5.53,5.69,010,110,0,0,1933,1991,1999,1867,1978,1933,42.81,34.5,3310,51.719,82.75,1
2026-09-01T21:18:21.887,3.653,2,50,50,50,50,11.4,12.1,0.34,0.08,0.08,0.10,-0.25,0.16,0.34,0.08,0.29,-0.72,5.58,5.69,011,100,0,0,1929,1992,2004,1867,1969,1928,42.81,34.5,3310,51.719,82.75,1
2026-09-01T21:18:21.897,3.664,2,50,50,50,50,10.5,11.8,0.47,-0.10,0.08,0.08,0.07,-0.16,0.47,-0.10,0.31,-0.63,5.58,5.69,001,101,0,0,1927,1988,2008,1867,1957,1945,42.81,34.5,3308,51.688,82.70,1
2026-09-01T21:18:21.908,3.674,2,50,50,50,50,10.6,10.7,0.43,-0.08,0.06,0.06,0.32,-0.26,0.43,-0.08,-0.06,-0.27,5.58,5.69,001,101,0,0,1929,1982,2012,1867,1963,1949,42.81,34.5,3371,52.672,84.28,1
2026-09-01T21:18:21.919,3.685,2,50,50,50,50,11.2,11.5,0.14,0.21,0.10,0.06,0.33,-0.25,0.14,0.21,-0.48,0.16,5.58,5.69,101,001,0,0,1930,1971,2007,1868,1966,1951,42.81,34.5,3308,51.688,82.70,1
2026-09-01T21:18:21.930,3.696,2,50,50,49,50,11.8,12.0,0.02,0.51,0.22,0.10,0.15,-0.13,0.02,0.51,-0.72,0.40,5.65,5.69,100,011,0,0,1932,1971,2003,1865,1970,1954,42.81,34.5,3308,51.688,82.70,1
2026-09-01T21:18:21.941,3.707,2,50,50,49,51,12.0,11.9,-0.05,0.50,0.12,0.08,-0.14,0.14,-0.05,0.50,-0.57,0.22,5.66,5.63,110,010,0,0,1930,1980,1992,1867,1979,1945,42.81,34.5,3308,51.688,82.70,1
2026-09-01T21:18:21.952,3.718,2,50,50,50,50,11.4,11.7,0.00,0.30,0.14,0.04,-0.36,0.22,0.00,0.30,-0.11,-0.27,5.61,5.67,010,110,0,0,1932,1991,1998,1867,1978,1933,42.81,34.5,3311,51.734,82.78,1
2026-09-01T21:18:21.962,3.729,2,50,50,50,49,10.3,11.4,0.13,-0.01,0.24,0.14,-0.06,0.24,0.13,-0.01,0.19,-0.67,5.61,5.73,011,100,0,0,1925,1989,1997,1865,1972,1936,42.81,34.5,3308,51.688,82.70,1
2026-09-01T21:18:21.973,3.740,2,50,50,50,49,11.4,10.7,0.48,-0.17,0.16,0.06,-0.03,-0.02,0.48,-0.17,0.42,-0.77,5.61,5.74,011,100,0,0,1933,1994,2006,1866,1961,1942,42.81,34.5,3310,51.719,82.75,1
2026-09-01T21:18:21.984,3.750,2,50,50,50,50,11.7,11.4,0.49,-0.06,0.08,0.08,0.24,-0.21,0.49,-0.06,0.15,-0.45,5.61,5.69,001,101,0,0,1931,1983,2015,1867,1961,1945,42.81,34.5,3311,51.734,82.78,1
2026-09-01T21:18:21.995,3.761,2,50,50,50,50,11.9,12.0,0.26,0.18,0.16,-0.04,0.28,-0.28,0.26,0.18,-0.25,0.03,5.61,5.69,101,001,0,0,1932,1971,2012,1866,1963,1955,42.81,34.5,3308,51.688,82.70,1
2026-09-01T21:18:22.006,3.772,2,50,50,50,50,11.9,11.8,0.05,0.38,0.10,0.06,0.19,-0.20,0.05,0.38,-0.60,0.35,5.61,5.69,100,011,0,0,1930,1969,2003,1867,1972,1954,42.81,34.5,3308,51.688,82.70,1
2026-09-01T21:18:22.017,3.783,2,50,50,50,51,11.4,11.2,-0.21,0.42,0.14,0.06,0.00,0.05,-0.21,0.42,-0.67,0.29,5.61,5.63,110,010,0,0,1929,1980,1993,1867,1975,1947,42.81,34.5,3307,51.672,82.67,1
2026-09-01T21:18:22.028,3.794,2,50,50,50,50,10.4,10.4,-0.11,0.49,0.08,0.12,-0.27,0.47,-0.11,0.49,-0.30,-0.08,5.61,5.67,110,110,0,0,1927,1983,1996,1867,1975,1971,42.81,34.5,3309,51.703,82.72,1
2026-09-01T21:18:22.038,3.805,2,50,50,49,50,11.7,10.9,0.23,0.09,0.08,0.06,-0.24,0.24,0.23,0.09,0.14,-0.57,5.67,5.67,010,110,0,0,1932,1992,2008,1862,1974,1935,42.81,34.5,3310,51.719,82.75,1
2026-09-01T21:18:22.049,3.816,2,50,50,50,50,11.9,11.5,0.48,-0.08,0.08,0.06,-0.18,0.09,0.48,-0.08,0.46,-0.75,5.62,5.67,011,100,0,0,1929,1988,2002,1867,1967,1939,42.81,34.5,3310,51.719,82.75,1
2026-09-01T21:18:22.060,3.826,2,50,50,50,50,11.8,12.0,0.49,-0.01,0.08,0.10,0.09,-0.16,0.49,-0.01,0.31,-0.50,5.62,5.67,001,101,0,0,1930,1983,2012,1867,1957,1945,42.81,34.5,3310,51.719,82.75,1
2026-09-01T21:18:22.071,3.837,2,50,50,50,50,11.4,11.8,0.27,0.09,0.16,0.08,0.24,-0.30,0.27,0.09,-0.15,-0.06,5.62,5.67,101,001,0,0,1933,1972,2008,1867,1963,1951,42.81,34.5,3307,51.672,82.67,1
2026-09-01T21:18:22.082,3.848,2,50,50,51,50,11.1,10.9,0.01,0.29,0.08,0.06,0.18,-0.21,0.01,0.29,-0.56,0.30,5.57,5.67,100,011,0,0,1929,1975,2003,1865,1968,1950,42.81,34.5,3306,51.656,82.65,1
2026-09-01T21:18:22.093,3.859,2,50,50,51,50,10.3,10.9,-0.23,0.45,0.14,0.04,0.00,0.04,-0.23,0.45,-0.64,0.39,5.55,5.67,100,011,0,0,1933,1982,1996,1867,1969,1951,42.81,34.5,3308,51.688,82.70,1
2026-09-01T21:18:22.104,3.870,2,50,50,50,50,11.4,11.5,-0.07,0.42,0.08,0.08,-0.18,0.28,-0.07,0.42,-0.46,0.05,5.61,5.67,110,010,0,0,1930,1982,1993,1868,1979,1943,42.81,34.5,3308,51.688,82.70,1
2026-09-01T21:18:22.115,3.881,2,50,50,49,50,12.0,11.9,0.15,0.22,0.14,0.06,-0.32,0.31,0.15,0.22,0.03,-0.41,5.67,5.67,010,110,0,0,1932,1988,1992,1866,1979,1935,42.81,34.5,3310,51.719,82.75,1
2026-09-01T21:18:22.125,3.892,2,50,50,50,50,11.7,12.1,0.37,0.07,0.04,0.08,-0.26,0.17,0.37,0.07,0.36,-0.70,5.62,5.67,011,100,0,0,1930,1988,2004,1869,1971,1931,42.81,34.5,3310,51.719,82.75,1
2026-09-01T21:18:22.136,3.903,2,50,50,50,50,11.1,11.9,0.46,-0.07,0.18,0.08,0.03,-0.15,0.46,-0.07,0.34,-0.53,5.62,5.67,001,101,0,0,1929,1983,2008,1867,1959,1947,42.81,34.5,3309,51.703,82.72,1
2026-09-01T21:18:22.147,3.913,2,50,50,50,50,10.3,11.0,0.39,-0.07,0.10,0.08,0.24,-0.23,0.39,-0.07,0.01,-0.22,5.62,5.67,101,001,0,0,1930,1992,2005,1866,1965,1949,42.81,34.5,3306,51.656,82.65,1
2026-09-01T21:18:22.158,3.924,2,50,50,50,50,10.8,11.2,0.10,0.23,0.14,-0.02,0.31,-0.20,0.10,0.23,-0.51,0.23,5.62,5.67,101,001,0,0,1928,1975,2008,1866,1964,1951,42.81,34.5,3308,51.688,82.70,1
2026-09-01T21:18:22.169,3.935,2,50,50,50,51,11.6,11.7,-0.05,0.46,0.14,0.10,0.15,-0.05,-0.05,0.46,-0.78,0.45,5.62,5.61,100,011,0,0,1930,1972,2000,1867,1971,1951,42.81,34.5,3308,51.688,82.70,1
2026-09-01T21:18:22.180,3.946,2,50,50,50,50,11.9,12.0,-0.07,0.54,0.08,0.08,-0.14,0.19,-0.07,0.54,-0.58,0.24,5.62,5.66,110,010,0,0,1930,1982,1992,1867,1981,1945,42.81,34.5,3308,51.688,82.70,1
2026-09-01T21:18:22.190,3.957,2,50,50,49,49,11.7,12.0,0.05,0.32,0.08,0.08,-0.39,0.21,0.05,0.32,-0.08,-0.30,5.68,5.72,010,110,0,0,1929,1992,1996,1867,1979,1931,42.81,34.5,3311,51.734,82.78,1
2026-09-01T21:18:22.201,3.968,2,50,50,50,50,10.6,11.8,0.30,0.09,0.08,0.10,-0.16,0.14,0.30,0.09,0.24,-0.66,5.63,5.67,011,100,0,0,1930,1988,1994,1868,1971,1931,42.81,34.5,3308,51.688,82.70,1
2026-09-01T21:18:22.212,3.979,2,50,50,50,50,11.1,11.1,0.51,-0.16,0.16,0.08,0.02,-0.11,0.51,-0.16,0.38,-0.64,5.63,5.67,011,101,0,0,1934,1994,2004,1867,1959,1945,42.81,34.5,3310,51.719,82.75,1
2026-09-01T21:18:22.228,3.994,2,50,50,51,50,11.1,10.9,0.46,-0.05,0.10,0.08,0.29,-0.24,0.46,-0.05,0.05,-0.32,5.57,5.67,001,101,0,0,1929,1983,2012,1867,1962,1947,42.81,34.5,3311,51.734,82.78,1
2026-09-01T21:18:22.234,4.000,2,50,50,50,49,11.7,12.0,0.24,0.20,0.16,0.06,0.34,-0.25,0.24,0.20,-0.47,0.10,5.62,5.74,101,001,0,0,1931,1971,2013,1865,1964,1952,42.81,34.5,3308,51.688,82.70,1
2026-09-01T21:18:22.245,4.011,2,50,50,50,51,12.0,11.9,0.05,0.42,0.10,0.06,0.17,-0.17,0.05,0.42,-0.80,0.42,5.62,5.62,100,011,0,0,1930,1968,2001,1868,1972,1951,42.81,34.5,3308,51.688,82.70,1
2026-09-01T21:18:22.256,4.022,2,50,50,50,51,11.9,11.6,-0.13,0.48,0.16,0.08,-0.11,0.06,-0.13,0.48,-0.72,0.34,5.62,5.61,110,010,0,0,1933,1983,1994,1867,1977,1943,42.81,34.5,3308,51.688,82.70,1
2026-09-01T21:18:22.267,4.033,2,50,50,49,49,11.1,11.3,-0.16,0.39,0.06,0.06,0.13,0.58,-0.16,0.39,-0.56,-0.36,5.68,5.71,010,110,0,0,1930,1976,2011,1862,1982,1935,42.81,34.5,3308,51.688,82.70,1
2026-09-01T21:18:22.278,4.044,2,50,50,49,49,11.3,10.6,0.26,0.06,0.08,0.08,-0.22,0.21,0.26,0.06,0.08,-0.57,5.69,5.72,010,110,0,0,1927,1992,1994,1864,1972,1935,42.81,34.5,3311,51.734,82.78,1
2026-09-01T21:18:22.290,4.056,2,50,50,50,50,11.7,11.3,0.45,-0.12,0.10,-0.02,-0.10,0.04,0.45,-0.12,0.32,-0.73,5.63,5.67,011,100,0,0,1929,1988,2001,1867,1963,1943,42.81,34.5,3310,51.719,82.75,1
2026-09-01T21:18:22.299,4.066,2,50,50,50,50,11.9,11.8,0.50,0.01,0.08,0.10,0.15,-0.18,0.50,0.01,0.12,-0.44,5.63,5.67,001,101,0,0,1931,1983,2014,1869,1957,1945,42.81,34.5,3311,51.734,82.78,1
2026-09-01T21:18:22.310,4.077,2,50,50,50,50,11.9,11.9,0.28,0.14,0.06,0.06,0.25,-0.30,0.28,0.14,-0.31,0.05,5.63,5.67,101,001,0,0,1930,1969,2010,1868,1962,1951,42.81,34.5,3308,51.688,82.70,1
2026-09-01T21:18:22.321,4.087,2,50,50,51,50,11.6,11.3,0.00,0.32,0.06,0.06,0.20,-0.20,0.00,0.32,-0.70,0.39,5.58,5.67,100,011,0,0,1929,1973,2003,1865,1968,1950,42.81,34.5,3307,51.672,82.67,1
2026-09-01T21:18:22.332,4.098,2,50,50,50,51,11.1,10.4,-0.17,0.42,0.12,0.02,0.13,0.05,-0.17,0.42,-0.82,0.42,5.56,5.61,110,010,0,0,1930,1975,2009,1865,1974,1950,42.81,34.5,3307,51.672,82.67,1
2026-09-01T21:18:22.343,4.109,2,50,50,50,51,10.8,10.7,-0.13,0.30,0.10,0.08,-0.23,0.23,-0.13,0.30,-0.50,0.10,5.62,5.60,110,010,0,0,1930,1988,2012,1862,1973,1935,42.81,34.5,3309,51.703,82.72,1
2026-09-01T21:18:22.354,4.120,2,50,50,51,49,11.4,11.6,0.15,0.18,0.50,0.14,-0.26,0.31,0.15,0.18,0.04,-0.42,5.55,5.72,010,110,0,0,1932,1986,2000,1866,1980,1935,42.81,34.5,3310,51.719,82.75,1
2026-09-01T21:18:22.365,4.131,2,50,50,50,49,11.9,12.1,0.44,0.01,0.10,0.10,-0.19,0.17,0.44,0.01,0.29,-0.66,5.61,5.73,011,100,0,0,1930,1992,2003,1868,1972,1935,42.81,34.5,3310,51.719,82.75,1
2026-09-01T21:18:22.376,4.142,2,50,50,50,50,11.5,12.0,0.47,-0.02,0.08,0.08,0.08,-0.17,0.47,-0.02,0.17,-0.44,5.61,5.68,001,101,0,0,1933,1983,2012,1867,1955,1944,42.81,34.5,3311,51.734,82.78,1
2026-09-01T21:18:22.387,4.153,2,50,50,50,50,11.3,11.4,0.27,0.02,0.12,0.10,0.19,-0.33,0.27,0.02,-0.20,0.00,5.61,5.68,101,001,0,0,1928,1970,2008,1866,1961,1949,42.81,34.5,3307,51.672,82.67,1
2026-09-01T21:18:22.397,4.164,2,50,50,50,50,10.8,10.7,0.06,0.29,0.06,0.08,0.14,-0.19,0.06,0.29,-0.55,0.37,5.61,5.68,101,011,0,0,1930,1974,2003,1868,1963,1953,42.81,34.5,3300,51.562,82.50,1
2026-09-01T21:18:22.409,4.175,2,50,50,49,50,11.1,11.6,-0.15,0.48,0.06,0.06,0.08,-0.01,-0.15,0.48,-0.91,0.53,5.67,5.68,100,011,0,0,1926,1979,2001,1865,1970,1951,42.81,34.5,3309,51.703,82.72,1
2026-09-01T21:18:22.419,4.185,2,50,50,50,50,11.6,11.9,-0.08,0.49,0.08,0.08,-0.16,0.24,-0.08,0.49,-0.68,0.24,5.62,5.68,110,010,0,0,1930,1982,1996,1867,1979,1943,42.81,34.5,3308,51.688,82.70,1
2026-09-01T21:18:22.430,4.196,2,50,50,51,50,11.7,12.0,0.11,0.27,0.10,0.10,-0.34,0.27,0.11,0.27,-0.10,-0.18,5.56,5.68,010,110,0,0,1932,1991,1999,1867,1980,1932,42.81,34.5,3310,51.719,82.75,1
2026-09-01T21:18:22.441,4.207,2,50,50,50,50,11.4,11.9,0.33,0.08,0.08,0.10,-0.24,0.15,0.33,0.08,0.19,-0.50,5.60,5.68,011,100,0,0,1930,1988,2002,1869,1971,1929,42.81,34.5,3310,51.719,82.75,1
2026-09-01T21:18:22.452,4.218,2,50,50,51,50,10.5,11.5,0.48,-0.10,0.14,0.08,0.06,-0.14,0.48,-0.10,0.18,-0.46,5.55,5.68,001,101,0,0,1931,1990,2006,1867,1957,1945,42.81,34.5,3308,51.688,82.70,1
2026-09-01T21:18:22.463,4.229,2,50,50,51,50,10.4,10.6,0.38,-0.06,0.08,0.08,0.29,-0.27,0.38,-0.06,-0.16,-0.11,5.54,5.68,001,101,0,0,1929,1979,2011,1866,1962,1948,42.81,34.5,3310,51.719,82.75,1
2026-09-01T21:18:22.473,4.240,2,50,50,50,50,11.1,11.7,0.06,0.24,0.14,0.06,0.22,-0.26,0.06,0.24,-0.52,0.37,5.59,5.68,101,001,0,0,1948,1975,2000,1869,1967,1958,42.81,34.5,3308,51.688,82.70,1
2026-09-01T21:18:22.484,4.251,2,50,50,50,50,11.7,12.0,-0.01,0.49,0.34,0.12,0.13,-0.16,-0.01,0.49,-0.79,0.52,5.59,5.68,100,011,0,0,1930,1975,2001,1868,1972,1954,42.81,34.5,3308,51.688,82.70,1
2026-09-01T21:18:22.495,4.262,2,50,50,49,50,12.0,11.9,-0.05,0.51,0.18,0.08,-0.13,0.09,-0.05,0.51,-0.68,0.38,5.65,5.68,110,010,0,0,1935,1980,1992,1867,1979,1943,42.81,34.5,3308,51.688,82.70,1
2026-09-01T21:18:22.506,4.272,2,50,50,50,49,11.4,11.6,0.00,0.33,0.08,0.08,-0.39,0.21,0.00,0.33,-0.22,-0.08,5.60,5.74,010,110,0,0,1930,1988,1996,1867,1981,1935,42.81,34.5,3308,51.688,82.70,1
2026-09-01T21:18:22.517,4.283,2,50,50,50,49,10.3,11.0,0.24,0.11,0.48,0.16,-0.21,0.15,0.24,0.11,0.17,-0.44,5.60,5.75,011,110,0,0,1928,1990,2001,1865,1979,1939,42.81,34.5,3302,51.594,82.55,1
2026-09-01T21:18:22.528,4.294,2,50,50,50,49,11.3,11.1,0.43,-0.16,0.06,0.04,0.01,0.04,0.43,-0.16,0.32,-0.67,5.60,5.76,011,100,0,0,1930,1988,2001,1867,1965,1943,42.81,34.5,3310,51.719,82.75,1
2026-09-01T21:18:22.539,4.305,2,50,50,49,51,11.9,11.5,0.51,-0.08,0.10,0.08,0.19,-0.21,0.51,-0.08,0.04,-0.33,5.67,5.64,001,101,0,0,1930,1982,2014,1867,1963,1947,42.81,34.5,3311,51.734,82.78,1
2026-09-01T21:18:22.550,4.316,2,50,50,51,50,11.7,12.0,0.23,0.19,0.06,-0.02,0.29,-0.30,0.23,0.19,-0.39,0.13,5.55,5.69,101,001,0,0,1928,1972,2010,1867,1962,1954,42.81,34.5,3308,51.688,82.70,1
2026-09-01T21:18:22.560,4.327,2,50,50,50,50,11.9,11.6,0.05,0.37,0.10,0.06,0.16,-0.21,0.05,0.37,-0.71,0.44,5.60,5.69,100,011,0,0,1942,1971,1997,1869,1974,1957,42.81,34.5,3308,51.688,82.70,1
2026-09-01T21:18:22.571,4.337,2,50,50,50,51,11.6,10.9,-0.24,0.43,0.18,-0.02,-0.01,0.06,-0.24,0.43,-0.79,0.40,5.60,5.64,110,010,0,0,1933,1980,1992,1866,1975,1949,42.81,34.5,3306,51.656,82.65,1
2026-09-01T21:18:22.582,4.348,2,50,50,50,51,10.4,10.4,-0.11,0.30,0.08,0.08,-0.29,0.18,-0.11,0.30,-0.41,0.07,5.60,5.63,110,010,0,0,1929,1983,1994,1867,1975,1939,42.81,34.5,3302,51.594,82.55,1
2026-09-01T21:18:22.593,4.359,2,50,50,51,50,11.2,11.3,0.16,0.14,0.14,0.06,-0.25,0.25,0.16,0.14,0.09,-0.40,5.54,5.68,010,110,0,0,1932,1985,1996,1867,1975,1935,42.81,34.5,3310,51.719,82.75,1
2026-09-01T21:18:22.604,4.370,2,50,50,50,49,11.8,12.0,0.48,0.03,0.16,0.02,-0.16,0.17,0.48,0.03,0.40,-0.70,5.59,5.74,011,100,0,0,1930,1988,2002,1868,1971,1934,42.81,34.5,3310,51.719,82.75,1
2026-09-01T21:18:22.615,4.381,2,50,50,50,50,11.8,12.1,0.51,0.03,0.32,0.04,0.13,-0.17,0.51,0.03,0.25,-0.48,5.59,5.69,001,101,0,0,1931,1983,2014,1867,1955,1945,42.81,34.5,3311,51.734,82.78,1
2026-09-01T21:18:22.626,4.392,2,50,50,50,50,11.6,11.7,0.28,0.08,0.12,0.10,0.23,-0.32,0.28,0.08,-0.20,-0.03,5.59,5.69,101,001,0,0,1930,1974,2012,1867,1961,1952,42.81,34.5,3309,51.703,82.72,1
2026-09-01T21:18:22.636,4.403,2,50,50,50,50,11.2,10.5,-0.05,0.26,0.06,0.06,0.29,-0.04,-0.05,0.26,-0.63,0.24,5.59,5.69,100,011,0,0,1925,1977,2005,1865,1960,1954,42.81,34.5,3306,51.656,82.65,1
2026-09-01T21:18:22.647,4.414,2,50,50,50,50,10.4,11.5,-0.25,0.48,0.10,-0.02,0.01,0.01,-0.25,0.48,-0.71,0.43,5.59,5.69,100,011,0,0,1928,1981,1996,1866,1971,1955,42.81,34.5,3308,51.688,82.70,1
2026-09-01T21:18:22.658,4.424,2,50,50,50,51,11.3,11.6,-0.05,0.43,0.10,0.10,-0.17,0.25,-0.05,0.43,-0.46,0.14,5.59,5.63,110,010,0,0,1929,1988,1999,1867,1977,1945,42.81,34.5,3309,51.703,82.72,1
2026-09-01T21:18:22.670,4.436,2,50,50,49,50,11.9,12.0,0.22,0.26,0.06,0.06,-0.25,0.30,0.22,0.26,0.04,-0.26,5.65,5.68,010,110,0,0,1930,1988,1992,1867,1979,1931,42.81,34.5,3310,51.719,82.75,1
2026-09-01T21:18:22.680,4.446,2,50,50,50,49,11.6,12.1,0.34,0.15,0.08,0.12,-0.23,0.13,0.34,0.15,0.36,-0.67,5.60,5.74,011,100,0,0,1928,1988,2002,1868,1972,1927,42.81,34.5,3310,51.719,82.75,1
2026-09-01T21:18:22.691,4.457,2,50,50,50,50,11.0,11.8,0.44,-0.07,0.06,0.08,0.07,-0.17,0.44,-0.07,0.34,-0.63,5.60,5.69,001,101,0,0,1932,1983,2005,1867,1955,1947,42.81,34.5,3308,51.688,82.70,1
2026-09-01T21:18:22.701,4.468,2,50,50,50,50,10.3,10.6,0.39,-0.05,0.06,0.06,0.11,-0.30,0.39,-0.05,0.03,-0.24,5.60,5.69,001,101,0,0,1930,2000,2000,1866,1965,1951,42.81,34.5,3304,51.625,82.60,1
2026-09-01T21:18:22.713,4.479,2,50,50,50,50,10.8,11.5,0.11,0.20,0.14,0.06,0.29,-0.25,0.11,0.20,-0.51,0.22,5.60,5.69,101,001,0,0,1932,1973,2006,1865,1966,1950,42.81,34.5,3308,51.688,82.70,1
2026-09-01T21:18:22.723,4.490,2,50,50,50,49,11.5,12.2,-0.13,0.49,0.08,0.10,0.18,-0.14,-0.13,0.49,-0.76,0.29,5.60,5.75,100,011,0,0,1928,1977,2003,1865,1972,1956,42.81,34.5,3308,51.688,82.70,1
2026-09-01T21:18:22.734,4.501,2,50,50,50,51,11.9,11.9,-0.09,0.50,0.18,0.08,-0.15,0.13,-0.09,0.50,-0.56,0.13,5.60,5.64,110,010,0,0,1933,1980,1992,1867,1979,1947,42.81,34.5,3308,51.688,82.70,1
2026-09-01T21:18:22.745,4.511,2,50,50,50,50,11.6,11.8,0.02,0.29,0.08,0.08,-0.37,0.19,0.02,0.29,-0.08,-0.26,5.60,5.69,010,110,0,0,1929,1992,1998,1867,1979,1933,42.81,34.5,3310,51.719,82.75,1
2026-09-01T21:18:22.756,4.522,2,50,50,50,49,10.7,11.6,0.29,0.09,0.16,0.06,-0.18,0.72,0.29,0.09,0.25,-0.89,5.60,5.74,011,100,0,0,1932,1988,2000,1866,1982,1935,42.81,34.5,3308,51.688,82.70,1
2026-09-01T21:18:22.767,4.533,2,50,50,50,49,11.0,10.8,0.48,-0.14,0.06,0.06,0.00,0.01,0.48,-0.14,0.40,-0.86,5.60,5.76,011,100,0,0,1929,1988,2001,1867,1963,1943,42.81,34.5,3310,51.719,82.75,1
2026-09-01T21:18:22.778,4.544,2,50,50,50,51,11.5,11.2,0.45,-0.07,0.10,0.08,0.26,-0.27,0.45,-0.07,0.08,-0.48,5.60,5.64,001,101,0,0,1929,1983,2014,1867,1963,1949,42.81,34.5,3310,51.719,82.75,1
2026-09-01T21:18:22.789,4.555,2,50,50,50,50,11.7,12.0,0.22,0.19,0.06,0.04,0.35,-0.27,0.22,0.19,-0.38,-0.01,5.60,5.69,101,001,0,0,1929,1972,2012,1867,1961,1952,42.81,34.5,3309,51.703,82.72,1
2026-09-01T21:18:22.799,4.566,2,50,50,50,50,11.9,11.8,0.05,0.36,0.10,0.06,0.16,-0.21,0.05,0.36,-0.69,0.24,5.60,5.69,100,011,0,0,1948,1971,1996,1870,1974,1956,42.81,34.5,3308,51.688,82.70,1
2026-09-01T21:18:22.813,4.579,2,50,50,50,51,11.7,11.2,-0.12,0.47,0.16,0.08,-0.11,0.05,-0.12,0.47,-0.65,0.20,5.60,5.63,110,010,0,0,1934,1980,1992,1866,1975,1947,42.81,34.5,3306,51.656,82.65,1
2026-09-01T21:18:22.821,4.587,2,50,50,50,50,10.9,10.6,-0.12,0.27,0.08,0.08,-0.36,0.25,-0.12,0.27,-0.26,-0.08,5.60,5.68,010,110,0,0,1929,1988,1996,1867,1975,1947,42.81,34.5,3308,51.688,82.70,1
2026-09-01T21:18:22.832,4.598,2,50,50,50,50,11.0,10.9,0.19,0.11,0.14,0.06,-0.22,0.21,0.19,0.11,0.18,-0.52,5.60,5.68,010,110,0,0,1932,1985,1996,1867,1971,1935,42.81,34.5,3310,51.719,82.75,1
2026-09-01T21:18:22.843,4.609,2,50,50,50,49,11.8,11.9,0.46,-0.03,0.08,0.10,-0.11,0.16,0.46,-0.03,0.38,-0.85,5.60,5.74,011,100,0,0,1930,1989,2002,1868,1970,1935,42.81,34.5,3310,51.719,82.75,1
2026-09-01T21:18:22.854,4.620,2,50,50,50,50,11.9,12.1,0.52,0.05,0.16,0.10,0.15,-0.16,0.52,0.05,0.19,-0.59,5.60,5.69,001,101,0,0,1931,1983,2026,1863,1953,1939,42.81,34.5,3311,51.734,82.78,1
2026-09-01T21:18:22.866,4.632,2,50,50,51,50,11.7,11.8,0.25,0.11,0.08,0.10,0.27,-0.33,0.25,0.11,-0.26,-0.13,5.55,5.69,101,001,0,0,1930,1974,2012,1867,1959,1952,42.81,34.5,3309,51.703,82.72,1
2026-09-01T21:18:22.876,4.642,2,50,50,49,49,11.7,11.0,0.05,0.30,0.16,0.08,0.23,-0.04,0.05,0.30,-0.75,0.09,5.65,5.74,100,011,0,0,1938,1975,2020,1862,1963,1953,42.81,34.5,3305,51.641,82.62,1
2026-09-01T21:18:22.886,4.653,2,50,50,49,49,11.0,11.3,-0.19,0.51,0.08,0.10,-0.04,0.06,-0.19,0.51,-0.80,0.23,5.66,5.76,100,011,0,0,1928,1984,1995,1867,1972,1958,42.81,34.5,3308,51.688,82.70,1
2026-09-01T21:18:22.897,4.664,2,50,50,50,50,10.9,11.6,-0.14,0.40,0.16,0.08,-0.22,0.24,-0.14,0.40,-0.52,-0.05,5.60,5.70,110,010,0,0,1927,1983,1996,1867,1977,1943,42.81,34.5,3308,51.688,82.70,1
2026-09-01T21:18:22.908,4.674,2,50,50,50,50,11.7,11.9,0.15,0.21,0.08,0.08,-0.24,0.29,0.15,0.21,0.01,-0.45,5.60,5.70,010,110,0,0,1929,1988,1996,1867,1975,1935,42.81,34.5,3310,51.719,82.75,1
2026-09-01T21:18:22.919,4.685,2,50,50,50,50,11.8,12.2,0.44,0.09,0.08,0.10,-0.24,0.15,0.44,0.09,0.37,-0.76,5.60,5.70,011,100,0,0,1929,1988,2002,1868,1971,1931,42.81,34.5,3310,51.719,82.75,1
2026-09-01T21:18:22.930,4.696,2,50,50,50,50,11.4,12.0,0.52,-0.01,0.08,0.08,0.07,-0.16,0.52,-0.01,0.25,-0.64,5.60,5.70,001,101,0,0,1929,1988,2012,1867,1955,1944,42.81,34.5,3311,51.734,82.78,1
2026-09-01T21:18:22.941,4.707,2,50,50,51,50,11.0,11.1,0.25,-0.02,0.10,0.08,0.21,-0.32,0.25,-0.02,-0.15,-0.25,5.55,5.70,101,001,0,0,1930,1976,2008,1867,1963,1949,42.81,34.5,3306,51.656,82.65,1
2026-09-01T21:18:22.951,4.718,2,50,50,51,50,10.5,11.2,0.01,0.25,0.14,0.06,0.18,-0.25,0.01,0.25,-0.53,0.18,5.54,5.70,101,001,0,0,1932,1972,2001,1866,1965,1951,42.81,34.5,3308,51.688,82.70,1
2026-09-01T21:18:22.962,4.729,2,50,50,50,50,11.0,11.9,-0.16,0.50,0.10,0.08,0.06,-0.07,-0.16,0.50,-0.76,0.35,5.59,5.70,100,011,0,0,1928,1981,1997,1867,1972,1956,42.81,34.5,3308,51.688,82.70,1
2026-09-01T21:18:22.973,4.740,2,50,50,49,51,11.9,11.9,-0.06,0.47,0.18,0.08,-0.15,0.17,-0.06,0.47,-0.60,0.14,5.65,5.64,110,010,0,0,1947,1996,1988,1867,1983,1953,42.81,34.5,3308,51.688,82.70,1
2026-09-01T21:18:22.984,4.750,2,50,50,50,50,11.8,11.9,0.09,0.30,0.12,0.10,-0.37,0.21,0.09,0.30,-0.05,-0.35,5.60,5.69,010,110,0,0,1929,1991,1998,1867,1980,1933,42.81,34.5,3310,51.719,82.75,1
2026-09-01T21:18:22.995,4.761,2,50,50,50,50,11.2,11.7,0.27,0.07,0.14,0.08,-0.22,0.15,0.27,0.07,0.28,-0.71,5.60,5.69,011,100,0,0,1932,1986,2001,1867,1970,1932,42.81,34.5,3308,51.688,82.70,1
2026-09-01T21:18:23.006,4.772,2,50,50,50,50,10.7,11.0,0.41,-0.13,0.10,0.06,0.03,-0.08,0.41,-0.13,0.45,-0.74,5.60,5.69,001,100,0,0,1934,2009,1977,1868,1961,1946,42.81,34.5,3373,52.703,84.33,1
2026-09-01T21:18:23.017,4.783,2,50,50,50,50,11.1,11.0,0.49,-0.08,0.08,0.06,0.33,-0.21,0.49,-0.08,-0.05,-0.43,5.60,5.69,001,101,0,0,1931,1983,2015,1867,1964,1945,42.81,34.5,3310,51.719,82.75,1
2026-09-01T21:18:23.027,4.794,2,50,50,51,50,11.2,11.9,0.14,0.18,0.10,-0.02,0.30,-0.26,0.14,0.18,-0.45,0.05,5.54,5.69,101,001,0,0,1928,1976,2009,1867,1966,1951,42.81,34.5,3308,51.688,82.70,1
2026-09-01T21:18:23.038,4.805,2,50,50,50,50,11.8,12.0,0.00,0.42,0.10,0.08,0.19,-0.19,0.00,0.42,-0.77,0.34,5.59,5.69,100,011,0,0,1930,1970,2000,1867,1971,1951,42.81,34.5,3308,51.688,82.70,1
2026-09-01T21:18:23.049,4.816,2,50,50,49,51,12.0,11.6,-0.07,0.48,0.40,0.12,-0.13,0.07,-0.07,0.48,-0.64,0.23,5.65,5.63,110,010,0,0,1930,1981,1992,1866,1979,1947,42.81,34.5,3308,51.688,82.70,1
2026-09-01T21:18:23.061,4.827,2,50,50,51,50,11.2,11.3,-0.01,0.33,0.08,0.08,-0.40,0.35,-0.01,0.33,-0.16,-0.30,5.55,5.67,010,110,0,0,1930,1988,1996,1867,1979,1937,42.81,34.5,3308,51.688,82.70,1
2026-09-01T21:18:23.071,4.838,2,50,50,51,50,10.4,10.7,0.09,0.05,0.16,0.08,-0.18,0.19,0.09,0.05,0.24,-0.62,5.53,5.67,010,110,0,0,1940,1982,1979,1869,1973,1939,42.81,34.5,3303,51.609,82.58,1
2026-09-01T21:18:23.082,4.849,2,50,50,50,50,11.5,11.2,0.46,-0.15,0.08,0.06,-0.05,0.04,0.46,-0.15,0.38,-0.79,5.59,5.67,011,100,0,0,1931,1988,2004,1867,1963,1943,42.81,34.5,3310,51.719,82.75,1
2026-09-01T21:18:23.093,4.859,2,50,50,50,50,11.8,11.8,0.48,0.00,0.40,0.14,0.20,-0.17,0.48,0.00,0.15,-0.50,5.59,5.67,001,101,0,0,1929,1983,2014,1867,1959,1945,42.81,34.5,3311,51.734,82.78,1
2026-09-01T21:18:23.104,4.870,2,50,50,50,50,11.8,11.9,0.29,0.15,0.08,0.04,0.32,-0.31,0.29,0.15,-0.29,-0.02,5.59,5.67,101,001,0,0,1931,1971,2013,1869,1960,1952,42.81,34.5,3309,51.703,82.72,1
2026-09-01T21:18:23.115,4.881,2,50,50,49,50,11.9,11.3,0.07,0.31,0.18,0.04,0.17,-0.15,0.07,0.31,-0.62,0.27,5.65,5.67,100,011,0,0,1931,1969,2005,1865,1966,1950,42.81,34.5,3308,51.688,82.70,1
2026-09-01T21:18:23.126,4.892,2,50,50,50,51,11.3,10.5,-0.20,0.45,0.10,0.08,-0.07,0.06,-0.20,0.45,-0.64,0.30,5.60,5.62,110,010,0,0,1932,1982,2008,1862,1973,1947,42.81,34.5,3306,51.656,82.65,1
2026-09-01T21:18:23.137,4.903,2,50,50,50,51,10.5,10.7,-0.13,0.30,0.02,-0.04,-0.24,0.23,-0.13,0.30,-0.33,-0.01,5.60,5.61,110,010,0,0,1927,1988,1998,1866,1975,1939,42.81,34.5,3309,51.703,82.72,1
2026-09-01T21:18:23.147,4.914,2,50,50,50,49,11.5,11.8,0.19,0.22,0.06,0.08,-0.25,0.32,0.19,0.22,0.17,-0.56,5.60,5.72,010,110,0,0,1929,1986,1996,1868,1981,1934,42.81,34.5,3310,51.719,82.75,1
2026-09-01T21:18:23.158,4.925,2,50,50,50,49,11.9,12.2,0.44,0.02,0.34,0.14,-0.14,0.17,0.44,0.02,0.45,-0.80,5.60,5.74,011,100,0,0,1928,1992,2002,1868,1971,1933,42.81,34.5,3310,51.719,82.75,1
2026-09-01T21:18:23.169,4.936,2,50,50,50,50,11.7,12.1,0.52,0.00,0.06,0.10,0.07,-0.15,0.52,0.00,0.34,-0.63,5.60,5.69,001,101,0,0,1933,1983,2014,1867,1955,1944,42.81,34.5,3310,51.719,82.75,1
2026-09-01T21:18:23.180,4.946,2,50,50,50,50,11.3,11.4,0.26,0.01,0.10,0.08,0.22,-0.35,0.26,0.01,-0.08,-0.18,5.60,5.69,101,001,0,0,1930,1972,2008,1867,1963,1951,42.81,34.5,3306,51.656,82.65,1
2026-09-01T21:18:23.191,4.957,2,50,50,50,50,10.8,10.7,0.01,0.29,0.54,0.14,0.19,-0.22,0.01,0.29,-0.46,0.19,5.60,5.69,100,011,0,0,1931,1979,2007,1865,1964,1951,42.81,34.5,3304,51.625,82.60,1
2026-09-01T21:18:23.202,4.968,2,50,50,50,51,10.7,11.4,-0.15,0.47,0.06,0.06,0.00,-0.02,-0.15,0.47,-0.61,0.36,5.60,5.62,100,011,0,0,1928,1981,1996,1867,1971,1954,42.81,34.5,3308,51.688,82.70,1
2026-09-01T21:18:23.213,4.980,2,50,50,50,51,11.6,11.7,-0.04,0.47,0.48,0.12,-0.15,0.24,-0.04,0.47,-0.45,0.10,5.60,5.61,110,010,0,0,1934,1983,1998,1867,1975,1943,42.81,34.5,3309,51.703,82.72,1
2026-09-01T21:18:23.223,4.990,2,50,50,49,50,11.9,12.0,0.15,0.30,0.10,0.08,-0.29,0.26,0.15,0.30,0.02,-0.37,5.66,5.66,010,110,0,0,1930,1988,1992,1867,1983,1934,42.81,34.5,3310,51.719,82.75,1
2026-09-01T21:18:23.234,5.001,2,50,50,50,50,11.4,12.0,0.32,0.11,0.14,0.10,-0.23,0.15,0.32,0.11,0.35,-0.68,5.62,5.66,011,100,0,0,1933,1990,2004,1867,1969,1928,42.81,34.5,3310,51.719,82.75,1
2026-09-01T21:18:23.250,5.017,2,50,50,50,50,10.6,11.4,0.54,-0.18,0.10,0.10,0.07,-0.08,0.54,-0.18,0.36,-0.66,5.62,5.66,001,101,0,0,1929,1992,2007,1867,1961,1945,42.81,34.5,3308,51.688,82.70,1
2026-09-01T21:18:23.256,5.022,2,50,50,50,50,10.7,10.7,0.43,-0.05,0.06,0.06,0.33,-0.23,0.43,-0.05,-0.02,-0.33,5.62,5.66,001,101,0,0,1929,1983,2011,1866,1963,1948,42.81,34.5,3310,51.719,82.75,1
2026-09-01T21:18:23.267,5.033,2,50,50,50,50,11.3,11.7,0.16,0.21,0.06,0.06,0.33,-0.26,0.16,0.21,-0.46,0.16,5.62,5.66,101,001,0,0,1928,1973,2010,1866,1964,1951,42.81,34.5,3308,51.688,82.70,1
2026-09-01T21:18:23.278,5.044,2,50,50,51,50,11.5,12.0,-0.03,0.48,0.08,0.06,0.12,-0.15,-0.03,0.48,-0.70,0.45,5.55,5.66,100,011,0,0,1930,1972,2000,1868,1971,1954,42.81,34.5,3308,51.688,82.70,1
2026-09-01T21:18:23.288,5.055,2,50,50,50,50,11.9,11.7,-0.11,0.46,0.10,0.08,-0.13,0.07,-0.11,0.46,-0.60,0.30,5.60,5.66,110,010,0,0,1931,1982,1992,1867,1977,1943,42.81,34.5,3308,51.688,82.70,1
2026-09-01T21:18:23.299,5.066,2,50,50,49,49,11.4,11.4,0.00,0.32,0.08,0.06,-0.30,0.28,0.00,0.32,-0.25,-0.20,5.66,5.72,010,110,0,0,1930,1988,1994,1867,1979,1935,42.81,34.5,3308,51.688,82.70,1
2026-09-01T21:18:23.310,5.076,2,50,50,50,49,10.3,10.8,0.30,0.05,0.16,0.08,-0.21,0.19,0.30,0.05,0.18,-0.58,5.61,5.73,011,100,0,0,1930,1992,1996,1864,1971,1935,42.81,34.5,3372,52.688,84.30,1
2026-09-01T21:18:23.321,5.087,2,50,50,50,50,11.3,10.9,0.44,-0.20,0.10,0.08,0.00,0.00,0.44,-0.20,0.36,-0.70,5.61,5.67,011,100,0,0,1929,1992,2004,1867,1962,1944,42.81,34.5,3310,51.719,82.75,1
2026-09-01T21:18:23.332,5.098,2,50,50,50,50,11.7,11.7,0.51,-0.02,0.16,0.08,0.23,-0.17,0.51,-0.02,0.12,-0.42,5.61,5.67,001,101,0,0,1947,1983,2008,1870,1963,1948,42.81,34.5,3311,51.734,82.78,1
2026-09-01T21:18:23.343,5.109,2,50,50,50,50,11.9,12.0,0.28,0.15,0.10,0.08,0.27,-0.31,0.28,0.15,-0.33,0.05,5.61,5.67,101,001,0,0,1930,1970,2012,1867,1962,1951,42.81,34.5,3308,51.688,82.70,1
2026-09-01T21:18:23.354,5.120,2,50,50,50,51,11.9,11.5,0.06,0.37,0.16,0.04,0.13,-0.23,0.06,0.37,-0.68,0.41,5.61,5.61,100,011,0,0,1933,1968,2001,1866,1971,1951,42.81,34.5,3308,51.688,82.70,1
2026-09-01T21:18:23.365,5.131,2,50,50,50,50,11.6,10.9,-0.16,0.46,0.10,0.08,-0.09,0.06,-0.16,0.46,-0.68,0.39,5.61,5.66,110,010,0,0,1935,1989,2011,1862,1979,1951,42.81,34.5,3306,51.656,82.65,1
2026-09-01T21:18:23.376,5.142,2,50,50,50,50,10.4,10.5,-0.12,0.31,0.04,0.08,-0.30,0.23,-0.12,0.31,-0.32,0.04,5.61,5.66,110,010,0,0,1935,2016,1985,1863,1983,1947,42.81,34.5,3308,51.688,82.70,1
2026-09-01T21:18:23.387,5.153,2,50,50,49,49,11.6,11.6,0.21,0.19,0.16,0.00,-0.29,0.31,0.21,0.19,0.15,-0.55,5.68,5.72,010,110,0,0,1927,1992,1997,1865,1980,1935,42.81,34.5,3311,51.734,82.78,1
2026-09-01T21:18:23.397,5.164,2,50,50,50,50,11.9,11.8,0.43,0.00,0.08,0.06,-0.15,0.12,0.43,0.00,0.41,-0.76,5.63,5.67,011,100,0,0,1930,1988,2004,1867,1967,1937,42.81,34.5,3310,51.719,82.75,1
2026-09-01T21:18:23.408,5.175,2,50,50,51,50,11.8,12.0,0.51,0.01,0.08,0.10,0.11,-0.16,0.51,0.01,0.26,-0.49,5.56,5.67,001,101,0,0,1930,1983,2014,1869,1956,1945,42.81,34.5,3311,51.734,82.78,1
2026-09-01T21:18:23.419,5.186,2,50,50,50,49,11.6,11.6,0.33,0.05,0.10,0.08,0.27,-0.35,0.33,0.05,-0.23,-0.11,5.61,5.73,101,001,0,0,1930,1970,2010,1866,1963,1954,42.81,34.5,3307,51.672,82.67,1
2026-09-01T21:18:23.430,5.196,2,50,50,50,51,11.3,10.5,-0.02,0.30,0.12,0.08,0.41,-0.18,-0.02,0.30,-0.80,0.25,5.61,5.63,100,011,0,0,1930,1975,2005,1865,1966,1950,42.81,34.5,3307,51.672,82.67,1
2026-09-01T21:18:23.441,5.207,2,50,50,50,51,10.4,11.1,-0.18,0.44,0.06,0.06,0.00,0.00,-0.18,0.44,-0.83,0.41,5.61,5.62,100,011,0,0,1946,1982,1989,1870,1974,1955,42.81,34.5,3308,51.688,82.70,1
2026-09-01T21:18:23.455,5.221,2,50,50,50,51,11.2,11.5,-0.07,0.44,0.16,0.06,-0.19,0.26,-0.07,0.44,-0.56,0.12,5.61,5.61,110,010,0,0,1933,1988,1998,1867,1977,1943,42.81,34.5,3309,51.703,82.72,1
2026-09-01T21:18:23.463,5.229,2,50,50,49,49,12.0,12.1,0.18,0.29,0.10,0.10,-0.32,0.27,0.18,0.29,-0.07,-0.37,5.67,5.72,010,110,0,0,1929,1992,1996,1867,1979,1930,42.81,34.5,3311,51.734,82.78,1
2026-09-01T21:18:23.473,5.240,2,50,50,50,50,11.7,12.0,0.38,0.13,0.16,-0.02,-0.27,0.13,0.38,0.13,0.29,-0.66,5.63,5.67,011,100,0,0,1933,1992,2004,1867,1971,1931,42.81,34.5,3310,51.719,82.75,1
2026-09-01T21:18:23.484,5.251,2,50,50,50,50,11.1,11.7,0.45,-0.07,0.10,0.12,0.09,-0.16,0.45,-0.07,0.23,-0.57,5.63,5.67,001,101,0,0,1929,1988,2008,1867,1955,1944,42.81,34.5,3308,51.688,82.70,1
2026-09-01T21:18:23.495,5.262,2,50,50,50,50,10.7,10.6,0.33,-0.12,0.08,0.08,0.28,-0.23,0.33,-0.12,-0.17,-0.19,5.63,5.67,101,001,0,0,1928,1976,2008,1866,1970,1949,42.81,34.5,3306,51.656,82.65,1
2026-09-01T21:18:23.506,5.273,2,50,50,50,50,10.6,11.5,0.06,0.23,0.06,0.06,0.23,-0.27,0.06,0.23,-0.55,0.27,5.63,5.67,101,001,0,0,1928,1973,2005,1866,1966,1951,42.81,34.5,3308,51.688,82.70,1
2026-09-01T21:18:23.517,5.284,2,50,50,50,50,11.3,12.0,-0.14,0.48,0.14,0.06,0.14,-0.09,-0.14,0.48,-0.81,0.51,5.63,5.67,100,011,0,0,1929,1977,2000,1868,1972,1956,42.81,34.5,3308,51.688,82.70,1
2026-09-01T21:18:23.528,5.294,2,50,50,50,51,11.9,11.9,-0.07,0.48,0.12,0.08,-0.14,0.14,-0.07,0.48,-0.63,0.33,5.63,5.61,110,010,0,0,1930,1980,2004,1863,1979,1942,42.81,34.5,3308,51.688,82.70,1
2026-09-01T21:18:23.539,5.305,2,50,50,51,49,11.7,11.8,0.07,0.34,0.08,0.08,-0.37,0.22,0.07,0.34,-0.10,-0.14,5.57,5.71,010,110,0,0,1929,1992,1998,1867,1980,1931,42.81,34.5,3310,51.719,82.75,1
2026-09-01T21:18:23.550,5.316,2,50,50,50,49,11.0,11.4,0.32,0.06,0.40,0.14,-0.16,0.16,0.32,0.06,0.15,-0.50,5.61,5.73,011,100,0,0,1927,1989,2001,1865,1972,1932,42.81,34.5,3309,51.703,82.72,1
2026-09-01T21:18:23.561,5.327,2,50,50,50,49,10.6,10.6,0.53,-0.14,0.10,0.08,0.03,-0.04,0.53,-0.14,0.27,-0.60,5.61,5.74,011,100,0,0,1929,1988,2001,1866,1963,1947,42.81,34.5,3304,51.625,82.60,1
2026-09-01T21:18:23.571,5.338,2,50,50,50,50,11.3,11.4,0.47,-0.09,0.14,0.08,0.28,-0.21,0.47,-0.09,-0.06,-0.29,5.61,5.68,001,101,0,0,1933,1983,2011,1866,1964,1946,42.81,34.5,3310,51.719,82.75,1
2026-09-01T21:18:23.582,5.349,2,50,50,51,50,11.4,12.0,0.16,0.20,0.10,0.08,0.27,-0.29,0.16,0.20,-0.46,0.23,5.55,5.68,101,001,0,0,1928,1973,2021,1861,1960,1948,42.81,34.5,3308,51.688,82.70,1
2026-09-01T21:18:23.594,5.360,2,50,50,49,50,12.1,11.8,0.10,0.37,0.16,0.06,0.18,-0.20,0.10,0.37,-0.89,0.52,5.66,5.68,100,011,0,0,1932,1968,2004,1864,1970,1951,42.81,34.5,3309,51.703,82.72,1
2026-09-01T21:18:23.604,5.370,2,50,50,50,50,11.9,11.3,-0.09,0.49,0.12,0.08,-0.12,0.09,-0.09,0.49,-0.81,0.43,5.61,5.68,110,010,0,0,1947,1984,1988,1870,1979,1951,42.81,34.5,3307,51.672,82.67,1
2026-09-01T21:18:23.615,5.381,2,50,50,51,50,11.1,10.6,-0.07,0.25,0.14,0.06,-0.38,0.38,-0.07,0.25,-0.37,0.01,5.55,5.68,010,110,0,0,1931,1988,1996,1866,1975,1947,42.81,34.5,3308,51.688,82.70,1
2026-09-01T21:18:23.626,5.392,2,50,50,51,50,10.5,10.9,0.16,0.08,0.04,0.06,-0.23,0.25,0.16,0.08,0.07,-0.37,5.54,5.68,010,110,0,0,1930,1983,2012,1863,1971,1931,42.81,34.5,3310,51.719,82.75,1
2026-09-01T21:18:23.637,5.403,2,50,50,50,49,11.6,11.8,0.47,-0.06,0.08,0.08,-0.08,0.15,0.47,-0.06,0.28,-0.63,5.60,5.75,011,100,0,0,1928,1992,2002,1866,1970,1939,42.81,34.5,3310,51.719,82.75,1
2026-09-01T21:18:23.647,5.414,2,50,50,50,50,11.8,12.0,0.50,0.01,0.38,0.16,0.16,-0.18,0.50,0.01,0.08,-0.34,5.60,5.69,001,101,0,0,1929,1983,2014,1867,1957,1944,42.81,34.5,3311,51.734,82.78,1
2026-09-01T21:18:23.658,5.425,2,50,50,50,50,11.8,11.8,0.25,0.12,0.06,0.06,0.22,-0.35,0.25,0.12,-0.33,0.15,5.60,5.69,101,001,0,0,1929,1972,2011,1866,1962,1951,42.81,34.5,3308,51.688,82.70,1
2026-09-01T21:18:23.669,5.436,2,50,50,50,50,11.7,10.9,0.03,0.36,0.16,0.10,0.17,-0.03,0.03,0.36,-0.69,0.32,5.60,5.69,100,011,0,0,1931,1973,2005,1865,1960,1956,42.81,34.5,3307,51.672,82.67,1
2026-09-01T21:18:23.680,5.446,2,50,50,50,51,11.1,10.9,-0.15,0.53,0.04,0.04,0.13,0.07,-0.15,0.53,-0.79,0.44,5.60,5.69,110,010,0,0,1928,1971,2009,1867,1972,1954,42.81,34.5,3305,51.641,82.62,1
2026-09-01T21:18:23.691,5.457,2,50,50,50,51,10.8,11.3,-0.10,0.35,0.16,0.08,-0.22,0.25,-0.10,0.35,-0.49,0.13,5.60,5.63,110,010,0,0,1933,1982,2008,1861,1975,1939,42.81,34.5,3308,51.688,82.70,1
2026-09-01T21:18:23.702,5.468,2,50,50,50,50,11.6,11.9,0.15,0.23,0.08,0.10,-0.28,0.29,0.15,0.23,0.05,-0.30,5.60,5.68,010,110,0,0,1929,1990,1998,1867,1979,1931,42.81,34.5,3310,51.719,82.75,1
2026-09-01T21:18:23.713,5.479,2,50,50,50,49,11.8,12.2,0.44,0.14,0.16,-0.02,-0.21,0.14,0.44,0.14,0.37,-0.62,5.60,5.74,011,100,0,0,1932,1992,2004,1868,1974,1931,42.81,34.5,3310,51.719,82.75,1
2026-09-01T21:18:23.724,5.490,2,50,50,49,50,11.5,11.9,0.51,0.00,0.10,0.10,0.12,-0.18,0.51,0.00,0.18,-0.50,5.66,5.69,001,101,0,0,1931,1988,2012,1867,1954,1944,42.81,34.5,3311,51.734,82.78,1
2026-09-01T21:18:23.734,5.501,2,50,50,50,49,11.2,11.1,0.31,-0.08,0.12,0.06,0.24,-0.16,0.31,-0.08,-0.20,-0.22,5.61,5.75,101,001,0,0,1932,1973,2008,1866,1965,1951,42.81,34.5,3306,51.656,82.65,1
2026-09-01T21:18:23.745,5.512,2,50,50,50,49,10.8,11.4,0.00,0.27,0.22,0.00,0.29,-0.22,0.00,0.27,-0.64,0.27,5.61,5.76,101,001,0,0,1928,1976,2003,1865,1960,1951,42.81,34.5,3309,51.703,82.72,1
2026-09-01T21:18:23.756,5.522,2,50,50,50,50,10.7,12.0,-0.20,0.50,0.06,0.08,0.02,-0.07,-0.20,0.50,-0.77,0.49,5.61,5.71,100,011,0,0,1928,1984,1997,1866,1972,1956,42.81,34.5,3308,51.688,82.70,1
2026-09-01T21:18:23.767,5.533,2,50,50,50,51,11.7,11.9,-0.08,0.49,0.08,0.08,-0.18,0.20,-0.08,0.49,-0.60,0.27,5.61,5.64,110,010,0,0,1929,1983,1996,1867,1977,1944,42.81,34.5,3308,51.688,82.70,1
2026-09-01T21:18:23.778,5.544,2,50,50,51,50,11.7,12.0,0.08,0.29,0.08,0.12,-0.36,0.23,0.08,0.29,-0.03,-0.16,5.55,5.69,010,110,0,0,1930,1991,1998,1867,1980,1932,42.81,34.5,3310,51.719,82.75,1
2026-09-01T21:18:23.789,5.555,2,50,50,50,50,11.3,11.6,0.32,0.04,0.06,0.06,-0.28,0.19,0.32,0.04,0.33,-0.58,5.60,5.69,011,100,0,0,1928,1985,2000,1867,1971,1935,42.81,34.5,3309,51.703,82.72,1
2026-09-01T21:18:23.799,5.566,2,50,50,50,50,10.5,11.1,0.49,-0.11,0.04,0.00,0.04,-0.07,0.49,-0.11,0.33,-0.62,5.60,5.69,001,101,0,0,1930,1986,2004,1868,1959,1947,42.81,34.5,3307,51.672,82.67,1
2026-09-01T21:18:23.811,5.577,2,50,50,50,50,10.7,11.1,0.43,-0.07,0.12,0.04,0.33,-0.23,0.43,-0.07,-0.05,-0.29,5.60,5.69,001,101,0,0,1933,1983,2011,1867,1963,1947,42.81,34.5,3310,51.719,82.75,1
2026-09-01T21:18:23.821,5.587,2,50,50,50,50,11.2,11.9,0.13,0.20,0.34,0.14,0.28,-0.30,0.13,0.20,-0.45,0.22,5.60,5.69,101,001,0,0,1929,1973,2008,1867,1964,1951,42.81,34.5,3308,51.688,82.70,1
2026-09-01T21:18:23.832,5.598,2,50,50,50,50,11.7,11.9,-0.01,0.40,0.14,0.06,0.17,-0.20,-0.01,0.40,-0.74,0.44,5.60,5.69,100,011,0,0,1933,1973,2016,1861,1970,1948,42.81,34.5,3308,51.688,82.70,1
2026-09-01T21:18:23.843,5.609,2,50,50,50,51,11.9,11.5,-0.16,0.45,0.16,0.00,-0.12,0.05,-0.16,0.45,-0.59,0.35,5.60,5.63,110,010,0,0,1931,1980,1992,1867,1975,1945,42.81,34.5,3308,51.688,82.70,1
2026-09-01T21:18:23.854,5.620,2,50,50,49,50,11.4,11.1,-0.02,0.28,0.16,0.08,-0.37,0.24,-0.02,0.28,-0.13,-0.08,5.65,5.68,010,110,0,0,1932,1988,1993,1866,1979,1935,42.81,34.5,3308,51.688,82.70,1
2026-09-01T21:18:23.865,5.631,2,50,50,50,50,10.3,10.6,0.29,0.04,0.08,0.06,-0.17,0.20,0.29,0.04,0.21,-0.45,5.61,5.68,011,110,0,0,1930,1986,1993,1868,1971,1935,42.81,34.5,3309,51.703,82.72,1
2026-09-01T21:18:23.876,5.642,2,50,50,50,49,11.4,11.6,0.42,-0.07,0.06,0.08,-0.02,0.11,0.42,-0.07,0.39,-0.81,5.61,5.74,011,100,0,0,1932,1988,2002,1866,1967,1940,42.81,34.5,3310,51.719,82.75,1
2026-09-01T21:18:23.887,5.653,2,50,50,50,50,11.7,11.9,0.50,0.03,0.08,0.10,0.24,-0.16,0.50,0.03,0.13,-0.52,5.61,5.69,001,101,0,0,1931,1983,2014,1869,1956,1945,42.81,34.5,3311,51.734,82.78,1
2026-09-01T21:18:23.901,5.667,2,50,50,50,50,11.8,12.0,0.27,0.14,0.10,-0.04,0.33,-0.29,0.27,0.14,-0.33,0.00,5.61,5.69,101,001,0,0,1929,1972,2012,1866,1963,1955,42.81,34.5,3308,51.688,82.70,1
2026-09-01T21:18:23.908,5.675,2,50,50,50,49,11.9,11.3,0.04,0.44,0.10,0.10,0.17,-0.04,0.04,0.44,-0.67,0.08,5.61,5.75,100,011,0,0,1929,1971,2003,1866,1960,1956,42.81,34.5,3307,51.672,82.67,1
2026-09-01T21:18:23.919,5.685,2,50,50,50,51,11.6,10.4,-0.17,0.52,0.10,0.08,-0.09,0.08,-0.17,0.52,-0.68,0.18,5.61,5.65,110,010,0,0,1930,1980,1994,1868,1974,1951,42.81,34.5,3306,51.656,82.65,1
2026-09-01T21:18:23.930,5.696,2,50,50,50,51,10.4,10.9,-0.10,0.33,0.16,0.08,-0.30,0.24,-0.10,0.33,-0.32,-0.09,5.61,5.64,110,010,0,0,1931,1988,1998,1865,1975,1941,42.81,34.5,3309,51.703,82.72,1
2026-09-01T21:18:23.941,5.707,2,50,50,50,50,11.4,11.7,0.20,0.18,0.38,0.12,-0.20,0.31,0.20,0.18,0.11,-0.53,5.61,5.69,010,110,0,0,1929,1986,1994,1868,1977,1935,42.81,34.5,3310,51.719,82.75,1
2026-09-01T21:18:23.952,5.718,2,50,50,50,49,11.9,12.3,0.50,0.08,0.46,0.12,-0.13,0.18,0.50,0.08,0.43,-0.84,5.61,5.75,011,100,0,0,1934,1990,2002,1868,1972,1931,42.81,34.5,3310,51.719,82.75,1
2026-09-01T21:18:23.962,5.729,2,57,57,50,51,12.2,12.4,0.53,0.08,0.12,0.12,0.09,-0.20,0.53,0.08,0.29,-0.65,5.79,5.82,001,101,0,0,1943,1983,2008,1871,1955,1951,42.81,34.5,3310,51.719,82.75,1
2026-09-01T21:18:23.973,5.740,2,65,65,51,51,13.1,12.9,0.45,0.24,0.20,0.12,0.17,-0.39,0.45,0.24,-0.12,-0.15,6.27,6.36,101,001,0,0,1934,1962,2017,1868,1951,1962,42.81,34.5,3307,51.672,82.67,1
2026-09-01T21:18:23.984,5.751,2,72,72,52,52,14.2,13.5,0.21,0.62,0.16,0.16,0.15,0.02,0.21,0.62,-0.57,-0.02,6.83,6.92,100,011,0,0,1950,1965,1997,1872,1956,1972,42.81,34.5,3307,51.672,82.67,1
2026-09-01T21:18:23.995,5.761,2,77,77,55,57,15.1,14.5,-0.04,0.62,0.20,0.12,-0.14,0.08,-0.04,0.62,-0.64,-0.05,7.22,7.19,110,010,0,0,1935,1980,1988,1870,1979,1949,42.81,34.5,3307,51.672,82.67,1
2026-09-01T21:18:24.006,5.772,2,81,81,60,60,15.6,15.7,0.15,0.44,0.20,0.04,-0.40,0.18,0.15,0.44,-0.21,-0.41,7.38,7.46,010,110,0,0,1934,1992,1992,1871,1987,1927,42.81,34.5,3311,51.734,82.78,1
2026-09-01T21:18:24.017,5.783,2,85,85,65,65,15.7,16.1,0.58,0.16,0.14,0.16,-0.15,0.19,0.58,0.16,0.06,-0.83,7.53,7.61,011,100,0,0,1930,1997,2005,1868,1972,1926,42.81,34.5,3311,51.734,82.78,1
2026-09-01T21:18:24.028,5.794,2,88,88,74,70,14.3,15.4,0.44,0.02,0.14,0.12,0.34,-0.17,0.44,0.02,-0.37,-0.66,7.48,7.79,101,101,0,0,1934,1982,2026,1863,1963,1946,42.81,34.5,3308,51.688,82.70,1
2026-09-01T21:18:24.038,5.805,2,90,90,74,74,15.9,14.7,0.03,0.31,0.10,0.10,0.19,-0.19,0.03,0.31,-0.68,-0.25,7.69,7.79,100,011,0,0,1930,1968,2002,1868,1965,1951,42.81,34.5,3306,51.656,82.65,1
2026-09-01T21:18:24.049,5.816,2,92,92,76,76,16.6,16.6,-0.07,0.51,0.18,0.10,-0.15,0.05,-0.07,0.51,-0.62,-0.20,7.85,7.96,110,010,0,0,1931,1984,1992,1868,1983,1949,42.81,34.5,3307,51.672,82.67,1
2026-09-01T21:18:24.060,5.827,2,93,93,78,78,15.6,16.5,0.23,0.28,0.14,0.14,-0.33,0.27,0.23,0.28,-0.10,-0.65,7.95,8.07,010,110,0,0,1947,1990,1992,1873,1981,1935,42.81,34.5,3311,51.734,82.78,1
2026-09-01T21:18:24.071,5.838,2,94,94,80,80,16.1,16.2,0.59,-0.06,0.14,0.02,0.09,0.07,0.59,-0.06,-0.07,-0.87,8.11,8.34,001,101,0,0,1933,1989,2009,1867,1964,1942,42.81,34.5,3307,51.672,82.67,1
2026-09-01T21:18:24.082,5.848,2,95,95,82,82,17.2,17.5,0.28,0.14,0.16,0.14,0.25,-0.32,0.28,0.14,-0.45,-0.35,8.20,8.32,101,001,0,0,1932,1968,2012,1870,1959,1955,42.81,34.5,3307,51.672,82.67,1
2026-09-01T21:18:24.093,5.859,2,96,96,82,82,15.4,17.5,-0.09,0.61,0.20,0.16,0.06,-0.08,-0.09,0.61,-0.70,-0.10,8.40,8.52,100,011,0,0,1948,1977,1992,1871,1975,1963,42.81,34.5,3308,51.688,82.70,1
2026-09-01T21:18:24.104,5.870,2,97,97,86,84,17.6,17.3,0.12,0.25,0.14,0.10,-0.35,0.29,0.12,0.25,-0.23,-0.53,8.36,8.60,010,110,0,0,1938,1996,2009,1863,1983,1943,42.81,34.5,3309,51.703,82.72,1
2026-09-01T21:18:24.115,5.881,2,97,97,86,85,17.1,18.1,0.56,0.10,0.22,0.18,-0.05,0.20,0.56,0.10,0.05,-0.85,8.48,8.67,011,100,0,0,1933,1993,2005,1869,1972,1926,42.81,34.5,3311,51.734,82.78,1
2026-09-01T21:18:24.126,5.892,2,98,98,88,87,17.6,16.8,0.28,0.00,0.14,0.12,0.22,-0.26,0.28,0.00,-0.35,-0.52,8.54,8.74,101,001,0,0,1932,1969,2008,1868,1963,1951,42.81,34.3,3307,51.672,82.67,1
2026-09-01T21:18:24.139,5.905,2,98,98,88,88,17.5,18.5,-0.03,0.45,0.14,0.10,0.16,-0.21,-0.03,0.45,-0.67,-0.12,8.65,8.79,100,011,0,0,1935,1977,2018,1863,1978,1957,42.81,34.3,3308,51.688,82.70,1
2026-09-01T21:18:24.147,5.914,2,98,98,91,90,17.5,16.5,0.00,0.33,0.10,0.10,-0.36,0.10,0.00,0.33,-0.26,-0.42,8.58,8.78,010,010,0,0,1930,1993,1997,1870,1968,1967,42.81,34.3,3308,51.688,82.70,1
2026-09-01T21:18:24.158,5.924,2,99,99,90,90,18.1,18.8,0.59,0.12,0.06,0.04,-0.17,0.17,0.59,0.12,0.06,-0.79,8.72,8.86,011,100,0,0,1930,1995,2005,1869,1972,1928,42.81,34.3,3311,51.734,82.78,1
2026-09-01T21:18:24.169,5.935,2,99,99,91,91,17.8,16.5,0.28,0.02,0.10,0.12,0.20,-0.27,0.28,0.02,-0.30,-0.47,8.81,8.95,101,101,0,0,1934,1972,2012,1868,1961,1953,42.81,34.3,3310,51.719,82.75,1
2026-09-01T21:18:24.180,5.946,2,99,99,91,91,18.2,19.0,-0.03,0.43,0.58,0.22,0.18,-0.23,-0.03,0.43,-0.65,-0.07,8.90,9.03,100,011,0,0,1932,1970,2002,1868,1971,1955,42.81,34.3,3308,51.688,82.70,1
2026-09-01T21:18:24.191,5.957,2,99,99,94,93,18.1,16.8,-0.01,0.34,0.18,0.10,-0.34,0.08,-0.01,0.34,-0.22,-0.31,8.80,8.99,010,010,0,0,1931,1991,1998,1869,1971,1972,42.81,34.3,3310,51.719,82.75,1
2026-09-01T21:18:24.202,5.968,2,99,99,93,93,18.0,19.0,0.57,0.04,0.16,0.18,-0.10,0.20,0.57,0.04,0.09,-0.77,8.91,9.06,011,100,0,0,1931,1994,2005,1869,1972,1930,42.81,34.3,3311,51.734,82.78,1
2026-09-01T21:18:24.215,5.982,2,99,99,95,93,18.5,17.9,0.20,-0.07,0.20,0.10,0.21,-0.31,0.20,-0.07,-0.31,-0.38,8.85,9.12,101,001,0,0,1934,1972,2008,1867,1963,1950,42.81,34.3,3307,51.672,82.67,1
2026-09-01T21:18:24.223,5.990,2,99,99,94,95,16.8,18.8,-0.11,0.46,0.12,0.14,0.05,-0.14,-0.11,0.46,-0.55,-0.06,8.96,9.06,100,011,0,0,1946,1980,1992,1871,1975,1958,42.81,34.3,3308,51.688,82.70,1
2026-09-01T21:18:24.234,6.000,2,99,99,93,94,19.0,18.6,0.08,0.24,0.20,0.08,-0.35,0.31,0.08,0.24,-0.17,-0.49,9.07,9.15,010,110,0,0,1935,1992,1992,1867,1975,1935,42.81,34.3,3310,51.719,82.75,1
2026-09-01T21:18:24.245,6.011,2,99,99,94,95,16.9,18.2,0.57,-0.04,0.30,0.18,0.05,0.10,0.57,-0.04,0.00,-0.73,9.07,9.15,011,100,0,0,1933,1992,2004,1870,1967,1939,42.81,34.3,3310,51.719,82.75,1
2026-09-01T21:18:24.256,6.022,2,99,99,95,95,19.1,19.1,0.21,0.09,0.10,0.12,0.27,-0.31,0.21,0.09,-0.42,-0.27,9.06,9.19,101,001,0,0,1930,1972,2008,1868,1959,1953,42.81,34.3,3308,51.688,82.70,1
2026-09-01T21:18:24.267,6.033,2,99,99,96,96,18.1,17.7,-0.21,0.48,0.08,0.10,0.27,-0.03,-0.21,0.48,-0.77,-0.05,9.04,9.17,110,011,0,0,1930,1979,1999,1868,1971,1951,42.81,34.3,3307,51.672,82.67,1
2026-09-01T21:18:24.278,6.045,2,99,99,95,96,19.0,19.4,0.24,0.26,0.16,0.12,-0.32,0.21,0.24,0.26,-0.20,-0.43,9.13,9.20,010,110,0,0,1931,1996,1996,1869,1979,1930,42.81,34.3,3311,51.734,82.78,1
2026-09-01T21:18:24.288,6.055,2,99,99,96,96,18.7,17.6,0.53,-0.10,0.14,0.12,0.00,-0.07,0.53,-0.10,-0.08,-0.58,9.10,9.23,001,101,0,0,1931,1982,2012,1869,1959,1947,42.81,34.3,3309,51.703,82.72,1
2026-09-01T21:18:24.299,6.066,2,99,99,96,96,17.7,19.5,0.15,0.19,0.14,0.14,0.31,-0.27,0.15,0.19,-0.58,-0.14,9.14,9.26,101,001,0,0,1931,1970,2008,1870,1959,1954,42.81,34.3,3308,51.688,82.70,1
2026-09-01T21:18:24.310,6.076,2,99,99,96,97,19.4,18.5,-0.13,0.43,0.22,0.10,-0.16,0.00,-0.13,0.43,-0.57,0.01,9.17,9.23,110,010,0,0,1955,1989,1987,1869,1980,1950,42.81,34.3,3307,51.672,82.67,1
2026-09-01T21:18:24.321,6.087,2,99,99,96,96,17.0,18.9,0.36,0.23,0.14,0.14,-0.24,0.30,0.36,0.23,-0.13,-0.55,9.20,9.31,011,110,0,0,1933,1992,1994,1871,1981,1931,42.81,34.5,3309,51.703,82.72,1
2026-09-01T21:18:24.332,6.098,2,100,100,99,97,18.7,19.6,0.48,0.00,0.18,0.14,0.22,-0.20,0.48,0.00,-0.23,-0.44,9.05,9.28,001,101,0,0,1935,1983,2014,1871,1955,1946,42.81,34.5,3311,51.734,82.78,1
2026-09-01T21:18:24.343,6.109,2,100,100,97,96,19.1,17.8,0.01,0.28,0.14,0.14,0.23,-0.20,0.01,0.28,-0.73,-0.12,9.25,9.43,100,001,0,0,1929,1972,2016,1863,1959,1947,42.81,34.5,3372,52.688,84.30,1
2026-09-01T21:18:24.354,6.120,2,100,100,98,98,17.5,19.5,0.03,0.54,0.60,0.22,-0.22,0.22,0.03,0.54,-0.54,-0.17,9.21,9.34,110,010,0,0,1935,1985,1994,1870,1983,1947,42.81,34.5,3308,51.688,82.70,1
2026-09-01T21:18:24.365,6.131,2,100,100,98,98,19.5,19.1,0.43,0.06,0.14,0.14,-0.27,0.17,0.43,0.06,-0.13,-0.58,9.25,9.37,011,100,0,0,1931,1992,2004,1869,1971,1931,42.81,34.5,3309,51.703,82.72,1
2026-09-01T21:18:24.376,6.142,2,100,100,98,98,18.3,18.4,0.29,-0.01,0.12,0.14,0.28,-0.25,0.29,-0.01,-0.53,-0.33,9.27,9.39,101,101,0,0,1937,1978,2002,1871,1963,1953,42.81,34.5,3310,51.719,82.75,1
2026-09-01T21:18:24.386,6.153,2,100,100,99,99,18.6,19.6,-0.13,0.37,0.12,0.08,0.19,-0.25,-0.13,0.37,-0.83,0.10,9.23,9.35,100,011,0,0,1930,1978,2003,1867,1972,1952,42.81,34.5,3308,51.688,82.70,1
2026-09-01T21:18:24.397,6.164,2,100,100,100,98,19.3,17.9,0.00,0.18,0.12,0.10,-0.37,0.52,0.00,0.18,-0.38,-0.33,9.19,9.42,010,110,0,0,1931,1988,1998,1867,1977,1947,42.81,34.5,3310,51.719,82.75,1
2026-09-01T21:18:24.408,6.174,2,100,100,99,98,17.2,19.5,0.53,0.06,0.10,0.14,0.02,0.16,0.53,0.06,-0.20,-0.52,9.25,9.44,011,100,0,0,1931,1988,2002,1871,1970,1931,42.81,34.5,3310,51.719,82.75,1
2026-09-01T21:18:24.419,6.185,2,100,100,100,98,19.2,19.4,0.20,0.01,0.14,0.12,0.27,-0.30,0.20,0.01,-0.65,-0.08,9.21,9.45,101,001,0,0,1932,1972,2008,1869,1961,1949,42.81,34.5,3308,51.688,82.70,1
2026-09-01T21:18:24.430,6.196,2,100,100,99,98,19.2,18.5,-0.17,0.47,0.10,0.10,-0.11,-0.03,-0.17,0.47,-0.87,0.13,9.28,9.47,110,011,0,0,1933,1985,1993,1867,1972,1951,42.81,34.5,3307,51.672,82.67,1
2026-09-01T21:18:24.441,6.207,2,100,100,101,99,17.6,19.9,0.22,0.26,0.12,0.16,-0.38,0.26,0.22,0.26,-0.31,-0.24,9.17,9.43,010,110,0,0,1931,1990,2006,1871,1979,1930,42.81,34.5,3310,51.719,82.75,1
2026-09-01T21:18:24.452,6.218,2,100,100,100,100,19.5,18.7,0.57,-0.17,0.18,0.08,0.10,-0.10,0.57,-0.17,-0.38,-0.36,9.23,9.38,001,101,0,0,1936,1986,2014,1869,1960,1945,42.81,34.5,3310,51.719,82.75,1
2026-09-01T21:18:24.462,6.229,2,100,100,98,99,18.6,19.2,0.00,0.26,0.12,0.14,0.29,-0.23,0.00,0.26,-0.87,0.08,9.34,9.44,100,001,0,0,1930,1979,2006,1868,1962,1953,42.81,34.5,3306,51.656,82.65,1
2026-09-01T21:18:24.473,6.240,2,100,100,99,100,19.0,19.7,-0.03,0.50,0.20,0.10,-0.16,0.10,-0.03,0.50,-0.74,0.01,9.30,9.40,110,010,0,0,1935,1983,1996,1869,1977,1945,42.81,34.5,3309,51.703,82.72,1
2026-09-01T21:18:24.484,6.250,2,100,100,99,98,19.4,17.5,0.33,0.12,0.12,0.14,-0.30,0.22,0.33,0.12,-0.19,-0.44,9.31,9.53,011,110,0,0,1931,1988,2004,1870,1971,1931,42.81,34.5,3310,51.719,82.75,1
2026-09-01T21:18:24.495,6.261,2,100,100,98,100,17.6,19.6,0.46,-0.01,0.24,0.14,0.33,-0.20,0.46,-0.01,-0.57,-0.35,9.38,9.43,001,101,0,0,1935,1983,2014,1870,1957,1946,42.81,34.5,3311,51.734,82.78,1
2026-09-01T21:18:24.506,6.272,2,100,100,100,99,19.2,19.2,-0.13,0.34,0.46,0.18,0.12,-0.28,-0.13,0.34,-0.85,0.04,9.27,9.50,100,011,0,0,1929,1979,2003,1867,1972,1950,42.81,34.5,3307,51.672,82.67,1
2026-09-01T21:18:24.518,6.284,2,100,100,101,101,18.9,17.9,-0.04,0.31,0.12,0.10,-0.36,0.19,-0.04,0.31,-0.48,-0.14,9.22,9.39,010,010,0,0,1931,1988,1996,1869,1975,1939,42.81,34.5,3308,51.688,82.70,1
2026-09-01T21:18:24.527,6.294,2,100,100,100,99,18.1,20.1,0.47,0.05,0.38,0.22,-0.06,0.20,0.47,0.05,-0.17,-0.54,9.27,9.51,011,100,0,0,1931,1991,2007,1871,1971,1929,42.81,34.5,3310,51.719,82.75,1
2026-09-01T21:18:24.538,6.305,2,100,100,100,99,19.6,18.8,0.24,0.00,0.12,0.10,0.26,-0.32,0.24,0.00,-0.56,-0.16,9.27,9.51,101,001,0,0,1934,1968,2008,1871,1965,1954,42.81,34.5,3307,51.672,82.67,1
2026-09-01T21:18:24.549,6.316,2,100,100,99,99,18.6,19.6,-0.24,0.50,0.10,0.14,0.00,-0.10,-0.24,0.50,-0.74,0.08,9.33,9.53,110,011,0,0,1930,1986,2000,1870,1970,1952,42.81,34.5,3307,51.672,82.67,1
2026-09-01T21:18:24.560,6.326,2,100,100,99,100,19.1,19.9,0.27,0.26,0.16,0.12,-0.35,0.21,0.27,0.26,-0.24,-0.26,9.34,9.46,010,110,0,0,1933,1996,1994,1869,1977,1931,42.81,34.5,3311,51.734,82.78,1
2026-09-01T21:18:24.571,6.337,2,100,100,100,101,19.5,18.2,0.51,-0.07,0.20,0.14,0.06,0.07,0.51,-0.07,-0.15,-0.67,9.29,9.42,001,101,0,0,1935,1981,2008,1870,1959,1947,42.81,34.5,3309,51.703,82.72,1
2026-09-01T21:18:24.582,6.348,2,100,100,100,99,17.7,19.8,0.09,0.26,0.16,0.16,0.24,-0.26,0.09,0.26,-0.65,-0.13,9.29,9.53,101,001,0,0,1932,1973,2005,1870,1959,1954,42.81,34.5,3302,51.594,82.55,1
2026-09-01T21:18:24.593,6.359,2,100,100,100,101,19.3,19.5,-0.11,0.45,0.24,0.12,-0.17,0.02,-0.11,0.45,-0.58,-0.23,9.29,9.44,110,010,0,0,1938,1986,2012,1863,1975,1941,42.81,34.5,3308,51.688,82.70,1
2026-09-01T21:18:24.604,6.370,2,100,100,100,99,19.3,17.6,0.35,0.07,0.12,0.16,-0.28,0.22,0.35,0.07,-0.08,-0.65,9.30,9.55,011,110,0,0,1927,1988,2008,1867,1971,1935,42.81,34.5,3310,51.719,82.75,1
2026-09-01T21:18:24.617,6.383,2,100,100,100,102,17.2,19.5,0.35,-0.04,0.16,0.12,0.30,-0.24,0.35,-0.04,-0.39,-0.63,9.30,9.39,001,101,0,0,1936,1983,2007,1870,1958,1949,42.81,34.5,3310,51.719,82.75,1
2026-09-01T21:18:24.625,6.392,2,100,100,100,99,19.4,19.3,-0.05,0.34,0.10,0.10,0.19,-0.02,-0.05,0.34,-0.78,-0.41,9.30,9.55,100,011,0,0,1931,1973,2005,1868,1964,1954,42.81,34.5,3307,51.672,82.67,1
2026-09-01T21:18:24.636,6.403,2,100,100,100,102,19.0,17.8,-0.02,0.33,0.10,0.08,-0.34,0.14,-0.02,0.33,-0.34,-0.45,9.30,9.38,010,010,0,0,1931,1990,1998,1867,1975,1936,42.81,34.5,3309,51.703,82.72,1
2026-09-01T21:18:24.647,6.414,2,100,100,99,99,18.6,20.2,0.54,0.09,0.14,0.16,-0.04,0.19,0.54,0.09,-0.09,-0.85,9.36,9.55,011,100,0,0,1931,1996,2006,1871,1971,1926,42.81,34.5,3310,51.719,82.75,1
2026-09-01T21:18:24.658,6.424,2,100,100,101,100,19.5,18.9,0.18,0.00,0.12,0.12,0.23,-0.33,0.18,0.00,-0.51,-0.46,9.25,9.49,101,001,0,0,1931,1972,2008,1869,1961,1951,42.81,34.7,3307,51.672,82.67,1
2026-09-01T21:18:24.669,6.435,2,100,100,100,98,18.5,19.7,-0.19,0.54,0.12,0.14,-0.03,-0.10,-0.19,0.54,-0.77,-0.22,9.31,9.62,110,011,0,0,1935,1982,1994,1870,1971,1953,42.81,34.7,3307,51.672,82.67,1
2026-09-01T21:18:24.680,6.446,2,100,100,101,101,18.6,20.0,0.21,0.28,0.12,0.14,-0.33,0.20,0.21,0.28,-0.23,-0.57,9.25,9.45,010,110,0,0,1931,1991,1999,1870,1977,1932,42.81,34.5,3310,51.719,82.75,1
2026-09-01T21:18:24.691,6.457,2,100,100,100,101,19.5,18.3,0.52,-0.15,0.22,0.14,0.06,0.00,0.52,-0.15,-0.21,-0.85,9.31,9.45,001,101,0,0,1936,1983,2023,1863,1960,1940,42.81,34.7,3309,51.703,82.72,1
2026-09-01T21:18:24.701,6.468,2,100,100,99,100,17.8,19.6,0.07,0.20,0.12,0.04,0.22,-0.24,0.07,0.20,-0.66,-0.36,9.31,9.50,100,001,0,0,1931,1976,2006,1869,1961,1951,42.81,34.5,3308,51.688,82.70,1
2026-09-01T21:18:24.712,6.479,2,100,100,99,101,19.5,19.6,-0.08,0.44,0.22,0.10,-0.16,0.04,-0.08,0.44,-0.61,-0.30,9.37,9.45,110,010,0,0,1935,1983,1994,1869,1975,1943,42.81,34.5,3308,51.688,82.70,1
2026-09-01T21:18:24.723,6.489,2,100,100,100,99,19.2,17.8,0.31,0.14,0.12,0.14,-0.30,0.28,0.31,0.14,-0.08,-0.82,9.31,9.56,011,110,0,0,1942,1988,2000,1873,1977,1939,42.81,34.5,3311,51.734,82.78,1
2026-09-01T21:18:24.734,6.500,2,100,100,99,101,17.9,19.8,0.47,-0.03,0.20,0.12,0.33,-0.21,0.47,-0.03,-0.41,-0.65,9.37,9.45,001,101,0,0,1936,1983,2015,1869,1958,1945,42.81,34.5,3310,51.719,82.75,1
2026-09-01T21:18:24.745,6.511,2,100,100,100,101,19.5,19.1,-0.05,0.29,0.14,0.10,0.20,-0.25,-0.05,0.29,-0.77,-0.28,9.31,9.45,100,011,0,0,1950,1976,1996,1871,1975,1953,42.81,34.5,3307,51.672,82.67,1
2026-09-01T21:18:24.756,6.522,2,100,100,101,101,18.9,18.2,-0.01,0.37,0.20,0.12,-0.40,0.20,-0.01,0.37,-0.36,-0.45,9.26,9.44,010,010,0,0,1927,1992,2008,1863,1974,1933,42.81,34.5,3309,51.703,82.72,1
2026-09-01T21:18:24.766,6.533,2,100,100,100,100,18.5,20.1,0.53,0.10,0.04,0.08,-0.10,0.17,0.53,0.10,-0.06,-0.82,9.31,9.49,011,100,0,0,1932,1991,2007,1872,1971,1928,42.81,34.5,3310,51.719,82.75,1
2026-09-01T21:18:24.777,6.544,2,100,100,101,99,19.5,18.8,0.21,-0.10,0.12,0.08,0.22,-0.24,0.21,-0.10,-0.45,-0.48,9.25,9.55,101,001,0,0,1932,1970,2008,1868,1966,1950,42.81,34.7,3307,51.672,82.67,1
2026-09-01T21:18:24.788,6.555,2,100,100,99,100,18.4,19.4,-0.22,0.46,0.04,0.08,0.03,-0.11,-0.22,0.46,-0.68,-0.13,9.37,9.50,110,011,0,0,1950,1981,1992,1873,1975,1958,42.81,34.7,3307,51.672,82.67,1
2026-09-01T21:18:24.799,6.565,2,100,100,100,99,19.0,20.1,0.24,0.28,0.16,0.14,-0.28,0.25,0.24,0.28,-0.16,-0.57,9.32,9.55,010,110,0,0,1933,1994,2011,1865,1977,1926,42.81,34.7,3310,51.719,82.75,1
2026-09-01T21:18:24.810,6.576,2,100,100,100,101,19.4,18.4,0.51,-0.14,0.20,0.10,0.04,0.01,0.51,-0.14,-0.08,-0.78,9.32,9.56,001,101,0,0,1935,1983,2014,1869,1960,1946,42.81,34.7,3310,51.719,82.75,1
2026-09-01T21:18:24.821,6.587,2,100,100,100,99,17.5,19.9,0.07,0.22,0.12,0.14,0.25,-0.28,0.07,0.22,-0.57,-0.29,9.32,9.56,100,001,0,0,1931,1972,2000,1870,1959,1953,42.81,34.7,3309,51.703,82.72,1
2026-09-01T21:18:24.832,6.598,2,100,100,100,101,19.4,19.6,-0.04,0.44,0.20,0.08,-0.16,0.06,-0.04,0.44,-0.48,-0.21,9.32,9.45,110,010,0,0,1937,1983,1994,1867,1974,1945,42.81,34.7,3309,51.703,82.72,1
2026-09-01T21:18:24.842,6.609,2,100,100,100,100,19.0,17.7,0.36,0.09,0.32,0.20,-0.28,0.25,0.36,0.09,-0.02,-0.66,9.33,9.50,011,110,0,0,1931,1990,2007,1869,1971,1933,42.81,34.7,3310,51.719,82.75,1
2026-09-01T21:18:24.854,6.620,2,100,100,100,100,17.8,19.9,0.44,-0.06,0.18,0.12,0.33,-0.21,0.44,-0.06,-0.31,-0.53,9.33,9.49,001,101,0,0,1945,1983,2007,1873,1961,1952,42.81,34.7,3310,51.719,82.75,1
2026-09-01T21:18:24.864,6.631,2,100,100,101,101,19.3,19.3,-0.08,0.30,0.14,0.10,0.18,-0.30,-0.08,0.30,-0.71,-0.07,9.28,9.44,100,011,0,0,1933,1976,2004,1869,1971,1948,42.81,34.7,3309,51.703,82.72,1
2026-09-01T21:18:24.875,6.642,2,100,100,99,100,19.1,17.8,-0.08,0.33,0.18,0.10,-0.21,0.23,-0.08,0.33,-0.45,-0.34,9.39,9.48,010,010,0,0,1931,1984,2009,1863,1975,1935,42.81,34.7,3307,51.672,82.67,1
2026-09-01T21:18:24.886,6.653,2,100,100,101,100,17.8,19.9,0.50,0.08,0.14,0.20,-0.02,0.16,0.50,0.08,-0.12,-0.70,9.28,9.49,011,100,0,0,1931,1990,2007,1872,1968,1929,42.81,34.7,3310,51.719,82.75,1
2026-09-01T21:18:24.897,6.664,2,100,100,100,99,19.7,19.1,0.22,-0.05,0.12,0.10,0.23,-0.31,0.22,-0.05,-0.51,-0.29,9.33,9.56,101,001,0,0,1932,1969,2009,1868,1966,1950,42.81,34.7,3307,51.672,82.67,1
2026-09-01T21:18:24.908,6.674,2,100,100,99,101,18.8,18.7,-0.19,0.46,0.04,0.04,-0.08,-0.06,-0.19,0.46,-0.72,-0.03,9.39,9.45,110,011,0,0,1931,1986,1996,1867,1971,1949,42.81,34.7,3308,51.688,82.70,1
2026-09-01T21:18:24.919,6.685,2,100,100,99,99,19.1,20.2,0.25,0.31,0.14,0.14,-0.30,0.22,0.25,0.31,-0.24,-0.52,9.40,9.55,010,110,0,0,1931,1996,1994,1871,1979,1928,42.81,34.7,3311,51.734,82.78,1
2026-09-01T21:18:24.930,6.696,2,100,100,101,100,19.6,18.9,0.54,-0.07,0.18,0.12,0.09,-0.16,0.54,-0.07,-0.20,-0.56,9.29,9.49,001,101,0,0,1935,1983,2014,1870,1955,1946,42.81,34.7,3310,51.719,82.75,1
2026-09-01T21:18:24.941,6.707,2,100,100,100,98,17.8,19.8,0.08,0.23,0.12,0.12,0.24,-0.24,0.08,0.23,-0.73,-0.21,9.34,9.61,100,001,0,0,1930,1981,2016,1870,1962,1954,42.81,34.7,3307,51.672,82.67,1
2026-09-01T21:18:24.951,6.718,2,100,100,101,101,18.9,19.8,-0.14,0.45,0.20,0.10,-0.21,0.08,-0.14,0.45,-0.66,-0.13,9.28,9.44,110,010,0,0,1935,1983,1992,1869,1975,1945,42.81,34.7,3309,51.703,82.72,1
2026-09-01T21:18:24.962,6.729,2,100,100,100,99,19.4,17.9,0.37,0.05,0.12,0.12,-0.31,0.22,0.37,0.05,-0.26,-0.60,9.35,9.55,011,110,0,0,1933,1988,2004,1869,1969,1935,42.81,34.7,3310,51.719,82.75,1
2026-09-01T21:18:24.973,6.740,2,100,100,100,101,17.3,19.4,0.30,-0.05,0.18,0.12,0.35,-0.24,0.30,-0.05,-0.57,-0.41,9.35,9.43,001,101,0,0,1931,1979,2007,1872,1960,1948,42.81,34.7,3310,51.719,82.75,1
2026-09-01T21:18:24.984,6.750,2,100,100,101,100,19.3,19.4,-0.06,0.32,0.10,0.06,0.18,-0.26,-0.06,0.32,-0.92,0.00,9.29,9.48,100,011,0,0,1932,1973,2003,1868,1974,1951,42.81,34.7,3308,51.688,82.70,1
2026-09-01T21:18:24.995,6.761,2,100,100,101,101,19.1,17.6,-0.03,0.33,0.18,0.10,-0.35,0.11,-0.03,0.33,-0.52,-0.14,9.29,9.43,010,010,0,0,1929,1991,2012,1863,1974,1929,42.81,34.7,3309,51.703,82.72,1
2026-09-01T21:18:25.006,6.772,2,100,100,100,99,18.2,20.1,0.55,0.13,0.16,0.20,-0.07,0.17,0.55,0.13,-0.27,-0.54,9.34,9.54,011,100,0,0,1933,1994,2007,1873,1970,1928,42.81,34.7,3310,51.719,82.75,1
2026-09-01T21:18:25.017,6.783,2,100,100,101,99,19.5,19.1,0.22,-0.01,0.12,0.12,0.25,-0.31,0.22,-0.01,-0.70,-0.12,9.28,9.55,101,001,0,0,1931,1970,2008,1868,1963,1951,42.81,34.7,3307,51.672,82.67,1
2026-09-01T21:18:25.027,6.794,2,100,100,100,100,19.0,19.0,-0.22,0.48,0.10,0.08,-0.05,-0.10,-0.22,0.48,-0.97,0.15,9.34,9.50,110,011,0,0,1932,1982,1992,1869,1973,1951,42.81,34.7,3307,51.672,82.67,1
2026-09-01T21:18:25.038,6.805,2,100,100,102,100,18.2,20.0,0.16,0.26,0.10,0.12,-0.38,0.25,0.16,0.26,-0.38,-0.21,9.22,9.49,010,110,0,0,1930,1990,2004,1869,1979,1931,42.81,34.7,3311,51.734,82.78,1
2026-09-01T21:18:25.049,6.815,2,100,100,101,100,19.5,18.7,0.50,-0.19,0.18,0.10,0.08,-0.07,0.50,-0.19,-0.38,-0.39,9.27,9.50,001,101,0,0,1931,1983,2012,1869,1961,1946,42.81,34.7,3310,51.719,82.75,1
2026-09-01T21:18:25.060,6.826,2,100,100,100,100,18.3,19.5,0.02,0.22,0.10,0.02,0.31,-0.24,0.02,0.22,-0.85,0.06,9.32,9.50,100,001,0,0,1929,1977,2005,1869,1962,1951,42.81,34.7,3307,51.672,82.67,1
2026-09-01T21:18:25.071,6.837,2,100,100,99,101,19.3,19.8,-0.07,0.46,0.24,0.12,-0.17,0.07,-0.07,0.46,-0.77,0.02,9.37,9.45,110,010,0,0,1935,1982,1992,1870,1979,1947,42.81,34.7,3308,51.688,82.70,1
2026-09-01T21:18:25.081,6.848,2,100,100,100,99,19.4,17.6,0.33,0.11,0.12,0.14,-0.35,0.21,0.33,0.11,-0.19,-0.41,9.32,9.56,011,110,0,0,1936,1996,2020,1866,1975,1942,42.81,34.7,3304,51.625,82.60,1
2026-09-01T21:18:25.092,6.859,2,100,100,99,101,17.6,19.6,0.51,0.00,0.26,0.04,0.36,-0.18,0.51,0.00,-0.60,-0.32,9.37,9.45,001,101,0,0,1937,1987,2015,1871,1958,1947,42.81,34.7,3311,51.734,82.78,1
2026-09-01T21:18:25.104,6.870,2,100,100,100,100,19.4,19.2,-0.07,0.33,0.10,0.10,0.15,-0.27,-0.07,0.33,-0.88,0.05,9.32,9.51,100,011,0,0,1930,1977,2003,1868,1972,1950,42.81,34.7,3308,51.688,82.70,1
2026-09-01T21:18:25.114,6.881,2,100,100,101,101,19.2,17.3,-0.02,0.30,0.18,0.08,-0.32,0.16,-0.02,0.30,-0.52,-0.13,9.26,9.45,010,010,0,0,1934,1987,1997,1868,1974,1946,42.81,34.7,3302,51.594,82.55,1
2026-09-01T21:18:25.125,6.892,2,100,100,100,99,17.7,20.1,0.52,0.06,0.12,0.16,-0.06,0.22,0.52,0.06,-0.19,-0.57,9.32,9.57,011,100,0,0,1931,1988,2004,1871,1971,1927,42.81,34.7,3311,51.734,82.78,1
2026-09-01T21:18:25.136,6.903,2,100,100,101,99,19.4,19.4,0.22,0.04,0.12,0.12,0.27,-0.33,0.22,0.04,-0.62,-0.15,9.26,9.57,101,001,0,0,1951,1976,2000,1871,1967,1959,42.81,34.7,3307,51.672,82.67,1
2026-09-01T21:18:25.147,6.914,2,100,100,100,99,19.2,18.9,-0.20,0.49,0.14,0.14,-0.11,-0.04,-0.20,0.49,-0.73,0.06,9.31,9.58,110,011,0,0,1930,1984,1995,1868,1972,1951,42.81,34.7,3308,51.688,82.70,1
2026-09-01T21:18:25.158,6.924,2,100,100,99,101,18.5,19.9,0.32,0.23,0.16,0.14,-0.30,0.23,0.32,0.23,-0.21,-0.29,9.37,9.46,010,110,0,0,1933,1996,1995,1870,1977,1933,42.81,34.7,3310,51.719,82.75,1
2026-09-01T21:18:25.169,6.935,2,100,100,100,101,19.7,19.2,0.54,-0.12,0.12,0.12,0.13,-0.11,0.54,-0.12,-0.20,-0.57,9.32,9.47,001,101,0,0,1931,1983,2012,1869,1964,1953,42.81,34.7,3309,51.703,82.72,1
2026-09-01T21:18:25.180,6.946,2,100,100,100,100,18.7,18.9,-0.02,0.24,0.12,0.14,0.21,-0.27,-0.02,0.24,-0.67,-0.10,9.32,9.51,100,001,0,0,1931,1976,2004,1869,1963,1949,42.81,34.7,3307,51.672,82.67,1
2026-09-01T21:18:25.191,6.957,2,100,100,100,101,18.5,20.0,-0.16,0.46,0.18,0.12,-0.20,0.09,-0.16,0.46,-0.53,-0.30,9.32,9.47,110,010,0,0,1935,1982,1996,1869,1979,1947,42.81,34.7,3309,51.703,82.72,1
2026-09-01T21:18:25.202,6.968,2,100,100,100,98,19.6,18.3,0.35,0.09,0.08,0.14,-0.26,0.45,0.35,0.09,-0.08,-0.70,9.32,9.58,011,100,0,0,1932,1986,2004,1869,1999,1943,42.81,34.7,3309,51.703,82.72,1
2026-09-01T21:18:25.213,6.979,2,100,100,100,102,18.0,18.9,0.32,-0.05,0.16,0.12,0.31,-0.29,0.32,-0.05,-0.43,-0.60,9.32,9.42,101,101,0,0,1933,1979,2007,1869,1960,1952,42.81,34.7,3309,51.703,82.72,1
2026-09-01T21:18:25.223,6.990,2,100,100,100,99,19.0,19.9,-0.10,0.38,0.16,0.12,0.19,-0.18,-0.10,0.38,-0.79,-0.32,9.32,9.58,100,011,0,0,1933,1972,2016,1863,1971,1950,42.81,34.7,3308,51.688,82.70,1
2026-09-01T21:18:25.234,7.001,2,100,100,101,100,19.4,17.8,0.03,0.30,0.20,0.10,-0.36,0.12,0.03,0.30,-0.31,-0.46,9.26,9.52,010,110,0,0,1935,1992,1996,1867,1977,1933,42.81,34.7,3310,51.719,82.75,1
2026-09-01T21:18:25.245,7.011,2,100,100,99,99,17.6,19.9,0.58,0.09,0.14,0.16,0.03,0.18,0.58,0.09,-0.16,-0.88,9.37,9.58,011,100,0,0,1933,1992,2001,1871,1971,1931,42.81,34.7,3310,51.719,82.75,1
2026-09-01T21:18:25.256,7.022,2,100,100,101,100,19.2,19.7,0.17,0.09,0.12,0.12,0.28,-0.33,0.17,0.09,-0.59,-0.43,9.26,9.52,101,001,0,0,1931,1972,2008,1870,1959,1953,42.81,34.7,3309,51.703,82.72,1
2026-09-01T21:18:25.267,7.033,2,100,100,100,99,19.2,18.5,-0.14,0.50,0.14,0.12,-0.11,-0.02,-0.14,0.50,-0.79,-0.29,9.32,9.58,110,011,0,0,1942,1983,1988,1871,1971,1955,42.81,34.7,3308,51.688,82.70,1
2026-09-01T21:18:25.278,7.044,2,100,100,101,101,17.7,19.8,0.21,0.24,0.10,0.12,-0.31,0.27,0.21,0.24,-0.24,-0.64,9.26,9.46,010,110,0,0,1931,1990,2004,1870,1976,1932,42.81,34.7,3310,51.719,82.75,1
2026-09-01T21:18:25.288,7.055,2,100,100,100,101,19.7,19.4,0.54,-0.13,0.20,0.12,0.12,-0.12,0.54,-0.13,-0.28,-0.79,9.32,9.46,001,101,0,0,1955,1991,2006,1873,1965,1953,42.81,34.7,3310,51.719,82.75,1
2026-09-01T21:18:25.299,7.066,2,100,100,100,100,19.0,18.5,-0.04,0.21,0.08,0.04,0.26,-0.22,-0.04,0.21,-0.75,-0.34,9.32,9.51,100,001,0,0,1930,1976,2004,1869,1965,1953,42.81,34.7,3307,51.672,82.67,1
2026-09-01T21:18:25.310,7.077,2,100,100,99,101,18.6,20.0,-0.06,0.48,0.24,0.14,-0.18,0.14,-0.06,0.48,-0.64,-0.35,9.37,9.46,110,010,0,0,1935,1981,1992,1869,1979,1947,42.81,34.7,3308,51.688,82.70,1
2026-09-01T21:18:25.321,7.087,2,100,100,100,100,19.6,19.0,0.39,0.07,0.40,0.20,-0.26,0.17,0.39,0.07,-0.10,-0.79,9.32,9.52,011,100,0,0,1931,1991,2007,1871,1970,1929,42.81,34.7,3309,51.703,82.72,1
2026-09-01T21:18:25.332,7.098,2,100,100,101,101,18.2,18.9,0.36,-0.03,0.18,0.10,0.36,-0.22,0.36,-0.03,-0.56,-0.60,9.26,9.46,101,101,0,0,1931,1978,2012,1869,1962,1947,42.81,34.7,3309,51.703,82.72,1
2026-09-01T21:18:25.343,7.109,2,100,100,100,100,18.8,19.9,-0.14,0.35,0.16,0.02,0.15,-0.25,-0.14,0.35,-0.80,-0.23,9.31,9.52,100,011,0,0,1931,1978,1999,1869,1972,1952,42.81,34.7,3309,51.703,82.72,1
2026-09-01T21:18:25.354,7.120,2,100,100,101,100,19.5,18.6,0.09,0.20,0.20,0.08,-0.40,0.50,0.09,0.20,-0.32,-0.64,9.26,9.51,010,110,0,0,1935,1992,1996,1867,1975,1949,42.81,34.7,3310,51.719,82.75,1
2026-09-01T21:18:25.365,7.131,2,100,100,100,100,17.3,19.2,0.46,-0.01,0.14,0.18,0.00,0.14,0.46,-0.01,-0.11,-0.85,9.31,9.51,001,100,0,0,1931,1988,2004,1871,1966,1935,42.81,34.9,3310,51.719,82.75,1
2026-09-01T21:18:25.376,7.142,2,100,100,101,100,19.0,19.9,0.19,0.08,0.24,0.04,0.35,-0.31,0.19,0.08,-0.56,-0.38,9.25,9.51,101,001,0,0,1931,1972,2010,1869,1959,1949,42.81,34.9,3309,51.703,82.72,1
2026-09-01T21:18:25.387,7.153,2,100,100,99,101,19.5,17.7,-0.17,0.40,0.16,0.12,-0.10,0.00,-0.17,0.40,-0.62,-0.20,9.37,9.45,110,010,0,0,1931,1982,1992,1868,1975,1947,42.81,34.9,3307,51.672,82.67,1
2026-09-01T21:18:25.397,7.164,2,100,100,100,99,17.5,19.9,0.31,0.29,0.32,0.12,-0.30,0.27,0.31,0.29,-0.09,-0.63,9.32,9.56,010,110,0,0,1931,1988,2000,1871,1981,1931,42.81,34.9,3310,51.719,82.75,1
2026-09-01T21:18:25.408,7.175,2,100,100,100,101,19.6,19.7,0.53,-0.14,0.12,0.10,0.17,-0.16,0.53,-0.14,-0.17,-0.68,9.33,9.45,001,101,0,0,1936,1983,2007,1872,1963,1952,42.81,34.9,3311,51.734,82.78,1
2026-09-01T21:18:25.419,7.186,2,100,100,100,99,19.2,18.0,-0.02,0.25,0.12,0.14,0.23,-0.21,-0.02,0.25,-0.61,-0.27,9.32,9.57,100,001,0,0,1931,1970,2001,1869,1963,1951,42.81,34.9,3308,51.688,82.70,1
2026-09-01T21:18:25.430,7.196,2,100,100,100,101,18.0,19.8,-0.10,0.45,0.20,0.12,-0.23,0.17,-0.10,0.45,-0.42,-0.30,9.32,9.45,110,010,0,0,1935,1983,1996,1870,1979,1945,42.81,34.9,3309,51.703,82.72,1
2026-09-01T21:18:25.441,7.207,2,100,100,99,101,19.8,19.5,0.43,0.08,0.14,0.12,-0.26,0.15,0.43,0.08,0.01,-0.67,9.38,9.44,011,100,0,0,1935,1992,2018,1865,1971,1931,42.81,34.9,3310,51.719,82.75,1
2026-09-01T21:18:25.452,7.218,2,100,100,99,100,18.6,18.2,0.25,-0.03,0.20,0.12,0.34,-0.23,0.25,-0.03,-0.41,-0.46,9.39,9.49,101,101,0,0,1953,1990,2002,1872,1968,1953,42.81,34.9,3309,51.703,82.72,1
2026-09-01T21:18:25.463,7.229,2,100,100,102,101,17.6,19.9,-0.22,0.44,0.10,0.10,0.03,-0.20,-0.22,0.44,-0.65,-0.03,9.22,9.43,100,011,0,0,1929,1983,2012,1865,1968,1952,42.81,34.9,3309,51.703,82.72,1
2026-09-01T21:18:25.474,7.240,2,100,100,99,99,19.8,19.1,0.05,0.23,0.18,0.10,-0.34,0.33,0.05,0.23,-0.30,-0.46,9.39,9.54,010,110,0,0,1935,1988,1993,1868,1975,1939,42.81,34.9,3309,51.703,82.72,1
2026-09-01T21:18:25.485,7.251,2,100,100,100,100,18.3,18.4,0.46,-0.04,0.10,0.14,0.00,0.07,0.46,-0.04,-0.11,-0.66,9.33,9.49,001,100,0,0,1931,1983,2010,1872,1962,1940,42.81,34.9,3310,51.719,82.75,1
2026-09-01T21:18:25.496,7.262,2,100,100,100,100,18.7,20.0,0.18,0.11,0.22,0.12,0.33,-0.27,0.18,0.11,-0.61,-0.20,9.33,9.49,101,001,0,0,1931,1972,2012,1868,1961,1951,42.81,34.9,3309,51.703,82.72,1
2026-09-01T21:18:25.507,7.273,2,100,100,99,101,19.8,18.5,-0.13,0.39,0.14,0.10,-0.15,-0.02,-0.13,0.39,-0.66,-0.01,9.39,9.43,110,010,0,0,1931,1988,1992,1867,1974,1944,42.81,34.9,3308,51.688,82.70,1
2026-09-01T21:18:25.517,7.284,2,100,100,99,99,17.3,19.5,0.36,0.26,0.14,0.16,-0.18,0.29,0.36,0.26,-0.25,-0.57,9.40,9.54,010,110,0,0,1932,1991,1995,1872,1981,1932,42.81,34.9,3308,51.688,82.70,1
2026-09-01T21:18:25.528,7.295,2,100,100,101,100,19.1,20.0,0.52,-0.01,0.22,0.14,0.22,-0.19,0.52,-0.01,-0.30,-0.46,9.29,9.48,001,101,0,0,1931,1983,2011,1871,1956,1947,42.81,34.9,3310,51.719,82.75,1
2026-09-01T21:18:25.539,7.306,2,100,100,100,101,19.5,17.8,-0.04,0.28,0.12,0.12,0.28,-0.17,-0.04,0.28,-0.80,-0.13,9.34,9.61,100,011,0,0,1931,1976,2006,1869,1962,1949,42.81,34.9,3308,51.688,82.70,1
2026-09-01T21:18:25.550,7.316,2,100,100,101,101,17.0,19.5,-0.05,0.45,0.18,0.12,-0.34,0.20,-0.05,0.45,-0.49,-0.17,9.28,9.43,110,010,0,0,1935,1991,1999,1869,1977,1942,42.81,34.9,3309,51.703,82.72,1
2026-09-01T21:18:25.561,7.327,2,100,100,100,100,19.7,19.7,0.48,0.05,0.16,0.14,-0.24,0.18,0.48,0.05,-0.21,-0.61,9.35,9.49,011,100,0,0,1931,1992,2006,1871,1969,1930,42.81,34.9,3310,51.719,82.75,1
2026-09-01T21:18:25.572,7.338,2,100,100,100,100,19.1,17.7,0.29,-0.01,0.12,0.12,0.27,-0.29,0.29,-0.01,-0.61,-0.30,9.35,9.49,101,101,0,0,1933,1976,2012,1867,1961,1951,42.81,34.9,3310,51.719,82.75,1
2026-09-01T21:18:25.583,7.349,2,100,100,101,101,17.5,19.8,-0.21,0.44,0.14,0.02,0.11,-0.19,-0.21,0.44,-0.91,0.06,9.29,9.43,100,011,0,0,1930,1980,2000,1869,1974,1955,42.81,34.9,3308,51.688,82.70,1
2026-09-01T21:18:25.593,7.360,2,100,100,101,99,19.6,19.4,0.13,0.26,0.20,0.10,-0.32,0.33,0.13,0.26,-0.46,-0.35,9.28,9.54,010,110,0,0,1935,1992,1996,1867,1977,1933,42.81,34.9,3310,51.719,82.75,1
2026-09-01T21:18:25.604,7.371,2,100,100,99,99,18.6,18.3,0.41,-0.08,0.10,0.14,0.15,0.07,0.41,-0.08,-0.39,-0.54,9.39,9.54,001,100,0,0,1931,1986,2002,1870,1966,1942,42.81,34.9,3309,51.703,82.72,1
2026-09-01T21:18:25.618,7.385,2,100,100,101,99,17.7,20.1,0.10,0.18,0.12,0.12,0.21,-0.29,0.10,0.18,-0.76,-0.02,9.28,9.55,101,001,0,0,1931,1972,2016,1863,1959,1947,42.81,34.9,3308,51.688,82.70,1
2026-09-01T21:18:25.626,7.393,2,100,100,100,101,19.8,18.8,-0.09,0.38,0.16,0.08,-0.16,0.02,-0.09,0.38,-0.86,0.11,9.34,9.44,110,010,0,0,1933,1982,1992,1867,1971,1943,42.81,34.9,3307,51.672,82.67,1
2026-09-01T21:18:25.637,7.404,2,100,100,100,100,18.5,18.4,0.21,0.15,0.08,0.12,-0.07,0.26,0.21,0.15,-0.46,-0.33,9.33,9.49,011,110,0,0,1930,1990,1998,1871,1973,1931,42.81,34.9,3310,51.719,82.75,1
2026-09-01T21:18:25.648,7.415,2,100,100,101,100,18.6,20.0,0.50,-0.02,0.10,0.12,0.27,-0.20,0.50,-0.02,-0.52,-0.27,9.27,9.50,001,101,0,0,1931,1983,2014,1870,1956,1947,42.81,34.9,3310,51.719,82.75,1
2026-09-01T21:18:25.659,7.426,2,100,100,100,99,19.7,18.3,0.01,0.13,0.14,0.08,0.20,0.28,0.01,0.13,-0.88,-0.11,9.32,9.55,100,011,0,0,1932,1971,2003,1868,1954,1958,42.81,34.9,3307,51.672,82.67,1
2026-09-01T21:18:25.670,7.436,2,100,100,101,101,17.9,19.1,-0.09,0.42,0.20,0.14,-0.27,0.21,-0.09,0.42,-0.63,-0.07,9.27,9.44,010,010,0,0,1931,1988,2000,1869,1979,1943,42.81,34.9,3307,51.672,82.67,1
2026-09-01T21:18:25.681,7.447,2,100,100,100,99,19.2,20.0,0.52,0.07,0.12,0.16,-0.21,0.19,0.52,0.07,-0.17,-0.46,9.32,9.56,011,100,0,0,1931,1988,2004,1871,1971,1927,42.81,34.9,3310,51.719,82.75,1
2026-09-01T21:18:25.692,7.458,2,100,100,101,101,19.4,17.4,0.22,-0.10,0.20,0.10,0.26,-0.15,0.22,-0.10,-0.67,-0.16,9.27,9.45,101,101,0,0,1932,1973,2010,1866,1980,1910,42.81,34.9,3308,51.688,82.70,1
2026-09-01T21:18:25.702,7.469,2,100,100,100,99,17.5,20.0,-0.22,0.52,0.10,0.12,-0.05,-0.18,-0.22,0.52,-0.82,0.12,9.32,9.57,100,011,0,0,1931,1982,1993,1870,1971,1955,42.81,34.9,3309,51.703,82.72,1
2026-09-01T21:18:25.713,7.480,2,100,100,101,99,19.4,19.7,0.14,0.25,0.20,0.08,-0.34,0.23,0.14,0.25,-0.39,-0.25,9.27,9.56,010,110,0,0,1955,1994,1990,1871,1979,1939,42.81,34.9,3310,51.719,82.75,1
2026-09-01T21:18:25.724,7.491,2,100,100,100,99,19.0,18.3,0.53,-0.06,0.14,0.14,0.00,0.12,0.53,-0.06,-0.23,-0.57,9.32,9.58,001,100,0,0,1931,1983,2012,1871,1968,1936,42.81,34.9,3310,51.719,82.75,1
2026-09-01T21:18:25.735,7.502,2,100,100,101,100,17.5,20.0,0.07,0.18,0.08,0.12,0.24,-0.30,0.07,0.18,-0.71,-0.05,9.26,9.52,101,001,0,0,1931,1976,2006,1869,1959,1951,42.81,34.9,3309,51.703,82.72,1
2026-09-01T21:18:25.746,7.512,2,100,100,100,101,19.6,18.9,-0.10,0.41,0.16,0.12,-0.15,0.01,-0.10,0.41,-0.68,0.00,9.32,9.47,110,010,0,0,1932,1981,1992,1869,1975,1947,42.81,34.9,3307,51.672,82.67,1
2026-09-01T21:18:25.757,7.523,2,100,100,100,101,18.3,18.4,0.33,0.09,0.14,0.14,-0.25,0.23,0.33,0.09,-0.19,-0.38,9.32,9.46,011,110,0,0,1932,1987,1999,1869,1976,1940,42.81,34.9,3310,51.719,82.75,1
2026-09-01T21:18:25.768,7.534,2,100,100,100,101,18.6,20.0,0.42,-0.01,0.10,0.14,0.26,-0.20,0.42,-0.01,-0.34,-0.52,9.32,9.47,001,101,0,0,1930,1983,2011,1871,1956,1947,42.81,34.9,3310,51.719,82.75,1
2026-09-01T21:18:25.778,7.545,2,100,100,100,98,19.7,18.2,-0.06,0.20,0.12,0.22,0.26,0.65,-0.06,0.20,-0.79,-0.37,9.32,9.63,100,011,0,0,1932,1971,2003,1868,1903,1946,42.81,34.9,3307,51.672,82.67,1
2026-09-01T21:18:25.789,7.556,2,100,100,99,102,17.9,18.9,-0.18,0.40,0.18,0.12,-0.25,0.16,-0.18,0.40,-0.45,-0.43,9.37,9.41,010,010,0,0,1933,1981,2000,1868,1979,1939,42.81,34.9,3307,51.672,82.67,1
2026-09-01T21:18:25.800,7.567,2,100,100,100,98,19.3,20.3,0.49,0.04,0.12,0.14,-0.18,0.22,0.49,0.04,-0.05,-0.87,9.33,9.64,011,100,0,0,1931,1992,2006,1871,1971,1929,42.81,34.9,3310,51.719,82.75,1
2026-09-01T21:18:25.811,7.577,2,100,100,101,100,19.4,17.8,0.19,-0.12,0.42,0.18,0.24,-0.23,0.19,-0.12,-0.46,-0.52,9.27,9.41,101,001,0,0,1934,1974,2008,1867,1969,1935,42.81,34.9,3307,51.672,82.67,1
2026-09-01T21:18:25.822,7.588,2,100,100,100,99,17.3,20.0,-0.18,0.51,0.14,0.16,0.07,-0.18,-0.18,0.51,-0.81,-0.27,9.32,9.58,100,011,0,0,1931,1982,2000,1870,1973,1955,42.81,34.9,3308,51.688,82.70,1
2026-09-01T21:18:25.833,7.599,2,100,100,101,100,19.3,19.9,0.17,0.33,0.22,0.14,-0.34,0.16,0.17,0.33,-0.26,-0.54,9.26,9.52,010,110,0,0,1936,1991,1997,1870,1980,1930,42.81,34.9,3310,51.719,82.75,1
2026-09-01T21:18:25.844,7.610,2,100,100,100,99,18.8,17.9,0.49,-0.15,0.14,0.12,0.07,0.07,0.49,-0.15,-0.23,-0.88,9.32,9.58,001,100,0,0,1931,1982,2008,1869,1967,1943,42.81,34.9,3309,51.703,82.72,1
2026-09-01T21:18:25.854,7.621,2,100,100,101,100,17.4,20.0,0.06,0.19,0.10,0.12,0.23,-0.29,0.06,0.19,-0.66,-0.37,9.26,9.52,101,001,0,0,1933,1976,2004,1869,1963,1953,42.81,34.9,3309,51.703,82.72,1
2026-09-01T21:18:25.865,7.632,2,100,100,100,101,19.7,19.1,-0.15,0.40,0.24,0.00,-0.16,0.02,-0.15,0.40,-0.73,-0.32,9.31,9.46,110,010,0,0,1932,1982,1992,1868,1975,1947,42.78,34.9,3307,51.672,82.67,1
2026-09-01T21:18:25.876,7.643,2,100,100,99,101,18.5,18.1,0.21,0.12,0.08,0.12,-0.11,0.17,0.21,0.12,-0.30,-0.68,9.36,9.45,011,110,0,0,1929,1988,1998,1869,1970,1933,42.78,34.9,3310,51.719,82.75,1
2026-09-01T21:18:25.887,7.654,2,100,100,100,101,18.9,20.0,0.49,-0.08,0.52,0.20,0.29,-0.20,0.49,-0.08,-0.41,-0.69,9.31,9.45,001,101,0,0,1931,1985,2015,1870,1960,1947,42.78,34.9,3310,51.719,82.75,1
2026-09-01T21:18:25.898,7.664,2,100,100,100,99,19.7,18.5,-0.03,0.22,0.12,0.12,0.18,-0.14,-0.03,0.22,-0.76,-0.32,9.31,9.56,100,011,0,0,1932,1971,2002,1868,1963,1951,42.78,34.9,3307,51.672,82.67,1
2026-09-01T21:18:25.909,7.675,2,100,100,101,101,18.3,18.6,-0.06,0.39,0.20,0.12,-0.31,0.21,-0.06,0.39,-0.51,-0.44,9.26,9.45,010,010,0,0,1935,1988,1996,1869,1979,1943,42.78,34.9,3307,51.672,82.67,1
2026-09-01T21:18:25.920,7.686,2,100,100,100,100,19.0,20.2,0.47,0.10,0.12,0.16,-0.13,0.18,0.47,0.10,-0.10,-0.85,9.31,9.51,011,100,0,0,1949,1991,1999,1875,1973,1933,42.78,34.9,3310,51.719,82.75,1
2026-09-01T21:18:25.931,7.697,2,100,100,101,99,19.5,18.5,0.25,-0.22,0.20,0.08,0.23,0.06,0.25,-0.22,-0.56,-0.63,9.26,9.56,101,001,0,0,1949,1972,2001,1869,1971,1943,42.78,34.9,3307,51.672,82.67,1
2026-09-01T21:18:25.942,7.708,2,100,100,100,101,17.8,19.4,-0.24,0.43,0.12,0.12,-0.01,-0.12,-0.24,0.43,-0.76,-0.22,9.31,9.45,100,011,0,0,1951,1988,1990,1873,1974,1954,42.78,34.9,3363,52.547,84.08,1
2026-09-01T21:18:25.952,7.719,2,100,100,101,100,19.2,19.9,0.18,0.24,0.20,0.12,-0.39,0.21,0.18,0.24,-0.27,-0.60,9.25,9.50,010,110,0,0,1940,1995,2015,1864,1983,1939,42.78,34.9,3311,51.734,82.78,1
2026-09-01T21:18:25.963,7.730,2,100,100,100,100,19.1,17.8,0.53,-0.10,0.04,0.00,0.01,-0.03,0.53,-0.10,-0.15,-0.79,9.31,9.50,001,101,0,0,1934,1983,2010,1871,1961,1945,42.78,34.9,3375,52.734,84.38,1
2026-09-01T21:18:25.974,7.741,2,100,100,101,100,17.0,19.7,0.08,0.18,0.10,0.12,0.25,-0.25,0.08,0.18,-0.61,-0.33,9.24,9.50,101,001,0,0,1931,1974,2004,1869,1961,1949,42.78,34.9,3309,51.703,82.72,1
2026-09-01T21:18:25.985,7.752,2,100,100,100,101,19.6,19.6,-0.11,0.41,0.16,0.12,-0.16,0.03,-0.11,0.41,-0.57,-0.22,9.31,9.44,110,010,0,0,1933,1983,1996,1869,1975,1945,42.78,34.9,3309,51.703,82.72,1
2026-09-01T21:18:25.996,7.762,2,100,100,99,99,18.7,18.0,0.27,0.12,0.18,0.14,-0.17,0.30,0.27,0.12,-0.12,-0.74,9.36,9.55,011,110,0,0,1929,1990,2004,1869,1973,1933,42.78,34.9,3309,51.703,82.72,1
2026-09-01T21:18:26.007,7.773,2,100,100,100,101,18.4,19.8,0.46,-0.07,0.12,0.12,0.29,-0.20,0.46,-0.07,-0.28,-0.62,9.31,9.45,001,101,0,0,1932,1983,2011,1870,1960,1946,42.78,34.9,3310,51.719,82.75,1
2026-09-01T21:18:26.019,7.786,2,100,100,100,101,19.7,19.0,-0.04,0.25,0.14,0.08,0.24,-0.24,-0.04,0.25,-0.62,-0.21,9.31,9.45,100,011,0,0,1931,1972,2004,1867,1971,1947,42.78,34.9,3307,51.672,82.67,1
2026-09-01T21:18:26.029,7.795,2,100,100,99,101,18.3,18.1,-0.21,0.36,0.08,0.12,-0.12,0.19,-0.21,0.36,-0.43,-0.36,9.37,9.44,010,010,0,0,1933,1980,2000,1869,1979,1939,42.78,34.9,3307,51.672,82.67,1
2026-09-01T21:18:26.040,7.806,2,100,100,100,101,19.0,19.9,0.51,0.08,0.14,0.16,-0.10,0.16,0.51,0.08,0.02,-0.70,9.32,9.43,011,100,0,0,1933,1992,2004,1871,1969,1931,42.78,34.9,3310,51.719,82.75,1
2026-09-01T21:18:26.051,7.818,2,100,100,99,100,19.7,18.7,0.21,-0.01,0.18,0.12,0.24,-0.34,0.21,-0.01,-0.40,-0.32,9.38,9.48,101,001,0,0,1934,1972,2008,1868,1963,1951,42.78,34.9,3307,51.672,82.67,1
2026-09-01T21:18:26.061,7.828,2,100,100,100,101,17.9,19.0,-0.24,0.46,0.16,0.14,0.19,-0.09,-0.24,0.46,-0.64,-0.03,9.33,9.42,110,011,0,0,1930,1970,2014,1870,1971,1947,42.78,34.9,3308,51.688,82.70,1
2026-09-01T21:18:26.072,7.838,2,100,100,99,99,19.6,20.0,0.20,0.27,0.20,0.12,-0.32,0.21,0.20,0.27,-0.21,-0.44,9.38,9.54,010,110,0,0,1935,1992,2008,1863,1979,1927,42.78,34.9,3310,51.719,82.75,1
2026-09-01T21:18:26.083,7.849,2,100,100,100,99,19.3,18.2,0.53,-0.12,0.14,0.14,0.02,-0.04,0.53,-0.12,-0.08,-0.58,9.32,9.54,001,101,0,0,1933,1981,2008,1870,1967,1941,42.78,34.9,3309,51.703,82.72,1
2026-09-01T21:18:26.094,7.860,2,100,100,100,99,17.3,19.9,0.08,0.22,0.20,0.12,0.26,-0.27,0.08,0.22,-0.59,-0.15,9.32,9.55,101,001,0,0,1934,1972,2004,1868,1959,1954,42.78,34.9,3308,51.688,82.70,1
2026-09-01T21:18:26.105,7.871,2,100,100,99,101,19.7,19.6,-0.06,0.44,0.18,0.14,-0.17,0.05,-0.06,0.44,-0.57,-0.05,9.38,9.43,110,010,0,0,1933,1980,1988,1869,1975,1947,42.78,34.9,3308,51.688,82.70,1
2026-09-01T21:18:26.116,7.882,2,100,100,99,99,18.6,18.0,0.30,0.14,0.10,0.14,-0.15,0.29,0.30,0.14,-0.17,-0.65,9.39,9.55,011,110,0,0,1942,1988,1992,1873,1979,1939,42.78,34.9,3309,51.703,82.72,1
2026-09-01T21:18:26.126,7.893,2,100,100,101,100,18.1,19.8,0.41,0.00,0.10,0.14,0.28,-0.21,0.41,0.00,-0.33,-0.43,9.28,9.48,001,101,0,0,1931,1983,2012,1871,1957,1945,42.78,34.9,3310,51.719,82.75,1
2026-09-01T21:18:26.137,7.903,2,100,100,100,101,19.8,19.0,-0.07,0.26,0.08,0.08,0.20,-0.28,-0.07,0.26,-0.75,-0.03,9.34,9.43,100,011,0,0,1929,1972,2018,1863,1969,1943,42.78,34.9,3309,51.703,82.72,1
2026-09-01T21:18:26.148,7.914,2,100,100,99,101,18.4,18.2,-0.22,0.36,0.14,0.14,0.28,0.20,-0.22,0.36,-0.72,-0.21,9.39,9.42,010,010,0,0,1931,1956,2000,1869,1979,1939,42.78,34.9,3307,51.672,82.67,1
2026-09-01T21:18:26.159,7.925,2,100,100,100,100,19.0,20.0,0.56,0.08,0.16,0.16,-0.15,0.18,0.56,0.08,-0.15,-0.62,9.34,9.48,011,100,0,0,1933,1994,2007,1871,1969,1928,42.78,34.9,3310,51.719,82.75,1
2026-09-01T21:18:26.170,7.936,2,100,100,100,100,19.7,18.9,0.27,-0.01,0.24,0.00,0.26,-0.28,0.27,-0.01,-0.58,-0.22,9.34,9.48,101,001,0,0,1935,1970,2008,1868,1963,1951,42.78,34.9,3307,51.672,82.67,1
2026-09-01T21:18:26.181,7.947,2,100,100,100,100,17.9,19.2,-0.17,0.51,0.10,0.14,0.00,-0.09,-0.17,0.51,-0.83,0.07,9.34,9.48,110,011,0,0,1930,1977,2004,1869,1974,1954,42.78,34.9,3307,51.672,82.67,1
2026-09-01T21:18:26.192,7.958,2,100,100,101,100,19.1,20.0,0.20,0.27,0.22,0.12,-0.33,0.21,0.20,0.27,-0.33,-0.28,9.28,9.48,010,110,0,0,1936,1991,1998,1869,1978,1932,42.78,34.9,3310,51.719,82.75,1
2026-09-01T21:18:26.202,7.969,2,100,100,100,100,19.3,18.3,0.48,-0.15,0.12,0.12,0.06,-0.06,0.48,-0.15,-0.30,-0.45,9.33,9.48,001,101,0,0,1931,1983,2010,1870,1960,1945,42.78,34.9,3310,51.719,82.75,1
2026-09-01T21:18:26.213,7.980,2,100,100,101,99,17.4,19.8,0.06,0.25,0.18,0.12,0.19,-0.27,0.06,0.25,-0.73,0.02,9.27,9.54,101,001,0,0,1934,1973,2003,1869,1960,1954,42.78,34.9,3308,51.688,82.70,1
2026-09-01T21:18:26.224,7.991,2,100,100,100,100,19.6,19.6,-0.09,0.40,0.22,0.00,-0.16,0.06,-0.09,0.40,-0.86,0.09,9.34,9.49,110,010,0,0,1933,1983,1994,1867,1975,1947,42.78,34.9,3308,51.688,82.70,1
2026-09-01T21:18:26.235,8.002,2,100,100,99,100,19.2,17.5,0.29,0.07,0.10,0.14,-0.14,0.22,0.29,0.07,-0.44,-0.34,9.38,9.49,011,110,0,0,1930,1986,2004,1869,1971,1935,42.78,34.9,3305,51.641,82.62,1
2026-09-01T21:18:26.248,8.014,2,100,100,101,100,17.7,19.8,0.40,0.00,0.10,0.14,0.28,-0.21,0.40,0.00,-0.59,-0.21,9.27,9.49,001,101,0,0,1931,1983,2012,1871,1956,1942,42.78,34.9,3310,51.719,82.75,1
2026-09-01T21:18:26.258,8.024,2,100,100,100,99,19.6,19.2,-0.04,0.35,0.16,0.14,0.20,0.00,-0.04,0.35,-0.94,0.00,9.32,9.55,100,011,0,0,1932,1970,2000,1870,1963,1955,42.78,34.9,3307,51.672,82.67,1
2026-09-01T21:18:26.268,8.034,2,100,100,101,101,18.7,18.1,-0.08,0.36,0.10,0.12,-0.38,0.20,-0.08,0.36,-0.55,-0.08,9.26,9.44,010,010,0,0,1931,1988,1994,1869,1975,1939,42.78,34.9,3307,51.672,82.67,1
2026-09-01T21:18:26.278,8.045,2,100,100,100,99,18.5,20.2,0.48,0.07,0.52,0.24,-0.08,0.20,0.48,0.07,-0.21,-0.50,9.31,9.56,011,100,0,0,1931,1988,2004,1871,1971,1927,42.78,34.9,3310,51.719,82.75,1
2026-09-01T21:18:26.289,8.056,2,100,100,101,99,19.6,18.9,0.25,-0.13,0.18,0.06,0.24,-0.01,0.25,-0.13,-0.69,-0.34,9.26,9.55,101,001,0,0,1934,1969,2009,1866,1966,1951,42.78,34.9,3307,51.672,82.67,1
2026-09-01T21:18:26.300,8.067,2,100,100,99,100,18.4,19.4,-0.28,0.49,0.10,0.12,0.26,-0.10,-0.28,0.49,-0.92,0.10,9.36,9.50,110,011,0,0,1928,1973,2007,1868,1972,1951,42.78,34.9,3307,51.672,82.67,1
2026-09-01T21:18:26.311,8.077,2,100,100,101,99,19.0,20.1,0.19,0.27,0.20,0.12,-0.30,0.23,0.19,0.27,-0.38,-0.27,9.26,9.55,010,110,0,0,1935,1988,1996,1869,1979,1931,42.78,34.9,3310,51.719,82.75,1
2026-09-01T21:18:26.322,8.088,2,100,100,100,100,19.5,18.3,0.55,-0.12,0.12,0.14,0.04,0.03,0.55,-0.12,-0.24,-0.55,9.31,9.51,001,101,0,0,1933,1983,2012,1869,1959,1944,42.78,34.9,3310,51.719,82.75,1
2026-09-01T21:18:26.333,8.099,2,100,100,101,100,17.6,19.6,0.04,0.21,0.24,0.00,0.29,-0.25,0.04,0.21,-0.73,-0.04,9.25,9.51,101,001,0,0,1933,1976,2004,1867,1962,1952,42.78,34.9,3364,52.562,84.10,1
2026-09-01T21:18:26.344,8.110,2,100,100,100,101,19.4,19.6,-0.08,0.45,0.16,0.12,-0.17,0.06,-0.08,0.45,-0.65,-0.03,9.30,9.46,110,010,0,0,1933,1983,1996,1869,1975,1945,42.78,34.9,3309,51.703,82.72,1
2026-09-01T21:18:26.354,8.121,2,100,100,100,100,19.0,17.4,0.33,0.06,0.16,0.10,-0.28,0.21,0.33,0.06,-0.16,-0.43,9.31,9.51,011,110,0,0,1933,1990,2007,1869,1969,1933,42.78,34.9,3311,51.734,82.78,1
2026-09-01T21:18:26.365,8.132,2,100,100,100,101,17.7,19.8,0.37,0.00,0.10,0.14,0.27,-0.21,0.37,0.00,-0.41,-0.47,9.31,9.46,001,101,0,0,1930,1982,2011,1871,1957,1948,42.78,34.9,3310,51.719,82.75,1
2026-09-01T21:18:26.376,8.143,2,100,100,100,98,19.6,19.5,-0.04,0.32,0.14,0.08,0.22,0.40,-0.04,0.32,-0.84,-0.54,9.31,9.63,100,011,0,0,1932,1972,2004,1868,1958,1961,42.78,34.9,3307,51.672,82.67,1
2026-09-01T21:18:26.387,8.154,2,100,100,99,102,18.8,17.7,-0.15,0.33,0.08,0.10,-0.28,0.15,-0.15,0.33,-0.47,-0.41,9.37,9.40,010,010,0,0,1930,1985,1996,1869,1975,1935,42.78,34.9,3307,51.672,82.67,1
2026-09-01T21:18:26.398,8.164,2,100,100,100,98,18.6,20.4,0.54,0.12,0.14,0.16,-0.10,0.19,0.54,0.12,-0.09,-0.87,9.31,9.63,011,100,0,0,1931,1994,2006,1871,1971,1925,42.78,34.9,3311,51.734,82.78,1
2026-09-01T21:18:26.409,8.175,2,100,100,100,100,19.7,19.3,0.24,-0.03,0.20,0.08,0.24,-0.27,0.24,-0.03,-0.50,-0.50,9.31,9.51,101,001,0,0,1935,1970,2010,1867,1961,1951,42.78,34.9,3307,51.672,82.67,1
2026-09-01T21:18:26.421,8.187,2,100,100,100,99,18.5,19.2,-0.25,0.51,0.14,0.16,-0.04,-0.08,-0.25,0.51,-0.72,-0.27,9.31,9.57,110,011,0,0,1947,1988,1991,1873,1972,1956,42.78,34.9,3307,51.672,82.67,1
2026-09-01T21:18:26.431,8.197,2,100,100,101,100,18.6,20.1,0.20,0.32,0.20,0.16,-0.34,0.20,0.20,0.32,-0.18,-0.55,9.26,9.50,010,110,0,0,1935,1991,1999,1871,1981,1929,42.78,34.9,3310,51.719,82.75,1
2026-09-01T21:18:26.442,8.208,2,100,100,100,100,19.5,18.8,0.53,-0.18,0.12,0.10,0.06,-0.05,0.53,-0.18,-0.18,-0.79,9.31,9.51,001,101,0,0,1931,1986,2012,1869,1961,1945,42.78,34.9,3310,51.719,82.75,1
2026-09-01T21:18:26.452,8.219,2,100,100,101,100,17.6,19.3,0.21,0.21,0.16,0.10,0.28,-0.26,0.21,0.21,-0.65,-0.33,9.25,9.51,100,001,0,0,1932,1991,2029,1868,1964,1951,42.78,34.9,3307,51.672,82.67,1
2026-09-01T21:18:26.463,8.230,2,100,100,100,101,19.2,19.9,-0.08,0.41,0.16,0.12,-0.17,0.09,-0.08,0.41,-0.67,-0.32,9.31,9.46,110,010,0,0,1926,1982,2008,1863,1971,1941,42.78,34.9,3309,51.703,82.72,1
2026-09-01T21:18:26.474,8.241,2,100,100,99,101,19.3,17.9,0.33,0.16,0.18,0.12,-0.29,0.12,0.33,0.16,-0.16,-0.62,9.37,9.45,011,110,0,0,1932,1987,2005,1867,1990,1946,42.78,34.9,3305,51.641,82.62,1
2026-09-01T21:18:26.485,8.251,2,100,100,100,101,17.6,19.5,0.42,-0.04,0.50,0.20,0.33,-0.21,0.42,-0.04,-0.47,-0.65,9.31,9.45,001,101,0,0,1932,1983,2011,1872,1960,1946,42.78,34.9,3310,51.719,82.75,1
2026-09-01T21:18:26.496,8.262,2,100,100,100,99,19.5,19.6,-0.08,0.32,0.12,0.12,0.18,-0.23,-0.08,0.32,-0.80,-0.26,9.31,9.56,100,011,0,0,1946,1976,1996,1871,1973,1955,42.78,34.9,3308,51.688,82.70,1
2026-09-01T21:18:26.507,8.273,2,100,100,101,101,18.9,17.6,-0.01,0.33,0.10,0.08,-0.35,0.19,-0.01,0.33,-0.45,-0.46,9.26,9.45,010,010,0,0,1931,1990,1996,1867,1975,1937,42.78,34.9,3309,51.703,82.72,1
2026-09-01T21:18:26.518,8.284,2,100,100,100,100,18.3,20.0,0.53,0.09,0.12,0.16,-0.10,0.17,0.53,0.09,-0.10,-0.87,9.31,9.51,011,100,0,0,1933,1991,2006,1872,1970,1930,42.78,34.9,3310,51.719,82.75,1
2026-09-01T21:18:26.528,8.295,2,100,100,101,99,19.6,19.3,0.26,-0.07,0.12,0.08,0.28,-0.22,0.26,-0.07,-0.60,-0.53,9.26,9.56,101,001,0,0,1930,1968,2008,1867,1966,1951,42.78,34.9,3307,51.672,82.67,1
2026-09-01T21:18:26.539,8.306,2,100,100,99,101,18.6,18.7,-0.24,0.46,0.12,0.12,0.16,-0.07,-0.24,0.46,-0.84,-0.22,9.36,9.45,110,011,0,0,1931,1976,2002,1870,1971,1951,42.78,34.9,3307,51.672,82.67,1
2026-09-01T21:18:26.550,8.316,2,100,100,101,100,18.7,20.1,0.24,0.25,0.18,0.10,-0.36,0.24,0.24,0.25,-0.23,-0.60,9.25,9.50,010,110,0,0,1935,1991,1999,1869,1978,1932,42.78,34.9,3311,51.734,82.78,1
2026-09-01T21:18:26.561,8.327,2,100,100,100,100,19.5,18.8,0.52,-0.14,0.16,0.14,0.05,-0.09,0.52,-0.14,-0.17,-0.74,9.31,9.50,001,101,0,0,1933,1983,2014,1870,1960,1945,42.78,34.9,3310,51.719,82.75,1
2026-09-01T21:18:26.572,8.338,2,100,100,101,100,17.5,19.4,0.10,0.20,0.18,0.10,0.16,-0.24,0.10,0.20,-0.62,-0.30,9.24,9.50,100,001,0,0,1930,1982,2031,1862,1962,1947,42.78,34.9,3307,51.672,82.67,1
2026-09-01T21:18:26.583,8.349,2,100,100,100,101,19.3,19.8,-0.12,0.42,0.16,0.02,-0.18,0.07,-0.12,0.42,-0.54,-0.24,9.31,9.44,110,010,0,0,1933,1983,1996,1869,1975,1944,42.78,34.9,3309,51.703,82.72,1
2026-09-01T21:18:26.594,8.360,2,100,100,99,99,19.1,17.9,0.31,0.08,0.18,0.14,-0.23,0.26,0.31,0.08,-0.08,-0.75,9.36,9.55,011,100,0,0,1945,1990,1999,1871,1973,1939,42.78,34.9,3312,51.750,82.80,1
2026-09-01T21:18:26.604,8.371,2,100,100,100,101,17.6,19.5,0.35,-0.06,0.30,0.06,0.31,-0.21,0.35,-0.06,-0.32,-0.61,9.31,9.45,001,101,0,0,1931,1983,2011,1870,1960,1947,42.78,34.9,3310,51.719,82.75,1
2026-09-01T21:18:26.615,8.382,2,100,100,100,101,19.5,19.4,-0.03,0.29,0.10,0.08,0.17,-0.27,-0.03,0.29,-0.63,-0.17,9.31,9.45,100,011,0,0,1931,1975,2006,1869,1970,1947,42.78,34.9,3309,51.703,82.72,1
2026-09-01T21:18:26.629,8.395,2,100,100,99,101,18.7,17.6,-0.17,0.34,0.08,0.12,-0.23,0.17,-0.17,0.34,-0.38,-0.38,9.37,9.44,010,010,0,0,1929,1982,2000,1869,1975,1939,42.78,34.9,3307,51.672,82.67,1
2026-09-01T21:18:26.637,8.403,2,100,100,100,101,18.4,19.7,0.54,0.03,0.50,0.22,-0.05,0.15,0.54,0.03,0.00,-0.73,9.32,9.43,011,100,0,0,1932,1991,2005,1872,1967,1932,42.78,34.9,3310,51.719,82.75,1
2026-09-01T21:18:26.648,8.414,2,100,100,99,99,19.8,19.3,0.23,0.03,0.14,0.14,0.25,-0.32,0.23,0.03,-0.43,-0.34,9.38,9.54,101,001,0,0,1930,1970,2008,1868,1963,1951,42.78,34.9,3307,51.672,82.67,1
2026-09-01T21:18:26.659,8.426,2,100,100,100,101,18.9,17.9,-0.22,0.42,0.14,0.14,0.04,-0.04,-0.22,0.42,-0.68,-0.09,9.33,9.43,110,011,0,0,1941,1986,1992,1871,1975,1951,42.78,34.9,3308,51.688,82.70,1
2026-09-01T21:18:26.670,8.436,2,100,100,99,100,19.0,20.0,0.28,0.25,0.20,0.12,-0.27,0.24,0.28,0.25,-0.19,-0.49,9.39,9.48,010,110,0,0,1935,1996,1996,1869,1978,1931,42.78,34.9,3310,51.719,82.75,1
2026-09-01T21:18:26.681,8.447,2,100,100,100,99,19.7,19.3,0.55,-0.16,0.16,0.12,0.10,-0.08,0.55,-0.16,-0.13,-0.59,9.33,9.54,001,101,0,0,1933,1982,2012,1870,1961,1945,42.78,34.9,3309,51.703,82.72,1
2026-09-01T21:18:26.692,8.458,2,100,100,100,99,18.0,19.2,-0.01,0.25,0.20,0.12,0.45,-0.23,-0.01,0.25,-0.65,-0.14,9.33,9.55,100,001,0,0,1932,1979,2016,1868,1963,1955,42.78,34.9,3307,51.672,82.67,1
2026-09-01T21:18:26.703,8.469,2,100,100,99,101,19.2,19.9,0.01,0.45,0.52,0.16,-0.16,0.14,0.01,0.45,-0.58,-0.12,9.38,9.43,110,010,0,0,1933,1983,1995,1869,1976,1945,42.78,34.9,3308,51.688,82.70,1
2026-09-01T21:18:26.713,8.480,2,100,100,99,101,19.4,18.6,0.34,0.06,0.20,0.12,-0.25,0.19,0.34,0.06,-0.12,-0.63,9.39,9.44,011,100,0,0,1935,1990,2006,1871,1969,1932,42.78,34.9,3310,51.719,82.75,1
2026-09-01T21:18:26.724,8.491,2,100,100,101,100,17.4,19.2,0.34,0.00,0.10,0.16,0.23,-0.21,0.34,0.00,-0.38,-0.38,9.28,9.48,001,101,0,0,1932,1995,2012,1866,1959,1946,42.78,34.9,3304,51.625,82.60,1
2026-09-01T21:18:26.735,8.501,2,100,100,100,101,19.5,19.7,-0.08,0.31,0.08,-0.02,0.22,-0.27,-0.08,0.31,-0.83,0.00,9.34,9.43,100,011,0,0,1935,1978,2008,1867,1973,1949,42.78,34.9,3309,51.703,82.72,1
2026-09-01T21:18:26.746,8.512,2,100,100,99,101,19.3,17.4,-0.07,0.33,0.14,0.14,-0.17,0.04,-0.07,0.33,-0.59,-0.19,9.39,9.42,010,010,0,0,1929,1989,1999,1867,1968,1956,42.78,34.9,3301,51.578,82.53,1
2026-09-01T21:18:26.757,8.523,2,100,100,100,100,18.0,19.8,0.58,0.05,0.10,0.16,-0.03,0.18,0.58,0.05,-0.19,-0.65,9.34,9.48,011,100,0,0,1931,1991,2007,1872,1970,1929,42.78,34.9,3310,51.719,82.75,1
2026-09-01T21:18:26.767,8.534,2,100,100,100,99,19.7,19.6,0.22,0.02,0.12,0.12,0.23,-0.33,0.22,0.02,-0.62,-0.18,9.34,9.54,101,001,0,0,1930,1970,2024,1863,1959,1947,42.78,34.9,3308,51.688,82.70,1
2026-09-01T21:18:26.779,8.545,2,100,100,99,101,19.1,18.0,-0.22,0.43,0.10,0.10,0.03,-0.04,-0.22,0.43,-0.87,0.06,9.39,9.43,110,011,0,0,1930,1984,1997,1868,1972,1949,42.78,34.9,3307,51.672,82.67,1
2026-09-01T21:18:26.790,8.556,2,100,100,101,99,17.9,20.0,0.23,0.30,0.20,0.16,-0.36,0.25,0.23,0.30,-0.28,-0.34,9.28,9.54,010,110,0,0,1935,1992,1999,1871,1981,1927,42.78,34.9,3310,51.719,82.75,1
2026-09-01T21:18:26.801,8.567,2,100,100,99,100,19.8,19.4,0.50,-0.13,0.14,0.12,0.10,-0.15,0.50,-0.13,-0.35,-0.38,9.39,9.48,001,101,0,0,1929,1983,2028,1865,1955,1941,42.78,34.9,3311,51.734,82.78,1
2026-09-01T21:18:26.811,8.578,2,100,100,99,99,18.9,18.9,-0.09,0.26,0.16,0.12,0.85,-0.22,-0.09,0.26,-1.14,0.03,9.38,9.55,100,001,0,0,1927,1979,2026,1868,1960,1952,42.78,34.9,3306,51.656,82.65,1
2026-09-01T21:18:26.822,8.589,2,100,100,100,100,18.6,20.0,-0.10,0.44,0.18,0.04,-0.20,0.12,-0.10,0.44,-0.80,0.02,9.34,9.49,110,010,0,0,1933,1983,1996,1870,1979,1945,42.78,34.9,3308,51.688,82.70,1
2026-09-01T21:18:26.833,8.599,2,100,100,100,100,19.6,18.7,0.40,-0.01,0.16,0.10,-0.32,0.26,0.40,-0.01,-0.26,-0.39,9.32,9.49,011,100,0,0,1939,1992,2022,1863,1970,1933,42.78,34.9,3310,51.719,82.75,1
2026-09-01T21:18:26.844,8.610,2,100,100,101,100,17.9,19.2,0.33,0.02,0.14,0.18,0.26,-0.20,0.33,0.02,-0.61,-0.18,9.26,9.49,101,101,0,0,1931,1978,2010,1871,1957,1948,42.78,34.9,3310,51.719,82.75,1
2026-09-01T21:18:26.856,8.622,2,100,100,100,99,18.8,19.9,-0.09,0.41,0.10,0.10,0.12,-0.20,-0.09,0.41,-0.90,0.12,9.31,9.55,100,011,0,0,1929,1979,2001,1868,1972,1956,42.78,34.9,3308,51.688,82.70,1
2026-09-01T21:18:26.866,8.632,2,100,100,100,99,19.5,18.0,0.01,0.19,0.14,0.10,-0.39,0.41,0.01,0.19,-0.48,-0.18,9.31,9.55,010,110,0,0,1931,1988,1992,1867,1975,1947,42.78,34.9,3309,51.703,82.72,1
2026-09-01T21:18:26.877,8.643,2,100,100,100,99,17.1,19.8,0.52,0.09,0.14,0.16,-0.02,0.19,0.52,0.09,-0.20,-0.52,9.31,9.56,011,100,0,0,1931,1986,2004,1873,1971,1929,42.78,34.9,3304,51.625,82.60,1
2026-09-01T21:18:26.887,8.654,2,100,100,101,99,19.2,19.7,0.22,0.03,0.14,0.12,0.29,-0.26,0.22,0.03,-0.70,-0.15,9.26,9.55,101,001,0,0,1931,1972,2010,1868,1961,1951,42.78,34.9,3308,51.688,82.70,1
2026-09-01T21:18:26.898,8.665,2,100,100,99,99,19.4,18.3,-0.21,0.49,0.12,0.12,-0.03,0.00,-0.21,0.49,-0.82,0.05,9.37,9.56,110,011,0,0,1937,1987,1992,1870,1972,1956,42.78,34.9,3307,51.672,82.67,1
2026-09-01T21:18:26.909,8.676,2,100,100,101,99,17.8,20.1,0.23,0.26,0.20,0.12,-0.27,0.27,0.23,0.26,-0.30,-0.32,9.26,9.56,010,110,0,0,1936,1990,1999,1870,1979,1930,42.78,34.9,3310,51.719,82.75,1
2026-09-01T21:18:26.920,8.686,2,100,100,100,100,19.6,19.4,0.56,-0.12,0.14,0.12,0.15,-0.13,0.56,-0.12,-0.29,-0.44,9.31,9.51,001,101,0,0,1933,1983,2015,1870,1957,1946,42.78,34.9,3311,51.734,82.78,1
2026-09-01T21:18:26.931,8.697,2,100,100,100,100,18.9,18.7,-0.04,0.23,0.16,0.12,0.27,-0.23,-0.04,0.23,-0.77,-0.01,9.30,9.51,100,001,0,0,1931,1976,2015,1863,1963,1945,42.78,34.9,3307,51.672,82.67,1
2026-09-01T21:18:26.942,8.708,2,100,100,100,101,18.4,20.0,-0.14,0.46,0.12,0.12,-0.21,0.13,-0.14,0.46,-0.58,-0.06,9.30,9.46,110,010,0,0,1931,1983,1996,1869,1979,1945,42.78,34.9,3308,51.688,82.70,1
2026-09-01T21:18:26.953,8.719,2,100,100,99,98,19.7,19.1,0.38,-0.02,0.40,0.12,-0.25,1.22,0.38,-0.02,-0.10,-0.94,9.37,9.62,011,100,0,0,1934,1988,2004,1866,1997,1935,42.78,34.9,3310,51.719,82.75,1
2026-09-01T21:18:26.963,8.730,2,100,100,100,101,17.9,18.8,0.25,-0.01,0.10,0.14,0.35,-0.27,0.25,-0.01,-0.45,-0.42,9.32,9.46,101,101,0,0,1929,1983,2007,1871,1959,1952,42.78,34.9,3309,51.703,82.72,1
2026-09-01T21:18:26.974,8.741,2,100,100,100,98,19.0,20.1,-0.10,0.45,0.12,0.14,0.18,-0.05,-0.10,0.45,-0.80,-0.32,9.32,9.63,100,011,0,0,1931,1972,2001,1869,1967,1955,42.78,34.9,3308,51.688,82.70,1
2026-09-01T21:18:26.985,8.751,2,100,100,99,99,19.5,18.1,-0.01,0.26,0.12,0.14,-0.35,0.18,-0.01,0.26,-0.34,-0.40,9.37,9.57,010,110,0,0,1931,1988,1996,1867,1973,1943,42.78,34.9,3309,51.703,82.72,1
2026-09-01T21:18:26.996,8.762,2,100,100,100,98,17.3,20.1,0.54,0.08,0.14,0.18,0.00,0.21,0.54,0.08,-0.13,-0.88,9.32,9.64,011,100,0,0,1931,1991,2006,1873,1969,1927,42.78,34.9,3310,51.719,82.75,1
2026-09-01T21:18:27.007,8.773,2,100,100,101,100,19.2,19.9,0.18,0.06,0.14,0.12,0.26,-0.31,0.18,0.06,-0.56,-0.42,9.26,9.52,101,001,0,0,1943,1976,2004,1871,1965,1955,42.78,34.9,3309,51.703,82.72,1
2026-09-01T21:18:27.021,8.787,2,100,100,100,99,19.2,18.3,-0.16,0.51,0.12,0.14,-0.11,-0.01,-0.16,0.51,-0.71,-0.28,9.32,9.58,110,011,0,0,1931,1982,1996,1870,1967,1951,42.78,34.9,3308,51.688,82.70,1
2026-09-01T21:18:27.028,8.795,2,100,100,101,100,17.7,19.9,0.24,0.27,0.48,0.22,-0.32,0.28,0.24,0.27,-0.17,-0.64,9.26,9.52,010,110,0,0,1936,1987,1999,1872,1978,1930,42.78,34.9,3310,51.719,82.75,1
2026-09-01T21:18:27.041,8.807,2,100,100,100,100,19.7,19.6,0.50,-0.17,0.40,0.20,0.13,-0.13,0.50,-0.17,-0.30,-0.77,9.31,9.52,001,101,0,0,1933,1983,2014,1870,1960,1946,42.78,34.9,3309,51.703,82.72,1
2026-09-01T21:18:27.050,8.817,2,100,100,99,100,19.0,18.5,-0.11,0.21,0.16,0.14,0.78,-0.27,-0.11,0.21,-1.07,-0.30,9.36,9.52,100,001,0,0,1932,1976,2009,1868,1967,1951,42.78,34.9,3307,51.672,82.67,1
2026-09-01T21:18:27.061,8.827,2,100,100,100,101,18.6,20.0,-0.11,0.43,0.16,0.14,-0.20,0.13,-0.11,0.43,-0.65,-0.35,9.31,9.47,110,010,0,0,1931,1983,1996,1870,1977,1945,42.78,34.9,3309,51.703,82.72,1
2026-09-01T21:18:27.074,8.841,2,100,100,99,99,19.7,19.3,0.37,-0.04,0.18,0.08,-0.31,0.71,0.37,-0.04,-0.12,-1.02,9.37,9.57,011,100,0,0,1934,1990,2006,1867,1979,1933,42.78,34.9,3309,51.703,82.72,1
2026-09-01T21:18:27.083,8.849,2,100,100,101,101,17.9,18.8,0.32,-0.03,0.14,0.14,0.29,-0.24,0.32,-0.03,-0.52,-0.62,9.26,9.46,101,101,0,0,1931,1978,2007,1869,1960,1949,42.78,34.9,3309,51.703,82.72,1
2026-09-01T21:18:27.094,8.860,2,100,100,99,99,19.1,20.1,-0.07,0.39,0.20,0.12,0.16,-0.27,-0.07,0.39,-0.81,-0.20,9.37,9.58,100,011,0,0,1934,1972,2000,1868,1971,1951,42.78,34.9,3308,51.688,82.70,1
2026-09-01T21:18:27.104,8.871,2,100,100,101,99,19.4,17.8,0.01,0.33,0.12,0.12,-0.40,0.26,0.01,0.33,-0.40,-0.42,9.26,9.46,010,110,0,0,1931,1992,1996,1869,1969,1981,42.78,34.9,3310,51.719,82.75,1
2026-09-01T21:18:27.115,8.882,2,100,100,100,100,17.4,19.5,0.51,0.04,0.14,0.18,-0.04,0.14,0.51,0.04,-0.15,-0.87,9.31,9.52,011,100,0,0,1931,1991,2007,1871,1968,1936,42.78,34.9,3310,51.719,82.75,1
2026-09-01T21:18:27.126,8.892,2,100,100,101,99,19.3,19.9,0.22,0.01,0.12,0.10,0.27,-0.29,0.22,0.01,-0.61,-0.44,9.26,9.57,101,001,0,0,1932,1969,2008,1868,1963,1951,42.78,34.9,3308,51.688,82.70,1
2026-09-01T21:18:27.137,8.903,2,100,100,99,101,19.3,17.6,-0.22,0.42,0.08,0.08,-0.03,-0.02,-0.22,0.42,-0.76,-0.24,9.37,9.46,110,011,0,0,1931,1983,1998,1869,1969,1947,42.78,34.9,3308,51.688,82.70,1
2026-09-01T21:18:27.148,8.914,2,100,100,101,100,17.8,19.9,0.23,0.23,0.14,0.16,-0.31,0.28,0.23,0.23,-0.21,-0.67,9.26,9.51,010,110,0,0,1931,1990,2015,1865,1977,1930,42.78,34.9,3310,51.719,82.75,1
2026-09-01T21:18:27.159,8.925,2,100,100,100,101,19.6,19.8,0.49,-0.14,0.12,0.12,0.16,-0.17,0.49,-0.14,-0.24,-0.68,9.31,9.45,001,101,0,0,1933,1983,2014,1871,1958,1946,42.78,34.9,3310,51.719,82.75,1
2026-09-01T21:18:27.170,8.936,2,100,100,99,100,19.1,17.9,-0.02,0.21,0.16,0.10,0.26,-0.25,-0.02,0.21,-0.69,-0.26,9.36,9.50,100,001,0,0,1935,1972,2001,1869,1967,1951,42.78,34.9,3307,51.672,82.67,1
2026-09-01T21:18:27.181,8.947,2,100,100,100,101,18.4,19.8,-0.15,0.47,0.20,0.02,-0.21,0.16,-0.15,0.47,-0.50,-0.32,9.31,9.45,110,010,0,0,1931,1986,1998,1870,1978,1943,42.78,34.9,3309,51.703,82.72,1
2026-09-01T21:18:27.191,8.958,2,100,100,99,99,19.7,19.5,0.39,0.08,0.20,0.14,-0.29,0.16,0.39,0.08,0.00,-0.76,9.37,9.56,011,100,0,0,1935,1988,2004,1870,1971,1931,42.78,34.9,3309,51.703,82.72,1
2026-09-01T21:18:27.203,8.969,2,100,100,100,101,18.4,18.1,0.33,-0.05,0.18,0.00,0.30,-0.24,0.33,-0.05,-0.37,-0.55,9.32,9.45,101,101,0,0,1929,1979,2010,1869,1963,1949,42.78,34.9,3310,51.719,82.75,1
2026-09-01T21:18:27.213,8.980,2,100,100,100,101,18.6,19.9,-0.14,0.37,0.18,0.08,0.14,-0.22,-0.14,0.37,-0.66,-0.14,9.32,9.45,100,011,0,0,1935,1980,2004,1867,1969,1949,42.78,34.9,3309,51.703,82.72,1
2026-09-01T21:18:27.224,8.991,2,100,100,99,100,19.6,18.9,0.00,0.21,0.12,0.08,-0.35,0.54,0.00,0.21,-0.25,-0.63,9.38,9.50,010,110,0,0,1931,1988,1996,1867,1977,1945,42.78,34.9,3310,51.719,82.75,1
2026-09-01T21:18:27.235,9.001,2,100,100,100,101,17.2,18.6,0.55,-0.06,0.14,0.16,0.03,0.04,0.55,-0.06,-0.06,-0.73,9.33,9.44,001,100,0,0,1931,1988,2004,1870,1961,1943,42.78,34.9,3309,51.703,82.72,1
2026-09-01T21:18:27.248,9.014,2,100,100,99,99,19.6,20.1,0.19,0.12,0.14,0.14,0.28,-0.33,0.19,0.12,-0.52,-0.27,9.39,9.55,101,001,0,0,1946,1972,2002,1871,1963,1959,42.78,34.9,3308,51.688,82.70,1
2026-09-01T21:18:27.257,9.023,2,100,100,100,100,19.4,17.7,-0.16,0.30,0.10,0.08,-0.08,0.11,-0.16,0.30,-0.65,-0.10,9.33,9.49,110,010,0,0,1931,1980,1992,1867,1965,1951,42.78,34.9,3307,51.672,82.67,1
2026-09-01T21:18:27.270,9.036,2,100,100,99,99,18.2,19.8,0.30,0.27,0.24,0.16,-0.26,0.25,0.30,0.27,-0.20,-0.54,9.39,9.55,010,110,0,0,1953,1998,1988,1873,1983,1937,42.78,34.9,3311,51.734,82.78,1
2026-09-01T21:18:27.278,9.045,2,100,100,100,100,19.6,19.8,0.57,-0.08,0.14,0.14,0.18,-0.17,0.57,-0.08,-0.23,-0.53,9.33,9.50,001,101,0,0,1933,1983,2015,1871,1957,1946,42.78,34.9,3310,51.719,82.75,1
2026-09-01T21:18:27.289,9.056,2,100,100,100,100,18.9,18.0,-0.06,0.21,0.16,0.08,0.34,-0.21,-0.06,0.21,-0.76,-0.12,9.33,9.50,100,001,0,0,1933,1976,2001,1869,1967,1951,42.78,34.9,3307,51.672,82.67,1
2026-09-01T21:18:27.300,9.066,2,100,100,99,101,18.4,19.7,0.00,0.46,0.16,0.14,-0.18,0.19,0.00,0.46,-0.57,-0.16,9.39,9.43,110,010,0,0,1933,1981,2008,1863,1975,1939,42.78,34.9,3308,51.688,82.70,1
2026-09-01T21:18:27.311,9.077,2,100,100,99,101,19.8,19.4,0.39,0.10,0.18,0.12,-0.22,0.14,0.39,0.10,-0.12,-0.63,9.39,9.43,011,100,0,0,1935,1988,2004,1870,1969,1927,42.78,34.9,3311,51.734,82.78,1
2026-09-01T21:18:27.322,9.088,2,100,100,100,100,18.6,18.0,0.23,-0.03,0.08,0.12,0.59,-0.28,0.23,-0.03,-0.63,-0.30,9.34,9.48,101,101,0,0,1931,1983,2012,1870,1961,1949,42.78,34.9,3310,51.719,82.75,1
2026-09-01T21:18:27.333,9.099,2,100,100,100,101,18.8,19.9,-0.12,0.40,0.18,0.10,0.19,-0.22,-0.12,0.40,-0.87,0.01,9.34,9.44,100,011,0,0,1934,1972,2001,1868,1974,1951,42.78,34.9,3308,51.688,82.70,1
2026-09-01T21:18:27.344,9.110,2,100,100,98,99,19.8,19.1,0.08,0.23,0.14,0.10,-0.30,0.74,0.08,0.23,-0.48,-0.62,9.45,9.54,010,110,0,0,1931,1988,2010,1865,1975,1937,42.78,34.9,3310,51.719,82.75,1
2026-09-01T21:18:27.355,9.121,2,100,100,100,100,17.3,18.9,0.45,-0.01,0.10,0.14,-0.14,0.12,0.45,-0.01,-0.20,-0.66,9.34,9.49,001,100,0,0,1938,2006,1995,1868,1969,1939,42.78,34.9,3310,51.719,82.75,1
2026-09-01T21:18:27.366,9.132,2,100,100,100,99,19.0,20.1,0.20,0.14,0.12,0.14,0.29,-0.29,0.20,0.14,-0.69,-0.16,9.34,9.54,101,001,0,0,1939,1992,1960,1866,1967,1959,42.78,34.9,3308,51.688,82.70,1
2026-09-01T21:18:27.376,9.143,2,100,100,100,101,19.6,18.2,-0.20,0.40,0.12,0.10,-0.11,-0.02,-0.20,0.40,-0.77,0.05,9.34,9.43,110,010,0,0,1932,1981,1993,1868,1975,1946,42.78,34.9,3307,51.672,82.67,1
2026-09-01T21:18:27.387,9.154,2,100,100,101,99,17.2,19.5,0.29,0.23,0.10,0.16,-0.36,0.32,0.29,0.23,-0.27,-0.39,9.28,9.53,010,110,0,0,1929,1990,2004,1871,1978,1930,42.78,34.9,3304,51.625,82.60,1
2026-09-01T21:18:27.398,9.165,2,100,100,99,100,19.7,19.9,0.57,-0.06,0.16,0.14,0.16,-0.17,0.57,-0.06,-0.40,-0.36,9.39,9.49,001,101,0,0,1933,1983,2014,1871,1957,1946,42.78,34.9,3311,51.734,82.78,1
2026-09-01T21:18:27.409,9.176,2,100,100,98,100,19.7,17.5,-0.04,0.29,0.16,0.08,0.35,-0.22,-0.04,0.29,-1.01,0.04,9.45,9.55,100,011,0,0,1932,1974,2006,1867,1964,1952,42.78,34.9,3306,51.656,82.65,1
2026-09-01T21:18:27.422,9.188,2,100,100,100,100,17.5,19.8,-0.11,0.46,0.12,0.14,-0.26,0.21,-0.11,0.46,-0.72,-0.03,9.34,9.49,110,010,0,0,1931,1985,1996,1870,1979,1943,42.78,34.9,3308,51.688,82.70,1
2026-09-01T21:18:27.431,9.197,2,100,100,100,100,19.7,19.6,0.48,0.04,0.20,0.12,-0.18,0.19,0.48,0.04,-0.29,-0.40,9.33,9.49,011,100,0,0,1935,1992,2007,1869,1969,1929,42.78,34.9,3310,51.719,82.75,1
2026-09-01T21:18:27.442,9.208,2,100,100,101,100,18.9,18.0,0.26,0.00,0.12,0.14,0.24,-0.28,0.26,0.00,-0.63,-0.12,9.27,9.49,101,101,0,0,1930,1976,2012,1871,1959,1949,42.78,34.9,3310,51.719,82.75,1
2026-09-01T21:18:27.453,9.219,2,100,100,100,99,18.0,20.1,-0.14,0.49,0.18,0.14,0.07,-0.20,-0.14,0.49,-0.87,0.14,9.32,9.55,100,011,0,0,1932,1984,1999,1868,1972,1956,42.78,34.9,3309,51.703,82.72,1
2026-09-01T21:18:27.463,9.230,2,100,100,101,99,19.6,19.1,0.08,0.23,0.12,0.10,-0.36,0.38,0.08,0.23,-0.44,-0.31,9.26,9.55,010,110,0,0,1931,1994,1998,1867,1976,1934,42.78,34.9,3310,51.719,82.75,1
2026-09-01T21:18:27.474,9.241,2,100,100,99,99,17.7,19.1,0.37,0.01,0.22,0.14,0.27,0.16,0.37,0.01,-0.23,-0.55,9.37,9.56,001,100,0,0,1934,2012,1971,1871,1970,1935,42.78,34.7,3309,51.703,82.72,1
2026-09-01T21:18:27.485,9.251,2,100,100,101,99,18.7,20.1,0.18,0.12,0.12,0.12,0.29,-0.29,0.18,0.12,-0.74,-0.11,9.26,9.56,101,001,0,0,1931,1972,2008,1869,1959,1952,42.78,34.7,3309,51.703,82.72,1
2026-09-01T21:18:27.496,9.262,2,100,100,99,101,19.7,18.1,-0.18,0.43,0.16,0.00,-0.11,0.00,-0.18,0.43,-0.78,0.04,9.37,9.45,110,010,0,0,1932,1982,1992,1870,1975,1947,42.78,34.7,3307,51.672,82.67,1
2026-09-01T21:18:27.507,9.273,2,100,100,101,99,17.1,19.6,0.24,0.25,0.10,0.16,-0.28,0.28,0.24,0.25,-0.29,-0.37,9.26,9.56,010,110,0,0,1931,1986,2000,1871,1979,1931,42.78,34.7,3308,51.688,82.70,1
2026-09-01T21:18:27.518,9.284,2,100,100,100,100,19.4,19.9,0.51,-0.09,0.12,0.12,0.21,-0.17,0.51,-0.09,-0.33,-0.40,9.32,9.51,001,101,0,0,1932,1983,2014,1871,1957,1946,42.78,34.7,3310,51.719,82.75,1
2026-09-01T21:18:27.528,9.295,2,100,100,100,100,19.4,17.6,-0.06,0.23,0.16,0.06,0.24,-0.25,-0.06,0.23,-0.76,0.02,9.31,9.51,100,001,0,0,1934,1973,2003,1868,1967,1951,42.78,34.7,3308,51.688,82.70,1
2026-09-01T21:18:27.539,9.306,2,100,100,100,101,17.6,19.8,-0.07,0.48,0.10,0.12,-0.24,0.21,-0.07,0.48,-0.52,-0.10,9.31,9.46,110,010,0,0,1931,1988,1999,1870,1977,1945,42.78,34.7,3309,51.703,82.72,1
2026-09-01T21:18:27.550,9.316,2,100,100,99,98,19.8,19.7,0.43,0.00,0.18,0.10,-0.22,0.48,0.43,0.00,-0.09,-0.73,9.37,9.63,011,100,0,0,1935,1992,2008,1867,1971,1931,42.78,34.7,3310,51.719,82.75,1
2026-09-01T21:18:27.561,9.327,2,100,100,100,101,18.7,17.9,0.22,-0.02,0.08,0.12,0.32,-0.33,0.22,-0.02,-0.49,-0.32,9.32,9.46,101,101,0,0,1931,1980,2007,1869,1960,1952,42.78,34.7,3310,51.719,82.75,1
2026-09-01T21:18:27.572,9.338,2,100,100,100,98,18.3,20.3,-0.12,0.48,0.20,0.12,0.13,-0.16,-0.12,0.48,-0.80,-0.21,9.32,9.64,100,011,0,0,1933,1980,2004,1870,1970,1954,42.78,34.7,3309,51.703,82.72,1
2026-09-01T21:18:27.583,9.349,2,100,100,99,99,19.8,19.2,0.09,0.23,0.14,0.10,-0.36,0.23,0.09,0.23,-0.30,-0.50,9.38,9.58,010,110,0,0,1931,1992,1992,1867,1975,1935,42.78,34.7,3309,51.703,82.72,1
2026-09-01T21:18:27.594,9.360,2,100,100,100,98,17.8,19.5,0.51,0.05,0.20,0.14,0.03,0.20,0.51,0.05,-0.16,-0.89,9.33,9.65,001,100,0,0,1935,1988,2016,1866,1969,1925,42.78,34.7,3309,51.703,82.72,1
2026-09-01T21:18:27.604,9.371,2,100,100,101,100,18.7,20.1,0.16,0.13,0.14,0.14,0.33,-0.29,0.16,0.13,-0.59,-0.39,9.27,9.53,101,001,0,0,1931,1973,2010,1869,1959,1952,42.78,34.7,3309,51.703,82.72,1
2026-09-01T21:18:27.615,9.382,2,100,100,100,102,19.6,18.2,-0.11,0.45,0.10,0.10,-0.13,0.03,-0.11,0.45,-0.67,-0.32,9.32,9.42,110,010,0,0,1931,1982,1994,1867,1973,1947,42.78,34.7,3307,51.672,82.67,1
2026-09-01T21:18:27.626,9.392,2,100,100,101,100,17.1,19.2,0.15,0.20,0.10,0.14,-0.35,0.26,0.15,0.20,-0.12,-0.67,9.26,9.52,010,110,0,0,1931,1984,2000,1871,1975,1933,42.78,34.7,3304,51.625,82.60,1
2026-09-01T21:18:27.637,9.403,2,100,100,100,101,19.5,19.9,0.51,-0.14,0.14,0.12,0.20,-0.16,0.51,-0.14,-0.31,-0.73,9.32,9.47,001,101,0,0,1933,1983,2015,1870,1959,1946,42.78,34.7,3310,51.719,82.75,1
2026-09-01T21:18:27.648,9.414,2,100,100,99,100,19.4,17.6,-0.05,0.25,0.20,0.10,0.28,-0.29,-0.05,0.25,-0.84,-0.24,9.37,9.52,100,001,0,0,1928,1976,2007,1865,1956,1944,42.78,34.7,3302,51.594,82.55,1
2026-09-01T21:18:27.659,9.425,2,100,100,100,101,17.1,19.5,-0.10,0.46,0.10,0.12,-0.25,0.22,-0.10,0.46,-0.57,-0.44,9.32,9.47,110,010,0,0,1931,1989,1999,1870,1977,1944,42.78,34.7,3307,51.672,82.67,1
2026-09-01T21:18:27.670,9.436,2,100,100,99,99,19.7,20.1,0.49,0.04,0.20,0.14,-0.22,0.24,0.49,0.04,-0.10,-0.85,9.37,9.57,011,100,0,0,1935,1992,2004,1870,1971,1927,42.78,34.7,3310,51.719,82.75,1
2026-09-01T21:18:27.681,9.447,2,100,100,101,101,19.1,17.5,0.28,-0.03,0.00,0.00,0.25,-0.30,0.28,-0.03,-0.50,-0.54,9.26,9.46,101,101,0,0,1931,1975,2012,1869,1961,1952,42.78,34.7,3310,51.719,82.75,1
2026-09-01T21:18:27.692,9.458,2,100,100,100,99,17.4,20.1,-0.23,0.51,0.16,0.12,0.03,-0.19,-0.23,0.51,-0.73,-0.19,9.32,9.58,100,011,0,0,1933,1982,1996,1870,1971,1953,42.78,34.7,3308,51.688,82.70,1
2026-09-01T21:18:27.703,9.469,2,100,100,101,99,19.5,19.8,0.17,0.25,0.18,0.12,-0.32,0.40,0.17,0.25,-0.31,-0.71,9.26,9.57,010,110,0,0,1933,1994,1998,1869,1975,1934,42.78,34.7,3311,51.734,82.78,1
2026-09-01T21:18:27.713,9.480,2,100,100,99,100,18.4,17.9,0.37,-0.09,0.10,0.00,0.36,0.05,0.37,-0.09,-0.34,-0.86,9.37,9.52,001,100,0,0,1934,1992,2000,1869,1967,1943,42.78,34.7,3309,51.703,82.72,1
2026-09-01T21:18:27.724,9.491,2,100,100,101,99,18.2,20.2,0.15,0.14,0.12,0.12,0.29,-0.27,0.15,0.14,-0.65,-0.41,9.26,9.57,101,001,0,0,1934,1972,2018,1863,1963,1951,42.78,34.7,3308,51.688,82.70,1
2026-09-01T21:18:27.735,9.501,2,100,100,99,101,19.8,19.0,-0.15,0.40,0.10,0.06,-0.15,0.01,-0.15,0.40,-0.63,-0.26,9.37,9.46,110,010,0,0,1931,1983,1996,1867,1973,1946,42.78,34.7,3307,51.672,82.67,1
2026-09-01T21:18:27.746,9.512,2,100,100,100,100,17.7,18.7,0.09,0.15,0.10,0.14,-0.01,0.26,0.09,0.15,-0.22,-0.74,9.32,9.51,011,110,0,0,1929,1988,1994,1869,1975,1933,42.78,34.7,3310,51.719,82.75,1
2026-09-01T21:18:27.757,9.523,2,100,100,100,101,19.2,20.0,0.50,-0.08,0.14,0.14,0.24,-0.19,0.50,-0.08,-0.26,-0.64,9.32,9.45,001,101,0,0,1935,1983,2029,1865,1958,1943,42.78,34.7,3310,51.719,82.75,1
2026-09-01T21:18:27.768,9.534,2,100,100,99,100,19.6,18.1,0.00,0.21,0.12,0.08,0.21,-0.17,0.00,0.21,-0.65,-0.27,9.37,9.51,100,011,0,0,1935,1969,2003,1867,1967,1951,42.78,34.7,3307,51.672,82.67,1
2026-09-01T21:18:27.778,9.545,2,100,100,100,101,17.2,19.2,-0.11,0.42,0.10,0.12,-0.24,0.21,-0.11,0.42,-0.39,-0.37,9.32,9.45,110,010,0,0,1929,1988,2000,1869,1977,1941,42.78,34.7,3307,51.672,82.67,1
2026-09-01T21:18:27.789,9.556,2,100,100,100,100,19.6,20.0,0.43,0.08,0.16,0.12,-0.21,0.18,0.43,0.08,0.06,-0.77,9.32,9.51,011,100,0,0,1935,1988,2016,1865,1971,1927,42.78,34.7,3310,51.719,82.75,1
2026-09-01T21:18:27.800,9.566,2,100,100,100,101,19.1,17.7,0.25,-0.09,0.10,0.10,0.26,-0.29,0.25,-0.09,-0.34,-0.44,9.32,9.45,101,101,0,0,1931,1976,2008,1867,1963,1936,42.78,34.7,3306,51.656,82.65,1
2026-09-01T21:18:27.811,9.577,2,100,100,100,100,17.8,19.9,-0.21,0.49,0.18,0.10,0.09,-0.19,-0.21,0.49,-0.60,-0.11,9.32,9.50,100,011,0,0,1931,1982,2000,1869,1971,1952,42.78,34.7,3309,51.703,82.72,1
2026-09-01T21:18:27.823,9.589,2,100,100,99,99,19.8,19.7,0.09,0.25,0.16,0.14,-0.32,0.26,0.09,0.25,-0.19,-0.53,9.38,9.55,010,110,0,0,1935,1992,2008,1863,1979,1935,42.78,34.7,3311,51.734,82.78,1
2026-09-01T21:18:27.833,9.599,2,100,100,100,100,18.2,17.7,0.52,-0.10,0.20,0.12,0.03,-0.03,0.52,-0.10,-0.05,-0.68,9.33,9.50,001,100,0,0,1935,1983,2022,1863,1958,1945,42.78,34.7,3309,51.703,82.72,1
2026-09-01T21:18:27.843,9.610,2,100,100,99,100,19.0,20.0,0.19,0.15,0.18,0.16,0.28,-0.28,0.19,0.15,-0.53,-0.24,9.39,9.50,101,001,0,0,1937,1978,2028,1863,1967,1951,42.78,34.7,3308,51.688,82.70,1
2026-09-01T21:18:27.856,9.622,2,100,100,100,100,19.7,18.9,-0.12,0.39,0.12,0.08,-0.13,0.07,-0.12,0.39,-0.58,-0.14,9.33,9.49,110,010,0,0,1931,1983,1996,1867,1973,1943,42.78,34.7,3308,51.688,82.70,1
2026-09-01T21:18:27.865,9.632,2,100,100,101,100,17.3,18.8,0.34,0.16,0.46,0.20,-0.20,0.29,0.34,0.16,-0.18,-0.59,9.28,9.49,011,110,0,0,1931,1992,1996,1869,1975,1933,42.78,34.7,3310,51.719,82.75,1
2026-09-01T21:18:27.876,9.642,2,100,100,100,100,19.3,20.1,0.50,-0.06,0.14,0.14,0.24,-0.20,0.50,-0.06,-0.27,-0.46,9.33,9.49,001,101,0,0,1932,1983,2015,1872,1958,1946,42.78,34.7,3310,51.719,82.75,1
2026-09-01T21:18:27.887,9.653,2,100,100,100,101,19.4,18.1,-0.04,0.23,0.12,0.10,0.30,-0.25,-0.04,0.23,-0.75,-0.05,9.33,9.44,100,011,0,0,1930,1972,2004,1867,1969,1947,42.78,34.7,3307,51.672,82.67,1
2026-09-01T21:18:27.898,9.664,2,100,100,100,101,17.4,19.1,-0.09,0.38,0.16,0.16,-0.26,0.20,-0.09,0.38,-0.49,-0.16,9.33,9.43,110,010,0,0,1951,1990,1990,1873,1979,1949,42.78,34.7,3309,51.703,82.72,1
2026-09-01T21:18:27.909,9.675,2,100,100,99,100,19.8,20.1,0.50,0.12,0.20,0.16,-0.25,0.15,0.50,0.12,-0.07,-0.65,9.39,9.49,011,100,0,0,1935,1992,2006,1871,1968,1927,42.78,34.7,3311,51.734,82.78,1
2026-09-01T21:18:27.920,9.686,2,100,100,100,98,19.3,17.8,0.23,-0.15,0.34,0.18,0.36,0.09,0.23,-0.15,-0.60,-0.38,9.34,9.49,101,001,0,0,1930,1974,2008,1868,1974,1910,42.78,34.7,3307,51.672,82.67,1
2026-09-01T21:18:27.931,9.697,2,100,100,100,101,17.8,19.5,-0.17,0.45,0.16,0.10,0.12,-0.14,-0.17,0.45,-0.86,-0.02,9.34,9.44,100,011,0,0,1939,1983,2020,1863,1977,1953,42.78,34.7,3309,51.703,82.72,1
2026-09-01T21:18:27.941,9.708,2,100,100,98,99,19.9,19.9,0.16,0.27,0.18,0.14,-0.33,0.25,0.16,0.27,-0.43,-0.45,9.44,9.54,010,110,0,0,1934,1992,1992,1869,1979,1933,42.78,34.7,3310,51.719,82.75,1
2026-09-01T21:18:27.952,9.719,2,100,100,100,100,18.4,17.4,0.40,-0.13,0.16,0.12,0.16,-0.01,0.40,-0.13,-0.36,-0.63,9.34,9.49,001,100,0,0,1933,1990,2006,1866,1961,1941,42.78,34.7,3374,52.719,84.35,1
2026-09-01T21:18:27.963,9.730,2,100,100,100,100,18.4,19.9,0.16,0.16,0.14,0.12,0.34,-0.26,0.16,0.16,-0.78,-0.14,9.34,9.49,101,001,0,0,1931,1972,2010,1869,1961,1950,42.78,34.7,3309,51.703,82.72,1
2026-09-01T21:18:27.974,9.740,2,100,100,99,101,19.9,19.3,-0.14,0.46,0.52,0.16,-0.14,0.02,-0.14,0.46,-0.79,-0.01,9.39,9.42,110,010,0,0,1931,1981,1992,1869,1975,1945,42.78,34.7,3308,51.688,82.70,1
2026-09-01T21:18:27.985,9.751,2,100,100,100,99,17.8,18.4,0.08,0.17,0.12,0.14,0.04,0.28,0.08,0.17,-0.39,-0.48,9.33,9.53,011,110,0,0,1929,1984,1981,1870,1975,1934,42.78,34.7,3309,51.703,82.72,1
2026-09-01T21:18:27.996,9.762,2,100,100,100,100,19.3,20.0,0.50,-0.05,0.12,0.12,0.23,-0.20,0.50,-0.05,-0.49,-0.33,9.33,9.49,001,101,0,0,1945,1988,2010,1873,1961,1952,42.78,34.7,3310,51.719,82.75,1
2026-09-01T21:18:28.007,9.773,2,100,100,98,100,19.9,18.6,-0.01,0.27,0.08,0.00,0.27,-0.23,-0.01,0.27,-0.98,0.09,9.44,9.49,100,011,0,0,1933,1971,2006,1867,1968,1948,42.78,34.7,3307,51.672,82.67,1
2026-09-01T21:18:28.018,9.784,2,100,100,101,100,17.9,19.0,-0.09,0.43,0.14,0.14,-0.33,0.26,-0.09,0.43,-0.68,-0.08,9.34,9.49,010,010,0,0,1931,1985,1994,1870,1979,1943,42.78,34.7,3307,51.672,82.67,1
2026-09-01T21:18:28.028,9.795,2,100,100,100,100,19.5,20.0,0.50,0.08,0.20,0.16,-0.19,0.19,0.50,0.08,-0.27,-0.43,9.33,9.49,011,100,0,0,1936,1991,2007,1871,1971,1928,42.78,34.7,3310,51.719,82.75,1
2026-09-01T21:18:28.039,9.806,2,100,100,101,100,19.4,18.1,0.23,-0.06,0.08,0.10,0.20,-0.27,0.23,-0.06,-0.63,-0.10,9.27,9.49,101,001,0,0,1931,1972,2008,1868,1965,1947,42.78,34.7,3307,51.672,82.67,1
2026-09-01T21:18:28.050,9.816,2,100,100,100,99,17.1,19.9,-0.21,0.53,0.18,0.14,0.00,-0.14,-0.21,0.53,-0.87,0.15,9.32,9.55,100,011,0,0,1951,1985,1989,1872,1975,1960,42.78,34.7,3308,51.688,82.70,1
2026-09-01T21:18:28.064,9.830,2,100,100,101,99,19.5,19.9,0.15,0.28,0.16,0.14,-0.34,0.20,0.15,0.28,-0.42,-0.21,9.26,9.55,010,110,0,0,1932,1992,1994,1870,1979,1931,42.78,34.7,3311,51.734,82.78,1
2026-09-01T21:18:28.072,9.838,2,100,100,98,99,18.8,17.8,0.39,-0.10,0.14,0.12,0.46,0.10,0.39,-0.10,-0.52,-0.53,9.42,9.56,001,100,0,0,1932,1994,2000,1870,1967,1939,42.78,34.7,3373,52.703,84.33,1
2026-09-01T21:18:28.083,9.849,2,100,100,101,99,17.7,20.0,0.13,0.21,0.16,0.16,0.27,-0.27,0.13,0.21,-0.82,-0.05,9.26,9.56,101,001,0,0,1932,1969,2002,1870,1959,1955,42.78,34.7,3308,51.688,82.70,1
2026-09-01T21:18:28.094,9.860,2,100,100,100,101,19.7,19.4,-0.10,0.48,0.12,0.12,-0.16,0.04,-0.10,0.48,-0.75,0.04,9.32,9.45,110,010,0,0,1931,1983,1997,1869,1975,1945,42.78,34.7,3309,51.703,82.72,1
2026-09-01T21:18:28.105,9.871,2,103,103,100,99,18.3,18.3,0.25,0.13,0.34,0.20,-0.21,0.27,0.25,0.13,-0.28,-0.41,9.31,9.56,011,110,0,0,1930,1983,2004,1870,1975,1931,42.78,34.7,3309,51.703,82.72,1
2026-09-01T21:18:28.115,9.882,2,116,116,100,101,19.7,21.0,0.67,0.17,0.22,0.24,0.32,-0.21,0.67,0.17,-0.43,-0.35,9.82,9.97,001,101,0,0,1947,1983,2015,1877,1951,1953,42.78,34.7,3310,51.719,82.75,1
2026-09-01T21:18:28.126,9.893,2,132,132,103,103,22.8,22.7,0.41,0.79,0.32,0.30,0.16,-0.02,0.41,0.79,-0.82,-0.20,10.80,11.01,100,011,0,0,1951,1952,2000,1879,1959,1975,42.78,34.7,3308,51.688,82.70,1
2026-09-01T21:18:28.137,9.903,2,145,145,111,112,24.2,24.0,0.42,0.70,0.30,0.32,-0.36,0.26,0.42,0.70,-0.61,-0.64,11.44,11.59,010,110,0,0,1941,2002,1980,1879,1995,1919,42.78,34.7,3310,51.719,82.75,1
2026-09-01T21:18:28.148,9.914,2,155,155,122,124,24.6,25.0,0.65,0.14,0.32,0.28,0.19,-0.21,0.65,0.14,-0.73,-0.83,11.76,11.87,001,101,0,0,1941,1986,2022,1875,1947,1946,42.78,34.7,3311,51.734,82.78,1
2026-09-01T21:18:28.159,9.925,2,164,164,130,128,23.5,26.4,0.12,0.62,0.50,0.30,0.19,-0.13,0.12,0.62,-1.19,-0.58,12.22,12.55,100,011,0,0,1937,1965,2001,1873,1971,1963,42.78,34.7,3308,51.688,82.70,1
2026-09-01T21:18:28.170,9.936,2,171,171,136,135,25.2,24.8,0.63,0.53,0.36,0.32,-0.07,0.36,0.63,0.53,-0.81,-1.03,12.62,12.89,011,110,0,0,1943,2006,1990,1879,1989,1916,42.78,34.7,3309,51.703,82.72,1
2026-09-01T21:18:28.181,9.947,2,176,176,142,142,27.4,27.0,0.41,0.25,0.26,0.26,0.20,-0.41,0.41,0.25,-1.03,-0.72,12.97,13.18,101,001,0,0,1938,1962,2016,1876,1951,1963,42.78,34.7,3307,51.672,82.67,1
2026-09-01T21:18:28.192,9.958,2,180,180,146,148,25.0,27.9,0.06,0.57,0.34,0.24,-0.17,0.20,0.06,0.57,-1.03,-0.86,13.37,13.48,110,010,0,0,1942,1981,1986,1874,1983,1943,42.78,34.7,3308,51.688,82.70,1
2026-09-01T21:18:28.202,9.969,2,184,184,152,152,28.7,27.7,0.63,0.00,0.26,0.26,0.10,0.07,0.63,0.00,-0.84,-1.18,13.58,13.81,001,101,0,0,1938,1984,2016,1876,1959,1943,42.78,34.7,3311,51.734,82.78,1
2026-09-01T21:18:28.213,9.980,2,187,187,156,152,27.1,29.7,0.08,0.74,0.24,0.32,0.19,-0.14,0.08,0.74,-1.28,-0.75,14.01,14.37,110,011,0,0,1938,1969,1996,1879,1974,1967,42.78,34.7,3307,51.672,82.67,1
2026-09-01T21:18:28.224,9.991,2,189,189,159,159,29.3,30.3,0.64,-0.01,0.30,0.20,-0.24,0.30,0.64,-0.01,-0.72,-1.29,14.16,14.40,011,100,0,0,1939,1999,2007,1873,1973,1929,42.78,34.7,3310,51.719,82.75,1
2026-09-01T21:18:28.235,10.001,2,191,191,164,164,30.1,27.2,0.09,0.32,0.22,0.20,0.17,-0.26,0.09,0.32,-1.20,-0.84,14.28,14.52,100,001,0,0,1939,1969,2005,1870,1955,1947,42.78,34.7,3305,51.641,82.62,1
2026-09-01T21:18:28.246,10.012,2,193,193,166,164,28.4,30.6,0.23,0.40,0.14,0.30,-0.30,0.31,0.23,0.40,-0.77,-1.22,14.55,14.92,011,110,0,0,1934,1986,1999,1879,1989,1921,42.78,34.7,3310,51.719,82.75,1
2026-09-01T21:18:28.257,10.023,2,194,194,172,166,27.7,32.1,0.20,0.17,0.30,0.14,0.28,-0.27,0.20,0.17,-1.21,-0.95,14.59,15.20,101,001,0,0,1938,1968,2008,1876,1955,1955,42.78,34.7,3309,51.703,82.72,1
2026-09-01T21:18:28.268,10.034,2,195,195,174,172,30.2,31.6,0.33,0.25,0.28,0.16,-0.38,0.27,0.33,0.25,-0.81,-1.18,14.79,15.18,010,110,0,0,1938,1999,2007,1867,1975,1929,42.78,34.7,3312,51.750,82.80,1
2026-09-01T21:18:28.278,10.045,2,196,196,177,174,31.3,30.7,0.30,0.13,0.28,0.26,0.22,-0.34,0.30,0.13,-1.04,-0.96,14.91,15.36,101,001,0,0,1938,1968,2012,1877,1955,1959,42.78,34.7,3309,51.703,82.72,1
2026-09-01T21:18:28.289,10.056,2,197,197,177,177,31.9,29.1,0.16,0.38,0.26,0.16,-0.40,-0.01,0.16,0.38,-0.76,-0.95,15.12,15.41,010,110,0,0,1941,1999,1991,1872,1968,1964,42.78,34.7,3370,52.656,84.25,1
2026-09-01T21:18:28.300,10.066,2,197,197,180,180,31.9,28.5,0.32,0.03,0.26,0.26,0.24,-0.32,0.32,0.03,-0.95,-1.03,15.21,15.51,101,101,0,0,1937,1972,2014,1875,1958,1954,42.78,34.7,3313,51.766,82.83,1
2026-09-01T21:18:28.311,10.077,2,198,198,180,180,31.6,29.9,-0.02,0.50,0.26,0.26,-0.21,0.18,-0.02,0.50,-0.85,-1.03,15.39,15.70,010,010,0,0,1933,1988,1996,1875,1983,1935,42.78,34.7,3310,51.719,82.75,1
2026-09-01T21:18:28.322,10.088,2,198,198,180,183,31.9,30.6,0.35,-0.05,0.22,0.24,0.48,-0.26,0.35,-0.05,-1.05,-0.96,15.64,15.77,101,101,0,0,1937,1981,2014,1875,1961,1948,42.78,34.7,3312,51.750,82.80,1
2026-09-01T21:18:28.333,10.099,2,198,198,183,183,31.7,31.0,-0.10,0.44,0.22,0.22,0.00,0.21,-0.10,0.44,-0.99,-0.90,15.64,15.93,010,010,0,0,1935,1980,1995,1874,1981,1942,42.78,34.5,3309,51.703,82.72,1
2026-09-01T21:18:28.343,10.110,2,199,199,187,187,32.1,30.4,0.34,-0.09,0.24,0.20,0.27,-0.30,0.34,-0.09,-1.01,-0.84,15.55,15.85,101,101,0,0,1937,1975,2014,1873,1963,1949,42.78,34.5,3313,51.766,82.83,1
2026-09-01T21:18:28.354,10.121,2,199,199,183,187,32.8,30.0,-0.01,0.50,0.60,0.34,-0.23,0.11,-0.01,0.50,-0.98,-0.78,15.97,16.05,010,010,0,0,1935,1986,1996,1875,1983,1931,42.78,34.5,3311,51.734,82.78,1
2026-09-01T21:18:28.365,10.132,2,199,199,187,190,33.2,29.7,0.18,0.06,0.16,0.26,0.56,-0.41,0.18,0.06,-1.34,-0.73,15.88,16.01,101,101,0,0,1933,1982,2010,1875,1955,1957,42.78,34.5,3306,51.656,82.65,1
2026-09-01T21:18:28.376,10.142,2,199,199,187,190,33.6,30.2,-0.03,0.38,0.14,0.22,-0.09,-0.03,-0.03,0.38,-1.22,-0.76,16.00,16.11,010,010,0,0,1932,1987,1995,1873,1968,1964,42.78,34.5,3313,51.766,82.83,1
2026-09-01T21:18:28.387,10.153,2,199,199,187,187,34.0,31.8,0.31,-0.06,0.26,0.24,0.21,-0.18,0.31,-0.06,-1.31,-0.74,16.10,16.39,101,001,0,0,1943,1964,2012,1874,1963,1947,42.78,34.5,3309,51.703,82.72,1
2026-09-01T21:18:28.398,10.164,2,199,199,190,190,33.7,32.9,0.21,0.21,0.32,0.18,-0.35,0.50,0.21,0.21,-1.13,-0.85,16.04,16.32,010,110,0,0,1939,1996,1992,1871,1975,1939,42.78,34.5,3311,51.734,82.78,1
2026-09-01T21:18:28.409,10.175,2,199,199,193,190,31.3,34.4,0.15,0.07,0.38,0.12,0.27,-0.29,0.15,0.07,-1.41,-0.52,15.97,16.41,101,001,0,0,1939,1972,2004,1874,1961,1953,42.78,34.5,3311,51.734,82.78,1
2026-09-01T21:18:28.420,10.186,2,199,199,193,190,30.1,34.8,0.29,0.35,0.26,0.28,-0.39,0.18,0.29,0.35,-1.14,-0.64,16.05,16.51,010,110,0,0,1935,1994,2006,1877,1981,1928,42.78,34.5,3313,51.766,82.83,1
2026-09-01T21:18:28.431,10.197,2,199,199,193,193,31.3,34.2,0.08,0.23,0.22,0.24,0.21,-0.34,0.08,0.23,-1.49,-0.38,16.13,16.42,100,001,0,0,1941,1970,2001,1876,1963,1955,42.78,34.5,3309,51.703,82.72,1
2026-09-01T21:18:28.441,10.208,2,199,199,193,193,32.8,33.4,0.29,0.21,0.20,0.24,-0.39,0.24,0.29,0.21,-1.05,-0.75,16.19,16.50,011,110,0,0,1933,1988,2010,1875,1975,1931,42.78,34.5,3312,51.750,82.80,1
2026-09-01T21:18:28.452,10.219,2,199,199,197,190,33.8,32.6,-0.02,0.34,0.22,0.30,0.19,-0.20,-0.02,0.34,-1.54,-0.57,16.02,16.73,100,001,0,0,1940,1972,2000,1878,1959,1959,42.78,34.5,3310,51.719,82.75,1
2026-09-01T21:18:28.463,10.229,2,199,199,193,193,34.4,31.1,0.40,0.16,0.20,0.28,-0.32,0.10,0.40,0.16,-1.08,-0.76,16.28,16.61,011,110,0,0,1944,1989,2003,1877,1982,1943,42.78,34.5,3312,51.750,82.80,1
2026-09-01T21:18:28.474,10.240,2,199,199,193,193,33.6,33.0,-0.13,0.14,0.20,0.14,0.23,0.06,-0.13,0.14,-1.60,-0.63,16.33,16.68,100,011,0,0,1935,1972,2000,1871,1955,1951,42.78,34.5,3309,51.703,82.72,1
2026-09-01T21:18:28.485,10.251,2,199,199,193,190,32.1,35.1,0.56,-0.16,0.28,0.12,-0.14,0.87,0.56,-0.16,-1.09,-1.28,16.39,16.90,011,100,0,0,1939,1994,2008,1869,1981,1931,42.78,34.5,3313,51.766,82.83,1
2026-09-01T21:18:28.496,10.262,2,199,199,197,190,31.1,35.8,-0.17,0.36,0.18,0.16,0.03,0.48,-0.17,0.36,-1.47,-1.12,16.19,16.96,110,011,0,0,1933,1986,1997,1870,1950,1964,42.78,34.5,3308,51.688,82.70,1
2026-09-01T21:18:28.506,10.273,2,199,199,197,190,33.0,35.6,0.45,0.01,0.14,0.16,0.00,0.34,0.45,0.01,-1.12,-1.42,16.23,17.02,001,100,0,0,1937,1983,2004,1877,1975,1927,42.78,34.5,3311,51.734,82.78,1
2026-09-01T21:18:28.517,10.284,2,200,200,193,193,34.6,33.8,-0.19,0.55,0.20,0.26,-0.07,-0.09,-0.19,0.55,-1.43,-1.09,16.48,16.88,110,011,0,0,1937,1988,1994,1876,1971,1954,42.78,34.5,3310,51.719,82.75,1
2026-09-01T21:18:28.528,10.295,2,200,200,197,193,34.5,31.7,0.58,-0.01,0.32,0.26,0.15,0.17,0.58,-0.01,-1.20,-1.50,16.38,16.98,001,101,0,0,1944,1985,2013,1878,1967,1938,42.78,34.5,3312,51.750,82.80,1
2026-09-01T21:18:28.539,10.305,2,200,200,197,197,33.2,34.1,-0.08,0.55,0.26,0.26,-0.22,0.06,-0.08,0.55,-1.39,-1.20,16.42,16.80,110,010,0,0,1935,1984,1993,1875,1975,1947,42.78,34.5,3309,51.703,82.72,1
2026-09-01T21:18:28.550,10.316,2,200,200,197,201,30.9,35.1,0.46,-0.13,0.32,0.22,0.32,-0.21,0.46,-0.13,-1.40,-1.36,16.44,16.60,101,101,0,0,1939,1979,2012,1877,1960,1952,42.78,34.5,3312,51.750,82.80,1
2026-09-01T21:18:28.561,10.327,2,200,200,201,201,33.8,33.3,-0.01,0.38,0.22,0.18,-0.33,0.11,-0.01,0.38,-1.23,-1.21,16.25,16.62,010,010,0,0,1936,1991,1995,1872,1977,1937,42.78,34.5,3310,51.719,82.75,1
2026-09-01T21:18:28.572,10.338,2,200,200,201,197,34.3,31.0,0.19,0.01,0.20,0.28,0.23,-0.29,0.19,0.01,-1.43,-1.23,16.26,16.87,101,101,0,0,1939,1975,2007,1877,1960,1953,42.78,34.5,3312,51.750,82.80,1
2026-09-01T21:18:28.583,10.349,2,200,200,201,197,32.9,33.9,0.20,0.15,0.28,0.16,-0.46,0.62,0.20,0.15,-1.02,-1.42,16.28,16.88,010,110,0,0,1939,1996,2003,1869,1973,1963,42.78,34.5,3311,51.734,82.78,1
2026-09-01T21:18:28.594,10.360,2,200,200,201,197,29.9,35.6,0.07,0.00,0.20,0.16,0.24,-0.23,0.07,0.00,-1.34,-1.18,16.30,16.90,101,001,0,0,1935,1974,2004,1871,1960,1949,42.78,34.5,3310,51.719,82.75,1
2026-09-01T21:18:28.605,10.371,2,200,200,197,197,33.5,35.2,0.17,0.21,0.14,0.22,-0.16,0.32,0.17,0.21,-0.98,-1.46,16.53,16.92,011,110,0,0,1931,1990,2004,1875,1978,1930,42.78,34.5,3312,51.750,82.80,1
2026-09-01T21:18:28.615,10.382,2,200,200,197,197,35.0,32.7,-0.05,0.29,0.28,0.24,0.25,-0.26,-0.05,0.29,-1.28,-1.13,16.55,16.94,100,001,0,0,1935,1974,2004,1875,1961,1955,42.78,34.5,3310,51.719,82.75,1
2026-09-01T21:18:28.626,10.393,2,200,200,197,201,34.3,33.8,0.52,0.10,0.26,0.28,-0.23,0.21,0.52,0.10,-0.84,-1.43,16.59,16.74,011,100,0,0,1940,1991,2007,1877,1969,1930,42.78,34.5,3311,51.734,82.78,1
2026-09-01T21:18:28.637,10.404,2,200,200,201,201,30.3,35.2,-0.18,0.43,0.36,0.28,0.00,-0.38,-0.18,0.43,-1.30,-0.89,16.38,16.74,100,011,0,0,1936,1990,1991,1876,1976,1952,42.78,34.5,3310,51.719,82.75,1
2026-09-01T21:18:28.648,10.415,2,200,200,197,197,33.0,35.6,0.34,0.03,0.22,0.30,0.08,0.18,0.34,0.03,-1.01,-1.32,16.62,16.98,001,100,0,0,1937,1983,2006,1879,1969,1929,42.78,34.5,3311,51.734,82.78,1
2026-09-01T21:18:28.659,10.425,2,200,200,197,201,34.9,32.9,-0.21,0.41,0.20,0.16,-0.15,-0.19,-0.21,0.41,-1.28,-0.81,16.64,16.78,110,011,0,0,1936,1987,1991,1872,1976,1945,42.78,34.5,3310,51.719,82.75,1
2026-09-01T21:18:28.670,10.436,2,200,200,201,201,34.3,32.9,0.52,-0.18,0.28,0.20,0.12,-0.14,0.52,-0.18,-1.12,-1.08,16.44,16.78,001,101,0,0,1942,1983,2027,1870,1963,1953,42.78,34.5,3311,51.734,82.78,1
2026-09-01T21:18:28.681,10.447,2,200,200,201,201,30.2,35.4,-0.10,0.49,0.20,0.20,-0.33,0.05,-0.10,0.49,-1.24,-0.82,16.46,16.79,110,010,0,0,1936,1991,1998,1874,1978,1942,42.78,34.5,3310,51.719,82.75,1
2026-09-01T21:18:28.692,10.459,2,200,200,197,201,34.2,34.1,0.25,-0.08,0.28,0.24,0.24,-0.31,0.25,-0.08,-1.42,-0.92,16.69,16.80,101,101,0,0,1935,1975,2010,1875,1958,1953,42.78,34.5,3312,51.750,82.80,1
2026-09-01T21:18:28.703,10.470,2,200,200,201,201,34.8,30.8,0.05,0.42,0.24,0.22,-0.36,0.00,0.05,0.42,-1.26,-0.73,16.48,16.79,010,010,0,0,1937,1991,1995,1874,1983,1938,42.78,34.5,3305,51.641,82.62,1
2026-09-01T21:18:28.714,10.480,2,200,200,201,197,31.9,35.2,0.11,-0.06,0.24,0.08,0.23,-0.22,0.11,-0.06,-1.54,-0.68,16.49,17.03,101,001,0,0,1935,1972,2002,1871,1965,1949,42.78,34.5,3310,51.719,82.75,1
2026-09-01T21:18:28.725,10.491,2,200,200,197,197,31.6,35.9,0.14,0.22,0.40,0.26,-0.39,0.26,0.14,0.22,-1.16,-0.77,16.49,17.04,011,110,0,0,1933,1983,1990,1875,1977,1930,42.78,34.5,3312,51.750,82.80,1
2026-09-01T21:18:28.736,10.502,2,200,200,201,201,34.6,33.8,-0.10,0.18,0.16,0.20,0.29,-0.39,-0.10,0.18,-1.62,-0.40,16.50,16.82,100,001,0,0,1934,1975,2007,1874,1968,1953,42.78,34.5,3310,51.719,82.75,1
2026-09-01T21:18:28.747,10.513,2,200,200,201,197,34.7,31.4,0.40,0.16,0.24,0.28,-0.32,0.24,0.40,0.16,-1.08,-0.86,16.49,17.06,011,100,0,0,1935,1986,2007,1878,1981,1938,42.78,34.5,3377,52.766,84.42,1
2026-09-01T21:18:28.758,10.524,2,200,200,201,197,31.5,35.0,-0.11,0.35,0.26,0.24,0.03,-0.30,-0.11,0.35,-1.61,-0.51,16.49,17.08,100,011,0,0,1938,1983,1992,1874,1973,1949,42.78,34.5,3310,51.719,82.75,1
2026-09-01T21:18:28.769,10.535,2,200,200,201,197,32.2,36.1,0.47,-0.09,0.24,0.18,-0.11,0.29,0.47,-0.09,-1.22,-0.94,16.49,17.10,001,100,0,0,1939,1983,2010,1874,1973,1932,42.78,34.5,3312,51.750,82.80,1
2026-09-01T21:18:28.780,10.546,2,200,200,201,197,34.8,34.4,-0.25,0.49,0.20,0.22,-0.15,-0.14,-0.25,0.49,-1.45,-0.54,16.48,17.10,110,011,0,0,1936,1989,1995,1875,1973,1953,42.78,34.3,3311,51.734,82.78,1
2026-09-01T21:18:28.790,10.557,2,200,200,201,201,34.2,32.6,0.52,-0.08,0.32,0.26,0.15,0.18,0.52,-0.08,-1.28,-1.06,16.48,16.88,001,101,0,0,1943,1983,2028,1871,1964,1941,42.78,34.3,3312,51.750,82.80,1
2026-09-01T21:18:28.801,10.568,2,200,200,201,201,30.8,35.3,-0.12,0.57,0.20,0.28,-0.27,0.04,-0.12,0.57,-1.33,-0.93,16.48,16.90,110,010,0,0,1939,1991,2015,1873,1980,1938,42.78,34.3,3311,51.734,82.78,1
2026-09-01T21:18:28.812,10.579,2,200,200,201,205,33.3,34.8,0.34,-0.13,0.28,0.20,0.19,-0.28,0.32,-0.14,-1.40,-1.08,16.49,16.68,101,101,0,0,1940,1971,2011,1873,1958,1956,42.78,34.3,3312,51.750,82.80,1
2026-09-01T21:18:28.825,10.591,2,200,200,201,201,34.8,32.7,0.11,0.40,0.32,0.24,-0.40,0.14,0.11,0.40,-1.21,-1.13,16.49,16.90,010,010,0,0,1939,1998,1999,1873,1979,1937,42.78,34.3,3310,51.719,82.75,1
2026-09-01T21:18:28.834,10.601,2,200,200,201,201,33.6,33.2,0.19,0.00,0.22,0.22,0.23,-0.31,0.19,0.00,-1.44,-1.10,16.49,16.90,101,001,0,0,1937,1974,2006,1875,1959,1953,42.78,34.3,3310,51.719,82.75,1
2026-09-01T21:18:28.845,10.611,2,200,200,201,201,30.4,35.5,0.23,0.28,0.60,0.26,-0.42,0.20,0.23,0.28,-1.09,-1.24,16.49,16.90,010,110,0,0,1936,1991,2007,1874,1979,1931,42.78,34.3,3312,51.750,82.80,1
2026-09-01T21:18:28.856,10.622,2,200,200,201,201,34.1,35.2,-0.05,0.12,0.18,0.20,0.28,-0.31,-0.05,0.12,-1.55,-1.08,16.50,16.91,100,001,0,0,1935,1978,2015,1872,1963,1947,42.78,34.3,3310,51.719,82.75,1
2026-09-01T21:18:28.867,10.633,2,200,200,201,197,34.8,33.2,0.34,0.25,0.04,0.20,-0.36,0.30,0.34,0.25,-0.99,-1.41,16.48,17.14,011,110,0,0,1937,1989,2013,1876,1981,1929,42.78,34.3,3313,51.766,82.83,1
2026-09-01T21:18:28.878,10.644,2,200,200,201,201,33.3,33.2,-0.08,0.30,0.28,0.24,0.12,-0.16,-0.08,0.30,-1.48,-1.09,16.49,16.93,100,011,0,0,1937,1983,1999,1873,1969,1949,42.78,34.3,3309,51.703,82.72,1
2026-09-01T21:18:28.889,10.655,2,200,200,201,201,30.5,35.6,0.47,-0.10,0.26,0.14,-0.15,0.27,0.47,-0.10,-1.00,-1.43,16.49,16.91,011,100,0,0,1938,1985,2023,1867,1972,1937,42.78,34.3,3312,51.750,82.80,1
2026-09-01T21:18:28.900,10.666,2,200,200,201,201,34.0,35.1,-0.17,0.40,0.40,0.24,-0.09,-0.24,-0.17,0.40,-1.34,-0.95,16.50,16.92,110,011,0,0,1938,1985,1993,1874,1973,1948,42.78,34.3,3310,51.719,82.75,1
2026-09-01T21:18:28.910,10.677,2,200,200,201,201,34.8,32.0,0.45,-0.12,0.28,0.24,0.10,0.11,0.45,-0.12,-1.04,-1.36,16.49,16.92,001,100,0,0,1933,1983,2023,1869,1964,1936,42.78,34.3,3312,51.750,82.80,1
2026-09-01T21:18:28.923,10.690,2,200,200,201,201,33.5,33.8,-0.15,0.40,0.20,0.16,-0.22,-0.04,-0.15,0.40,-1.12,-0.96,16.48,16.92,110,010,0,0,1949,1987,1991,1872,1974,1946,42.78,34.5,3310,51.719,82.75,1
2026-09-01T21:18:28.932,10.699,2,200,200,197,201,30.8,35.7,0.55,-0.28,0.28,0.14,0.33,-0.14,0.55,-0.28,-1.18,-1.14,16.73,16.91,001,101,0,0,1940,1979,2015,1872,1964,1948,42.78,34.5,3312,51.750,82.80,1
2026-09-01T21:18:28.943,10.710,2,200,200,197,201,34.2,34.5,-0.22,0.40,0.12,0.20,-0.06,0.12,-0.22,0.40,-1.22,-0.90,16.74,16.90,010,010,0,0,1927,1983,2012,1867,1975,1935,42.78,34.3,3310,51.719,82.75,1
2026-09-01T21:18:28.954,10.720,2,200,200,201,201,34.9,31.0,0.14,-0.03,0.16,0.22,0.26,-0.32,0.14,-0.03,-1.28,-0.90,16.51,16.90,101,101,0,0,1937,1975,2007,1875,1960,1953,42.78,34.5,3307,51.672,82.67,1
2026-09-01T21:18:28.965,10.732,2,200,200,197,197,33.8,35.1,0.24,0.06,0.30,0.10,-0.26,0.91,0.24,0.06,-1.05,-1.32,16.75,17.13,010,110,0,0,1939,1996,1992,1867,1977,1951,42.78,34.5,3313,51.766,82.83,1
2026-09-01T21:18:28.976,10.742,2,200,200,201,197,31.6,36.1,0.03,0.04,0.20,0.18,0.23,-0.21,0.03,0.04,-1.39,-0.86,16.53,17.14,101,001,0,0,1936,1997,2033,1874,1963,1954,42.78,34.5,3310,51.719,82.75,1
2026-09-01T21:18:28.987,10.753,2,200,200,201,197,34.1,34.8,0.43,0.19,0.24,0.24,-0.19,0.30,0.43,0.19,-1.20,-1.04,16.53,17.14,011,110,0,0,1937,1991,2003,1875,1978,1932,42.78,34.5,3312,51.750,82.80,1
2026-09-01T21:18:28.998,10.764,2,200,200,201,201,34.9,31.5,-0.14,0.16,0.16,0.16,0.32,-0.39,-0.14,0.16,-1.65,-0.61,16.52,16.91,100,001,0,0,1935,1976,2007,1874,1976,1950,42.78,34.5,3310,51.719,82.75,1
2026-09-01T21:18:29.009,10.775,2,200,200,197,197,32.9,35.8,0.62,-0.06,0.36,0.16,-0.16,0.29,0.62,-0.06,-1.20,-1.03,16.76,17.11,011,100,0,0,1943,1996,2006,1871,1971,1933,42.78,34.3,3313,51.766,82.83,1
2026-09-01T21:18:29.020,10.786,2,200,200,201,201,32.8,35.4,-0.12,0.45,0.24,0.22,0.13,-0.27,-0.12,0.45,-1.75,-0.47,16.55,16.90,110,011,0,0,1937,1983,1999,1875,1975,1949,42.78,34.3,3310,51.719,82.75,1
2026-09-01T21:18:29.031,10.797,2,200,200,201,197,34.7,33.8,0.38,-0.02,0.14,0.28,0.08,0.17,0.38,-0.02,-1.37,-0.92,16.52,17.12,001,100,0,0,1937,1988,2007,1877,1968,1932,42.78,34.3,3313,51.766,82.83,1
2026-09-01T21:18:29.041,10.808,2,200,200,197,201,35.2,32.9,-0.18,0.56,0.24,0.28,-0.07,0.01,-0.18,0.56,-1.60,-0.54,16.74,16.90,110,010,0,0,1938,1986,1992,1875,1979,1945,42.78,34.3,3309,51.703,82.72,1
2026-09-01T21:18:29.052,10.819,2,200,200,197,201,32.4,35.6,0.54,-0.15,0.34,0.22,0.34,-0.17,0.54,-0.15,-1.54,-0.80,16.75,16.91,001,101,0,0,1939,1987,2019,1875,1960,1949,42.78,34.3,3312,51.750,82.80,1
2026-09-01T21:18:29.063,10.830,2,200,200,201,205,33.0,34.5,0.02,0.47,0.26,0.22,-0.25,0.05,0.02,0.47,-1.47,-0.61,16.53,16.69,010,010,0,0,1957,1991,1991,1877,1983,1938,42.78,34.3,3309,51.703,82.72,1
2026-09-01T21:18:29.074,10.841,2,200,200,201,201,35.0,31.9,0.14,0.00,0.12,0.24,0.23,-0.27,0.14,0.00,-1.53,-0.71,16.52,16.93,101,101,0,0,1936,1979,2007,1876,1961,1952,42.78,34.3,3312,51.750,82.80,1
2026-09-01T21:18:29.085,10.852,2,200,200,201,201,33.3,34.6,0.24,0.24,0.34,0.06,-0.33,0.28,0.24,0.24,-1.23,-0.82,16.51,16.94,010,110,0,0,1936,1991,1995,1872,1973,1938,42.78,34.3,3312,51.750,82.80,1
2026-09-01T21:18:29.096,10.863,2,200,200,201,201,31.7,35.6,0.05,0.10,0.16,0.16,0.24,-0.33,0.05,0.10,-1.52,-0.74,16.50,16.93,100,001,0,0,1955,1983,2004,1878,1967,1959,42.78,34.3,3309,51.703,82.72,1
2026-09-01T21:18:29.107,10.874,2,200,200,201,197,34.2,34.6,0.35,0.34,0.20,0.32,-0.29,0.28,0.35,0.34,-1.11,-1.23,16.50,17.16,011,110,0,0,1935,1990,2007,1880,1984,1924,42.78,34.3,3312,51.750,82.80,1
2026-09-01T21:18:29.118,10.884,2,200,200,201,201,34.8,31.9,-0.17,0.26,0.16,0.26,0.31,-0.45,-0.17,0.26,-1.58,-0.91,16.49,16.94,100,001,0,0,1935,1977,2006,1878,1974,1955,42.78,34.3,3304,51.625,82.60,1
2026-09-01T21:18:29.129,10.895,2,200,200,197,197,34.0,35.3,0.56,-0.11,0.44,0.04,-0.23,0.63,0.56,-0.11,-1.07,-1.60,16.73,17.16,011,100,0,0,1941,1996,2010,1870,1977,1939,42.78,34.3,3313,51.766,82.83,1
2026-09-01T21:18:29.140,10.906,2,200,200,197,197,31.0,36.2,-0.11,0.34,0.26,0.22,0.19,-0.07,-0.11,0.34,-1.61,-1.12,16.73,17.16,100,011,0,0,1938,1972,2000,1874,1971,1953,42.78,34.3,3366,52.594,84.15,1
2026-09-01T21:18:29.151,10.917,2,200,200,201,197,33.8,35.1,0.51,-0.02,0.18,0.26,0.03,0.26,0.51,-0.02,-1.19,-1.52,16.51,17.17,001,100,0,0,1939,1988,2008,1877,1971,1929,42.78,34.3,3313,51.766,82.83,1
2026-09-01T21:18:29.162,10.928,2,200,200,201,197,34.9,31.7,-0.24,0.59,0.34,0.32,-0.12,-0.04,-0.24,0.59,-1.42,-1.09,16.50,17.18,110,010,0,0,1935,1987,1996,1879,1970,1952,42.78,34.3,3310,51.719,82.75,1
2026-09-01T21:18:29.173,10.939,2,200,200,197,201,33.9,35.3,0.60,-0.15,0.26,0.20,0.29,-0.17,0.60,-0.15,-1.31,-1.34,16.72,16.96,001,101,0,0,1944,1983,2015,1875,1958,1949,42.78,34.3,3312,51.750,82.80,1
2026-09-01T21:18:29.183,10.950,2,200,200,201,201,31.8,35.6,0.01,0.48,0.40,0.28,-0.24,0.11,0.01,0.48,-1.25,-1.18,16.50,16.96,010,010,0,0,1939,1991,1996,1875,1981,1941,42.78,34.3,3310,51.719,82.75,1
2026-09-01T21:18:29.194,10.960,2,200,200,201,201,34.3,33.6,0.30,-0.02,0.30,0.26,0.22,-0.26,0.30,-0.02,-1.29,-1.19,16.51,16.95,101,101,0,0,1936,1973,2011,1877,1958,1952,42.78,34.3,3312,51.750,82.80,1
2026-09-01T21:18:29.205,10.971,2,200,200,201,201,34.8,32.1,0.11,0.37,0.26,0.24,-0.40,-0.01,0.11,0.37,-0.97,-1.08,16.50,16.93,010,110,0,0,1937,1993,2009,1868,1966,1964,42.78,34.3,3313,51.766,82.83,1
2026-09-01T21:18:29.216,10.982,2,200,200,201,201,32.4,35.5,0.14,0.00,0.20,0.16,0.29,-0.26,0.14,0.00,-1.21,-1.07,16.50,16.94,101,001,0,0,1937,1974,2007,1873,1962,1950,42.78,34.3,3310,51.719,82.75,1
2026-09-01T21:18:29.228,10.994,2,200,200,197,197,32.4,35.7,0.35,0.23,0.24,0.24,-0.20,0.27,0.35,0.23,-0.93,-1.24,16.72,17.16,011,110,0,0,1935,1996,1998,1874,1979,1929,42.78,34.3,3312,51.750,82.80,1
2026-09-01T21:18:29.238,11.004,2,200,200,201,201,34.7,32.1,0.01,0.27,0.26,0.24,0.24,-0.32,0.01,0.27,-1.33,-0.86,16.53,16.93,100,001,0,0,1939,1975,2005,1875,1969,1953,42.78,34.3,3310,51.719,82.75,1
2026-09-01T21:18:29.249,11.015,2,200,200,201,201,34.7,33.8,0.38,0.04,0.26,0.20,-0.26,0.20,0.38,0.04,-0.92,-1.17,16.53,16.92,011,100,0,0,1938,1987,2007,1873,1971,1933,42.78,34.3,3311,51.734,82.78,1
2026-09-01T21:18:29.260,11.026,2,200,200,201,201,32.8,35.4,-0.22,0.37,0.18,0.18,0.25,-0.37,-0.22,0.37,-1.45,-0.67,16.52,16.91,100,011,0,0,1936,1975,2007,1874,1974,1952,42.78,34.3,3310,51.719,82.75,1
2026-09-01T21:18:29.271,11.037,2,200,200,201,201,32.7,34.7,0.64,-0.02,0.36,0.26,0.03,0.09,0.64,-0.02,-1.08,-1.11,16.53,16.91,001,100,0,0,1941,1987,2011,1875,1964,1940,42.78,34.3,3311,51.734,82.78,1
2026-09-01T21:18:29.282,11.048,2,200,200,201,201,35.0,30.9,-0.19,0.43,0.24,0.20,-0.14,-0.13,-0.19,0.43,-1.40,-0.68,16.55,16.91,110,011,0,0,1938,1985,1991,1874,1976,1944,42.78,34.3,3310,51.719,82.75,1
2026-09-01T21:18:29.293,11.059,2,200,200,201,201,34.1,35.3,0.48,-0.16,0.26,0.20,0.24,-0.18,0.48,-0.16,-1.38,-0.95,16.55,16.91,001,101,0,0,1938,1985,2011,1874,1957,1952,42.78,34.3,3312,51.750,82.80,1
2026-09-01T21:18:29.304,11.070,2,200,200,201,205,32.4,34.3,0.03,0.39,0.28,0.18,-0.19,-0.02,0.03,0.39,-1.44,-0.66,16.78,16.67,010,010,0,0,1942,1983,1988,1874,1981,1931,42.78,34.3,3311,51.734,82.78,1
2026-09-01T21:18:29.315,11.081,2,200,200,201,201,34.7,32.2,0.24,0.01,0.20,0.26,0.21,-0.32,0.24,0.01,-1.50,-0.63,16.54,16.89,101,101,0,0,1942,1975,2003,1876,1960,1956,42.78,34.3,3312,51.750,82.80,1
2026-09-01T21:18:29.326,11.092,2,200,200,201,201,34.8,33.3,0.14,0.22,0.26,0.14,-0.41,0.26,0.14,0.22,-1.31,-0.65,16.55,16.90,010,110,0,0,1939,1995,1999,1869,1972,1941,42.78,34.3,3311,51.734,82.78,1
2026-09-01T21:18:29.336,11.103,2,200,200,201,201,32.5,35.4,0.14,0.01,0.24,0.16,0.23,-0.31,0.14,0.01,-1.59,-0.42,16.55,16.88,101,001,0,0,1936,1973,2015,1868,1962,1946,42.78,34.5,3310,51.719,82.75,1
2026-09-01T21:18:29.348,11.114,2,200,200,201,197,32.5,35.4,0.25,0.31,0.20,0.30,-0.41,0.27,0.25,0.31,-1.17,-0.75,16.54,17.12,011,110,0,0,1937,1990,2011,1877,1980,1925,42.78,34.5,3312,51.750,82.80,1
2026-09-01T21:18:29.358,11.125,2,200,200,201,197,34.9,33.0,0.01,0.31,0.26,0.28,0.22,-0.25,0.01,0.31,-1.69,-0.50,16.54,17.14,100,001,0,0,1937,1974,2014,1871,1960,1951,42.78,34.5,3311,51.734,82.78,1
2026-09-01T21:18:29.369,11.136,2,200,200,201,197,34.6,33.7,0.43,0.04,0.68,0.30,-0.30,0.33,0.43,0.04,-1.16,-0.86,16.54,17.15,011,100,0,0,1939,1990,2007,1874,1972,1936,42.78,34.5,3311,51.734,82.78,1
2026-09-01T21:18:29.380,11.146,2,200,200,201,197,31.7,35.9,-0.15,0.25,0.24,0.16,0.06,0.07,-0.15,0.25,-1.56,-0.67,16.53,17.16,100,011,0,0,1935,1983,1996,1871,1967,1951,42.78,34.5,3310,51.719,82.75,1
2026-09-01T21:18:29.391,11.157,2,200,200,201,197,32.4,36.0,0.49,-0.06,0.28,0.20,-0.10,0.35,0.49,-0.06,-1.11,-1.12,16.52,17.17,001,100,0,0,1937,1986,2023,1870,1971,1924,42.78,34.5,3312,51.750,82.80,1
2026-09-01T21:18:29.402,11.168,2,200,200,201,197,34.6,34.1,-0.22,0.57,0.20,0.28,-0.14,0.00,-0.22,0.57,-1.41,-0.95,16.51,17.17,110,011,0,0,1955,1992,1988,1879,1973,1961,42.78,34.5,3311,51.734,82.78,1
2026-09-01T21:18:29.413,11.179,2,200,200,201,205,34.7,33.7,0.50,0.00,0.24,0.32,0.16,0.25,0.50,0.00,-1.24,-1.47,16.51,16.75,001,101,0,0,1937,1988,2011,1879,1964,1938,42.78,34.5,3312,51.750,82.80,1
2026-09-01T21:18:29.425,11.191,2,200,200,197,205,33.5,35.2,0.00,0.41,0.32,0.20,-0.20,0.05,0.00,0.41,-1.33,-1.15,16.73,16.73,110,010,0,0,1944,1990,2007,1869,1973,1941,42.78,34.5,3311,51.734,82.78,1
2026-09-01T21:18:29.434,11.201,2,200,200,201,201,31.9,35.3,0.40,-0.11,0.24,0.26,0.37,-0.25,0.40,-0.11,-1.41,-1.30,16.52,16.96,101,101,0,0,1936,1975,2007,1876,1960,1950,42.78,34.5,3311,51.734,82.78,1
2026-09-01T21:18:29.445,11.212,2,200,200,201,201,34.7,31.8,-0.02,0.32,0.18,0.16,-0.37,0.19,-0.02,0.32,-1.23,-1.25,16.52,16.96,010,010,0,0,1936,1991,1999,1872,1973,1939,42.78,34.5,3311,51.734,82.78,1
2026-09-01T21:18:29.456,11.223,2,200,200,201,201,34.1,34.7,0.23,0.01,0.26,0.22,0.23,-0.33,0.23,0.01,-1.42,-1.11,16.51,16.94,101,001,0,0,1939,1972,2011,1875,1961,1949,42.78,34.3,3310,51.719,82.75,1
2026-09-01T21:18:29.467,11.234,2,200,200,201,201,31.3,35.8,0.28,0.16,0.24,0.14,-0.36,0.32,0.28,0.16,-1.15,-1.37,16.51,16.95,010,110,0,0,1937,2007,2003,1872,1980,1944,42.78,34.3,3312,51.750,82.80,1
2026-09-01T21:18:29.478,11.244,2,200,200,201,197,33.0,35.2,0.05,0.21,0.20,0.24,0.15,-0.26,0.05,0.21,-1.50,-1.08,16.51,17.17,100,001,0,0,1938,1972,2001,1876,1959,1955,42.78,34.3,3309,51.703,82.72,1
2026-09-01T21:18:29.489,11.255,2,200,200,201,201,34.7,31.4,0.26,0.07,0.38,0.24,-0.31,0.24,0.26,0.07,-1.03,-1.34,16.51,16.94,011,110,0,0,1936,1990,2011,1873,1970,1934,42.78,34.3,3306,51.656,82.65,1
2026-09-01T21:18:29.500,11.266,2,200,200,201,197,33.9,35.2,-0.10,0.13,0.24,0.10,0.15,0.26,-0.10,0.13,-1.41,-1.21,16.50,17.15,100,011,0,0,1947,1977,1993,1871,1955,1959,42.78,34.3,3310,51.719,82.75,1
2026-09-01T21:18:29.511,11.277,2,200,200,197,197,32.2,36.3,0.59,0.07,0.34,0.32,-0.11,0.22,0.59,0.07,-0.91,-1.42,16.73,17.17,011,100,0,0,1941,1996,2006,1879,1971,1927,42.78,34.3,3313,51.766,82.83,1
2026-09-01T21:18:29.524,11.291,2,200,200,197,201,33.0,34.1,-0.30,0.40,0.22,0.20,0.31,-0.20,-0.30,0.40,-1.32,-0.96,16.72,16.94,110,011,0,0,1931,1960,2040,1870,1971,1943,42.78,34.3,3310,51.719,82.75,1
2026-09-01T21:18:29.532,11.299,2,200,200,197,201,35.1,32.2,0.48,-0.14,0.20,0.12,0.07,-0.10,0.48,-0.14,-1.03,-1.20,16.74,16.93,001,101,0,0,1940,1988,2012,1873,1974,1939,42.78,34.3,3311,51.734,82.78,1
2026-09-01T21:18:29.544,11.310,2,200,200,201,201,34.0,35.3,-0.23,0.37,0.18,0.14,-0.21,0.05,-0.23,0.37,-1.19,-0.89,16.51,16.92,110,010,0,0,1942,1995,2015,1868,1976,1950,42.78,34.3,3310,51.719,82.75,1
2026-09-01T21:18:29.554,11.321,2,200,200,201,201,30.7,35.5,0.45,-0.20,0.20,0.16,0.20,-0.22,0.45,-0.20,-1.18,-1.02,16.51,16.93,001,101,0,0,1936,1971,2011,1873,1961,1949,42.78,34.3,3312,51.750,82.80,1
2026-09-01T21:18:29.565,11.332,2,200,200,197,201,32.9,33.0,-0.04,0.48,0.26,0.28,-0.15,0.02,-0.04,0.48,-1.20,-0.79,16.74,16.91,010,010,0,0,1936,1983,1998,1875,1982,1928,42.78,34.3,3309,51.703,82.72,1
2026-09-01T21:18:29.576,11.342,2,200,200,201,197,34.8,32.0,0.14,-0.11,0.14,0.28,0.39,-0.16,0.14,-0.11,-1.42,-0.76,16.53,16.92,101,001,0,0,1934,1976,2004,1873,1975,1911,42.78,34.3,3309,51.703,82.72,1
2026-09-01T21:18:29.587,11.353,2,200,200,197,197,35.2,35.6,0.11,0.16,0.30,0.14,-0.26,0.57,0.11,0.16,-1.27,-1.12,16.75,17.15,010,110,0,0,1939,1994,1992,1869,1976,1941,42.78,34.3,3313,51.766,82.83,1
2026-09-01T21:18:29.598,11.364,2,200,200,201,201,30.8,35.2,0.13,0.19,0.24,0.24,0.22,-0.36,0.13,0.19,-1.51,-0.65,16.52,16.92,101,001,0,0,1938,1971,2006,1876,1962,1956,42.78,34.3,3310,51.719,82.75,1
2026-09-01T21:18:29.609,11.376,2,200,200,197,201,34.4,31.4,0.21,0.12,0.20,0.22,-0.11,0.17,0.21,0.12,-1.26,-0.83,16.75,16.91,011,100,0,0,1937,1987,2000,1876,1994,1949,42.78,34.3,3375,52.734,84.38,1
2026-09-01T21:18:29.620,11.386,2,200,200,197,197,35.5,34.6,-0.11,0.19,0.24,0.18,0.34,-0.04,-0.11,0.19,-1.77,-0.58,16.77,17.14,100,011,0,0,1951,1972,2000,1875,1967,1955,42.78,34.3,3310,51.719,82.75,1
2026-09-01T21:18:29.631,11.397,2,200,200,201,197,33.4,36.2,0.46,-0.03,0.28,0.24,-0.23,0.27,0.46,-0.03,-1.22,-0.89,16.53,17.14,011,100,0,0,1939,1990,2007,1875,1973,1930,42.78,34.3,3312,51.750,82.80,1
2026-09-01T21:18:29.642,11.408,2,200,200,201,197,31.8,35.1,-0.24,0.49,0.26,0.28,0.00,-0.12,-0.24,0.49,-1.56,-0.51,16.52,17.15,110,011,0,0,1935,1966,2023,1877,1972,1954,42.78,34.3,3310,51.719,82.75,1
2026-09-01T21:18:29.653,11.419,2,200,200,197,205,34.6,32.7,0.23,-0.05,0.10,0.30,0.68,0.18,0.23,-0.05,-1.57,-0.98,16.73,17.15,001,101,0,0,1927,2000,1996,1877,1965,1943,42.78,34.3,3311,51.734,82.78,1
2026-09-01T21:18:29.663,11.430,2,200,200,197,201,35.3,34.7,-0.22,0.49,0.20,0.24,-0.16,0.00,-0.22,0.49,-1.54,-0.60,16.74,16.93,110,010,0,0,1936,1987,1991,1875,1978,1946,42.78,34.3,3311,51.734,82.78,1
2026-09-01T21:18:29.674,11.441,2,200,200,201,201,32.8,35.7,0.42,-0.08,0.18,0.24,0.20,-0.21,0.42,-0.08,-1.36,-0.79,16.51,16.95,001,101,0,0,1936,1979,2007,1876,1956,1949,42.78,34.3,3312,51.750,82.80,1
2026-09-01T21:18:29.685,11.452,2,200,200,201,201,31.5,34.3,-0.13,0.45,0.20,0.22,-0.29,0.18,-0.13,0.45,-1.28,-0.73,16.50,16.95,110,010,0,0,1935,1972,2003,1876,1979,1939,42.78,34.3,3309,51.703,82.72,1
2026-09-01T21:18:29.696,11.463,2,200,200,201,201,34.6,32.7,0.19,0.00,0.02,0.14,0.38,-0.35,0.19,0.00,-1.46,-0.75,16.50,16.95,101,001,0,0,1933,1975,2007,1875,1957,1953,42.78,34.3,3309,51.703,82.72,1
2026-09-01T21:18:29.707,11.474,2,200,200,197,197,35.3,35.6,0.07,0.22,0.30,0.16,-0.29,0.26,0.07,0.22,-1.22,-1.07,16.72,17.18,010,110,0,0,1940,1994,1991,1872,1978,1933,42.78,34.3,3312,51.750,82.80,1
2026-09-01T21:18:29.718,11.484,2,200,200,201,201,32.7,35.6,0.14,0.17,0.20,0.24,0.29,-0.32,0.14,0.17,-1.50,-0.89,16.51,16.96,101,001,0,0,1936,1975,2007,1876,1960,1958,42.78,34.3,3310,51.719,82.75,1
2026-09-01T21:18:29.729,11.495,2,200,200,201,201,31.3,33.3,0.16,0.22,0.20,0.26,-0.35,0.19,0.16,0.22,-1.12,-1.21,16.50,16.96,010,110,0,0,1939,1973,1980,1878,1971,1931,42.78,34.3,3312,51.750,82.80,1
2026-09-01T21:18:29.740,11.506,2,200,200,197,197,35.0,32.9,-0.18,0.07,0.26,0.18,0.53,-0.09,-0.18,0.07,-1.69,-0.88,16.73,17.18,100,011,0,0,1934,1976,2004,1871,1935,1947,42.78,34.3,3309,51.703,82.72,1
2026-09-01T21:18:29.751,11.517,2,200,200,197,197,35.2,36.0,0.42,-0.05,0.28,0.20,-0.30,0.32,0.42,-0.05,-1.07,-1.42,16.73,17.19,011,100,0,0,1957,1992,2002,1873,1973,1931,42.78,34.3,3313,51.766,82.83,1
2026-09-01T21:18:29.761,11.528,2,200,200,201,197,32.2,36.1,-0.21,0.40,0.22,0.24,0.11,-0.17,-0.21,0.40,-1.50,-1.00,16.50,17.20,100,011,0,0,1954,1983,1992,1877,1975,1953,42.78,34.3,3310,51.719,82.75,1
2026-09-01T21:18:29.772,11.539,2,200,200,201,201,31.2,32.9,0.37,-0.12,0.28,0.24,-0.22,0.12,0.37,-0.12,-1.03,-1.44,16.50,16.97,001,100,0,0,1958,2000,1980,1878,1974,1950,42.78,34.3,3312,51.750,82.80,1
2026-09-01T21:18:29.783,11.550,2,200,200,197,201,34.8,33.5,-0.31,0.37,0.24,0.08,0.07,-0.05,-0.31,0.37,-1.50,-1.06,16.72,16.97,110,010,0,0,1935,1989,1999,1872,1975,1945,42.78,34.3,3309,51.703,82.72,1
2026-09-01T21:18:29.794,11.560,2,200,200,201,201,34.8,35.7,0.52,-0.17,0.22,0.22,0.13,-0.19,0.52,-0.17,-1.19,-1.25,16.51,16.96,001,101,0,0,1937,1983,2011,1874,1958,1950,42.78,34.3,3312,51.750,82.80,1
2026-09-01T21:18:29.805,11.571,2,200,200,201,201,32.9,35.3,-0.14,0.54,0.18,0.24,-0.25,0.06,-0.14,0.54,-1.20,-1.06,16.50,16.95,110,010,0,0,1940,1987,1991,1878,1984,1939,42.78,34.3,3310,51.719,82.75,1
2026-09-01T21:18:29.816,11.582,2,200,200,201,201,31.3,32.8,0.34,-0.08,0.14,0.18,0.22,-0.29,0.34,-0.08,-1.15,-1.15,16.49,16.96,101,101,0,0,1936,1975,2007,1874,1961,1952,42.78,34.3,3311,51.734,82.78,1
2026-09-01T21:18:29.827,11.593,2,200,200,197,201,34.5,34.1,-0.05,0.22,0.20,0.16,-0.26,0.25,-0.05,0.22,-1.05,-1.21,16.72,16.96,010,110,0,0,1944,1989,2011,1866,1972,1940,42.78,34.3,3311,51.734,82.78,1
2026-09-01T21:18:29.839,11.605,2,200,200,197,201,35.3,35.8,0.20,0.12,0.20,0.24,0.29,-0.34,0.20,0.12,-1.27,-0.94,16.75,16.96,101,001,0,0,1937,1973,2011,1876,1960,1954,42.78,34.3,3311,51.734,82.78,1
2026-09-01T21:18:29.848,11.615,2,200,200,197,201,33.8,35.0,0.21,0.15,0.22,0.18,-0.23,0.27,0.21,0.15,-1.05,-1.12,16.76,16.94,010,110,0,0,1942,1991,1991,1872,1975,1935,42.78,34.3,3312,51.750,82.80,1
2026-09-01T21:18:29.859,11.626,2,200,200,201,201,31.6,31.8,0.07,0.24,0.20,0.20,0.25,-0.32,0.07,0.24,-1.35,-0.80,16.52,16.93,100,001,0,0,1935,1972,2000,1874,1967,1953,42.78,34.3,3310,51.719,82.75,1
2026-09-01T21:18:29.870,11.637,2,200,200,197,201,34.8,34.8,0.42,0.09,0.32,0.24,-0.22,0.23,0.42,0.09,-1.08,-1.15,16.75,16.93,011,100,0,0,1941,1995,1999,1876,1969,1933,42.78,34.3,3313,51.766,82.83,1
2026-09-01T21:18:29.881,11.648,2,200,200,201,201,34.8,35.7,-0.14,0.44,0.20,0.24,0.29,-0.32,-0.14,0.44,-1.57,-0.69,16.54,16.94,100,011,0,0,1937,1975,2007,1875,1975,1950,42.78,34.3,3310,51.719,82.75,1
2026-09-01T21:18:29.892,11.659,2,200,200,201,201,32.6,34.4,0.49,-0.12,0.28,0.20,-0.19,0.17,0.49,-0.12,-1.07,-1.12,16.55,16.94,011,100,0,0,1940,1987,2007,1873,1970,1944,42.78,34.3,3312,51.750,82.80,1
2026-09-01T21:18:29.905,11.671,2,200,200,197,205,31.8,31.5,-0.22,0.41,0.22,0.18,0.08,-0.10,-0.23,0.43,-1.55,-0.61,16.76,16.70,110,010,0,0,1934,1976,2012,1871,1975,1943,42.78,34.3,3309,51.703,82.72,1
2026-09-01T21:18:29.914,11.681,2,200,200,197,201,35.3,35.6,0.56,-0.10,0.22,0.24,0.17,-0.20,0.56,-0.10,-1.33,-0.85,16.76,16.92,001,101,0,0,1957,1991,2003,1880,1960,1958,42.75,34.3,3312,51.750,82.80,1
2026-09-01T21:18:29.925,11.691,2,200,200,201,201,34.2,35.3,-0.08,0.49,0.24,0.22,-0.22,0.12,-0.08,0.49,-1.54,-0.64,16.55,16.91,110,010,0,0,1939,1987,1991,1875,1980,1941,42.75,34.3,3310,51.719,82.75,1
2026-09-01T21:18:29.936,11.702,2,200,200,201,201,31.1,32.6,0.42,-0.02,0.20,0.26,0.29,-0.34,0.42,-0.02,-1.51,-0.58,16.54,16.91,001,101,0,0,1936,1983,2011,1874,1960,1956,42.75,34.3,3312,51.750,82.80,1
2026-09-01T21:18:29.947,11.713,2,200,200,201,201,33.4,33.1,-0.09,0.26,0.18,0.16,-0.31,0.23,-0.09,0.26,-1.42,-0.68,16.53,16.91,010,110,0,0,1937,1991,1999,1871,1973,1941,42.75,34.3,3310,51.719,82.75,1
2026-09-01T21:18:29.957,11.724,2,200,200,201,197,35.0,35.7,0.27,-0.04,0.30,0.20,0.24,-0.23,0.27,-0.04,-1.61,-0.66,16.53,17.14,101,001,0,0,1955,1972,2004,1875,1965,1955,42.75,34.3,3310,51.719,82.75,1
2026-09-01T21:18:29.969,11.735,2,200,200,201,201,33.5,35.0,0.18,0.22,0.28,0.20,-0.29,0.27,0.18,0.22,-1.32,-0.82,16.52,16.92,010,110,0,0,1940,1991,1995,1874,1977,1930,42.75,34.3,3312,51.750,82.80,1
2026-09-01T21:18:29.980,11.746,2,200,200,201,197,31.2,33.0,0.03,0.34,0.20,0.32,0.22,-0.26,0.03,0.34,-1.55,-0.57,16.51,17.15,101,001,0,0,1936,1974,2002,1876,1963,1957,42.75,34.3,3366,52.594,84.15,1
2026-09-01T21:18:29.990,11.757,2,200,200,201,197,33.7,33.6,0.28,-0.11,0.28,0.24,-0.35,0.85,0.28,-0.11,-1.14,-1.06,16.50,17.16,011,100,0,0,1939,1988,2008,1869,2005,1943,42.75,34.3,3311,51.734,82.78,1
2026-09-01T21:18:30.001,11.768,2,200,200,201,197,35.0,35.9,0.00,0.09,0.28,0.06,0.25,0.72,0.00,0.09,-1.59,-1.19,16.50,17.16,100,011,0,0,1939,1974,2008,1867,1947,1961,42.75,34.3,3311,51.734,82.78,1
2026-09-01T21:18:30.012,11.779,2,200,200,201,197,33.2,35.8,0.49,-0.04,0.28,0.28,-0.25,0.33,0.49,-0.04,-1.12,-1.36,16.50,17.18,011,100,0,0,1938,1987,2007,1876,1976,1928,42.75,34.3,3312,51.750,82.80,1
2026-09-01T21:18:30.026,11.793,2,200,200,201,197,31.2,33.0,-0.27,0.54,0.20,0.28,0.10,-0.06,-0.27,0.54,-1.57,-1.01,16.49,17.17,100,011,0,0,1935,1982,2000,1877,1971,1955,42.75,34.3,3310,51.719,82.75,1
2026-09-01T21:18:30.034,11.800,2,200,200,201,201,34.2,34.8,0.62,-0.14,0.28,0.24,0.07,-0.02,0.62,-0.14,-1.22,-1.36,16.50,16.95,001,101,0,0,1944,1987,2025,1872,1968,1953,42.75,34.3,3312,51.750,82.80,1
2026-09-01T21:18:30.045,11.811,2,200,200,201,201,34.8,35.8,-0.18,0.47,0.24,0.22,-0.19,0.12,-0.18,0.47,-1.41,-1.14,16.50,16.96,110,010,0,0,1937,1988,1987,1877,1979,1952,42.75,34.3,3311,51.734,82.78,1
2026-09-01T21:18:30.056,11.822,2,200,200,201,201,33.1,34.3,0.43,-0.07,0.20,0.24,0.26,-0.28,0.43,-0.07,-1.33,-1.22,16.50,16.96,001,101,0,0,1936,1985,2003,1878,1964,1955,42.75,34.3,3312,51.750,82.80,1
2026-09-01T21:18:30.067,11.833,2,200,200,201,201,32.3,31.8,0.00,0.36,0.38,0.20,-0.21,0.11,0.00,0.36,-1.35,-1.13,16.72,16.95,010,010,0,0,1942,1989,2007,1866,1962,1966,42.75,34.3,3303,51.609,82.58,1
2026-09-01T21:18:30.078,11.844,2,200,200,201,197,34.8,35.6,0.34,-0.08,0.30,0.18,0.26,-0.15,0.34,-0.08,-1.49,-1.20,16.50,17.18,101,001,0,0,1958,1972,2004,1875,1968,1952,42.75,34.3,3310,51.719,82.75,1
2026-09-01T21:18:30.089,11.855,2,200,200,205,201,33.9,35.7,0.12,0.20,0.28,0.16,-0.40,0.25,0.12,0.20,-1.19,-1.31,16.27,16.95,010,110,0,0,1936,1991,2003,1873,1978,1934,42.75,34.3,3312,51.750,82.80,1
2026-09-01T21:18:30.099,11.866,2,200,200,201,201,32.0,33.7,0.17,0.20,0.26,0.22,0.21,-0.32,0.17,0.20,-1.43,-0.98,16.48,16.94,101,001,0,0,1939,1972,2006,1875,1965,1954,42.75,34.3,3311,51.734,82.78,1
2026-09-01T21:18:30.114,11.880,2,200,200,201,197,31.7,32.5,0.19,0.21,0.30,0.34,-0.39,0.35,0.19,0.21,-0.93,-1.41,16.48,17.17,011,100,0,0,1939,1986,2003,1879,1976,1930,42.75,34.3,3311,51.734,82.78,1
2026-09-01T21:18:30.121,11.888,2,200,200,201,201,34.8,35.5,0.02,0.35,0.46,0.26,0.16,-0.29,0.02,0.35,-1.30,-0.99,16.47,16.96,100,011,0,0,1938,1974,2003,1874,1976,1948,42.75,34.3,3310,51.719,82.75,1
2026-09-01T21:18:30.132,11.899,2,200,200,197,201,34.8,34.7,0.57,0.00,0.32,0.26,-0.29,0.07,0.57,0.00,-0.91,-1.29,16.71,16.93,011,100,0,0,1943,1995,2007,1877,1962,1940,42.75,34.3,3312,51.750,82.80,1
2026-09-01T21:18:30.143,11.909,2,200,200,201,201,30.9,31.8,-0.19,0.50,0.58,0.30,0.02,-0.13,-0.19,0.50,-1.36,-0.83,16.50,16.92,100,011,0,0,1937,1987,1995,1876,1978,1944,42.75,34.3,3310,51.719,82.75,1
2026-09-01T21:18:30.154,11.920,2,200,200,201,201,33.1,34.2,0.44,-0.17,0.16,0.24,-0.07,-0.14,0.44,-0.17,-1.00,-1.10,16.50,16.93,001,101,0,0,1936,1984,2007,1876,1958,1949,42.75,34.3,3310,51.719,82.75,1
2026-09-01T21:18:30.165,11.931,2,200,200,197,201,35.2,35.7,-0.20,0.53,0.24,0.24,-0.16,0.03,-0.20,0.53,-1.30,-0.77,16.72,16.91,110,010,0,0,1937,1987,1991,1876,1981,1942,42.75,34.3,3311,51.734,82.78,1
2026-09-01T21:18:30.176,11.942,2,200,200,201,201,33.9,34.2,0.48,-0.01,0.22,0.28,0.18,-0.30,0.48,-0.01,-1.20,-0.82,16.52,16.92,001,101,0,0,1938,1979,2011,1877,1957,1954,42.75,34.3,3312,51.750,82.80,1
2026-09-01T21:18:30.187,11.953,2,200,200,201,197,30.5,31.8,-0.14,0.32,0.28,0.20,-0.31,0.05,-0.14,0.32,-1.24,-0.85,16.51,17.14,110,110,0,0,1938,1986,1996,1871,1971,1967,42.75,34.3,3305,51.641,82.62,1
2026-09-01T21:18:30.198,11.964,2,200,200,201,201,34.2,35.4,0.31,0.02,0.20,0.20,0.23,-0.31,0.31,0.02,-1.41,-0.73,16.51,16.92,101,001,0,0,1937,1971,2011,1874,1962,1952,42.75,34.3,3310,51.719,82.75,1
2026-09-01T21:18:30.209,11.976,2,200,200,201,201,34.5,34.5,0.15,0.19,0.38,0.10,-0.36,0.25,0.15,0.19,-1.25,-0.89,16.52,16.90,010,110,0,0,1940,1991,1995,1874,1974,1930,42.75,34.3,3312,51.750,82.80,1
2026-09-01T21:18:30.220,11.986,2,200,200,201,197,31.7,32.1,0.09,0.41,0.56,0.36,0.25,-0.28,0.09,0.41,-1.58,-0.51,16.53,17.12,101,001,0,0,1935,1976,2004,1878,1963,1959,42.75,34.3,3311,51.734,82.78,1
2026-09-01T21:18:30.231,11.997,2,200,200,201,197,32.3,34.4,0.00,-0.12,0.36,0.08,-0.19,0.47,0.00,-0.12,-1.23,-0.91,16.52,17.11,011,100,0,0,1934,1982,1982,1871,1973,1937,42.75,34.3,3310,51.719,82.75,1
2026-09-01T21:18:30.242,12.008,2,200,200,201,197,34.8,35.9,-0.09,0.33,0.48,0.18,0.23,0.03,-0.09,0.33,-1.64,-0.59,16.51,17.12,100,011,0,0,1935,1976,2002,1874,1969,1953,42.75,34.3,3310,51.719,82.75,1
2026-09-01T21:18:30.252,12.019,2,200,200,201,197,34.6,35.6,0.44,-0.06,0.68,0.32,-0.30,0.28,0.44,-0.06,-1.09,-0.94,16.50,17.12,011,100,0,0,1936,1991,2007,1877,1972,1929,42.75,34.3,3312,51.750,82.80,1
2026-09-01T21:18:30.263,12.030,2,200,200,201,197,31.9,33.3,-0.13,0.52,0.68,0.32,0.04,-0.10,-0.13,0.52,-1.63,-0.50,16.50,17.14,100,011,0,0,1937,1983,1998,1875,1972,1952,42.75,34.3,3310,51.719,82.75,1
2026-09-01T21:18:30.274,12.040,2,200,200,201,201,32.1,33.9,0.48,-0.16,0.26,0.14,-0.09,0.09,0.48,-0.16,-1.28,-0.99,16.50,16.92,001,101,0,0,1935,1983,2011,1875,1960,1948,42.75,34.3,3311,51.734,82.78,1
2026-09-01T21:18:30.285,12.051,2,200,200,201,201,34.8,35.7,-0.30,0.49,0.14,0.22,-0.10,0.09,-0.30,0.49,-1.51,-0.67,16.49,16.93,110,010,0,0,1933,1987,1999,1875,1977,1945,42.75,34.3,3311,51.734,82.78,1
2026-09-01T21:18:30.296,12.062,2,200,200,201,201,34.3,34.5,0.54,-0.03,0.24,0.26,0.10,-0.32,0.54,-0.03,-1.29,-0.89,16.50,16.93,001,101,0,0,1938,2019,1979,1872,1965,1964,42.75,34.3,3312,51.750,82.80,1
2026-09-01T21:18:30.307,12.073,2,200,200,197,201,32.7,31.6,-0.01,0.38,0.30,0.20,-0.22,0.15,-0.01,0.38,-1.38,-1.03,16.72,16.93,110,010,0,0,1939,1988,1994,1871,1975,1933,42.75,34.3,3311,51.734,82.78,1
2026-09-01T21:18:30.318,12.084,2,200,200,201,201,33.3,34.7,0.33,-0.14,0.22,0.14,0.20,-0.19,0.33,-0.14,-1.37,-1.09,16.50,16.93,101,001,0,0,1937,1974,2012,1871,1964,1945,42.75,34.3,3310,51.719,82.75,1
2026-09-01T21:18:30.329,12.095,2,200,200,201,201,34.8,35.8,0.04,0.35,0.26,0.26,-0.31,0.19,0.04,0.35,-1.23,-1.26,16.50,16.93,010,110,0,0,1938,1987,1995,1877,1980,1926,42.75,34.3,3312,51.750,82.80,1
2026-09-01T21:18:30.340,12.106,2,200,200,201,201,33.6,33.8,0.16,0.26,0.24,0.26,0.24,-0.36,0.16,0.26,-1.45,-1.05,16.50,16.93,101,001,0,0,1937,1975,2007,1876,1965,1956,42.75,34.3,3310,51.719,82.75,1
2026-09-01T21:18:30.351,12.117,2,200,200,201,201,30.4,32.4,0.20,0.19,0.26,0.26,-0.40,0.06,0.20,0.19,-1.16,-1.34,16.50,16.93,010,110,0,0,1937,1988,2008,1877,1979,1950,42.75,34.3,3312,51.750,82.80,1
2026-09-01T21:18:30.362,12.128,2,200,200,201,197,34.2,35.7,-0.03,0.24,0.24,0.18,0.25,-0.24,-0.03,0.24,-1.57,-1.09,16.49,17.16,100,011,0,0,1939,1980,2016,1867,1975,1947,42.75,34.3,3310,51.719,82.75,1
2026-09-01T21:18:30.373,12.139,2,200,200,201,201,34.9,35.5,0.31,-0.01,0.24,0.26,-0.30,0.17,0.31,-0.01,-1.08,-1.46,16.50,16.94,011,100,0,0,1937,1987,2007,1876,1968,1937,42.75,34.3,3312,51.750,82.80,1
2026-09-01T21:18:30.383,12.150,2,200,200,201,201,33.4,33.6,-0.11,0.37,0.22,0.16,0.08,-0.17,-0.11,0.37,-1.53,-1.03,16.50,16.94,100,011,0,0,1937,1983,1995,1872,1972,1946,42.75,34.3,3310,51.719,82.75,1
2026-09-01T21:18:30.394,12.160,2,200,200,201,201,30.3,33.2,0.46,-0.25,0.20,0.16,-0.14,-0.04,0.46,-0.25,-1.08,-1.37,16.50,16.93,011,101,0,0,1936,1983,2011,1872,1964,1952,42.75,34.3,3305,51.641,82.62,1
2026-09-01T21:18:30.405,12.172,2,200,200,201,201,34.2,35.7,-0.32,0.47,0.10,0.10,-0.05,0.00,-0.32,0.47,-1.35,-1.06,16.49,16.92,110,010,0,0,1933,1987,1995,1875,1982,1941,42.75,34.3,3310,51.719,82.75,1
2026-09-01T21:18:30.416,12.182,2,200,200,201,201,34.8,35.2,0.54,-0.10,0.20,0.24,0.11,-0.23,0.54,-0.10,-1.05,-1.24,16.49,16.93,001,101,0,0,1938,1983,2011,1876,1960,1950,42.75,34.3,3312,51.750,82.80,1
2026-09-01T21:18:30.428,12.194,2,200,200,201,201,33.5,32.2,-0.18,0.38,0.18,0.18,-0.22,0.10,-0.18,0.38,-1.13,-1.14,16.48,16.94,110,010,0,0,1959,1990,1998,1873,1978,1934,42.75,34.3,3311,51.734,82.78,1
2026-09-01T21:18:30.438,12.204,2,200,200,197,201,30.8,33.7,0.57,-0.07,0.36,0.10,0.36,-0.28,0.57,-0.07,-1.19,-1.04,16.73,16.93,001,001,0,0,1939,1983,2020,1871,1965,1949,42.75,34.3,3310,51.719,82.75,1
2026-09-01T21:18:30.449,12.215,2,200,200,197,201,33.9,35.6,-0.21,0.16,0.12,0.14,0.00,0.35,-0.21,0.16,-1.25,-1.22,16.74,16.92,010,110,0,0,1935,1983,1999,1870,1973,1936,42.75,34.3,3311,51.734,82.78,1
2026-09-01T21:18:30.460,12.226,2,200,200,201,201,34.8,34.8,0.15,0.14,0.34,0.26,0.27,-0.29,0.15,0.14,-1.32,-0.87,16.51,16.91,101,001,0,0,1936,1975,2007,1873,1964,1952,42.75,34.3,3310,51.719,82.75,1
2026-09-01T21:18:30.470,12.237,2,200,200,197,197,34.2,32.5,0.21,0.20,0.56,0.32,-0.26,0.32,0.21,0.20,-1.08,-1.18,16.73,17.13,010,110,0,0,1939,1996,1994,1875,1977,1930,42.75,34.3,3313,51.766,82.83,1
2026-09-01T21:18:30.481,12.248,2,200,200,197,201,30.9,33.9,0.19,0.36,0.34,0.28,0.33,-0.22,0.19,0.36,-1.47,-0.81,16.75,16.91,101,011,0,0,1939,1972,2014,1875,1968,1951,42.75,34.3,3310,51.719,82.75,1
2026-09-01T21:18:30.492,12.259,2,200,200,201,201,33.9,35.7,0.39,0.00,0.32,0.22,-0.21,0.23,0.39,0.00,-1.24,-1.18,16.55,16.91,011,100,0,0,1942,1991,1999,1874,1971,1936,42.75,34.3,3312,51.750,82.80,1
2026-09-01T21:18:30.503,12.270,2,200,200,201,201,35.0,34.9,-0.11,0.42,0.22,0.22,0.25,-0.23,-0.11,0.42,-1.64,-0.62,16.54,16.90,100,011,0,0,1936,1975,2006,1873,1973,1947,42.75,34.3,3310,51.719,82.75,1
2026-09-01T21:18:30.514,12.281,2,200,200,201,201,32.5,32.4,0.45,-0.21,0.30,0.20,-0.14,-0.12,0.45,-0.21,-1.17,-0.84,16.53,16.89,011,101,0,0,1936,1987,2003,1874,1958,1948,42.75,34.3,3311,51.734,82.78,1
2026-09-01T21:18:30.525,12.292,2,200,200,201,201,32.8,34.8,-0.09,0.32,0.32,0.16,0.22,0.04,-0.09,0.32,-1.81,-0.53,16.76,16.88,110,010,0,0,1939,1975,1999,1870,1972,1946,42.75,34.3,3309,51.703,82.72,1
2026-09-01T21:18:30.536,12.302,2,200,200,201,201,34.5,35.6,0.53,-0.10,0.20,0.24,0.05,-0.23,0.53,-0.10,-1.38,-0.65,16.54,16.90,001,101,0,0,1937,1985,2007,1876,1958,1950,42.75,34.3,3312,51.750,82.80,1
2026-09-01T21:18:30.547,12.313,2,200,200,201,201,34.7,33.8,-0.27,0.45,0.14,0.12,-0.17,0.10,-0.27,0.45,-1.55,-0.59,16.53,16.90,110,010,0,0,1935,1990,1999,1874,1978,1934,42.75,34.3,3310,51.719,82.75,1
2026-09-01T21:18:30.558,12.324,2,200,200,197,201,33.4,31.5,0.57,-0.07,0.30,0.22,0.34,-0.32,0.57,-0.07,-1.57,-0.58,16.75,16.90,001,001,0,0,1942,1987,2017,1876,1979,1915,42.75,34.3,3310,51.719,82.75,1
2026-09-01T21:18:30.568,12.335,2,200,200,201,201,32.4,34.8,0.01,0.19,0.34,0.14,-0.21,0.25,0.01,0.19,-1.52,-0.72,16.54,16.92,010,110,0,0,1942,1991,1995,1872,1976,1936,42.75,34.3,3311,51.734,82.78,1
2026-09-01T21:18:30.580,12.346,2,200,200,201,201,35.0,35.6,0.25,0.18,0.20,0.22,0.22,-0.32,0.25,0.18,-1.57,-0.57,16.53,16.92,101,001,0,0,1936,1974,2011,1876,1960,1954,42.75,34.3,3310,51.719,82.75,1
2026-09-01T21:18:30.590,12.357,2,200,200,201,201,33.9,32.7,0.10,0.21,0.24,0.26,-0.26,0.22,0.10,0.21,-1.33,-0.88,16.51,16.92,010,110,0,0,1938,1987,1997,1876,1972,1929,42.75,34.3,3312,51.750,82.80,1
2026-09-01T21:18:30.601,12.368,2,200,200,201,197,30.5,31.6,0.04,0.10,0.20,0.26,0.24,-0.06,0.04,0.10,-1.56,-0.61,16.50,16.92,101,011,0,0,1935,1976,2002,1871,1903,1931,42.75,34.3,3309,51.703,82.72,1
2026-09-01T21:18:30.612,12.379,2,200,200,201,197,33.6,35.7,0.33,-0.10,0.28,0.16,-0.26,0.67,0.33,-0.10,-1.21,-1.50,16.50,17.16,011,100,0,0,1939,1990,2006,1871,1977,1932,42.75,34.3,3312,51.750,82.80,1
2026-09-01T21:18:30.624,12.390,2,200,200,201,197,34.9,36.2,-0.11,0.41,0.16,0.20,0.27,0.06,-0.11,0.41,-1.60,-1.18,16.50,17.15,100,011,0,0,1934,1976,2004,1874,1969,1955,42.75,34.3,3310,51.719,82.75,1
2026-09-01T21:18:30.634,12.401,2,200,200,197,197,34.2,33.5,0.57,-0.03,0.26,0.28,-0.22,0.21,0.57,-0.03,-1.09,-1.51,16.73,17.16,011,100,0,0,1933,1996,2020,1871,1968,1934,42.75,34.3,3312,51.750,82.80,1
2026-09-01T21:18:30.645,12.411,2,200,200,197,201,30.7,33.3,-0.11,0.54,0.26,0.26,0.20,0.03,-0.11,0.54,-1.66,-1.19,16.73,16.94,100,010,0,0,1941,1976,2001,1875,1979,1947,42.75,34.3,3310,51.719,82.75,1
2026-09-01T21:18:30.657,12.423,2,200,200,201,201,33.7,35.7,0.34,-0.11,0.12,0.28,0.19,-0.14,0.34,-0.11,-1.30,-1.42,16.50,16.94,001,101,0,0,1936,1987,2007,1876,1958,1950,42.75,34.3,3312,51.750,82.80,1
2026-09-01T21:18:30.667,12.433,2,200,200,197,201,35.3,34.8,-0.18,0.44,0.28,0.20,-0.13,0.13,-0.18,0.44,-1.45,-1.22,16.72,16.95,110,010,0,0,1947,1990,1990,1876,1979,1944,42.75,34.3,3311,51.734,82.78,1
2026-09-01T21:18:30.678,12.444,2,200,200,197,201,34.1,31.5,0.52,-0.04,0.26,0.24,0.27,-0.26,0.52,-0.04,-1.38,-1.20,16.72,16.93,001,101,0,0,1937,1987,2030,1874,1962,1952,42.75,34.3,3312,51.750,82.80,1
2026-09-01T21:18:30.689,12.455,2,200,200,205,201,32.0,34.4,-0.05,0.25,0.36,0.16,-0.24,0.29,-0.05,0.25,-1.34,-1.33,16.28,16.94,010,110,0,0,1941,1991,1998,1871,1973,1938,42.75,34.3,3310,51.719,82.75,1
2026-09-01T21:18:30.699,12.466,2,200,200,201,201,34.1,35.7,0.33,0.01,0.22,0.18,0.21,-0.20,0.33,0.01,-1.35,-1.13,16.48,16.93,101,001,0,0,1936,1974,2013,1872,1961,1949,42.75,34.3,3310,51.719,82.75,1
2026-09-01T21:18:30.710,12.477,2,200,200,201,197,34.8,35.5,0.12,0.29,0.32,0.28,-0.36,0.31,0.12,0.29,-1.10,-1.36,16.50,17.16,010,110,0,0,1937,1991,2011,1873,1981,1922,42.75,34.3,3312,51.750,82.80,1
2026-09-01T21:18:30.721,12.488,2,200,200,201,201,33.3,31.7,0.17,0.24,0.20,0.16,0.24,-0.33,0.17,0.24,-1.30,-1.00,16.49,16.93,101,001,0,0,1939,1974,2007,1873,1969,1949,42.75,34.3,3310,51.719,82.75,1
2026-09-01T21:18:30.732,12.499,2,200,200,201,201,31.6,34.9,0.31,0.07,0.34,0.24,-0.26,0.20,0.31,0.07,-0.99,-1.30,16.72,16.92,011,100,0,0,1940,1995,1999,1876,1973,1932,42.75,34.3,3311,51.734,82.78,1
2026-09-01T21:18:30.743,12.509,2,200,200,201,201,34.5,35.7,-0.07,0.46,0.18,0.22,0.25,-0.37,-0.07,0.46,-1.40,-0.75,16.50,16.91,100,011,0,0,1935,1975,2004,1875,1974,1952,42.75,34.3,3310,51.719,82.75,1
2026-09-01T21:18:30.754,12.520,2,200,200,201,201,34.8,34.4,0.42,-0.02,0.20,0.26,-0.34,0.14,0.42,-0.02,-0.98,-1.20,16.51,16.90,011,100,0,0,1936,1987,2007,1876,1965,1938,42.75,34.3,3312,51.750,82.80,1
2026-09-01T21:18:30.765,12.531,2,200,200,201,201,33.4,30.9,-0.19,0.50,0.16,0.20,0.21,-0.14,-0.19,0.50,-1.52,-0.69,16.50,16.89,100,011,0,0,1936,1975,2006,1875,1979,1944,42.75,34.3,3310,51.719,82.75,1
2026-09-01T21:18:30.776,12.542,2,200,200,197,201,31.2,34.7,0.58,-0.14,0.28,0.24,-0.01,-0.22,0.58,-0.14,-1.10,-0.95,16.75,16.89,011,101,0,0,1938,1995,2004,1877,1952,1948,42.75,34.3,3312,51.750,82.80,1
2026-09-01T21:18:30.786,12.553,2,200,200,201,201,34.0,35.7,-0.31,0.53,0.56,0.32,-0.05,0.03,-0.31,0.53,-1.51,-0.73,16.51,16.89,110,010,0,0,1933,1988,1998,1875,1982,1939,42.75,34.3,3311,51.734,82.78,1
2026-09-01T21:18:30.797,12.564,2,200,200,201,201,34.9,34.3,0.42,-0.07,0.16,0.24,0.17,-0.29,0.42,-0.07,-1.29,-0.83,16.52,16.90,001,101,0,0,1936,1985,2007,1876,1958,1953,42.75,34.3,3312,51.750,82.80,1
2026-09-01T21:18:30.808,12.575,2,200,200,197,205,34.5,31.1,-0.10,0.39,0.32,0.18,-0.20,-0.08,-0.10,0.39,-1.45,-0.62,16.74,16.65,110,110,0,0,1942,1982,1988,1874,1959,1983,42.75,34.3,3305,51.641,82.62,1
2026-09-01T21:18:30.819,12.585,2,200,200,197,197,31.8,34.6,0.54,-0.03,0.30,0.22,0.35,-0.27,0.54,-0.03,-1.51,-0.69,16.75,17.11,001,001,0,0,1941,1983,2014,1874,1961,1949,42.75,34.3,3310,51.719,82.75,1
2026-09-01T21:18:30.830,12.596,2,200,200,205,201,33.4,35.7,-0.01,0.18,0.20,0.16,-0.32,0.24,-0.01,0.18,-1.44,-0.76,16.31,16.89,010,110,0,0,1936,1991,1999,1872,1976,1936,42.75,34.3,3311,51.734,82.78,1
2026-09-01T21:18:30.841,12.607,2,200,200,201,201,35.0,34.6,0.25,0.16,0.20,0.22,0.21,-0.37,0.25,0.16,-1.57,-0.42,16.51,16.88,101,001,0,0,1937,1971,2011,1874,1968,1952,42.75,34.3,3310,51.719,82.75,1
2026-09-01T21:18:30.852,12.618,2,200,200,201,197,33.5,31.5,0.15,0.22,0.30,0.32,-0.39,0.26,0.15,0.22,-1.25,-0.80,16.50,17.12,010,110,0,0,1940,1991,1999,1877,1973,1935,42.75,34.3,3307,51.672,82.67,1
2026-09-01T21:18:30.862,12.629,2,200,200,201,197,31.0,34.5,0.10,0.29,0.24,0.22,0.17,-0.15,0.10,0.29,-1.66,-0.53,16.50,17.13,101,011,0,0,1937,1970,2000,1874,1965,1951,42.75,34.3,3366,52.594,84.15,1
2026-09-01T21:18:30.873,12.640,2,200,200,201,197,33.8,36.2,0.31,-0.06,0.26,0.12,-0.49,0.30,0.31,-0.06,-1.17,-0.96,16.51,17.14,011,100,0,0,1934,1988,2012,1873,1975,1933,42.75,34.3,3312,51.750,82.80,1
2026-09-01T21:18:30.884,12.651,2,200,200,201,197,34.9,35.4,-0.12,0.46,0.20,0.24,0.23,-0.17,-0.12,0.46,-1.61,-0.54,16.50,17.15,100,011,0,0,1935,1976,2004,1875,1973,1953,42.75,34.3,3310,51.719,82.75,1
2026-09-01T21:18:30.895,12.662,2,200,200,201,201,33.1,32.8,0.49,-0.12,0.42,0.34,-0.19,0.18,0.49,-0.12,-1.10,-1.08,16.48,17.15,011,101,0,0,1936,1987,2007,1876,1964,1944,42.75,34.3,3311,51.734,82.78,1
2026-09-01T21:18:30.906,12.673,2,200,200,201,201,31.1,34.9,-0.21,0.54,0.24,0.16,0.08,0.00,-0.21,0.54,-1.52,-0.89,16.47,16.93,100,010,0,0,1936,1986,1994,1875,1982,1945,42.75,34.3,3367,52.609,84.17,1
2026-09-01T21:18:30.917,12.683,2,200,200,201,205,33.7,35.2,0.42,-0.17,0.18,0.22,0.03,-0.22,0.42,-0.17,-1.16,-1.11,16.49,16.71,001,101,0,0,1936,1985,2007,1874,1960,1954,42.75,34.3,3312,51.750,82.80,1
2026-09-01T21:18:30.928,12.694,2,200,200,197,201,35.3,34.3,-0.15,0.44,0.24,0.22,-0.19,0.12,-0.15,0.44,-1.38,-1.13,16.71,16.93,110,010,0,0,1947,1990,1987,1875,1979,1941,42.75,34.3,3310,51.719,82.75,1
2026-09-01T21:18:30.939,12.705,2,200,200,201,201,34.0,31.2,0.51,-0.05,0.26,0.22,0.22,-0.30,0.51,-0.05,-1.30,-1.15,16.50,16.93,001,101,0,0,1939,1985,2012,1875,1961,1952,42.75,34.3,3310,51.719,82.75,1
2026-09-01T21:18:30.950,12.716,2,200,200,201,201,30.9,35.3,-0.07,0.27,0.26,0.18,-0.27,0.22,-0.07,0.27,-1.33,-1.29,16.50,16.94,110,110,0,0,1951,1990,1993,1877,1980,1938,42.75,34.3,3312,51.750,82.80,1
2026-09-01T21:18:30.961,12.727,2,200,200,201,201,34.6,35.5,0.30,0.15,0.18,0.22,0.29,-0.29,0.30,0.15,-1.43,-1.09,16.50,16.94,101,001,0,0,1957,1980,2003,1879,1969,1959,42.75,34.3,3310,51.719,82.75,1
2026-09-01T21:18:30.972,12.738,2,200,200,201,201,34.7,33.2,0.14,0.14,0.30,0.16,-0.36,0.29,0.14,0.14,-1.23,-1.43,16.50,16.94,010,110,0,0,1942,1991,1995,1873,1973,1934,42.75,34.3,3312,51.750,82.80,1
2026-09-01T21:18:30.982,12.749,2,200,200,201,201,32.5,32.7,0.15,0.38,0.28,0.32,0.21,-0.20,0.15,0.38,-1.52,-1.10,16.50,16.94,101,011,0,0,1938,1973,2004,1877,1963,1952,42.75,34.3,3310,51.719,82.75,1
2026-09-01T21:18:30.994,12.760,2,200,200,201,201,32.1,35.8,0.01,-0.06,0.18,0.18,-0.28,0.24,0.01,-0.06,-1.14,-1.43,16.49,16.93,011,100,0,0,1932,1987,1987,1874,1970,1936,42.75,34.3,3311,51.734,82.78,1
2026-09-01T21:18:31.005,12.771,2,200,200,197,197,35.3,34.5,-0.03,0.51,0.26,0.26,0.19,-0.15,-0.03,0.51,-1.43,-1.00,16.71,17.15,100,011,0,0,1938,1969,2002,1875,1973,1953,42.75,34.3,3310,51.719,82.75,1
2026-09-01T21:18:31.016,12.782,2,200,200,201,201,33.4,32.9,0.45,-0.19,0.20,0.24,-0.24,-0.01,0.45,-0.19,-0.89,-1.33,16.48,16.92,011,101,0,0,1936,1985,2005,1874,1959,1948,42.75,34.3,3311,51.734,82.78,1
2026-09-01T21:18:31.028,12.795,2,200,200,201,201,31.4,35.6,-0.25,0.40,0.30,0.16,0.01,0.03,-0.25,0.40,-1.23,-1.04,16.47,16.93,110,010,0,0,1941,1953,2059,1868,1978,1943,42.75,34.3,3309,51.703,82.72,1
2026-09-01T21:18:31.038,12.804,2,200,200,197,201,34.9,35.0,0.42,-0.17,0.18,0.20,0.08,-0.25,0.42,-0.17,-1.02,-1.13,16.71,16.93,001,101,0,0,1936,1985,2009,1873,1964,1950,42.75,34.3,3312,51.750,82.80,1
2026-09-01T21:18:31.049,12.815,2,200,200,197,201,35.2,31.6,-0.18,0.35,0.28,0.16,-0.17,0.17,-0.18,0.35,-1.23,-1.00,16.72,16.92,110,010,0,0,1940,1987,1991,1872,1974,1936,42.75,34.3,3311,51.734,82.78,1
2026-09-01T21:18:31.059,12.826,2,200,200,201,201,32.2,33.8,0.51,-0.18,0.22,0.12,0.19,-0.01,0.51,-0.18,-1.12,-1.02,16.50,16.91,001,001,0,0,1939,1975,2013,1872,1968,1945,42.75,34.3,3310,51.719,82.75,1
2026-09-01T21:18:31.070,12.837,2,200,200,201,197,31.3,36.1,-0.13,0.17,0.30,0.14,-0.29,0.63,-0.13,0.17,-1.13,-1.27,16.50,17.12,010,110,0,0,1939,1992,1996,1874,1979,1936,42.75,34.3,3312,51.750,82.80,1
2026-09-01T21:18:31.081,12.848,2,200,200,197,197,35.1,35.3,0.24,0.20,0.16,0.24,0.62,-0.22,0.24,0.20,-1.51,-0.82,16.74,17.13,101,001,0,0,1955,1980,2000,1879,1963,1959,42.75,34.3,3310,51.719,82.75,1
2026-09-01T21:18:31.092,12.859,2,200,200,197,197,35.3,31.6,0.08,0.12,0.26,0.24,-0.32,0.30,0.08,0.12,-1.23,-1.08,16.75,17.13,010,110,0,0,1939,1992,1994,1874,1974,1931,42.75,34.3,3314,51.781,82.85,1
2026-09-01T21:18:31.104,12.870,2,200,200,201,201,31.4,34.9,0.11,0.23,0.22,0.14,0.26,-0.30,0.11,0.23,-1.53,-0.63,16.53,16.90,101,011,0,0,1937,1975,2006,1871,1977,1946,42.75,34.3,3310,51.719,82.75,1
2026-09-01T21:18:31.114,12.881,2,200,200,197,201,34.2,35.0,0.19,-0.06,0.16,0.26,-0.08,0.13,0.19,-0.06,-1.31,-0.93,16.75,16.88,011,100,0,0,1946,1991,1991,1878,1968,1944,42.75,34.3,3311,51.734,82.78,1
2026-09-01T21:18:31.125,12.892,2,200,200,197,197,35.5,33.6,-0.16,0.52,0.18,0.24,0.39,-0.11,-0.16,0.52,-1.78,-0.47,16.76,17.12,100,011,0,0,1935,1970,2004,1875,1971,1953,42.75,34.3,3310,51.719,82.75,1
2026-09-01T21:18:31.136,12.903,2,200,200,201,201,33.6,33.5,0.42,-0.16,0.20,0.24,-0.22,0.01,0.42,-0.16,-1.19,-0.84,16.53,16.90,011,101,0,0,1944,1987,2005,1876,1959,1949,42.75,34.3,3311,51.734,82.78,1
2026-09-01T21:18:31.147,12.913,2,200,200,201,201,31.1,35.4,-0.14,0.51,0.30,0.22,-0.10,0.05,-0.14,0.51,-1.50,-0.57,16.52,16.90,100,010,0,0,1941,1990,1994,1875,1977,1943,42.75,34.3,3304,51.625,82.60,1
2026-09-01T21:18:31.158,12.924,2,200,200,197,201,34.1,35.3,0.23,-0.08,0.36,0.32,0.45,-0.26,0.23,-0.08,-1.44,-0.72,16.75,16.90,001,101,0,0,1931,1999,1999,1877,1957,1952,42.75,34.3,3311,51.734,82.78,1
2026-09-01T21:18:31.169,12.935,2,200,200,201,201,35.0,32.8,-0.24,0.40,0.20,0.18,-0.12,0.14,-0.24,0.40,-1.55,-0.65,16.53,16.91,110,010,0,0,1937,1990,1999,1874,1977,1936,42.75,34.3,3311,51.734,82.78,1
2026-09-01T21:18:31.179,12.946,2,200,200,201,201,33.5,32.8,0.46,-0.04,0.18,0.20,0.19,-0.31,0.46,-0.04,-1.34,-0.65,16.52,16.92,001,001,0,0,1937,1982,2011,1874,1963,1952,42.75,34.3,3309,51.703,82.72,1
2026-09-01T21:18:31.190,12.957,2,200,200,201,201,30.5,35.4,-0.09,0.22,0.26,0.16,-0.27,0.23,-0.09,0.22,-1.28,-0.82,16.50,16.92,110,110,0,0,1938,1991,1998,1873,1976,1933,42.75,34.3,3306,51.656,82.65,1
2026-09-01T21:18:31.202,12.968,2,200,200,201,201,34.6,34.8,0.18,0.21,0.12,0.22,0.39,-0.33,0.18,0.21,-1.50,-0.67,16.52,16.92,101,001,0,0,1933,1983,2007,1875,1965,1956,42.75,34.3,3310,51.719,82.75,1
2026-09-01T21:18:31.213,12.979,2,200,200,197,197,35.3,32.5,0.02,0.31,0.26,0.32,-0.31,0.28,0.02,0.31,-1.24,-1.19,16.74,17.15,010,110,0,0,1933,1990,1996,1879,1979,1925,42.75,34.3,3313,51.766,82.83,1
2026-09-01T21:18:31.223,12.990,2,200,200,201,197,32.3,33.7,0.14,0.00,0.22,0.18,0.28,0.34,0.14,0.00,-1.48,-1.12,16.51,17.16,101,011,0,0,1938,1972,2001,1870,1927,1951,42.75,34.3,3309,51.703,82.72,1
2026-09-01T21:18:31.234,13.001,2,200,200,197,197,31.3,36.2,0.10,-0.07,0.18,0.18,-0.45,0.41,0.10,-0.07,-1.08,-1.55,16.74,17.15,011,100,0,0,1933,1983,1983,1875,1973,1932,42.75,34.3,3312,51.750,82.80,1
2026-09-01T21:18:31.245,13.011,2,200,200,197,197,35.0,35.9,-0.14,0.47,0.52,0.32,0.49,-0.16,-0.14,0.47,-1.73,-1.09,16.74,17.16,100,011,0,0,1933,1976,2004,1875,1973,1955,42.75,34.3,3310,51.719,82.75,1
2026-09-01T21:18:31.256,13.022,2,200,200,201,197,34.8,33.2,0.38,-0.02,0.18,0.30,-0.33,0.24,0.38,-0.02,-1.04,-1.57,16.52,17.16,011,100,0,0,1934,1990,2007,1877,1972,1931,42.75,34.3,3313,51.766,82.83,1
2026-09-01T21:18:31.267,13.033,2,200,200,201,201,32.5,33.8,-0.18,0.51,0.28,0.24,0.12,0.00,-0.18,0.51,-1.52,-1.16,16.51,16.94,100,010,0,0,1938,1982,2008,1870,1975,1943,42.75,34.3,3309,51.703,82.72,1
2026-09-01T21:18:31.277,13.044,2,200,200,201,201,31.3,35.8,0.38,-0.18,0.20,0.24,-0.16,-0.21,0.38,-0.18,-1.09,-1.34,16.51,16.95,011,101,0,0,1945,1983,1953,1877,1957,1949,42.75,34.3,3312,51.750,82.80,1
2026-09-01T21:18:31.288,13.055,2,200,200,197,201,35.1,34.6,-0.27,0.44,0.16,0.22,0.02,0.16,-0.27,0.44,-1.52,-1.24,16.74,16.93,110,010,0,0,1933,1982,1996,1874,1979,1943,42.75,34.3,3310,51.719,82.75,1
2026-09-01T21:18:31.299,13.066,2,200,200,201,201,34.6,31.1,0.47,0.03,0.20,0.28,0.14,-0.35,0.47,0.03,-1.22,-1.12,16.50,16.93,001,101,0,0,1936,1983,2011,1877,1958,1958,42.75,34.3,3306,51.656,82.65,1
2026-09-01T21:18:31.311,13.077,2,200,200,201,197,31.6,35.3,-0.08,0.24,0.32,0.20,-0.25,0.44,-0.08,0.24,-1.20,-1.37,16.50,17.15,110,110,0,0,1941,1990,1999,1872,1976,1939,42.75,34.3,3313,51.766,82.83,1
2026-09-01T21:18:31.321,13.088,2,200,200,201,201,32.7,35.7,0.35,0.08,0.16,0.20,0.23,-0.28,0.35,0.08,-1.18,-1.07,16.49,16.93,101,001,0,0,1936,1975,2011,1875,1961,1952,42.75,34.3,3309,51.703,82.72,1
2026-09-01T21:18:31.332,13.098,2,200,200,197,201,34.9,34.2,-0.08,0.18,0.22,0.20,-0.18,0.25,-0.08,0.18,-1.09,-1.27,16.71,16.92,010,110,0,0,1945,1987,1991,1875,1976,1932,42.75,34.3,3313,51.766,82.83,1
2026-09-01T21:18:31.343,13.109,2,200,200,197,201,34.9,32.4,0.19,0.26,0.24,0.22,0.33,-0.38,0.19,0.26,-1.34,-0.82,16.73,16.91,101,011,0,0,1958,1975,2005,1877,1979,1954,42.75,34.3,3310,51.719,82.75,1
2026-09-01T21:18:31.354,13.120,2,200,200,197,201,32.7,35.2,0.25,0.05,0.30,0.22,-0.29,0.20,0.25,0.05,-1.04,-1.16,16.74,16.90,010,100,0,0,1938,1991,1991,1874,1973,1932,42.75,34.3,3312,51.750,82.80,1
2026-09-01T21:18:31.365,13.131,2,200,200,201,201,32.7,35.6,-0.10,0.47,0.14,0.22,0.42,-0.31,-0.10,0.47,-1.41,-0.70,16.51,16.90,100,011,0,0,1932,1983,2012,1876,1973,1950,42.75,34.3,3309,51.703,82.72,1
2026-09-01T21:18:31.376,13.142,2,200,200,197,201,35.0,33.5,0.37,-0.09,0.24,0.26,-0.14,0.01,0.37,-0.09,-1.10,-1.14,16.74,16.90,011,100,0,0,1936,1991,1999,1876,1958,1948,42.75,34.3,3312,51.750,82.80,1
2026-09-01T21:18:31.387,13.153,2,200,200,197,201,35.2,32.3,-0.09,0.42,0.32,0.20,0.31,-0.12,-0.09,0.42,-1.60,-0.73,16.75,16.91,100,010,0,0,1935,1974,2008,1871,1979,1943,42.75,34.3,3310,51.719,82.75,1
2026-09-01T21:18:31.397,13.164,2,200,200,201,201,32.2,35.3,0.50,-0.16,0.22,0.22,-0.17,-0.18,0.50,-0.16,-1.18,-0.97,16.53,16.91,011,101,0,0,1954,1986,2000,1878,1963,1957,42.75,34.3,3311,51.734,82.78,1
2026-09-01T21:18:31.408,13.175,2,200,200,197,201,32.1,35.5,-0.29,0.49,0.20,0.24,0.08,0.03,-0.29,0.49,-1.60,-0.71,16.53,16.90,110,010,0,0,1938,1964,2017,1875,1983,1939,42.75,34.3,3309,51.703,82.72,1
2026-09-01T21:18:31.419,13.185,2,200,200,197,201,35.0,33.5,0.40,-0.07,0.50,0.30,0.23,-0.32,0.40,-0.07,-1.43,-0.66,16.75,16.89,001,101,0,0,1933,1989,2007,1875,1962,1953,42.75,34.3,3312,51.750,82.80,1
2026-09-01T21:18:31.430,13.196,2,200,200,201,201,34.8,31.9,-0.10,0.30,0.32,0.16,-0.20,0.16,-0.10,0.30,-1.58,-0.68,16.54,16.89,110,110,0,0,1941,1985,1991,1872,1977,1936,42.75,34.3,3311,51.734,82.78,1
2026-09-01T21:18:31.441,13.207,2,200,200,201,201,32.5,34.8,0.45,0.00,0.20,0.20,0.25,-0.30,0.45,0.00,-1.53,-0.56,16.52,16.89,001,001,0,0,1937,1983,2011,1874,1963,1950,42.75,34.3,3310,51.719,82.75,1
2026-09-01T21:18:31.452,13.218,2,200,200,201,197,32.3,36.1,0.02,0.25,0.34,0.22,-0.20,0.24,0.02,0.25,-1.49,-0.78,16.53,17.12,010,110,0,0,1941,1991,1998,1875,1981,1929,42.75,34.3,3311,51.734,82.78,1
2026-09-01T21:18:31.463,13.229,2,200,200,201,197,34.8,34.9,0.33,0.26,0.26,0.28,0.27,-0.27,0.33,0.26,-1.60,-0.57,16.53,17.14,101,001,0,0,1939,1975,2013,1877,1961,1957,42.75,34.3,3311,51.734,82.78,1
2026-09-01T21:18:31.473,13.240,2,200,200,201,201,34.7,31.7,0.10,0.15,0.20,0.22,-0.34,0.14,0.10,0.15,-1.34,-0.77,16.52,16.91,010,100,0,0,1938,1991,1994,1878,2009,1957,42.75,34.3,3378,52.781,84.45,1
2026-09-01T21:18:31.484,13.251,2,200,200,201,197,31.1,35.2,0.04,0.21,0.20,0.14,0.22,0.16,0.04,0.21,-1.52,-0.76,16.51,17.14,101,011,0,0,1935,1976,2000,1871,1963,1953,42.75,34.3,3310,51.719,82.75,1
2026-09-01T21:18:31.495,13.262,2,200,200,201,197,32.8,36.2,0.36,-0.07,0.36,0.10,-0.32,0.40,0.36,-0.07,-1.19,-1.14,16.51,17.14,011,100,0,0,1937,1991,2003,1874,1973,1930,42.75,34.3,3312,51.750,82.80,1
2026-09-01T21:18:31.506,13.273,2,200,200,201,197,34.9,34.5,-0.12,0.56,0.16,0.28,0.28,-0.02,-0.12,0.56,-1.58,-0.87,16.50,17.15,100,011,0,0,1939,1976,2008,1877,1971,1957,42.75,34.3,3311,51.734,82.78,1
2026-09-01T21:18:31.517,13.283,2,200,200,201,205,34.1,32.8,0.50,-0.11,0.12,0.16,-0.28,0.22,0.50,-0.11,-1.12,-1.35,16.51,16.72,011,101,0,0,1938,1991,2007,1876,1963,1945,42.75,34.3,3311,51.734,82.78,1
2026-09-01T21:18:31.528,13.294,2,200,200,201,201,30.5,35.6,-0.23,0.47,0.28,0.22,0.09,0.05,-0.23,0.47,-1.57,-1.02,16.50,16.93,100,010,0,0,1931,1982,2012,1869,1975,1941,42.75,34.3,3311,51.734,82.78,1
2026-09-01T21:18:31.539,13.305,2,200,200,201,201,33.5,35.4,0.60,-0.14,0.28,0.22,0.07,-0.23,0.60,-0.14,-1.22,-1.22,16.51,16.93,001,101,0,0,1940,1987,2011,1876,1960,1949,42.75,34.3,3311,51.734,82.78,1
2026-09-01T21:18:31.550,13.316,2,200,200,201,201,34.9,31.8,-0.15,0.39,0.52,0.24,-0.17,0.20,-0.15,0.39,-1.47,-1.23,16.51,16.93,110,010,0,0,1936,1990,1995,1872,1976,1937,42.75,34.3,3311,51.734,82.78,1
2026-09-01T21:18:31.561,13.327,2,200,200,201,201,32.8,34.6,0.51,-0.06,0.20,0.16,0.26,-0.23,0.51,-0.06,-1.36,-1.19,16.50,16.94,001,001,0,0,1937,1983,2014,1873,1965,1946,42.75,34.3,3310,51.719,82.75,1
2026-09-01T21:18:31.572,13.338,2,200,200,201,197,32.3,36.3,0.00,0.20,0.34,0.16,-0.19,0.32,0.00,0.20,-1.39,-1.43,16.73,17.17,010,110,0,0,1942,1987,1991,1872,1978,1932,42.75,34.3,3311,51.734,82.78,1
2026-09-01T21:18:31.583,13.349,2,200,200,201,201,34.5,34.6,0.36,0.16,0.26,0.20,0.28,-0.25,0.36,0.16,-1.49,-1.16,16.51,16.94,101,001,0,0,1933,1974,2014,1874,1961,1952,42.75,34.3,3310,51.719,82.75,1
2026-09-01T21:18:31.594,13.360,2,200,200,205,201,34.2,31.5,0.07,0.12,0.18,0.22,-0.47,0.22,0.07,0.12,-1.16,-1.41,16.28,16.93,010,110,0,0,1936,1991,1999,1876,1969,1931,42.75,34.3,3306,51.656,82.65,1
2026-09-01T21:18:31.604,13.371,2,200,200,201,197,32.8,34.6,0.20,0.16,0.28,0.16,0.20,0.01,0.20,0.16,-1.38,-1.16,16.48,17.15,101,011,0,0,1937,1972,2010,1869,1955,1951,42.75,34.3,3309,51.703,82.72,1
2026-09-01T21:18:31.615,13.382,2,200,200,201,201,31.1,35.8,0.14,0.07,0.18,0.20,-0.42,0.21,0.14,0.07,-0.92,-1.43,16.49,16.93,011,100,0,0,1935,1985,1997,1879,1972,1932,42.75,34.3,3313,51.766,82.83,1
2026-09-01T21:18:31.629,13.395,2,200,200,201,201,34.5,34.1,0.00,0.41,0.66,0.22,0.18,-0.21,0.00,0.41,-1.27,-0.99,16.47,16.94,100,011,0,0,1938,1971,2003,1872,1974,1946,42.75,34.3,3310,51.719,82.75,1
2026-09-01T21:18:31.637,13.404,2,200,200,201,201,34.7,32.2,0.44,-0.17,0.26,0.26,-0.30,-0.10,0.44,-0.17,-0.88,-1.24,16.49,16.93,011,101,0,0,1936,1987,2007,1874,1976,1940,42.75,34.3,3311,51.734,82.78,1
2026-09-01T21:18:31.648,13.415,2,200,200,201,201,31.8,35.4,-0.17,0.39,0.32,0.18,0.06,0.06,-0.17,0.39,-1.33,-0.91,16.49,16.92,100,010,0,0,1939,1988,1996,1871,1973,1944,42.75,34.3,3311,51.734,82.78,1
2026-09-01T21:18:31.659,13.426,2,200,200,201,201,33.1,35.1,0.43,-0.14,0.18,0.24,-0.03,-0.26,0.43,-0.14,-1.02,-0.98,16.51,16.91,001,101,0,0,1936,1985,2007,1874,1962,1950,42.75,34.3,3311,51.734,82.78,1
2026-09-01T21:18:31.670,13.436,2,200,200,201,201,34.8,32.0,-0.23,0.44,0.48,0.26,-0.15,0.15,-0.23,0.44,-1.35,-0.85,16.50,16.90,110,010,0,0,1939,1987,1995,1873,1978,1932,42.75,34.3,3310,51.719,82.75,1
2026-09-01T21:18:31.681,13.447,2,200,200,201,197,34.3,33.7,0.55,-0.25,0.26,0.16,0.12,0.14,0.55,-0.25,-1.21,-0.94,16.51,17.12,001,001,0,0,1941,1978,2026,1863,1971,1927,42.75,34.3,3309,51.703,82.72,1
2026-09-01T21:18:31.692,13.458,2,200,200,201,197,31.8,36.0,-0.10,0.17,0.30,0.16,-0.29,0.50,-0.10,0.17,-1.36,-1.11,16.52,17.13,110,110,0,0,1935,1991,2011,1866,1973,1932,42.75,34.3,3312,51.750,82.80,1
2026-09-01T21:18:31.703,13.469,2,200,200,197,201,32.7,35.0,0.43,0.16,0.26,0.14,0.33,-0.32,0.43,0.16,-1.54,-0.67,16.74,16.90,101,001,0,0,1937,1978,2012,1875,1965,1953,42.75,34.3,3309,51.703,82.72,1
2026-09-01T21:18:31.714,13.480,2,200,200,201,201,34.9,31.1,0.07,0.12,0.28,0.22,-0.28,0.19,0.07,0.12,-1.38,-0.85,16.53,16.89,010,110,0,0,1936,1991,1995,1875,1969,1931,42.75,34.3,3306,51.656,82.65,1
2026-09-01T21:18:31.725,13.491,2,200,200,201,197,33.6,34.7,0.17,0.23,0.20,0.16,0.25,-0.03,0.17,0.23,-1.59,-0.54,16.52,17.11,101,011,0,0,1935,1972,2004,1871,1967,1953,42.75,34.3,3310,51.719,82.75,1
2026-09-01T21:18:31.736,13.502,2,200,200,201,197,30.3,36.1,0.21,-0.01,0.12,0.08,-0.47,0.26,0.21,-0.01,-1.26,-0.84,16.52,17.11,010,100,0,0,1934,1991,2007,1875,1973,1931,42.75,34.3,3312,51.750,82.80,1
2026-09-01T21:18:31.747,13.513,2,200,200,201,197,34.4,34.9,0.01,0.48,0.32,0.16,0.21,-0.14,0.01,0.48,-1.62,-0.44,16.53,17.12,100,011,0,0,1935,1972,2004,1875,1975,1955,42.75,34.3,3310,51.719,82.75,1
2026-09-01T21:18:31.757,13.524,2,200,200,201,201,34.9,32.6,0.33,-0.09,0.16,0.30,-0.31,0.18,0.33,-0.09,-1.14,-0.90,16.52,17.14,011,101,0,0,1942,1987,2001,1880,1968,1945,42.75,34.3,3311,51.734,82.78,1
2026-09-01T21:18:31.768,13.535,2,200,200,201,201,32.2,35.2,-0.18,0.42,0.32,0.20,0.11,0.02,-0.18,0.42,-1.66,-0.50,16.52,16.91,100,010,0,0,1941,1982,1996,1873,1975,1945,42.75,34.3,3310,51.719,82.75,1
2026-09-01T21:18:31.779,13.546,2,200,200,201,201,31.7,35.6,0.41,-0.13,0.20,0.28,-0.11,-0.24,0.41,-0.13,-1.20,-0.71,16.51,16.92,001,101,0,0,1946,1987,1991,1880,1964,1954,42.75,34.3,3311,51.734,82.78,1
2026-09-01T21:18:31.790,13.557,2,200,200,201,201,34.7,32.8,-0.28,0.42,0.20,0.20,-0.10,0.19,-0.28,0.42,-1.48,-0.75,16.50,16.92,110,010,0,0,1937,1990,1999,1875,1977,1937,42.75,34.3,3311,51.734,82.78,1
2026-09-01T21:18:31.801,13.567,2,200,200,201,201,34.4,33.2,0.50,-0.07,0.26,0.18,0.12,-0.25,0.50,-0.07,-1.29,-0.76,16.50,16.92,001,001,0,0,1939,1982,2015,1873,1965,1946,42.75,34.3,3310,51.719,82.75,1
2026-09-01T21:18:31.812,13.578,2,200,200,197,197,33.0,35.9,-0.04,0.25,0.34,0.20,-0.27,0.21,-0.04,0.25,-1.35,-1.05,16.72,17.15,110,110,0,0,1937,1988,1996,1873,1979,1929,42.75,34.3,3313,51.766,82.83,1
2026-09-01T21:18:31.823,13.589,2,200,200,201,201,32.9,35.1,0.28,0.18,0.10,0.14,0.31,-0.31,0.28,0.18,-1.38,-0.89,16.50,16.92,101,001,0,0,1933,1983,2006,1876,1960,1955,42.75,34.3,3310,51.719,82.75,1
2026-09-01T21:18:31.835,13.602,2,200,200,201,201,34.9,31.1,0.09,0.19,0.20,0.26,-0.34,0.14,0.09,0.19,-1.22,-1.24,16.50,16.93,010,110,0,0,1954,1991,1995,1878,1970,1928,42.75,34.3,3312,51.750,82.80,1
2026-09-01T21:18:31.845,13.612,2,200,200,201,197,33.2,34.7,0.17,0.05,0.30,0.02,0.25,0.48,0.17,0.05,-1.42,-1.30,16.49,17.15,101,011,0,0,1937,1971,2004,1869,1937,1955,42.75,34.3,3309,51.703,82.72,1
2026-09-01T21:18:31.856,13.622,2,200,200,201,197,30.6,36.3,0.25,-0.06,0.24,0.20,-0.49,0.35,0.25,-0.06,-1.04,-1.56,16.50,17.16,010,100,0,0,1936,1991,2022,1869,1972,1931,42.75,34.3,3307,51.672,82.67,1
2026-09-01T21:18:31.867,13.633,2,200,200,201,197,33.9,35.2,0.03,0.47,0.32,0.24,0.19,-0.22,0.03,0.47,-1.47,-1.04,16.50,17.16,100,011,0,0,1959,1972,1994,1879,1979,1959,42.75,34.3,3310,51.719,82.75,1
2026-09-01T21:18:31.878,13.645,2,200,200,201,201,34.9,31.4,0.31,-0.16,0.18,0.24,-0.31,0.00,0.31,-0.16,-1.05,-1.39,16.50,16.93,011,100,0,0,1936,1987,2009,1874,1962,1950,42.75,34.3,3378,52.781,84.45,1
2026-09-01T21:18:31.889,13.655,2,200,200,201,201,33.6,34.7,-0.14,0.38,0.28,0.14,0.14,0.00,-0.14,0.38,-1.55,-1.08,16.50,16.93,100,010,0,0,1940,1983,1999,1872,1976,1946,42.75,34.3,3311,51.734,82.78,1
2026-09-01T21:18:31.899,13.666,2,200,200,201,201,30.4,35.8,0.47,-0.15,0.20,0.24,-0.13,-0.24,0.47,-0.15,-1.10,-1.23,16.49,16.93,011,101,0,0,1944,1984,2003,1878,1962,1954,42.75,34.3,3312,51.750,82.80,1
2026-09-01T21:18:31.911,13.677,2,200,200,201,201,34.0,33.8,-0.15,0.44,0.30,0.24,-0.12,0.12,-0.15,0.44,-1.36,-1.12,16.49,16.91,110,010,0,0,1960,2004,1990,1876,1982,1942,42.75,34.3,3310,51.719,82.75,1
2026-09-01T21:18:31.921,13.687,2,200,200,201,201,34.8,32.1,0.42,-0.04,0.18,0.24,0.12,-0.31,0.42,-0.04,-1.07,-1.13,16.48,16.93,001,001,0,0,1937,1985,2009,1877,1968,1936,42.75,34.3,3310,51.719,82.75,1
2026-09-01T21:18:31.932,13.699,2,200,200,201,201,32.9,35.4,-0.12,0.16,0.28,0.14,-0.22,0.37,-0.12,0.16,-1.12,-1.31,16.47,16.92,110,110,0,0,1936,1987,1995,1872,1973,1937,42.75,34.3,3312,51.750,82.80,1
2026-09-01T21:18:31.943,13.709,2,200,200,197,201,31.5,35.5,0.54,0.09,0.32,0.20,0.33,-0.27,0.54,0.09,-1.19,-0.98,16.71,16.91,001,001,0,0,1942,1999,2009,1876,1967,1953,42.75,34.3,3310,51.719,82.75,1
2026-09-01T21:18:31.954,13.720,2,200,200,197,197,34.2,34.1,-0.01,0.26,0.20,0.28,-0.16,0.29,-0.01,0.26,-1.14,-1.21,16.73,17.13,010,110,0,0,1937,1986,2014,1872,1980,1925,42.75,34.3,3313,51.766,82.83,1
2026-09-01T21:18:31.965,13.731,2,200,200,201,201,34.9,32.3,0.15,0.24,0.20,0.16,0.28,-0.34,0.15,0.24,-1.26,-0.78,16.50,16.90,101,011,0,0,1935,1975,2010,1873,1972,1947,42.75,34.3,3309,51.703,82.72,1
2026-09-01T21:18:31.976,13.742,2,200,200,197,201,34.2,35.4,0.26,0.05,0.30,0.24,-0.31,0.17,0.26,0.05,-1.07,-1.17,16.74,16.90,010,100,0,0,1940,1995,1991,1877,1965,1932,42.75,34.3,3313,51.766,82.83,1
2026-09-01T21:18:31.987,13.753,2,200,200,201,201,30.8,35.5,0.06,0.47,0.50,0.28,0.27,-0.31,0.06,0.47,-1.46,-0.64,16.51,16.91,101,011,0,0,1936,1975,2005,1875,1976,1951,42.75,34.3,3305,51.641,82.62,1
2026-09-01T21:18:31.997,13.764,2,200,200,201,201,33.8,33.3,0.39,-0.13,0.28,0.22,-0.24,0.09,0.39,-0.13,-1.19,-1.05,16.53,16.91,011,100,0,0,1940,1991,2007,1874,1965,1944,42.75,34.3,3312,51.750,82.80,1
2026-09-01T21:18:32.008,13.775,2,200,200,201,201,35.0,32.7,-0.12,0.43,0.26,0.18,0.28,-0.11,-0.12,0.43,-1.62,-0.57,16.51,16.90,100,010,0,0,1939,1978,2006,1873,1978,1943,42.75,34.3,3310,51.719,82.75,1
2026-09-01T21:18:32.019,13.785,2,200,200,201,201,33.9,35.3,0.46,-0.14,0.20,0.24,-0.24,-0.20,0.46,-0.14,-1.14,-0.72,16.52,16.90,011,101,0,0,1936,1989,2006,1876,1958,1950,42.75,34.3,3312,51.750,82.80,1
2026-09-01T21:18:32.032,13.798,2,200,200,197,201,31.6,35.5,-0.08,0.34,0.32,0.06,0.27,0.13,-0.08,0.34,-1.80,-0.56,16.75,16.89,100,010,0,0,1943,1968,2002,1871,1975,1945,42.75,34.3,3310,51.719,82.75,1
2026-09-01T21:18:32.041,13.807,2,200,200,201,201,33.4,33.3,0.57,-0.05,0.28,0.24,0.05,-0.30,0.57,-0.05,-1.37,-0.58,16.53,16.89,001,101,0,0,1942,1987,2023,1872,1961,1953,42.75,34.3,3311,51.734,82.78,1
2026-09-01T21:18:32.052,13.818,2,200,200,201,197,35.0,31.8,-0.34,0.32,0.32,0.12,0.05,0.13,-0.34,0.32,-1.71,-0.55,16.52,16.89,110,110,0,0,1937,1988,1998,1871,1971,1957,42.75,34.3,3312,51.750,82.80,1
2026-09-01T21:18:32.063,13.829,2,200,200,197,197,34.7,35.3,0.57,-0.08,0.22,0.08,0.26,-0.15,0.57,-0.08,-1.49,-0.63,16.74,17.13,001,001,0,0,1935,1992,2016,1871,1967,1949,42.75,34.3,3310,51.719,82.75,1
2026-09-01T21:18:32.073,13.840,2,200,200,201,201,30.4,35.6,-0.07,0.20,0.18,0.16,-0.24,0.25,-0.07,0.20,-1.50,-0.71,16.51,16.91,110,110,0,0,1936,1987,1997,1873,1978,1934,42.75,34.3,3312,51.750,82.80,1
2026-09-01T21:18:32.084,13.851,2,200,200,201,201,33.8,33.9,0.30,0.23,0.18,0.22,0.24,-0.32,0.30,0.23,-1.49,-0.48,16.50,16.91,101,001,0,0,1935,1975,2010,1875,1964,1952,42.75,34.3,3310,51.719,82.75,1
2026-09-01T21:18:32.095,13.861,2,200,200,201,201,34.9,31.7,-0.03,0.18,0.14,0.26,-0.27,0.10,-0.03,0.18,-1.32,-0.80,16.49,16.91,010,100,0,0,1934,1986,2010,1876,2023,1957,42.75,34.3,3377,52.766,84.42,1
2026-09-01T21:18:32.106,13.872,2,200,200,201,197,33.9,34.8,0.08,-0.04,0.18,0.06,0.22,0.84,0.08,-0.04,-1.46,-1.13,16.48,17.14,101,011,0,0,1935,1972,2005,1866,1931,1955,42.75,34.3,3309,51.703,82.72,1
2026-09-01T21:18:32.117,13.883,2,200,200,197,197,32.0,36.3,0.30,-0.06,0.26,0.22,-0.25,0.39,0.30,-0.06,-1.19,-1.32,16.72,17.16,010,100,0,0,1939,1996,1994,1875,1973,1930,42.75,34.3,3313,51.766,82.83,1
2026-09-01T21:18:32.128,13.894,2,200,200,201,197,33.0,35.4,-0.08,0.52,0.26,0.28,0.42,-0.09,-0.08,0.52,-1.54,-1.00,16.49,17.15,100,011,0,0,1931,1978,2008,1877,1973,1955,42.75,34.3,3309,51.703,82.72,1
2026-09-01T21:18:32.138,13.905,2,200,200,197,197,35.1,31.7,0.31,-0.06,0.16,0.28,-0.19,0.16,0.31,-0.06,-1.17,-1.42,16.72,17.16,011,100,0,0,1933,1990,2006,1877,1968,1935,42.75,34.3,3313,51.766,82.83,1
2026-09-01T21:18:32.149,13.916,2,200,200,197,201,35.0,34.4,-0.07,0.49,0.22,0.24,0.30,0.02,-0.07,0.49,-1.68,-1.07,16.72,16.94,100,010,0,0,1933,1972,2018,1870,1975,1941,42.75,34.3,3309,51.703,82.72,1
2026-09-01T21:18:32.160,13.927,2,200,200,201,201,31.6,35.8,0.46,-0.14,0.20,0.24,-0.16,-0.19,0.46,-0.14,-1.14,-1.31,16.49,16.94,011,101,0,0,1934,1984,2008,1876,1959,1950,42.75,34.3,3312,51.750,82.80,1
2026-09-01T21:18:32.171,13.938,2,200,200,197,201,33.5,33.8,-0.38,0.44,0.24,0.24,0.37,0.16,-0.38,0.44,-1.63,-1.19,16.71,16.94,110,010,0,0,1935,1967,2014,1874,1977,1937,42.75,34.3,3310,51.719,82.75,1
2026-09-01T21:18:32.182,13.948,2,200,200,197,201,35.2,32.2,0.37,-0.07,0.16,0.24,0.25,-0.29,0.37,-0.07,-1.38,-1.17,16.71,16.94,001,101,0,0,1935,1988,2010,1875,1961,1907,42.75,34.3,3309,51.703,82.72,1
2026-09-01T21:18:32.193,13.959,2,200,200,197,201,34.4,35.6,-0.10,0.18,0.30,0.14,-0.21,0.25,-0.10,0.18,-1.40,-1.34,16.72,16.95,110,110,0,0,1937,1987,1991,1872,1975,1936,42.75,34.3,3313,51.766,82.83,1
2026-09-01T21:18:32.204,13.970,2,200,200,201,201,30.2,35.6,0.40,0.10,0.16,0.18,0.22,-0.26,0.40,0.10,-1.31,-1.09,16.49,16.93,001,001,0,0,1934,1975,2010,1875,1961,1950,42.75,34.3,3310,51.719,82.75,1
2026-09-01T21:18:32.215,13.981,2,200,200,201,201,33.5,33.2,-0.02,0.18,0.18,0.24,-0.33,0.30,-0.02,0.18,-1.15,-1.33,16.48,16.92,010,110,0,0,1936,1989,1995,1876,1974,1932,42.75,34.3,3311,51.734,82.78,1
2026-09-01T21:18:32.226,13.992,2,200,200,201,201,34.8,33.1,0.13,0.43,0.12,0.26,0.24,-0.19,0.13,0.43,-1.25,-1.01,16.47,16.93,101,011,0,0,1938,1975,2007,1877,1963,1955,42.75,34.3,3310,51.719,82.75,1
2026-09-01T21:18:32.237,14.003,2,200,200,197,201,34.6,35.7,0.19,0.06,0.22,0.26,-0.25,0.16,0.19,0.06,-1.08,-1.29,16.70,16.92,010,100,0,0,1938,1995,1991,1877,1968,1933,42.75,34.3,3312,51.750,82.80,1
2026-09-01T21:18:32.247,14.014,2,200,200,201,201,30.5,35.3,0.02,0.46,0.44,0.24,0.26,-0.28,0.02,0.46,-1.41,-0.76,16.50,16.91,101,011,0,0,1937,1980,2006,1874,1973,1949,42.75,34.3,3311,51.734,82.78,1
2026-09-01T21:18:32.258,14.025,2,200,200,201,201,33.6,32.4,0.32,-0.05,0.24,0.28,-0.24,0.02,0.32,-0.05,-1.12,-1.16,16.50,16.91,011,100,0,0,1954,1987,1999,1876,1960,1947,42.75,34.3,3311,51.734,82.78,1
2026-09-01T21:18:32.269,14.036,2,200,200,201,201,34.9,33.3,-0.15,0.48,0.14,0.22,0.33,-0.10,-0.15,0.48,-1.57,-0.72,16.49,16.90,100,010,0,0,1933,1978,2007,1875,1979,1944,42.75,34.3,3310,51.719,82.75,1
2026-09-01T21:18:32.280,14.046,2,200,200,197,201,34.8,35.5,0.52,-0.12,0.28,0.24,-0.24,-0.22,0.52,-0.12,-1.04,-0.95,16.74,16.90,011,101,0,0,1939,1991,2007,1876,1956,1950,42.75,34.3,3312,51.750,82.80,1
2026-09-01T21:18:32.291,14.057,2,200,200,197,201,31.0,34.8,-0.17,0.49,0.26,0.26,0.25,0.07,-0.17,0.49,-1.66,-0.82,16.74,16.90,100,010,0,0,1938,1972,2004,1876,1983,1933,42.75,34.3,3366,52.594,84.15,1
2026-09-01T21:18:32.302,14.068,2,200,200,201,201,33.8,31.5,0.34,0.03,0.10,0.28,0.17,-0.41,0.34,0.03,-1.39,-0.78,16.52,16.91,001,101,0,0,1932,1987,2003,1878,1954,1958,42.75,34.3,3311,51.734,82.78,1
2026-09-01T21:18:32.313,14.079,2,200,200,197,201,35.4,34.5,-0.20,0.22,0.18,0.16,-0.10,0.24,-0.20,0.22,-1.62,-0.81,16.74,16.89,110,110,0,0,1935,1989,1995,1870,1973,1936,42.75,34.3,3313,51.766,82.83,1
2026-09-01T21:18:32.324,14.090,2,200,200,197,201,34.0,35.6,0.57,0.05,0.30,0.18,0.28,-0.27,0.57,0.05,-1.54,-0.55,16.74,16.88,001,001,0,0,1941,1986,2015,1873,1962,1952,42.75,34.3,3310,51.719,82.75,1
2026-09-01T21:18:32.334,14.101,2,200,200,205,201,31.8,34.5,-0.02,0.23,0.20,0.24,-0.32,0.27,-0.02,0.23,-1.55,-0.78,16.53,16.88,010,110,0,0,1936,1991,1995,1876,1976,1932,42.75,34.3,3311,51.734,82.78,1
2026-09-01T21:18:32.345,14.112,2,200,200,201,201,34.4,31.4,0.27,0.28,0.18,0.24,0.25,-0.36,0.27,0.28,-1.63,-0.42,16.50,16.88,101,001,0,0,1935,1974,2008,1874,1971,1952,42.73,34.3,3305,51.641,82.62,1
2026-09-01T21:18:32.356,14.123,2,200,200,201,197,34.9,34.2,0.08,-0.13,0.26,0.18,-0.35,0.69,0.08,-0.13,-1.39,-1.06,16.50,17.10,010,100,0,0,1937,1994,1998,1872,1979,1936,42.73,34.3,3311,51.734,82.78,1
2026-09-01T21:18:32.367,14.134,2,200,200,201,197,32.1,36.1,0.12,0.36,0.64,0.28,0.19,-0.22,0.12,0.36,-1.67,-0.52,16.50,17.12,101,011,0,0,1937,1974,2004,1873,1972,1949,42.73,34.3,3311,51.734,82.78,1
2026-09-01T21:18:32.378,14.145,2,200,200,201,197,32.0,35.4,0.25,-0.02,0.22,0.28,-0.43,0.28,0.25,-0.02,-1.23,-1.03,16.49,17.13,011,100,0,0,1936,1990,2010,1878,1972,1928,42.73,34.3,3312,51.750,82.80,1
2026-09-01T21:18:32.389,14.155,2,200,200,201,197,34.6,32.4,-0.12,0.56,0.24,0.28,0.28,-0.06,-0.12,0.56,-1.63,-0.61,16.48,17.13,100,010,0,0,1935,1976,2003,1878,1973,1953,42.73,34.3,3374,52.719,84.35,1
2026-09-01T21:18:32.400,14.166,2,200,200,201,201,34.7,34.7,0.45,-0.16,0.24,0.24,-0.30,-0.06,0.45,-0.16,-1.10,-1.01,16.47,16.91,011,101,0,0,1938,1992,2009,1873,1958,1950,42.73,34.3,3312,51.750,82.80,1
2026-09-01T21:18:32.411,14.177,2,200,200,201,201,32.6,35.7,-0.11,0.53,0.24,0.16,0.18,0.02,-0.11,0.53,-1.54,-0.91,16.47,16.92,100,010,0,0,1938,1976,2000,1875,1985,1943,42.75,34.3,3311,51.734,82.78,1
2026-09-01T21:18:32.422,14.188,2,200,200,197,205,31.1,34.1,0.64,-0.16,0.32,0.16,0.00,-0.33,0.64,-0.16,-1.16,-1.04,16.72,16.70,011,101,0,0,1941,1994,2006,1875,1961,1953,42.75,34.3,3312,51.750,82.80,1
2026-09-01T21:18:32.433,14.200,2,200,200,201,201,34.5,31.4,-0.33,0.38,0.12,0.20,0.00,0.13,-0.33,0.38,-1.52,-1.11,16.50,16.93,110,010,0,0,1931,1988,2002,1873,1977,1931,42.75,34.3,3313,51.766,82.83,1
2026-09-01T21:18:32.444,14.210,2,200,200,201,201,34.5,35.1,0.43,0.04,0.18,0.22,0.20,-0.34,0.43,0.04,-1.30,-1.03,16.48,16.93,001,001,0,0,1935,1987,2011,1876,1960,1953,42.75,34.3,3310,51.719,82.75,1
2026-09-01T21:18:32.454,14.221,2,200,200,197,201,32.7,35.7,0.06,0.26,0.30,0.22,-0.19,0.24,0.06,0.26,-1.43,-1.29,16.72,16.93,110,110,0,0,1940,1987,1991,1875,1977,1930,42.75,34.3,3313,51.766,82.83,1
2026-09-01T21:18:32.465,14.232,2,200,200,201,201,32.8,33.9,0.37,0.21,0.18,0.22,0.35,-0.33,0.37,0.21,-1.50,-1.02,16.50,16.93,101,001,0,0,1954,1982,1999,1879,1971,1957,42.75,34.3,3310,51.719,82.75,1
2026-09-01T21:18:32.476,14.243,2,200,200,201,197,34.7,32.3,0.00,0.20,0.20,0.28,-0.35,0.33,0.00,0.20,-1.25,-1.44,16.48,17.16,010,110,0,0,1936,1991,1999,1876,1978,1934,42.73,34.3,3313,51.766,82.83,1
2026-09-01T21:18:32.491,14.257,2,200,200,201,201,34.5,34.9,0.27,0.23,0.34,0.14,0.24,-0.20,0.27,0.23,-1.46,-1.06,16.49,16.93,101,011,0,0,1937,1972,2023,1865,1969,1940,42.73,34.3,3310,51.719,82.75,1
2026-09-01T21:18:32.498,14.264,2,200,200,201,201,31.9,35.7,0.22,0.04,0.24,0.30,-0.43,0.19,0.22,0.04,-1.09,-1.43,16.49,16.93,010,100,0,0,1936,1991,2007,1878,1970,1936,42.73,34.3,3312,51.750,82.80,1
2026-09-01T21:18:32.509,14.275,2,200,200,197,201,34.0,32.8,0.00,0.41,0.26,0.16,0.28,-0.13,0.00,0.41,-1.45,-1.02,16.70,16.92,100,011,0,0,1939,1978,2007,1873,1972,1947,42.73,34.3,3310,51.719,82.75,1
2026-09-01T21:18:32.520,14.286,2,200,200,201,201,34.8,34.0,0.28,-0.13,0.14,0.28,-0.24,0.07,0.28,-0.13,-0.96,-1.43,16.48,16.94,011,101,0,0,1940,1987,2002,1880,1965,1955,42.73,34.3,3311,51.734,82.78,1
2026-09-01T21:18:32.531,14.297,2,200,200,201,201,33.8,35.7,-0.06,0.40,0.20,0.08,0.17,0.03,-0.06,0.40,-1.32,-1.07,16.47,16.92,100,010,0,0,1939,1978,1998,1871,1977,1943,42.73,34.3,3311,51.734,82.78,1
2026-09-01T21:18:32.542,14.308,2,200,200,201,201,31.2,35.1,0.51,-0.16,0.26,0.22,-0.13,-0.25,0.51,-0.16,-0.93,-1.13,16.47,16.91,011,101,0,0,1936,1985,2008,1874,1962,1950,42.73,34.3,3312,51.750,82.80,1
2026-09-01T21:18:32.552,14.319,2,200,200,197,201,33.3,32.0,-0.30,0.35,0.18,0.18,0.20,0.14,-0.30,0.35,-1.39,-0.98,16.71,16.90,110,010,0,0,1934,1972,2004,1871,1975,1935,42.73,34.3,3309,51.703,82.72,1
2026-09-01T21:18:32.570,14.336,2,200,200,201,201,34.8,33.5,0.50,-0.14,0.22,0.16,0.05,-0.20,0.50,-0.14,-1.05,-0.92,16.50,16.89,001,001,0,0,1937,1983,2014,1871,1968,1943,42.73,34.3,3310,51.719,82.75,1
2026-09-01T21:18:32.578,14.344,2,200,200,201,197,34.3,36.0,-0.11,0.15,0.24,0.12,-0.22,0.79,-0.11,0.15,-1.27,-1.32,16.49,17.11,110,110,0,0,1937,1990,1997,1869,1979,1940,42.73,34.3,3312,51.750,82.80,1
2026-09-01T21:18:32.585,14.352,2,200,200,201,197,30.3,35.4,0.45,0.18,0.24,0.26,0.17,-0.21,0.45,0.18,-1.23,-0.82,16.51,17.11,001,001,0,0,1935,1974,2028,1871,1955,1949,42.73,34.3,3310,51.719,82.75,1
2026-09-01T21:18:32.596,14.363,2,200,200,197,197,34.1,31.5,-0.23,0.10,0.12,0.22,0.24,0.30,-0.23,0.10,-1.55,-1.10,16.75,17.12,010,110,0,0,1927,1964,2014,1870,1971,1929,42.73,34.3,3310,51.719,82.75,1
2026-09-01T21:18:32.607,14.373,2,203,203,201,201,35.0,34.6,0.24,0.18,0.28,0.12,0.23,-0.12,0.24,0.18,-1.52,-0.67,16.53,16.89,101,011,0,0,1941,1974,2012,1869,1968,1945,42.73,34.3,3310,51.719,82.75,1
2026-09-01T21:18:32.618,14.384,2,216,216,201,201,34.4,36.7,0.34,0.12,0.36,0.24,-0.41,0.20,0.34,0.12,-1.24,-0.92,17.02,17.38,010,100,0,0,1943,2002,1994,1879,1971,1928,42.73,34.3,3313,51.766,82.83,1
2026-09-01T21:18:32.629,14.395,2,239,239,205,205,35.1,36.1,0.49,0.99,0.58,0.54,0.28,-0.01,0.49,0.99,-1.75,-0.62,18.06,19.09,100,011,0,0,1950,1960,2036,1893,1974,1975,42.73,34.3,3309,51.703,82.72,1
2026-09-01T21:18:32.640,14.406,2,269,269,217,217,39.8,41.3,1.07,0.44,0.68,0.72,-0.27,-0.11,1.07,0.44,-1.57,-1.13,19.21,19.56,011,101,0,0,1960,2015,2011,1899,1932,1952,42.73,34.3,3313,51.766,82.83,1
2026-09-01T21:18:32.650,14.417,2,304,304,231,231,44.1,43.9,0.60,1.13,0.86,0.82,0.07,0.40,0.60,1.13,-2.29,-1.49,20.81,21.19,110,110,0,0,1969,1982,1964,1907,2013,1901,42.73,34.3,3313,51.766,82.83,1
2026-09-01T21:18:32.661,14.428,2,341,341,253,253,46.2,48.2,1.00,1.27,1.06,1.04,0.48,0.14,1.00,1.27,-2.88,-1.67,22.45,22.83,101,011,0,0,1979,1936,2044,1914,1967,1991,42.73,34.3,3310,51.719,82.75,1
2026-09-01T21:18:32.672,14.439,2,371,371,280,273,48.9,46.7,1.34,0.78,1.06,1.18,0.28,-0.09,1.34,0.78,-2.97,-2.01,23.66,24.44,001,101,0,0,1977,2014,2023,1923,1921,1961,42.73,34.3,3312,51.750,82.80,1
2026-09-01T21:18:32.683,14.449,2,396,396,296,288,47.1,54.5,0.81,0.66,0.96,1.12,-0.20,0.75,0.81,0.66,-2.98,-2.77,25.20,26.09,010,100,0,0,1973,2022,1983,1915,1984,1893,42.73,34.3,3312,51.750,82.80,1
2026-09-01T21:18:32.694,14.460,2,415,415,313,313,52.5,54.7,0.61,0.89,1.26,1.06,-0.12,0.34,0.61,0.89,-3.36,-2.89,26.48,26.94,010,110,0,0,1983,2004,1962,1917,2005,1897,42.73,34.3,3312,51.750,82.80,1
2026-09-01T21:18:32.705,14.471,2,431,431,333,333,58.3,53.2,0.27,1.23,1.06,1.22,0.17,0.27,0.27,1.23,-3.86,-3.01,27.37,27.85,110,110,0,0,1974,1976,1980,1922,2021,1922,42.73,34.3,3312,51.750,82.80,1
2026-09-01T21:18:32.716,14.482,2,444,444,344,344,55.5,61.4,0.31,1.07,1.02,0.98,0.25,0.13,0.31,1.07,-3.97,-3.17,28.55,29.06,110,010,0,0,1976,1961,1996,1912,2009,1947,42.73,34.3,3308,51.688,82.70,1
2026-09-01T21:18:32.726,14.493,2,455,455,355,367,57.6,62.0,0.57,1.19,1.42,1.16,0.15,0.04,0.57,1.19,-4.10,-3.32,29.62,29.45,100,010,0,0,2015,1956,1988,1923,2011,1943,42.73,34.3,3311,51.734,82.78,1
2026-09-01T21:18:32.737,14.504,2,463,463,367,367,59.3,64.0,0.11,1.24,0.88,1.26,0.10,0.24,0.11,1.24,-4.26,-3.65,30.40,31.19,100,010,0,0,1967,1964,2002,1921,2003,1951,42.73,34.3,3310,51.719,82.75,1
2026-09-01T21:18:32.748,14.515,2,470,470,380,380,59.2,66.7,0.21,0.90,1.08,0.88,0.25,0.03,0.21,0.90,-4.29,-3.73,31.05,31.61,100,010,0,0,1976,1965,1997,1910,2007,1942,42.73,34.3,3309,51.703,82.72,1
2026-09-01T21:18:32.759,14.526,2,476,476,395,395,66.8,64.3,-0.12,1.08,0.86,1.18,0.17,-0.18,-0.12,1.08,-4.20,-3.75,31.41,32.02,110,010,0,0,1963,1982,2000,1923,2023,1905,42.73,34.3,3310,51.719,82.75,1
2026-09-01T21:18:32.770,14.536,2,480,480,395,395,62.0,66.6,-0.06,1.01,0.76,1.26,-0.15,0.31,-0.06,1.01,-4.28,-3.84,32.53,33.16,110,110,0,0,1983,1992,1977,1921,2003,1963,42.73,34.3,3311,51.734,82.78,1
2026-09-01T21:18:32.781,14.547,2,484,484,410,410,68.0,62.8,0.29,0.18,0.98,0.68,-0.45,0.30,0.29,0.18,-4.13,-3.84,32.70,33.33,010,100,0,0,1972,2007,1991,1896,1970,1933,42.73,34.3,3313,51.766,82.83,1
2026-09-01T21:18:32.792,14.558,2,487,487,426,426,69.1,66.6,0.59,-0.07,0.74,0.80,-0.16,0.15,0.59,-0.07,-4.38,-3.63,32.68,33.31,011,100,0,0,1961,1998,2014,1901,1963,1952,42.73,34.3,3313,51.766,82.83,1
2026-09-01T21:18:32.803,14.569,2,489,489,426,426,71.0,70.9,0.69,-0.09,0.76,0.82,0.23,-0.40,0.69,-0.09,-4.68,-2.97,33.50,34.12,001,101,0,0,1959,1998,2013,1909,1954,1965,42.73,34.3,3312,51.750,82.80,1
2026-09-01T21:18:32.814,14.580,2,491,491,426,444,72.5,70.6,0.65,-0.16,1.32,0.48,0.81,-0.71,0.65,-0.16,-5.19,-2.62,34.26,33.86,101,001,0,0,1971,1984,2029,1883,1995,1955,42.73,34.3,3310,51.719,82.75,1
2026-09-01T21:18:32.825,14.591,2,493,493,444,426,72.4,74.9,0.13,0.65,0.92,0.76,0.08,-0.13,0.13,0.65,-5.24,-2.68,33.96,35.60,100,011,0,0,1971,1980,1992,1906,1967,1975,42.73,34.3,3310,51.719,82.75,1
2026-09-01T21:18:32.836,14.602,2,494,494,444,444,72.2,70.1,-0.33,0.61,1.02,0.70,0.08,0.18,-0.33,0.61,-5.28,-2.96,34.54,35.24,110,010,0,0,1958,1982,2008,1895,1994,1939,42.73,34.3,3310,51.719,82.75,1
2026-09-01T21:18:32.846,14.613,2,495,495,444,444,69.0,67.0,0.32,0.36,0.98,0.96,-0.49,0.41,0.32,0.36,-4.92,-3.67,35.18,35.93,010,110,0,0,1981,2010,1988,1914,1975,1922,42.73,34.3,3306,51.656,82.65,1
2026-09-01T21:18:32.858,14.624,2,496,496,463,444,72.5,75.6,0.71,-0.27,0.76,0.94,-0.03,0.60,0.71,-0.27,-5.10,-4.37,34.68,36.57,001,101,0,0,1965,1992,2020,1911,1969,1933,42.73,34.3,3313,51.766,82.83,1
2026-09-01T21:18:32.869,14.635,2,497,497,463,463,71.2,74.4,0.29,-0.09,0.80,0.62,0.49,-0.62,0.29,-0.09,-5.62,-3.94,35.10,35.96,101,001,0,0,1966,1976,2008,1894,1989,1959,42.73,34.3,3310,51.719,82.75,1
2026-09-01T21:18:32.879,14.646,2,497,497,463,463,70.6,69.4,-0.38,0.58,0.76,0.70,0.00,-0.35,-0.38,0.58,-5.48,-4.12,35.54,36.45,110,010,0,0,1957,1970,2046,1902,1993,1942,42.73,34.3,3309,51.703,82.72,1
2026-09-01T21:18:32.890,14.657,2,498,498,463,463,74.0,77.8,0.04,0.24,0.82,0.64,-0.68,0.75,0.04,0.24,-4.90,-4.57,35.91,36.82,010,110,0,0,1965,2006,2006,1893,1979,1951,42.73,34.3,3313,51.766,82.83,1
2026-09-01T21:18:32.901,14.668,2,498,498,463,463,74.8,72.5,0.58,-0.15,0.68,1.16,0.00,-0.17,0.58,-0.15,-4.96,-4.27,36.34,37.25,001,101,0,0,1964,1990,2007,1916,2009,1929,42.73,34.3,3312,51.750,82.80,1
2026-09-01T21:18:32.912,14.679,2,498,498,463,463,67.8,76.9,0.18,0.27,0.84,1.12,0.45,-0.63,0.18,0.27,-5.32,-4.00,36.59,37.59,101,001,0,0,1967,1968,2009,1920,1965,1971,42.70,34.3,3305,51.641,82.62,1
2026-09-01T21:18:32.923,14.689,2,499,499,484,484,75.4,77.5,-0.42,0.65,0.80,0.70,0.10,-0.46,-0.42,0.65,-5.60,-3.70,35.74,36.60,110,010,0,0,1959,1992,2012,1899,2005,1911,42.70,34.3,3310,51.719,82.75,1
2026-09-01T21:18:32.934,14.700,2,499,499,463,484,76.0,71.2,0.16,-0.04,0.68,0.52,-0.57,0.26,0.16,-0.04,-5.38,-3.80,37.19,36.78,011,100,0,0,1955,1993,1988,1890,1987,1960,42.70,34.3,3311,51.734,82.78,1
2026-09-01T21:18:32.945,14.711,2,499,499,484,484,69.4,72.8,0.40,-0.72,0.80,0.38,0.26,-0.30,0.40,-0.72,-5.86,-3.28,36.24,36.94,001,101,0,0,1948,1983,2015,1881,1980,1957,42.70,34.3,3312,51.750,82.80,1
2026-09-01T21:18:32.956,14.722,2,499,499,484,463,75.2,79.8,-0.22,-0.20,1.00,0.16,0.13,0.17,-0.22,-0.20,-6.23,-3.11,36.38,37.82,100,011,0,0,1995,2004,1977,1871,1943,1963,42.70,34.3,3310,51.719,82.75,1
2026-09-01T21:18:32.967,14.733,2,499,499,484,484,77.8,72.9,-0.33,0.51,0.72,0.66,-0.30,0.18,-0.33,0.51,-5.77,-3.39,36.54,37.14,010,110,0,0,1951,1982,2014,1898,1985,1933,42.70,34.3,3311,51.734,82.78,1
2026-09-01T21:18:32.977,14.744,2,499,499,484,463,72.8,79.2,0.51,-0.71,0.78,0.26,-0.36,1.30,0.51,-0.71,-5.49,-4.50,36.70,37.68,001,100,0,0,1965,2009,1975,1879,2010,1944,42.70,34.3,3312,51.750,82.80,1
2026-09-01T21:18:32.988,14.755,2,499,499,484,463,72.0,79.7,0.09,-0.18,0.80,0.76,0.21,-0.23,0.09,-0.18,-5.80,-4.10,36.86,37.73,101,001,0,0,1969,1985,2029,1902,1971,1958,42.70,34.3,3365,52.578,84.12,1
2026-09-01T21:18:32.999,14.766,2,499,499,484,463,75.5,70.0,-0.61,0.20,0.52,0.16,0.07,0.54,-0.61,0.20,-5.92,-4.47,37.02,37.68,110,010,0,0,1952,1990,2006,1876,1961,1966,42.70,34.3,3309,51.703,82.72,1
2026-09-01T21:18:33.010,14.777,2,499,499,484,463,78.9,79.1,0.42,0.01,0.78,0.46,-0.49,0.91,0.42,0.01,-5.27,-4.98,37.17,37.62,011,110,0,0,1963,1992,2004,1887,1975,1954,42.70,34.3,3313,51.766,82.83,1
2026-09-01T21:18:33.021,14.787,2,499,499,484,484,79.6,78.3,0.26,-0.49,0.56,0.74,0.54,0.32,0.26,-0.49,-5.63,-4.86,37.33,37.58,101,101,0,0,1955,1986,2004,1899,1975,1951,42.70,34.3,3312,51.750,82.80,1
2026-09-01T21:18:33.036,14.802,2,499,499,484,484,78.4,70.6,-0.98,0.00,0.64,0.64,-0.07,-0.73,-0.98,0.00,-5.48,-4.12,37.46,37.71,110,011,0,0,1943,1989,2019,1897,1983,1961,42.70,34.3,3375,52.734,84.38,1
2026-09-01T21:18:33.043,14.809,2,499,499,484,484,77.7,75.3,0.20,0.73,0.52,0.86,-0.42,-0.13,0.20,0.73,-5.35,-4.09,37.56,37.73,011,010,0,0,1951,1996,1996,1909,1997,1920,42.70,34.3,3310,51.719,82.75,1
2026-09-01T21:18:33.056,14.823,2,499,499,484,484,78.9,78.3,0.41,-0.42,0.56,0.54,0.72,0.16,0.41,-0.42,-6.17,-4.18,37.44,37.72,101,100,0,0,1956,1991,2011,1893,1955,1967,42.70,34.3,3312,51.750,82.80,1
2026-09-01T21:18:33.065,14.831,2,499,499,484,484,76.4,80.0,-0.99,-0.11,0.06,0.82,0.58,-0.75,-0.99,-0.11,-6.60,-3.32,37.37,37.80,110,001,0,0,1938,1988,2020,1905,1984,1969,42.70,34.3,3310,51.719,82.75,1
2026-09-01T21:18:33.076,14.842,2,499,499,484,484,75.9,79.9,0.22,0.37,0.74,0.36,-0.57,-0.13,0.22,0.37,-5.83,-3.21,37.50,37.81,011,010,0,0,1973,1998,1997,1884,1990,1928,42.70,34.3,3309,51.703,82.72,1
2026-09-01T21:18:33.087,14.853,2,499,499,484,484,77.3,77.8,0.49,-0.43,0.76,0.60,0.35,0.96,0.49,-0.43,-6.23,-3.78,37.43,37.76,101,100,0,0,1964,1982,2028,1874,2011,1961,42.70,34.3,3311,51.734,82.78,1
2026-09-01T21:18:33.098,14.864,2,500,500,484,484,78.2,75.4,-0.50,-0.39,0.70,0.64,0.12,-0.43,-0.50,-0.39,-6.29,-3.31,37.43,37.81,110,001,0,0,1959,1983,2012,1891,1979,1939,42.70,34.3,3308,51.688,82.70,1
2026-09-01T21:18:33.109,14.875,2,500,500,484,484,80.0,73.3,-0.25,0.20,0.18,0.20,-0.11,0.64,-0.25,0.20,-5.92,-4.14,37.46,37.72,011,010,0,0,1920,1983,1999,1873,1963,1957,42.70,34.3,3310,51.719,82.75,1
2026-09-01T21:18:33.120,14.887,2,500,500,507,484,77.3,70.5,0.23,0.38,0.64,1.10,0.46,0.16,0.23,0.38,-6.37,-4.25,36.26,37.71,101,110,0,0,1963,1983,1988,1927,1967,1923,42.70,34.3,3306,51.656,82.65,1
2026-09-01T21:18:33.131,14.898,2,500,500,484,484,79.9,77.4,-0.41,-0.58,0.84,0.60,-0.17,-0.29,-0.41,-0.58,-6.17,-4.29,37.44,37.70,110,101,0,0,1972,1991,2000,1897,1964,1961,42.70,34.3,3312,51.750,82.80,1
2026-09-01T21:18:33.142,14.909,2,500,500,484,484,80.0,79.4,0.10,0.07,0.38,0.44,-0.74,-0.10,0.10,0.07,-5.37,-4.18,37.54,37.72,011,011,0,0,1944,1983,2015,1883,1955,1953,42.70,34.3,3311,51.734,82.78,1
2026-09-01T21:18:33.153,14.920,2,500,500,484,484,79.8,73.5,0.35,0.57,0.68,0.68,0.54,0.05,0.35,0.57,-5.86,-4.38,37.49,37.70,101,110,0,0,1959,1992,2008,1898,1991,1935,42.70,34.3,3313,51.766,82.83,1
2026-09-01T21:18:33.164,14.931,2,500,500,507,484,76.1,73.3,-0.85,-0.20,0.28,1.18,-0.26,-0.26,-0.85,-0.20,-5.69,-4.15,36.24,37.72,110,101,0,0,1943,2003,2007,1917,2013,1934,42.70,34.3,3313,51.766,82.83,1
2026-09-01T21:18:33.175,14.942,2,500,500,484,484,76.6,71.3,0.44,-0.12,0.56,0.28,-0.30,-0.50,0.44,-0.12,-5.73,-3.78,37.51,37.76,011,011,0,0,1966,1991,2015,1881,1980,1944,42.70,34.3,3310,51.719,82.75,1
2026-09-01T21:18:33.187,14.953,2,500,500,484,484,71.9,74.3,0.02,0.62,0.66,0.62,0.65,0.01,0.02,0.62,-6.45,-3.63,37.40,37.78,101,110,0,0,1958,1978,2000,1903,1991,1929,42.70,34.3,3311,51.734,82.78,1
2026-09-01T21:18:33.198,14.964,2,500,500,484,484,72.2,71.1,-0.34,-0.72,0.84,0.46,-0.23,0.03,-0.34,-0.72,-6.11,-3.55,37.45,37.78,110,101,0,0,1978,1995,1997,1886,1976,1966,42.70,34.3,3313,51.766,82.83,1
2026-09-01T21:18:33.209,14.976,2,500,500,484,484,77.1,76.3,0.35,0.04,0.46,0.36,-0.11,-0.59,0.43,0.11,-5.93,-2.84,37.48,37.84,001,011,0,0,1953,1990,2014,1880,1981,1944,42.70,34.3,3308,51.688,82.70,1
2026-09-01T21:18:33.220,14.987,2,500,500,484,484,78.3,74.0,-0.37,0.49,0.30,0.58,0.56,0.32,-0.40,0.45,-6.48,-3.22,37.39,37.81,100,110,0,0,1943,1994,2022,1889,1979,1937,42.70,34.3,3311,51.734,82.78,1
2026-09-01T21:18:33.234,15.001,2,500,500,484,484,80.0,73.3,-0.22,-0.90,0.76,0.12,-0.54,0.86,-0.22,-0.90,-6.00,-4.09,37.47,37.73,010,101,0,0,1964,2001,2015,1874,1995,1939,42.70,34.3,3311,51.734,82.78,1
2026-09-01T21:18:33.242,15.009,2,500,500,484,484,79.4,76.8,0.32,0.14,0.40,0.90,-0.01,-0.82,0.32,0.14,-6.01,-3.66,37.47,37.77,001,001,0,0,1941,1990,2024,1907,1974,1971,42.70,34.3,3311,51.734,82.78,1
2026-09-01T21:18:33.253,15.020,2,500,500,507,484,76.7,79.8,-0.10,0.50,0.72,0.50,0.40,0.16,-0.10,0.50,-6.34,-4.31,36.23,37.70,100,010,0,0,1965,1992,1988,1894,1983,1947,42.70,34.3,3310,51.719,82.75,1
2026-09-01T21:18:33.267,15.033,2,500,500,507,484,77.3,79.0,-0.30,-0.33,0.66,0.48,-0.60,0.67,-0.30,-0.33,-5.72,-4.74,36.23,37.65,010,100,0,0,1958,1999,2039,1888,1977,1957,42.70,34.3,3312,51.750,82.80,1
2026-09-01T21:18:33.275,15.042,2,500,500,484,484,80.1,74.8,0.46,-0.29,0.54,0.82,0.15,-0.53,0.46,-0.29,-5.62,-4.29,37.53,37.70,001,001,0,0,1953,1996,2006,1895,1987,1931,42.70,34.3,3310,51.719,82.75,1
2026-09-01T21:18:33.286,15.053,2,500,500,484,484,79.9,70.0,-0.36,0.46,0.64,0.54,0.40,-0.28,-0.36,0.46,-5.95,-4.22,37.46,37.70,100,011,0,0,1959,1991,2007,1891,1987,1943,42.68,34.3,3310,51.719,82.75,1
2026-09-01T21:18:33.297,15.064,2,500,500,484,484,79.8,77.3,-0.44,0.08,0.48,0.62,-0.09,0.55,-0.44,0.08,-5.81,-4.47,37.48,37.67,010,110,0,0,1965,1979,2015,1894,1970,1946,42.68,34.3,3312,51.750,82.80,1
2026-09-01T21:18:33.308,15.074,2,500,500,484,484,78.0,80.0,0.30,-0.42,0.50,0.84,0.17,-0.37,0.30,-0.42,-5.84,-3.86,37.48,37.73,001,101,0,0,1941,2015,1981,1909,1960,1965,42.68,34.3,3311,51.734,82.78,1
2026-09-01T21:18:33.319,15.085,2,500,500,484,484,78.9,79.6,0.05,0.15,1.04,0.38,0.35,-0.67,0.05,0.15,-6.32,-3.14,37.40,37.80,100,011,0,0,1979,1983,2003,1883,1987,1943,42.68,34.3,3310,51.719,82.75,1
2026-09-01T21:18:33.330,15.097,2,500,500,484,484,78.8,78.5,-0.34,0.40,0.68,0.58,-0.41,0.33,-0.34,0.40,-5.88,-3.49,37.47,37.77,010,110,0,0,1961,1999,2007,1891,1974,1963,42.68,34.3,3312,51.750,82.80,1
2026-09-01T21:18:33.341,15.108,2,500,500,507,484,77.3,75.5,0.49,-0.78,0.66,0.42,-0.02,0.12,0.49,-0.78,-5.95,-3.45,36.23,37.77,001,101,0,0,1968,1970,2002,1888,1985,1960,42.68,34.3,3312,51.750,82.80,1
2026-09-01T21:18:33.352,15.119,2,500,500,484,484,79.9,72.2,-0.67,0.21,0.72,1.04,0.75,-0.98,-0.67,0.21,-6.51,-2.93,37.37,37.82,100,001,0,0,1938,2015,2030,1911,1999,1969,42.68,34.3,3373,52.703,84.33,1
2026-09-01T21:18:33.363,15.129,2,500,500,507,484,77.0,77.6,-0.27,0.39,0.76,0.40,-0.45,0.31,-0.27,0.39,-6.02,-4.01,36.21,37.72,010,010,0,0,1961,1999,2030,1885,1983,1942,42.68,34.3,3311,51.734,82.78,1
2026-09-01T21:18:33.374,15.140,2,500,500,484,463,76.9,79.4,0.28,-0.41,0.64,0.60,-0.25,1.06,0.28,-0.41,-5.64,-4.64,37.49,37.65,001,100,0,0,1944,2015,1967,1885,2011,1952,42.68,34.3,3312,51.750,82.80,1
2026-09-01T21:18:33.385,15.151,2,500,500,484,463,78.8,75.8,-0.13,-0.37,0.54,0.98,0.14,-0.24,-0.13,-0.37,-5.91,-4.03,37.47,37.69,100,001,0,0,1957,2006,1998,1893,1995,1887,42.68,34.3,3310,51.719,82.75,1
2026-09-01T21:18:33.396,15.162,2,500,500,484,484,78.6,73.5,-0.31,0.32,0.74,0.32,-0.42,-0.01,-0.31,0.32,-5.55,-4.34,37.52,37.68,010,010,0,0,1962,1992,2012,1879,1983,1943,42.68,34.3,3309,51.703,82.72,1
2026-09-01T21:18:33.407,15.173,2,500,500,484,484,77.7,76.1,0.32,0.01,0.82,0.58,-0.24,0.66,0.32,0.01,-5.32,-4.67,37.54,37.64,001,110,0,0,1944,1983,2003,1892,1969,1943,42.68,34.3,3311,51.734,82.78,1
2026-09-01T21:18:33.418,15.184,2,500,500,484,484,77.2,79.0,-0.33,-0.63,0.48,0.68,0.76,-0.06,-0.33,-0.63,-6.09,-4.20,37.44,37.70,100,101,0,0,1941,1999,2031,1894,1978,1956,42.68,34.3,3312,51.750,82.80,1
2026-09-01T21:18:33.429,15.195,2,500,500,507,484,76.5,80.0,-0.32,0.17,0.76,0.36,-0.37,-0.52,-0.32,0.17,-5.89,-3.64,36.26,37.75,010,011,0,0,1961,1999,2022,1883,1983,1942,42.68,34.3,3310,51.719,82.75,1
2026-09-01T21:18:33.440,15.206,2,500,500,484,484,77.1,79.7,0.32,0.64,0.52,0.94,-0.03,0.19,0.32,0.64,-5.88,-3.76,37.47,37.74,001,110,0,0,1943,2014,1994,1911,1987,1923,42.68,34.3,3312,51.750,82.80,1
2026-09-01T21:18:33.453,15.220,2,500,500,484,484,78.3,78.6,0.01,-0.79,0.86,0.32,0.31,-0.10,-0.02,-0.75,-6.48,-3.59,37.37,37.76,100,101,0,0,1976,1982,1999,1882,1973,1963,42.68,34.3,3311,51.734,82.78,1
2026-09-01T21:18:33.462,15.228,2,500,500,484,484,78.1,73.8,-0.32,-0.04,0.70,0.42,-0.43,-0.71,-0.32,-0.04,-6.03,-3.07,37.45,37.81,010,011,0,0,1961,1997,2011,1879,1949,1943,42.68,34.3,3308,51.688,82.70,1
2026-09-01T21:18:33.473,15.239,2,500,500,484,484,78.8,71.1,0.53,0.44,0.72,0.50,-0.07,0.25,0.53,0.44,-6.02,-3.49,37.45,37.77,001,110,0,0,1959,1992,2008,1889,1983,1948,42.68,34.3,3313,51.766,82.83,1
2026-09-01T21:18:33.484,15.250,2,500,500,484,463,79.5,75.9,-0.57,-0.89,0.46,0.14,0.78,1.02,-0.57,-0.89,-6.53,-4.45,37.36,37.67,100,100,0,0,1935,2011,2027,1874,1999,1943,42.68,34.3,3313,51.766,82.83,1
2026-09-01T21:18:33.495,15.261,2,500,500,507,484,77.5,78.5,-0.33,-0.18,0.64,0.62,-0.45,-0.64,-0.33,-0.18,-6.04,-3.84,36.22,37.74,010,001,0,0,1959,1998,2015,1895,1981,1961,42.68,34.3,3310,51.719,82.75,1
2026-09-01T21:18:33.506,15.272,2,500,500,484,484,78.8,79.4,0.36,0.48,0.44,0.48,-0.07,-0.03,0.36,0.48,-5.77,-4.05,37.49,37.71,001,010,0,0,1947,1987,2023,1888,1983,1941,42.68,34.3,3311,51.734,82.78,1
2026-09-01T21:18:33.517,15.283,2,500,500,484,484,79.4,75.1,-0.04,-0.19,0.92,0.48,0.34,0.58,-0.04,-0.19,-5.91,-4.63,37.46,37.64,100,100,0,0,1975,1983,2000,1879,1995,1963,42.68,34.3,3311,51.734,82.78,1
2026-09-01T21:18:33.528,15.294,2,500,500,484,484,79.3,70.1,-0.63,-0.26,0.34,0.86,-0.04,-0.49,-0.63,-0.26,-5.70,-4.35,37.50,37.68,010,001,0,0,1933,1966,2021,1910,1970,1954,42.68,34.3,3374,52.719,84.35,1
2026-09-01T21:18:33.539,15.305,2,500,500,507,484,77.4,75.3,0.45,0.53,0.64,0.68,-0.07,-0.48,0.45,0.53,-5.73,-4.06,36.23,37.71,001,011,0,0,1953,1974,2015,1901,1992,1944,42.68,34.3,3311,51.734,82.78,1
2026-09-01T21:18:33.550,15.316,2,500,500,484,463,78.9,80.0,-0.17,-0.03,0.80,0.42,0.57,1.42,-0.17,-0.03,-6.29,-4.75,37.41,37.63,100,110,0,0,1958,1995,2022,1875,1979,1991,42.68,34.3,3312,51.750,82.80,1
2026-09-01T21:18:33.561,15.327,2,500,500,507,484,75.0,78.1,-0.24,-0.66,0.82,0.54,-0.48,-0.11,-0.24,-0.66,-6.03,-4.13,36.23,37.70,010,101,0,0,1967,2006,2011,1895,1957,1971,42.68,34.3,3311,51.734,82.78,1
2026-09-01T21:18:33.572,15.338,2,500,500,484,484,76.0,74.1,0.51,0.06,0.78,0.50,-0.19,-0.75,0.51,0.06,-5.92,-3.29,37.45,37.79,001,011,0,0,1957,2022,1975,1887,1986,1945,42.68,34.3,3309,51.703,82.72,1
2026-09-01T21:18:33.583,15.349,2,500,500,484,484,78.2,72.5,-0.15,0.65,0.64,0.76,0.31,-0.32,-0.15,0.65,-6.25,-3.21,37.41,37.79,100,110,0,0,1953,2009,2005,1901,1978,1965,42.68,34.3,3312,51.750,82.80,1
2026-09-01T21:18:33.594,15.360,2,500,500,484,484,80.0,71.2,-0.31,-0.68,0.64,0.42,-0.43,0.08,-0.31,-0.68,-5.95,-3.59,37.46,37.76,010,101,0,0,1959,1989,2013,1887,1972,1963,42.68,34.3,3311,51.734,82.78,1
2026-09-01T21:18:33.605,15.371,2,500,500,484,484,80.0,73.1,0.34,-0.06,0.32,0.48,0.23,-0.65,0.34,-0.06,-6.07,-3.23,37.44,37.79,001,001,0,0,1947,1997,2006,1891,1987,1953,42.68,34.3,3310,51.719,82.75,1
2026-09-01T21:18:33.616,15.382,2,500,500,484,484,79.5,77.4,-0.43,0.41,0.56,0.34,0.17,0.24,-0.43,0.41,-6.19,-4.28,37.42,37.69,100,010,0,0,1955,2008,1992,1887,1993,1923,42.68,34.3,3310,51.719,82.75,1
2026-09-01T21:18:33.627,15.393,2,500,500,507,484,77.3,79.5,-0.29,-0.23,0.60,0.64,-0.58,0.57,-0.29,-0.23,-5.63,-4.58,36.22,37.65,010,100,0,0,1956,1999,2038,1894,1979,1960,42.68,34.3,3312,51.750,82.80,1
2026-09-01T21:18:33.638,15.404,2,500,500,484,484,79.3,73.3,0.34,-0.37,0.44,0.74,0.00,-0.45,0.34,-0.37,-5.56,-4.14,37.52,37.70,001,001,0,0,1949,1990,2011,1897,1994,1916,42.68,34.3,3310,51.719,82.75,1
2026-09-01T21:18:33.649,15.415,2,500,500,507,484,77.5,73.6,-0.18,0.24,0.72,0.28,0.33,0.06,-0.18,0.24,-5.92,-4.42,36.25,37.67,100,011,0,0,1962,2008,1983,1879,1975,1947,42.68,34.3,3310,51.719,82.75,1
2026-09-01T21:18:33.660,15.426,2,500,500,484,484,78.7,79.8,-0.29,0.11,0.80,0.46,-0.46,0.80,-0.29,0.11,-5.65,-4.85,37.51,37.62,010,110,0,0,1964,1997,2007,1887,1973,1955,42.68,34.3,3312,51.750,82.80,1
2026-09-01T21:18:33.670,15.437,2,500,500,484,484,78.8,79.8,0.53,-0.25,0.70,1.08,-0.02,-0.32,0.53,-0.25,-5.89,-4.35,37.47,37.68,001,101,0,0,1957,1987,2011,1920,1953,1970,42.68,34.3,3312,51.750,82.80,1
2026-09-01T21:18:33.682,15.448,2,500,500,484,484,79.0,77.8,-0.42,0.17,0.48,0.44,0.68,-0.77,-0.42,0.27,-6.57,-3.65,37.36,37.75,100,011,0,0,1939,2008,2028,1891,1987,1947,42.68,34.3,3311,51.734,82.78,1
2026-09-01T21:18:33.693,15.459,2,500,500,484,484,79.5,75.5,-0.39,0.61,0.72,0.70,-0.33,0.21,-0.34,0.46,-6.15,-3.63,37.43,37.76,010,110,0,0,1953,1991,2015,1895,1975,1959,42.68,34.3,3311,51.734,82.78,1
2026-09-01T21:18:33.704,15.470,2,500,500,484,484,78.3,79.2,0.49,-0.53,0.64,0.72,0.01,-0.26,0.49,-0.53,-6.04,-3.44,37.45,37.78,001,101,0,0,1960,1984,2013,1900,1965,1958,42.68,34.3,3312,51.750,82.80,1
2026-09-01T21:18:33.715,15.481,2,500,500,484,484,79.4,72.3,-0.44,-0.05,0.56,0.46,0.42,-0.84,-0.44,-0.05,-6.47,-3.02,37.38,37.81,100,011,0,0,1961,1990,2010,1882,1946,1938,42.68,34.3,3310,51.719,82.75,1
2026-09-01T21:18:33.726,15.492,2,500,500,484,484,78.4,69.4,-0.20,0.45,0.60,0.42,-0.70,0.23,-0.20,0.45,-5.95,-3.51,37.46,37.77,010,110,0,0,1963,2001,2019,1890,1982,1946,42.68,34.3,3313,51.766,82.83,1
2026-09-01T21:18:33.737,15.503,2,500,500,484,463,78.2,76.9,0.50,-0.90,0.60,0.08,0.16,1.19,0.50,-0.90,-6.25,-4.62,37.41,37.65,001,100,0,0,1955,1991,2015,1869,2006,1945,42.68,34.3,3312,51.750,82.80,1
2026-09-01T21:18:33.748,15.514,2,500,500,484,484,79.0,79.9,-0.53,-0.05,0.52,0.82,0.22,-0.80,-0.53,-0.05,-6.21,-3.71,37.42,37.75,100,001,0,0,1952,2015,1995,1908,1981,1973,42.68,34.3,3310,51.719,82.75,1
2026-09-01T21:18:33.759,15.525,2,500,500,507,484,71.9,80.0,-0.08,0.46,0.64,0.48,-1.13,0.16,-0.08,0.46,-5.53,-4.27,36.20,37.69,010,010,0,0,1955,2004,2052,1886,1975,1951,42.68,34.3,3310,51.719,82.75,1
2026-09-01T21:18:33.770,15.536,2,500,500,484,484,77.7,75.3,0.29,-0.32,0.42,0.30,-0.03,0.96,0.29,-0.32,-5.69,-4.95,37.50,37.61,001,100,0,0,1957,1975,2011,1883,1977,1964,42.68,34.3,3312,51.750,82.80,1
2026-09-01T21:18:33.781,15.547,2,500,500,507,484,74.3,69.9,-0.43,-0.40,0.68,0.72,0.17,-0.55,-0.43,-0.40,-6.00,-4.19,36.22,37.70,100,101,0,0,1955,2006,1989,1906,1984,1951,42.68,34.3,3374,52.719,84.35,1
2026-09-01T21:18:33.792,15.558,2,500,500,484,484,79.6,77.7,-0.65,0.56,0.16,0.76,-0.19,-0.60,-0.65,0.56,-5.91,-3.70,37.47,37.75,010,011,0,0,1934,1983,2023,1904,1992,1946,42.68,34.3,3310,51.719,82.75,1
2026-09-01T21:18:33.803,15.569,2,500,500,484,484,80.0,79.8,0.39,0.05,0.74,0.54,0.07,1.19,0.39,0.05,-6.03,-4.21,37.45,37.70,001,110,0,0,1957,1989,2013,1879,1973,1987,42.68,34.3,3313,51.766,82.83,1
2026-09-01T21:18:33.813,15.580,2,500,500,484,484,79.0,76.9,-0.08,-0.88,0.84,0.32,0.38,-0.12,-0.14,-0.81,-6.47,-3.78,37.38,37.74,100,101,0,0,1969,1987,2007,1882,1971,1966,42.68,34.3,3311,51.734,82.78,1
2026-09-01T21:18:33.825,15.591,2,500,500,507,484,77.1,72.2,-0.45,0.36,0.46,1.08,-0.46,-0.71,-0.38,0.34,-6.09,-2.89,36.20,37.82,010,011,0,0,1951,1990,2022,1907,1954,1949,42.68,34.3,3310,51.719,82.75,1
2026-09-01T21:18:33.836,15.602,2,500,500,507,484,76.7,74.0,0.50,0.34,0.62,0.44,-0.07,0.17,0.50,0.34,-6.07,-3.23,36.20,37.79,001,110,0,0,1955,1966,2015,1886,1978,1946,42.68,34.3,3311,51.734,82.78,1
2026-09-01T21:18:33.847,15.613,2,500,500,484,484,79.4,69.6,-0.86,-0.67,0.00,0.40,0.81,0.13,-0.86,-0.67,-6.64,-3.36,37.34,37.78,100,100,0,0,1932,2015,2012,1890,1972,1959,42.68,34.3,3312,51.750,82.80,1
2026-09-01T21:18:33.858,15.624,2,500,500,507,484,77.1,77.2,-0.23,0.09,0.72,0.86,-0.63,-0.90,-0.23,0.09,-6.04,-2.94,36.18,37.82,010,001,0,0,1957,1999,2023,1905,1982,1968,42.68,34.3,3310,51.719,82.75,1
2026-09-01T21:18:33.869,15.635,2,500,500,484,484,80.0,79.9,0.34,0.52,0.46,0.54,0.38,-0.03,0.34,0.52,-6.15,-3.71,37.43,37.75,001,010,0,0,1948,2010,1991,1891,1989,1938,42.68,34.3,3310,51.719,82.75,1
2026-09-01T21:18:33.879,15.646,2,500,500,484,463,80.0,74.6,-0.10,0.08,0.82,0.96,0.34,0.40,-0.10,0.08,-6.24,-4.05,37.41,37.71,100,100,0,0,1971,1996,2004,1895,2035,1967,42.68,34.3,3312,51.750,82.80,1
2026-09-01T21:18:33.891,15.657,2,500,500,484,484,80.0,69.9,-0.40,-0.23,0.44,0.92,-0.49,-0.47,-0.40,-0.23,-5.65,-4.15,37.49,37.70,010,101,0,0,1963,2000,2016,1911,1979,1959,42.68,34.3,3307,51.672,82.67,1
2026-09-01T21:18:33.901,15.668,2,500,500,484,463,80.0,79.7,0.18,-0.06,0.40,0.20,-0.03,0.70,0.18,-0.06,-5.59,-4.56,37.52,37.65,001,011,0,0,1940,1979,2007,1868,1932,1968,42.68,34.3,3310,51.719,82.75,1
2026-09-01T21:18:33.912,15.679,2,500,500,484,484,78.9,78.9,-0.45,0.69,0.30,1.00,0.59,0.34,-0.49,0.54,-6.21,-4.58,37.42,37.65,100,110,0,0,1947,1998,2010,1911,1979,1947,42.68,34.3,3312,51.750,82.80,1
2026-09-01T21:18:33.923,15.690,2,500,500,507,484,77.1,74.8,-0.35,-0.29,0.60,0.98,-0.54,0.00,-0.30,-0.55,-6.01,-4.29,36.23,37.69,010,101,0,0,1957,1998,2023,1905,1995,1935,42.68,34.3,3311,51.734,82.78,1
2026-09-01T21:18:33.934,15.701,2,500,500,484,484,80.0,75.8,0.54,-0.06,0.68,0.32,-0.02,-0.33,0.54,-0.06,-6.07,-3.91,37.44,37.73,001,011,0,0,1964,1987,2022,1880,1979,1946,42.68,34.3,3310,51.719,82.75,1
2026-09-01T21:18:33.945,15.712,2,500,500,484,484,80.0,72.7,-0.42,0.76,0.44,0.84,0.28,-0.41,-0.42,0.76,-6.35,-3.47,37.40,37.77,100,110,0,0,1949,2007,1999,1904,1981,1955,42.68,34.3,3311,51.734,82.78,1
2026-09-01T21:18:33.957,15.723,2,500,500,484,484,80.0,69.4,-0.76,-0.65,0.20,0.54,-0.13,0.12,-0.76,-0.65,-6.09,-3.56,37.44,37.76,010,100,0,0,1933,1978,2023,1889,1975,1968,42.68,34.3,3312,51.750,82.80,1
2026-09-01T21:18:33.968,15.734,2,500,500,484,484,78.3,70.5,0.63,-0.13,0.82,0.30,0.11,-0.74,0.63,-0.13,-6.07,-2.94,37.41,37.79,001,001,0,0,1967,1989,2018,1879,1992,1945,42.65,34.3,3310,51.719,82.75,1
2026-09-01T21:18:33.979,15.745,2,500,500,484,484,77.2,71.5,-0.93,0.53,0.20,0.68,0.62,0.11,-0.93,0.53,-6.54,-3.22,37.33,37.77,100,010,0,0,1935,2004,2008,1895,1987,1937,42.65,34.3,3387,52.922,84.67,1
2026-09-01T21:18:33.990,15.756,2,500,500,507,463,75.2,79.7,-0.20,-0.93,0.66,0.00,-0.76,1.44,-0.20,-0.93,-5.76,-4.38,36.16,37.65,010,100,0,0,1957,2006,2051,1859,2016,1950,42.65,34.3,3312,51.750,82.80,1
2026-09-01T21:18:34.000,15.767,2,500,500,484,484,79.9,78.7,0.39,-0.43,0.66,0.58,0.02,-0.29,0.44,-0.40,-5.73,-3.74,37.47,37.72,001,001,0,0,1955,1987,2014,1889,1984,1943,42.65,34.3,3310,51.719,82.75,1
2026-09-01T21:18:34.011,15.778,2,500,500,484,484,79.1,74.7,-0.22,0.43,0.78,0.34,0.14,0.21,-0.22,0.43,-5.82,-4.06,37.45,37.69,100,010,0,0,1974,1996,1982,1887,1975,1953,42.65,34.3,3309,51.703,82.72,1
2026-09-01T21:18:34.024,15.790,2,500,500,484,484,80.0,74.9,-0.68,0.01,0.16,0.56,0.00,0.70,-0.68,0.01,-5.78,-4.58,37.46,37.62,010,110,0,0,1933,1967,2011,1894,1971,1943,42.65,34.3,3312,51.750,82.80,1
2026-09-01T21:18:34.035,15.801,2,500,500,507,484,77.4,80.0,0.51,-0.61,0.74,0.62,-0.05,-0.20,0.51,-0.61,-5.70,-4.30,36.21,37.66,001,101,0,0,1962,1967,2015,1897,1971,1965,42.65,34.3,3312,51.750,82.80,1
2026-09-01T21:18:34.044,15.810,2,500,500,484,484,78.2,75.8,-0.12,0.13,0.66,0.50,0.54,-0.69,-0.12,0.13,-6.34,-3.79,37.37,37.71,100,011,0,0,1959,1992,2012,1887,1983,1951,42.65,34.3,3308,51.688,82.70,1
2026-09-01T21:18:34.055,15.821,2,500,500,507,484,76.5,72.9,-0.26,0.96,0.76,1.28,-0.55,-0.36,-0.26,0.96,-6.02,-3.66,36.21,37.73,010,110,0,0,1964,2002,2018,1922,1964,2032,42.65,34.3,3312,51.750,82.80,1
2026-09-01T21:18:34.066,15.833,2,500,500,484,484,79.8,73.1,0.45,-0.75,0.70,0.40,0.29,0.08,0.45,-0.75,-6.16,-3.87,37.40,37.71,001,101,0,0,1951,2008,1996,1882,1975,1967,42.65,34.3,3311,51.734,82.78,1
2026-09-01T21:18:34.077,15.844,2,500,500,484,484,80.0,70.0,-0.26,0.24,0.80,0.88,0.40,-0.97,-0.26,0.24,-6.42,-2.89,37.36,37.79,100,001,0,0,1961,1994,2006,1906,1979,1951,42.65,34.3,3375,52.734,84.38,1
2026-09-01T21:18:34.088,15.855,2,500,500,484,484,79.8,77.1,-0.32,0.43,0.98,0.44,-0.35,0.03,-0.32,0.43,-6.08,-3.14,37.41,37.77,010,010,0,0,1955,1988,2015,1883,1987,1929,42.65,34.3,3310,51.719,82.75,1
2026-09-01T21:18:34.099,15.865,2,500,500,484,484,78.9,80.0,0.41,-0.73,0.62,0.22,0.02,1.21,0.41,-0.73,-6.12,-3.74,37.41,37.72,001,100,0,0,1957,1996,2008,1867,1999,1967,42.65,34.3,3313,51.766,82.83,1
2026-09-01T21:18:34.110,15.877,2,500,500,484,484,79.8,80.0,-0.39,-0.31,0.58,0.60,0.15,-0.47,-0.39,-0.31,-6.37,-3.20,37.36,37.77,100,001,0,0,1957,2006,1995,1896,1993,1953,42.65,34.3,3311,51.734,82.78,1
2026-09-01T21:18:34.121,15.888,2,500,500,507,484,77.3,74.8,-0.14,0.16,0.88,0.04,-0.60,0.72,-0.14,0.16,-5.84,-4.21,36.16,37.67,010,010,0,0,1965,2008,2020,1869,1963,1959,42.65,34.3,3309,51.703,82.72,1
2026-09-01T21:18:34.132,15.899,2,500,500,484,484,80.0,70.0,0.39,0.30,0.42,1.02,0.02,0.20,0.39,0.30,-5.74,-4.27,37.47,37.66,001,110,0,0,1948,1991,2000,1919,1991,1947,42.65,34.3,3306,51.656,82.65,1
2026-09-01T21:18:34.143,15.910,2,500,500,507,484,77.2,76.3,-0.38,-0.34,0.58,0.90,0.35,-0.40,-0.38,-0.34,-6.02,-4.37,36.21,37.65,100,101,0,0,1954,2007,1990,1910,1957,1968,42.65,34.3,3312,51.750,82.80,1
2026-09-01T21:18:34.154,15.920,2,500,500,484,484,79.7,79.8,-0.28,0.11,0.76,0.42,-0.42,-0.18,-0.28,0.11,-5.61,-4.15,37.49,37.68,010,011,0,0,1964,1991,2011,1881,1967,1951,42.65,34.3,3310,51.719,82.75,1
2026-09-01T21:18:34.165,15.931,2,500,500,484,484,77.9,73.4,0.49,0.59,0.60,0.64,-0.04,0.02,0.49,0.59,-5.68,-4.28,37.45,37.66,001,110,0,0,1955,2004,1988,1895,1975,1991,42.65,34.3,3310,51.719,82.75,1
2026-09-01T21:18:34.176,15.942,2,500,500,484,484,78.2,70.3,-0.53,-0.46,0.76,0.72,0.86,0.12,-0.53,-0.46,-6.28,-4.43,37.38,37.65,100,101,0,0,1938,2011,2068,1906,1967,1955,42.65,34.3,3376,52.750,84.40,1
2026-09-01T21:18:34.187,15.953,2,500,500,484,484,78.9,75.5,-0.31,-0.22,0.68,0.46,-0.31,-0.64,-0.31,-0.22,-6.12,-3.75,37.41,37.72,010,001,0,0,1961,1991,2013,1884,1994,1950,42.65,34.3,3310,51.719,82.75,1
2026-09-01T21:18:34.198,15.964,2,500,500,484,484,79.4,77.8,0.46,0.56,0.60,0.64,-0.16,-0.15,0.46,0.56,-6.01,-3.59,37.43,37.73,001,010,0,0,1954,1983,2015,1896,1994,1926,42.65,34.3,3310,51.719,82.75,1
2026-09-01T21:18:34.209,15.976,2,500,500,484,484,79.8,76.8,-0.39,-0.48,0.60,0.68,0.41,0.24,-0.39,-0.48,-6.42,-3.63,37.36,37.73,100,100,0,0,1955,1996,2006,1895,1965,1961,42.65,34.3,3312,51.750,82.80,1
2026-09-01T21:18:34.220,15.986,2,500,500,507,484,77.4,80.0,-0.34,-0.36,0.62,0.50,-0.57,-0.52,-0.34,-0.36,-6.00,-3.10,36.18,37.78,010,001,0,0,1952,1991,2023,1889,1989,1946,42.65,34.3,3311,51.734,82.78,1
2026-09-01T21:18:34.231,15.997,2,500,500,484,484,79.4,78.5,0.37,0.29,0.52,0.26,-0.04,0.10,0.37,0.29,-6.03,-3.27,37.42,37.76,001,010,0,0,1955,1991,2015,1879,1986,1938,42.65,34.3,3311,51.734,82.78,1
2026-09-01T21:18:34.242,16.008,2,500,500,484,484,79.8,73.2,-0.14,-0.04,0.84,0.56,0.35,0.46,-0.14,-0.04,-6.36,-4.02,37.37,37.69,100,100,0,0,1967,1984,2000,1892,1991,1955,42.65,34.3,3312,51.750,82.80,1
2026-09-01T21:18:34.253,16.019,2,500,500,507,484,76.8,76.4,-0.50,-0.89,0.44,0.34,-0.43,0.16,-0.50,-0.89,-5.79,-4.22,36.17,37.67,010,101,0,0,1952,1991,2027,1886,1984,1952,42.65,34.3,3313,51.766,82.83,1
2026-09-01T21:18:34.264,16.030,2,500,500,484,484,79.7,79.6,0.54,0.28,0.72,0.52,-0.15,-0.28,0.54,0.28,-5.51,-4.02,37.50,37.69,001,011,0,0,1962,1983,2019,1888,1982,1946,42.65,34.3,3310,51.719,82.75,1
2026-09-01T21:18:34.274,16.041,2,500,500,484,484,78.0,78.2,-0.12,0.55,0.82,0.88,0.62,0.59,-0.28,0.40,-6.04,-4.52,37.42,37.63,100,110,0,0,1978,2008,2012,1906,1979,1967,42.65,34.3,3311,51.734,82.78,1
2026-09-01T21:18:34.286,16.052,2,500,500,484,484,78.0,73.7,-0.35,-0.72,0.70,0.44,-0.13,0.18,-0.35,-0.72,-5.82,-4.53,37.44,37.63,010,101,0,0,1953,1959,2011,1890,1971,1955,42.65,34.3,3311,51.734,82.78,1
2026-09-01T21:18:34.297,16.063,2,500,500,484,484,78.9,70.8,0.35,0.25,0.40,0.90,0.06,-0.96,0.35,0.25,-6.07,-3.90,37.41,37.70,001,011,0,0,1945,1992,2008,1911,1983,1970,42.65,34.3,3306,51.656,82.65,1
2026-09-01T21:18:34.308,16.074,2,500,500,484,484,79.5,75.4,-0.03,0.73,0.96,0.84,0.26,-0.16,-0.03,0.73,-6.43,-3.90,37.36,37.70,100,010,0,0,1975,1983,1995,1905,1998,1922,42.65,34.3,3310,51.719,82.75,1
2026-09-01T21:18:34.319,16.085,2,500,500,507,484,77.1,79.0,-0.42,-0.53,0.42,0.38,-0.44,0.49,-0.42,-0.53,-6.23,-4.30,36.20,37.66,010,100,0,0,1953,1991,2019,1885,1970,1964,42.65,34.3,3312,51.750,82.80,1
2026-09-01T21:18:34.330,16.097,2,500,500,507,484,77.5,79.7,0.49,-0.04,0.72,0.82,-0.08,-0.83,0.49,-0.04,-6.07,-3.29,36.19,37.76,001,001,0,0,1961,1975,2007,1907,1988,1972,42.65,34.3,3310,51.719,82.75,1
2026-09-01T21:18:34.341,16.107,2,500,500,484,484,79.0,79.1,-0.50,0.32,0.46,0.32,0.63,-0.04,-0.50,0.32,-6.41,-3.26,37.36,37.76,100,010,0,0,1936,2022,2029,1883,1987,1935,42.65,34.3,3310,51.719,82.75,1
2026-09-01T21:18:34.351,16.118,2,500,500,507,484,75.9,72.6,-0.34,0.07,0.66,0.80,-0.35,0.18,-0.34,0.07,-6.21,-3.37,36.17,37.76,010,100,0,0,1962,1995,2018,1899,2036,1986,42.65,34.3,3311,51.734,82.78,1
2026-09-01T21:18:34.362,16.129,2,500,500,484,484,77.1,69.6,0.58,-0.51,0.88,0.56,-0.05,-0.45,0.58,-0.51,-5.96,-3.37,37.43,37.76,001,001,0,0,1957,2017,1979,1899,1968,1968,42.65,34.3,3309,51.703,82.72,1
2026-09-01T21:18:34.374,16.140,2,500,500,484,484,78.9,76.6,-0.34,0.24,0.62,0.32,0.43,-0.01,-0.34,0.24,-6.16,-3.94,37.40,37.70,100,011,0,0,1947,2010,2015,1883,1975,1943,42.65,34.3,3311,51.734,82.78,1
2026-09-01T21:18:34.384,16.151,2,500,500,484,484,76.9,80.0,-0.27,0.14,0.94,0.46,-0.42,0.82,-0.27,0.14,-5.57,-4.49,37.47,37.64,010,110,0,0,1973,1969,2008,1889,1970,1966,42.65,34.3,3312,51.750,82.80,1
2026-09-01T21:18:34.395,16.162,2,500,500,484,484,73.3,75.0,0.33,-0.59,0.42,0.54,-0.35,0.13,0.33,-0.59,-5.51,-4.43,37.49,37.65,001,101,0,0,1942,1992,1988,1892,1971,1955,42.65,34.3,3310,51.719,82.75,1
2026-09-01T21:18:34.406,16.173,2,500,500,484,484,76.3,70.7,-0.35,0.02,0.28,0.62,0.75,-0.60,-0.35,0.02,-6.36,-4.02,37.37,37.69,100,001,0,0,1957,1996,2000,1897,1985,1959,42.65,34.3,3303,51.609,82.58,1
2026-09-01T21:18:34.417,16.184,2,500,500,507,484,75.0,76.4,-0.33,0.57,0.66,0.62,-0.27,0.00,-0.33,0.57,-6.13,-4.24,36.20,37.67,010,010,0,0,1955,1996,2015,1897,1990,1926,42.65,34.3,3310,51.719,82.75,1
2026-09-01T21:18:34.428,16.195,2,500,500,484,484,76.1,79.5,0.32,-0.26,0.46,0.78,-0.04,0.20,0.32,-0.26,-6.11,-4.48,37.41,37.64,001,100,0,0,1952,1990,2014,1905,1957,1952,42.65,34.3,3311,51.734,82.78,1
2026-09-01T21:18:34.439,16.206,2,500,500,484,484,77.3,80.0,-0.12,-0.29,0.62,0.70,0.23,-0.44,-0.12,-0.29,-6.35,-3.79,37.37,37.71,100,001,0,0,1958,2002,2031,1896,1993,1948,42.65,34.3,3309,51.703,82.72,1
2026-09-01T21:18:34.450,16.217,2,500,500,484,484,73.4,77.7,-0.46,0.35,0.60,0.34,-0.32,-0.19,-0.46,0.35,-6.08,-3.44,37.41,37.75,010,010,0,0,1959,1990,2007,1885,1989,1928,42.65,34.3,3310,51.719,82.75,1
2026-09-01T21:18:34.461,16.228,2,500,500,484,484,74.8,74.4,0.52,-0.21,0.90,0.40,-0.08,0.49,0.52,-0.21,-6.04,-3.63,37.41,37.73,001,100,0,0,1963,1991,2010,1889,1968,1949,42.65,34.3,3310,51.719,82.75,1
2026-09-01T21:18:34.472,16.239,2,500,500,484,484,73.9,72.4,-0.07,-0.31,0.66,0.78,0.12,-0.66,-0.07,-0.31,-6.24,-3.06,36.16,37.78,100,101,0,0,1949,2015,2033,1903,1978,1930,42.65,34.3,3309,51.703,82.72,1
2026-09-01T21:18:34.483,16.250,2,500,500,507,484,75.7,73.1,-0.54,0.22,0.48,0.26,-0.33,-0.05,-0.54,0.22,-6.05,-3.21,36.15,37.77,010,010,0,0,1952,1999,2015,1878,1974,1944,42.65,34.3,3310,51.719,82.75,1
2026-09-01T21:18:34.494,16.261,2,500,500,484,484,78.0,76.6,0.33,-0.03,0.40,0.42,-0.11,0.66,0.33,-0.03,-5.82,-3.87,37.45,37.70,001,110,0,0,1954,1987,2014,1888,1969,1949,42.65,34.3,3312,51.750,82.80,1
2026-09-01T21:18:34.505,16.272,2,500,500,484,484,79.4,79.8,-0.25,-0.70,0.58,0.56,0.19,0.22,-0.25,-0.70,-5.91,-4.41,37.44,37.65,100,101,0,0,1951,2008,1998,1891,1975,1955,42.65,34.3,3313,51.766,82.83,1
2026-09-01T21:18:34.516,16.283,2,500,500,484,463,76.9,75.8,-0.44,0.05,0.94,0.58,-0.40,-0.46,-0.44,0.05,-5.54,-3.99,37.49,37.68,010,011,0,0,1951,1967,2015,1884,1939,1949,42.65,34.3,3308,51.688,82.70,1
2026-09-01T21:18:34.527,16.294,2,500,500,507,484,76.3,71.9,0.47,0.66,0.62,0.78,-0.05,0.08,0.47,0.66,-5.62,-4.34,36.22,37.65,001,110,0,0,1952,1978,2010,1904,1972,2000,42.65,34.3,3312,51.750,82.80,1
2026-09-01T21:18:34.541,16.307,2,500,500,507,484,76.7,74.8,-0.04,-0.60,0.84,0.48,0.33,0.34,-0.04,-0.60,-6.21,-4.71,36.22,37.61,100,100,0,0,1965,1991,1999,1888,1970,1962,42.65,34.3,3313,51.766,82.83,1
2026-09-01T21:18:34.549,16.316,2,500,500,484,484,78.8,78.4,-0.21,0.00,0.76,0.80,-0.64,-1.01,-0.12,0.11,-5.97,-3.87,37.43,37.70,010,001,0,0,1972,2004,2005,1906,1987,1975,42.65,34.3,3310,51.719,82.75,1
2026-09-01T21:18:34.560,16.327,2,500,500,484,484,78.1,79.9,0.48,0.66,0.72,0.74,0.09,-0.18,0.48,0.66,-6.01,-3.86,37.40,37.71,001,010,0,0,1947,2020,1983,1903,1995,1927,42.65,34.3,3310,51.719,82.75,1
2026-09-01T21:18:34.571,16.338,2,500,500,484,484,79.5,79.4,-0.50,-0.47,0.84,0.44,0.64,0.74,-0.50,-0.47,-6.40,-4.26,37.34,37.66,100,100,0,0,1941,2010,2020,1883,1979,1963,42.65,34.3,3313,51.766,82.83,1
2026-09-01T21:18:34.582,16.348,2,500,500,484,484,78.1,75.5,-0.38,-0.12,0.68,0.84,-0.46,-0.73,-0.37,-0.12,-6.06,-3.35,37.41,37.76,010,001,0,0,1953,1990,2015,1906,1971,1973,42.65,34.3,3308,51.688,82.70,1
2026-09-01T21:18:34.593,16.360,2,500,500,484,484,78.9,72.5,0.34,0.31,0.44,0.32,0.05,-0.04,0.39,0.35,-6.13,-3.25,37.41,37.76,001,010,0,0,1951,1992,2012,1879,1979,1939,42.65,34.3,3310,51.719,82.75,1
2026-09-01T21:18:34.604,16.371,2,500,500,484,484,79.5,69.6,-0.45,0.15,0.52,0.84,0.52,0.23,-0.45,0.15,-6.33,-3.35,37.35,37.76,100,100,0,0,1941,2010,2012,1908,1983,1947,42.65,34.3,3306,51.656,82.65,1
2026-09-01T21:18:34.615,16.382,2,500,500,507,484,77.4,74.6,-0.06,-0.59,1.00,0.48,-0.62,-0.48,-0.06,-0.59,-5.84,-3.23,36.18,37.77,010,101,0,0,1976,2011,2039,1890,1962,1970,42.65,34.5,3312,51.750,82.80,1
2026-09-01T21:18:34.626,16.393,2,500,500,484,463,80.0,79.7,0.33,-0.09,0.80,0.18,0.00,0.82,0.33,-0.09,-5.64,-4.09,37.48,37.68,001,011,0,0,1955,1988,2014,1861,1922,1967,42.65,34.5,3311,51.734,82.78,1
2026-09-01T21:18:34.637,16.403,2,500,500,507,484,77.4,78.9,-0.38,0.48,0.46,0.64,0.53,0.34,-0.38,0.48,-5.96,-4.38,36.23,37.65,100,110,0,0,1968,2028,1988,1907,1988,1943,42.65,34.5,3313,51.766,82.83,1
2026-09-01T21:18:34.648,16.415,2,500,500,484,484,79.7,73.8,-0.39,-0.56,0.94,0.74,-0.18,-0.03,-0.39,-0.56,-5.57,-4.62,37.49,37.62,010,101,0,0,1950,1979,2011,1900,1962,1963,42.65,34.3,3310,51.719,82.75,1
2026-09-01T21:18:34.659,16.426,2,500,500,484,484,79.6,71.6,0.58,0.11,0.68,0.64,0.12,-0.76,0.58,0.11,-5.76,-4.10,37.46,37.68,001,001,0,0,1966,1989,2015,1896,1943,1937,42.65,34.3,3310,51.719,82.75,1
2026-09-01T21:18:34.670,16.437,2,500,500,484,484,80.0,77.4,-0.74,0.40,0.12,0.46,0.94,0.15,-0.74,0.40,-6.49,-4.41,37.34,37.65,100,010,0,0,1931,2008,2020,1891,1983,1939,42.65,34.3,3310,51.719,82.75,1
2026-09-01T21:18:34.681,16.448,2,500,500,484,484,79.4,80.0,-0.45,-0.18,0.52,0.76,-0.20,0.25,-0.45,-0.18,-6.14,-4.43,37.41,37.64,010,100,0,0,1950,1991,2019,1904,1959,1959,42.65,34.3,3312,51.750,82.80,1
2026-09-01T21:18:34.693,16.459,2,500,500,484,484,80.0,80.0,0.43,-0.33,0.68,0.70,0.14,-0.44,0.43,-0.33,-6.07,-3.82,37.41,37.71,001,001,0,0,1958,1994,2004,1893,1993,1945,42.65,34.5,3310,51.719,82.75,1
2026-09-01T21:18:34.703,16.469,2,500,500,484,484,79.9,77.7,-0.31,0.60,0.54,0.70,0.47,-0.36,-0.31,0.60,-6.51,-3.49,37.34,37.74,100,010,0,0,1955,1998,2007,1899,1999,1931,42.65,34.3,3311,51.734,82.78,1
2026-09-01T21:18:34.714,16.480,2,500,500,507,484,77.4,74.4,-0.27,-0.02,0.70,0.72,-0.57,0.36,-0.27,-0.02,-6.07,-3.66,36.19,37.73,010,100,0,0,1966,1999,2031,1896,1993,1966,42.65,34.3,3311,51.734,82.78,1
2026-09-01T21:18:34.725,16.492,2,500,500,484,484,80.0,72.2,0.39,-0.36,0.40,0.88,0.00,-0.77,0.39,-0.36,-6.00,-2.94,37.43,37.79,001,001,0,0,1951,1990,2013,1901,1995,1877,42.65,34.3,3310,51.719,82.75,1
2026-09-01T21:18:34.736,16.502,2,500,500,484,484,79.8,75.9,-0.05,0.22,0.84,0.24,0.29,-0.14,-0.05,0.22,-6.35,-3.14,37.37,37.77,100,011,0,0,1973,1989,1998,1878,1979,1943,42.65,34.5,3311,51.734,82.78,1
2026-09-01T21:18:34.747,16.514,2,500,500,507,484,77.3,78.5,-0.39,0.02,0.56,0.46,-0.59,0.73,-0.39,0.02,-5.75,-3.86,36.18,37.71,010,110,0,0,1952,1995,2023,1889,1972,1952,42.65,34.5,3312,51.750,82.80,1
2026-09-01T21:18:34.758,16.524,2,500,500,484,484,79.7,78.9,0.67,-0.76,0.80,0.40,-0.24,0.44,0.67,-0.76,-5.44,-4.40,37.51,37.65,001,101,0,0,1972,1979,2027,1884,1990,1950,42.65,34.3,3312,51.750,82.80,1
2026-09-01T21:18:34.769,16.535,2,500,500,484,463,79.8,73.2,-0.27,0.08,0.62,0.66,0.42,-0.72,-0.27,0.08,-6.00,-4.02,37.43,37.69,100,011,0,0,1959,1998,2010,1887,1951,1947,42.65,34.5,3310,51.719,82.75,1
2026-09-01T21:18:34.780,16.546,2,500,500,484,484,78.0,75.1,-0.49,0.69,0.54,0.76,-0.20,0.00,-0.49,0.69,-5.77,-4.41,37.45,37.65,010,010,0,0,1938,1962,2030,1904,1999,1923,42.65,34.5,3309,51.703,82.72,1
2026-09-01T21:18:34.791,16.557,2,500,500,484,484,76.1,80.0,0.29,-0.34,0.34,0.56,0.03,0.60,0.29,-0.34,-5.98,-4.80,37.43,37.60,001,100,0,0,1947,1990,2008,1889,1977,1959,42.65,34.5,3312,51.750,82.80,1
2026-09-01T21:18:34.802,16.568,2,500,500,484,484,73.7,76.1,0.08,-0.42,0.84,0.56,0.29,-0.48,0.08,-0.42,-6.42,-4.27,37.36,37.66,100,001,0,0,1972,1973,1998,1895,1979,1963,42.65,34.5,3308,51.688,82.70,1
2026-09-01T21:18:34.813,16.579,2,500,500,484,484,77.2,76.8,-0.56,0.81,0.34,0.96,-0.44,-0.44,-0.45,0.87,-5.99,-3.66,37.43,37.73,010,010,0,0,1951,1994,2012,1915,2007,1930,42.65,34.5,3309,51.703,82.72,1
2026-09-01T21:18:34.824,16.590,2,500,500,507,484,77.5,76.0,0.52,-0.31,0.74,0.42,-0.06,0.65,0.52,-0.31,-5.96,-4.21,36.19,37.67,001,100,0,0,1961,1967,2015,1878,1992,1964,42.65,34.5,3311,51.734,82.78,1
2026-09-01T21:18:34.835,16.602,2,500,500,484,484,80.0,74.0,-0.89,-0.14,0.16,1.12,0.94,-0.80,-0.89,-0.14,-6.59,-3.19,37.33,37.77,100,001,0,0,1923,2012,2020,1911,1975,1939,42.65,34.5,3310,51.719,82.75,1
2026-09-01T21:18:34.846,16.612,2,500,500,507,484,77.1,72.4,-0.19,0.26,0.80,0.28,-0.61,-0.17,-0.19,0.26,-6.00,-3.11,36.17,37.78,010,010,0,0,1962,2003,2031,1880,1979,1938,42.65,34.5,3310,51.719,82.75,1
2026-09-01T21:18:34.857,16.623,2,500,500,484,484,79.4,75.7,0.27,-0.14,0.40,0.38,0.23,0.71,0.27,-0.14,-5.97,-3.57,37.43,37.74,001,110,0,0,1937,2007,1991,1885,1970,1949,42.65,34.5,3312,51.750,82.80,1
2026-09-01T21:18:34.868,16.634,2,500,500,484,484,78.9,79.7,-0.01,-0.79,0.96,0.32,0.36,-0.14,-0.01,-0.79,-6.13,-3.26,37.41,37.76,100,101,0,0,1972,1991,2007,1883,1979,1969,42.65,34.5,3312,51.750,82.80,1
2026-09-01T21:18:34.879,16.645,2,500,500,484,463,79.3,78.4,-0.45,-0.09,0.56,0.44,-0.44,0.31,-0.45,-0.09,-5.57,-3.55,37.48,37.72,010,011,0,0,1951,1983,2010,1867,1903,1955,42.65,34.5,3310,51.719,82.75,1
2026-09-01T21:18:34.890,16.656,2,500,500,484,484,80.0,76.1,0.21,0.58,0.24,0.72,0.02,0.37,0.21,0.58,-5.56,-4.27,37.49,37.66,001,110,0,0,1938,1980,2004,1903,1991,1935,42.65,34.5,3311,51.734,82.78,1
2026-09-01T21:18:34.905,16.671,2,500,500,484,484,80.0,70.1,-0.41,-0.46,0.42,0.72,0.62,0.15,-0.41,-0.46,-6.17,-4.67,37.37,37.59,100,100,0,0,1946,1992,2008,1899,1963,1963,42.62,34.5,3377,52.766,84.42,1
2026-09-01T21:18:34.912,16.678,2,500,500,507,484,77.1,79.0,-0.54,-0.16,0.28,0.72,-0.21,-0.49,-0.54,-0.16,-6.09,-4.15,36.19,37.65,010,001,0,0,1943,1991,2030,1897,1982,1955,42.62,34.5,3310,51.719,82.75,1
2026-09-01T21:18:34.923,16.689,2,500,500,484,484,78.9,80.0,0.55,0.41,0.74,0.42,0.09,0.00,0.55,0.41,-6.17,-4.24,37.37,37.64,001,010,0,0,1959,1994,2012,1887,1983,1939,42.62,34.5,3311,51.734,82.78,1
2026-09-01T21:18:34.934,16.700,2,500,500,507,484,76.2,76.2,-0.10,-0.11,0.66,0.58,0.41,0.31,-0.16,-0.12,-6.51,-4.42,36.18,37.62,100,100,0,0,1962,1992,1988,1899,1963,1943,42.62,34.5,3310,51.719,82.75,1
2026-09-01T21:18:34.945,16.711,2,500,500,484,484,79.8,74.3,-0.33,-0.06,0.66,1.38,-0.49,-0.75,-0.33,-0.06,-5.94,-3.63,37.41,37.70,010,001,0,0,1959,1991,2022,1909,1995,1899,42.62,34.5,3309,51.703,82.72,1
2026-09-01T21:18:34.956,16.722,2,500,500,484,484,80.0,72.9,0.51,0.31,0.72,0.32,0.01,-0.18,0.51,0.31,-6.03,-3.65,37.39,37.70,001,010,0,0,1957,1994,2012,1881,1985,1939,42.62,34.5,3310,51.719,82.75,1
2026-09-01T21:18:34.967,16.733,2,500,500,484,484,78.8,72.8,-0.88,0.25,0.14,1.10,0.73,0.06,-0.88,0.25,-6.62,-3.55,37.29,37.71,100,100,0,0,1935,2008,2010,1911,1991,1945,42.62,34.5,3311,51.734,82.78,1
2026-09-01T21:18:34.978,16.744,2,500,500,507,484,76.7,73.1,0.04,-0.61,0.82,0.48,-0.65,-0.50,0.04,-0.61,-5.84,-3.23,36.15,37.74,010,101,0,0,1968,2011,2027,1892,1962,1969,42.62,34.5,3312,51.750,82.80,1
2026-09-01T21:18:34.989,16.755,2,500,500,484,484,79.6,77.9,0.47,-0.10,0.66,-0.06,-0.02,0.51,0.47,-0.10,-5.74,-3.39,37.44,37.73,001,011,0,0,1960,1983,2015,1860,1945,1954,42.62,34.5,3310,51.719,82.75,1
2026-09-01T21:18:35.000,16.766,2,500,500,484,484,79.9,80.1,-0.46,0.18,0.70,0.60,0.19,0.66,-0.46,0.18,-5.89,-3.60,37.42,37.71,100,110,0,0,1949,2015,1999,1888,1975,1959,42.62,34.5,3312,51.750,82.80,1
2026-09-01T21:18:35.010,16.777,2,500,500,484,484,79.7,74.6,-0.52,-0.60,0.46,0.54,-0.16,0.19,-0.52,-0.60,-5.71,-3.99,37.44,37.67,010,101,0,0,1944,1976,2016,1883,2038,1919,42.62,34.5,3311,51.734,82.78,1
2026-09-01T21:18:35.022,16.788,2,500,500,507,484,77.4,70.8,0.45,-0.09,0.48,0.40,0.04,-0.57,0.45,-0.09,-5.76,-3.92,36.19,37.68,001,001,0,0,1947,1972,2008,1889,1979,1955,42.62,34.5,3304,51.625,82.60,1
2026-09-01T21:18:35.033,16.799,2,500,500,484,484,80.0,76.4,-0.21,0.79,0.82,0.92,0.42,-0.08,-0.21,0.79,-6.18,-4.25,37.37,37.64,100,010,0,0,1965,1991,2022,1905,2003,1925,42.62,34.5,3311,51.734,82.78,1
2026-09-01T21:18:35.043,16.810,2,500,500,507,484,77.3,79.9,-0.20,-0.32,0.84,0.60,-0.58,0.63,-0.20,-0.32,-5.92,-4.68,36.17,37.59,010,100,0,0,1967,2003,2012,1893,1979,1957,42.62,34.5,3312,51.750,82.80,1
2026-09-01T21:18:35.054,16.821,2,500,500,484,484,78.0,74.7,0.44,-0.51,0.72,0.48,-0.10,-0.43,0.44,-0.51,-6.00,-4.11,37.40,37.65,001,001,0,0,1955,2006,1990,1891,1985,1959,42.62,34.5,3308,51.688,82.70,1
2026-09-01T21:18:35.065,16.832,2,500,500,484,484,80.0,74.4,-0.15,0.53,0.84,0.62,0.39,-0.38,-0.15,0.53,-6.33,-3.75,37.35,37.69,100,010,0,0,1967,1999,2007,1897,1995,1939,42.62,34.3,3310,51.719,82.75,1
2026-09-01T21:18:35.076,16.843,2,500,500,484,484,80.0,69.9,-0.27,-0.06,0.70,0.62,-0.42,0.48,-0.27,-0.06,-5.96,-4.15,37.41,37.65,010,110,0,0,1957,1989,2010,1895,1989,1953,42.62,34.3,3376,52.750,84.40,1
2026-09-01T21:18:35.088,16.854,2,500,500,484,484,79.9,73.0,0.35,-0.35,0.42,0.80,0.12,-0.59,0.35,-0.35,-6.06,-3.43,37.39,37.72,001,101,0,0,1944,1995,2007,1906,1958,1974,42.62,34.5,3312,51.750,82.80,1
2026-09-01T21:18:35.099,16.865,2,500,500,484,484,79.5,77.0,-0.20,0.24,0.96,0.30,0.29,-0.25,-0.20,0.24,-6.31,-3.16,37.35,37.75,100,011,0,0,1973,1990,1999,1881,1977,1941,42.62,34.5,3310,51.719,82.75,1
2026-09-01T21:18:35.110,16.876,2,500,500,507,484,75.3,78.7,-0.31,0.04,0.32,0.44,-0.82,0.60,-0.31,0.04,-5.66,-3.44,36.14,37.72,010,110,0,0,1948,1999,2055,1886,1968,1952,42.62,34.5,3312,51.750,82.80,1
2026-09-01T21:18:35.121,16.887,2,500,500,484,484,79.9,79.9,0.45,-0.85,0.58,0.28,0.05,0.00,0.45,-0.85,-5.71,-3.25,37.44,37.74,001,101,0,0,1952,1989,2011,1878,1979,1960,42.62,34.5,3312,51.750,82.80,1
2026-09-01T21:18:35.131,16.898,2,500,500,507,484,77.6,72.5,-0.39,-0.01,0.52,0.60,0.54,-0.64,-0.39,-0.01,-6.27,-3.23,36.17,37.74,100,011,0,0,1949,2000,1996,1893,1962,1946,42.62,34.5,3310,51.719,82.75,1
2026-09-01T21:18:35.142,16.908,2,500,500,484,484,78.8,76.5,-0.42,0.49,0.68,0.52,-0.25,0.34,-0.42,0.49,-5.78,-4.11,37.44,37.65,010,010,0,0,1949,1975,2014,1893,1987,1941,42.62,34.5,3310,51.719,82.75,1
2026-09-01T21:18:35.153,16.920,2,500,500,484,484,77.1,79.9,0.59,-0.37,0.78,0.46,-0.10,0.63,0.59,-0.37,-5.88,-4.74,37.42,37.58,001,100,0,0,1966,1991,2013,1889,1965,1963,42.62,34.5,3312,51.750,82.80,1
2026-09-01T21:18:35.164,16.931,2,500,500,484,463,79.6,78.7,-0.82,-0.28,0.36,0.80,1.22,-0.27,-0.82,-0.28,-6.65,-4.35,37.25,37.62,100,001,0,0,1923,2010,2060,1903,1978,1947,42.62,34.5,3311,51.734,82.78,1
2026-09-01T21:18:35.175,16.942,2,500,500,507,484,77.5,74.9,-0.35,0.33,0.62,0.38,-0.39,-0.11,-0.35,0.33,-6.22,-4.34,36.15,37.63,010,010,0,0,1954,1995,2031,1884,1978,1945,42.62,34.5,3310,51.719,82.75,1
2026-09-01T21:18:35.186,16.953,2,500,500,484,484,80.0,70.0,0.51,-0.19,0.74,0.38,0.00,0.66,0.51,-0.19,-6.07,-4.75,37.39,37.58,001,110,0,0,1960,1991,2014,1887,1970,1944,42.62,34.5,3376,52.750,84.40,1
2026-09-01T21:18:35.197,16.964,2,500,500,484,484,80.0,74.0,-0.24,-0.29,1.12,1.02,0.37,-0.55,-0.24,-0.29,-6.41,-4.01,37.33,37.66,100,101,0,0,1963,1995,2007,1913,1957,1973,42.62,34.5,3312,51.750,82.80,1
2026-09-01T21:18:35.208,16.975,2,500,500,507,484,76.7,77.8,-0.27,0.20,0.52,0.38,-0.66,-0.30,-0.27,0.20,-5.95,-3.61,36.13,37.70,010,011,0,0,1967,1997,2045,1884,1981,1943,42.62,34.5,3369,52.641,84.22,1
2026-09-01T21:18:35.219,16.986,2,500,500,484,484,79.5,78.6,0.42,0.31,0.46,0.78,0.10,0.33,0.42,0.31,-6.11,-3.56,37.38,37.71,001,110,0,0,1945,1990,2027,1900,1969,1926,42.62,34.5,3312,51.750,82.80,1
2026-09-01T21:18:35.230,16.997,2,500,500,484,484,80.0,79.9,-0.05,-0.88,1.04,0.26,0.21,0.09,-0.05,-0.88,-6.20,-3.51,37.37,37.71,100,101,0,0,1977,1983,1998,1877,1982,1959,42.62,34.5,3312,51.750,82.80,1
2026-09-01T21:18:35.241,17.007,2,500,500,507,484,77.3,75.1,-0.30,0.11,0.72,0.68,-0.60,-0.74,-0.30,0.11,-5.60,-2.81,36.17,37.77,010,011,0,0,1956,1999,2030,1889,1956,1946,42.62,34.5,3309,51.703,82.72,1
2026-09-01T21:18:35.252,17.018,2,500,500,484,484,79.2,71.4,0.62,0.47,0.76,0.44,-0.20,0.03,0.62,0.47,-5.43,-3.37,37.49,37.73,001,010,0,0,1967,1983,2022,1891,1995,1927,42.62,34.5,3304,51.625,82.60,1
2026-09-01T21:18:35.264,17.030,2,500,500,484,484,79.4,77.5,-0.27,-0.67,0.70,0.46,0.61,0.80,-0.27,-0.67,-5.93,-4.16,37.41,37.65,100,100,0,0,1953,1998,2019,1884,1983,1962,42.62,34.5,3313,51.766,82.83,1
2026-09-01T21:18:35.274,17.040,2,500,500,484,484,79.4,79.9,-0.46,-0.42,0.56,0.46,-0.04,-0.33,-0.46,-0.42,-5.89,-3.76,37.42,37.69,010,001,0,0,1944,1967,2019,1888,1991,1950,42.62,34.5,3310,51.719,82.75,1
2026-09-01T21:18:35.285,17.051,2,500,500,484,484,79.8,79.3,0.46,0.48,0.68,0.52,0.33,0.01,0.46,0.48,-5.98,-4.00,37.40,37.67,001,010,0,0,1955,2014,1980,1890,1979,1949,42.62,34.5,3311,51.734,82.78,1
2026-09-01T21:18:35.296,17.062,2,500,500,484,484,79.5,72.0,-0.12,-0.02,0.82,0.66,0.30,0.47,-0.12,-0.02,-6.28,-4.46,37.35,37.61,100,100,0,0,1968,1989,1997,1897,2007,1963,42.62,34.5,3312,51.750,82.80,1
2026-09-01T21:18:35.309,17.075,2,500,500,484,484,79.4,73.9,-0.41,-0.53,0.56,0.64,-0.35,-0.31,-0.41,-0.53,-5.99,-4.12,37.40,37.66,010,101,0,0,1951,1987,2013,1896,1971,1966,42.62,34.5,3312,51.750,82.80,1
2026-09-01T21:18:35.318,17.084,2,500,500,507,484,77.5,77.8,0.54,0.53,0.68,0.70,-0.10,-0.61,0.54,0.53,-5.91,-3.61,36.17,37.70,001,011,0,0,1960,1975,2019,1904,1994,1944,42.62,34.5,3310,51.719,82.75,1
2026-09-01T21:18:35.329,17.095,2,500,500,484,484,78.9,80.0,-0.10,0.25,0.84,0.60,0.35,0.60,-0.10,0.25,-6.25,-3.90,37.36,37.68,100,110,0,0,1968,1994,2006,1889,1967,1963,42.62,34.5,3312,51.750,82.80,1
2026-09-01T21:18:35.340,17.106,2,500,500,507,484,75.7,76.7,-0.41,-0.69,0.52,0.42,-0.34,-0.13,-0.41,-0.69,-5.97,-3.47,36.16,37.72,010,101,0,0,1955,1991,2019,1893,1968,1960,42.62,34.5,3311,51.734,82.78,1
2026-09-01T21:18:35.351,17.117,2,500,500,484,484,77.9,72.1,0.39,0.02,0.60,0.56,-0.07,-0.90,0.39,0.02,-5.65,-2.78,37.43,37.78,001,011,0,0,1948,2004,1988,1887,1953,1943,42.62,34.5,3308,51.688,82.70,1
2026-09-01T21:18:35.362,17.128,2,500,500,484,484,78.9,69.7,-0.02,0.46,0.92,0.52,0.45,0.15,-0.02,0.46,-6.12,-3.21,37.38,37.74,100,010,0,0,1975,1993,2019,1887,1983,1947,42.62,34.5,3312,51.750,82.80,1
2026-09-01T21:18:35.373,17.139,2,500,500,484,484,78.7,75.5,-0.64,-0.80,0.44,0.30,-0.14,0.68,-0.64,-0.80,-5.78,-3.66,37.44,37.70,010,100,0,0,1937,1963,2015,1880,1979,1957,42.62,34.5,3312,51.750,82.80,1
2026-09-01T21:18:35.384,17.151,2,500,500,484,484,80.0,78.7,0.51,0.10,0.68,0.94,-0.10,-0.87,0.51,0.10,-5.77,-3.43,37.44,37.72,001,001,0,0,1960,1975,2023,1912,1983,1979,42.62,34.5,3310,51.719,82.75,1
2026-09-01T21:18:35.395,17.161,2,500,500,484,484,78.9,78.7,-0.29,0.52,0.50,0.58,0.51,0.21,-0.29,0.52,-6.22,-3.99,37.37,37.67,100,010,0,0,1950,1988,2016,1887,1983,1947,42.62,34.5,3310,51.719,82.75,1
2026-09-01T21:18:35.406,17.172,2,500,500,507,484,77.1,73.8,-0.55,-0.35,0.32,0.24,-0.22,0.98,-0.55,-0.35,-6.02,-4.69,36.16,37.59,010,100,0,0,1941,1988,2024,1879,1973,1949,42.62,34.5,3312,51.750,82.80,1
2026-09-01T21:18:35.417,17.183,2,500,500,484,484,79.4,70.6,0.64,-0.31,0.84,0.88,-0.07,-0.56,0.64,-0.31,-5.89,-4.11,37.41,37.66,001,101,0,0,1964,1987,2015,1910,1954,1974,42.62,34.5,3306,51.656,82.65,1
2026-09-01T21:18:35.428,17.194,2,500,500,484,484,79.8,77.5,-0.40,0.23,0.46,0.40,0.41,0.00,-0.40,0.23,-6.36,-4.22,37.34,37.64,100,011,0,0,1947,2008,2004,1885,1979,1947,42.62,34.5,3310,51.719,82.75,1
2026-09-01T21:18:35.439,17.205,2,500,500,484,484,78.7,80.0,-0.27,0.21,0.80,0.52,-0.49,0.65,-0.27,0.21,-5.78,-4.35,37.43,37.63,010,110,0,0,1966,1997,2011,1886,1971,1959,42.62,34.5,3312,51.750,82.80,1
2026-09-01T21:18:35.450,17.216,2,500,500,484,484,79.3,79.3,0.47,-0.31,0.60,1.08,0.00,-0.66,0.47,-0.31,-5.77,-3.77,37.44,37.69,001,101,0,0,1953,1991,2007,1924,1938,1979,42.62,34.5,3312,51.750,82.80,1
2026-09-01T21:18:35.461,17.227,2,500,500,484,484,79.8,75.4,-0.76,0.04,0.22,0.68,1.02,-0.68,-0.76,0.04,-6.40,-3.30,37.33,37.73,100,011,0,0,1935,2020,2023,1891,1963,1951,42.62,34.5,3310,51.719,82.75,1
2026-09-01T21:18:35.471,17.238,2,500,500,507,484,76.9,69.6,-0.37,0.62,0.64,0.72,-0.43,-0.11,-0.37,0.62,-5.78,-3.31,36.17,37.73,010,110,0,0,1956,1999,2027,1900,1980,1944,42.62,34.5,3387,52.922,84.67,1
2026-09-01T21:18:35.482,17.249,2,500,500,484,484,79.3,74.4,0.55,-0.68,0.74,0.40,-0.25,0.27,0.55,-0.68,-5.59,-3.45,37.46,37.72,001,100,0,0,1964,1971,2047,1882,1974,1959,42.62,34.5,3312,51.750,82.80,1
2026-09-01T21:18:35.493,17.260,2,500,500,484,484,79.7,77.2,-0.30,-0.08,0.58,0.66,0.23,-0.80,-0.30,-0.08,-5.78,-2.83,37.43,37.77,100,001,0,0,1953,2004,1999,1897,1985,1961,42.62,34.5,3310,51.719,82.75,1
2026-09-01T21:18:35.507,17.273,2,500,500,484,484,76.9,80.0,-0.56,0.26,0.34,0.10,-0.13,0.38,-0.56,0.26,-5.64,-3.46,37.46,37.72,010,010,0,0,1939,1951,2020,1879,1985,1933,42.62,34.5,3310,51.719,82.75,1
2026-09-01T21:18:35.515,17.282,2,500,500,507,484,76.3,78.0,0.52,-0.08,0.74,0.72,-0.08,0.53,0.52,-0.08,-5.65,-3.97,36.21,37.66,001,100,0,0,1959,1983,2008,1897,1979,1953,42.62,34.5,3313,51.766,82.83,1
2026-09-01T21:18:35.526,17.293,2,500,500,484,484,78.9,73.1,-0.18,-0.46,1.02,0.74,0.56,-0.39,-0.18,-0.46,-6.28,-3.95,37.35,37.67,100,001,0,0,1957,1994,2019,1895,1983,1917,42.62,34.5,3310,51.719,82.75,1
2026-09-01T21:18:35.537,17.304,2,500,500,507,484,77.4,73.8,-0.19,0.45,0.80,0.58,-0.52,-0.26,-0.19,0.45,-6.00,-4.20,36.19,37.64,010,011,0,0,1967,2004,2012,1893,1983,1944,42.62,34.5,3311,51.734,82.78,1
2026-09-01T21:18:35.548,17.315,2,500,500,484,484,79.4,78.2,0.45,0.07,0.74,0.58,0.16,0.71,0.45,0.07,-5.98,-4.58,37.38,37.60,001,110,0,0,1953,2006,1998,1891,1971,1951,42.62,34.5,3313,51.766,82.83,1
2026-09-01T21:18:35.559,17.326,2,500,500,507,484,77.6,80.0,-0.40,-0.76,0.50,0.60,0.32,0.05,-0.40,-0.76,-6.23,-4.37,36.17,37.62,100,101,0,0,1949,2031,1994,1893,1981,1954,42.62,34.5,3313,51.766,82.83,1
2026-09-01T21:18:35.570,17.337,2,500,500,484,484,78.8,76.9,-0.50,0.07,0.52,0.36,-0.18,-0.64,-0.50,0.07,-5.80,-3.70,37.42,37.70,010,011,0,0,1945,1971,2030,1877,1981,1943,42.62,34.5,3309,51.703,82.72,1
2026-09-01T21:18:35.581,17.348,2,500,500,484,484,79.7,73.0,0.49,0.55,0.64,0.70,-0.03,0.01,0.49,0.55,-5.70,-3.82,37.44,37.68,001,110,0,0,1956,1991,2011,1891,1974,1999,42.62,34.5,3311,51.734,82.78,1
2026-09-01T21:18:35.592,17.359,2,500,500,484,484,80.0,69.5,-0.74,-0.70,0.32,0.48,0.73,0.13,-0.74,-0.70,-6.17,-3.77,37.37,37.69,100,101,0,0,1935,2012,2014,1887,1974,1967,42.62,34.5,3312,51.750,82.80,1
2026-09-01T21:18:35.604,17.370,2,500,500,507,484,73.3,75.0,-0.04,0.16,0.68,0.72,-0.74,-0.89,-0.04,0.16,-5.50,-2.75,36.17,37.78,010,011,0,0,1961,1995,2027,1899,1953,1944,42.62,34.5,3310,51.719,82.75,1
2026-09-01T21:18:35.615,17.381,2,500,500,484,484,75.5,72.4,0.55,0.51,0.72,0.56,0.19,0.00,0.55,0.51,-5.61,-3.12,37.46,37.75,001,110,0,0,1959,1987,2031,1883,1968,1986,42.62,34.5,3311,51.734,82.78,1
2026-09-01T21:18:35.626,17.392,2,500,500,507,463,73.2,77.2,-0.68,-0.99,0.54,0.00,0.09,1.20,-0.68,-0.99,-5.83,-4.07,36.20,37.66,100,100,0,0,1947,2030,1988,1863,2004,1945,42.62,34.5,3313,51.766,82.83,1
2026-09-01T21:18:35.640,17.407,2,500,500,484,484,79.2,80.0,-0.30,-0.30,0.52,0.62,-0.36,-0.49,-0.30,-0.30,-5.51,-3.80,37.47,37.69,010,001,0,0,1954,1987,2007,1896,1980,1952,42.62,34.5,3310,51.719,82.75,1
2026-09-01T21:18:35.647,17.414,2,500,500,484,484,80.0,75.0,0.39,0.24,0.54,0.12,0.44,0.73,0.42,0.29,-6.02,-4.46,37.40,37.61,001,010,0,0,1951,2000,2001,1874,1963,1963,42.62,34.5,3309,51.703,82.72,1
2026-09-01T21:18:35.659,17.425,2,500,500,484,484,76.0,77.5,-0.55,-0.35,0.50,0.36,0.60,0.72,-0.55,-0.35,-6.59,-4.80,37.30,37.57,100,100,0,0,1952,1987,2019,1885,1970,1956,42.62,34.5,3311,51.734,82.78,1
2026-09-01T21:18:35.670,17.436,2,500,500,507,484,70.3,73.3,-0.12,-0.29,0.42,0.86,-1.00,-0.59,-0.12,-0.29,-5.78,-4.17,36.19,37.65,010,101,0,0,1948,1998,2047,1903,1980,1924,42.62,34.5,3310,51.719,82.75,1
2026-09-01T21:18:35.681,17.447,2,500,500,484,484,73.8,73.6,0.54,0.27,0.72,0.30,0.25,0.03,0.54,0.27,-6.07,-4.41,37.39,37.62,001,011,0,0,1961,1992,2018,1879,1971,1945,42.62,34.5,3310,51.719,82.75,1
2026-09-01T21:18:35.692,17.458,2,500,500,484,484,72.0,77.2,-0.51,0.06,0.68,0.48,0.25,0.53,-0.51,0.06,-6.30,-4.65,37.35,37.59,100,110,0,0,1961,1998,2008,1890,1968,1944,42.62,34.5,3312,51.750,82.80,1
2026-09-01T21:18:35.703,17.470,2,500,500,507,484,68.8,79.1,0.01,-0.06,0.50,1.22,-1.29,-0.75,0.01,-0.06,-5.47,-3.91,36.16,37.68,010,101,0,0,1952,2003,2046,1933,1929,1991,42.62,34.5,3307,51.672,82.67,1
2026-09-01T21:18:35.714,17.480,2,500,500,484,484,74.8,79.6,0.56,0.15,0.74,0.30,0.37,-0.22,0.56,0.15,-5.99,-3.76,37.39,37.69,101,011,0,0,1967,1988,2020,1879,1976,1939,42.62,34.5,3310,51.719,82.75,1
2026-09-01T21:18:35.725,17.491,2,500,500,484,484,71.8,79.7,-0.90,0.52,0.28,0.80,0.17,0.18,-0.90,0.52,-6.03,-3.61,37.39,37.70,100,110,0,0,1942,1997,2010,1910,1985,1927,42.62,34.5,3311,51.734,82.78,1
2026-09-01T21:18:35.736,17.502,2,500,500,507,484,68.3,75.7,0.11,-0.77,0.78,0.38,-1.35,0.18,0.11,-0.77,-5.02,-3.72,36.17,37.70,011,101,0,0,1964,2001,2042,1880,1979,1963,42.62,34.5,3306,51.656,82.65,1
2026-09-01T21:18:35.747,17.513,2,500,500,484,484,74.5,75.1,0.59,0.11,0.74,0.68,0.47,-0.51,0.52,0.12,-5.72,-2.92,37.44,37.76,101,011,0,0,1959,1988,2026,1883,1959,1943,42.62,34.5,3308,51.688,82.70,1
2026-09-01T21:18:35.758,17.525,2,500,500,484,484,76.0,71.4,-0.66,0.38,0.62,0.30,0.46,0.24,-0.66,0.38,-5.99,-3.85,37.40,37.68,110,110,0,0,1956,1979,2021,1886,1988,1933,42.62,34.5,3310,51.719,82.75,1
2026-09-01T21:18:35.769,17.536,2,500,500,484,463,79.3,71.6,0.20,-0.71,0.58,0.34,-0.25,0.76,0.20,-0.71,-5.72,-4.59,37.44,37.60,011,101,0,0,1958,1996,2000,1884,1998,1946,42.62,34.5,3432,53.625,85.80,1
2026-09-01T21:18:35.780,17.547,2,500,500,507,484,77.3,72.4,0.19,-0.15,0.60,0.48,0.63,-0.56,0.19,-0.15,-6.36,-4.09,36.19,37.65,101,001,0,0,1954,1992,2000,1887,1981,1951,42.62,34.5,3311,51.734,82.78,1
2026-09-01T21:18:35.792,17.558,2,500,500,484,484,80.0,77.3,-0.73,0.54,0.54,0.60,0.46,0.07,-0.73,0.54,-6.42,-4.51,37.33,37.61,110,010,0,0,1951,1956,2032,1895,1987,1939,42.62,34.5,3310,51.719,82.75,1
2026-09-01T21:18:35.802,17.569,2,500,500,484,484,80.0,79.9,0.05,-0.34,0.68,0.66,-0.60,0.59,0.05,-0.34,-5.77,-4.73,37.44,37.58,011,100,0,0,1944,1983,2011,1892,1976,1959,42.62,34.5,3313,51.766,82.83,1
2026-09-01T21:18:35.813,17.580,2,500,500,484,484,78.8,74.9,0.43,-0.56,0.86,0.46,0.58,-0.38,0.43,-0.56,-6.02,-4.28,37.36,37.63,101,001,0,0,1957,2015,2012,1889,1987,1955,42.62,34.5,3310,51.719,82.75,1
2026-09-01T21:18:35.825,17.591,2,500,500,484,484,80.0,75.8,-0.78,0.75,0.44,0.92,0.00,-0.47,-0.78,0.75,-6.27,-3.81,37.36,37.68,110,010,0,0,1948,1992,2016,1910,2005,1935,42.62,34.5,3309,51.703,82.72,1
2026-09-01T21:18:35.841,17.607,2,500,500,484,484,79.9,71.8,0.50,-0.17,0.84,0.44,-0.52,0.52,0.50,-0.17,-5.68,-4.25,37.45,37.64,011,110,0,0,1971,1995,2015,1887,1967,1950,42.62,34.5,3313,51.766,82.83,1
2026-09-01T21:18:35.847,17.613,2,500,500,507,484,76.7,69.6,0.12,-0.16,0.48,1.04,0.60,-0.73,0.12,-0.16,-6.30,-3.35,36.17,37.73,101,101,0,0,1950,1991,1999,1916,1974,1962,42.62,34.5,3374,52.719,84.35,1
2026-09-01T21:18:35.857,17.624,2,500,500,484,484,80.0,77.9,-0.81,-0.05,0.60,0.10,0.16,0.43,-0.81,-0.05,-5.88,-3.38,37.42,37.73,110,011,0,0,1951,1976,2028,1866,1955,1955,42.62,34.5,3310,51.719,82.75,1
2026-09-01T21:18:35.868,17.635,2,500,500,484,484,79.7,80.0,0.20,0.13,0.60,0.46,-0.42,0.51,0.20,0.13,-5.33,-3.49,37.50,37.72,011,110,0,0,1956,1987,2015,1888,1970,1954,42.62,34.5,3312,51.750,82.80,1
2026-09-01T21:18:35.879,17.645,2,500,500,484,484,78.7,78.5,0.34,-0.79,0.54,0.32,0.38,0.13,0.34,-0.79,-5.78,-3.34,37.43,37.73,101,101,0,0,1955,1990,2011,1883,1975,1963,42.62,34.5,3312,51.750,82.80,1
2026-09-01T21:18:35.890,17.656,2,500,500,484,484,78.8,72.5,-0.65,-0.05,0.64,0.58,0.16,-0.62,-0.65,-0.05,-6.08,-3.29,37.39,37.73,110,011,0,0,1967,1988,2013,1893,1898,1935,42.62,34.5,3310,51.719,82.75,1
2026-09-01T21:18:35.901,17.667,2,500,500,484,484,77.0,76.5,0.24,0.51,0.76,0.62,-0.62,0.32,0.24,0.51,-5.65,-4.06,37.45,37.66,011,010,0,0,1964,1999,2003,1893,1980,1956,42.62,34.5,3309,51.703,82.72,1
2026-09-01T21:18:35.912,17.678,2,500,500,484,484,78.1,79.5,0.25,-0.51,0.48,0.52,0.28,0.53,0.25,-0.51,-5.98,-4.57,37.40,37.60,101,100,0,0,1943,2010,2002,1891,1965,1965,42.62,34.5,3312,51.750,82.80,1
2026-09-01T21:18:35.923,17.689,2,500,500,484,484,78.9,79.8,-0.73,-0.33,0.84,0.66,-0.13,-0.33,-0.73,-0.33,-6.05,-4.06,37.39,37.66,110,001,0,0,1954,1995,2003,1893,1983,1947,42.62,34.5,3310,51.719,82.75,1
2026-09-01T21:18:35.934,17.700,2,500,500,484,484,79.3,77.0,0.28,0.45,0.74,0.60,-0.43,-0.10,0.28,0.45,-5.59,-4.10,37.46,37.65,011,010,0,0,1957,1991,2006,1885,1963,1955,42.62,34.5,3309,51.703,82.72,1
2026-09-01T21:18:35.945,17.711,2,500,500,507,484,77.6,72.1,0.23,-0.18,0.52,0.42,0.64,0.60,0.23,-0.18,-6.26,-4.59,36.17,37.60,101,100,0,0,1952,1994,1999,1887,1968,1943,42.62,34.5,3312,51.750,82.80,1
2026-09-01T21:18:35.956,17.722,2,500,500,484,484,80.0,70.9,-0.76,-0.15,0.38,1.08,0.09,-0.58,-0.76,-0.15,-6.31,-3.84,37.35,37.68,110,101,0,0,1947,1991,2015,1917,1959,1977,42.62,34.5,3306,51.656,82.65,1
2026-09-01T21:18:35.967,17.733,2,500,500,484,484,80.1,75.7,0.55,0.22,0.96,0.28,-0.50,-0.28,0.55,0.22,-5.68,-3.48,37.43,37.70,011,011,0,0,1973,1999,2015,1879,1979,1943,42.60,34.5,3310,51.719,82.75,1
2026-09-01T21:18:35.978,17.745,2,500,500,507,484,76.7,77.7,0.21,-0.08,0.74,0.42,0.35,0.69,0.21,-0.08,-5.99,-3.72,36.15,37.68,101,110,0,0,1961,1980,1999,1883,1970,1958,42.60,34.3,3313,51.766,82.83,1
2026-09-01T21:18:35.989,17.755,2,500,500,484,484,80.0,80.0,-0.86,-0.71,0.60,0.36,0.13,-0.19,-0.86,-0.71,-5.75,-3.34,37.42,37.71,110,101,0,0,1955,1975,2019,1888,1967,1974,42.60,34.3,3312,51.750,82.80,1
2026-09-01T21:18:36.000,17.766,2,500,500,484,484,79.3,76.4,0.17,-0.02,0.56,0.38,-0.30,-0.42,0.17,-0.02,-5.51,-3.05,37.45,37.74,011,011,0,0,1949,1995,2014,1872,1949,1943,42.60,34.3,3309,51.703,82.72,1
2026-09-01T21:18:36.011,17.777,2,500,500,484,484,79.8,72.7,0.04,0.50,0.44,0.60,0.74,0.05,0.04,0.50,-5.99,-3.48,37.38,37.70,101,110,0,0,1941,2008,2002,1891,1975,1991,42.60,34.3,3311,51.734,82.78,1
2026-09-01T21:18:36.022,17.788,2,500,500,484,463,78.2,77.8,-0.71,-0.71,0.54,0.32,0.30,1.03,-0.71,-0.71,-6.32,-4.56,37.33,37.58,110,100,0,0,1949,1982,2023,1879,1995,1953,42.60,34.3,3311,51.734,82.78,1
2026-09-01T21:18:36.033,17.799,2,500,500,484,484,73.3,79.8,-0.02,-0.40,0.64,0.48,-1.20,-0.26,-0.02,-0.40,-5.51,-4.17,36.16,37.63,011,001,0,0,1949,1975,1973,1891,1982,1945,42.60,34.3,3309,51.703,82.72,1
2026-09-01T21:18:36.044,17.810,2,500,500,507,484,75.2,77.2,0.41,0.42,0.70,0.48,0.64,-0.07,0.41,0.42,-6.39,-4.24,36.16,37.62,101,010,0,0,1954,1993,2004,1887,1979,1943,42.60,34.3,3308,51.688,82.70,1
2026-09-01T21:18:36.055,17.821,2,500,500,484,484,78.1,72.2,-1.06,-0.05,0.34,0.62,-0.04,0.48,-1.06,-0.05,-6.12,-4.70,37.36,37.57,110,100,0,0,1939,1989,2025,1895,2005,1963,42.60,34.3,3311,51.734,82.78,1
2026-09-01T21:18:36.066,17.832,2,500,500,484,484,78.8,73.6,0.13,-0.63,0.52,0.56,-0.38,-0.27,0.13,-0.63,-5.84,-4.43,37.41,37.60,011,101,0,0,1957,1991,1997,1894,1979,1963,42.60,34.3,3312,51.750,82.80,1
2026-09-01T21:18:36.077,17.843,2,500,500,507,484,77.4,77.7,0.36,0.40,0.72,0.54,0.50,-0.50,0.36,0.40,-6.18,-3.81,36.13,37.67,101,011,0,0,1959,1983,2004,1891,1983,1947,42.60,34.3,3310,51.719,82.75,1
2026-09-01T21:18:36.087,17.854,2,500,500,484,484,77.2,80.0,-0.50,0.16,0.84,0.52,0.12,0.77,-0.50,0.16,-6.10,-4.23,37.36,37.62,110,110,0,0,1955,1958,2056,1887,1969,1959,42.60,34.3,3312,51.750,82.80,1
2026-09-01T21:18:36.099,17.865,2,500,500,484,484,78.4,79.7,0.07,-0.62,0.52,0.64,-1.03,-0.29,0.07,-0.62,-5.23,-3.50,37.42,37.70,011,101,0,0,1945,1983,2015,1899,1965,1965,42.60,34.3,3312,51.750,82.80,1
2026-09-01T21:18:36.110,17.876,2,500,500,484,484,78.8,78.3,0.49,0.03,1.00,0.48,0.42,-0.52,0.49,0.03,-5.82,-2.85,37.40,37.74,101,011,0,0,1967,1990,2014,1881,1963,1947,42.60,34.3,3310,51.719,82.75,1
2026-09-01T21:18:36.121,17.887,2,500,500,484,484,79.3,76.5,-1.07,0.31,0.34,0.58,0.27,0.45,-1.07,0.31,-5.73,-3.31,37.40,37.71,110,110,0,0,1931,1958,2040,1883,1975,1991,42.60,34.3,3311,51.734,82.78,1
2026-09-01T21:18:36.132,17.898,2,500,500,484,484,79.7,74.3,0.29,-0.87,0.70,0.18,-0.32,0.41,0.29,-0.87,-5.49,-3.56,37.46,37.69,011,101,0,0,1961,1995,1995,1876,1982,1962,42.60,34.3,3311,51.734,82.78,1
2026-09-01T21:18:36.143,17.909,2,500,500,484,484,80.0,71.4,0.32,0.00,0.66,0.62,0.65,-0.69,0.32,0.00,-6.16,-3.30,37.36,37.72,101,001,0,0,1957,1998,2011,1893,1983,1957,42.60,34.3,3304,51.625,82.60,1
2026-09-01T21:18:36.154,17.920,2,500,500,484,484,79.0,73.8,-0.68,0.58,0.40,0.60,-0.06,0.26,-0.68,0.58,-6.06,-4.18,37.37,37.63,110,010,0,0,1947,1991,2012,1895,1989,1937,42.60,34.3,3310,51.719,82.75,1
2026-09-01T21:18:36.165,17.931,2,500,500,507,484,76.8,80.0,0.33,-0.49,0.60,0.44,-0.52,0.60,0.33,-0.49,-5.66,-4.66,36.17,37.57,011,100,0,0,1954,1979,2023,1888,1976,1959,42.60,34.3,3312,51.750,82.80,1
2026-09-01T21:18:36.176,17.942,2,500,500,507,484,77.6,76.0,0.44,-0.34,0.90,0.78,0.34,-0.45,0.44,-0.34,-6.15,-4.12,36.16,37.63,101,001,0,0,1969,1980,2004,1895,1981,1935,42.60,34.3,3309,51.703,82.72,1
2026-09-01T21:18:36.186,17.953,2,500,500,484,484,79.4,73.7,-0.41,0.26,0.88,0.30,0.03,0.01,-0.41,0.26,-6.00,-4.35,37.38,37.61,110,011,0,0,1966,1988,2010,1879,1975,1947,42.60,34.3,3310,51.719,82.75,1
2026-09-01T21:18:36.197,17.964,2,500,500,484,484,80.0,77.4,-0.06,0.14,0.22,0.70,-0.61,0.47,-0.06,0.14,-5.52,-4.44,37.45,37.60,011,110,0,0,1934,1979,2007,1898,1966,1936,42.60,34.3,3312,51.750,82.80,1
2026-09-01T21:18:36.209,17.975,2,500,500,484,484,76.3,72.7,0.11,0.05,0.60,1.40,0.55,-0.88,0.11,0.05,-6.23,-3.67,37.34,37.68,101,101,0,0,1957,1983,1999,1936,1936,1994,42.60,34.3,3312,51.750,82.80,1
2026-09-01T21:18:36.220,17.986,2,500,500,484,484,76.5,76.9,-0.78,0.33,0.48,0.56,-0.08,-0.42,-0.78,0.33,-5.85,-3.40,37.40,37.71,110,011,0,0,1950,1991,2011,1889,1984,1941,42.60,34.3,3310,51.719,82.75,1
2026-09-01T21:18:36.231,17.997,2,500,500,484,484,78.6,80.0,0.50,0.03,0.84,0.38,-0.43,0.70,0.50,0.03,-5.36,-3.65,37.48,37.68,011,110,0,0,1965,1991,2009,1884,1967,1956,42.60,34.3,3312,51.750,82.80,1
2026-09-01T21:18:36.241,18.008,2,500,500,484,484,79.6,79.2,0.27,-0.78,1.04,0.48,0.60,-0.05,0.27,-0.78,-5.91,-3.46,37.39,37.70,101,101,0,0,1964,1987,2007,1888,1968,1964,42.60,34.3,3312,51.750,82.80,1
2026-09-01T21:18:36.252,18.019,2,500,500,484,484,80.0,71.9,-1.05,0.07,0.24,0.86,0.18,-1.02,-1.05,0.07,-5.89,-2.59,37.40,37.77,110,011,0,0,1937,1978,2024,1906,1975,1951,42.60,34.3,3310,51.719,82.75,1
2026-09-01T21:18:36.263,18.030,2,500,500,484,484,79.7,75.6,0.28,0.37,0.62,0.24,-0.22,0.21,0.28,0.37,-5.69,-3.64,37.43,37.68,011,010,0,0,1963,1999,2015,1875,1987,1930,42.60,34.3,3310,51.719,82.75,1
2026-09-01T21:18:36.274,18.041,2,500,500,507,463,76.8,79.8,0.34,-0.41,0.62,0.54,0.60,1.19,0.34,-0.41,-6.34,-4.62,36.18,37.58,101,100,0,0,1955,1994,2004,1883,2011,1952,42.60,34.3,3313,51.766,82.83,1
2026-09-01T21:18:36.285,18.051,2,500,500,484,484,76.2,73.3,-0.38,-0.43,0.90,0.66,0.03,-0.44,-0.38,-0.43,-6.23,-4.17,37.35,37.63,110,001,0,0,1974,1988,2000,1891,1985,1921,42.60,34.3,3308,51.688,82.70,1
2026-09-01T21:18:36.296,18.062,2,500,500,484,484,76.9,72.2,-0.07,0.32,0.44,0.42,-0.80,-0.14,-0.07,0.32,-5.57,-4.28,37.45,37.62,011,011,0,0,1936,1983,1999,1887,1982,1943,42.60,34.3,3309,51.703,82.72,1
2026-09-01T21:18:36.307,18.073,2,500,500,507,484,76.5,77.2,0.14,0.06,0.30,0.56,0.33,0.69,0.14,0.06,-6.00,-4.78,36.15,37.56,101,110,0,0,1939,1999,1998,1893,1969,1945,42.60,34.3,3313,51.766,82.83,1
2026-09-01T21:18:36.318,18.084,2,500,500,484,484,79.0,79.8,-0.79,-0.74,0.44,0.60,0.16,0.09,-0.79,-0.74,-6.38,-4.58,37.32,37.58,110,101,0,0,1949,1987,2015,1889,1985,1955,42.60,34.3,3313,51.766,82.83,1
2026-09-01T21:18:36.329,18.095,2,500,500,484,484,79.2,79.7,-0.02,0.15,0.58,0.42,-0.66,-0.59,-0.02,0.15,-5.52,-3.86,37.42,37.66,011,011,0,0,1941,1987,2007,1881,1982,1942,42.60,34.3,3310,51.719,82.75,1
2026-09-01T21:18:36.340,18.106,2,500,500,507,484,75.9,74.4,0.34,0.60,0.46,0.90,0.57,-0.15,0.34,0.60,-6.17,-3.92,36.15,37.65,101,110,0,0,1951,1992,2002,1895,1971,2023,42.60,34.3,3310,51.719,82.75,1
2026-09-01T21:18:36.351,18.117,2,500,500,484,484,78.0,72.9,-0.36,-0.61,0.88,0.68,0.01,-0.27,-0.36,-0.61,-5.94,-3.60,37.39,37.69,110,101,0,0,1972,1991,2004,1901,1957,1965,42.60,34.3,3310,51.719,82.75,1
2026-09-01T21:18:36.362,18.128,2,500,500,484,484,78.7,70.3,0.10,0.35,0.46,0.92,-0.36,-1.08,0.10,0.35,-5.56,-2.73,37.45,37.76,011,011,0,0,1948,1989,2003,1912,1939,1935,42.60,34.3,3374,52.719,84.35,1
2026-09-01T21:18:36.373,18.139,2,500,500,484,484,79.4,71.6,0.26,0.54,0.98,0.52,0.55,-0.07,0.26,0.54,-5.88,-3.16,37.40,37.73,101,010,0,0,1959,2008,2008,1895,1995,1927,42.60,34.3,3304,51.625,82.60,1
2026-09-01T21:18:36.384,18.150,2,500,500,484,463,79.8,78.1,-0.72,-1.01,0.48,-0.16,0.26,1.36,-0.72,-1.01,-6.14,-4.05,37.36,37.64,110,100,0,0,1947,1988,2024,1855,2015,1955,42.60,34.3,3313,51.766,82.83,1
2026-09-01T21:18:36.395,18.161,2,500,500,484,484,77.8,80.0,-0.18,-0.36,0.50,0.56,-0.64,-0.38,-0.18,-0.36,-5.49,-3.87,37.44,37.66,011,001,0,0,1933,1981,1967,1894,1979,1949,42.60,34.3,3309,51.703,82.72,1
2026-09-01T21:18:36.406,18.172,2,500,500,484,484,78.9,77.1,0.52,0.44,0.84,0.52,0.51,0.11,0.52,0.44,-6.21,-4.09,37.34,37.64,101,010,0,0,1967,1982,2012,1889,1971,1955,42.60,34.3,3309,51.703,82.72,1
2026-09-01T21:18:36.417,18.183,2,500,500,484,484,78.9,73.6,-0.87,-0.07,0.52,0.62,0.18,0.46,-0.87,-0.07,-6.19,-4.49,37.35,37.59,110,100,0,0,1943,1970,2039,1891,2001,1961,42.60,34.3,3312,51.750,82.80,1
2026-09-01T21:18:36.428,18.194,2,500,500,484,484,79.7,72.2,0.22,-0.50,0.60,0.64,-0.31,-0.39,0.22,-0.50,-5.73,-4.22,37.42,37.63,011,101,0,0,1951,1989,2009,1898,1967,1963,42.60,34.3,3312,51.750,82.80,1
2026-09-01T21:18:36.440,18.206,2,500,500,484,484,80.0,77.5,0.26,0.45,0.60,0.64,0.59,-0.38,0.26,0.45,-6.07,-4.16,37.37,37.63,101,011,0,0,1963,2003,1999,1899,1995,1947,42.60,34.3,3311,51.734,82.78,1
2026-09-01T21:18:36.450,18.216,2,500,500,484,484,79.4,79.5,-0.82,0.13,0.36,0.38,0.18,0.98,-0.82,0.13,-6.20,-4.66,37.35,37.57,110,110,0,0,1942,1983,2023,1881,1978,1973,42.60,34.3,3312,51.750,82.80,1
2026-09-01T21:18:36.461,18.227,2,500,500,484,484,78.4,74.8,0.04,-0.46,0.50,0.82,-0.96,-0.19,0.04,-0.46,-5.22,-4.16,37.44,37.63,011,101,0,0,1946,1982,2015,1906,1961,1963,42.60,34.3,3311,51.734,82.78,1
2026-09-01T21:18:36.472,18.238,2,500,500,484,484,78.8,71.0,0.41,0.09,0.76,0.68,0.48,-0.95,0.41,0.09,-5.90,-3.35,37.40,37.71,101,011,0,0,1962,1992,2010,1892,1959,1939,42.60,34.3,3310,51.719,82.75,1
2026-09-01T21:18:36.483,18.249,2,500,500,484,484,79.3,71.4,-0.88,0.55,0.60,0.66,0.11,-0.09,-0.88,0.55,-5.62,-3.35,37.44,37.71,110,110,0,0,1971,1978,2024,1902,1999,1939,42.60,34.3,3305,51.641,82.62,1
2026-09-01T21:18:36.494,18.260,2,500,500,507,484,77.3,75.6,0.29,-0.70,0.68,0.38,-0.52,0.44,0.29,-0.70,-5.27,-3.71,36.20,37.68,011,100,0,0,1974,1990,2015,1885,1984,1968,42.60,34.3,3312,51.750,82.80,1
2026-09-01T21:18:36.505,18.271,2,500,500,484,484,79.8,77.2,-0.10,0.05,0.10,0.86,1.09,-0.91,-0.10,0.05,-5.93,-2.84,37.39,37.75,101,001,0,0,1927,2047,2007,1907,1987,1967,42.60,34.3,3310,51.719,82.75,1
2026-09-01T21:18:36.516,18.282,2,500,500,484,484,78.2,80.0,-0.46,0.21,0.74,0.08,0.30,0.40,-0.46,0.21,-6.26,-3.46,37.34,37.70,110,010,0,0,1959,1976,2015,1871,1981,1935,42.60,34.3,3310,51.719,82.75,1
2026-09-01T21:18:36.527,18.293,2,500,500,484,484,73.4,74.4,0.03,0.07,0.50,0.96,-1.09,0.37,0.03,0.07,-5.57,-3.71,36.18,37.68,011,100,0,0,1949,1982,1999,1896,2032,1962,42.60,34.3,3310,51.719,82.75,1
2026-09-01T21:18:36.538,18.304,2,500,500,484,484,79.1,73.1,0.24,-0.42,0.72,0.72,1.10,-0.25,0.19,-0.46,-6.76,-3.89,37.25,37.66,101,001,0,0,1943,2000,2012,1891,1987,1919,42.60,34.3,3310,51.719,82.75,1
2026-09-01T21:18:36.549,18.315,2,500,500,484,484,79.5,72.3,-0.48,0.25,0.84,0.28,0.02,-0.02,-0.48,0.25,-6.30,-4.16,37.34,37.63,110,011,0,0,1963,1994,2012,1881,1975,1943,42.60,34.3,3311,51.734,82.78,1
2026-09-01T21:18:36.560,18.326,2,500,500,507,484,77.5,77.2,0.25,0.12,0.64,0.68,-0.47,0.67,0.25,0.12,-5.93,-4.68,36.17,37.57,011,110,0,0,1952,1982,2022,1897,1972,1944,42.60,34.3,3313,51.766,82.83,1
2026-09-01T21:18:36.571,18.337,2,500,500,507,484,77.2,79.8,0.34,-0.58,0.62,0.78,0.51,0.06,0.34,-0.58,-6.37,-4.43,36.15,37.60,101,101,0,0,1955,1990,1999,1899,1984,1952,42.60,34.3,3313,51.766,82.83,1
2026-09-01T21:18:36.582,18.348,2,500,500,484,484,79.4,77.9,-0.96,0.20,0.42,0.48,0.16,-0.80,-1.01,0.30,-6.23,-3.73,37.34,37.68,110,011,0,0,1943,1976,2028,1894,1987,1951,42.60,34.3,3311,51.734,82.78,1
2026-09-01T21:18:36.593,18.359,2,500,500,484,484,79.6,74.4,-0.06,0.74,0.38,1.02,-0.54,-0.14,-0.06,0.74,-5.39,-3.83,37.41,37.67,011,110,0,0,1937,1982,1996,1906,1979,1965,42.60,34.3,3311,51.734,82.78,1
2026-09-01T21:18:36.604,18.370,2,500,500,484,484,80.0,71.3,0.27,-0.79,0.72,0.40,0.49,0.03,0.27,-0.79,-5.86,-3.73,37.40,37.68,101,101,0,0,1963,1994,2010,1886,1971,1977,42.60,34.3,3313,51.766,82.83,1
2026-09-01T21:18:36.615,18.381,2,500,500,484,484,79.3,76.0,-1.17,-0.19,0.30,0.60,0.29,-0.71,-1.17,-0.19,-5.78,-2.94,37.39,37.75,110,001,0,0,1952,1963,2038,1893,2003,1955,42.60,34.3,3310,51.719,82.75,1
2026-09-01T21:18:36.626,18.392,2,500,500,484,484,79.7,78.1,0.31,0.49,0.72,0.48,-0.25,0.01,0.31,0.49,-5.54,-3.04,37.45,37.74,011,010,0,0,1957,1996,2003,1891,1983,1935,42.60,34.3,3310,51.719,82.75,1
2026-09-01T21:18:36.638,18.405,2,500,500,484,484,78.9,79.7,0.35,-0.50,0.54,0.50,0.70,1.06,0.35,-0.50,-6.23,-3.63,37.34,37.68,101,100,0,0,1955,1994,2006,1879,1995,1963,42.60,34.3,3313,51.766,82.83,1
2026-09-01T21:18:36.648,18.414,2,500,500,484,484,79.0,77.7,-0.89,-0.32,0.58,0.76,0.47,-0.39,-0.82,-0.29,-6.52,-3.43,37.29,37.70,110,001,0,0,1938,1988,2012,1895,1979,1947,42.60,34.3,3310,51.719,82.75,1
2026-09-01T21:18:36.659,18.426,2,500,500,484,484,79.1,78.7,0.45,0.32,0.74,0.40,-0.59,0.24,0.45,0.32,-5.77,-3.93,37.42,37.65,011,010,0,0,1964,1995,2015,1880,1964,1955,42.60,34.3,3310,51.719,82.75,1
2026-09-01T21:18:36.670,18.437,2,500,500,484,484,78.2,73.6,0.24,-0.05,0.76,0.60,0.50,0.43,0.24,-0.05,-6.21,-4.51,37.35,37.59,101,100,0,0,1967,1990,2012,1889,1994,1962,42.60,34.3,3311,51.734,82.78,1
2026-09-01T21:18:36.681,18.447,2,500,500,484,484,77.4,70.6,-0.75,-0.23,0.32,0.96,-0.06,-0.51,-0.75,-0.23,-6.10,-4.14,37.36,37.63,110,101,0,0,1942,1987,2015,1916,1954,1976,42.60,34.3,3306,51.656,82.65,1
2026-09-01T21:18:36.692,18.458,2,500,500,484,484,76.4,77.4,0.00,0.26,0.10,0.38,0.10,-0.02,0.00,0.26,-6.09,-4.28,37.36,37.62,011,011,0,0,1929,1991,1995,1883,1970,1948,42.60,34.3,3310,51.719,82.75,1
2026-09-01T21:18:36.703,18.470,2,500,500,507,484,74.1,80.0,0.18,0.25,0.82,0.62,0.30,0.59,0.18,0.25,-6.30,-4.39,36.13,37.60,101,110,0,0,1955,1972,2010,1888,1969,1953,42.60,34.3,3313,51.766,82.83,1
2026-09-01T21:18:36.714,18.481,2,500,500,484,484,73.8,80.0,-0.35,-0.33,0.88,1.08,-0.32,-0.53,-0.35,-0.33,-5.99,-3.77,37.38,37.67,110,101,0,0,1969,1995,1997,1921,1945,1973,42.60,34.3,3312,51.750,82.80,1
2026-09-01T21:18:36.725,18.492,2,500,500,484,484,72.6,79.1,0.17,0.30,0.28,0.78,-0.14,-0.61,0.17,0.30,-5.65,-3.22,37.44,37.72,011,011,0,0,1941,1983,2010,1895,1972,1943,42.60,34.3,3310,51.719,82.75,1
2026-09-01T21:18:36.736,18.503,2,500,500,484,484,70.5,77.7,-0.01,0.34,0.74,0.56,0.63,0.45,-0.01,0.34,-6.08,-3.51,37.37,37.70,100,110,0,0,1960,1984,2006,1886,1971,1967,42.60,34.3,3369,52.641,84.22,1
2026-09-01T21:18:36.747,18.514,2,500,500,484,484,74.7,78.6,-0.37,-0.89,0.64,0.24,-0.33,0.26,-0.37,-0.89,-5.84,-3.60,37.41,37.69,010,101,0,0,1958,1995,2005,1876,1985,1957,42.60,34.3,3366,52.594,84.15,1
2026-09-01T21:18:36.759,18.525,2,500,500,484,484,78.0,77.5,0.50,0.06,0.78,0.54,-0.03,-0.44,0.50,0.06,-5.82,-3.04,37.39,37.73,001,011,0,0,1952,2010,1988,1885,1961,1947,42.60,34.3,3310,51.719,82.75,1
2026-09-01T21:18:36.770,18.536,2,500,500,484,484,79.0,74.3,-0.49,0.44,0.56,0.56,0.67,0.37,-0.49,0.44,-6.41,-3.61,37.28,37.68,100,110,0,0,1937,2012,2028,1893,1983,1943,42.60,34.3,3311,51.734,82.78,1
2026-09-01T21:18:36.781,18.547,2,500,500,484,484,77.3,75.3,-0.47,-0.54,0.54,0.58,-0.06,0.33,-0.47,-0.54,-6.24,-4.12,37.34,37.63,010,100,0,0,1952,1990,2015,1892,1971,1961,42.60,34.3,3311,51.734,82.78,1
2026-09-01T21:18:36.792,18.558,2,500,500,484,484,78.0,79.6,0.41,-0.39,0.52,0.42,-0.21,-0.32,0.41,-0.39,-5.88,-4.09,37.40,37.64,001,001,0,0,1956,1987,2015,1884,1989,1949,42.60,34.3,3310,51.719,82.75,1
2026-09-01T21:18:36.803,18.569,2,500,500,484,484,79.0,79.8,-0.38,0.52,0.36,0.54,0.63,0.06,-0.38,0.52,-6.45,-4.33,37.31,37.61,100,010,0,0,1947,1996,2008,1895,1987,1951,42.60,34.3,3311,51.734,82.78,1
2026-09-01T21:18:36.814,18.580,2,500,500,507,484,75.7,73.8,-0.54,-0.02,0.44,0.64,-0.50,0.45,-0.54,-0.02,-5.97,-4.70,36.13,37.57,010,110,0,0,1945,1980,2030,1897,2000,1956,42.60,34.3,3311,51.734,82.78,1
2026-09-01T21:18:36.825,18.591,2,500,500,484,484,78.1,72.1,0.34,-0.60,0.40,0.56,-0.03,-0.30,0.34,-0.60,-6.07,-4.37,37.37,37.61,001,101,0,0,1949,1989,2009,1892,1974,1960,42.60,34.3,3311,51.734,82.78,1
2026-09-01T21:18:36.836,18.602,2,500,500,484,484,78.9,76.6,-0.28,0.32,0.66,0.42,0.41,-0.46,-0.28,0.32,-6.20,-3.85,37.35,37.66,100,011,0,0,1965,2030,2012,1891,1987,1947,42.60,34.3,3311,51.734,82.78,1
2026-09-01T21:18:36.846,18.613,2,500,500,507,484,75.6,80.0,-0.34,-0.03,0.76,0.30,-0.36,1.15,-0.34,-0.03,-5.81,-4.33,36.13,37.61,010,110,0,0,1964,1999,2019,1877,1970,1973,42.60,34.3,3311,51.734,82.78,1
2026-09-01T21:18:36.858,18.624,2,500,500,484,484,78.6,79.9,0.32,-0.43,0.40,0.88,-0.20,-0.44,0.32,-0.43,-5.46,-3.52,37.44,37.70,001,101,0,0,1941,1981,2003,1913,1955,1971,42.60,34.3,3313,51.766,82.83,1
2026-09-01T21:18:36.868,18.635,2,500,500,507,484,76.5,78.3,-0.12,0.09,0.78,0.52,0.43,-0.48,-0.12,0.09,-6.05,-2.99,36.16,37.73,100,011,0,0,1965,1992,2000,1885,1963,1947,42.60,34.3,3310,51.719,82.75,1
2026-09-01T21:18:36.879,18.646,2,500,500,484,484,73.5,72.5,-0.52,0.51,0.56,0.58,-0.53,-0.03,-0.52,0.51,-5.78,-3.20,37.41,37.72,010,110,0,0,1947,1935,2031,1893,1970,1987,42.60,34.3,3310,51.719,82.75,1
2026-09-01T21:18:36.890,18.657,2,500,500,484,463,76.2,73.6,0.31,-0.97,0.70,0.08,0.17,1.02,0.31,-0.97,-6.17,-4.04,37.35,37.64,001,101,0,0,1951,1992,2006,1872,2005,1937,42.60,34.3,3375,52.734,84.38,1
2026-09-01T21:18:36.901,18.668,2,500,500,484,484,77.3,76.7,0.07,-0.19,1.00,0.58,0.36,-0.59,0.07,-0.19,-6.36,-3.67,37.32,37.68,100,001,0,0,1978,1983,2004,1891,1984,1955,42.60,34.3,3310,51.719,82.75,1
2026-09-01T21:18:36.913,18.679,2,500,500,507,484,75.8,79.9,-0.19,0.53,0.92,0.56,-0.46,0.26,-0.19,0.53,-6.03,-4.01,36.15,37.65,010,010,0,0,1967,1996,2008,1892,1979,1955,42.60,34.3,3309,51.703,82.72,1
2026-09-01T21:18:36.923,18.690,2,500,500,507,484,77.0,79.5,0.42,-0.46,0.60,0.34,-0.03,0.75,0.42,-0.46,-5.91,-4.48,36.15,37.60,001,100,0,0,1954,1975,2007,1881,1978,1958,42.60,34.3,3312,51.750,82.80,1
2026-09-01T21:18:36.934,18.701,2,500,500,484,484,79.5,76.0,-0.65,-0.33,0.30,0.80,0.85,-0.41,-0.65,-0.33,-6.44,-4.14,37.28,37.63,100,001,0,0,1928,2008,2028,1897,1979,1935,42.60,34.3,3310,51.719,82.75,1
2026-09-01T21:18:36.945,18.712,2,500,500,507,484,77.4,70.1,-0.16,0.34,0.84,0.36,-0.50,-0.02,-0.16,0.34,-6.08,-4.32,36.13,37.61,010,011,0,0,1969,2004,2014,1883,1973,1944,42.60,34.3,3310,51.719,82.75,1
2026-09-01T21:18:36.956,18.723,2,500,500,484,484,78.0,77.4,0.47,0.05,0.74,0.54,0.01,0.50,0.47,0.05,-5.80,-4.43,37.41,37.60,001,110,0,0,1951,2012,1982,1894,1967,1939,42.60,34.5,3312,51.750,82.80,1
2026-09-01T21:18:36.970,18.736,2,500,500,484,484,79.4,79.6,-0.38,-0.59,0.62,0.74,0.46,-0.24,-0.38,-0.59,-6.04,-3.99,37.37,37.65,100,101,0,0,1945,2011,2015,1899,1975,1963,42.60,34.5,3312,51.750,82.80,1
2026-09-01T21:18:36.979,18.745,2,500,500,484,484,79.7,79.9,-0.39,0.14,0.60,0.46,-0.46,-0.37,-0.39,0.14,-5.56,-3.43,37.44,37.70,010,011,0,0,1954,1988,2012,1886,1967,1943,42.60,34.3,3311,51.734,82.78,1
2026-09-01T21:18:36.989,18.756,2,500,500,484,484,79.3,76.8,0.51,0.45,0.72,0.56,-0.05,0.27,0.51,0.41,-5.70,-3.59,37.43,37.69,001,110,0,0,1958,1978,2023,1893,1985,1947,42.60,34.3,3311,51.734,82.78,1
2026-09-01T21:18:37.000,18.767,2,500,500,484,484,78.9,74.4,-0.29,-0.70,0.60,0.50,0.65,0.16,-0.29,-0.70,-6.25,-3.69,37.33,37.68,100,101,0,0,1947,1992,2015,1890,1971,1959,42.60,34.3,3311,51.734,82.78,1
2026-09-01T21:18:37.011,18.778,2,500,500,484,484,79.4,70.0,-0.47,0.13,0.48,0.62,-0.18,-0.88,-0.47,0.13,-6.15,-2.91,37.36,37.75,010,011,0,0,1955,1992,2015,1899,1975,1947,42.60,34.3,3375,52.734,84.38,1
2026-09-01T21:18:37.022,18.789,2,500,500,484,484,79.5,74.5,0.46,0.46,0.50,0.44,0.03,0.05,0.46,0.46,-6.19,-3.37,37.35,37.71,001,010,0,0,1951,1988,2012,1890,1995,1923,42.60,34.3,3310,51.719,82.75,1
2026-09-01T21:18:37.034,18.800,2,500,500,507,484,77.7,79.0,-0.12,-0.47,0.74,0.42,0.29,0.55,-0.12,-0.47,-6.60,-4.22,36.14,37.62,100,100,0,0,1971,1999,1987,1890,1979,1964,42.60,34.3,3313,51.766,82.83,1
2026-09-01T21:18:37.044,18.811,2,500,500,484,484,78.8,78.1,-0.18,-0.52,0.90,0.48,-0.45,-0.20,-0.18,-0.52,-6.00,-4.25,37.39,37.62,010,001,0,0,1969,1995,2009,1882,1991,1939,42.60,34.3,3310,51.719,82.75,1
2026-09-01T21:18:37.055,18.822,2,500,500,484,484,79.4,73.5,0.10,0.59,0.32,0.80,0.30,-0.25,0.10,0.59,-6.04,-4.33,37.34,37.61,001,010,0,0,1923,2014,1974,1905,1995,1943,42.60,34.3,3310,51.719,82.75,1
2026-09-01T21:18:37.066,18.833,2,500,500,484,484,79.9,71.8,-0.69,-0.01,0.24,0.52,0.92,0.51,-0.69,-0.01,-6.57,-4.69,37.28,37.57,100,110,0,0,1936,2020,2039,1893,1971,1951,42.60,34.3,3312,51.750,82.80,1
2026-09-01T21:18:37.077,18.844,2,500,500,484,484,78.8,79.5,-0.30,-0.84,0.78,0.48,-0.46,0.01,-0.30,-0.84,-5.96,-4.54,37.39,37.59,010,101,0,0,1963,1996,2008,1885,1983,1955,42.60,34.3,3311,51.734,82.78,1
2026-09-01T21:18:37.088,18.855,2,500,500,484,484,79.4,80.0,0.39,0.32,0.52,0.54,-0.10,-0.63,0.39,0.32,-5.83,-3.85,37.41,37.66,001,011,0,0,1950,1984,2016,1891,1987,1954,42.60,34.3,3309,51.703,82.72,1
2026-09-01T21:18:37.099,18.866,2,500,500,484,484,80.0,78.8,-0.26,0.31,0.74,0.76,0.33,0.70,-0.26,0.31,-6.04,-4.00,37.37,37.65,100,110,0,0,1959,1998,2004,1882,1971,1979,42.60,34.3,3313,51.766,82.83,1
2026-09-01T21:18:37.110,18.877,2,500,500,484,484,79.7,76.9,-0.62,-0.70,0.40,0.52,-0.08,-0.08,-0.62,-0.70,-5.72,-3.75,37.42,37.67,010,101,0,0,1940,1971,2015,1890,1971,1959,42.60,34.3,3311,51.734,82.78,1
2026-09-01T21:18:37.121,18.888,2,500,500,507,484,77.4,73.7,0.38,0.25,0.48,0.88,0.13,-1.02,0.38,0.25,-5.80,-2.91,36.18,37.75,001,011,0,0,1947,1972,2004,1899,1959,1949,42.60,34.3,3309,51.703,82.72,1
2026-09-01T21:18:37.132,18.899,2,500,500,484,484,79.4,71.6,-0.07,0.57,0.92,0.60,0.47,-0.20,-0.07,0.57,-6.15,-3.08,37.36,37.73,100,010,0,0,1970,1984,2004,1895,1999,1919,42.60,34.3,3304,51.625,82.60,1
2026-09-01T21:18:37.143,18.910,2,500,500,507,463,77.3,78.1,-0.20,-0.89,0.90,0.12,-0.56,1.13,-0.20,-0.89,-5.89,-4.08,36.16,37.64,010,100,0,0,1965,1999,2015,1869,1993,1952,42.60,34.3,3312,51.750,82.80,1
2026-09-01T21:18:37.154,18.921,2,500,500,484,484,78.0,80.0,0.30,-0.34,0.64,0.62,-0.03,-0.41,0.30,-0.34,-5.72,-3.73,37.42,37.68,001,001,0,0,1944,2007,1989,1893,1981,1949,42.60,34.3,3309,51.703,82.72,1
2026-09-01T21:18:37.165,18.931,2,500,500,484,484,78.9,77.0,-0.45,0.46,0.62,0.58,0.66,0.02,-0.45,0.46,-6.14,-4.01,37.36,37.65,100,010,0,0,1939,2010,2028,1892,1975,1955,42.60,34.3,3309,51.703,82.72,1
2026-09-01T21:18:37.176,18.943,2,500,500,484,463,79.4,70.9,-0.22,-0.39,0.86,0.16,-0.42,1.24,-0.22,-0.39,-5.88,-4.86,37.41,37.55,010,100,0,0,1965,1997,2010,1875,1978,1958,42.60,34.3,3311,51.734,82.78,1
2026-09-01T21:18:37.187,18.953,2,500,500,484,484,79.8,72.2,0.33,-0.38,0.40,0.76,0.04,-0.39,0.33,-0.38,-5.87,-4.29,37.40,37.62,001,101,0,0,1945,1991,2007,1901,1967,1967,42.60,34.3,3312,51.750,82.80,1
2026-09-01T21:18:37.198,18.965,2,500,500,484,484,80.0,77.5,-0.40,0.45,0.92,0.68,0.21,-0.47,-0.40,0.45,-6.08,-4.13,37.37,37.63,100,011,0,0,1949,2007,1995,1896,1989,1943,42.60,34.3,3311,51.734,82.78,1
2026-09-01T21:18:37.209,18.976,2,500,500,507,484,77.1,79.8,-0.15,0.00,0.88,0.36,-0.71,0.89,-0.15,0.00,-5.47,-4.56,36.15,37.58,010,110,0,0,1963,2007,2031,1880,1970,1963,42.60,34.3,3312,51.750,82.80,1
2026-09-01T21:18:37.220,18.986,2,500,500,484,484,79.7,79.3,0.59,-0.41,0.68,0.96,-0.06,-0.60,0.59,-0.41,-5.33,-3.74,37.48,37.68,001,101,0,0,1958,1987,2011,1917,1943,1975,42.60,34.3,3312,51.750,82.80,1
2026-09-01T21:18:37.231,18.997,2,500,500,507,484,77.0,72.5,-0.22,-0.02,0.82,0.72,0.40,-0.90,-0.22,-0.02,-5.86,-3.29,36.21,37.72,100,011,0,0,1958,2004,1989,1894,1953,1939,42.60,34.3,3310,51.719,82.75,1
2026-09-01T21:18:37.246,19.012,2,500,500,484,484,79.3,69.7,-0.40,0.69,0.52,0.80,-0.39,-0.12,-0.40,0.69,-5.59,-3.26,37.45,37.72,010,110,0,0,1955,1991,2015,1903,1983,1943,42.60,34.3,3387,52.922,84.67,1
2026-09-01T21:18:37.253,19.019,2,500,500,484,484,79.3,75.5,0.47,-0.67,0.72,0.44,0.07,0.38,0.47,-0.67,-5.78,-3.70,37.41,37.68,001,100,0,0,1957,1999,2006,1884,1977,1967,42.60,34.3,3312,51.750,82.80,1
2026-09-01T21:18:37.264,19.031,2,500,500,484,484,79.5,78.1,-0.34,0.00,0.52,0.80,0.79,-0.81,-0.34,0.00,-6.41,-2.99,37.30,37.75,100,001,0,0,1944,1991,2031,1900,1984,1963,42.60,34.3,3311,51.734,82.78,1
2026-09-01T21:18:37.275,19.042,2,500,500,507,484,77.6,79.9,-0.32,0.27,0.66,0.22,-0.28,0.31,-0.32,0.27,-6.11,-3.80,36.19,37.67,010,010,0,0,1949,1991,2028,1880,1986,1930,42.60,34.3,3310,51.719,82.75,1
2026-09-01T21:18:37.286,19.052,2,500,500,484,463,79.4,74.7,0.46,0.17,0.58,1.08,-0.16,0.90,0.54,-0.16,-5.86,-4.37,37.40,37.61,001,100,0,0,1961,1982,2022,1900,2033,1958,42.60,34.3,3311,51.734,82.78,1
2026-09-01T21:18:37.297,19.063,2,500,500,507,484,77.4,70.1,-0.08,-0.47,0.92,0.64,0.33,-0.38,-0.08,-0.47,-6.09,-4.22,36.17,37.62,100,001,0,0,1986,2014,1989,1900,1989,1947,42.60,34.3,3374,52.719,84.35,1
2026-09-01T21:18:37.308,19.074,2,500,500,507,484,77.4,76.3,-0.40,0.22,0.56,0.24,-0.56,-0.09,-0.40,0.22,-5.68,-4.33,36.18,37.61,010,011,0,0,1945,1991,2047,1885,1977,1944,42.60,34.3,3311,51.734,82.78,1
2026-09-01T21:18:37.320,19.086,2,500,500,484,484,79.3,80.0,0.31,0.26,0.52,0.62,0.09,0.75,0.31,0.26,-5.72,-4.81,37.41,37.55,001,110,0,0,1944,1999,1999,1893,1974,1953,42.60,34.3,3312,51.750,82.80,1
2026-09-01T21:18:37.330,19.096,2,500,500,484,484,80.0,78.9,-0.20,-0.43,0.64,0.88,0.36,-0.11,-0.20,-0.43,-5.98,-4.30,37.39,37.61,100,101,0,0,1966,1999,1991,1904,1983,1954,42.60,34.3,3312,51.750,82.80,1
2026-09-01T21:18:37.341,19.107,2,500,500,484,484,79.9,75.7,-0.15,0.10,0.96,0.52,-0.55,-0.88,-0.15,0.10,-5.37,-3.65,37.47,37.68,010,011,0,0,1967,2000,2014,1887,1991,1951,42.60,34.3,3309,51.703,82.72,1
2026-09-01T21:18:37.352,19.118,2,500,500,484,484,80.0,73.0,0.07,0.69,0.10,0.92,0.46,-0.06,0.07,0.69,-5.60,-3.80,37.44,37.67,001,110,0,0,1927,1992,1992,1903,1975,1991,42.60,34.3,3313,51.766,82.83,1
2026-09-01T21:18:37.363,19.129,2,500,500,484,484,79.4,75.4,-0.27,-0.60,0.66,0.54,0.74,0.19,-0.27,-0.60,-5.98,-3.87,37.37,37.67,100,100,0,0,1949,1998,2026,1887,1967,1974,42.60,34.3,3313,51.766,82.83,1
2026-09-01T21:18:37.374,19.140,2,500,500,484,484,79.8,78.0,-0.76,-0.23,0.30,0.58,-0.07,-0.62,-0.76,-0.23,-5.76,-3.06,37.42,37.73,010,001,0,0,1936,1967,2023,1894,1998,1958,42.60,34.3,3310,51.719,82.75,1
2026-09-01T21:18:37.385,19.151,2,500,500,484,484,78.1,80.0,0.48,0.45,0.52,0.46,0.16,-0.06,0.48,0.45,-5.97,-3.10,37.38,37.73,001,010,0,0,1955,1996,2006,1889,1983,1941,42.60,34.3,3310,51.719,82.75,1
2026-09-01T21:18:37.395,19.162,2,500,500,484,484,76.3,75.5,0.00,-0.17,0.80,0.90,0.41,0.65,0.00,-0.17,-6.32,-3.33,37.30,37.66,100,100,0,0,1971,1983,2004,1888,2023,1963,42.57,34.3,3311,51.734,82.78,1
2026-09-01T21:18:37.406,19.173,2,500,500,484,484,76.2,72.8,-0.46,-0.44,0.48,0.66,-0.19,-0.48,-0.46,-0.44,-6.18,-3.52,37.32,37.67,010,001,0,0,1957,1987,2009,1898,1977,1924,42.57,34.3,3309,51.703,82.72,1
2026-09-01T21:18:37.417,19.184,2,500,500,484,484,78.1,74.1,0.47,0.40,0.96,0.56,-0.19,-0.06,0.47,0.40,-5.93,-3.87,37.36,37.63,001,011,0,0,1959,1983,2015,1892,1979,1947,42.57,34.3,3310,51.719,82.75,1
2026-09-01T21:18:37.429,19.195,2,500,500,484,484,78.9,78.9,-0.20,0.09,0.62,0.44,0.43,0.81,-0.20,0.09,-6.27,-4.72,37.31,37.54,100,110,0,0,1955,1995,2007,1889,1971,1951,42.57,34.3,3312,51.750,82.80,1
2026-09-01T21:18:37.442,19.209,2,500,500,507,484,75.7,78.9,-0.46,-0.53,0.42,0.68,-0.44,-0.22,-0.48,-0.51,-5.97,-4.41,36.11,37.57,010,101,0,0,1943,1982,2031,1903,1962,1960,42.57,34.3,3312,51.750,82.80,1
2026-09-01T21:18:37.450,19.217,2,500,500,484,484,77.9,74.6,0.37,0.12,0.54,0.56,0.15,-0.59,0.34,0.20,-5.85,-3.99,37.38,37.62,001,011,0,0,1950,2000,1988,1891,1979,1951,42.57,34.3,3308,51.688,82.70,1
2026-09-01T21:18:37.461,19.228,2,500,500,484,484,78.9,69.8,0.00,0.60,0.94,0.74,0.41,-0.05,0.00,0.60,-6.13,-4.08,37.33,37.61,100,110,0,0,1973,1988,2006,1901,1979,1947,42.57,34.3,3387,52.922,84.67,1
2026-09-01T21:18:37.473,19.239,2,500,500,484,484,78.7,73.9,-0.34,-0.44,0.82,0.76,-0.16,-0.24,-0.34,-0.44,-5.68,-4.05,37.39,37.62,010,100,0,0,1954,1967,2019,1906,1935,1993,42.57,34.3,3312,51.750,82.80,1
2026-09-01T21:18:37.484,19.250,2,500,500,484,484,79.8,77.8,0.23,-0.03,0.32,0.80,0.00,-0.72,0.23,-0.03,-5.79,-3.51,37.39,37.67,001,001,0,0,1947,1975,1999,1904,2000,1966,42.57,34.3,3310,51.719,82.75,1
2026-09-01T21:18:37.494,19.261,2,500,500,484,484,78.3,80.0,-0.33,0.58,0.44,0.56,0.68,-0.21,-0.33,0.58,-6.39,-3.31,37.29,37.69,100,010,0,0,1951,1994,2008,1899,1995,1927,42.57,34.3,3310,51.719,82.75,1
2026-09-01T21:18:37.507,19.273,2,500,500,507,484,76.3,75.5,-0.42,-0.12,0.58,0.90,-0.25,0.97,-0.35,-0.37,-6.19,-3.70,36.12,37.65,010,100,0,0,1959,1988,2008,1889,2023,1959,42.57,34.3,3310,51.719,82.75,1
2026-09-01T21:18:37.516,19.283,2,500,500,507,484,76.2,72.5,0.74,-0.38,1.00,0.70,-0.17,-0.44,0.73,-0.38,-6.09,-3.18,36.11,37.70,001,001,0,0,1975,1988,2020,1895,1981,1929,42.57,34.3,3309,51.703,82.72,1
2026-09-01T21:18:37.527,19.294,2,500,500,484,463,77.3,73.9,-0.19,0.06,0.88,0.02,0.28,0.68,-0.19,0.06,-6.35,-3.76,37.30,37.65,100,010,0,0,1950,2004,2008,1867,1947,1965,42.57,34.3,3311,51.734,82.78,1
2026-09-01T21:18:37.538,19.305,2,500,500,484,484,78.0,76.5,-0.39,0.22,0.60,0.70,-0.38,0.42,-0.39,0.22,-5.93,-4.12,37.37,37.61,010,110,0,0,1953,1990,2014,1904,1971,1933,42.57,34.3,3311,51.734,82.78,1
2026-09-01T21:18:37.549,19.316,2,500,500,507,484,76.9,79.8,0.58,-0.69,0.76,0.52,-0.15,0.22,0.58,-0.69,-5.89,-4.31,36.10,37.59,001,101,0,0,1962,1979,2030,1888,1986,1960,42.57,34.3,3312,51.750,82.80,1
2026-09-01T21:18:37.560,19.327,2,500,500,484,484,79.5,78.8,-0.63,-0.01,0.36,0.36,0.92,0.03,-0.82,0.05,-6.64,-4.26,37.25,37.59,100,011,0,0,1935,2012,2030,1881,1951,1955,42.57,34.3,3311,51.734,82.78,1
2026-09-01T21:18:37.572,19.338,2,500,500,507,484,77.4,74.9,-0.26,0.57,0.64,0.70,-0.56,0.09,-0.26,0.57,-5.84,-4.54,36.09,37.56,010,110,0,0,1959,2004,2024,1893,1975,1989,42.57,34.3,3312,51.750,82.80,1
2026-09-01T21:18:37.583,19.349,2,500,500,484,484,79.6,73.6,0.49,-0.35,0.60,0.96,-0.02,-0.18,0.49,-0.35,-5.67,-4.45,37.40,37.57,001,101,0,0,1961,1975,2035,1905,2018,1940,42.57,34.3,3311,51.734,82.78,1
2026-09-01T21:18:37.594,19.360,2,500,500,484,484,79.1,70.8,-0.29,-0.06,0.84,0.48,0.33,-0.77,-0.29,-0.06,-5.85,-3.95,37.38,37.63,100,001,0,0,1970,1991,2006,1891,1990,1955,42.57,34.3,3375,52.734,84.38,1
2026-09-01T21:18:37.605,19.371,2,500,500,484,484,79.1,74.2,-0.60,0.86,0.12,1.04,-0.07,-0.18,-0.60,0.86,-5.76,-3.78,37.39,37.64,010,010,0,0,1932,1971,2015,1917,2008,1916,42.57,34.3,3310,51.719,82.75,1
2026-09-01T21:18:37.616,19.382,2,500,500,507,484,76.8,79.6,0.35,-0.29,0.46,0.82,0.14,0.31,0.35,-0.29,-5.88,-3.93,36.15,37.63,001,100,0,0,1966,1975,2010,1899,1963,1965,42.57,34.3,3313,51.766,82.83,1
2026-09-01T21:18:37.626,19.393,2,500,500,484,484,79.8,79.1,-0.24,-0.33,0.74,0.66,0.64,-0.53,-0.24,-0.33,-6.35,-3.28,37.29,37.69,100,001,0,0,1962,1988,2020,1895,1985,1947,42.57,34.3,3311,51.734,82.78,1
2026-09-01T21:18:37.637,19.404,2,500,500,507,484,76.7,73.9,-0.28,0.47,0.78,0.54,-0.29,-0.31,-0.28,0.47,-6.20,-3.07,36.14,37.71,010,010,0,0,1963,1996,2015,1893,1985,1941,42.57,34.3,3310,51.719,82.75,1
2026-09-01T21:18:37.649,19.415,2,500,500,484,484,79.8,72.8,0.43,-0.20,0.62,0.46,0.28,0.53,0.43,-0.20,-6.14,-3.54,37.33,37.67,001,100,0,0,1953,2007,1999,1879,2001,1971,42.57,34.3,3311,51.734,82.78,1
2026-09-01T21:18:37.659,19.426,2,500,500,484,484,80.0,69.4,-0.67,-0.47,0.44,0.54,0.73,-0.47,-0.67,-0.47,-6.52,-3.47,37.27,37.67,100,101,0,0,1940,2008,2009,1902,1971,1955,42.57,34.3,3375,52.734,84.38,1
2026-09-01T21:18:37.670,19.437,2,500,500,484,463,79.9,77.9,-0.30,0.06,0.60,0.10,-0.43,0.79,-0.30,0.06,-6.06,-4.33,37.34,37.58,010,011,0,0,1953,1990,2014,1873,1937,1979,42.57,34.3,3310,51.719,82.75,1
2026-09-01T21:18:37.682,19.448,2,500,500,484,484,80.0,79.9,0.44,0.25,0.64,0.62,0.09,0.86,0.44,0.25,-6.16,-4.69,37.33,37.54,001,110,0,0,1953,1995,2007,1892,1977,1967,42.57,34.3,3313,51.766,82.83,1
2026-09-01T21:18:37.692,19.459,2,500,500,484,484,79.8,73.7,-0.24,-0.61,0.66,0.60,0.18,0.05,-0.24,-0.61,-6.29,-4.60,37.31,37.55,100,101,0,0,1955,2012,1996,1893,1971,1967,42.57,34.3,3312,51.750,82.80,1
2026-09-01T21:18:37.703,19.470,2,500,500,507,484,76.3,76.4,-0.25,-0.13,0.96,0.64,-0.50,-0.59,-0.25,-0.13,-5.80,-4.18,36.10,37.60,010,001,0,0,1985,2012,2022,1895,1990,1957,42.57,34.3,3310,51.719,82.75,1
2026-09-01T21:18:37.714,19.481,2,500,500,484,484,80.0,76.5,0.42,0.64,0.40,0.74,-0.02,-0.13,0.42,0.64,-5.54,-4.11,37.42,37.61,001,010,0,0,1947,1987,2007,1902,1997,1925,42.57,34.3,3311,51.734,82.78,1
2026-09-01T21:18:37.725,19.491,2,500,500,507,484,77.3,80.0,-0.19,-0.40,0.74,0.46,0.39,0.41,-0.19,-0.40,-5.86,-4.43,36.16,37.57,100,100,0,0,1963,1999,1994,1889,1964,1962,42.57,34.3,3313,51.766,82.83,1
2026-09-01T21:18:37.736,19.502,2,500,500,484,484,77.0,76.7,-0.42,-0.10,0.66,1.02,-0.29,-0.75,-0.42,-0.10,-5.66,-3.52,37.40,37.67,010,001,0,0,1952,1962,2031,1907,1976,1948,42.57,34.3,3308,51.688,82.70,1
2026-09-01T21:18:37.747,19.513,2,500,500,484,484,77.1,74.0,0.50,0.55,0.76,0.60,-0.05,-0.37,0.50,0.55,-5.93,-3.18,37.35,37.70,001,010,0,0,1951,2012,1982,1897,1989,1937,42.57,34.3,3308,51.688,82.70,1
2026-09-01T21:18:37.758,19.525,2,500,500,484,484,79.5,74.2,-0.16,-0.03,0.80,0.64,0.52,0.30,-0.16,-0.03,-6.48,-3.46,37.26,37.68,100,100,0,0,1959,1996,2014,1890,1987,1963,42.57,34.3,3311,51.734,82.78,1
2026-09-01T21:18:37.769,19.536,2,500,500,484,484,79.8,70.6,-0.37,-0.44,0.56,0.64,-0.28,-0.47,-0.37,-0.44,-6.23,-3.07,37.31,37.71,010,101,0,0,1951,1996,2026,1895,1978,1962,42.57,34.3,3310,51.719,82.75,1
2026-09-01T21:18:37.780,19.547,2,500,500,484,463,80.0,76.2,0.54,-0.29,1.06,-0.24,-0.20,1.26,0.54,-0.29,-6.04,-4.02,37.35,37.62,001,011,0,0,1969,1982,2026,1847,1909,1971,42.57,34.3,3310,51.719,82.75,1
2026-09-01T21:18:37.791,19.558,2,500,500,507,484,77.2,79.6,-0.15,0.59,0.70,1.02,0.37,0.24,-0.15,0.59,-6.32,-3.92,36.11,37.63,100,110,0,0,1967,2023,1958,1917,1984,1928,42.57,34.3,3313,51.766,82.83,1
2026-09-01T21:18:37.802,19.568,2,500,500,507,484,76.4,77.2,-0.40,-0.59,0.64,0.64,-0.41,0.09,-0.40,-0.59,-5.99,-4.17,36.11,37.60,010,101,0,0,1955,1998,2028,1895,1975,1961,42.57,34.3,3312,51.750,82.80,1
2026-09-01T21:18:37.813,19.579,2,500,500,484,484,78.8,71.4,0.34,0.02,0.40,0.48,-0.02,-0.65,0.34,0.02,-5.95,-3.90,37.36,37.63,001,011,0,0,1954,1989,2009,1890,1939,1936,42.57,34.3,3310,51.719,82.75,1
2026-09-01T21:18:37.824,19.590,2,500,500,484,484,79.4,73.8,-0.07,0.56,0.96,0.56,0.39,0.03,-0.07,0.56,-6.20,-4.25,37.32,37.59,100,010,0,0,1971,1988,1998,1898,1995,1935,42.57,34.3,3310,51.719,82.75,1
2026-09-01T21:18:37.835,19.602,2,500,500,507,484,77.3,78.2,-0.26,-0.23,0.76,0.92,-0.54,0.13,-0.26,-0.23,-5.60,-4.59,36.13,37.55,010,100,0,0,1960,1999,2021,1909,1956,1950,42.57,34.3,3313,51.766,82.83,1
2026-09-01T21:18:37.846,19.612,2,500,500,484,484,79.2,79.4,0.59,-0.27,0.70,0.62,-0.23,-0.38,0.59,-0.27,-5.40,-4.03,37.44,37.62,001,001,0,0,1964,1979,2023,1896,1987,1947,42.57,34.3,3310,51.719,82.75,1
2026-09-01T21:18:37.857,19.623,2,500,500,484,484,79.4,77.8,-0.49,0.70,0.52,0.84,0.66,-0.41,-0.49,0.70,-5.84,-3.62,37.36,37.66,100,010,0,0,1955,2020,2015,1911,2006,1935,42.57,34.3,3311,51.734,82.78,1
2026-09-01T21:18:37.868,19.634,2,500,500,484,484,79.3,74.4,-0.41,0.06,0.62,0.84,-0.19,0.20,-0.41,0.06,-5.69,-3.72,37.40,37.65,010,100,0,0,1952,1979,2011,1900,1983,1955,42.57,34.3,3311,51.734,82.78,1
2026-09-01T21:18:37.879,19.645,2,500,500,484,484,79.4,72.4,0.41,-0.35,0.60,0.82,0.33,-0.78,0.41,-0.35,-5.88,-3.13,37.37,37.70,001,001,0,0,1949,2013,1985,1907,1976,1936,42.57,34.3,3310,51.719,82.75,1
2026-09-01T21:18:37.892,19.658,2,500,500,484,484,80.0,73.2,-0.10,0.28,1.30,0.38,0.25,-0.22,-0.10,0.28,-6.29,-3.10,37.31,37.70,100,011,0,0,1971,1991,1999,1881,1979,1943,42.57,34.3,3311,51.734,82.78,1
2026-09-01T21:18:37.901,19.667,2,500,500,484,484,78.8,78.7,-0.45,0.35,0.58,0.84,-0.35,0.37,-0.45,0.35,-5.98,-3.39,37.36,37.68,010,110,0,0,1952,1987,2011,1907,1975,1930,42.57,34.3,3313,51.766,82.83,1
2026-09-01T21:18:37.912,19.678,2,500,500,484,484,79.8,80.0,0.58,-0.83,0.76,0.34,-0.04,0.32,0.58,-0.83,-5.88,-4.02,37.37,37.62,001,101,0,0,1964,1983,2015,1880,1982,1968,42.57,34.3,3312,51.750,82.80,1
2026-09-01T21:18:37.923,19.689,2,500,500,484,463,78.2,72.9,-0.45,0.20,0.52,0.96,0.57,-0.80,-0.45,0.20,-6.22,-3.65,37.32,37.65,100,011,0,0,1938,2015,2032,1902,1897,1945,42.57,34.3,3308,51.688,82.70,1
2026-09-01T21:18:37.934,19.700,2,500,500,484,484,78.8,70.3,-0.25,0.60,0.82,0.70,-0.44,0.20,-0.25,0.60,-5.97,-4.47,37.36,37.57,010,010,0,0,1963,1992,2005,1899,1991,1935,42.57,34.3,3304,51.625,82.60,1
2026-09-01T21:18:37.945,19.711,2,500,500,484,484,79.4,77.1,0.12,-0.54,0.30,0.46,0.20,0.43,0.12,-0.54,-5.80,-4.89,37.39,37.52,001,100,0,0,1928,2007,1981,1893,1970,1958,42.57,34.3,3312,51.750,82.80,1
2026-09-01T21:18:37.956,19.722,2,500,500,484,484,80.0,79.9,-0.36,-0.28,0.56,0.66,0.25,-0.42,-0.36,-0.28,-5.85,-4.36,37.38,37.58,100,001,0,0,1953,2004,1999,1893,1983,1951,42.57,34.3,3310,51.719,82.75,1
2026-09-01T21:18:37.967,19.733,2,500,500,484,484,77.8,78.1,-0.48,0.55,0.66,0.64,-0.21,-0.26,-0.48,0.55,-5.38,-4.16,37.44,37.60,010,010,0,0,1947,1959,2015,1900,1993,1933,42.57,34.3,3309,51.703,82.72,1
2026-09-01T21:18:37.978,19.744,2,500,500,484,484,79.2,75.1,0.56,-0.30,0.82,0.30,-0.15,0.76,0.56,-0.30,-5.33,-4.59,37.45,37.55,001,100,0,0,1964,1983,2023,1881,1962,1957,42.57,34.3,3311,51.734,82.78,1
2026-09-01T21:18:37.989,19.755,2,500,500,484,484,80.0,74.3,-0.50,-0.09,0.38,1.06,0.59,-0.72,-0.50,-0.09,-6.05,-3.58,37.35,37.66,100,001,0,0,1951,1994,2008,1909,1975,1939,42.57,34.3,3310,51.719,82.75,1
2026-09-01T21:18:38.000,19.766,2,500,500,484,484,79.8,73.0,-0.50,0.26,0.40,0.34,-0.26,-0.23,-0.50,0.26,-5.89,-3.38,37.37,37.68,010,011,0,0,1949,1995,2021,1882,1979,1943,42.57,34.3,3310,51.719,82.75,1
2026-09-01T21:18:38.011,19.777,2,500,500,484,484,79.8,75.6,0.63,-0.08,0.86,0.40,-0.04,0.58,0.63,-0.08,-5.84,-3.71,37.38,37.65,001,110,0,0,1967,1987,2016,1886,1967,1943,42.57,34.3,3311,51.734,82.78,1
2026-09-01T21:18:38.022,19.788,2,500,500,484,484,78.9,79.7,-0.42,-0.73,0.38,0.44,0.39,-0.11,-0.42,-0.73,-6.32,-3.52,37.30,37.67,100,101,0,0,1942,2007,2007,1890,1967,1967,42.57,34.3,3312,51.750,82.80,1
2026-09-01T21:18:38.033,19.799,2,500,500,484,463,77.1,76.4,-0.37,-0.20,0.64,0.42,-0.37,-0.09,-0.37,-0.20,-5.88,-3.13,37.38,37.68,010,011,0,0,1965,1988,2008,1869,1899,1943,42.57,34.3,3308,51.688,82.70,1
2026-09-01T21:18:38.044,19.810,2,500,500,507,484,76.5,73.3,0.46,0.48,0.58,0.52,0.03,0.33,0.46,0.48,-6.01,-4.14,36.15,37.60,001,110,0,0,1954,1980,2008,1893,1985,1941,42.57,34.3,3311,51.734,82.78,1
2026-09-01T21:18:38.055,19.821,2,500,500,484,463,78.9,74.5,-0.29,-0.75,0.60,0.32,0.63,0.90,-0.29,-0.75,-6.34,-4.71,37.30,37.54,100,100,0,0,1952,1991,2019,1883,1998,1939,42.57,34.3,3313,51.766,82.83,1
2026-09-01T21:18:38.066,19.832,2,500,500,507,484,77.3,78.3,-0.37,-0.26,0.64,0.54,-0.45,-0.46,-0.37,-0.26,-5.98,-4.26,36.12,37.59,010,001,0,0,1953,1998,2031,1885,1979,1943,42.57,34.3,3311,51.734,82.78,1
2026-09-01T21:18:38.077,19.844,2,500,500,484,484,78.0,79.4,0.31,0.51,0.40,0.54,-0.06,-0.10,0.31,0.51,-5.73,-4.36,37.39,37.58,001,010,0,0,1947,1987,2011,1895,1991,1937,42.57,34.3,3309,51.703,82.72,1
2026-09-01T21:18:38.087,19.854,2,500,500,484,484,79.4,76.4,-0.08,-0.08,0.84,0.62,0.35,0.39,-0.08,-0.08,-5.98,-4.72,37.36,37.54,100,100,0,0,1970,1992,1990,1899,1967,1943,42.57,34.3,3311,51.734,82.78,1
2026-09-01T21:18:38.098,19.865,2,500,500,484,484,78.7,71.7,-0.65,-0.15,0.36,1.04,-0.12,-0.63,-0.65,-0.15,-5.69,-4.13,37.40,37.61,010,001,0,0,1937,1961,2018,1916,1979,1923,42.57,34.3,3310,51.719,82.75,1
2026-09-01T21:18:38.110,19.876,2,500,500,507,484,77.3,72.7,0.52,0.42,0.62,0.50,0.11,-0.50,0.52,0.42,-5.84,-3.73,36.14,37.65,001,011,0,0,1951,1980,2008,1893,1989,1939,42.57,34.3,3310,51.719,82.75,1
2026-09-01T21:18:38.120,19.887,2,500,500,484,484,77.3,78.5,-0.06,0.38,0.84,0.90,0.47,0.30,-0.06,0.38,-6.39,-3.88,37.29,37.63,100,110,0,0,1955,1991,2027,1911,1971,1925,42.57,34.3,3312,51.750,82.80,1
2026-09-01T21:18:38.131,19.898,2,500,500,484,484,78.1,79.7,-0.13,-0.69,0.96,0.44,-0.56,-0.26,-0.13,-0.69,-6.04,-3.60,37.35,37.66,010,101,0,0,1979,2011,1999,1888,1967,1975,42.57,34.3,3311,51.734,82.78,1
2026-09-01T21:18:38.143,19.909,2,500,500,484,484,77.2,79.9,0.46,0.19,0.72,0.38,-0.03,-0.60,0.46,0.19,-6.15,-3.00,37.33,37.71,001,011,0,0,1949,2022,1975,1886,1984,1944,42.57,34.3,3310,51.719,82.75,1
2026-09-01T21:18:38.154,19.920,2,500,500,484,484,79.4,79.7,-0.28,0.02,0.84,0.44,0.35,0.80,-0.28,0.02,-6.45,-3.57,37.28,37.66,100,110,0,0,1968,1994,2015,1878,1967,1963,42.57,34.3,3312,51.750,82.80,1
2026-09-01T21:18:38.165,19.931,2,500,500,484,484,80.0,78.8,-0.27,-0.90,0.68,0.22,-0.47,0.66,-0.27,-0.90,-6.09,-3.99,37.34,37.62,010,101,0,0,1963,1991,2007,1881,1977,1955,42.57,34.3,3312,51.750,82.80,1
2026-09-01T21:18:38.176,19.942,2,500,500,484,484,79.9,72.8,0.48,0.05,0.52,0.74,0.11,-0.82,0.48,0.05,-6.15,-3.55,37.33,37.67,001,011,0,0,1951,1992,2004,1902,1967,1955,42.57,34.3,3310,51.719,82.75,1
2026-09-01T21:18:38.187,19.953,2,500,500,484,484,80.0,76.4,-0.31,0.42,0.68,0.48,0.15,0.27,-0.31,0.42,-6.32,-4.21,37.30,37.60,100,010,0,0,1958,2008,1992,1887,1983,1943,42.57,34.3,3310,51.719,82.75,1
2026-09-01T21:18:38.197,19.964,2,500,500,507,484,77.2,79.9,-0.16,-0.38,0.92,0.38,-0.58,0.68,-0.16,-0.38,-5.88,-4.85,36.09,37.52,010,100,0,0,1968,2007,2023,1888,1977,1960,42.57,34.3,3312,51.750,82.80,1
2026-09-01T21:18:38.208,19.975,2,500,500,507,463,76.3,73.4,0.28,-0.18,0.34,0.94,-0.05,-0.45,0.34,-0.22,-5.72,-4.25,36.11,37.59,001,001,0,0,1941,1974,2012,1905,1976,1930,42.57,34.3,3310,51.719,82.75,1
2026-09-01T21:18:38.219,19.986,2,500,500,507,484,77.1,70.7,-0.29,0.52,0.52,0.66,0.46,-0.42,-0.29,0.52,-5.98,-4.07,36.15,37.61,100,010,0,0,1950,2009,1989,1897,1991,1943,42.57,34.3,3305,51.641,82.62,1
2026-09-01T21:18:38.230,19.997,2,500,500,484,484,78.7,76.1,-0.48,-0.18,0.64,0.38,-0.23,1.02,-0.48,-0.18,-5.74,-4.64,37.39,37.55,010,110,0,0,1952,1967,2011,1883,1970,1955,42.57,34.3,3312,51.750,82.80,1
2026-09-01T21:18:38.244,20.010,2,500,500,484,484,78.8,77.7,0.47,-0.52,0.68,0.68,0.10,-0.60,0.47,-0.52,-5.97,-3.69,37.34,37.65,001,101,0,0,1949,2007,1991,1904,1950,1989,42.57,34.3,3313,51.766,82.83,1
2026-09-01T21:18:38.253,20.019,2,500,500,484,484,79.0,79.7,-0.66,0.28,0.66,0.56,0.95,-0.36,-0.66,0.28,-6.41,-3.30,37.23,37.69,100,011,0,0,1933,2008,2060,1891,1982,1939,42.57,34.3,3311,51.734,82.78,1
2026-09-01T21:18:38.264,20.030,2,500,500,484,484,80.0,79.2,-0.27,-0.04,0.72,0.32,-0.41,0.73,-0.27,-0.04,-6.09,-3.72,37.34,37.65,010,110,0,0,1960,1991,2019,1880,1971,1961,42.57,34.3,3312,51.750,82.80,1
2026-09-01T21:18:38.275,20.042,2,500,500,484,484,80.0,79.7,0.53,-0.80,0.74,0.34,-0.07,0.08,0.53,-0.80,-6.03,-3.63,37.35,37.66,001,101,0,0,1958,1981,2015,1882,1979,1963,42.57,34.3,3312,51.750,82.80,1
2026-09-01T21:18:38.285,20.052,2,500,500,484,484,79.0,72.4,-0.26,-0.04,0.58,0.62,0.56,-0.71,-0.26,-0.04,-6.39,-3.16,37.29,37.70,100,011,0,0,1979,2001,2001,1895,1911,1936,42.57,34.3,3310,51.719,82.75,1
2026-09-01T21:18:38.297,20.063,2,500,500,507,484,77.1,73.1,-0.32,0.63,0.48,0.80,-0.59,-0.03,-0.32,0.63,-5.98,-3.86,36.10,37.64,010,110,0,0,1956,2002,2021,1902,1999,1935,42.57,34.3,3313,51.766,82.83,1
2026-09-01T21:18:38.308,20.074,2,500,500,484,484,79.8,77.4,0.35,-0.44,0.50,0.66,0.00,0.41,0.35,-0.44,-6.05,-4.36,37.35,37.58,001,100,0,0,1968,1995,2003,1894,1972,1955,42.57,34.3,3312,51.750,82.80,1
2026-09-01T21:18:38.318,20.085,2,500,500,484,484,79.0,79.8,-0.10,-0.31,0.84,0.68,0.37,-0.40,-0.10,-0.31,-6.40,-4.07,37.29,37.62,100,001,0,0,1969,1988,1999,1896,1983,1947,42.57,34.3,3311,51.734,82.78,1
2026-09-01T21:18:38.329,20.095,2,500,500,507,484,75.6,73.3,-0.49,0.38,0.52,0.38,-0.47,-0.08,-0.40,0.42,-5.80,-4.10,36.10,37.61,010,010,0,0,1959,1996,2020,1887,1983,1947,42.57,34.3,3308,51.688,82.70,1
2026-09-01T21:18:38.340,20.106,2,500,500,484,484,78.6,71.9,0.51,-0.05,0.64,0.48,-0.15,0.61,0.51,-0.05,-5.48,-4.60,37.43,37.55,001,110,0,0,1958,1987,2015,1892,1970,1941,42.57,34.3,3312,51.750,82.80,1
2026-09-01T21:18:38.351,20.118,2,500,500,484,484,78.8,76.5,-0.19,-0.19,0.68,1.12,0.56,-0.51,-0.19,-0.19,-5.98,-4.00,37.34,37.62,100,101,0,0,1954,1999,2019,1921,1955,1983,42.57,34.3,3312,51.750,82.80,1
2026-09-01T21:18:38.362,20.129,2,500,500,484,484,78.8,79.6,-0.40,0.15,0.78,0.34,-0.15,-0.24,-0.40,0.15,-5.85,-3.72,37.37,37.65,010,011,0,0,1952,1967,2007,1881,1979,1943,42.57,34.3,3310,51.719,82.75,1
2026-09-01T21:18:38.373,20.140,2,500,500,484,484,78.8,80.1,0.22,0.43,0.34,0.84,0.27,0.31,0.22,0.43,-6.01,-3.80,37.35,37.64,001,110,0,0,1933,2012,1982,1903,1977,1943,42.57,34.3,3313,51.766,82.83,1
2026-09-01T21:18:38.384,20.150,2,500,500,484,484,78.2,77.8,0.04,-0.79,1.30,0.46,0.19,-0.14,0.01,-0.76,-6.27,-3.54,37.31,37.67,100,101,0,0,1976,1982,1997,1885,1969,1965,42.57,34.3,3311,51.734,82.78,1
2026-09-01T21:18:38.395,20.161,2,500,500,484,484,79.8,76.4,-0.46,0.10,0.44,0.68,-0.47,-0.67,-0.46,0.10,-5.92,-2.96,37.36,37.72,010,011,0,0,1949,1994,2015,1891,1959,1947,42.57,34.3,3308,51.688,82.70,1
2026-09-01T21:18:38.406,20.173,2,500,500,507,484,77.4,74.1,0.51,0.59,0.62,0.72,-0.06,0.12,0.51,0.59,-5.92,-3.26,36.11,37.69,001,110,0,0,1953,1967,2014,1901,1989,1937,42.57,34.3,3312,51.750,82.80,1
2026-09-01T21:18:38.417,20.184,2,500,500,484,463,79.5,77.1,-0.52,-0.94,0.56,0.08,0.69,1.14,-0.52,-0.94,-6.36,-4.19,37.29,37.60,100,100,0,0,1941,2014,2022,1871,2003,1947,42.57,34.3,3313,51.766,82.83,1
2026-09-01T21:18:38.428,20.195,2,500,500,507,484,77.4,79.2,-0.29,-0.11,0.70,0.74,-0.54,-0.74,-0.29,-0.11,-5.95,-3.73,36.10,37.65,010,001,0,0,1962,1998,2015,1903,1976,1964,42.57,34.3,3310,51.719,82.75,1
2026-09-01T21:18:38.439,20.205,2,500,500,484,484,78.8,78.1,0.38,0.49,0.48,0.54,-0.08,0.15,0.38,0.49,-5.78,-4.35,37.39,37.58,001,010,0,0,1943,1983,2024,1889,1979,1947,42.57,34.3,3311,51.734,82.78,1
2026-09-01T21:18:38.450,20.216,2,500,500,484,484,79.4,73.8,-0.08,-0.04,0.90,0.64,0.33,0.43,-0.08,-0.04,-5.94,-4.78,37.36,37.53,100,100,0,0,1973,1986,2002,1895,2000,1957,42.57,34.5,3312,51.750,82.80,1
2026-09-01T21:18:38.461,20.228,2,500,500,484,484,80.0,71.8,-0.53,-0.20,0.28,0.96,-0.07,-0.61,-0.53,-0.20,-5.56,-4.29,37.42,37.59,010,101,0,0,1936,1979,2019,1911,1979,1919,42.57,34.5,3311,51.734,82.78,1
2026-09-01T21:18:38.472,20.239,2,500,500,484,484,79.7,73.9,0.51,0.44,0.68,0.56,0.05,-0.30,0.51,0.44,-5.56,-4.13,37.42,37.61,001,011,0,0,1963,1990,2015,1892,1984,1941,42.57,34.5,3310,51.719,82.75,1
2026-09-01T21:18:38.483,20.250,2,500,500,484,484,79.5,78.1,-0.47,-0.19,0.48,0.32,0.51,1.34,-0.47,-0.19,-6.32,-4.76,37.30,37.53,100,110,0,0,1955,1999,2011,1877,1972,1970,42.57,34.5,3312,51.750,82.80,1
2026-09-01T21:18:38.494,20.261,2,500,500,507,484,77.5,80.0,-0.21,-0.71,0.80,0.46,-0.54,-0.24,-0.21,-0.71,-6.11,-3.97,36.14,37.63,010,101,0,0,1959,1999,2027,1890,1964,1976,42.57,34.5,3312,51.750,82.80,1
2026-09-01T21:18:38.505,20.271,2,500,500,484,484,78.9,76.6,0.45,0.12,0.44,0.40,-0.09,-0.66,0.45,0.12,-6.09,-3.30,37.34,37.69,001,011,0,0,1959,1988,2019,1886,1985,1945,42.57,34.5,3309,51.703,82.72,1
2026-09-01T21:18:38.516,20.282,2,500,500,484,484,79.5,74.0,-0.31,0.56,0.50,0.66,0.36,-0.10,-0.31,0.56,-6.40,-3.33,37.28,37.69,100,110,0,0,1959,2012,1994,1895,1975,1971,42.57,34.5,3311,51.734,82.78,1
2026-09-01T21:18:38.527,20.293,2,500,500,484,484,79.4,69.3,-0.50,-0.79,0.50,0.28,-0.19,0.29,-0.50,-0.79,-5.99,-3.57,37.36,37.66,010,101,0,0,1947,1978,2019,1879,1983,1958,42.57,34.5,3312,51.750,82.80,1
2026-09-01T21:18:38.538,20.305,2,500,500,484,484,79.6,70.5,0.55,0.01,0.66,0.48,0.06,-0.73,0.55,0.01,-5.94,-2.94,37.36,37.72,001,001,0,0,1959,1991,2012,1892,1934,1920,42.57,34.5,3374,52.719,84.35,1
2026-09-01T21:18:38.549,20.316,2,500,500,484,484,78.9,74.0,-0.93,0.51,0.12,0.52,0.78,0.16,-0.93,0.51,-6.47,-3.97,37.28,37.63,100,010,0,0,1934,2000,2008,1895,1999,1921,42.57,34.3,3310,51.719,82.75,1
2026-09-01T21:18:38.560,20.327,2,500,500,507,463,76.7,80.0,-0.32,-0.40,0.56,0.60,-0.68,1.08,-0.32,-0.40,-5.68,-4.70,36.12,37.54,010,100,0,0,1953,1995,2047,1888,2001,1944,42.57,34.3,3312,51.750,82.80,1
2026-09-01T21:18:38.571,20.337,2,500,500,484,484,80.0,74.9,0.43,-0.11,0.52,1.06,-0.05,-0.59,0.43,-0.11,-5.54,-4.32,37.42,37.59,001,001,0,0,1956,1983,2029,1901,1977,1935,42.57,34.5,3309,51.703,82.72,1
2026-09-01T21:18:38.582,20.348,2,500,500,484,484,80.0,70.4,-0.12,0.33,0.94,0.38,0.31,-0.11,-0.12,0.33,-5.75,-4.34,37.39,37.58,100,011,0,0,1972,1987,2003,1883,1982,1943,42.57,34.5,3374,52.719,84.35,1
2026-09-01T21:18:38.593,20.359,2,500,500,484,484,79.3,78.8,-0.67,0.09,0.28,0.54,0.00,0.72,-0.67,0.09,-5.59,-4.76,37.42,37.53,010,110,0,0,1930,1959,2019,1890,1975,1950,42.57,34.5,3313,51.766,82.83,1
2026-09-01T21:18:38.604,20.370,2,500,500,507,484,77.4,80.0,0.51,-0.57,0.66,0.74,-0.07,-0.17,0.51,-0.57,-5.55,-4.31,36.16,37.59,001,101,0,0,1958,1965,2027,1896,1980,1962,42.57,34.5,3312,51.750,82.80,1
2026-09-01T21:18:38.615,20.381,2,500,500,484,484,78.9,76.8,-0.13,0.14,0.76,0.48,0.51,-0.81,-0.13,0.14,-6.18,-3.65,37.33,37.66,100,011,0,0,1963,1992,2012,1887,1991,1951,42.57,34.5,3310,51.719,82.75,1
2026-09-01T21:18:38.626,20.392,2,500,500,507,484,77.0,74.3,-0.26,0.59,0.76,0.66,-0.56,0.00,-0.26,0.59,-5.94,-3.69,36.16,37.65,010,110,0,0,1963,1998,2014,1901,1991,1929,42.57,34.5,3312,51.750,82.80,1
2026-09-01T21:18:38.637,20.403,2,500,500,484,484,79.4,71.1,0.38,-0.47,0.48,0.64,0.08,-0.11,0.38,-0.57,-5.99,-3.46,37.36,37.68,001,101,0,0,1945,1999,1999,1899,1966,1966,42.57,34.5,3313,51.766,82.83,1
2026-09-01T21:18:38.648,20.414,2,500,500,484,484,79.8,71.7,-0.12,-0.16,0.86,0.38,0.44,-0.81,-0.12,-0.16,-6.31,-2.96,37.30,37.72,100,001,0,0,1963,1987,2022,1879,1993,1943,42.57,34.5,3304,51.625,82.60,1
2026-09-01T21:18:38.659,20.425,2,500,500,484,484,78.8,78.0,-0.29,0.52,0.70,0.56,-0.36,0.01,-0.29,0.52,-6.01,-3.10,37.35,37.70,010,010,0,0,1955,1991,2020,1891,1991,1935,42.57,34.5,3311,51.734,82.78,1
2026-09-01T21:18:38.672,20.438,2,500,500,484,463,79.4,80.1,0.39,-0.84,0.56,0.10,-0.03,1.46,0.39,-0.84,-6.01,-4.29,37.35,37.59,001,100,0,0,1954,1991,2015,1861,2023,1960,42.57,34.5,3312,51.750,82.80,1
2026-09-01T21:18:38.681,20.447,2,500,500,507,484,77.5,79.7,-0.39,-0.22,0.50,0.68,0.21,-0.62,-0.39,-0.22,-6.11,-3.60,36.11,37.66,100,001,0,0,1950,2013,1992,1899,1979,1965,42.57,34.5,3310,51.719,82.75,1
2026-09-01T21:18:38.692,20.458,2,500,500,507,463,76.9,70.0,-0.45,0.35,0.52,0.38,-0.50,0.14,-0.45,0.35,-5.84,-4.10,36.13,37.61,010,010,0,0,1954,2000,2021,1887,1970,1955,42.57,34.5,3310,51.719,82.75,1
2026-09-01T21:18:38.703,20.469,2,500,500,484,484,79.3,73.4,0.34,-0.05,0.48,0.48,-0.02,0.72,0.34,-0.05,-5.64,-4.69,37.41,37.54,001,110,0,0,1950,1986,2010,1887,1971,1949,42.57,34.5,3311,51.734,82.78,1
2026-09-01T21:18:38.714,20.480,2,500,500,507,484,74.3,70.5,-0.48,-0.37,0.66,0.80,0.07,-0.50,-0.48,-0.37,-5.87,-4.20,36.14,37.60,100,101,0,0,1955,2030,1976,1905,1955,1971,42.57,34.5,3307,51.672,82.67,1
2026-09-01T21:18:38.725,20.492,2,500,500,484,484,77.7,76.6,-0.06,0.53,0.76,0.64,-0.64,-0.50,-0.06,0.53,-5.56,-3.88,37.42,37.63,010,011,0,0,1968,2003,2011,1898,1990,1945,42.57,34.5,3311,51.734,82.78,1
2026-09-01T21:18:38.736,20.502,2,500,500,484,484,79.6,80.0,0.51,0.18,0.70,0.60,0.07,0.90,0.51,0.18,-5.83,-4.33,37.38,37.58,001,110,0,0,1960,1991,2013,1890,1970,1964,42.57,34.5,3314,51.781,82.85,1
2026-09-01T21:18:38.747,20.513,2,500,500,484,484,80.0,76.9,-0.71,-0.43,0.30,0.90,0.87,-0.29,-0.71,-0.43,-6.58,-3.78,37.26,37.64,100,101,0,0,1932,2007,2015,1910,1955,1963,42.57,34.5,3313,51.766,82.83,1
2026-09-01T21:18:38.758,20.524,2,500,500,507,484,77.4,72.3,-0.35,0.23,0.50,0.86,-0.46,-1.02,-0.35,0.23,-5.93,-3.06,36.13,37.71,010,011,0,0,1952,1998,2038,1898,1957,1945,42.57,34.5,3311,51.734,82.78,1
2026-09-01T21:18:38.769,20.535,2,500,500,484,484,80.0,70.8,0.56,0.58,0.68,0.58,-0.12,-0.10,0.56,0.58,-5.92,-3.21,37.37,37.70,001,110,0,0,1961,1979,2035,1885,1967,1991,42.57,34.5,3314,51.781,82.85,1
2026-09-01T21:18:38.780,20.546,2,500,500,484,484,79.8,74.2,-0.29,-0.94,0.76,0.16,0.36,0.62,-0.29,-0.94,-6.20,-3.73,37.32,37.65,100,100,0,0,1957,1983,2019,1872,1981,1952,42.57,34.5,3314,51.781,82.85,1
2026-09-01T21:18:38.791,20.557,2,500,500,484,484,79.1,77.1,-0.31,-0.14,0.52,0.58,-0.56,-0.69,-0.31,-0.14,-5.87,-2.99,37.37,37.71,010,001,0,0,1953,1991,2019,1893,1984,1956,42.57,34.5,3312,51.750,82.80,1
2026-09-01T21:18:38.802,20.568,2,500,500,484,484,79.9,79.9,0.52,0.49,0.62,0.48,0.04,0.01,0.52,0.49,-5.79,-3.64,37.39,37.66,001,010,0,0,1959,1995,2014,1891,1987,1941,42.57,34.5,3312,51.750,82.80,1
2026-09-01T21:18:38.813,20.579,2,500,500,484,463,79.0,77.1,-0.51,-0.23,0.50,0.56,0.26,0.63,-0.51,-0.23,-5.92,-4.36,37.36,37.58,100,100,0,0,1955,2007,1991,1889,1986,1953,42.57,34.5,3313,51.766,82.83,1
2026-09-01T21:18:38.824,20.590,2,500,500,507,484,75.4,73.2,-0.12,-0.35,0.84,0.86,-0.79,-0.46,-0.12,-0.35,-5.28,-3.95,36.13,37.63,010,001,0,0,1957,2007,2049,1901,1982,1918,42.57,34.5,3312,51.750,82.80,1
2026-09-01T21:18:38.835,20.602,2,500,500,484,484,75.6,69.8,0.66,0.32,0.90,0.30,0.12,-0.08,0.66,0.32,-5.52,-4.09,37.43,37.61,001,011,0,0,1973,1983,2022,1884,1977,1944,42.57,34.5,3312,51.750,82.80,1
2026-09-01T21:18:38.846,20.612,2,500,500,484,484,78.3,78.2,-0.50,0.05,0.56,0.52,0.55,0.71,-0.50,0.05,-6.01,-4.56,37.35,37.56,100,110,0,0,1954,1997,2015,1892,1970,1949,42.57,34.5,3314,51.781,82.85,1
2026-09-01T21:18:38.857,20.623,2,500,500,484,484,79.9,79.8,-0.37,-0.28,0.42,1.08,-0.04,-0.30,-0.37,-0.28,-5.90,-4.14,37.37,37.60,010,101,0,0,1944,1980,2008,1919,1951,1967,42.57,34.5,3313,51.766,82.83,1
2026-09-01T21:18:38.868,20.634,2,500,500,484,484,79.6,77.7,0.51,0.18,0.60,0.48,0.13,-0.75,0.51,0.18,-6.07,-3.43,37.34,37.68,001,011,0,0,1959,1991,2015,1888,1988,1948,42.57,34.5,3312,51.750,82.80,1
2026-09-01T21:18:38.879,20.645,2,500,500,484,484,79.4,75.4,-0.33,0.61,0.76,0.72,0.43,-0.06,-0.33,0.61,-6.45,-3.25,37.28,37.69,100,110,0,0,1958,1995,2023,1892,1970,1952,42.57,34.5,3313,51.766,82.83,1
2026-09-01T21:18:38.892,20.659,2,500,500,507,484,76.1,72.6,-0.16,-0.53,0.74,0.72,-0.67,-0.15,-0.16,-0.53,-5.99,-3.32,36.14,37.69,010,101,0,0,1957,1991,2023,1900,1962,1963,42.57,34.5,3313,51.766,82.83,1
2026-09-01T21:18:38.901,20.667,2,500,500,507,484,74.3,70.2,0.42,-0.05,0.50,0.48,-0.05,-0.82,0.42,-0.05,-6.09,-2.78,36.14,37.73,001,001,0,0,1952,1965,2013,1888,1979,1939,42.57,34.5,3378,52.781,84.45,1
2026-09-01T21:18:38.912,20.678,2,500,500,484,484,79.4,78.0,-0.45,0.42,0.60,0.46,0.55,0.11,-0.45,0.42,-6.56,-3.14,37.26,37.70,100,010,0,0,1955,1996,2014,1885,1979,1941,42.57,34.5,3312,51.750,82.80,1
2026-09-01T21:18:38.923,20.689,2,500,500,507,463,77.1,79.3,-0.17,-0.67,0.80,0.28,-0.59,1.35,-0.17,-0.67,-6.11,-4.15,36.11,37.60,010,100,0,0,1965,2001,2031,1868,2025,1960,42.57,34.5,3316,51.812,82.90,1
2026-09-01T21:18:38.934,20.700,2,500,500,484,484,79.8,73.2,0.41,-0.44,0.54,0.60,0.04,-0.35,0.39,-0.34,-5.95,-3.97,37.36,37.63,001,001,0,0,1947,1995,2003,1896,1970,1962,42.57,34.5,3314,51.781,82.85,1
2026-09-01T21:18:38.945,20.711,2,500,500,484,463,80.0,74.8,-0.14,0.31,0.92,0.40,0.36,0.03,-0.14,0.31,-6.11,-4.28,37.34,37.59,100,011,0,0,1986,1995,1999,1888,1974,1959,42.57,34.5,3314,51.781,82.85,1
2026-09-01T21:18:38.956,20.722,2,500,500,484,484,80.0,78.1,-0.37,0.12,0.52,0.52,-0.51,0.67,-0.37,0.12,-5.63,-4.73,37.41,37.54,010,110,0,0,1952,1991,2015,1893,1971,1947,42.57,34.5,3316,51.812,82.90,1
2026-09-01T21:18:38.966,20.733,2,500,500,484,484,80.0,79.5,0.48,-0.63,0.90,0.64,-0.05,-0.11,0.48,-0.63,-5.68,-4.50,37.40,37.56,001,101,0,0,1958,1970,2022,1894,1969,1962,42.57,34.5,3315,51.797,82.88,1
2026-09-01T21:18:38.978,20.744,2,500,500,484,484,79.8,75.7,-0.33,0.32,0.60,0.96,0.58,-0.90,-0.33,0.32,-6.27,-3.87,37.31,37.63,100,011,0,0,1955,1999,2011,1902,1966,1958,42.57,34.5,3313,51.766,82.83,1
2026-09-01T21:18:38.989,20.755,2,500,500,484,484,79.6,74.5,-0.37,0.58,0.42,0.80,-0.45,0.00,-0.37,0.58,-5.95,-3.79,37.36,37.62,010,110,0,0,1957,1995,2015,1892,1968,2036,42.57,34.5,3315,51.797,82.88,1
2026-09-01T21:18:39.000,20.766,2,500,500,484,484,77.4,77.1,0.53,-0.83,0.76,0.36,0.14,0.02,0.53,-0.83,-6.09,-4.02,37.34,37.62,001,101,0,0,1964,1985,2019,1883,1970,1964,42.57,34.5,3315,51.797,82.88,1
2026-09-01T21:18:39.011,20.777,2,500,500,484,484,76.2,72.3,-0.40,0.26,0.82,0.94,0.24,-1.02,-0.40,0.26,-6.33,-3.04,37.27,37.68,100,011,0,0,1966,1999,2003,1900,1960,1949,42.54,34.5,3313,51.766,82.83,1
2026-09-01T21:18:39.022,20.788,2,500,500,484,484,75.3,69.6,-0.07,0.50,0.68,0.54,-0.56,0.07,-0.07,0.50,-5.84,-3.30,37.35,37.66,010,010,0,0,1957,1995,2013,1887,1987,1943,42.54,34.5,3316,51.812,82.90,1
2026-09-01T21:18:39.033,20.799,2,500,500,484,484,73.7,75.4,0.53,-0.93,0.72,0.12,0.25,0.76,0.53,-0.93,-6.13,-3.92,37.31,37.60,001,100,0,0,1953,1991,2027,1868,1980,1950,42.54,34.5,3316,51.812,82.90,1
2026-09-01T21:18:39.044,20.810,2,500,500,484,484,71.9,78.0,-0.89,-0.11,0.20,0.64,0.39,-0.63,-0.89,-0.11,-6.41,-3.19,37.26,37.67,100,001,0,0,1940,1995,2011,1896,1984,1958,42.54,34.5,3314,51.781,82.85,1
2026-09-01T21:18:39.055,20.821,2,500,500,484,484,70.9,80.0,0.19,0.31,1.00,0.24,-0.72,0.43,0.19,0.31,-5.62,-4.08,37.36,37.59,010,010,0,0,1971,2006,2007,1877,1977,1949,42.54,34.5,3315,51.797,82.88,1
2026-09-01T21:18:39.066,20.832,2,500,500,484,463,69.8,78.1,0.45,-0.08,0.52,0.94,0.31,0.79,0.45,-0.08,-5.85,-4.76,37.34,37.51,101,100,0,0,1955,1994,2011,1898,2016,1952,42.54,34.5,3316,51.812,82.90,1
2026-09-01T21:18:39.077,20.844,2,500,500,484,484,73.0,73.4,-0.58,-0.27,0.68,0.84,-0.26,-0.37,-0.63,-0.32,-5.60,-4.30,37.39,37.56,110,001,0,0,1964,1975,2026,1900,1984,1926,42.54,34.5,3313,51.766,82.83,1
2026-09-01T21:18:39.088,20.855,2,500,500,507,484,74.5,71.9,0.07,0.36,0.90,0.48,-0.44,-0.12,0.07,0.36,-5.50,-4.40,36.12,37.55,011,010,0,0,1953,1985,2007,1887,1980,1944,42.54,34.5,3312,51.750,82.80,1
2026-09-01T21:18:39.100,20.866,2,500,500,484,484,79.4,70.6,0.10,-0.11,0.48,0.58,0.67,0.53,0.10,-0.11,-5.81,-4.83,37.36,37.50,101,100,0,0,1939,2037,2006,1895,1970,1942,42.54,34.5,3316,51.812,82.90,1
2026-09-01T21:18:39.111,20.877,2,500,500,484,484,80.0,69.9,-0.54,-0.52,0.72,0.60,0.09,-0.46,-0.54,-0.52,-6.12,-4.12,37.31,37.58,110,101,0,0,1977,1994,2010,1897,1993,1944,42.54,34.5,3377,52.766,84.42,1
2026-09-01T21:18:39.122,20.888,2,500,500,484,484,79.9,74.2,0.13,0.34,0.22,0.38,-0.51,-0.42,0.13,0.34,-5.77,-3.74,37.36,37.62,011,011,0,0,1943,1982,2012,1887,1987,1942,42.54,34.5,3313,51.766,82.83,1
2026-09-01T21:18:39.133,20.899,2,500,500,507,484,76.8,76.6,0.14,0.17,0.56,0.74,0.58,0.36,0.14,0.17,-6.36,-3.99,36.11,37.60,101,110,0,0,1953,1991,1999,1900,1969,1941,42.54,34.5,3316,51.812,82.90,1
2026-09-01T21:18:39.144,20.910,2,500,500,484,484,80.0,80.0,-0.74,-0.58,0.42,0.66,-0.02,-0.28,-0.74,-0.58,-6.20,-3.45,37.29,37.65,110,101,0,0,1949,1994,2012,1895,1975,1967,42.54,34.5,3315,51.797,82.88,1
2026-09-01T21:18:39.155,20.921,2,500,500,484,484,80.0,79.6,0.36,-0.01,0.80,0.24,-0.36,-0.30,0.36,-0.01,-5.85,-3.14,37.35,37.68,011,011,0,0,1959,1993,2004,1873,1968,1949,42.54,34.5,3313,51.766,82.83,1
2026-09-01T21:18:39.166,20.932,2,500,500,507,484,76.7,78.5,0.12,0.28,0.56,0.58,0.59,0.68,0.12,0.28,-6.47,-3.53,36.09,37.64,101,110,0,0,1952,1987,1999,1888,1972,1966,42.54,34.5,3317,51.828,82.92,1
2026-09-01T21:18:39.177,20.943,2,500,500,484,484,79.5,76.1,-0.84,-0.98,0.58,0.12,0.12,0.80,-0.84,-0.98,-6.31,-4.17,37.28,37.57,110,101,0,0,1948,1983,2015,1877,1985,1944,42.54,34.5,3315,51.797,82.88,1
2026-09-01T21:18:39.188,20.954,2,500,500,484,484,79.1,69.4,-0.02,-0.03,0.16,0.52,-0.08,-0.61,-0.02,-0.03,-5.77,-3.51,37.36,37.64,011,011,0,0,1940,1987,2001,1891,1960,1944,42.54,34.5,3379,52.797,84.47,1
2026-09-01T21:18:39.199,20.965,2,500,500,484,484,75.2,70.6,0.15,0.51,1.16,0.64,0.51,0.31,0.15,0.51,-5.98,-4.18,37.36,37.60,101,010,0,0,1969,1983,2008,1891,1981,1943,42.57,34.5,3309,51.703,82.72,1
2026-09-01T21:18:39.210,20.976,2,500,500,484,484,77.5,79.4,-0.96,-0.59,0.30,0.46,0.13,0.63,-0.96,-0.59,-5.93,-4.74,37.36,37.53,110,100,0,0,1932,1987,2027,1881,1972,1951,42.57,34.3,3316,51.812,82.90,1
2026-09-01T21:18:39.221,20.987,2,500,500,484,484,76.7,79.8,0.39,-0.30,0.60,0.74,-0.26,-0.41,0.39,-0.30,-5.60,-4.21,37.42,37.60,011,001,0,0,1956,1989,2007,1896,1984,1945,42.57,34.3,3314,51.781,82.85,1
2026-09-01T21:18:39.232,20.998,2,500,500,484,484,78.2,73.1,0.13,0.65,0.52,0.80,0.60,-0.49,0.13,0.65,-6.29,-3.92,37.31,37.63,101,010,0,0,1958,1983,2003,1900,1954,1964,42.57,34.3,3313,51.766,82.83,1
2026-09-01T21:18:39.244,21.010,2,500,500,484,484,75.0,73.5,-0.51,-0.24,0.80,0.42,-0.20,0.66,-0.51,-0.24,-6.26,-4.39,37.31,37.58,110,100,0,0,1959,2000,2000,1887,1968,1950,42.57,34.3,3314,51.781,82.85,1
2026-09-01T21:18:39.254,21.021,2,500,500,484,484,75.3,71.0,0.49,-0.22,0.66,0.86,-0.35,-0.80,0.49,-0.22,-5.83,-3.46,37.38,37.68,011,001,0,0,1959,1992,2010,1907,1975,1927,42.57,34.3,3318,51.844,82.95,1
2026-09-01T21:18:39.267,21.033,2,500,500,484,484,78.2,78.4,-0.16,0.41,0.66,0.44,0.43,-0.12,-0.37,0.42,-6.29,-3.26,37.28,37.67,100,010,0,0,1952,2007,2007,1888,1983,1939,42.54,34.3,3314,51.781,82.85,1
2026-09-01T21:18:39.277,21.043,2,500,500,484,484,78.8,75.4,-0.38,-0.13,0.68,0.88,-0.47,1.01,-0.35,-0.41,-5.86,-3.52,37.35,37.64,010,100,0,0,1955,1987,2017,1885,2031,1971,42.54,34.3,3315,51.797,82.88,1
2026-09-01T21:18:39.288,21.054,2,500,500,484,484,79.4,73.9,0.27,-0.27,0.52,0.58,0.14,-0.59,0.33,-0.27,-5.99,-2.98,37.33,37.69,001,001,0,0,1947,1991,2007,1897,1974,1961,42.54,34.3,3313,51.766,82.83,1
2026-09-01T21:18:39.299,21.065,2,500,500,484,484,79.5,74.3,-0.35,0.03,0.70,-0.12,0.09,0.80,-0.35,0.03,-6.02,-3.61,37.32,37.63,100,010,0,0,1959,2002,1988,1863,1962,1950,42.54,34.3,3314,51.781,82.85,1
2026-09-01T21:18:39.310,21.076,2,500,500,507,484,76.7,69.5,-0.36,0.26,0.34,0.84,-0.58,0.25,-0.36,0.26,-5.83,-3.78,36.09,37.62,010,110,0,0,1947,1996,2047,1913,1987,1937,42.54,34.3,3311,51.734,82.78,1
2026-09-01T21:18:39.321,21.087,2,500,500,484,484,80.1,79.1,0.70,-0.74,1.34,0.50,-0.07,-0.14,0.70,-0.74,-5.52,-3.97,37.40,37.60,001,101,0,0,1969,1980,2020,1885,1977,1959,42.54,34.3,3315,51.797,82.88,1
2026-09-01T21:18:39.332,21.098,2,500,500,507,484,77.5,77.9,-0.32,0.07,0.56,0.48,0.37,-0.22,-0.32,0.07,-5.83,-3.94,36.16,37.63,100,011,0,0,1952,2011,1990,1884,1952,1952,42.57,34.3,3315,51.797,82.88,1
2026-09-01T21:18:39.343,21.109,2,500,500,484,484,79.6,77.1,-0.21,0.51,0.68,0.72,-0.42,0.44,-0.21,0.51,-5.56,-4.10,37.42,37.58,010,110,0,0,1960,1989,2011,1893,1978,1968,42.57,34.3,3315,51.797,82.88,1
2026-09-01T21:18:39.354,21.120,2,500,500,484,484,79.6,73.3,0.39,-0.28,0.48,1.16,0.31,-0.25,0.39,-0.28,-5.94,-4.08,37.36,37.61,001,100,0,0,1945,1995,2005,1914,2006,1934,42.57,34.3,3316,51.812,82.90,1
2026-09-01T21:18:39.365,21.132,2,500,500,484,484,77.2,69.5,-0.50,-0.17,0.62,0.32,0.56,-0.45,-0.50,-0.17,-6.45,-3.81,37.28,37.64,100,001,0,0,1955,1993,2017,1881,1984,1949,42.57,34.3,3314,51.781,82.85,1
2026-09-01T21:18:39.376,21.143,2,500,500,484,484,76.5,72.7,-0.09,0.78,0.76,0.90,-0.68,-0.14,-0.09,0.78,-5.82,-3.75,37.38,37.65,010,010,0,0,1958,1993,2022,1908,2000,1916,42.57,34.3,3314,51.781,82.85,1
2026-09-01T21:18:39.387,21.154,2,500,500,484,484,75.1,77.6,0.45,-0.60,0.68,0.46,0.16,0.41,0.45,-0.60,-6.08,-3.97,37.31,37.60,001,100,0,0,1956,1987,2015,1884,1972,1963,42.54,34.3,3316,51.812,82.90,1
2026-09-01T21:18:39.398,21.164,2,500,500,484,484,77.1,80.0,-1.02,-0.01,-0.04,0.92,0.80,-0.85,-1.02,-0.01,-6.61,-3.02,37.22,37.68,100,001,0,0,1928,1999,2011,1910,1980,1976,42.54,34.3,3314,51.781,82.85,1
2026-09-01T21:18:39.409,21.175,2,500,500,484,484,75.3,79.6,-0.01,0.51,1.12,0.54,-0.77,-0.13,-0.01,0.51,-5.81,-3.12,37.36,37.68,010,010,0,0,1964,2001,2017,1888,1984,1939,42.54,34.3,3314,51.781,82.85,1
2026-09-01T21:18:39.420,21.187,2,500,500,484,484,75.1,76.7,0.48,-0.09,0.60,0.92,0.17,0.74,0.48,-0.09,-6.13,-3.72,37.31,37.62,001,100,0,0,1960,1987,2015,1890,2018,1965,42.54,34.3,3315,51.797,82.88,1
2026-09-01T21:18:39.431,21.198,2,500,500,484,484,73.7,72.7,-0.30,-0.42,1.00,0.68,0.10,-0.52,-0.30,-0.38,-6.12,-3.49,37.31,37.65,100,001,0,0,1972,1991,1995,1893,1978,1929,42.54,34.3,3313,51.766,82.83,1
2026-09-01T21:18:39.446,21.212,2,500,500,507,463,67.1,74.7,-0.06,0.13,0.62,0.16,-1.26,0.79,-0.06,0.13,-5.26,-4.36,36.09,37.55,010,011,0,0,1954,1999,2046,1871,1939,1975,42.54,34.3,3309,51.703,82.72,1
2026-09-01T21:18:39.453,21.219,2,500,500,484,484,69.5,78.1,0.56,0.02,0.76,0.48,0.08,0.72,0.56,0.02,-5.57,-4.72,37.42,37.54,101,110,0,0,1968,1983,2035,1882,1969,1957,42.57,34.3,3311,51.734,82.78,1
2026-09-01T21:18:39.464,21.231,2,500,500,484,484,72.4,79.0,-0.77,-0.47,0.42,0.78,-0.01,-0.34,-0.77,-0.47,-5.82,-4.35,36.15,37.58,110,101,0,0,1958,1978,2050,1908,1968,1973,42.57,34.3,3314,51.781,82.85,1
2026-09-01T21:18:39.475,21.242,2,500,500,484,484,74.6,79.8,-0.07,0.11,0.30,0.38,-0.42,-0.08,-0.07,0.11,-5.74,-4.19,37.39,37.59,011,011,0,0,1949,1991,1995,1880,1956,1952,42.57,34.3,3313,51.766,82.83,1
2026-09-01T21:18:39.487,21.253,2,500,500,484,484,76.3,77.3,0.41,0.22,0.52,0.40,0.78,0.67,0.41,0.22,-6.40,-4.62,37.29,37.55,101,110,0,0,1952,2003,2023,1873,1971,1984,42.57,34.3,3314,51.781,82.85,1
2026-09-01T21:18:39.498,21.264,2,500,500,484,484,76.2,78.0,-0.61,-0.49,0.82,0.76,0.27,-0.29,-0.61,-0.49,-6.26,-4.06,37.31,37.61,110,101,0,0,1957,1955,2059,1906,1954,1958,42.57,34.3,3314,51.781,82.85,1
2026-09-01T21:18:39.509,21.275,2,500,500,484,484,80.0,77.7,0.34,0.07,0.82,0.58,-0.33,-0.58,0.34,0.11,-5.92,-3.44,37.37,37.68,011,011,0,0,1958,1992,2003,1884,1965,1945,42.57,34.3,3314,51.781,82.85,1
2026-09-01T21:18:39.520,21.286,2,500,500,484,484,79.8,76.7,0.30,0.48,1.04,0.64,0.60,0.15,0.30,0.45,-6.39,-3.48,37.29,37.67,101,110,0,0,1960,1987,2007,1895,1982,1936,42.57,34.3,3315,51.797,82.88,1
2026-09-01T21:18:39.531,21.297,2,500,500,484,484,79.5,74.4,-0.71,-0.75,0.46,0.38,0.02,0.23,-0.71,-0.76,-6.28,-3.60,37.31,37.66,110,101,0,0,1953,1989,2011,1884,1978,1961,42.57,34.3,3315,51.797,82.88,1
2026-09-01T21:18:39.542,21.309,2,500,500,484,484,75.3,72.3,0.28,-0.06,0.34,0.32,-0.51,-0.68,0.28,-0.06,-5.86,-3.01,37.38,37.71,011,011,0,0,1951,1979,2013,1880,1944,1944,42.57,34.3,3313,51.766,82.83,1
2026-09-01T21:18:39.554,21.320,2,500,500,484,484,78.1,79.3,-0.08,0.26,0.84,0.54,0.13,0.67,-0.08,0.26,-6.03,-3.84,37.35,37.64,100,110,0,0,1959,2004,2007,1888,1973,1959,42.57,34.3,3315,51.797,82.88,1
2026-09-01T21:18:39.565,21.331,2,500,500,507,484,76.3,78.2,-0.25,-0.76,0.78,0.34,-0.60,0.47,-0.25,-0.76,-5.63,-4.54,36.11,37.56,010,101,0,0,1963,2003,2015,1882,1989,1940,42.57,34.3,3315,51.797,82.88,1
2026-09-01T21:18:39.576,21.342,2,500,500,484,484,78.7,70.7,0.49,-0.06,0.72,0.48,-0.06,-0.67,0.49,-0.03,-5.64,-4.02,37.41,37.62,001,001,0,0,1962,1991,2005,1889,1991,1955,42.57,34.3,3308,51.688,82.70,1
2026-09-01T21:18:39.587,21.353,2,500,500,507,484,77.0,76.3,-0.17,0.74,0.66,0.82,0.36,-0.06,-0.17,0.74,-6.01,-4.38,36.14,37.58,100,010,0,0,1958,1999,1999,1911,2000,1924,42.57,34.3,3314,51.781,82.85,1
2026-09-01T21:18:39.598,21.364,2,500,500,484,484,79.4,79.8,-0.42,-0.46,0.92,0.62,-0.09,0.56,-0.41,-0.54,-5.91,-4.80,37.37,37.53,010,100,0,0,1947,1971,2009,1892,1975,1959,42.57,34.3,3316,51.812,82.90,1
2026-09-01T21:18:39.609,21.376,2,500,500,484,484,80.0,79.9,0.23,-0.14,0.22,0.74,0.51,-0.78,0.23,-0.14,-6.18,-4.12,37.33,37.61,001,001,0,0,1936,2003,1999,1904,1979,1971,42.57,34.3,3314,51.781,82.85,1
2026-09-01T21:18:39.620,21.386,2,500,500,484,484,80.0,77.9,0.02,0.57,1.10,0.62,0.15,-0.29,0.02,0.57,-6.26,-3.87,37.31,37.63,100,010,0,0,1977,1986,2003,1893,1991,1931,42.57,34.3,3314,51.781,82.85,1
2026-09-01T21:18:39.631,21.397,2,500,500,507,484,77.5,73.4,-0.32,-0.07,0.72,0.64,-0.47,0.41,-0.32,-0.07,-6.00,-4.23,36.13,37.60,010,100,0,0,1954,1991,2019,1889,1995,1958,42.57,34.3,3315,51.797,82.88,1
2026-09-01T21:18:39.642,21.409,2,500,500,507,484,77.2,71.1,0.47,-0.39,0.68,0.62,-0.07,-0.60,0.47,-0.39,-5.89,-3.54,36.10,37.64,001,101,0,0,1954,1967,2012,1903,1966,1967,42.54,34.3,3315,51.797,82.88,1
2026-09-01T21:18:39.653,21.419,2,500,500,484,484,79.8,73.0,-0.72,0.21,0.26,0.28,0.79,-0.02,-0.72,0.21,-6.56,-3.35,37.23,37.66,100,011,0,0,1941,2005,2013,1881,1972,1944,42.54,34.3,3379,52.797,84.47,1
2026-09-01T21:18:39.665,21.431,2,500,500,484,484,79.6,74.4,-0.11,-0.04,0.84,0.48,-0.54,0.46,-0.11,-0.04,-5.87,-3.50,37.35,37.64,010,110,0,0,1963,2000,2011,1890,1968,1942,42.54,34.3,3315,51.797,82.88,1
2026-09-01T21:18:39.675,21.441,2,500,500,484,484,80.0,79.6,0.11,-0.72,0.08,0.40,0.33,0.05,0.11,-0.72,-6.03,-3.72,37.32,37.62,001,101,0,0,1928,1992,1995,1889,1969,1965,42.54,34.3,3316,51.812,82.90,1
2026-09-01T21:18:39.686,21.452,2,500,500,484,463,80.0,75.5,-0.35,-0.08,0.52,0.70,0.22,-0.23,-0.35,-0.08,-5.95,-3.62,37.34,37.63,100,011,0,0,1954,2003,1991,1877,1895,1947,42.54,34.3,3314,51.781,82.85,1
2026-09-01T21:18:39.697,21.463,2,500,500,484,484,79.9,71.9,-0.28,0.50,0.68,0.64,-0.48,0.39,-0.28,0.50,-5.42,-4.33,37.40,37.56,010,110,0,0,1957,1994,2013,1893,1983,1951,42.54,34.3,3317,51.828,82.92,1
2026-09-01T21:18:39.708,21.474,2,500,500,484,484,79.2,77.3,0.57,-0.60,0.80,0.34,-0.11,0.44,0.57,-0.60,-5.43,-4.56,37.42,37.54,001,100,0,0,1964,1987,2016,1886,1974,1959,42.54,34.3,3316,51.812,82.90,1
2026-09-01T21:18:39.719,21.485,2,500,500,484,484,79.4,79.9,-0.38,-0.29,0.54,0.66,0.68,-0.34,-0.38,-0.29,-6.05,-4.20,37.32,37.57,100,001,0,0,1944,1999,2017,1892,1983,1954,42.54,34.3,3314,51.781,82.85,1
2026-09-01T21:18:39.730,21.496,2,500,500,507,484,76.5,77.1,-0.31,0.47,0.74,0.62,-0.55,0.05,-0.28,0.42,-5.75,-4.23,36.14,37.57,010,010,0,0,1961,1998,2019,1889,1965,1954,42.54,34.3,3314,51.781,82.85,1
2026-09-01T21:18:39.741,21.507,2,500,500,484,484,78.1,72.2,0.32,-0.15,0.32,0.44,0.10,0.60,0.32,-0.15,-5.99,-4.71,37.33,37.51,001,100,0,0,1948,1993,2010,1891,1968,1944,42.54,34.3,3314,51.781,82.85,1
2026-09-01T21:18:39.752,21.518,2,500,500,484,484,80.0,73.1,-0.21,-0.24,0.78,1.00,0.36,-0.61,-0.21,-0.24,-6.38,-3.88,37.26,37.61,100,101,0,0,1967,1995,2004,1907,1983,1926,42.54,34.3,3313,51.766,82.83,1
2026-09-01T21:18:39.763,21.529,2,500,500,484,484,79.1,74.3,-0.14,0.39,0.76,0.40,-0.52,-0.25,-0.14,0.39,-5.81,-3.51,37.36,37.64,010,010,0,0,1964,1991,2007,1885,1988,1933,42.54,34.3,3313,51.766,82.83,1
2026-09-01T21:18:39.774,21.541,2,500,500,507,484,74.3,69.4,0.17,-0.15,0.26,0.48,-0.04,0.52,0.17,-0.15,-5.96,-3.70,36.11,37.63,001,100,0,0,1937,1971,2011,1889,1970,1951,42.54,34.3,3317,51.828,82.92,1
2026-09-01T21:18:39.785,21.552,2,500,500,484,484,73.5,72.4,-0.86,-0.45,0.26,0.70,0.43,-0.63,-0.86,-0.45,-6.41,-3.11,37.26,37.68,100,001,0,0,1941,1995,2010,1897,1980,1922,42.54,34.3,3313,51.766,82.83,1
2026-09-01T21:18:39.796,21.563,2,500,500,484,484,71.4,70.8,0.27,0.25,0.98,0.22,-0.62,-0.12,0.27,0.25,-5.66,-3.20,37.38,37.67,010,010,0,0,1977,2004,1996,1877,1974,1949,42.54,34.3,3313,51.766,82.83,1
2026-09-01T21:18:39.808,21.574,2,500,500,507,484,75.8,71.4,0.42,0.00,0.60,0.68,0.49,0.40,0.42,0.00,-6.02,-3.86,36.09,37.61,101,100,0,0,1953,1991,2003,1901,2026,1984,42.54,34.3,3379,52.797,84.47,1
2026-09-01T21:18:39.819,21.585,2,500,500,484,484,77.9,75.2,-0.71,-0.59,0.70,0.42,0.04,-0.10,-0.71,-0.59,-5.67,-4.21,37.38,37.57,110,101,0,0,1949,1969,2039,1896,1967,1961,42.54,34.3,3315,51.797,82.88,1
2026-09-01T21:18:39.830,21.596,2,500,500,484,463,78.7,79.7,0.13,0.21,0.52,0.36,-0.31,0.01,0.13,0.21,-5.51,-4.25,37.40,37.57,011,011,0,0,1952,1991,1999,1882,1959,1959,42.54,34.3,3314,51.781,82.85,1
2026-09-01T21:18:39.841,21.607,2,500,500,484,484,79.4,79.9,0.44,0.26,0.80,0.64,0.43,0.81,0.44,0.26,-5.93,-4.69,37.34,37.51,101,110,0,0,1960,1979,2023,1886,1975,1958,42.54,34.3,3316,51.812,82.90,1
2026-09-01T21:18:39.852,21.618,2,500,500,484,484,79.4,77.4,-0.49,-0.66,0.80,0.56,0.12,-0.01,-0.49,-0.66,-6.11,-4.51,37.31,37.54,110,101,0,0,1974,1987,2011,1895,1975,1967,42.54,34.3,3313,51.766,82.83,1
2026-09-01T21:18:39.863,21.629,2,500,500,484,484,79.7,73.0,0.00,0.29,0.32,1.04,-0.54,-1.11,0.00,0.29,-5.70,-3.82,37.37,37.61,011,011,0,0,1943,1982,2007,1912,1954,1956,42.54,34.3,3311,51.734,82.78,1
2026-09-01T21:18:39.876,21.642,2,500,500,507,484,77.6,70.9,0.28,0.72,0.92,0.92,0.65,-0.09,0.28,0.72,-6.35,-3.88,36.11,37.61,101,010,0,0,1953,1990,1999,1909,1995,1923,42.54,34.3,3307,51.672,82.67,1
2026-09-01T21:18:39.885,21.651,2,500,500,484,484,80.0,75.3,-0.79,-0.41,0.36,0.72,-0.03,0.01,-0.79,-0.41,-6.16,-4.01,37.30,37.59,110,100,0,0,1956,2004,2033,1895,1958,1983,42.54,34.3,3314,51.781,82.85,1
2026-09-01T21:18:39.896,21.662,2,500,500,484,484,80.0,77.9,0.33,-0.26,0.68,0.54,-0.37,-0.57,0.33,-0.26,-5.76,-3.26,37.37,37.67,011,001,0,0,1957,1993,2003,1886,1991,1948,42.54,34.3,3312,51.750,82.80,1
2026-09-01T21:18:39.907,21.673,2,500,500,507,484,77.6,80.0,0.33,0.31,0.64,0.30,0.60,0.00,0.33,0.31,-6.33,-3.30,36.09,37.66,101,010,0,0,1955,1991,1999,1881,1986,1928,42.54,34.3,3312,51.750,82.80,1
2026-09-01T21:18:39.918,21.684,2,500,500,484,484,78.8,77.7,-0.77,-0.22,0.80,0.64,0.01,0.51,-0.77,-0.22,-5.99,-3.54,37.31,37.64,110,100,0,0,1952,1978,2028,1889,1979,1961,42.54,34.3,3315,51.797,82.88,1
2026-09-01T21:18:39.929,21.695,2,500,500,484,484,79.1,75.4,-0.02,-0.32,0.54,0.64,-0.34,-0.60,0.01,-0.21,-5.42,-3.24,37.39,37.67,011,001,0,0,1943,1988,1990,1901,1970,1971,42.54,34.3,3312,51.750,82.80,1
2026-09-01T21:18:39.940,21.706,2,500,500,484,484,79.7,70.7,0.35,0.18,0.70,0.26,0.52,0.24,0.35,0.18,-5.73,-4.06,37.37,37.59,101,010,0,0,1963,1988,2008,1879,1974,1947,42.54,34.3,3377,52.766,84.42,1
2026-09-01T21:18:39.951,21.717,2,500,500,484,484,78.7,78.3,-1.06,0.43,0.36,0.96,0.20,0.31,-1.06,0.43,-5.61,-4.26,37.39,37.57,110,110,0,0,1929,1959,2055,1915,1975,1923,42.54,34.3,3314,51.781,82.85,1
2026-09-01T21:18:39.962,21.728,2,500,500,484,484,78.6,80.0,0.13,-0.74,0.72,0.60,-0.25,0.17,0.13,-0.74,-5.44,-4.40,37.39,37.55,011,101,0,0,1949,1991,1967,1893,1985,1949,42.54,34.3,3314,51.781,82.85,1
2026-09-01T21:18:39.973,21.739,2,500,500,484,484,79.5,77.1,0.42,0.01,0.76,0.48,0.70,-0.04,0.34,0.04,-6.23,-4.31,37.29,37.56,101,011,0,0,1963,1996,2012,1881,1943,1953,42.54,34.3,3311,51.734,82.78,1
2026-09-01T21:18:39.984,21.750,2,500,500,484,484,79.8,73.6,-0.68,0.68,0.54,0.84,0.22,0.01,-0.68,0.68,-6.41,-4.52,37.26,37.53,110,110,0,0,1945,1987,2027,1898,1979,1991,42.54,34.3,3315,51.797,82.88,1
2026-09-01T21:18:39.995,21.761,2,500,500,484,484,80.0,72.0,-0.03,-0.27,0.18,0.90,-0.56,0.00,-0.03,-0.27,-5.76,-4.50,37.37,37.54,011,100,0,0,1938,1979,2008,1910,1957,1959,42.54,34.3,3313,51.766,82.83,1
2026-09-01T21:18:40.006,21.772,2,500,500,507,484,77.5,76.7,0.52,-0.24,1.06,0.52,0.25,-0.65,0.52,-0.24,-6.11,-3.82,36.11,37.61,101,001,0,0,1977,1979,2007,1888,1998,1947,42.54,34.3,3312,51.750,82.80,1
2026-09-01T21:18:40.017,21.783,2,500,500,484,484,79.5,79.7,-0.46,0.50,0.86,0.52,0.09,-0.27,-0.46,0.50,-6.22,-3.63,37.30,37.63,110,010,0,0,1963,1991,2011,1893,2006,1907,42.54,34.5,3313,51.766,82.83,1
2026-09-01T21:18:40.028,21.794,2,500,500,484,484,79.7,80.0,-0.20,-0.19,0.24,0.82,-0.31,0.43,-0.20,-0.19,-5.68,-3.76,37.38,37.62,011,100,0,0,1932,1983,1985,1901,1973,1961,42.54,34.5,3314,51.781,82.85,1
2026-09-01T21:18:40.039,21.805,2,500,500,484,484,78.9,76.6,0.47,-0.41,0.80,0.62,0.58,-0.42,0.36,-0.42,-6.21,-3.30,37.29,37.66,101,001,0,0,1966,1995,2014,1889,1991,1943,42.54,34.3,3311,51.734,82.78,1
2026-09-01T21:18:40.050,21.816,2,500,500,484,484,80.0,77.5,-1.12,0.48,0.30,0.54,0.25,-0.21,-1.12,0.48,-6.03,-3.05,37.32,37.68,110,010,0,0,1931,1974,2036,1889,1987,1943,42.54,34.3,3311,51.734,82.78,1
2026-09-01T21:18:40.061,21.827,2,500,500,484,484,79.7,69.5,0.41,-0.12,0.86,0.48,-0.53,0.49,0.41,-0.12,-5.46,-3.78,37.41,37.62,011,110,0,0,1963,1993,2004,1890,1987,1955,42.54,34.5,3306,51.656,82.65,1
2026-09-01T21:18:40.071,21.838,2,500,500,484,484,78.8,78.5,0.19,-0.58,0.32,0.60,0.55,-0.20,0.19,-0.58,-5.93,-3.76,37.33,37.62,101,101,0,0,1962,2005,1999,1899,1979,1967,42.54,34.5,3312,51.750,82.80,1
2026-09-01T21:18:40.083,21.849,2,500,500,484,463,79.4,79.9,-0.56,0.06,0.72,0.28,0.10,0.10,-0.56,0.06,-5.89,-3.99,37.35,37.60,110,011,0,0,1957,1972,2054,1877,1943,1959,42.54,34.5,3311,51.734,82.78,1
2026-09-01T21:18:40.093,21.860,2,500,500,484,484,77.9,74.8,0.11,0.61,0.56,0.78,-0.32,0.77,0.22,0.41,-5.68,-4.41,37.38,37.55,011,110,0,0,1956,1995,2003,1895,1977,2001,42.54,34.5,3310,51.719,82.75,1
2026-09-01T21:18:40.104,21.871,2,500,500,507,484,76.7,70.1,0.42,-0.61,0.62,0.48,0.57,0.26,0.42,-0.61,-6.25,-4.67,36.12,37.52,101,101,0,0,1974,1993,1996,1894,1980,1968,42.54,34.5,3378,52.781,84.45,1
2026-09-01T21:18:40.115,21.882,2,500,500,484,484,78.2,75.5,-0.38,0.06,0.96,0.72,0.06,-1.04,-0.38,0.06,-6.20,-3.84,37.27,37.62,110,001,0,0,1963,1966,2042,1907,1991,1969,42.54,34.5,3310,51.719,82.75,1
2026-09-01T21:18:40.126,21.893,2,500,500,484,484,75.9,79.9,0.21,0.75,0.74,0.88,-0.55,-0.27,0.21,0.75,-5.79,-3.73,37.36,37.62,011,010,0,0,1961,1998,2005,1908,2003,1924,42.54,34.5,3310,51.719,82.75,1
2026-09-01T21:18:40.142,21.908,2,500,500,484,484,77.1,79.8,0.24,-0.33,0.50,0.50,0.21,0.39,0.24,-0.33,-5.94,-4.03,37.29,37.59,101,100,0,0,1935,2063,2000,1895,1959,1957,42.54,34.5,3312,51.750,82.80,1
2026-09-01T21:18:40.149,21.915,2,500,500,484,484,78.3,78.4,-0.82,-0.32,0.36,0.70,0.18,-0.48,-0.77,-0.33,-6.38,-3.22,37.26,37.67,110,001,0,0,1947,1988,2015,1894,1987,1943,42.54,34.5,3310,51.719,82.75,1
2026-09-01T21:18:40.159,21.926,2,500,500,484,484,78.6,77.6,-0.02,0.29,0.64,0.32,-0.74,-0.08,-0.02,0.34,-5.75,-3.14,37.37,37.68,011,010,0,0,1954,1983,1983,1885,1987,1938,42.54,34.5,3310,51.719,82.75,1
2026-09-01T21:18:40.170,21.937,2,500,500,507,484,77.2,72.7,0.34,-0.16,0.76,0.50,0.60,0.48,0.23,-0.33,-6.39,-3.47,36.08,37.65,101,100,0,0,1953,1990,2002,1883,1995,1962,42.54,34.5,3312,51.750,82.80,1
2026-09-01T21:18:40.181,21.948,2,500,500,484,484,80.0,73.9,-0.65,-0.42,0.62,0.58,0.02,-0.46,-0.65,-0.42,-5.93,-3.05,37.34,37.68,110,001,0,0,1951,1988,2020,1895,1975,1959,42.54,34.5,3310,51.719,82.75,1
2026-09-01T21:18:40.193,21.959,2,500,500,484,463,79.9,73.7,0.31,0.00,0.58,-0.16,-0.28,0.84,0.31,0.00,-5.54,-3.92,37.40,37.60,011,011,0,0,1955,1994,2010,1857,1931,1971,42.54,34.5,3311,51.734,82.78,1
2026-09-01T21:18:40.204,21.970,2,500,500,484,484,77.4,72.3,-0.04,0.28,0.44,0.88,0.82,0.34,-0.04,0.28,-6.08,-4.20,37.31,37.57,101,110,0,0,1940,1999,2015,1906,1968,1920,42.54,34.5,3312,51.750,82.80,1
2026-09-01T21:18:40.215,21.981,2,491,491,484,484,78.9,79.9,-0.67,-0.52,0.52,0.70,0.03,-0.20,-0.67,-0.52,-5.97,-4.26,37.28,37.57,110,101,0,0,1951,1994,2014,1899,1965,1960,42.54,34.5,3312,51.750,82.80,1
2026-09-01T21:18:40.226,21.992,2,472,472,484,484,78.2,74.7,0.04,0.09,0.34,0.50,-0.21,-0.47,0.04,0.09,-5.61,-4.04,36.53,37.59,011,011,0,0,1940,1987,1993,1889,1964,1956,42.54,34.3,3309,51.703,82.72,1
2026-09-01T21:18:40.237,22.003,2,446,446,484,484,75.1,66.4,0.15,0.36,0.24,0.24,0.40,-0.18,0.15,0.36,-5.94,-4.09,35.06,35.43,101,010,0,0,1935,1998,2004,1882,1977,1920,42.54,34.3,3305,51.641,82.62,1
2026-09-01T21:18:40.248,22.014,2,413,413,463,463,67.4,73.5,-1.07,-0.63,0.06,0.18,-0.13,0.13,-1.07,-0.63,-5.71,-4.30,32.92,34.63,110,100,0,0,1916,1963,2071,1874,1950,1981,42.54,34.3,3311,51.734,82.78,1
2026-09-01T21:18:40.259,22.025,2,375,375,463,444,61.8,69.0,-0.46,-1.00,-0.16,-0.20,-0.65,-0.36,-0.46,-1.00,-5.01,-3.41,30.33,32.00,011,001,0,0,1919,1972,2018,1845,2024,1912,42.57,34.3,3310,51.719,82.75,1
2026-09-01T21:18:40.270,22.036,2,333,333,444,444,62.5,62.7,-0.26,-0.07,-0.38,-0.08,-0.17,-0.53,-0.26,-0.07,-4.66,-2.76,29.25,29.97,001,011,0,0,1912,1971,1995,1859,1980,1923,42.57,34.3,3310,51.719,82.75,1
2026-09-01T21:18:40.281,22.047,2,290,290,444,426,53.6,57.3,-0.50,0.00,-0.46,-0.22,-0.30,-0.16,-0.50,0.00,-4.07,-2.03,25.52,27.28,101,010,0,0,1910,1999,1951,1862,1963,1938,42.57,34.3,3310,51.719,82.75,1
2026-09-01T21:18:40.292,22.058,2,254,254,410,410,50.5,51.8,-0.84,-0.50,-0.32,-0.34,-0.19,0.03,-0.84,-0.50,-3.60,-1.71,23.62,24.43,100,110,0,0,1912,2015,1979,1846,1938,1961,42.57,34.5,3312,51.750,82.80,1
2026-09-01T21:18:40.303,22.069,2,224,224,395,395,39.0,41.9,-0.94,-0.77,-0.28,-0.44,-0.27,0.09,-0.94,-0.77,-3.01,-1.46,20.92,21.75,100,110,0,0,1914,2011,1999,1844,1942,1971,42.57,34.5,3312,51.750,82.80,1
2026-09-01T21:18:40.314,22.081,2,201,201,380,367,39.1,41.4,-1.38,-1.15,-0.36,-0.38,0.00,0.80,-1.38,-1.15,-2.44,-1.60,18.39,20.02,110,100,0,0,1905,1996,2046,1841,1979,2000,42.57,34.3,3312,51.750,82.80,1
2026-09-01T21:18:40.325,22.092,2,181,181,355,355,33.7,34.0,-0.83,-0.36,-0.02,-0.06,0.09,0.69,-0.99,-0.68,-1.98,-1.47,16.27,17.22,110,100,0,0,1917,1994,2046,1859,2004,2008,42.73,34.3,3311,51.734,82.78,1
2026-09-01T21:18:40.336,22.103,2,166,166,344,344,28.6,31.2,-0.89,-0.55,-0.14,-0.18,-0.41,0.01,-0.89,-0.55,-1.64,-1.11,14.63,15.54,100,110,0,0,1912,2021,2011,1846,1936,1960,42.73,34.3,3312,51.750,82.80,1
2026-09-01T21:18:40.347,22.113,2,153,153,323,323,24.5,26.8,-0.80,-0.24,-0.20,-0.08,0.03,0.08,-0.80,-0.24,-1.64,-1.02,13.28,14.18,101,010,0,0,1915,2020,1964,1857,1947,1955,42.73,34.3,3310,51.719,82.75,1
2026-09-01T21:18:40.358,22.124,2,143,143,304,296,24.5,27.3,-0.09,-0.35,0.08,-0.18,-0.13,-0.27,-0.09,-0.35,-1.40,-0.80,12.10,13.39,001,011,0,0,1929,1975,1987,1856,1970,1928,42.73,34.3,3310,51.719,82.75,1
2026-09-01T21:18:40.369,22.135,2,135,135,280,280,23.7,25.6,-0.25,-1.15,0.04,-0.30,-0.32,0.01,-0.25,-1.15,-1.36,-1.00,11.35,12.15,011,001,0,0,1927,1966,2010,1847,2013,1903,42.73,34.3,3309,51.703,82.72,1
2026-09-01T21:18:40.380,22.146,2,128,128,260,266,22.5,22.4,-0.83,-0.76,-0.02,-0.10,-0.16,0.10,-0.83,-0.76,-1.55,-1.04,10.56,10.99,110,100,0,0,1926,1987,2011,1860,1972,1958,42.73,34.3,3312,51.750,82.80,1
2026-09-01T21:18:40.391,22.157,2,123,123,248,253,20.3,19.9,-0.25,-0.06,0.10,0.00,0.17,0.04,-0.25,-0.06,-1.49,-0.71,9.61,10.04,101,010,0,0,1943,1999,1979,1865,1956,1952,42.94,34.3,3310,51.719,82.75,1
2026-09-01T21:18:40.402,22.168,2,118,118,231,237,18.7,19.7,-0.72,-0.72,0.04,-0.08,0.10,-0.24,-0.72,-0.72,-1.34,-0.72,9.02,9.36,011,001,0,0,1924,1941,2014,1860,1990,1923,42.94,34.3,3310,51.719,82.75,1
2026-09-01T21:18:40.412,22.179,2,115,115,217,222,16.8,17.5,-0.51,-0.35,0.16,0.04,0.05,0.07,-0.51,-0.35,-1.44,-0.86,8.44,8.79,100,100,0,0,1933,1997,2004,1865,1957,1956,42.94,34.3,3311,51.734,82.78,1
2026-09-01T21:18:40.423,22.190,2,112,112,209,209,14.9,17.4,0.03,-0.08,0.14,0.02,-0.08,-0.28,0.03,-0.08,-0.94,-0.50,7.65,8.25,001,011,0,0,1933,1996,1948,1863,1977,1931,42.94,34.3,3309,51.703,82.72,1
2026-09-01T21:18:40.434,22.200,2,109,109,193,197,15.9,16.1,-0.96,-0.39,0.06,0.08,0.38,0.05,-0.96,-0.39,-1.56,-0.81,7.51,7.85,110,100,0,0,1927,1996,2030,1867,1968,1952,42.94,34.3,3312,51.750,82.80,1
2026-09-01T21:18:40.447,22.214,2,108,108,183,190,14.3,14.8,-0.10,0.05,0.12,0.04,0.06,-0.29,-0.10,0.05,-1.01,-0.38,7.07,7.23,001,011,0,0,1931,1978,1994,1865,1973,1929,43.18,34.3,3310,51.719,82.75,1
2026-09-01T21:18:40.456,22.223,2,106,106,177,177,13.1,14.8,-0.52,-0.37,0.16,0.06,-0.05,0.04,-0.52,-0.37,-1.25,-0.77,6.57,7.09,100,100,0,0,1933,1993,2006,1867,1963,1950,43.18,34.3,3307,51.672,82.67,1
2026-09-01T21:18:40.467,22.234,2,105,105,164,166,13.4,13.9,0.06,-0.02,0.16,0.06,-0.23,-0.28,0.06,-0.02,-0.83,-0.42,6.50,6.89,011,011,0,0,1953,1988,2004,1867,1973,1933,43.18,34.3,3308,51.688,82.70,1
2026-09-01T21:18:40.478,22.245,2,104,104,154,156,12.5,13.6,-0.22,-0.19,0.18,0.08,0.44,0.24,-0.22,-0.19,-1.28,-0.78,6.13,6.78,100,110,0,0,1931,2004,2006,1867,1957,1949,43.18,34.3,3310,51.719,82.75,1
2026-09-01T21:18:40.489,22.255,2,103,103,146,148,13.4,13.2,-0.28,-0.54,0.16,0.04,-0.36,0.10,-0.28,-0.54,-0.96,-0.72,6.30,6.64,010,001,0,0,1934,1976,2008,1864,1979,1939,43.18,34.3,3307,51.672,82.67,1
2026-09-01T21:18:40.500,22.266,2,102,102,142,144,12.5,13.4,0.26,0.16,0.16,0.04,0.08,0.00,0.26,0.16,-0.82,-0.36,6.09,6.40,001,010,0,0,1935,1980,2004,1867,1968,1937,43.18,34.3,3309,51.703,82.72,1
2026-09-01T21:18:40.510,22.277,2,102,102,135,135,11.7,13.6,-0.40,-0.32,0.20,0.08,0.05,0.11,-0.40,-0.32,-1.25,-0.79,6.08,6.49,100,100,0,0,1958,1998,1998,1872,1971,1960,43.42,34.3,3310,51.719,82.75,1
2026-09-01T21:18:40.521,22.288,2,101,101,130,128,11.6,13.7,-0.01,-0.12,0.16,0.06,-0.46,-0.33,-0.01,-0.12,-0.72,-0.44,6.06,6.57,010,001,0,0,1953,1983,2006,1871,1979,1948,43.42,34.3,3308,51.688,82.70,1
2026-09-01T21:18:40.532,22.298,2,101,101,122,122,12.5,13.7,0.19,0.21,0.18,0.08,0.07,0.06,0.19,0.21,-0.83,-0.38,6.20,6.59,001,010,0,0,1933,1980,2005,1867,1968,1939,43.42,34.3,3309,51.703,82.72,1
2026-09-01T21:18:40.543,22.309,2,101,101,115,117,13.4,13.8,-0.29,-0.20,0.18,0.08,0.14,0.27,-0.29,-0.20,-1.32,-0.83,6.40,6.67,100,100,0,0,1934,1983,1997,1867,1967,1945,43.42,34.3,3309,51.703,82.72,1
2026-09-01T21:18:40.554,22.320,2,101,101,112,112,13.5,13.1,-0.16,-0.27,0.20,0.14,-0.27,0.26,-0.16,-0.27,-1.01,-0.70,6.43,6.80,010,001,0,0,1934,1980,2004,1867,1973,1929,43.42,34.3,3307,51.672,82.67,1
2026-09-01T21:18:40.565,22.331,2,100,100,108,108,12.1,13.8,0.38,0.27,-0.04,-0.08,-0.15,-0.14,0.38,0.27,-0.64,-0.33,6.50,6.86,011,011,0,0,1935,1983,2010,1869,1973,1944,43.42,34.3,3308,51.688,82.70,1
2026-09-01T21:18:40.575,22.342,2,100,100,104,103,13.7,14.8,0.09,0.27,0.20,0.14,0.23,0.21,0.09,0.27,-1.06,-0.69,6.70,7.11,101,110,0,0,1934,1978,2006,1869,1977,1932,43.61,34.3,3311,51.734,82.78,1
2026-09-01T21:18:40.586,22.353,2,100,100,98,101,14.5,13.5,-0.15,-0.08,0.20,0.14,0.45,-0.14,-0.15,-0.08,-1.48,-0.76,7.03,7.21,110,100,0,0,1929,1978,2028,1861,1952,1937,43.61,34.1,3308,51.688,82.70,1
2026-09-01T21:18:40.597,22.364,2,100,100,99,98,13.8,15.2,0.13,0.21,0.20,0.12,-0.39,-0.25,0.13,0.21,-0.62,-0.37,6.98,7.38,010,001,0,0,1934,1988,2004,1869,1963,1955,43.61,34.1,3308,51.688,82.70,1
2026-09-01T21:18:40.608,22.374,2,100,100,96,99,14.6,14.6,0.46,0.40,0.16,0.10,0.01,0.00,0.46,0.40,-0.50,-0.18,7.19,7.34,001,010,0,0,1934,1981,2009,1868,1975,1943,43.61,34.1,3307,51.672,82.67,1
2026-09-01T21:18:40.619,22.385,2,100,100,97,97,13.2,14.5,0.13,0.19,0.18,0.12,0.14,0.21,0.13,0.19,-0.83,-0.59,7.17,7.48,101,110,0,0,1934,1972,2004,1869,1973,1933,43.61,34.1,3310,51.719,82.75,1
2026-09-01T21:18:40.630,22.396,2,100,100,96,98,15.1,15.4,-0.17,-0.01,0.18,0.14,-0.14,-0.16,-0.17,-0.01,-0.82,-0.58,7.27,7.45,110,101,0,0,1933,1983,1996,1869,1955,1944,43.61,34.1,3310,51.719,82.75,1
2026-09-01T21:18:40.641,22.407,2,100,100,97,97,13.3,13.8,0.03,0.17,0.16,0.08,-0.41,-0.29,0.03,0.17,-0.26,-0.10,7.27,7.56,010,001,0,0,1933,1987,2008,1868,1972,1948,43.74,34.1,3302,51.594,82.55,1
2026-09-01T21:18:40.651,22.418,2,100,100,95,97,15.4,15.7,0.50,0.44,0.14,0.10,0.11,0.14,0.50,0.44,-0.27,-0.20,7.43,7.60,001,010,0,0,1933,1984,2012,1868,1978,1946,43.74,34.1,3308,51.688,82.70,1
2026-09-01T21:18:40.662,22.429,2,100,100,94,95,14.4,14.5,-0.02,0.24,0.12,0.16,0.33,0.62,-0.02,0.24,-0.70,-0.62,7.53,7.70,100,100,0,0,1929,1977,2005,1866,2010,1942,43.74,34.1,3308,51.688,82.70,1
2026-09-01T21:18:40.673,22.439,2,100,100,94,96,15.6,15.6,-0.11,-0.01,0.14,0.12,-0.15,-0.20,-0.11,-0.01,-0.61,-0.50,7.60,7.74,110,101,0,0,1933,1983,1996,1869,1958,1945,43.74,34.1,3311,51.734,82.78,1
2026-09-01T21:18:40.684,22.450,2,100,100,94,93,14.7,15.6,0.17,0.23,0.10,0.04,-0.09,0.70,0.17,0.23,-0.18,-0.66,7.66,7.96,011,011,0,0,1931,1986,2001,1866,1951,1961,43.74,34.1,3306,51.656,82.65,1
2026-09-01T21:18:40.695,22.461,2,100,100,94,96,15.7,15.6,0.44,0.38,0.14,0.10,0.18,0.18,0.44,0.38,-0.20,-0.40,7.73,7.86,001,010,0,0,1933,1984,2011,1868,1975,1942,43.82,34.1,3308,51.688,82.70,1
2026-09-01T21:18:40.706,22.472,2,100,100,93,93,15.6,16.4,0.02,0.00,0.14,0.10,0.15,0.30,0.02,0.00,-0.53,-0.87,7.86,8.10,100,100,0,0,1930,1972,2003,1867,1972,1934,43.82,34.1,3308,51.688,82.70,1
2026-09-01T21:18:40.717,22.483,2,100,100,93,96,15.9,15.1,-0.11,-0.02,0.14,0.08,-0.17,-0.32,-0.11,-0.02,-0.44,-0.55,7.93,7.99,110,101,0,0,1933,1983,1996,1869,1960,1952,43.82,34.1,3310,51.719,82.75,1
2026-09-01T21:18:40.727,22.494,2,100,100,93,93,15.7,16.6,0.29,0.33,0.10,0.10,-0.31,-0.19,0.29,0.33,0.03,-0.30,8.02,8.22,011,011,0,0,1929,1989,2005,1866,1972,1950,43.82,34.1,3308,51.688,82.70,1
2026-09-01T21:18:40.738,22.505,2,100,100,92,96,16.3,15.2,0.57,0.28,0.14,0.06,0.24,0.13,0.57,0.28,-0.12,-0.42,8.16,8.11,001,010,0,0,1930,1984,2016,1865,1974,1940,43.82,34.3,3308,51.688,82.70,1
2026-09-01T21:18:40.749,22.516,2,100,100,94,92,16.5,17.3,-0.02,0.09,0.10,0.10,0.21,0.18,-0.02,0.09,-0.57,-0.84,8.12,8.41,100,100,0,0,1930,1972,2004,1869,1971,1929,43.82,34.3,3310,51.719,82.75,1
2026-09-01T21:18:40.760,22.526,2,100,100,92,93,16.4,15.9,-0.05,-0.08,0.32,0.12,-0.18,-0.24,-0.05,-0.08,-0.44,-0.57,8.32,8.45,110,101,0,0,1929,1986,1998,1867,1964,1946,43.87,34.3,3311,51.734,82.78,1
2026-09-01T21:18:40.771,22.537,2,100,100,93,91,16.6,17.6,0.30,0.35,0.08,0.06,-0.36,-0.23,0.30,0.35,-0.02,-0.18,8.36,8.65,011,011,0,0,1930,1985,2004,1867,1971,1951,43.87,34.3,3308,51.688,82.70,1
2026-09-01T21:18:40.782,22.548,2,100,100,91,92,17.0,16.3,0.56,0.31,0.00,-0.02,0.23,0.22,0.56,0.31,-0.19,-0.45,8.56,8.68,001,010,0,0,1932,1984,2016,1867,1975,1942,43.87,34.3,3308,51.688,82.70,1
2026-09-01T21:18:40.792,22.559,2,100,100,91,91,17.3,18.2,-0.03,0.04,0.08,0.10,0.25,0.20,-0.03,0.04,-0.67,-0.85,8.65,8.82,100,100,0,0,1929,1972,2004,1868,1974,1931,43.87,34.3,3310,51.719,82.75,1
2026-09-01T21:18:40.803,22.570,2,100,100,91,92,17.1,16.1,-0.13,-0.09,0.12,0.08,-0.19,-0.27,-0.13,-0.09,-0.52,-0.56,8.75,8.86,110,101,0,0,1931,1983,1998,1867,1963,1947,43.87,34.3,3311,51.734,82.78,1
2026-09-01T21:18:40.814,22.581,2,100,100,91,91,17.5,18.4,0.26,0.37,0.12,0.10,-0.23,-0.28,0.26,0.37,-0.06,-0.16,8.85,9.01,011,011,0,0,1940,1990,1999,1871,1975,1953,43.87,34.3,3309,51.703,82.72,1
2026-09-01T21:18:40.825,22.592,2,100,100,92,92,17.5,16.7,0.52,0.36,0.22,0.10,0.25,0.20,0.52,0.36,-0.24,-0.41,8.89,9.04,001,010,0,0,1932,1984,2025,1861,1974,1934,43.85,34.3,3308,51.688,82.70,1
2026-09-01T21:18:40.836,22.603,2,100,100,91,91,18.0,19.0,0.00,0.15,0.10,0.16,0.26,0.15,0.00,0.15,-0.72,-0.85,9.04,9.20,100,100,0,0,1930,1970,2001,1871,1971,1927,43.85,34.3,3309,51.703,82.72,1
2026-09-01T21:18:40.849,22.615,2,100,100,92,91,17.9,17.3,-0.03,0.00,0.20,0.12,-0.19,-0.22,-0.03,0.00,-0.57,-0.58,9.07,9.30,110,101,0,0,1935,1983,1996,1869,1960,1946,43.85,34.3,3310,51.719,82.75,1
2026-09-01T21:18:40.858,22.624,2,100,100,92,93,18.3,19.0,0.39,0.37,0.16,0.12,-0.26,-0.27,0.39,0.37,-0.16,-0.17,9.17,9.28,011,011,0,0,1933,1992,2004,1869,1971,1949,43.85,34.3,3308,51.688,82.70,1
2026-09-01T21:18:40.869,22.635,2,100,100,93,94,18.1,16.8,0.53,0.34,0.22,0.10,0.27,0.20,0.53,0.34,-0.37,-0.45,9.19,9.29,001,010,0,0,1932,1985,2027,1862,1976,1932,43.85,34.3,3302,51.594,82.55,1
2026-09-01T21:18:40.880,22.646,2,100,100,95,95,18.8,19.1,0.01,0.08,0.14,0.14,0.20,0.17,0.01,0.08,-0.74,-0.82,9.15,9.29,100,100,0,0,1933,1970,2004,1871,1971,1929,43.85,34.3,3310,51.719,82.75,1
2026-09-01T21:18:40.891,22.657,2,100,100,94,94,17.2,17.6,-0.05,-0.11,0.20,0.08,-0.18,-0.19,-0.05,-0.11,-0.57,-0.46,9.26,9.40,110,001,0,0,1930,1980,1994,1866,1967,1949,43.85,34.3,3307,51.672,82.67,1
2026-09-01T21:18:40.901,22.668,2,100,100,95,95,19.0,19.3,0.42,0.49,0.16,0.16,-0.24,-0.17,0.42,0.49,-0.12,-0.08,9.25,9.41,011,011,0,0,1931,1996,2007,1869,1971,1954,43.85,34.3,3309,51.703,82.72,1
2026-09-01T21:18:40.912,22.679,2,100,100,96,95,17.4,18.6,0.37,0.26,0.14,0.10,0.35,0.40,0.37,0.26,-0.53,-0.57,9.25,9.45,101,110,0,0,1933,1980,2011,1865,1978,1938,43.85,34.3,3308,51.688,82.70,1
2026-09-01T21:18:40.923,22.689,2,100,100,95,96,19.1,18.6,0.01,0.01,0.14,0.14,0.22,0.16,0.01,0.01,-0.91,-0.82,9.35,9.45,100,100,0,0,1932,1964,2000,1870,1974,1937,43.85,34.3,3310,51.719,82.75,1
2026-09-01T21:18:40.934,22.700,2,100,100,98,96,18.5,19.3,-0.03,0.08,0.12,0.08,-0.38,-0.32,-0.03,0.08,-0.49,-0.31,9.22,9.49,010,001,0,0,1930,1988,1996,1869,1959,1954,43.85,34.3,3308,51.688,82.70,1
2026-09-01T21:18:40.945,22.711,2,100,100,96,96,18.4,17.8,0.56,0.52,0.16,0.12,-0.08,0.00,0.56,0.52,-0.21,-0.12,9.37,9.53,011,011,0,0,1931,1994,2004,1869,1971,1951,43.85,34.3,3308,51.688,82.70,1
2026-09-01T21:18:40.956,22.722,2,100,100,97,96,19.2,19.7,0.27,0.33,0.14,0.14,0.21,0.23,0.27,0.33,-0.58,-0.52,9.35,9.57,101,110,0,0,1931,1972,2010,1871,1983,1929,43.85,34.3,3310,51.719,82.75,1
2026-09-01T21:18:40.966,22.733,2,100,100,96,97,17.3,18.4,-0.20,-0.21,0.22,0.10,0.02,-0.03,-0.20,-0.21,-0.81,-0.65,9.44,9.55,100,101,0,0,1935,1980,1993,1867,1967,1947,43.85,34.3,3310,51.719,82.75,1
2026-09-01T21:18:40.977,22.744,2,100,100,98,97,19.2,19.3,0.13,0.23,0.16,0.16,-0.34,-0.23,0.13,0.23,-0.32,-0.18,9.36,9.58,010,001,0,0,1931,1991,1998,1869,1961,1952,43.85,34.3,3309,51.703,82.72,1
2026-09-01T21:18:40.988,22.754,2,100,100,96,97,18.4,19.3,0.39,0.42,0.08,0.10,0.57,0.05,0.39,0.42,-0.50,-0.08,9.50,9.61,001,010,0,0,1931,1996,2005,1867,1978,1948,43.85,34.3,3307,51.672,82.67,1
2026-09-01T21:18:40.999,22.765,2,100,100,98,97,18.2,17.9,0.14,0.13,0.14,0.12,0.23,0.30,0.14,0.13,-0.68,-0.59,9.41,9.64,101,110,0,0,1931,1976,2010,1869,1973,1933,43.85,34.3,3311,51.734,82.78,1
2026-09-01T21:18:41.010,22.776,2,100,100,97,98,19.6,19.8,-0.18,-0.08,0.18,0.12,-0.14,-0.19,-0.18,-0.08,-0.71,-0.43,9.49,9.60,110,101,0,0,1936,1983,1998,1870,1958,1946,43.82,34.3,3310,51.719,82.75,1
2026-09-01T21:18:41.021,22.787,2,100,100,98,99,17.0,18.3,0.23,0.25,0.12,0.12,-0.30,-0.25,0.23,0.25,-0.20,-0.03,9.39,9.56,011,011,0,0,1932,1984,2000,1868,1973,1951,43.82,34.3,3306,51.656,82.65,1
2026-09-01T21:18:41.031,22.798,2,100,100,98,99,19.3,18.9,0.51,0.41,0.22,0.12,0.18,0.21,0.51,0.41,-0.28,-0.15,9.47,9.57,001,010,0,0,1930,1984,2013,1868,1978,1942,43.82,34.3,3308,51.688,82.70,1
2026-09-01T21:18:41.042,22.809,2,100,100,99,99,19.1,19.7,-0.06,0.10,0.08,0.14,0.24,0.16,-0.06,0.10,-0.69,-0.63,9.43,9.59,100,100,0,0,1931,1972,2004,1871,1971,1929,43.82,34.3,3310,51.719,82.75,1
2026-09-01T21:18:41.053,22.820,2,100,100,99,99,17.7,17.3,-0.09,-0.03,0.12,0.12,-0.22,-0.33,-0.09,-0.03,-0.48,-0.24,9.44,9.60,110,101,0,0,1931,1987,1999,1869,1962,1950,43.82,34.3,3305,51.641,82.62,1
2026-09-01T21:18:41.064,22.831,2,100,100,98,100,19.6,19.5,0.44,0.45,0.12,0.10,-0.23,-0.17,0.44,0.45,0.00,0.00,9.52,9.57,011,011,0,0,1925,1985,2016,1863,1971,1947,43.82,34.3,3308,51.688,82.70,1
2026-09-01T21:18:41.075,22.841,2,100,100,99,98,18.5,19.5,0.12,0.28,0.08,0.10,0.28,0.38,0.12,0.28,-0.38,-0.49,9.47,9.68,101,110,0,0,1929,1977,2006,1868,1980,1935,43.82,34.5,3309,51.703,82.72,1
2026-09-01T21:18:41.086,22.852,2,100,100,99,99,18.4,18.0,-0.09,-0.05,0.10,0.10,0.19,0.06,-0.09,-0.05,-0.70,-0.68,9.48,9.64,100,100,0,0,1935,1972,2004,1869,1963,1941,43.82,34.3,3310,51.719,82.75,1
2026-09-01T21:18:41.100,22.866,2,100,100,98,98,19.6,20.0,0.05,0.21,0.12,0.12,-0.37,-0.27,0.05,0.21,-0.23,-0.18,9.56,9.71,010,001,0,0,1932,1989,1992,1871,1958,1955,43.82,34.5,3308,51.688,82.70,1
2026-09-01T21:18:41.108,22.874,2,100,100,99,101,17.1,18.4,0.53,0.41,0.22,0.10,0.00,-0.02,0.53,0.41,-0.03,0.00,9.51,9.55,001,010,0,0,1931,1992,2001,1868,1979,1947,43.82,34.5,3306,51.656,82.65,1
2026-09-01T21:18:41.119,22.885,2,100,100,100,98,19.1,19.2,0.15,0.24,0.34,0.18,0.25,0.31,0.15,0.24,-0.47,-0.48,9.46,9.72,101,110,0,0,1932,1972,2008,1871,1979,1931,43.82,34.5,3310,51.719,82.75,1
2026-09-01T21:18:41.129,22.896,2,100,100,99,100,19.3,19.7,-0.17,-0.10,0.10,0.10,-0.12,-0.19,-0.17,-0.10,-0.62,-0.39,9.53,9.62,110,101,0,0,1934,1983,1995,1869,1959,1945,43.82,34.5,3310,51.719,82.75,1
2026-09-01T21:18:41.140,22.907,2,100,100,100,98,17.5,17.6,0.22,0.25,0.14,0.12,-0.34,-0.18,0.22,0.25,-0.10,-0.01,9.47,9.74,010,011,0,0,1933,1989,1999,1871,1964,1952,43.79,34.5,3308,51.688,82.70,1
2026-09-01T21:18:41.151,22.918,2,100,100,100,100,19.5,19.6,0.50,0.43,0.14,0.14,0.16,0.20,0.50,0.43,-0.20,-0.06,9.48,9.63,001,010,0,0,1931,1982,2010,1869,1979,1945,43.79,34.5,3308,51.688,82.70,1
2026-09-01T21:18:41.162,22.928,2,100,100,99,99,19.0,19.6,-0.06,0.04,0.02,0.02,0.43,0.18,-0.06,0.04,-0.79,-0.43,9.53,9.70,100,100,0,0,1929,1976,2004,1868,1975,1935,43.79,34.5,3309,51.703,82.72,1
2026-09-01T21:18:41.173,22.939,2,100,100,100,100,18.1,17.8,-0.06,-0.04,0.12,0.10,-0.18,-0.29,-0.06,-0.04,-0.58,-0.13,9.48,9.64,110,101,0,0,1932,1983,1999,1869,1962,1952,43.79,34.5,3310,51.719,82.75,1
2026-09-01T21:18:41.184,22.950,2,100,100,99,98,19.6,20.1,0.43,0.47,0.12,0.14,-0.27,-0.21,0.43,0.47,-0.08,0.16,9.53,9.77,011,011,0,0,1939,1992,2001,1869,1974,1959,43.79,34.5,3308,51.688,82.70,1
2026-09-01T21:18:41.195,22.961,2,100,100,100,99,18.2,18.9,0.35,0.23,0.14,0.10,0.31,0.25,0.35,0.23,-0.50,-0.20,9.49,9.72,101,110,0,0,1942,1976,2002,1870,1979,1943,43.79,34.5,3308,51.688,82.70,1
2026-09-01T21:18:41.206,22.972,2,100,100,99,98,18.9,19.3,-0.05,0.07,0.20,0.16,0.17,0.19,-0.05,0.07,-0.78,-0.56,9.55,9.80,100,100,0,0,1935,1976,2000,1871,1971,1931,43.79,34.5,3310,51.719,82.75,1
2026-09-01T21:18:41.216,22.983,2,100,100,101,99,19.4,20.0,0.09,0.13,0.16,0.14,-0.38,-0.28,0.09,0.13,-0.33,-0.13,9.44,9.74,010,001,0,0,1931,1992,1994,1869,1959,1953,43.79,34.5,3309,51.703,82.72,1
2026-09-01T21:18:41.227,22.994,2,100,100,100,101,17.0,17.8,0.46,0.51,0.56,0.18,0.00,0.03,0.46,0.51,-0.12,0.02,9.50,9.63,011,010,0,0,1933,1987,2007,1867,1976,1944,43.79,34.5,3301,51.578,82.53,1
2026-09-01T21:18:41.238,23.004,2,100,100,101,99,19.2,19.6,0.20,0.23,0.34,0.16,0.23,0.27,0.20,0.23,-0.56,-0.38,9.44,9.74,101,110,0,0,1931,1972,2009,1870,1979,1935,43.79,34.5,3310,51.719,82.75,1
2026-09-01T21:18:41.249,23.015,2,100,100,99,100,19.2,19.8,-0.25,-0.13,0.16,0.12,-0.07,-0.16,-0.25,-0.13,-0.68,-0.45,9.56,9.70,110,101,0,0,1933,1983,1999,1869,1958,1946,43.79,34.7,3310,51.719,82.75,1
2026-09-01T21:18:41.260,23.026,2,100,100,101,99,17.7,18.0,0.22,0.23,0.12,0.12,-0.37,-0.21,0.22,0.23,-0.13,-0.03,9.45,9.76,010,001,0,0,1931,1988,2000,1869,1965,1951,43.79,34.7,3309,51.703,82.72,1
2026-09-01T21:18:41.271,23.037,2,100,100,99,101,19.7,19.8,0.50,0.45,0.20,0.12,0.11,0.18,0.50,0.45,-0.16,-0.10,9.57,9.65,001,010,0,0,1935,1980,2008,1869,1979,1947,43.79,34.7,3308,51.688,82.70,1
2026-09-01T21:18:41.282,23.048,2,100,100,100,98,18.9,19.7,0.01,0.03,0.06,0.00,0.22,0.57,0.01,0.03,-0.60,-0.82,9.52,9.82,100,100,0,0,1930,1972,2004,1868,1975,1935,43.79,34.7,3308,51.688,82.70,1
2026-09-01T21:18:41.293,23.059,2,100,100,100,101,18.2,17.7,-0.09,-0.01,0.12,0.12,-0.20,-0.33,-0.09,-0.01,-0.48,-0.34,9.52,9.66,110,101,0,0,1931,1983,1999,1872,1960,1953,43.79,34.7,3310,51.719,82.75,1
2026-09-01T21:18:41.305,23.071,2,100,100,100,98,19.6,20.3,0.41,0.47,0.04,0.08,-0.25,-0.19,0.41,0.47,0.00,-0.20,9.51,9.83,011,011,0,0,1940,1989,2000,1871,1975,1959,43.79,34.7,3308,51.688,82.70,1
2026-09-01T21:18:41.315,23.081,2,100,100,100,99,18.6,19.5,0.30,0.25,0.12,0.10,0.22,0.22,0.30,0.25,-0.34,-0.52,9.52,9.77,101,110,0,0,1931,1972,2008,1869,1979,1935,43.79,34.7,3309,51.703,82.72,1
2026-09-01T21:18:41.326,23.092,2,100,100,99,98,18.5,19.0,-0.06,0.02,0.20,0.14,0.15,0.19,-0.06,0.02,-0.64,-0.93,9.57,9.84,100,100,0,0,1935,1976,2000,1871,1971,1931,43.77,34.7,3310,51.719,82.75,1
2026-09-01T21:18:41.336,23.103,2,100,100,99,100,19.6,20.0,0.05,0.18,0.10,0.12,-0.38,-0.27,0.05,0.18,-0.19,-0.42,9.58,9.72,010,001,0,0,1931,1993,1996,1871,1958,1953,43.77,34.7,3309,51.703,82.72,1
2026-09-01T21:18:41.347,23.114,2,100,100,99,102,17.5,18.5,0.48,0.42,0.18,0.10,0.04,0.01,0.48,0.42,-0.02,-0.32,9.58,9.61,001,010,0,0,1934,1986,2002,1868,1975,1946,43.77,34.7,3306,51.656,82.65,1
2026-09-01T21:18:41.358,23.124,2,100,100,99,100,19.4,18.8,0.18,0.19,0.14,0.14,0.27,0.21,0.18,0.19,-0.47,-0.67,9.59,9.71,101,110,0,0,1931,1972,2010,1870,1973,1931,43.77,34.7,3310,51.719,82.75,1
2026-09-01T21:18:41.369,23.135,2,100,100,100,100,19.5,20.0,-0.19,-0.08,0.36,0.16,-0.09,-0.18,-0.19,-0.08,-0.61,-0.74,9.53,9.72,110,101,0,0,1934,1985,1995,1870,1957,1948,43.77,34.7,3310,51.719,82.75,1
2026-09-01T21:18:41.380,23.146,2,100,100,99,100,17.9,17.6,0.31,0.12,0.12,0.00,-0.30,-0.23,0.31,0.12,-0.12,-0.28,9.59,9.72,010,001,0,0,1934,1992,1993,1870,1939,1943,43.77,34.7,3308,51.688,82.70,1
2026-09-01T21:18:41.391,23.157,2,100,100,100,101,19.5,19.5,0.52,0.44,0.24,0.14,0.18,0.21,0.52,0.44,-0.17,-0.47,9.53,9.66,001,010,0,0,1931,1980,2009,1869,1979,1947,43.77,34.7,3308,51.688,82.70,1
2026-09-01T21:18:41.402,23.168,2,100,100,100,99,19.0,20.0,-0.06,0.04,0.08,0.10,0.32,0.24,-0.06,0.04,-0.72,-0.88,9.53,9.77,100,100,0,0,1930,1976,2004,1870,1971,1931,43.77,34.7,3309,51.703,82.72,1
2026-09-01T21:18:41.412,23.179,2,100,100,99,101,18.2,17.4,-0.01,-0.08,0.12,0.08,-0.19,-0.29,-0.01,-0.08,-0.53,-0.57,9.59,9.65,110,101,0,0,1944,1987,1991,1872,1968,1952,43.77,34.7,3310,51.719,82.75,1
2026-09-01T21:18:41.423,23.190,2,100,100,99,99,19.8,20.1,0.43,0.46,0.08,0.08,-0.24,-0.19,0.43,0.46,-0.05,-0.23,9.60,9.77,011,011,0,0,1941,1992,1998,1871,1975,1957,43.77,34.7,3308,51.688,82.70,1
2026-09-01T21:18:41.434,23.201,2,100,100,100,99,18.6,19.6,0.24,0.27,0.08,0.10,0.56,0.44,0.24,0.27,-0.60,-0.77,9.54,9.77,101,110,0,0,1941,1983,2004,1871,1981,1943,43.77,34.7,3308,51.688,82.70,1
2026-09-01T21:18:41.446,23.212,2,100,100,100,99,18.4,18.0,-0.14,-0.04,0.20,0.14,0.19,0.07,-0.14,-0.04,-0.84,-0.93,9.54,9.77,100,100,0,0,1935,1976,2006,1869,1962,1938,43.74,34.7,3310,51.719,82.75,1
2026-09-01T21:18:41.456,23.223,2,100,100,98,99,19.9,20.2,0.12,0.17,0.16,0.16,-0.34,-0.27,0.12,0.17,-0.45,-0.46,9.65,9.77,010,001,0,0,1932,1992,1992,1869,1959,1954,43.74,34.7,3308,51.688,82.70,1
2026-09-01T21:18:41.467,23.233,2,100,100,100,101,17.8,19.0,0.38,0.41,0.18,0.08,0.07,0.00,0.38,0.41,-0.27,-0.30,9.54,9.65,001,010,0,0,1933,1988,2004,1867,1975,1943,43.74,34.7,3307,51.672,82.67,1
2026-09-01T21:18:41.478,23.244,2,100,100,100,100,18.9,18.7,0.15,0.13,0.18,0.14,0.28,0.27,0.15,0.13,-0.72,-0.79,9.54,9.70,101,110,0,0,1931,1972,2008,1869,1975,1935,43.74,34.7,3310,51.719,82.75,1
2026-09-01T21:18:41.489,23.255,2,100,100,100,101,19.6,19.9,-0.21,-0.07,0.16,0.12,-0.11,-0.20,-0.21,-0.07,-0.83,-0.67,9.54,9.64,110,101,0,0,1934,1983,1995,1870,1958,1946,43.74,34.7,3310,51.719,82.75,1
2026-09-01T21:18:41.501,23.268,2,100,100,101,100,17.2,18.1,0.11,0.18,0.10,0.08,-0.37,-0.16,0.11,0.18,-0.26,-0.31,9.47,9.70,011,011,0,0,1930,1977,1982,1866,1965,1949,43.74,34.7,3363,52.547,84.08,1
2026-09-01T21:18:41.511,23.277,2,100,100,99,101,19.6,18.9,0.54,0.40,0.24,0.14,0.19,0.19,0.54,0.40,-0.44,-0.41,9.59,9.64,001,010,0,0,1935,1985,2012,1868,1979,1943,43.74,34.7,3308,51.688,82.70,1
2026-09-01T21:18:41.521,23.288,2,100,100,99,100,19.6,20.0,-0.02,0.10,0.08,0.12,0.32,0.17,-0.02,0.10,-0.99,-0.84,9.58,9.70,100,100,0,0,1931,1972,2004,1871,1971,1929,43.74,34.7,3310,51.719,82.75,1
2026-09-01T21:18:41.532,23.299,2,100,100,100,99,17.2,17.7,-0.07,-0.13,0.18,0.10,-0.27,-0.27,-0.07,-0.13,-0.72,-0.49,9.54,9.64,110,001,0,0,1931,1988,1998,1867,1968,1936,43.74,34.7,3308,51.688,82.70,1
2026-09-01T21:18:41.543,23.310,2,100,100,99,101,19.7,19.5,0.52,0.48,0.12,0.08,-0.21,-0.15,0.52,0.48,-0.27,-0.17,9.58,9.64,011,011,0,0,1931,1994,2007,1867,1971,1950,43.74,34.7,3309,51.703,82.72,1
2026-09-01T21:18:41.554,23.320,2,100,100,101,100,19.2,19.8,0.22,0.26,0.12,0.14,0.22,0.23,0.22,0.26,-0.65,-0.56,9.46,9.69,101,110,0,0,1931,1976,2012,1869,1977,1931,43.74,34.7,3310,51.719,82.75,1
2026-09-01T21:18:41.565,23.331,2,100,100,100,100,17.4,17.6,-0.21,-0.11,0.20,0.12,0.03,-0.08,-0.21,-0.11,-0.91,-0.68,9.51,9.69,100,100,0,0,1936,1983,1998,1869,1959,1946,43.74,34.7,3310,51.719,82.75,1
2026-09-01T21:18:41.576,23.342,2,100,100,101,100,19.5,19.9,0.09,0.19,0.14,0.12,-0.38,-0.26,0.09,0.19,-0.43,-0.26,9.45,9.69,010,001,0,0,1933,1991,1998,1870,1960,1952,43.74,34.7,3309,51.703,82.72,1
2026-09-01T21:18:41.587,23.353,2,100,100,98,100,18.5,19.1,0.31,0.37,0.12,0.10,0.62,0.05,0.31,0.37,-0.55,-0.15,9.62,9.68,001,010,0,0,1929,2011,1979,1866,1974,1946,43.74,34.7,3306,51.656,82.65,1
2026-09-01T21:18:41.597,23.364,2,100,100,101,99,18.2,18.6,0.11,0.15,0.08,0.12,0.25,0.31,0.11,0.15,-0.77,-0.63,9.46,9.74,101,110,0,0,1931,1976,2007,1870,1975,1931,43.74,34.7,3311,51.734,82.78,1
2026-09-01T21:18:41.608,23.375,2,100,100,99,100,19.8,20.0,-0.14,-0.10,0.18,0.10,-0.15,-0.20,-0.14,-0.10,-0.81,-0.48,9.57,9.69,110,101,0,0,1936,1983,1991,1870,1959,1947,43.74,34.7,3310,51.719,82.75,1
2026-09-01T21:18:41.619,23.385,2,100,100,100,101,17.7,18.4,0.20,0.25,0.10,0.08,-0.27,-0.28,0.20,0.25,-0.27,-0.07,9.51,9.63,011,011,0,0,1930,1986,2004,1867,1969,1947,43.74,34.7,3307,51.672,82.67,1
2026-09-01T21:18:41.630,23.396,2,100,100,100,101,19.1,18.8,0.52,0.39,0.20,0.12,0.22,0.20,0.52,0.39,-0.38,-0.20,9.50,9.61,001,010,0,0,1935,1982,2012,1869,1977,1939,43.71,34.7,3308,51.688,82.70,1
2026-09-01T21:18:41.641,23.407,2,100,100,100,100,19.6,20.0,-0.08,0.14,0.12,0.16,0.27,0.15,-0.08,0.14,-0.78,-0.69,9.50,9.67,100,100,0,0,1931,1972,2004,1871,1971,1927,43.71,34.7,3310,51.719,82.75,1
2026-09-01T21:18:41.652,23.418,2,100,100,100,100,17.1,17.6,-0.06,-0.09,0.10,0.12,-0.24,-0.14,-0.06,-0.09,-0.54,-0.32,9.50,9.67,110,101,0,0,1931,1983,1996,1869,1979,1911,43.71,34.7,3304,51.625,82.60,1
2026-09-01T21:18:41.663,23.429,2,100,100,99,101,19.7,19.6,0.49,0.44,0.12,0.10,-0.20,-0.16,0.49,0.44,-0.09,-0.03,9.56,9.63,011,011,0,0,1933,1994,2007,1869,1970,1949,43.71,34.7,3309,51.703,82.72,1
2026-09-01T21:18:41.673,23.440,2,100,100,100,99,19.1,19.8,0.19,0.27,0.08,0.10,0.24,0.33,0.19,0.27,-0.47,-0.52,9.51,9.73,101,110,0,0,1930,1976,2004,1869,1979,1935,43.71,34.7,3310,51.719,82.75,1
2026-09-01T21:18:41.684,23.451,2,100,100,100,100,17.7,17.7,-0.18,-0.09,0.22,0.14,0.13,0.00,-0.18,-0.09,-0.82,-0.65,9.51,9.68,100,100,0,0,1931,1982,1999,1869,1961,1945,43.71,34.7,3310,51.719,82.75,1
2026-09-01T21:18:41.695,23.462,2,100,100,99,99,19.8,20.0,0.13,0.23,0.16,0.16,-0.36,-0.25,0.13,0.23,-0.29,-0.18,9.57,9.74,010,001,0,0,1933,1992,1992,1870,1959,1953,43.71,34.7,3308,51.688,82.70,1
2026-09-01T21:18:41.706,23.473,2,100,100,100,101,18.5,19.2,0.48,0.44,0.20,0.12,0.04,0.00,0.48,0.44,-0.17,0.00,9.51,9.62,001,010,0,0,1932,1982,2018,1863,1975,1943,43.71,34.7,3307,51.672,82.67,1
2026-09-01T21:18:41.717,23.483,2,100,100,100,99,18.3,18.4,0.12,0.15,0.12,0.12,0.27,0.27,0.12,0.15,-0.59,-0.49,9.51,9.73,101,110,0,0,1943,1976,2000,1871,1975,1939,43.71,34.7,3310,51.719,82.75,1
2026-09-01T21:18:41.728,23.494,2,100,100,100,100,19.7,20.0,-0.08,-0.05,0.20,0.12,-0.16,-0.21,-0.08,-0.05,-0.64,-0.33,9.51,9.67,110,101,0,0,1936,1983,1991,1872,1960,1948,43.71,34.7,3310,51.719,82.75,1
2026-09-01T21:18:41.739,23.505,2,100,100,99,100,17.8,18.4,0.07,0.26,0.12,0.10,0.08,-0.23,0.07,0.26,-0.25,0.05,9.56,9.68,011,011,0,0,1929,1984,1986,1869,1968,1947,43.71,34.7,3305,51.641,82.62,1
2026-09-01T21:18:41.749,23.516,2,100,100,100,100,19.1,19.1,0.54,0.41,0.22,0.10,0.24,0.23,0.54,0.41,-0.33,-0.09,9.51,9.68,001,010,0,0,1935,1982,2012,1869,1979,1943,43.71,34.7,3308,51.688,82.70,1
2026-09-01T21:18:41.760,23.527,2,100,100,99,99,19.7,20.1,0.00,0.11,0.08,0.12,0.24,0.18,0.00,0.11,-0.83,-0.45,9.56,9.74,100,100,0,0,1931,1969,2004,1871,1971,1927,43.71,34.9,3310,51.719,82.75,1
2026-09-01T21:18:41.771,23.538,2,100,100,101,100,17.6,17.8,-0.05,-0.06,0.08,0.08,-0.26,-0.28,-0.05,-0.06,-0.58,-0.11,9.46,9.69,010,001,0,0,1934,1988,1996,1867,1965,1949,43.71,34.7,3306,51.656,82.65,1
2026-09-01T21:18:41.782,23.548,2,100,100,99,99,19.6,20.0,0.51,0.56,0.34,0.18,-0.18,-0.17,0.51,0.56,-0.13,0.13,9.57,9.75,011,011,0,0,1933,1993,2005,1871,1974,1958,43.71,34.9,3308,51.688,82.70,1
2026-09-01T21:18:41.793,23.559,2,100,100,101,99,19.2,19.8,0.24,0.29,0.08,0.10,0.17,0.25,0.24,0.29,-0.50,-0.26,9.45,9.74,101,110,0,0,1931,1976,2012,1869,1984,1929,43.71,34.9,3310,51.719,82.75,1
2026-09-01T21:18:41.804,23.570,2,100,100,100,99,17.2,17.8,-0.19,-0.06,0.12,0.14,0.00,0.10,-0.19,-0.06,-0.76,-0.57,9.51,9.76,100,100,0,0,1929,1983,2010,1865,1963,1933,43.71,34.9,3311,51.734,82.78,1
2026-09-01T21:18:41.815,23.581,2,100,100,101,99,19.4,20.1,0.18,0.20,0.16,0.12,-0.38,-0.25,0.18,0.20,-0.29,-0.12,9.45,9.75,010,001,0,0,1933,1994,1996,1870,1958,1952,43.71,34.9,3309,51.703,82.72,1
2026-09-01T21:18:41.825,23.592,2,100,100,99,101,18.7,19.2,0.42,0.44,0.18,0.10,0.27,0.01,0.42,0.44,-0.33,0.01,9.55,9.64,001,010,0,0,1934,1986,2004,1870,1978,1947,43.69,34.9,3307,51.672,82.67,1
2026-09-01T21:18:41.836,23.603,2,100,100,101,99,17.8,18.5,0.11,0.14,0.12,0.14,0.22,0.25,0.11,0.14,-0.63,-0.45,9.44,9.76,101,110,0,0,1931,1972,2004,1870,1975,1935,43.69,34.9,3310,51.719,82.75,1
2026-09-01T21:18:41.850,23.617,2,100,100,99,100,19.8,20.1,-0.15,-0.04,0.18,0.14,-0.14,-0.20,-0.15,-0.04,-0.65,-0.40,9.56,9.71,110,101,0,0,1935,1983,1995,1870,1956,1946,43.69,34.9,3311,51.734,82.78,1
2026-09-01T21:18:41.858,23.625,2,100,100,100,99,18.0,18.6,0.13,0.20,0.10,0.10,0.00,0.07,0.13,0.20,-0.26,-0.18,9.50,9.76,011,011,0,0,1930,1989,1993,1868,1959,1954,43.69,34.9,3306,51.656,82.65,1
2026-09-01T21:18:41.869,23.635,2,100,100,100,101,19.0,19.0,0.52,0.40,0.16,0.00,0.25,0.22,0.52,0.40,-0.28,-0.21,9.50,9.65,001,010,0,0,1935,1983,2012,1867,1979,1947,43.69,34.9,3308,51.688,82.70,1
2026-09-01T21:18:41.880,23.646,2,100,100,99,98,19.7,20.3,0.03,0.09,0.14,0.14,0.19,0.23,0.03,0.09,-0.68,-0.71,9.55,9.82,100,100,0,0,1932,1968,2001,1870,1971,1927,43.69,34.9,3310,51.719,82.75,1
2026-09-01T21:18:41.891,23.657,2,100,100,101,100,17.6,18.2,-0.06,-0.09,0.10,0.10,-0.30,-0.22,-0.08,-0.09,-0.41,-0.39,9.45,9.70,010,001,0,0,1933,1990,1998,1867,1963,1947,43.69,34.9,3307,51.672,82.67,1
2026-09-01T21:18:41.902,23.668,2,100,100,99,98,19.5,20.1,0.54,0.57,0.16,0.16,-0.17,-0.16,0.54,0.57,-0.01,-0.24,9.56,9.83,011,011,0,0,1933,1992,2004,1871,1971,1955,43.69,34.9,3308,51.688,82.70,1
2026-09-01T21:18:41.913,23.679,2,100,100,100,99,19.3,20.1,0.25,0.32,0.10,0.14,0.19,0.22,0.25,0.32,-0.36,-0.59,9.50,9.77,101,110,0,0,1931,1972,2009,1870,1983,1929,43.69,34.9,3310,51.719,82.75,1
2026-09-01T21:18:41.923,23.690,2,100,100,100,98,17.1,17.8,-0.18,-0.07,0.22,0.14,0.03,0.14,-0.18,-0.07,-0.63,-0.97,9.50,9.84,100,101,0,0,1933,1982,1994,1871,1966,1941,43.69,34.9,3311,51.734,82.78,1
2026-09-01T21:18:41.934,23.701,2,100,100,99,100,19.7,19.8,0.16,0.21,0.14,0.12,-0.37,-0.24,0.16,0.21,-0.15,-0.42,9.56,9.72,010,001,0,0,1933,1996,1994,1870,1960,1952,43.69,34.9,3309,51.703,82.72,1
2026-09-01T21:18:41.945,23.712,2,100,100,99,102,18.7,19.4,0.47,0.43,0.18,0.08,0.03,0.03,0.47,0.43,-0.03,-0.34,9.56,9.60,001,010,0,0,1934,1984,2008,1868,1975,1947,43.69,34.9,3307,51.672,82.67,1
2026-09-01T21:18:41.956,23.722,2,100,100,99,100,18.6,17.6,0.13,0.13,0.10,0.12,0.28,0.14,0.13,0.13,-0.50,-0.67,9.58,9.70,101,110,0,0,1933,1972,2008,1870,1971,1931,43.69,34.9,3310,51.719,82.75,1
2026-09-01T21:18:41.967,23.733,2,100,100,100,100,19.7,20.0,-0.14,-0.03,0.16,0.12,-0.15,-0.21,-0.14,-0.03,-0.54,-0.67,9.52,9.71,110,101,0,0,1936,1983,1995,1873,1960,1952,43.69,34.9,3310,51.719,82.75,1
2026-09-01T21:18:41.978,23.744,2,100,100,101,99,17.9,19.0,0.32,0.26,0.14,0.10,-0.20,0.02,0.32,0.26,-0.11,-0.43,9.46,9.77,011,011,0,0,1932,1988,2000,1868,1963,1954,43.69,34.9,3306,51.656,82.65,1
2026-09-01T21:18:41.989,23.755,2,100,100,100,101,19.0,18.6,0.52,0.37,0.20,0.12,0.26,0.22,0.52,0.37,-0.22,-0.50,9.52,9.66,001,010,0,0,1931,1986,2015,1867,1977,1943,43.69,34.9,3309,51.703,82.72,1
2026-09-01T21:18:41.999,23.766,2,100,100,100,99,19.6,20.3,-0.02,0.09,0.12,0.14,0.25,0.19,-0.02,0.09,-0.70,-0.89,9.52,9.76,100,100,0,0,1931,1972,2004,1871,1973,1931,43.69,34.9,3310,51.719,82.75,1
2026-09-01T21:18:42.010,23.777,2,100,100,99,100,17.3,18.6,-0.04,-0.12,0.20,0.08,-0.25,-0.17,-0.04,-0.12,-0.46,-0.60,9.57,9.70,110,001,0,0,1930,1986,1994,1866,1967,1950,43.66,34.9,3301,51.578,82.53,1
2026-09-01T21:18:42.021,23.788,2,100,100,99,99,19.8,19.7,0.50,0.51,0.56,0.22,-0.21,-0.13,0.50,0.51,0.00,-0.25,9.58,9.76,011,011,0,0,1931,1992,2004,1870,1971,1955,43.66,34.9,3308,51.688,82.70,1
2026-09-01T21:18:42.032,23.798,2,100,100,100,99,19.2,20.1,0.24,0.28,0.10,0.10,0.29,0.24,0.24,0.28,-0.48,-0.66,9.52,9.75,101,110,0,0,1930,1976,2008,1870,1979,1931,43.66,34.9,3310,51.719,82.75,1
2026-09-01T21:18:42.043,23.809,2,100,100,100,100,17.7,18.1,-0.20,-0.11,0.12,0.12,0.16,-0.04,-0.20,-0.11,-0.85,-0.82,9.52,9.70,100,101,0,0,1931,1978,2003,1870,1961,1946,43.66,34.9,3310,51.719,82.75,1
2026-09-01T21:18:42.054,23.820,2,100,100,99,99,19.7,19.7,0.19,0.24,0.16,0.16,-0.33,-0.24,0.19,0.24,-0.38,-0.37,9.57,9.76,010,001,0,0,1933,1994,1992,1870,1959,1953,43.66,34.9,3308,51.688,82.70,1
2026-09-01T21:18:42.065,23.831,2,91,91,100,101,18.4,19.4,0.43,0.38,0.10,0.00,0.12,0.07,0.43,0.38,-0.31,-0.30,9.33,9.46,001,010,0,0,1933,1984,2004,1866,1978,1947,43.66,34.9,3307,51.672,82.67,1
2026-09-01T21:18:42.076,23.842,2,74,74,99,99,16.0,15.7,-0.05,-0.08,0.08,0.08,0.27,0.26,-0.05,-0.08,-0.72,-0.79,8.45,8.63,101,110,0,0,1927,1980,2002,1866,1969,1943,43.66,34.9,3310,51.719,82.75,1
2026-09-01T21:18:42.086,23.853,2,60,60,96,98,15.4,15.5,-0.39,-0.28,0.12,0.04,-0.06,-0.16,-0.39,-0.28,-0.95,-0.73,7.41,7.47,110,101,0,0,1932,1983,2003,1866,1970,1947,43.66,34.9,3310,51.719,82.75,1
2026-09-01T21:18:42.098,23.864,2,49,49,96,95,11.7,11.8,0.03,0.06,0.04,0.06,-0.46,-0.34,0.03,0.06,-0.26,-0.31,6.24,6.47,010,001,0,0,1929,1983,2010,1867,1973,1943,43.66,34.9,3302,51.594,82.55,1
2026-09-01T21:18:42.108,23.875,2,39,39,86,88,11.4,11.9,-0.07,0.19,0.00,0.06,0.74,0.03,-0.07,0.19,-0.74,-0.43,5.76,5.82,001,010,0,0,1924,1992,1964,1865,1971,1942,43.66,34.9,3307,51.672,82.67,1
2026-09-01T21:18:42.119,23.886,2,32,32,83,83,10.3,10.5,0.04,-0.05,0.08,0.06,0.33,0.26,0.04,-0.05,-0.86,-0.94,4.89,5.06,101,110,0,0,1927,1982,2000,1863,1963,1950,43.66,34.9,3311,51.734,82.78,1
2026-09-01T21:18:42.130,23.897,2,26,26,76,79,9.2,8.5,-0.34,-0.30,0.12,0.04,0.19,0.00,-0.34,-0.30,-1.38,-1.21,4.40,4.40,100,100,0,0,1930,1988,2000,1863,1963,1950,43.66,34.9,3311,51.734,82.78,1
2026-09-01T21:18:42.141,23.907,2,21,21,72,74,7.7,7.1,-0.41,-0.35,0.04,0.00,-0.18,-0.31,-0.41,-0.35,-1.30,-0.99,3.75,3.79,110,101,0,0,1928,1987,2007,1866,1974,1948,43.66,34.7,3310,51.719,82.75,1
2026-09-01T21:18:42.152,23.918,2,17,17,67,67,6.9,6.8,-0.15,-0.03,0.02,0.02,-0.43,-0.36,-0.15,-0.03,-0.78,-0.66,3.27,3.42,010,001,0,0,1926,1983,2011,1864,1976,1944,43.66,34.7,3308,51.688,82.70,1
2026-09-01T21:18:42.163,23.929,2,13,13,59,62,6.1,6.2,0.14,0.17,0.02,0.02,-0.29,-0.20,0.14,0.17,-0.42,-0.47,2.97,2.96,011,011,0,0,1927,1983,2007,1865,1972,1941,43.66,34.7,3307,51.672,82.67,1
2026-09-01T21:18:42.174,23.940,2,11,11,59,56,4.4,5.4,0.15,0.26,0.02,0.02,-0.08,0.02,0.15,0.26,-0.19,-0.48,2.29,2.61,011,010,0,0,1926,1984,1995,1864,1970,1944,43.66,34.7,3301,51.578,82.53,1
2026-09-01T21:18:42.184,23.951,2,9,9,52,56,4.3,4.3,0.30,0.21,0.02,0.02,0.14,0.04,0.30,0.21,-0.35,-0.64,2.11,2.00,001,010,0,0,1922,1983,2018,1859,1968,1940,43.66,34.7,3301,51.578,82.53,1
2026-09-01T21:18:42.195,23.962,2,7,7,52,46,3.2,4.5,0.31,0.06,0.06,0.06,0.00,0.25,0.31,0.06,-0.44,-0.94,1.53,1.99,001,110,0,0,1928,1980,2000,1866,1967,1943,43.63,34.7,3304,51.625,82.60,1
2026-09-01T21:18:42.206,23.972,2,6,6,43,46,3.3,3.9,-0.01,0.08,0.12,0.02,0.28,0.26,-0.01,0.08,-0.89,-1.24,1.51,1.45,101,110,0,0,1928,1984,2003,1863,1970,1946,43.63,34.7,3305,51.641,82.62,1
2026-09-01T21:18:42.217,23.983,2,4,4,43,37,3.2,4.3,0.20,-0.15,0.06,0.04,0.27,0.12,0.20,-0.15,-1.26,-1.66,1.05,1.48,101,100,0,0,1926,1984,2003,1864,1964,1946,43.63,34.7,3304,51.625,82.60,1
2026-09-01T21:18:42.228,23.994,2,3,3,43,37,3.4,3.9,0.17,-0.29,0.14,0.04,0.23,-0.11,0.17,-0.29,-1.63,-1.52,0.51,1.01,101,100,0,0,1931,1980,2001,1865,1959,1955,43.63,34.7,3304,51.625,82.60,1
2026-09-01T21:18:42.239,24.005,2,3,3,31,37,4.2,3.5,-0.18,-0.12,0.08,0.06,0.06,0.19,-0.18,-0.12,-1.83,-1.68,0.85,0.65,100,100,0,0,1926,1985,1995,1864,1970,1946,43.63,34.7,3305,51.641,82.62,1
2026-09-01T21:18:42.250,24.016,2,2,2,31,37,3.4,4.0,-0.37,-0.12,0.12,0.08,-0.06,0.12,-0.37,-0.12,-1.76,-1.91,0.48,0.22,100,100,0,0,1928,1989,2009,1858,1964,1940,43.63,34.7,3305,51.641,82.62,1
2026-09-01T21:18:42.260,24.027,2,2,2,31,37,4.0,-4.3,-0.09,-0.14,0.02,0.02,0.10,0.08,-0.09,-0.14,-1.93,-2.05,0.17,-0.15,100,100,0,0,1928,1981,1997,1865,1961,1945,43.63,34.7,3298,51.531,82.45,1
2026-09-01T21:18:42.271,24.038,2,0,0,31,37,-4.2,-4.3,-0.09,-0.20,0.10,0.02,0.04,0.00,-0.09,-0.20,-1.99,-2.07,-0.26,-0.65,100,100,0,0,1930,1982,1993,1864,1957,1949,43.63,34.7,3297,51.516,82.42,1
2026-09-01T21:18:42.282,24.048,2,0,0,31,37,-4.2,-4.3,-0.11,-0.32,0.04,-0.04,0.04,-0.03,-0.11,-0.32,-2.03,-2.05,-0.59,-1.05,100,100,0,0,1929,1983,1991,1865,1955,1957,43.63,34.7,3298,51.531,82.45,1
2026-09-01T21:18:42.293,24.059,2,0,0,31,37,-4.3,-4.6,-0.19,-0.50,0.06,0.06,0.00,-0.10,-0.19,-0.50,-2.04,-1.90,-0.92,-1.45,100,100,0,0,1928,1987,2001,1862,1943,1959,43.63,34.7,3297,51.516,82.42,1
