host_time,elapsed_s,telemetry_version,cmdL,cmdR,rpmL,rpmR,dutyL_pct,dutyR_pct,currentMotorL_A,currentMotorR_A,currentInL_A,currentInR_A,idL_A,idR_A,iqL_A,iqR_A,vdL_V,vdR_V,vqL_V,vqR_V,hallL,hallR,faultL,faultR,dcl_raw,rla_raw,rlb_raw,dcr_raw,rrb_raw,rrc_raw,battery_V,temperature_C,foc_isr_cycles,foc_isr_us,foc_isr_load_pct,status
2026-09-01T21:17:56.078,0.002,2,0,0,0,0,0.0,0.0,0.11,0.16,0.06,0.04,-0.25,-0.30,0.11,0.16,0.00,0.00,0.00,0.00,011,001,0,0,1938,1984,1999,1867,1975,1949,42.52,34.3,3291,51.422,82.28,1
2026-09-01T21:17:56.088,0.011,2,0,0,0,0,0.0,0.0,0.12,0.17,0.10,0.02,-0.26,-0.30,0.12,0.17,0.00,0.00,0.00,0.00,011,001,0,0,1930,1981,2005,1864,1970,1945,42.52,34.3,3291,51.422,82.28,1
2026-09-01T21:17:56.098,0.022,2,0,0,0,0,0.0,0.0,0.11,0.17,0.02,0.04,-0.24,-0.31,0.11,0.17,0.00,0.00,0.00,0.00,011,001,0,0,1926,1981,2004,1864,1971,1945,42.52,34.3,3291,51.422,82.28,1
2026-09-01T21:17:56.109,0.032,2,8,8,0,0,0.7,0.7,0.12,0.16,0.36,0.12,-0.25,-0.31,0.12,0.16,0.00,0.00,0.33,0.33,011,001,0,0,1927,1982,2004,1866,1972,1946,42.52,34.3,3299,51.547,82.47,1
2026-09-01T21:17:56.119,0.043,2,25,25,0,0,2.0,2.0,0.14,0.19,0.08,0.06,-0.27,-0.32,0.14,0.19,0.00,0.00,1.06,1.06,011,001,0,0,1929,1982,2004,1867,1970,1946,42.52,34.3,3301,51.578,82.53,1
2026-09-01T21:17:56.129,0.053,2,39,39,0,0,3.1,3.1,0.18,0.22,0.12,0.06,-0.32,-0.30,0.18,0.22,0.00,0.00,1.65,1.65,011,001,0,0,1931,1984,2002,1866,1968,1948,42.52,34.3,3301,51.578,82.53,1
2026-09-01T21:17:56.142,0.065,2,50,50,0,0,3.9,3.9,0.27,0.29,0.08,0.06,-0.29,-0.29,0.27,0.29,0.00,0.00,2.12,2.12,011,001,0,0,1929,1992,2000,1867,1968,1952,42.52,34.3,3301,51.578,82.53,1
2026-09-01T21:17:56.150,0.073,2,60,60,0,0,4.3,4.3,0.41,0.38,0.16,0.08,-0.26,-0.27,0.41,0.38,0.00,0.00,2.33,2.33,011,001,0,0,1943,1998,1990,1867,1970,1962,42.52,34.3,3302,51.594,82.55,1
2026-09-01T21:17:56.160,0.084,2,67,67,0,0,5.3,5.3,0.63,0.46,0.10,0.08,-0.16,-0.28,0.63,0.46,0.00,0.00,2.84,2.84,011,001,0,0,1947,2018,1980,1869,1968,1968,42.52,34.3,3301,51.578,82.53,1
2026-09-01T21:17:56.171,0.094,2,73,73,0,0,5.7,5.6,0.90,0.54,0.12,0.02,0.02,-0.26,0.90,0.54,0.00,0.00,3.10,3.01,011,011,0,0,1931,2022,1970,1865,1958,1963,42.52,34.3,3337,52.141,83.42,1
2026-09-01T21:17:56.181,0.105,2,78,78,0,0,6.1,6.0,1.18,0.61,0.06,0.02,0.10,-0.15,1.18,0.61,0.00,0.00,3.31,3.23,011,011,0,0,1929,2035,1960,1865,1953,1967,42.52,34.3,3337,52.141,83.42,1
2026-09-01T21:17:56.196,0.119,2,82,82,0,0,6.3,6.3,0.99,0.70,0.16,0.08,0.04,0.03,0.99,0.70,0.00,0.00,3.40,3.40,001,011,0,0,1933,2003,2015,1866,1942,1971,42.52,34.3,3365,52.578,84.12,1
2026-09-01T21:17:56.207,0.131,2,86,86,0,0,6.6,6.6,0.89,1.29,0.06,0.12,0.31,0.40,0.89,1.29,0.00,0.00,3.56,3.56,001,011,0,0,1932,2014,2005,1868,1911,2003,42.52,34.3,3365,52.578,84.12,1
2026-09-01T21:17:56.218,0.141,2,88,88,0,0,6.8,6.8,1.49,0.67,0.12,0.06,0.57,0.06,1.49,0.67,0.00,0.00,3.69,3.69,001,010,0,0,1932,2039,2005,1867,1975,1958,42.52,34.3,3362,52.531,84.05,1
2026-09-01T21:17:56.228,0.152,2,90,90,0,0,7.0,7.0,0.47,0.85,0.12,0.08,0.37,0.29,0.47,0.85,0.00,0.00,3.78,3.78,101,010,0,0,1933,1979,2019,1867,1970,1971,42.52,34.3,3362,52.531,84.05,1
2026-09-01T21:17:56.239,0.163,2,92,92,0,0,7.1,7.1,0.79,1.43,0.08,0.12,0.65,0.69,0.79,1.43,0.00,0.00,3.86,3.86,101,010,0,0,1930,1987,2036,1870,1969,2005,42.52,34.3,3362,52.531,84.05,1
2026-09-01T21:17:56.249,0.172,2,94,94,0,0,7.3,7.3,1.55,0.43,0.22,0.06,1.18,0.43,1.55,0.43,0.00,0.00,3.95,3.95,101,110,0,0,1937,1987,2075,1865,1984,1943,42.52,34.3,3365,52.578,84.12,1
2026-09-01T21:17:56.259,0.183,2,95,95,0,0,7.4,7.4,0.21,0.96,0.10,0.12,0.49,0.77,0.21,0.96,0.00,0.00,3.99,3.99,100,110,0,0,1935,1971,2041,1864,2017,1952,42.52,34.3,3365,52.578,84.12,1
2026-09-01T21:17:56.270,0.193,2,96,96,0,0,7.4,7.5,0.92,0.28,0.22,0.06,0.88,0.93,0.92,0.28,0.00,0.00,4.03,4.03,100,100,0,0,1936,1928,2060,1866,1993,1923,42.52,34.3,3365,52.578,84.12,1
2026-09-01T21:17:56.280,0.203,2,96,96,0,0,7.5,7.5,-0.12,0.46,0.10,0.10,0.15,0.67,-0.12,0.46,0.00,0.00,4.08,4.08,110,100,0,0,1928,1971,2017,1862,2003,1907,42.52,34.3,3365,52.578,84.12,1
2026-09-01T21:17:56.290,0.214,2,97,97,0,22,7.6,7.6,0.60,0.30,0.22,0.10,0.58,1.56,0.60,0.30,0.00,0.00,4.12,4.12,110,101,0,0,1933,1932,2005,1868,2017,1889,42.52,34.3,3367,52.609,84.17,1
2026-09-01T21:17:56.300,0.224,2,97,97,23,22,7.6,7.6,0.00,0.06,0.10,0.10,-0.18,0.29,0.00,0.06,0.00,0.00,4.12,4.12,010,101,0,0,1940,1983,1989,1870,1977,1927,42.52,34.3,3369,52.641,84.22,1
2026-09-01T21:17:56.311,0.234,2,98,98,23,22,7.7,7.7,0.56,1.14,0.18,0.16,0.19,0.99,0.56,1.14,0.00,0.00,4.16,4.16,010,101,0,0,1934,1981,1965,1872,1977,1861,42.52,34.3,3369,52.641,84.22,1
2026-09-01T21:17:56.321,0.245,2,98,98,27,26,7.7,7.7,0.41,0.21,0.08,0.10,-0.19,-0.04,0.41,0.21,0.00,0.00,4.16,4.16,011,001,0,0,1929,1993,1993,1868,1949,1943,42.52,34.3,3367,52.609,84.17,1
2026-09-01T21:17:56.332,0.255,2,98,98,27,26,7.7,7.7,0.82,1.37,0.18,0.16,0.07,0.64,0.82,1.37,0.00,0.00,4.16,4.16,011,001,0,0,1934,2020,1967,1872,1889,1943,42.52,34.3,3367,52.609,84.17,1
2026-09-01T21:17:56.342,0.266,2,99,99,29,29,7.8,7.8,0.69,0.55,0.10,0.10,0.26,0.01,0.69,0.55,0.00,0.00,4.20,4.20,001,011,0,0,1930,1997,2005,1868,1945,1967,42.52,34.3,3367,52.609,84.17,1
2026-09-01T21:17:56.352,0.276,2,99,99,29,29,7.8,7.8,1.11,1.78,0.18,0.18,0.40,0.77,1.11,1.78,0.00,0.00,4.20,4.20,001,011,0,0,1934,2025,2005,1872,1879,2029,42.52,34.3,3367,52.609,84.17,1
2026-09-01T21:17:56.363,0.286,2,99,99,31,31,8.4,8.9,0.24,0.52,0.06,0.04,0.30,0.11,0.24,0.52,0.00,0.00,4.20,4.20,101,010,0,0,1927,1979,2007,1865,1980,1944,42.52,34.3,3381,52.828,84.53,1
2026-09-01T21:17:56.373,0.297,2,99,99,31,31,8.9,8.1,0.16,0.35,0.12,0.04,0.34,0.32,0.16,0.35,0.00,0.00,4.20,4.20,101,010,0,0,1930,1975,2011,1865,1978,1944,42.52,34.3,3383,52.859,84.58,1
2026-09-01T21:17:56.383,0.307,2,99,99,31,31,8.3,9.0,-0.03,0.24,0.02,0.02,0.24,0.33,-0.03,0.24,0.00,0.00,4.20,4.20,100,110,0,0,1927,1976,2007,1865,1980,1935,42.52,34.3,3384,52.875,84.60,1
2026-09-01T21:17:56.394,0.317,2,99,99,31,31,8.9,8.0,-0.08,0.01,0.10,0.02,0.19,0.32,-0.08,0.01,0.00,0.00,4.20,4.20,100,110,0,0,1926,1973,2003,1865,1976,1938,42.52,34.3,3385,52.891,84.62,1
2026-09-01T21:17:56.404,0.328,2,99,99,32,31,8.3,8.9,-0.19,-0.02,0.02,0.04,-0.02,0.20,-0.19,-0.02,0.00,0.00,4.20,4.20,110,100,0,0,1926,1981,2000,1865,1970,1932,42.52,34.3,3384,52.875,84.60,1
2026-09-01T21:17:56.414,0.338,2,99,99,32,31,8.8,8.3,-0.04,-0.15,0.08,0.02,-0.14,0.13,-0.04,-0.15,0.00,0.00,4.20,4.20,110,100,0,0,1926,1981,1995,1865,1970,1938,42.52,34.3,3384,52.875,84.60,1
2026-09-01T21:17:56.425,0.348,2,99,99,32,31,8.3,8.8,0.00,-0.12,0.02,0.04,-0.30,-0.14,0.00,-0.12,0.00,0.00,4.20,4.20,010,101,0,0,1929,1990,2011,1861,1964,1946,42.52,34.3,3384,52.875,84.60,1
2026-09-01T21:17:56.435,0.359,2,99,99,32,31,8.9,8.4,0.22,-0.03,0.02,0.04,-0.29,-0.19,0.22,-0.03,0.00,0.00,4.20,4.20,010,101,0,0,1925,1993,2000,1863,1959,1944,42.52,34.3,3385,52.891,84.62,1
2026-09-01T21:17:56.446,0.369,2,99,99,31,31,8.1,8.8,0.36,0.10,0.04,0.04,-0.05,-0.34,0.36,0.10,0.00,0.00,4.20,4.20,011,001,0,0,1926,1994,1995,1864,1962,1952,42.52,34.3,3381,52.828,84.53,1
2026-09-01T21:17:56.456,0.379,2,99,99,31,31,8.9,8.5,0.56,0.22,0.08,-0.08,-0.19,-0.27,0.56,0.22,0.00,0.00,4.20,4.20,011,001,0,0,1926,1995,2005,1864,1964,1954,42.52,34.3,3383,52.859,84.58,1
2026-09-01T21:17:56.467,0.390,2,99,99,31,30,7.9,8.6,0.40,0.38,0.00,0.04,0.05,-0.27,0.40,0.38,0.00,0.00,4.20,4.20,001,011,0,0,1925,1989,2006,1865,1968,1952,42.52,34.3,3380,52.812,84.50,1
2026-09-01T21:17:56.477,0.400,2,99,99,31,30,9.0,8.7,0.53,0.58,0.06,0.04,0.15,-0.07,0.53,0.58,0.00,0.00,4.20,4.20,001,011,0,0,1928,1984,2013,1865,1970,1956,42.52,34.3,3383,52.859,84.58,1
2026-09-01T21:17:56.487,0.410,2,99,99,31,30,8.0,8.5,0.33,0.53,0.02,0.04,0.33,0.00,0.33,0.53,0.00,0.00,4.20,4.20,101,010,0,0,1926,1979,2011,1865,1980,1944,42.52,34.3,3380,52.812,84.50,1
2026-09-01T21:17:56.497,0.421,2,99,99,31,30,8.9,8.8,0.19,0.48,0.06,0.04,0.30,0.23,0.19,0.48,0.00,0.00,4.20,4.20,101,010,0,0,1926,1975,2013,1864,1980,1946,42.52,34.3,3383,52.859,84.58,1
2026-09-01T21:17:56.508,0.431,2,100,100,31,30,8.0,8.5,0.01,0.32,0.10,0.02,0.29,0.27,0.01,0.32,0.00,0.00,4.25,4.25,100,110,0,0,1931,1975,2005,1865,1980,1935,42.52,34.3,3383,52.859,84.58,1
2026-09-01T21:17:56.518,0.441,2,100,100,31,30,9.0,9.0,-0.03,0.20,0.06,0.04,0.16,0.35,-0.03,0.20,0.00,0.00,4.25,4.25,100,110,0,0,1937,1975,2000,1868,1982,1940,42.52,34.3,3385,52.891,84.62,1
2026-09-01T21:17:56.528,0.452,2,100,100,31,30,7.8,8.3,-0.09,0.00,0.12,0.02,0.30,0.27,-0.09,0.00,0.00,0.00,4.25,4.25,110,100,0,0,1932,1965,2023,1866,1974,1935,42.52,34.3,3382,52.844,84.55,1
2026-09-01T21:17:56.539,0.462,2,100,100,31,30,9.0,9.0,-0.11,-0.04,0.12,0.06,-0.13,0.19,-0.11,-0.04,0.00,0.00,4.25,4.25,110,100,0,0,1928,1984,1995,1865,1972,1934,42.52,34.3,3385,52.891,84.62,1
2026-09-01T21:17:56.549,0.473,2,100,100,31,31,7.9,8.3,0.00,-0.20,0.34,0.10,-0.20,-0.02,0.00,-0.20,0.00,0.00,4.25,4.25,110,101,0,0,1930,1985,1997,1864,1966,1944,42.52,34.3,3384,52.875,84.60,1
2026-09-01T21:17:56.559,0.483,2,100,100,31,31,9.0,9.0,0.14,-0.08,0.06,0.02,-0.33,-0.16,0.14,-0.08,0.00,0.00,4.25,4.25,010,101,0,0,1946,1992,1989,1868,1964,1950,42.54,34.3,3385,52.891,84.62,1
2026-09-01T21:17:56.570,0.493,2,100,100,31,31,7.9,8.1,0.26,0.01,0.10,0.04,-0.34,-0.25,0.26,0.01,0.00,0.00,4.25,4.25,010,001,0,0,1929,1990,2001,1865,1960,1948,42.54,34.3,3381,52.828,84.53,1
2026-09-01T21:17:56.580,0.504,2,100,100,31,31,9.1,9.0,0.48,0.18,0.04,0.02,-0.21,-0.34,0.48,0.18,0.00,0.00,4.25,4.25,011,001,0,0,1928,1993,2005,1865,1964,1951,42.54,34.3,3383,52.859,84.58,1
2026-09-01T21:17:56.590,0.514,2,100,100,31,31,7.9,8.0,0.46,0.28,0.12,0.04,0.00,-0.24,0.46,0.28,0.00,0.00,4.25,4.25,011,011,0,0,1925,1989,2009,1864,1966,1951,42.54,34.3,3381,52.828,84.53,1
2026-09-01T21:17:56.601,0.524,2,100,100,31,31,9.0,9.0,0.50,0.54,0.30,0.08,0.11,-0.18,0.50,0.54,0.00,0.00,4.25,4.25,001,011,0,0,1927,1985,2013,1864,1970,1956,42.54,34.3,3383,52.859,84.58,1
2026-09-01T21:17:56.611,0.535,2,100,100,31,31,8.2,8.0,0.44,0.51,0.14,0.06,0.36,0.00,0.44,0.51,0.00,0.00,4.25,4.25,001,010,0,0,1930,1984,2016,1864,1976,1948,42.54,34.3,3381,52.828,84.53,1
2026-09-01T21:17:56.621,0.545,2,100,100,32,31,9.0,9.0,0.23,0.51,0.04,0.04,0.33,0.16,0.23,0.51,0.00,0.00,4.25,4.25,101,010,0,0,1927,1975,2013,1865,1982,1946,42.54,34.3,3383,52.859,84.58,1
2026-09-01T21:17:56.632,0.555,2,100,100,32,31,7.9,7.8,0.00,0.38,0.14,0.06,0.32,0.14,0.00,0.38,0.00,0.00,4.25,4.25,100,010,0,0,1931,1977,2009,1865,1968,1960,42.54,34.3,3374,52.719,84.35,1
2026-09-01T21:17:56.642,0.566,2,100,100,32,31,9.0,9.0,-0.09,0.27,0.02,0.04,0.20,0.30,-0.09,0.27,0.00,0.00,4.25,4.25,100,110,0,0,1928,1973,2003,1866,1982,1934,42.54,34.3,3385,52.891,84.62,1
2026-09-01T21:17:56.653,0.576,2,100,100,32,31,7.8,8.2,-0.05,0.05,0.00,0.02,0.29,0.39,-0.05,0.05,0.00,0.00,4.25,4.25,100,110,0,0,1927,1966,2023,1864,1978,1936,42.54,34.3,3378,52.781,84.45,1
2026-09-01T21:17:56.663,0.586,2,100,100,32,31,9.0,9.0,-0.05,-0.06,0.06,0.04,-0.12,0.20,-0.05,-0.06,0.00,0.00,4.25,4.25,110,100,0,0,1925,1981,2007,1866,1974,1935,42.54,34.3,3384,52.875,84.60,1
2026-09-01T21:17:56.673,0.597,2,100,100,32,31,7.9,8.1,-0.02,-0.15,0.02,0.04,-0.22,0.11,-0.02,-0.15,0.00,0.00,4.25,4.25,110,100,0,0,1926,1985,1995,1864,1967,1938,42.54,34.3,3385,52.891,84.62,1
2026-09-01T21:17:56.684,0.607,2,100,100,32,31,9.0,9.0,0.13,-0.11,0.06,0.04,-0.37,-0.15,0.13,-0.11,0.00,0.00,4.25,4.25,010,101,0,0,1928,1991,1995,1865,1962,1944,42.54,34.3,3385,52.891,84.62,1
2026-09-01T21:17:56.694,0.617,2,100,100,32,31,8.0,8.1,0.24,-0.03,0.06,0.06,-0.28,-0.24,0.24,-0.03,0.00,0.00,4.25,4.25,010,101,0,0,1926,1989,2000,1864,1962,1948,42.54,34.1,3384,52.875,84.60,1
2026-09-01T21:17:56.704,0.628,2,100,100,31,31,9.0,9.0,0.45,0.10,0.06,0.04,-0.24,-0.32,0.45,0.10,0.00,0.00,4.25,4.25,011,001,0,0,1929,1993,2019,1860,1964,1948,42.54,34.1,3383,52.859,84.58,1
2026-09-01T21:17:56.715,0.638,2,100,100,31,31,8.1,8.3,0.50,0.28,0.04,0.04,-0.02,-0.22,0.50,0.28,0.00,0.00,4.25,4.25,011,001,0,0,1927,1987,2005,1865,1962,1951,42.54,34.1,3383,52.859,84.58,1
2026-09-01T21:17:56.725,0.648,2,100,100,31,31,9.0,9.0,0.56,0.46,0.00,-0.04,0.13,-0.24,0.56,0.46,0.00,0.00,4.25,4.25,001,011,0,0,1928,1984,2016,1865,1970,1954,42.54,34.1,3383,52.859,84.58,1
2026-09-01T21:17:56.735,0.659,2,100,100,31,31,8.1,8.3,0.34,0.51,0.02,0.04,0.31,-0.01,0.34,0.51,0.00,0.00,4.25,4.25,001,011,0,0,1927,1981,2011,1865,1972,1951,42.54,34.1,3383,52.859,84.58,1
2026-09-01T21:17:56.746,0.669,2,100,100,32,31,9.0,9.0,0.22,0.54,0.30,0.10,0.30,0.08,0.22,0.54,0.00,0.00,4.25,4.25,101,010,0,0,1926,1973,2013,1864,1980,1944,42.54,34.1,3383,52.859,84.58,1
2026-09-01T21:17:56.756,0.680,2,100,100,32,31,8.0,8.4,0.03,0.40,0.06,0.04,0.35,0.30,0.03,0.40,0.00,0.00,4.25,4.25,101,010,0,0,1948,1977,2001,1869,1983,1950,42.54,34.1,3383,52.859,84.58,1
2026-09-01T21:17:56.766,0.690,2,100,100,32,31,9.0,8.9,-0.07,0.26,0.02,0.04,0.16,0.32,-0.07,0.26,0.00,0.00,4.25,4.25,100,110,0,0,1926,1974,2003,1865,1980,1935,42.54,34.1,3385,52.891,84.62,1
2026-09-01T21:17:56.777,0.700,2,100,100,32,31,8.0,8.6,-0.15,0.11,0.30,0.14,0.06,0.40,-0.15,0.11,0.00,0.00,4.25,4.25,100,110,0,0,1926,1979,2003,1864,1980,1935,42.54,34.1,3384,52.875,84.60,1
2026-09-01T21:17:56.787,0.711,2,100,100,32,31,9.0,8.9,-0.12,-0.02,0.16,-0.06,-0.13,0.19,-0.12,-0.02,0.00,0.00,4.25,4.25,110,100,0,0,1930,1984,1995,1864,1972,1935,42.54,34.1,3385,52.891,84.62,1
2026-09-01T21:17:56.797,0.721,2,100,100,32,31,7.9,8.6,-0.03,-0.12,0.02,0.04,-0.24,0.17,-0.03,-0.12,0.00,0.00,4.25,4.25,110,100,0,0,1927,1986,1994,1865,1970,1935,42.54,34.1,3385,52.891,84.62,1
2026-09-01T21:17:56.808,0.731,2,100,100,31,31,9.0,8.9,0.16,-0.15,0.14,0.02,-0.33,-0.12,0.16,-0.15,0.00,0.00,4.25,4.25,010,101,0,0,1949,2000,1987,1868,1967,1951,42.54,34.1,3385,52.891,84.62,1
2026-09-01T21:17:56.818,0.742,2,100,100,31,31,8.2,8.6,0.23,-0.04,0.06,0.04,-0.25,-0.18,0.23,-0.04,0.00,0.00,4.25,4.25,010,101,0,0,1928,1989,2000,1865,1962,1946,42.54,34.1,3385,52.891,84.62,1
2026-09-01T21:17:56.828,0.752,2,100,100,31,31,9.0,8.8,0.46,0.05,0.10,0.02,-0.24,-0.35,0.46,0.05,0.00,0.00,4.25,4.25,011,001,0,0,1930,1993,2005,1864,1964,1951,42.54,34.1,3382,52.844,84.55,1
2026-09-01T21:17:56.839,0.762,2,100,100,31,31,8.2,8.7,0.48,0.24,0.44,0.12,-0.01,-0.28,0.48,0.24,0.00,0.00,4.25,4.25,011,001,0,0,1928,1989,2005,1865,1964,1951,42.54,34.1,3383,52.859,84.58,1
2026-09-01T21:17:56.849,0.773,2,100,100,32,31,9.0,8.8,0.53,0.35,0.12,0.04,0.12,-0.26,0.53,0.35,0.00,0.00,4.25,4.25,001,011,0,0,1932,1984,2013,1864,1967,1951,42.54,34.1,3382,52.844,84.55,1
2026-09-01T21:17:56.859,0.783,2,100,100,32,31,8.1,8.7,0.34,0.58,0.02,0.04,0.30,-0.04,0.34,0.58,0.00,0.00,4.25,4.25,001,011,0,0,1927,1980,2011,1865,1972,1956,42.54,34.1,3383,52.859,84.58,1
2026-09-01T21:17:56.870,0.793,2,100,100,31,31,9.0,8.8,0.28,0.53,0.12,0.04,0.32,0.00,0.28,0.53,0.00,0.00,4.25,4.25,101,010,0,0,1947,1975,2007,1867,1982,1948,42.54,34.1,3381,52.828,84.53,1
2026-09-01T21:17:56.880,0.804,2,100,100,31,31,8.2,8.7,0.04,0.44,0.06,0.04,0.35,0.28,0.04,0.44,0.00,0.00,4.25,4.25,101,010,0,0,1928,1975,2009,1865,1978,1946,42.54,34.1,3383,52.859,84.58,1
2026-09-01T21:17:56.891,0.814,2,100,100,32,31,9.0,8.6,-0.03,0.26,0.10,0.02,0.17,0.29,-0.03,0.26,0.00,0.00,4.25,4.25,100,110,0,0,1936,1979,2021,1860,1982,1942,42.54,34.1,3384,52.875,84.60,1
2026-09-01T21:17:56.901,0.824,2,100,100,32,31,8.2,8.9,-0.16,0.16,0.00,0.02,0.09,0.38,-0.16,0.16,0.00,0.00,4.25,4.25,100,110,0,0,1928,1977,2003,1865,1980,1935,42.54,34.1,3385,52.891,84.62,1
2026-09-01T21:17:56.911,0.835,2,100,100,32,31,9.0,8.6,-0.13,-0.03,0.10,0.02,-0.13,0.22,-0.13,-0.03,0.00,0.00,4.25,4.25,110,100,0,0,1930,1981,1995,1864,1972,1935,42.54,34.1,3383,52.859,84.58,1
2026-09-01T21:17:56.922,0.845,2,100,100,32,31,8.1,8.9,-0.06,-0.07,0.02,0.02,-0.23,0.18,-0.06,-0.07,0.00,0.00,4.25,4.25,110,100,0,0,1927,1985,1995,1865,1972,1934,42.54,34.1,3385,52.891,84.62,1
2026-09-01T21:17:56.932,0.856,2,100,100,31,31,9.0,8.6,0.16,-0.19,0.06,0.02,-0.33,-0.10,0.16,-0.19,0.00,0.00,4.25,4.25,010,101,0,0,1926,1993,1995,1864,1964,1944,42.54,34.1,3384,52.875,84.60,1
2026-09-01T21:17:56.942,0.866,2,100,100,31,31,8.3,8.9,0.23,-0.06,0.22,0.12,-0.21,-0.18,0.23,-0.06,0.00,0.00,4.25,4.25,010,101,0,0,1928,1989,1999,1865,1962,1946,42.54,34.1,3384,52.875,84.60,1
2026-09-01T21:17:56.953,0.876,2,100,100,31,31,9.0,8.5,0.46,0.00,0.04,0.02,-0.26,-0.33,0.46,0.00,0.00,0.00,4.25,4.25,011,001,0,0,1927,1991,2005,1864,1964,1948,42.54,34.1,3381,52.828,84.53,1
2026-09-01T21:17:56.966,0.890,2,100,100,31,31,8.3,8.9,0.46,0.22,0.02,0.04,-0.01,-0.28,0.46,0.22,0.00,0.00,4.25,4.25,011,001,0,0,1927,1988,2005,1865,1962,1951,42.54,34.1,3383,52.859,84.58,1
2026-09-01T21:17:56.973,0.897,2,100,100,32,31,9.0,8.5,0.55,0.30,0.06,0.04,0.09,-0.25,0.55,0.30,0.00,0.00,4.25,4.25,001,011,0,0,1927,1984,2027,1859,1966,1946,42.54,34.1,3381,52.828,84.53,1
2026-09-01T21:17:56.984,0.907,2,100,100,32,31,8.2,8.9,0.38,0.56,0.04,0.04,0.33,-0.08,0.38,0.56,0.00,0.00,4.25,4.25,001,011,0,0,1927,1984,2011,1865,1970,1956,42.54,34.1,3383,52.859,84.58,1
2026-09-01T21:17:56.994,0.918,2,100,100,32,31,9.0,8.5,0.25,0.53,0.44,0.10,0.31,0.00,0.25,0.53,0.00,0.00,4.25,4.25,101,010,0,0,1927,1974,2016,1865,1980,1944,42.54,34.1,3381,52.828,84.53,1
2026-09-01T21:17:57.004,0.928,2,100,100,32,31,8.1,8.9,0.03,0.50,0.02,0.04,0.33,0.24,0.03,0.50,0.00,0.00,4.25,4.25,101,010,0,0,1928,1975,2009,1866,1982,1944,42.54,34.1,3383,52.859,84.58,1
2026-09-01T21:17:57.015,0.938,2,100,100,32,31,9.0,8.3,-0.02,0.30,0.04,0.04,0.17,0.33,-0.02,0.30,0.00,0.00,4.25,4.25,100,110,0,0,1928,1973,2005,1865,1976,1940,42.54,34.1,3384,52.875,84.60,1
2026-09-01T21:17:57.025,0.949,2,100,100,32,31,8.2,9.0,-0.20,0.22,0.06,0.06,0.13,0.36,-0.20,0.22,0.00,0.00,4.25,4.25,100,110,0,0,1925,1977,2003,1865,1982,1935,42.54,34.1,3384,52.875,84.60,1
2026-09-01T21:17:57.035,0.959,2,100,100,32,31,9.0,8.4,-0.08,-0.05,0.02,0.00,-0.12,0.26,-0.08,-0.05,0.00,0.00,4.25,4.25,110,100,0,0,1928,1984,1995,1865,1972,1938,42.54,34.1,3384,52.875,84.60,1
2026-09-01T21:17:57.046,0.969,2,100,100,32,31,8.2,9.0,-0.04,-0.06,0.02,0.04,-0.19,0.19,-0.04,-0.06,0.00,0.00,4.25,4.25,110,100,0,0,1946,1989,1989,1868,1976,1942,42.54,34.1,3385,52.891,84.62,1
2026-09-01T21:17:57.056,0.980,2,100,100,32,31,9.0,8.2,0.16,-0.19,0.06,0.04,-0.33,0.00,0.16,-0.19,0.00,0.00,4.25,4.25,010,101,0,0,1947,2000,1989,1868,1972,1950,42.54,34.1,3384,52.875,84.60,1
2026-09-01T21:17:57.067,0.990,2,100,100,32,31,8.2,9.0,0.27,-0.06,0.02,0.02,-0.22,-0.18,0.27,-0.06,0.00,0.00,4.25,4.25,010,101,0,0,1926,1988,2000,1865,1960,1944,42.54,34.1,3385,52.891,84.62,1
2026-09-01T21:17:57.077,1.000,2,100,100,31,31,9.0,8.2,0.46,-0.02,0.06,0.04,-0.27,-0.29,0.46,-0.02,0.00,0.00,4.25,4.25,011,001,0,0,1928,1993,2005,1865,1964,1948,42.54,34.1,3381,52.828,84.53,1
2026-09-01T21:17:57.087,1.011,2,100,100,31,31,8.4,9.0,0.46,0.17,0.36,0.08,-0.01,-0.33,0.46,0.17,0.00,0.00,4.25,4.25,011,001,0,0,1926,1990,2005,1864,1964,1954,42.54,34.1,3383,52.859,84.58,1
2026-09-01T21:17:57.097,1.021,2,100,100,31,32,9.0,8.2,0.51,0.28,0.06,0.04,0.08,-0.27,0.51,0.28,0.00,0.00,4.25,4.25,001,011,0,0,1942,1985,2007,1867,1972,1956,42.54,34.1,3381,52.828,84.53,1
2026-09-01T21:17:57.108,1.031,2,100,100,31,32,8.4,9.0,0.38,0.56,0.10,0.04,0.32,-0.15,0.38,0.56,0.00,0.00,4.25,4.25,001,011,0,0,1930,1984,2011,1865,1970,1956,42.54,34.1,3382,52.844,84.55,1
2026-09-01T21:17:57.118,1.042,2,100,100,32,31,9.0,8.0,0.23,0.47,0.06,0.04,0.28,0.16,0.23,0.47,0.00,0.00,4.25,4.25,101,010,0,0,1927,1975,2013,1865,1972,1950,42.57,34.1,3381,52.828,84.53,1
2026-09-01T21:17:57.129,1.052,2,100,100,32,31,8.1,9.0,0.03,0.52,0.10,0.04,0.35,0.17,0.03,0.52,0.00,0.00,4.25,4.25,101,010,0,0,1930,1975,2008,1864,1980,1944,42.57,34.1,3383,52.859,84.58,1
2026-09-01T21:17:57.139,1.062,2,100,100,31,31,9.0,7.8,-0.05,0.47,0.08,0.06,0.23,0.16,-0.05,0.47,0.00,0.00,4.25,4.25,100,010,0,0,1929,1975,2005,1865,1968,1968,42.57,34.1,3376,52.750,84.40,1
2026-09-01T21:17:57.149,1.073,2,100,100,31,31,8.3,9.1,-0.15,0.24,0.00,0.02,0.10,0.34,-0.15,0.24,0.00,0.00,4.25,4.25,100,110,0,0,1930,1977,2003,1865,1980,1935,42.57,34.1,3385,52.891,84.62,1
2026-09-01T21:17:57.160,1.083,2,100,100,32,31,9.0,7.9,-0.09,0.00,0.06,0.02,-0.12,0.34,-0.09,0.00,0.00,0.00,4.25,4.25,110,100,0,0,1940,1984,1990,1864,1976,1938,42.57,34.1,3383,52.859,84.58,1
2026-09-01T21:17:57.170,1.094,2,100,100,32,31,8.2,9.1,-0.01,-0.05,0.10,0.02,-0.17,0.20,-0.01,-0.05,0.00,0.00,4.25,4.25,110,100,0,0,1930,1984,1995,1865,1972,1932,42.57,34.1,3385,52.891,84.62,1
2026-09-01T21:17:57.180,1.104,2,100,100,32,31,9.0,7.9,0.14,-0.15,0.06,0.04,-0.35,0.03,0.14,-0.15,0.00,0.00,4.25,4.25,010,101,0,0,1928,1993,1993,1866,1967,1940,42.57,34.1,3385,52.891,84.62,1
2026-09-01T21:17:57.191,1.114,2,100,100,32,31,8.2,9.0,0.22,-0.10,0.14,0.06,-0.35,-0.17,0.22,-0.10,0.00,0.00,4.25,4.25,010,101,0,0,1930,1988,2001,1865,1959,1944,42.57,34.1,3384,52.875,84.60,1
2026-09-01T21:17:57.201,1.125,2,100,100,31,31,9.0,8.0,0.42,-0.06,0.02,0.02,-0.23,-0.28,0.42,-0.06,0.00,0.00,4.25,4.25,011,101,0,0,1928,1992,2005,1864,1964,1948,42.57,34.1,3385,52.891,84.62,1
2026-09-01T21:17:57.212,1.136,2,100,100,31,31,8.4,9.0,0.46,0.18,0.10,0.02,-0.02,-0.35,0.46,0.18,0.00,0.00,4.25,4.25,011,001,0,0,1930,1987,2019,1860,1960,1948,42.57,34.1,3383,52.859,84.58,1
2026-09-01T21:17:57.222,1.145,2,100,100,31,31,9.0,8.1,0.57,0.24,0.08,0.04,0.06,-0.23,0.57,0.24,0.00,0.00,4.25,4.25,001,001,0,0,1926,1984,2025,1860,1964,1946,42.57,34.1,3383,52.859,84.58,1
2026-09-01T21:17:57.232,1.156,2,100,100,31,32,8.4,9.0,0.45,0.51,0.02,0.04,0.35,-0.21,0.45,0.51,0.00,0.00,4.25,4.25,001,011,0,0,1928,1981,2011,1865,1970,1954,42.57,34.1,3383,52.859,84.58,1
2026-09-01T21:17:57.242,1.166,2,100,100,32,32,9.0,8.0,0.24,0.51,0.06,0.06,0.27,-0.02,0.24,0.51,0.00,0.00,4.25,4.25,101,011,0,0,1928,1973,2006,1868,1978,1951,42.57,34.1,3383,52.859,84.58,1
2026-09-01T21:17:57.253,1.176,2,100,100,32,31,8.2,9.0,0.05,0.55,0.04,0.04,0.31,0.13,0.05,0.55,0.00,0.00,4.25,4.25,101,010,0,0,1926,1975,2008,1865,1980,1946,42.57,34.1,3382,52.844,84.55,1
2026-09-01T21:17:57.263,1.187,2,100,100,32,31,9.0,8.0,-0.04,0.32,0.06,0.06,0.22,0.24,-0.04,0.32,0.00,0.00,4.25,4.25,100,010,0,0,1928,1973,2003,1865,1978,1940,42.57,34.1,3383,52.859,84.58,1
2026-09-01T21:17:57.274,1.197,2,100,100,32,31,8.2,9.0,-0.20,0.29,0.08,0.10,0.10,0.29,-0.20,0.29,0.00,0.00,4.25,4.25,100,110,0,0,1944,1979,1996,1868,1983,1940,42.57,34.1,3384,52.875,84.60,1
2026-09-01T21:17:57.284,1.207,2,100,100,32,31,9.0,8.4,-0.08,0.07,0.24,0.10,-0.11,0.39,-0.08,0.07,0.00,0.00,4.25,4.25,110,110,0,0,1926,1984,1997,1864,1980,1938,42.57,34.1,3385,52.891,84.62,1
2026-09-01T21:17:57.294,1.218,2,100,100,32,31,8.3,9.0,-0.03,0.00,0.04,0.04,-0.19,0.18,-0.03,0.00,0.00,0.00,4.25,4.25,110,100,0,0,1928,1984,1993,1865,1970,1934,42.57,34.1,3385,52.891,84.62,1
2026-09-01T21:17:57.305,1.228,2,100,100,32,31,9.0,8.3,0.13,-0.13,0.02,0.04,-0.37,0.09,0.13,-0.13,0.00,0.00,4.25,4.25,010,100,0,0,1927,1993,1993,1865,1967,1938,42.57,34.1,3385,52.891,84.62,1
2026-09-01T21:17:57.315,1.238,2,100,100,32,31,8.2,9.0,0.20,-0.10,0.04,0.04,-0.26,-0.17,0.20,-0.10,0.00,0.00,4.25,4.25,010,101,0,0,1932,1991,2017,1860,1964,1946,42.57,34.1,3385,52.891,84.62,1
2026-09-01T21:17:57.325,1.249,2,100,100,31,31,9.0,8.3,0.42,-0.07,0.06,0.10,-0.24,-0.27,0.42,-0.07,0.00,0.00,4.25,4.25,011,101,0,0,1928,1992,2000,1868,1966,1951,42.57,34.1,3384,52.875,84.60,1
2026-09-01T21:17:57.335,1.259,2,100,100,31,31,8.3,8.9,0.46,0.10,0.28,0.08,-0.02,-0.37,0.46,0.10,0.00,0.00,4.25,4.25,011,001,0,0,1926,1989,2005,1864,1962,1954,42.57,34.1,3383,52.859,84.58,1
2026-09-01T21:17:57.346,1.269,2,100,100,31,31,8.9,8.5,0.62,0.24,0.10,-0.08,0.05,-0.22,0.62,0.24,0.00,0.00,4.25,4.25,001,001,0,0,1930,1984,2016,1864,1964,1954,42.57,34.1,3383,52.859,84.58,1
2026-09-01T21:17:57.356,1.280,2,100,100,31,32,8.5,8.9,0.45,0.44,0.06,0.04,0.32,-0.27,0.45,0.44,0.00,0.00,4.25,4.25,001,011,0,0,1928,1984,2012,1865,1970,1954,42.57,34.1,3383,52.859,84.58,1
2026-09-01T21:17:57.367,1.290,2,100,100,32,32,9.0,8.4,0.23,0.49,0.12,0.02,0.27,-0.03,0.23,0.49,0.00,0.00,4.25,4.25,101,011,0,0,1930,1974,2011,1864,1972,1951,42.57,34.1,3382,52.844,84.55,1
2026-09-01T21:17:57.377,1.300,2,100,100,32,31,8.3,8.9,0.06,0.54,0.06,0.04,0.35,0.05,0.06,0.54,0.00,0.00,4.25,4.25,101,010,0,0,1928,1975,2009,1866,1980,1944,42.57,34.1,3383,52.859,84.58,1
2026-09-01T21:17:57.387,1.311,2,100,100,32,31,9.0,8.5,-0.04,0.40,0.12,0.02,0.20,0.28,-0.04,0.40,0.00,0.00,4.25,4.25,100,010,0,0,1932,1973,2003,1865,1978,1942,42.57,34.1,3383,52.859,84.58,1
2026-09-01T21:17:57.398,1.321,2,100,100,32,31,8.2,8.8,-0.16,0.29,0.06,0.04,0.04,0.28,-0.16,0.29,0.00,0.00,4.25,4.25,100,110,0,0,1941,1980,1997,1868,1982,1942,42.57,34.1,3384,52.875,84.60,1
2026-09-01T21:17:57.408,1.332,2,100,100,32,31,9.0,8.7,-0.12,0.12,0.10,0.02,-0.13,0.37,-0.12,0.12,0.00,0.00,4.25,4.25,110,110,0,0,1941,1984,1990,1865,1980,1940,42.57,34.1,3384,52.875,84.60,1
2026-09-01T21:17:57.418,1.342,2,100,100,32,31,8.3,8.8,0.02,-0.03,0.26,0.10,-0.17,0.22,0.02,-0.03,0.00,0.00,4.25,4.25,110,100,0,0,1927,1985,1995,1864,1972,1935,42.57,34.1,3384,52.875,84.60,1
2026-09-01T21:17:57.429,1.352,2,100,100,32,31,9.0,8.7,0.13,-0.07,0.08,-0.06,-0.38,0.15,0.13,-0.07,0.00,0.00,4.25,4.25,010,100,0,0,1930,1995,1995,1864,1972,1935,42.57,34.1,3385,52.891,84.62,1
2026-09-01T21:17:57.439,1.362,2,100,100,32,31,8.2,8.9,0.21,-0.15,0.06,0.06,-0.26,-0.15,0.21,-0.15,0.00,0.00,4.25,4.25,010,101,0,0,1926,1988,2001,1865,1960,1944,42.57,34.1,3384,52.875,84.60,1
2026-09-01T21:17:57.449,1.373,2,100,100,31,31,9.0,8.6,0.43,-0.08,0.10,0.02,-0.25,-0.22,0.43,-0.08,0.00,0.00,4.25,4.25,011,101,0,0,1930,1992,2003,1864,1962,1946,42.57,34.1,3385,52.891,84.62,1
2026-09-01T21:17:57.460,1.383,2,100,100,31,31,8.4,8.8,0.47,0.08,0.06,0.04,-0.03,-0.35,0.47,0.08,0.00,0.00,4.25,4.25,011,001,0,0,1928,1989,2006,1865,1960,1951,42.57,34.1,3381,52.828,84.53,1
2026-09-01T21:17:57.470,1.394,2,100,100,31,31,9.0,8.7,0.60,0.21,0.12,0.04,0.06,-0.26,0.60,0.21,0.00,0.00,4.25,4.25,001,001,0,0,1931,1984,2013,1864,1964,1951,42.57,34.1,3383,52.859,84.58,1
2026-09-01T21:17:57.480,1.404,2,100,100,31,31,8.4,8.7,0.42,0.35,0.08,0.04,0.32,-0.27,0.42,0.35,0.00,0.00,4.25,4.25,001,011,0,0,1928,1984,2013,1865,1970,1950,42.57,34.1,3381,52.828,84.53,1
2026-09-01T21:17:57.491,1.414,2,100,100,32,31,9.0,8.7,0.24,0.57,0.10,0.04,0.26,-0.06,0.24,0.57,0.00,0.00,4.25,4.25,101,011,0,0,1930,1973,2013,1864,1972,1954,42.57,34.1,3383,52.859,84.58,1
2026-09-01T21:17:57.501,1.425,2,100,100,32,31,8.3,8.7,0.07,0.53,0.06,0.04,0.38,0.00,0.07,0.53,0.00,0.00,4.25,4.25,101,010,0,0,1929,1973,2009,1868,1982,1946,42.57,34.1,3381,52.828,84.53,1
2026-09-01T21:17:57.512,1.435,2,100,100,32,31,9.0,8.7,-0.03,0.44,0.10,0.04,0.22,0.24,-0.03,0.44,0.00,0.00,4.25,4.25,100,010,0,0,1931,1973,2005,1865,1980,1944,42.57,34.1,3383,52.859,84.58,1
2026-09-01T21:17:57.522,1.445,2,100,100,32,31,8.3,8.6,-0.13,0.30,0.08,0.06,0.09,0.29,-0.13,0.30,0.00,0.00,4.25,4.25,100,110,0,0,1927,1977,2003,1865,1980,1938,42.57,34.1,3384,52.875,84.60,1
2026-09-01T21:17:57.535,1.459,2,100,100,32,31,9.0,8.9,-0.11,0.16,0.10,0.02,-0.13,0.37,-0.11,0.16,0.00,0.00,4.25,4.25,110,110,0,0,1927,1981,1995,1864,1980,1935,42.57,34.1,3385,52.891,84.62,1
2026-09-01T21:17:57.543,1.466,2,100,100,32,31,8.3,8.5,-0.01,-0.02,0.06,0.04,-0.18,0.22,-0.01,-0.02,0.00,0.00,4.25,4.25,110,100,0,0,1925,1985,1995,1863,1972,1935,42.57,34.1,3384,52.875,84.60,1
2026-09-01T21:17:57.553,1.477,2,100,100,32,31,9.0,8.9,0.14,-0.05,0.06,0.04,-0.36,0.18,0.14,-0.05,0.00,0.00,4.25,4.25,010,100,0,0,1928,1993,1993,1865,1972,1934,42.57,34.1,3384,52.875,84.60,1
2026-09-01T21:17:57.563,1.487,2,100,100,32,31,8.3,8.6,0.22,-0.15,0.06,-0.06,-0.32,-0.10,0.22,-0.15,0.00,0.00,4.25,4.25,010,101,0,0,1926,1991,2001,1864,1964,1946,42.57,34.1,3384,52.875,84.60,1
2026-09-01T21:17:57.574,1.497,2,100,100,31,31,8.9,8.9,0.39,-0.09,0.26,0.10,-0.25,-0.20,0.39,-0.09,0.00,0.00,4.25,4.25,011,101,0,0,1930,1992,2005,1864,1964,1946,42.57,34.1,3384,52.875,84.60,1
2026-09-01T21:17:57.584,1.508,2,100,100,31,31,8.5,8.5,0.50,0.01,0.24,0.06,-0.03,-0.34,0.50,0.01,0.00,0.00,4.25,4.25,011,001,0,0,1925,1991,2007,1864,1964,1952,42.57,34.1,3381,52.828,84.53,1
2026-09-01T21:17:57.594,1.518,2,100,100,31,31,8.9,8.9,0.60,0.24,0.00,-0.06,0.05,-0.28,0.60,0.24,0.00,0.00,4.25,4.25,001,001,0,0,1927,1985,2016,1865,1959,1951,42.57,34.1,3383,52.859,84.58,1
2026-09-01T21:17:57.605,1.528,2,100,100,31,31,8.5,8.4,0.42,0.30,0.06,0.04,0.31,-0.27,0.42,0.30,0.00,0.00,4.25,4.25,001,011,0,0,1938,1985,2007,1867,1974,1956,42.57,34.1,3381,52.828,84.53,1
2026-09-01T21:17:57.615,1.539,2,100,100,32,31,9.0,8.9,0.24,0.56,0.06,0.04,0.25,-0.11,0.24,0.56,0.00,0.00,4.25,4.25,101,011,0,0,1928,1973,2011,1865,1970,1954,42.57,34.1,3383,52.859,84.58,1
2026-09-01T21:17:57.625,1.549,2,100,100,32,31,8.4,8.3,0.09,0.54,0.04,0.02,0.33,0.00,0.09,0.54,0.00,0.00,4.25,4.25,101,010,0,0,1926,1973,2009,1864,1978,1946,42.57,34.1,3382,52.844,84.55,1
2026-09-01T21:17:57.636,1.559,2,100,100,32,31,8.9,9.0,-0.04,0.51,0.04,0.04,0.22,0.20,-0.04,0.51,0.00,0.00,4.25,4.25,100,010,0,0,1928,1973,2003,1865,1982,1946,42.57,34.1,3383,52.859,84.58,1
2026-09-01T21:17:57.646,1.570,2,100,100,32,31,8.4,8.2,-0.17,0.28,0.02,0.02,0.13,0.28,-0.17,0.28,0.00,0.00,4.25,4.25,100,110,0,0,1930,1977,2003,1864,1978,1940,42.57,34.1,3384,52.875,84.60,1
2026-09-01T21:17:57.656,1.580,2,100,100,32,31,8.9,9.0,-0.12,0.22,0.06,0.06,-0.12,0.36,-0.12,0.22,0.00,0.00,4.25,4.25,110,110,0,0,1928,1981,1996,1865,1982,1935,42.57,34.1,3384,52.875,84.60,1
2026-09-01T21:17:57.667,1.590,2,100,100,32,31,8.5,8.1,0.00,-0.03,0.34,0.10,-0.16,0.31,0.00,-0.03,0.00,0.00,4.25,4.25,110,100,0,0,1930,1985,1996,1862,1974,1938,42.57,34.1,3384,52.875,84.60,1
2026-09-01T21:17:57.677,1.601,2,100,100,31,31,8.8,9.0,0.05,0.01,0.02,-0.04,-0.37,0.17,0.05,0.01,0.00,0.00,4.25,4.25,010,100,0,0,1928,1993,1997,1864,1972,1934,42.57,34.1,3384,52.875,84.60,1
2026-09-01T21:17:57.688,1.611,2,100,100,31,31,8.7,8.1,0.25,-0.19,0.14,0.02,-0.25,-0.02,0.25,-0.19,0.00,0.00,4.25,4.25,010,101,0,0,1930,1991,2009,1858,1964,1938,42.57,34.1,3384,52.875,84.60,1
2026-09-01T21:17:57.698,1.621,2,100,100,31,31,8.8,9.0,0.37,-0.07,0.06,0.04,-0.26,-0.17,0.37,-0.07,0.00,0.00,4.25,4.25,011,101,0,0,1928,1989,2004,1865,1960,1944,42.57,34.1,3385,52.891,84.62,1
2026-09-01T21:17:57.708,1.632,2,100,100,31,31,8.7,8.0,0.53,-0.04,0.12,0.02,-0.07,-0.26,0.53,-0.04,0.00,0.00,4.25,4.25,011,001,0,0,1931,1991,2005,1864,1964,1948,42.57,34.1,3381,52.828,84.53,1
2026-09-01T21:17:57.719,1.642,2,100,100,31,31,8.9,9.0,0.56,0.21,0.06,0.06,0.02,-0.31,0.56,0.21,0.00,0.00,4.25,4.25,001,001,0,0,1928,1984,2013,1866,1962,1956,42.57,34.1,3383,52.859,84.58,1
2026-09-01T21:17:57.729,1.653,2,100,100,31,31,8.6,7.8,0.54,0.15,0.04,0.00,0.33,-0.13,0.54,0.15,0.00,0.00,4.25,4.25,001,001,0,0,1932,1984,2015,1866,1946,1944,42.57,34.1,3375,52.734,84.38,1
2026-09-01T21:17:57.739,1.663,2,100,100,31,31,8.8,9.0,0.23,0.55,0.06,0.06,0.25,-0.21,0.23,0.55,0.00,0.00,4.25,4.25,101,011,0,0,1927,1977,2011,1865,1970,1956,42.57,34.1,3381,52.828,84.53,1
2026-09-01T21:17:57.750,1.673,2,100,100,31,31,8.7,7.9,0.13,0.51,0.34,0.08,0.34,0.00,0.13,0.51,0.00,0.00,4.25,4.25,101,010,0,0,1929,1975,2016,1863,1976,1950,42.57,34.1,3380,52.812,84.50,1
2026-09-01T21:17:57.760,1.684,2,100,100,32,31,8.9,9.0,-0.04,0.52,0.06,0.02,0.23,0.13,-0.04,0.52,0.00,0.00,4.25,4.25,100,010,0,0,1928,1973,2003,1864,1982,1946,42.57,34.1,3383,52.859,84.58,1
2026-09-01T21:17:57.770,1.694,2,100,100,32,31,8.5,7.9,-0.15,0.33,0.12,0.02,0.14,0.24,-0.15,0.33,0.00,0.00,4.25,4.25,100,010,0,0,1929,1975,2016,1859,1976,1934,42.57,34.1,3383,52.859,84.58,1
2026-09-01T21:17:57.781,1.704,2,100,100,32,31,8.9,9.0,-0.15,0.26,0.06,0.04,-0.11,0.32,-0.15,0.26,0.00,0.00,4.25,4.25,110,110,0,0,1928,1984,1997,1866,1982,1934,42.57,34.1,3385,52.891,84.62,1
2026-09-01T21:17:57.791,1.715,2,100,100,32,31,8.6,8.1,0.00,0.03,0.14,0.04,-0.16,0.33,0.00,0.03,0.00,0.00,4.25,4.25,110,110,0,0,1930,1984,1993,1864,1975,1935,42.57,34.1,3385,52.891,84.62,1
2026-09-01T21:17:57.801,1.725,2,100,100,31,31,8.7,9.0,0.04,0.01,0.06,0.06,-0.34,0.19,0.04,0.01,0.00,0.00,4.25,4.25,010,100,0,0,1928,1991,1995,1866,1970,1932,42.57,34.1,3384,52.875,84.60,1
2026-09-01T21:17:57.812,1.735,2,100,100,31,31,8.8,8.3,0.24,-0.08,0.14,0.04,-0.31,0.14,0.24,-0.08,0.00,0.00,4.26,4.26,010,100,0,0,1930,1993,1995,1864,1967,1935,42.60,34.1,3385,52.891,84.62,1
2026-09-01T21:17:57.823,1.746,2,100,100,32,31,8.8,9.0,0.34,-0.14,0.26,0.12,-0.26,-0.17,0.34,-0.14,0.00,0.00,4.26,4.26,011,101,0,0,1925,1991,2005,1864,1962,1946,42.60,34.1,3384,52.875,84.60,1
2026-09-01T21:17:57.832,1.756,2,100,100,32,31,8.7,8.2,0.48,-0.06,0.06,0.02,-0.05,-0.27,0.48,-0.06,0.00,0.00,4.26,4.26,011,101,0,0,1928,1989,2003,1864,1962,1948,42.60,34.1,3385,52.891,84.62,1
2026-09-01T21:17:57.843,1.766,2,100,100,31,31,8.8,9.0,0.55,0.17,0.06,0.06,0.01,-0.34,0.55,0.17,0.00,0.00,4.26,4.26,001,001,0,0,1927,1984,2011,1865,1960,1954,42.60,34.1,3381,52.828,84.53,1
2026-09-01T21:17:57.853,1.777,2,100,100,31,31,8.7,8.4,0.53,0.24,0.06,0.04,0.30,-0.24,0.53,0.24,0.00,0.00,4.26,4.26,001,001,0,0,1927,1984,2013,1865,1964,1951,42.60,34.1,3382,52.844,84.55,1
2026-09-01T21:17:57.863,1.787,2,100,100,31,31,8.8,8.9,0.24,0.46,0.00,0.02,0.25,-0.26,0.24,0.46,0.00,0.00,4.26,4.26,101,011,0,0,1927,1977,2011,1865,1970,1952,42.60,34.1,3381,52.828,84.53,1
2026-09-01T21:17:57.874,1.797,2,100,100,31,31,8.7,8.4,0.12,0.55,0.24,0.08,0.34,-0.02,0.12,0.55,0.00,0.00,4.26,4.26,101,011,0,0,1927,1975,2013,1865,1972,1952,42.60,34.1,3382,52.844,84.55,1
2026-09-01T21:17:57.884,1.808,2,100,100,32,31,8.7,9.0,-0.05,0.53,0.00,0.04,0.28,0.04,-0.05,0.53,0.00,0.00,4.26,4.26,100,010,0,0,1926,1975,2005,1864,1982,1944,42.60,34.1,3382,52.844,84.55,1
2026-09-01T21:17:57.894,1.818,2,100,100,32,31,8.8,8.4,-0.11,0.37,0.06,0.04,0.19,0.27,-0.11,0.37,0.00,0.00,4.26,4.26,100,010,0,0,1927,1973,2017,1860,1975,1940,42.60,34.1,3383,52.859,84.58,1
2026-09-01T21:17:57.905,1.828,2,100,100,32,31,8.8,8.9,-0.15,0.29,0.14,0.06,-0.09,0.30,-0.15,0.29,0.00,0.00,4.26,4.26,110,110,0,0,1926,1984,1997,1865,1980,1935,42.60,34.1,3384,52.875,84.60,1
2026-09-01T21:17:57.915,1.839,2,100,100,32,31,8.7,8.6,-0.01,0.10,0.02,0.04,-0.15,0.39,-0.01,0.10,0.00,0.00,4.26,4.26,110,110,0,0,1926,1984,1995,1865,1980,1935,42.60,34.1,3385,52.891,84.62,1
2026-09-01T21:17:57.926,1.849,2,100,100,31,31,8.7,8.8,0.02,0.01,0.10,0.02,-0.38,0.18,0.02,0.01,0.00,0.00,4.26,4.26,010,100,0,0,1930,1991,1995,1864,1972,1934,42.60,34.1,3383,52.859,84.58,1
2026-09-01T21:17:57.936,1.860,2,100,100,31,31,8.8,8.8,0.25,-0.06,0.06,0.04,-0.28,0.18,0.25,-0.06,0.00,0.00,4.26,4.26,010,100,0,0,1926,1991,2007,1860,1970,1928,42.60,34.1,3385,52.891,84.62,1
2026-09-01T21:17:57.946,1.870,2,100,100,31,31,8.6,8.8,0.32,-0.13,0.10,0.02,-0.27,-0.12,0.32,-0.13,0.00,0.00,4.26,4.26,011,101,0,0,1930,1988,2003,1864,1962,1944,42.60,34.1,3383,52.859,84.58,1
2026-09-01T21:17:57.958,1.881,2,100,100,31,31,8.9,8.7,0.48,-0.07,0.06,0.02,-0.08,-0.19,0.48,-0.07,0.00,0.00,4.26,4.26,011,101,0,0,1928,1991,2003,1865,1962,1946,42.60,34.1,3384,52.875,84.60,1
2026-09-01T21:17:57.967,1.891,2,100,100,32,31,8.7,8.8,0.58,0.11,0.12,0.04,0.00,-0.32,0.58,0.11,0.00,0.00,4.26,4.26,001,001,0,0,1929,1984,2013,1864,1960,1956,42.60,34.1,3380,52.812,84.50,1
2026-09-01T21:17:57.977,1.901,2,100,100,32,31,8.8,8.7,0.54,0.22,0.04,-0.06,0.29,-0.24,0.54,0.22,0.00,0.00,4.26,4.26,001,001,0,0,1927,1984,2016,1864,1964,1954,42.60,34.1,3383,52.859,84.58,1
2026-09-01T21:17:57.988,1.911,2,100,100,31,31,8.6,8.7,0.24,0.36,0.28,0.08,0.26,-0.27,0.24,0.36,0.00,0.00,4.26,4.26,101,011,0,0,1925,1977,2011,1864,1972,1952,42.60,34.1,3380,52.812,84.50,1
2026-09-01T21:17:57.998,1.922,2,100,100,31,31,8.8,8.8,0.16,0.58,0.06,0.04,0.33,-0.06,0.16,0.58,0.00,0.00,4.26,4.26,101,011,0,0,1927,1973,2013,1866,1970,1956,42.60,34.1,3383,52.859,84.58,1
2026-09-01T21:17:58.008,1.932,2,100,100,31,31,8.6,8.7,-0.03,0.51,0.12,0.04,0.29,-0.01,-0.03,0.51,0.00,0.00,4.26,4.26,100,010,0,0,1931,1975,2007,1865,1980,1944,42.60,34.1,3380,52.812,84.50,1
2026-09-01T21:17:58.019,1.942,2,100,100,31,31,8.9,8.8,-0.12,0.46,0.06,0.04,0.21,0.24,-0.12,0.46,0.00,0.00,4.26,4.26,100,010,0,0,1928,1973,2005,1865,1980,1944,42.60,34.1,3383,52.859,84.58,1
2026-09-01T21:17:58.029,1.953,2,100,100,32,31,8.7,8.6,-0.21,0.30,0.06,0.02,-0.09,0.27,-0.21,0.30,0.00,0.00,4.26,4.26,110,110,0,0,1930,1984,1998,1865,1980,1938,42.60,34.1,3383,52.859,84.58,1
2026-09-01T21:17:58.040,1.963,2,100,100,32,31,8.8,8.9,-0.02,0.16,0.06,0.04,-0.16,0.36,-0.02,0.16,0.00,0.00,4.26,4.26,110,110,0,0,1938,1984,1995,1866,1982,1937,42.60,34.1,3384,52.875,84.60,1
2026-09-01T21:17:58.050,1.973,2,100,100,31,31,8.5,8.4,0.04,0.04,0.10,0.02,-0.31,0.28,0.04,0.04,0.00,0.00,4.26,4.26,010,100,0,0,1931,1989,1993,1864,1974,1934,42.60,34.1,3383,52.859,84.58,1
2026-09-01T21:17:58.060,1.984,2,100,100,31,31,8.9,9.0,0.23,-0.01,0.06,0.06,-0.30,0.19,0.23,-0.01,0.00,0.00,4.26,4.26,010,100,0,0,1928,1993,1993,1866,1972,1932,42.60,34.1,3385,52.891,84.62,1
2026-09-01T21:17:58.070,1.994,2,100,100,31,31,8.6,8.5,0.32,-0.19,0.10,0.02,-0.28,-0.09,0.32,-0.19,0.00,0.00,4.26,4.26,011,101,0,0,1930,1989,2003,1864,1964,1944,42.60,34.1,3383,52.859,84.58,1
2026-09-01T21:17:58.081,2.004,2,100,100,31,31,8.9,8.9,0.45,-0.09,0.02,0.02,-0.09,-0.19,0.45,-0.09,0.00,0.00,4.26,4.26,011,101,0,0,1928,1991,2005,1865,1962,1946,42.60,34.1,3385,52.891,84.62,1
2026-09-01T21:17:58.091,2.015,2,100,100,31,31,8.5,8.4,0.55,0.06,0.10,-0.08,-0.01,-0.28,0.55,0.06,0.00,0.00,4.26,4.26,001,001,0,0,1927,1987,2013,1865,1964,1954,42.60,34.1,3380,52.812,84.50,1
2026-09-01T21:17:58.101,2.025,2,100,100,31,31,8.9,9.0,0.56,0.21,0.08,0.06,0.24,-0.28,0.56,0.21,0.00,0.00,4.26,4.26,001,001,0,0,1928,1984,2016,1865,1962,1951,42.60,34.1,3383,52.859,84.58,1
2026-09-01T21:17:58.112,2.035,2,100,100,31,31,8.6,8.1,0.29,0.41,0.04,0.04,0.27,0.09,0.29,0.41,0.00,0.00,4.26,4.26,101,011,0,0,1947,1979,2003,1869,1960,1964,42.60,34.1,3380,52.812,84.50,1
2026-09-01T21:17:58.122,2.046,2,100,100,31,31,8.9,9.0,0.17,0.55,0.06,0.04,0.33,-0.16,0.17,0.55,0.00,0.00,4.26,4.26,101,011,0,0,1937,1975,2007,1868,1974,1962,42.60,34.1,3383,52.859,84.58,1
2026-09-01T21:17:58.136,2.059,2,100,100,32,31,8.6,8.2,-0.04,0.49,0.04,0.04,0.28,0.00,-0.04,0.49,0.00,0.00,4.26,4.26,100,010,0,0,1927,1975,2007,1865,1976,1948,42.60,34.1,3380,52.812,84.50,1
2026-09-01T21:17:58.143,2.066,2,100,100,32,31,8.9,9.0,-0.14,0.50,0.06,0.06,0.20,0.18,-0.14,0.50,0.00,0.00,4.26,4.26,100,010,0,0,1928,1975,2003,1865,1980,1946,42.60,34.1,3382,52.844,84.55,1
2026-09-01T21:17:58.153,2.077,2,100,100,32,31,8.6,8.1,-0.22,0.29,0.02,0.02,-0.05,0.35,-0.22,0.29,0.00,0.00,4.26,4.26,110,110,0,0,1927,1979,2001,1865,1976,1940,42.60,34.1,3382,52.844,84.55,1
2026-09-01T21:17:58.164,2.087,2,100,100,32,31,8.9,9.1,-0.03,0.24,0.02,0.02,-0.14,0.35,-0.03,0.24,0.00,0.00,4.26,4.26,110,110,0,0,1926,1984,1997,1865,1983,1935,42.60,34.1,3385,52.891,84.62,1
2026-09-01T21:17:58.174,2.097,2,100,100,32,31,8.6,7.8,0.04,0.20,0.04,0.04,-0.36,0.28,0.04,0.20,0.00,0.00,4.26,4.26,010,110,0,0,1927,1993,1996,1866,1986,1944,42.60,34.1,3376,52.750,84.40,1
2026-09-01T21:17:58.184,2.108,2,100,100,32,30,8.8,9.0,0.20,0.00,0.08,0.02,-0.31,0.18,0.20,0.00,0.00,0.00,4.26,4.26,010,100,0,0,1930,1991,1995,1865,1972,1932,42.60,34.1,3385,52.891,84.62,1
2026-09-01T21:17:58.195,2.118,2,100,100,31,31,8.5,7.9,0.31,-0.15,0.28,0.10,-0.25,0.11,0.31,-0.15,0.00,0.00,4.26,4.26,011,101,0,0,1926,1991,2005,1864,1968,1940,42.60,34.1,3381,52.828,84.53,1
2026-09-01T21:17:58.205,2.129,2,100,100,31,31,8.9,9.0,0.47,-0.10,0.02,0.04,-0.10,-0.17,0.47,-0.10,0.00,0.00,4.26,4.26,011,101,0,0,1926,1991,2000,1868,1966,1950,42.60,34.1,3384,52.875,84.60,1
2026-09-01T21:17:58.215,2.139,2,100,100,31,31,8.4,7.8,0.49,-0.08,0.04,0.06,0.00,-0.19,0.49,-0.08,0.00,0.00,4.26,4.26,001,101,0,0,1928,1985,2009,1865,1966,1938,42.60,34.1,3377,52.766,84.42,1
2026-09-01T21:17:58.226,2.149,2,100,100,31,31,9.0,9.0,0.58,0.20,0.10,0.04,0.23,-0.32,0.58,0.20,0.00,0.00,4.26,4.26,001,001,0,0,1932,1984,2013,1865,1960,1954,42.60,34.1,3383,52.859,84.58,1
2026-09-01T21:17:58.236,2.160,2,100,100,32,31,8.6,8.0,0.27,0.26,0.06,0.06,0.25,-0.26,0.27,0.26,0.00,0.00,4.26,4.26,101,001,0,0,1928,1977,2011,1865,1964,1949,42.60,34.1,3381,52.828,84.53,1
2026-09-01T21:17:58.246,2.170,2,100,100,32,31,8.8,9.0,0.13,0.49,0.12,0.04,0.33,-0.23,0.13,0.49,0.00,0.00,4.26,4.26,101,011,0,0,1940,1977,2007,1867,1974,1958,42.60,34.1,3383,52.859,84.58,1
2026-09-01T21:17:58.257,2.180,2,100,100,31,31,8.5,8.2,-0.01,0.53,0.06,0.04,0.27,0.00,-0.01,0.53,0.00,0.00,4.26,4.26,100,011,0,0,1928,1975,2007,1865,1972,1951,42.60,34.1,3381,52.828,84.53,1
2026-09-01T21:17:58.267,2.191,2,100,100,31,31,8.9,9.0,-0.09,0.55,0.12,0.04,0.21,0.09,-0.09,0.55,0.00,0.00,4.26,4.26,100,010,0,0,1930,1973,2004,1864,1982,1944,42.60,34.1,3383,52.859,84.58,1
2026-09-01T21:17:58.277,2.201,2,100,100,32,31,8.6,8.2,-0.22,0.35,0.06,0.04,-0.05,0.31,-0.22,0.35,0.00,0.00,4.26,4.26,110,010,0,0,1929,1980,1997,1866,1978,1943,42.60,34.1,3381,52.828,84.53,1
2026-09-01T21:17:58.288,2.211,2,100,100,32,31,8.9,9.0,-0.05,0.26,0.12,0.04,-0.16,0.30,-0.05,0.26,0.00,0.00,4.26,4.26,110,110,0,0,1931,1981,1991,1869,1983,1942,42.60,34.1,3384,52.875,84.60,1
2026-09-01T21:17:58.298,2.222,2,100,100,32,31,8.6,8.3,0.04,0.08,0.06,0.04,-0.33,0.34,0.04,0.08,0.00,0.00,4.26,4.26,010,110,0,0,1928,1991,2009,1860,1976,1932,42.60,34.1,3384,52.875,84.60,1
2026-09-01T21:17:58.310,2.233,2,100,100,32,31,8.8,8.9,0.21,0.00,0.10,0.04,-0.29,0.19,0.21,0.00,0.00,0.00,4.26,4.26,010,100,0,0,1930,1991,2009,1860,1967,1930,42.60,34.1,3385,52.891,84.62,1
2026-09-01T21:17:58.319,2.242,2,100,100,31,31,8.5,8.5,0.30,-0.10,0.08,0.08,-0.28,0.16,0.30,-0.10,0.00,0.00,4.26,4.26,011,100,0,0,1944,2001,2000,1868,1976,1942,42.60,34.1,3384,52.875,84.60,1
2026-09-01T21:17:58.329,2.253,2,100,100,31,31,8.9,8.9,0.48,-0.15,0.10,0.02,-0.10,-0.14,0.48,-0.15,0.00,0.00,4.26,4.26,011,101,0,0,1930,1992,2005,1865,1962,1944,42.60,34.1,3385,52.891,84.62,1
2026-09-01T21:17:58.340,2.263,2,100,100,32,31,8.4,8.6,0.49,-0.02,0.02,0.04,-0.01,-0.17,0.49,-0.02,0.00,0.00,4.26,4.26,001,101,0,0,1927,1985,2009,1865,1960,1944,42.60,34.1,3384,52.875,84.60,1
2026-09-01T21:17:58.350,2.273,2,100,100,32,31,9.0,8.9,0.58,0.11,0.10,0.02,0.23,-0.32,0.58,0.11,0.00,0.00,4.26,4.26,001,001,0,0,1931,1984,2013,1865,1962,1954,42.60,34.1,3383,52.859,84.58,1
2026-09-01T21:17:58.360,2.284,2,100,100,32,31,8.6,8.5,0.27,0.22,0.04,0.04,0.28,-0.25,0.27,0.22,0.00,0.00,4.26,4.26,101,001,0,0,1927,1977,2011,1865,1964,1950,42.60,34.1,3381,52.828,84.53,1
2026-09-01T21:17:58.371,2.294,2,100,100,32,31,8.9,8.8,0.13,0.38,0.10,0.02,0.33,-0.27,0.13,0.38,0.00,0.00,4.26,4.26,101,011,0,0,1931,1975,2011,1864,1970,1951,42.60,34.1,3383,52.859,84.58,1
2026-09-01T21:17:58.381,2.304,2,100,100,32,31,8.6,8.7,-0.03,0.58,0.04,0.04,0.22,-0.02,-0.03,0.58,0.00,0.00,4.26,4.26,100,011,0,0,1928,1973,2003,1867,1972,1956,42.60,34.1,3381,52.828,84.53,1
2026-09-01T21:17:58.394,2.318,2,100,100,32,31,8.8,8.8,-0.12,0.50,0.12,0.04,0.20,0.00,-0.12,0.50,0.00,0.00,4.26,4.26,100,010,0,0,1932,1972,2002,1868,1980,1946,42.60,34.1,3381,52.828,84.53,1
2026-09-01T21:17:58.402,2.325,2,100,100,32,31,8.5,8.7,-0.23,0.45,0.06,0.04,-0.01,0.27,-0.23,0.45,0.00,0.00,4.26,4.26,110,010,0,0,1928,1980,1998,1865,1980,1946,42.60,34.1,3381,52.828,84.53,1
2026-09-01T21:17:58.412,2.336,2,100,100,32,31,8.9,8.8,-0.03,0.28,0.02,0.04,-0.14,0.29,-0.03,0.28,0.00,0.00,4.26,4.26,110,110,0,0,1928,1984,1995,1864,1978,1936,42.60,34.1,3384,52.875,84.60,1
2026-09-01T21:17:58.422,2.346,2,100,100,32,31,8.5,8.7,0.01,0.13,0.06,0.04,-0.31,0.36,0.01,0.13,0.00,0.00,4.26,4.26,010,110,0,0,1928,1989,1997,1865,1980,1935,42.60,34.1,3384,52.875,84.60,1
2026-09-01T21:17:58.433,2.356,2,100,100,32,31,8.9,8.7,0.21,0.00,0.06,0.04,-0.29,0.21,0.21,0.00,0.00,0.00,4.26,4.26,010,100,0,0,1925,1991,2009,1860,1970,1932,42.60,34.1,3384,52.875,84.60,1
2026-09-01T21:17:58.443,2.367,2,100,100,32,31,8.5,8.8,0.30,-0.04,0.06,0.04,-0.31,0.18,0.30,-0.04,0.00,0.00,4.26,4.26,011,100,0,0,1932,2006,2013,1860,1976,1940,42.60,34.1,3384,52.875,84.60,1
2026-09-01T21:17:58.454,2.377,2,100,100,32,31,8.9,8.7,0.48,-0.19,0.06,0.02,-0.08,-0.11,0.48,-0.19,0.00,0.00,4.26,4.26,011,101,0,0,1927,1993,2005,1865,1964,1944,42.60,34.1,3384,52.875,84.60,1
2026-09-01T21:17:58.464,2.387,2,100,100,31,31,8.4,8.8,0.45,-0.06,0.28,0.10,0.03,-0.19,0.45,-0.06,0.00,0.00,4.26,4.26,001,101,0,0,1929,1987,2009,1864,1964,1946,42.60,34.1,3384,52.875,84.60,1
2026-09-01T21:17:58.474,2.398,2,100,100,31,31,9.0,8.6,0.60,0.05,0.06,0.04,0.22,-0.30,0.60,0.05,0.00,0.00,4.26,4.26,001,001,0,0,1929,1981,2016,1866,1964,1951,42.60,34.1,3381,52.828,84.53,1
2026-09-01T21:17:58.484,2.408,2,100,100,32,31,8.6,8.9,0.28,0.22,0.10,0.02,0.27,-0.27,0.28,0.22,0.00,0.00,4.26,4.26,101,001,0,0,1931,1977,2010,1865,1964,1951,42.60,34.1,3381,52.828,84.53,1
2026-09-01T21:17:58.495,2.418,2,100,100,32,31,8.9,8.5,0.14,0.30,0.06,0.04,0.33,-0.26,0.14,0.30,0.00,0.00,4.26,4.26,101,011,0,0,1937,1977,2007,1867,1972,1956,42.60,34.1,3381,52.828,84.53,1
2026-09-01T21:17:58.505,2.429,2,100,100,32,31,8.6,8.9,-0.06,0.54,0.02,-0.06,0.25,-0.08,-0.06,0.54,0.00,0.00,4.26,4.26,100,011,0,0,1930,1979,2007,1865,1972,1958,42.60,34.1,3381,52.828,84.53,1
2026-09-01T21:17:58.516,2.439,2,100,100,32,31,8.8,8.5,-0.15,0.51,0.06,0.04,0.20,-0.01,-0.15,0.51,0.00,0.00,4.26,4.26,100,010,0,0,1927,1975,2003,1865,1980,1944,42.60,34.1,3381,52.828,84.53,1
2026-09-01T21:17:58.526,2.449,2,100,100,32,31,8.5,8.9,-0.25,0.48,0.10,0.02,-0.03,0.23,-0.25,0.48,0.00,0.00,4.26,4.26,110,010,0,0,1930,1981,2000,1865,1980,1944,42.60,34.1,3381,52.828,84.53,1
2026-09-01T21:17:58.538,2.462,2,100,100,32,31,8.9,8.3,-0.01,0.31,0.06,0.04,-0.13,0.35,-0.01,0.31,0.00,0.00,4.26,4.26,110,110,0,0,1938,1984,1995,1864,1978,1942,42.60,34.1,3384,52.875,84.60,1
2026-09-01T21:17:58.547,2.470,2,100,100,32,31,8.5,9.0,0.03,0.22,0.10,0.02,-0.29,0.35,0.03,0.22,0.00,0.00,4.26,4.26,010,110,0,0,1941,1991,1991,1867,1983,1940,42.60,34.1,3384,52.875,84.60,1
2026-09-01T21:17:58.557,2.480,2,100,100,32,31,8.9,8.3,0.23,0.01,0.06,0.04,-0.31,0.24,0.23,0.01,0.00,0.00,4.26,4.26,010,100,0,0,1928,1993,1995,1865,1972,1935,42.62,34.1,3384,52.875,84.60,1
2026-09-01T21:17:58.567,2.491,2,100,100,32,31,8.5,9.0,0.29,-0.08,0.14,0.06,-0.28,0.19,0.29,-0.08,0.00,0.00,4.26,4.26,011,100,0,0,1930,1989,2003,1864,1972,1934,42.62,34.1,3384,52.875,84.60,1
2026-09-01T21:17:58.578,2.501,2,100,100,32,31,8.9,8.3,0.51,-0.21,0.06,0.02,-0.10,-0.03,0.51,-0.21,0.00,0.00,4.26,4.26,011,101,0,0,1928,1993,2005,1864,1964,1942,42.62,34.1,3384,52.875,84.60,1
2026-09-01T21:17:58.588,2.512,2,100,100,31,31,8.5,9.0,0.45,-0.05,0.10,0.04,0.00,-0.17,0.45,-0.05,0.00,0.00,4.26,4.26,001,101,0,0,1930,1984,2011,1865,1962,1944,42.62,34.1,3384,52.875,84.60,1
2026-09-01T21:17:58.598,2.522,2,100,100,31,31,8.9,8.1,0.56,-0.02,0.06,0.04,0.24,-0.17,0.56,-0.02,0.00,0.00,4.26,4.26,001,001,0,0,1927,1984,2027,1859,1960,1944,42.62,34.1,3381,52.828,84.53,1
2026-09-01T21:17:58.609,2.532,2,100,100,32,31,8.6,9.0,0.29,0.18,0.12,0.04,0.28,-0.29,0.29,0.18,0.00,0.00,4.26,4.26,101,001,0,0,1932,1978,2025,1859,1960,1948,42.62,34.1,3381,52.828,84.53,1
2026-09-01T21:17:58.619,2.543,2,100,100,32,31,8.9,8.1,0.14,0.29,0.06,0.04,0.32,-0.26,0.14,0.29,0.00,0.00,4.26,4.26,101,011,0,0,1928,1975,2011,1864,1967,1950,42.62,34.1,3382,52.844,84.55,1
2026-09-01T21:17:58.629,2.553,2,100,100,32,31,8.6,9.0,-0.06,0.56,0.08,0.02,0.23,-0.16,-0.06,0.56,0.00,0.00,4.26,4.26,100,011,0,0,1931,1975,2003,1866,1972,1957,42.62,34.1,3381,52.828,84.53,1
2026-09-01T21:17:58.640,2.563,2,100,100,32,31,8.9,8.1,-0.13,0.48,0.06,0.04,0.18,0.00,-0.13,0.48,0.00,0.00,4.26,4.26,100,010,0,0,1928,1975,2005,1865,1976,1948,42.62,34.1,3381,52.828,84.53,1
2026-09-01T21:17:58.650,2.574,2,100,100,32,31,8.6,9.0,-0.22,0.53,0.12,0.06,-0.07,0.17,-0.22,0.53,0.00,0.00,4.26,4.26,110,010,0,0,1931,1984,1999,1865,1980,1944,42.62,34.1,3381,52.828,84.53,1
2026-09-01T21:17:58.660,2.584,2,100,100,32,31,8.9,7.8,-0.09,0.53,0.02,0.04,-0.18,0.30,-0.09,0.53,0.00,0.00,4.26,4.26,110,110,0,0,1928,1984,1995,1865,1970,1974,42.62,34.1,3383,52.859,84.58,1
2026-09-01T21:17:58.673,2.596,2,100,100,31,31,8.4,9.1,0.00,0.25,0.12,0.04,-0.30,0.32,0.00,0.25,0.00,0.00,4.26,4.26,010,110,0,0,1926,1989,1995,1864,1980,1934,42.62,34.1,3384,52.875,84.60,1
2026-09-01T21:17:58.681,2.605,2,100,100,31,31,8.9,8.0,0.24,0.03,0.06,0.02,-0.27,0.33,0.24,0.03,0.00,0.00,4.26,4.26,010,110,0,0,1941,1993,1989,1868,1980,1942,42.62,34.1,3385,52.891,84.62,1
2026-09-01T21:17:58.691,2.615,2,100,100,31,31,8.4,9.1,0.27,-0.02,0.00,-0.06,-0.31,0.18,0.27,-0.02,0.00,0.00,4.26,4.26,011,100,0,0,1929,1989,2005,1862,1972,1934,42.62,34.1,3384,52.875,84.60,1
2026-09-01T21:17:58.702,2.625,2,100,100,31,31,9.0,7.9,0.50,-0.19,0.06,0.02,-0.12,0.05,0.50,-0.19,0.00,0.00,4.26,4.26,011,101,0,0,1928,1993,2004,1865,1968,1939,42.62,34.1,3446,53.844,86.15,1
2026-09-01T21:17:58.712,2.636,2,100,100,32,31,8.5,9.0,0.42,-0.09,0.00,0.04,0.00,-0.17,0.42,-0.09,0.00,0.00,4.26,4.26,001,101,0,0,1926,1984,2009,1865,1960,1946,42.62,34.1,3384,52.875,84.60,1
2026-09-01T21:17:58.723,2.646,2,100,100,32,31,8.9,7.9,0.50,-0.02,0.06,0.02,0.23,-0.27,0.50,-0.02,0.00,0.00,4.26,4.26,001,101,0,0,1928,1984,2013,1865,1962,1948,42.62,34.1,3385,52.891,84.62,1
2026-09-01T21:17:58.734,2.657,2,100,100,31,31,8.5,9.0,0.28,0.17,0.04,0.04,0.27,-0.33,0.28,0.17,0.00,0.00,4.26,4.26,101,001,0,0,1926,1977,2011,1865,1960,1952,42.62,34.1,3381,52.828,84.53,1
2026-09-01T21:17:58.743,2.667,2,100,100,31,31,8.9,8.1,0.19,0.24,0.02,0.04,0.36,-0.25,0.19,0.24,0.00,0.00,4.26,4.26,101,001,0,0,1927,1973,2013,1864,1966,1950,42.62,34.1,3383,52.859,84.58,1
2026-09-01T21:17:58.754,2.677,2,100,100,32,31,8.5,9.0,-0.05,0.48,0.04,0.04,0.26,-0.22,-0.05,0.48,0.00,0.00,4.26,4.26,100,011,0,0,1927,1977,2005,1865,1970,1954,42.62,34.1,3381,52.828,84.53,1
2026-09-01T21:17:58.764,2.687,2,100,100,32,31,8.9,8.2,-0.12,0.49,0.08,0.02,0.19,0.00,-0.12,0.49,0.00,0.00,4.26,4.26,100,011,0,0,1932,1973,2003,1865,1974,1951,42.62,34.1,3383,52.859,84.58,1
2026-09-01T21:17:58.774,2.698,2,100,100,32,31,8.5,9.0,-0.20,0.53,0.06,0.06,-0.05,0.12,-0.20,0.53,0.00,0.00,4.26,4.26,110,010,0,0,1927,1981,2000,1865,1980,1944,42.62,34.1,3381,52.828,84.53,1
2026-09-01T21:17:58.785,2.708,2,100,100,32,31,8.9,8.1,-0.11,0.34,0.02,0.02,-0.18,0.28,-0.11,0.34,0.00,0.00,4.26,4.26,110,010,0,0,1927,1984,1995,1865,1978,1942,42.62,34.1,3383,52.859,84.58,1
2026-09-01T21:17:58.795,2.719,2,100,100,31,31,8.4,9.0,0.02,0.28,0.04,0.06,-0.27,0.31,0.02,0.28,0.00,0.00,4.26,4.26,010,110,0,0,1928,1988,1997,1865,1980,1934,42.62,34.1,3384,52.875,84.60,1
2026-09-01T21:17:58.805,2.729,2,100,100,31,31,9.0,8.4,0.21,0.08,0.10,0.02,-0.32,0.37,0.21,0.08,0.00,0.00,4.26,4.26,010,110,0,0,1930,1993,1995,1865,1980,1938,42.62,34.1,3385,52.891,84.62,1
2026-09-01T21:17:58.816,2.739,2,100,100,32,31,8.4,9.0,0.26,-0.06,0.06,0.06,-0.33,0.21,0.26,-0.06,0.00,0.00,4.26,4.26,011,100,0,0,1927,1989,2003,1865,1972,1935,42.62,34.1,3384,52.875,84.60,1
2026-09-01T21:17:58.826,2.750,2,100,100,32,31,9.0,8.4,0.47,-0.14,0.12,0.02,-0.06,0.15,0.47,-0.14,0.00,0.00,4.26,4.26,011,100,0,0,1932,1991,2003,1864,1970,1935,42.62,34.1,3385,52.891,84.62,1
2026-09-01T21:17:58.836,2.760,2,100,100,32,31,8.4,9.0,0.41,-0.13,0.30,0.10,0.00,-0.16,0.41,-0.13,0.00,0.00,4.26,4.26,001,101,0,0,1926,1985,2010,1865,1962,1946,42.62,34.1,3384,52.875,84.60,1
2026-09-01T21:17:58.847,2.770,2,100,100,32,31,9.0,8.3,0.47,-0.06,0.42,0.10,0.21,-0.23,0.47,-0.06,0.00,0.00,4.26,4.26,001,101,0,0,1930,1984,2016,1864,1964,1948,42.62,34.1,3385,52.891,84.62,1
2026-09-01T21:17:58.857,2.781,2,100,100,32,31,8.5,8.9,0.25,0.10,0.04,0.04,0.25,-0.36,0.25,0.10,0.00,0.00,4.26,4.26,101,001,0,0,1928,1976,2009,1866,1963,1954,42.62,34.1,3381,52.828,84.53,1
2026-09-01T21:17:58.867,2.791,2,100,100,32,31,8.9,8.5,0.18,0.23,0.12,0.04,0.35,-0.26,0.18,0.23,0.00,0.00,4.26,4.26,101,001,0,0,1931,1975,2016,1865,1964,1951,42.62,34.1,3383,52.859,84.58,1
2026-09-01T21:17:58.878,2.801,2,100,100,32,31,8.4,8.9,-0.03,0.40,0.02,0.04,0.26,-0.26,-0.03,0.40,0.00,0.00,4.26,4.26,100,011,0,0,1928,1973,2005,1866,1972,1951,42.62,34.1,3381,52.828,84.53,1
2026-09-01T21:17:58.888,2.812,2,100,100,32,31,8.9,8.5,-0.08,0.51,0.12,0.04,0.18,-0.04,-0.08,0.51,0.00,0.00,4.26,4.26,100,011,0,0,1931,1973,2005,1865,1972,1951,42.62,34.1,3383,52.859,84.58,1
2026-09-01T21:17:58.899,2.822,2,100,100,32,31,8.4,8.9,-0.26,0.53,0.06,0.06,-0.01,0.04,-0.26,0.53,0.00,0.00,4.26,4.26,110,010,0,0,1928,1981,1999,1865,1980,1944,42.62,34.1,3381,52.828,84.53,1
2026-09-01T21:17:58.909,2.832,2,100,100,32,31,8.9,8.5,-0.09,0.40,0.10,0.00,-0.15,0.28,-0.09,0.40,0.00,0.00,4.26,4.26,110,010,0,0,1930,1984,1995,1864,1978,1944,42.62,34.1,3383,52.859,84.58,1
2026-09-01T21:17:58.919,2.843,2,100,100,32,31,8.5,8.8,0.00,0.29,0.08,0.08,-0.32,0.29,0.00,0.29,0.00,0.00,4.26,4.26,010,110,0,0,1928,1989,1997,1865,1980,1938,42.62,34.1,3383,52.859,84.58,1
2026-09-01T21:17:58.930,2.853,2,100,100,32,31,8.9,8.7,0.21,0.15,0.10,0.02,-0.31,0.37,0.21,0.15,0.00,0.00,4.26,4.26,010,110,0,0,1930,1991,1995,1865,1980,1934,42.62,34.1,3385,52.891,84.62,1
2026-09-01T21:17:58.940,2.863,2,100,100,31,31,8.3,8.8,0.32,-0.01,0.08,0.06,-0.25,0.20,0.32,-0.01,0.00,0.00,4.26,4.26,011,100,0,0,1928,1989,2001,1865,1972,1935,42.62,34.1,3383,52.859,84.58,1
2026-09-01T21:17:58.950,2.874,2,100,100,31,31,9.0,8.7,0.50,-0.12,0.02,0.02,-0.14,0.16,0.50,-0.12,0.00,0.00,4.26,4.26,011,100,0,0,1928,1992,2004,1864,1972,1935,42.62,34.1,3384,52.875,84.60,1
2026-09-01T21:17:58.961,2.884,2,100,100,31,31,8.3,8.8,0.51,-0.14,0.12,-0.06,-0.02,-0.12,0.51,-0.14,0.00,0.00,4.26,4.26,001,101,0,0,1926,1985,2009,1865,1964,1946,42.62,34.1,3383,52.859,84.58,1
2026-09-01T21:17:58.971,2.894,2,100,100,31,31,9.0,8.7,0.48,-0.04,0.02,0.04,0.19,-0.18,0.48,-0.04,0.00,0.00,4.26,4.26,001,101,0,0,1928,1984,2025,1860,1960,1940,42.62,34.1,3385,52.891,84.62,1
2026-09-01T21:17:58.981,2.905,2,100,100,32,31,8.5,8.7,0.28,0.06,0.40,0.08,0.27,-0.34,0.28,0.06,0.00,0.00,4.26,4.26,101,001,0,0,1927,1977,2011,1865,1964,1952,42.62,34.1,3380,52.812,84.50,1
2026-09-01T21:17:58.992,2.915,2,100,100,32,31,8.9,8.8,0.15,0.20,0.06,0.04,0.35,-0.29,0.15,0.20,0.00,0.00,4.26,4.26,101,001,0,0,1938,1977,2006,1867,1966,1956,42.62,34.1,3383,52.859,84.58,1
2026-09-01T21:17:59.002,2.926,2,100,100,31,31,8.3,8.7,-0.01,0.37,0.04,0.04,0.29,-0.29,-0.01,0.37,0.00,0.00,4.26,4.26,100,011,0,0,1927,1975,2007,1865,1972,1951,42.62,34.1,3380,52.812,84.50,1
2026-09-01T21:17:59.012,2.936,2,100,100,31,31,9.0,8.7,-0.10,0.52,0.04,0.02,0.21,-0.07,-0.10,0.52,0.00,0.00,4.26,4.26,100,011,0,0,1926,1975,2005,1864,1972,1954,42.62,34.1,3383,52.859,84.58,1
2026-09-01T21:17:59.023,2.946,2,100,100,32,31,8.4,8.6,-0.22,0.53,0.04,0.04,-0.01,0.00,-0.22,0.53,0.00,0.00,4.26,4.26,110,010,0,0,1927,1981,2001,1865,1980,1944,42.62,34.1,3380,52.812,84.50,1
2026-09-01T21:17:59.033,2.957,2,100,100,32,31,9.0,8.8,-0.09,0.46,0.04,0.04,-0.15,0.25,-0.09,0.46,0.00,0.00,4.26,4.26,110,010,0,0,1928,1981,1995,1865,1980,1948,42.62,34.1,3382,52.844,84.55,1
2026-09-01T21:17:59.044,2.967,2,100,100,32,31,8.4,8.5,0.01,0.29,0.04,0.04,-0.32,0.28,0.01,0.29,0.00,0.00,4.26,4.26,010,110,0,0,1932,1990,1991,1866,1982,1942,42.62,34.1,3383,52.859,84.58,1
2026-09-01T21:17:59.054,2.977,2,100,100,32,31,8.9,9.0,0.20,0.20,0.06,0.04,-0.30,0.35,0.20,0.20,0.00,0.00,4.26,4.26,010,110,0,0,1928,1991,1995,1865,1980,1934,42.62,34.1,3385,52.891,84.62,1
2026-09-01T21:17:59.064,2.988,2,100,100,31,31,8.3,8.5,0.31,-0.02,0.02,0.02,-0.32,0.22,0.31,-0.02,0.00,0.00,4.26,4.26,011,100,0,0,1926,1989,2001,1864,1972,1935,42.62,34.1,3383,52.859,84.58,1
2026-09-01T21:17:59.074,2.998,2,100,100,31,31,9.0,8.9,0.52,-0.06,0.06,0.04,-0.15,0.18,0.52,-0.06,0.00,0.00,4.26,4.26,011,100,0,0,1946,1993,1997,1869,1975,1940,42.62,34.1,3385,52.891,84.62,1
2026-09-01T21:17:59.085,3.008,2,100,100,31,31,8.2,8.5,0.45,-0.18,0.00,0.02,0.02,-0.08,0.45,-0.18,0.00,0.00,4.26,4.26,001,101,0,0,1926,1985,2007,1865,1964,1944,42.62,34.1,3383,52.859,84.58,1
2026-09-01T21:17:59.095,3.019,2,100,100,31,31,9.0,8.9,0.54,-0.07,0.02,0.02,0.18,-0.16,0.54,-0.07,0.00,0.00,4.26,4.26,001,101,0,0,1928,1984,2016,1865,1960,1946,42.62,34.1,3385,52.891,84.62,1
2026-09-01T21:17:59.106,3.029,2,100,100,32,31,8.4,8.3,0.31,0.00,0.12,0.04,0.28,-0.28,0.31,0.00,0.00,0.00,4.26,4.26,101,001,0,0,1950,1981,2003,1868,1967,1956,42.62,34.1,3380,52.812,84.50,1
2026-09-01T21:17:59.116,3.039,2,100,100,32,31,9.0,9.0,0.16,0.19,0.04,0.04,0.32,-0.32,0.16,0.19,0.00,0.00,4.26,4.26,101,001,0,0,1927,1975,2012,1865,1964,1951,42.62,34.1,3383,52.859,84.58,1
2026-09-01T21:17:59.126,3.050,2,100,100,32,31,8.4,8.3,-0.02,0.31,0.10,0.02,0.24,-0.29,-0.02,0.31,0.00,0.00,4.26,4.26,100,011,0,0,1929,1975,2007,1864,1968,1950,42.62,34.1,3380,52.812,84.50,1
2026-09-01T21:17:59.137,3.060,2,100,100,32,31,8.9,9.0,-0.09,0.57,0.04,0.04,0.16,-0.13,-0.09,0.57,0.00,0.00,4.26,4.26,100,011,0,0,1928,1974,2005,1866,1970,1956,42.62,34.1,3383,52.859,84.58,1
2026-09-01T21:17:59.147,3.070,2,100,100,32,31,8.2,8.3,-0.17,0.55,0.34,0.08,0.05,-0.03,-0.17,0.55,0.00,0.00,4.26,4.26,110,010,0,0,1929,1979,2001,1864,1980,1946,42.62,34.1,3380,52.812,84.50,1
2026-09-01T21:17:59.157,3.081,2,100,100,32,31,9.0,9.0,-0.06,0.50,0.08,0.04,-0.15,0.21,-0.06,0.50,0.00,0.00,4.26,4.26,110,010,0,0,1928,1984,1993,1865,1980,1946,42.62,34.1,3383,52.859,84.58,1
2026-09-01T21:17:59.168,3.091,2,100,100,32,31,8.3,8.0,-0.02,0.49,0.12,0.02,-0.34,0.92,-0.02,0.49,0.00,0.00,4.26,4.26,010,110,0,0,1930,1989,1996,1865,1980,1962,42.62,34.1,3383,52.859,84.58,1
2026-09-01T21:17:59.178,3.101,2,100,100,32,31,9.0,9.1,0.21,0.26,0.06,0.04,-0.28,0.35,0.21,0.26,0.00,0.00,4.26,4.26,010,110,0,0,1930,1988,1993,1868,1982,1935,42.62,34.1,3384,52.875,84.60,1
2026-09-01T21:17:59.189,3.112,2,100,100,31,31,8.2,8.1,0.29,0.00,0.08,0.02,-0.31,0.29,0.29,0.00,0.00,0.00,4.26,4.26,011,100,0,0,1930,1991,2001,1864,1974,1938,42.62,34.1,3383,52.859,84.58,1
2026-09-01T21:17:59.199,3.122,2,100,100,31,31,9.0,9.0,0.49,-0.06,0.06,0.04,-0.15,0.19,0.49,-0.06,0.00,0.00,4.26,4.26,011,100,0,0,1928,1991,2005,1865,1970,1934,42.62,34.1,3384,52.875,84.60,1
2026-09-01T21:17:59.209,3.132,2,100,100,31,31,8.1,8.1,0.44,-0.18,0.08,0.02,0.15,-0.02,0.44,-0.18,0.00,0.00,4.26,4.26,001,101,0,0,1929,1989,2005,1864,1966,1942,42.62,34.1,3383,52.859,84.58,1
2026-09-01T21:17:59.219,3.143,2,100,100,31,31,9.0,9.0,0.56,-0.05,0.06,0.04,0.16,-0.17,0.56,-0.05,0.00,0.00,4.26,4.26,001,101,0,0,1928,1984,2016,1866,1960,1944,42.62,34.1,3385,52.891,84.62,1
2026-09-01T21:17:59.230,3.153,2,100,100,32,31,8.2,7.8,0.29,-0.04,0.10,0.04,0.27,0.10,0.29,-0.04,0.00,0.00,4.26,4.26,101,101,0,0,1930,1977,2011,1865,1976,1916,42.62,34.1,3377,52.766,84.42,1
2026-09-01T21:17:59.240,3.164,2,100,100,32,31,9.0,9.0,0.17,0.14,0.44,0.10,0.33,-0.34,0.17,0.14,0.00,0.00,4.26,4.26,101,001,0,0,1926,1975,2013,1864,1964,1954,42.62,34.1,3383,52.859,84.58,1
2026-09-01T21:17:59.252,3.175,2,100,100,32,31,8.3,8.1,-0.01,0.26,0.12,0.04,0.30,-0.22,-0.01,0.26,0.00,0.00,4.26,4.26,100,001,0,0,1927,1975,2007,1865,1964,1950,42.62,34.1,3381,52.828,84.53,1
2026-09-01T21:17:59.261,3.184,2,100,100,32,31,9.0,9.0,-0.12,0.48,0.04,0.04,0.21,-0.19,-0.12,0.48,0.00,0.00,4.26,4.26,100,011,0,0,1927,1975,2005,1865,1972,1956,42.62,34.1,3383,52.859,84.58,1
2026-09-01T21:17:59.271,3.195,2,100,100,32,31,8.2,7.9,-0.18,0.51,0.02,0.04,0.08,-0.03,-0.18,0.51,0.00,0.00,4.26,4.26,110,011,0,0,1925,1979,2002,1865,1976,1948,42.62,34.1,3381,52.828,84.53,1
2026-09-01T21:17:59.281,3.205,2,100,100,32,31,9.0,9.0,-0.11,0.52,0.06,0.04,-0.16,0.12,-0.11,0.52,0.00,0.00,4.26,4.26,110,010,0,0,1928,1984,1995,1865,1980,1944,42.62,34.1,3382,52.844,84.55,1
2026-09-01T21:17:59.292,3.215,2,100,100,32,31,8.2,8.0,-0.01,0.34,0.04,0.04,-0.32,0.24,-0.01,0.34,0.00,0.00,4.26,4.26,010,010,0,0,1928,1988,1993,1866,1980,1942,42.62,34.1,3381,52.828,84.53,1
2026-09-01T21:17:59.302,3.226,2,100,100,32,31,9.0,9.0,0.20,0.27,0.06,0.04,-0.29,0.30,0.20,0.27,0.00,0.00,4.26,4.26,010,110,0,0,1928,1991,1995,1865,1980,1934,42.65,34.1,3385,52.891,84.62,1
2026-09-01T21:17:59.313,3.236,2,100,100,31,31,8.1,8.3,0.26,0.05,0.06,0.06,-0.06,0.38,0.26,0.05,0.00,0.00,4.26,4.26,011,110,0,0,1926,1991,1997,1864,1976,1935,42.65,34.1,3384,52.875,84.60,1
2026-09-01T21:17:59.323,3.246,2,100,100,31,31,9.0,9.0,0.53,0.00,0.10,0.02,-0.20,0.16,0.53,0.00,0.00,0.00,4.26,4.26,011,100,0,0,1928,1993,2004,1864,1972,1934,42.65,34.1,3385,52.891,84.62,1
2026-09-01T21:17:59.333,3.257,2,100,100,31,31,8.1,8.3,0.46,-0.09,0.06,0.04,-0.04,0.13,0.46,-0.09,0.00,0.00,4.26,4.26,001,100,0,0,1927,1985,2009,1865,1970,1935,42.65,34.1,3384,52.875,84.60,1
2026-09-01T21:17:59.344,3.267,2,100,100,31,31,9.0,9.0,0.49,-0.11,0.02,0.02,0.14,-0.15,0.49,-0.11,0.00,0.00,4.26,4.26,001,101,0,0,1930,1985,2028,1860,1964,1944,42.65,34.1,3385,52.891,84.62,1
2026-09-01T21:17:59.354,3.277,2,100,100,32,31,8.1,8.2,0.28,-0.03,0.04,0.04,0.23,-0.25,0.28,-0.03,0.00,0.00,4.26,4.26,101,101,0,0,1937,1979,2005,1867,1964,1951,42.65,34.1,3384,52.875,84.60,1
2026-09-01T21:17:59.364,3.288,2,100,100,32,31,9.0,9.0,0.23,0.10,0.02,0.02,0.34,-0.34,0.23,0.10,0.00,0.00,4.26,4.26,101,001,0,0,1927,1973,2013,1865,1962,1951,42.65,34.1,3382,52.844,84.55,1
2026-09-01T21:17:59.375,3.298,2,100,100,31,31,8.1,8.4,-0.01,0.22,0.04,0.04,0.33,-0.24,-0.01,0.22,0.00,0.00,4.26,4.26,100,001,0,0,1929,1973,2005,1867,1965,1951,42.65,34.1,3381,52.828,84.53,1
2026-09-01T21:17:59.385,3.308,2,100,100,31,31,9.0,9.0,-0.07,0.43,0.10,0.02,0.20,-0.25,-0.07,0.43,0.00,0.00,4.26,4.26,100,011,0,0,1930,1973,2003,1865,1970,1954,42.65,34.1,3383,52.859,84.58,1
2026-09-01T21:17:59.395,3.319,2,100,100,32,31,8.0,8.4,-0.24,0.53,0.44,0.12,0.06,-0.02,-0.24,0.53,0.00,0.00,4.26,4.26,110,011,0,0,1926,1981,2003,1864,1972,1952,42.65,34.1,3381,52.828,84.53,1
2026-09-01T21:17:59.406,3.329,2,100,100,32,31,9.0,9.0,-0.10,0.52,0.12,0.04,-0.16,0.06,-0.10,0.52,0.00,0.00,4.26,4.26,110,010,0,0,1932,1981,1994,1864,1980,1944,42.65,34.1,3383,52.859,84.58,1
2026-09-01T21:17:59.416,3.340,2,100,100,32,31,8.0,8.4,-0.02,0.39,0.02,0.04,-0.26,0.30,-0.02,0.39,0.00,0.00,4.26,4.26,010,010,0,0,1927,1987,1997,1865,1980,1944,42.65,34.1,3381,52.828,84.53,1
2026-09-01T21:17:59.427,3.350,2,100,100,32,31,9.0,8.9,0.20,0.29,0.14,0.04,-0.31,0.28,0.20,0.29,0.00,0.00,4.26,4.26,010,110,0,0,1932,1991,1994,1865,1980,1935,42.65,34.1,3385,52.891,84.62,1
2026-09-01T21:17:59.437,3.360,2,100,100,31,31,7.9,8.6,0.07,0.10,0.08,0.06,-0.07,0.37,0.07,0.10,0.00,0.00,4.26,4.26,011,110,0,0,1928,1984,1985,1865,1978,1935,42.65,34.1,3383,52.859,84.58,1
2026-09-01T21:17:59.447,3.371,2,100,100,31,31,9.1,8.8,0.49,-0.03,0.14,0.04,-0.21,0.20,0.49,-0.03,0.00,0.00,4.26,4.26,011,100,0,0,1932,1992,2017,1860,1972,1934,42.65,34.1,3384,52.875,84.60,1
2026-09-01T21:17:59.457,3.381,2,100,100,31,31,7.9,8.7,0.49,-0.09,0.04,0.06,-0.04,0.17,0.49,-0.09,0.00,0.00,4.26,4.26,001,100,0,0,1926,1985,2007,1865,1970,1934,42.65,34.1,3382,52.844,84.55,1
2026-09-01T21:17:59.468,3.391,2,100,100,31,31,9.1,8.8,0.50,-0.13,0.10,0.02,0.14,-0.15,0.50,-0.13,0.00,0.00,4.26,4.26,001,101,0,0,1932,1984,2013,1865,1962,1946,42.65,34.1,3385,52.891,84.62,1
2026-09-01T21:17:59.478,3.402,2,100,100,31,31,7.9,8.6,0.35,-0.05,0.04,0.04,0.29,-0.19,0.35,-0.05,0.00,0.00,4.26,4.26,101,101,0,0,1928,1980,2011,1865,1962,1946,42.65,34.1,3383,52.859,84.58,1
2026-09-01T21:17:59.488,3.412,2,100,100,31,31,9.0,8.7,0.23,0.04,0.10,0.02,0.31,-0.35,0.23,0.04,0.00,0.00,4.26,4.26,101,001,0,0,1929,1975,2013,1864,1964,1950,42.65,34.1,3381,52.828,84.53,1
2026-09-01T21:17:59.499,3.422,2,100,100,32,31,7.9,8.8,0.01,0.23,0.06,0.04,0.32,-0.26,0.01,0.23,0.00,0.00,4.26,4.26,100,001,0,0,1928,1973,2018,1864,1962,1948,42.65,34.1,3381,52.828,84.53,1
2026-09-01T21:17:59.509,3.433,2,100,100,32,31,9.0,8.7,-0.06,0.34,0.12,0.02,0.19,-0.26,-0.06,0.34,0.00,0.00,4.26,4.26,100,011,0,0,1950,1975,1998,1867,1976,1956,42.65,34.1,3381,52.828,84.53,1
2026-09-01T21:17:59.520,3.443,2,100,100,32,31,7.8,8.8,-0.07,0.53,0.04,0.06,0.22,-0.05,-0.07,0.53,0.00,0.00,4.26,4.26,100,011,0,0,1927,1967,2019,1865,1969,1953,42.65,34.1,3376,52.750,84.40,1
2026-09-01T21:17:59.530,3.453,2,100,100,32,31,9.0,8.7,-0.09,0.51,0.04,0.04,-0.16,-0.01,-0.09,0.51,0.00,0.00,4.26,4.26,110,010,0,0,1927,1984,1993,1860,1983,1948,42.65,34.1,3381,52.828,84.53,1
2026-09-01T21:17:59.540,3.464,2,100,100,32,31,7.9,8.8,-0.04,0.47,0.04,0.04,-0.25,0.25,-0.04,0.47,0.00,0.00,4.26,4.26,110,010,0,0,1928,1987,1995,1865,1980,1944,42.65,34.1,3383,52.859,84.58,1
2026-09-01T21:17:59.551,3.474,2,100,100,31,31,9.0,8.6,0.17,0.28,0.12,0.04,-0.30,0.29,0.17,0.28,0.00,0.00,4.26,4.26,010,110,0,0,1931,1992,1995,1864,1978,1938,42.65,34.1,3384,52.875,84.60,1
2026-09-01T21:17:59.561,3.485,2,100,100,31,31,8.2,8.9,0.24,0.18,0.06,0.06,-0.21,0.38,0.24,0.18,0.00,0.00,4.26,4.26,010,110,0,0,1926,1989,1997,1865,1982,1934,42.65,34.1,3384,52.875,84.60,1
2026-09-01T21:17:59.571,3.495,2,100,100,31,31,9.0,8.5,0.50,-0.01,0.06,0.02,-0.26,0.24,0.50,-0.01,0.00,0.00,4.26,4.26,011,100,0,0,1926,1993,2005,1864,1972,1935,42.65,34.1,3384,52.875,84.60,1
2026-09-01T21:17:59.582,3.505,2,100,100,31,31,8.1,9.0,0.45,-0.03,0.06,0.04,-0.02,0.18,0.45,-0.03,0.00,0.00,4.26,4.26,011,100,0,0,1928,1987,2005,1866,1972,1934,42.65,34.1,3385,52.891,84.62,1
2026-09-01T21:17:59.592,3.515,2,100,100,31,31,9.0,8.5,0.49,-0.19,0.06,0.04,0.09,-0.09,0.49,-0.19,0.00,0.00,4.26,4.26,001,101,0,0,1927,1984,2027,1859,1962,1940,42.65,34.1,3384,52.875,84.60,1
2026-09-01T21:17:59.602,3.526,2,100,100,31,31,8.1,8.9,0.32,-0.03,0.02,0.04,0.29,-0.17,0.32,-0.03,0.00,0.00,4.26,4.26,001,101,0,0,1928,1981,2009,1865,1960,1946,42.65,34.1,3385,52.891,84.62,1
2026-09-01T21:17:59.613,3.536,2,100,100,31,31,9.0,8.4,0.25,0.00,0.02,0.00,0.32,-0.32,0.25,0.00,0.00,0.00,4.26,4.26,101,001,0,0,1927,1974,2013,1865,1964,1950,42.65,34.1,3381,52.828,84.53,1
2026-09-01T21:17:59.623,3.546,2,100,100,31,31,8.2,9.0,0.04,0.22,0.26,0.08,0.34,-0.31,0.04,0.22,0.00,0.00,4.26,4.26,101,001,0,0,1929,1976,2012,1863,1964,1954,42.65,34.1,3383,52.859,84.58,1
2026-09-01T21:17:59.637,3.560,2,100,100,32,31,9.0,8.2,-0.05,0.28,0.08,-0.08,0.20,-0.21,-0.05,0.28,0.00,0.00,4.26,4.26,100,011,0,0,1927,1975,2005,1864,1968,1950,42.65,34.1,3381,52.828,84.53,1
2026-09-01T21:17:59.644,3.567,2,100,100,32,31,7.9,9.0,-0.21,0.57,0.08,0.04,0.03,-0.15,-0.21,0.57,0.00,0.00,4.26,4.26,100,011,0,0,1930,1979,2001,1865,1972,1956,42.65,34.1,3383,52.859,84.58,1
2026-09-01T21:17:59.654,3.578,2,100,100,32,31,9.0,8.3,-0.07,0.51,0.04,0.04,-0.14,-0.02,-0.07,0.51,0.00,0.00,4.26,4.26,110,010,0,0,1928,1984,1995,1865,1976,1944,42.65,34.1,3381,52.828,84.53,1
2026-09-01T21:17:59.665,3.589,2,100,100,32,31,8.1,9.0,-0.01,0.51,0.40,0.08,-0.21,0.21,-0.01,0.51,0.00,0.00,4.26,4.26,110,010,0,0,1926,1986,1996,1865,1982,1946,42.65,34.1,3383,52.859,84.58,1
2026-09-01T21:17:59.675,3.598,2,100,100,31,31,9.0,8.1,0.11,0.36,0.16,-0.04,-0.43,0.44,0.11,0.36,0.00,0.00,4.26,4.26,010,110,0,0,1928,1993,1995,1865,1980,1942,42.65,34.1,3384,52.875,84.60,1
2026-09-01T21:17:59.685,3.609,2,100,100,31,31,8.4,9.0,0.25,0.25,0.10,0.04,-0.22,0.35,0.25,0.25,0.00,0.00,4.26,4.26,010,110,0,0,1930,1989,1997,1865,1982,1934,42.65,34.1,3385,52.891,84.62,1
2026-09-01T21:17:59.696,3.619,2,100,100,32,31,9.0,7.9,0.46,0.00,0.06,0.02,-0.24,0.37,0.46,0.00,0.00,0.00,4.26,4.26,011,100,0,0,1926,1993,2005,1864,1976,1940,42.65,34.1,3383,52.859,84.58,1
2026-09-01T21:17:59.706,3.629,2,100,100,32,31,8.2,9.1,0.47,-0.02,0.10,0.04,-0.02,0.20,0.47,-0.02,0.00,0.00,4.26,4.26,011,100,0,0,1931,1988,2005,1865,1972,1932,42.65,34.1,3385,52.891,84.62,1
2026-09-01T21:17:59.716,3.640,2,100,100,31,31,9.0,8.0,0.60,-0.17,0.06,0.04,0.08,0.03,0.60,-0.17,0.00,0.00,4.26,4.26,001,101,0,0,1927,1984,2016,1865,1966,1942,42.65,34.1,3384,52.875,84.60,1
2026-09-01T21:17:59.727,3.650,2,100,100,31,31,8.2,9.0,0.36,-0.09,0.18,-0.02,0.29,-0.17,0.36,-0.09,0.00,0.00,4.26,4.26,001,101,0,0,1929,1984,2013,1864,1962,1946,42.65,34.1,3384,52.875,84.60,1
2026-09-01T21:17:59.739,3.663,2,100,100,31,31,9.0,7.8,0.24,-0.06,0.06,0.04,0.28,0.01,0.24,-0.06,0.00,0.00,4.26,4.26,101,101,0,0,1939,1975,2007,1867,1978,1926,42.65,34.1,3378,52.781,84.45,1
2026-09-01T21:17:59.747,3.671,2,100,100,31,31,8.3,9.0,0.04,0.20,0.10,0.02,0.38,-0.34,0.04,0.20,0.00,0.00,4.26,4.26,101,001,0,0,1930,1975,2009,1864,1962,1956,42.65,34.1,3383,52.859,84.58,1
2026-09-01T21:17:59.758,3.681,2,100,100,32,31,9.0,8.0,-0.03,0.24,0.06,0.04,0.22,-0.24,-0.03,0.24,0.00,0.00,4.26,4.26,100,001,0,0,1928,1973,2003,1865,1966,1951,42.65,34.1,3383,52.859,84.58,1
2026-09-01T21:17:59.768,3.692,2,100,100,32,31,8.3,9.0,-0.20,0.49,0.02,0.02,0.14,-0.20,-0.20,0.49,0.00,0.00,4.26,4.26,100,011,0,0,1930,1977,2003,1865,1972,1956,42.65,34.1,3383,52.859,84.58,1
2026-09-01T21:17:59.778,3.702,2,100,100,32,31,9.0,8.0,-0.11,0.51,0.24,0.06,-0.15,-0.01,-0.11,0.51,0.00,0.00,4.26,4.26,110,011,0,0,1928,1984,1995,1865,1976,1950,42.65,34.1,3382,52.844,84.55,1
2026-09-01T21:17:59.789,3.712,2,100,100,32,31,8.2,9.0,-0.03,0.54,0.10,0.04,-0.21,0.11,-0.03,0.54,0.00,0.00,4.26,4.26,110,010,0,0,1931,1984,1995,1865,1982,1944,42.65,34.1,3383,52.859,84.58,1
2026-09-01T21:17:59.802,3.726,2,100,100,31,31,9.0,8.0,0.11,0.32,0.04,0.04,-0.38,0.23,0.11,0.32,0.00,0.00,4.26,4.26,010,010,0,0,1928,1992,1993,1865,1978,1940,42.65,34.1,3383,52.859,84.58,1
2026-09-01T21:17:59.809,3.733,2,100,100,31,31,8.4,9.0,0.23,0.29,0.06,0.06,-0.23,0.33,0.23,0.29,0.00,0.00,4.26,4.26,010,110,0,0,1930,1989,1997,1864,1982,1934,42.65,34.1,3384,52.875,84.60,1
2026-09-01T21:17:59.820,3.743,2,100,100,31,31,8.9,8.3,0.39,0.04,0.06,0.02,-0.24,0.35,0.39,0.04,0.00,0.00,4.26,4.26,011,110,0,0,1928,1991,2003,1865,1976,1935,42.65,34.1,3385,52.891,84.62,1
2026-09-01T21:17:59.830,3.754,2,100,100,31,31,8.5,9.0,0.48,-0.02,0.04,0.04,-0.02,0.20,0.48,-0.02,0.00,0.00,4.26,4.26,011,100,0,0,1928,1989,2003,1864,1970,1934,42.65,34.1,3385,52.891,84.62,1
2026-09-01T21:17:59.840,3.764,2,100,100,32,31,9.0,8.4,0.59,-0.09,0.06,0.06,0.06,0.15,0.59,-0.09,0.00,0.00,4.26,4.26,001,100,0,0,1928,1984,2013,1865,1972,1935,42.65,34.1,3385,52.891,84.62,1
2026-09-01T21:17:59.851,3.774,2,100,100,32,31,8.3,9.0,0.36,-0.09,0.02,0.04,0.28,-0.16,0.36,-0.09,0.00,0.00,4.26,4.26,001,101,0,0,1940,1984,2005,1868,1964,1950,42.65,34.1,3385,52.891,84.62,1
2026-09-01T21:17:59.861,3.785,2,100,100,31,31,8.9,8.4,0.24,-0.07,0.02,0.02,0.23,-0.23,0.24,-0.07,0.00,0.00,4.26,4.26,101,101,0,0,1927,1973,2010,1866,1964,1946,42.65,34.1,3384,52.875,84.60,1
2026-09-01T21:17:59.872,3.795,2,100,100,31,31,8.5,9.0,0.10,0.12,0.06,-0.08,0.38,-0.33,0.10,0.12,0.00,0.00,4.26,4.26,101,001,0,0,1931,1975,2011,1864,1962,1954,42.65,34.1,3383,52.859,84.58,1
2026-09-01T21:17:59.882,3.805,2,100,100,31,31,8.9,8.4,-0.04,0.22,0.06,-0.06,0.24,-0.23,-0.04,0.22,0.00,0.00,4.26,4.26,100,001,0,0,1928,1975,2005,1864,1966,1951,42.65,34.1,3383,52.859,84.58,1
2026-09-01T21:17:59.892,3.816,2,100,100,31,31,8.5,8.9,-0.16,0.46,0.02,0.02,0.14,-0.28,-0.16,0.46,0.00,0.00,4.26,4.26,100,011,0,0,1927,1977,2003,1866,1972,1954,42.65,34.1,3382,52.844,84.55,1
2026-09-01T21:17:59.902,3.826,2,100,100,32,31,9.0,8.5,-0.12,0.53,0.02,0.04,-0.13,-0.04,-0.12,0.53,0.00,0.00,4.26,4.26,110,011,0,0,1926,1984,1997,1864,1972,1951,42.65,34.1,3382,52.844,84.55,1
2026-09-01T21:17:59.913,3.836,2,100,100,32,31,8.3,8.9,-0.05,0.55,0.04,0.04,-0.20,0.04,-0.05,0.55,0.00,0.00,4.26,4.26,110,010,0,0,1928,1985,1995,1865,1982,1946,42.65,34.1,3383,52.859,84.58,1
2026-09-01T21:17:59.923,3.847,2,100,100,31,31,8.9,8.5,0.08,0.41,0.14,0.02,-0.37,0.27,0.08,0.41,0.00,0.00,4.26,4.26,010,010,0,0,1927,1992,1995,1865,1980,1943,42.65,34.1,3383,52.859,84.58,1
2026-09-01T21:17:59.934,3.857,2,100,100,31,31,8.6,8.9,0.23,0.30,0.06,0.04,-0.26,0.26,0.23,0.30,0.00,0.00,4.26,4.26,010,110,0,0,1928,1990,1995,1865,1980,1935,42.65,34.1,3385,52.891,84.62,1
2026-09-01T21:17:59.944,3.868,2,100,100,31,31,8.9,8.6,0.39,0.08,0.10,0.02,-0.25,0.38,0.39,0.08,0.00,0.00,4.26,4.26,011,110,0,0,1930,1991,2004,1865,1978,1935,42.65,34.1,3384,52.875,84.60,1
2026-09-01T21:17:59.954,3.878,2,100,100,31,31,8.6,8.7,0.49,-0.02,0.06,0.02,-0.04,0.22,0.49,-0.02,0.00,0.00,4.26,4.26,011,100,0,0,1928,1989,2004,1865,1972,1935,42.65,34.1,3384,52.875,84.60,1
2026-09-01T21:17:59.965,3.888,2,100,100,31,31,8.9,8.8,0.55,-0.02,0.08,0.02,0.03,0.18,0.55,-0.02,0.00,0.00,4.26,4.26,001,100,0,0,1930,1984,2012,1864,1972,1934,42.65,34.1,3385,52.891,84.62,1
2026-09-01T21:17:59.975,3.899,2,100,100,31,31,8.6,8.8,0.48,-0.15,0.06,0.06,0.30,-0.13,0.48,-0.15,0.00,0.00,4.26,4.26,001,101,0,0,1927,1984,2013,1865,1962,1944,42.65,34.1,3384,52.875,84.60,1
2026-09-01T21:17:59.985,3.909,2,100,100,31,31,8.9,8.7,0.23,-0.07,0.08,0.02,0.24,-0.19,0.23,-0.07,0.00,0.00,4.26,4.26,101,101,0,0,1930,1973,2011,1865,1962,1944,42.65,34.1,3385,52.891,84.62,1
2026-09-01T21:17:59.996,3.919,2,100,100,31,31,8.5,8.7,0.10,0.07,0.06,0.04,0.37,-0.34,0.10,0.07,0.00,0.00,4.26,4.26,101,001,0,0,1927,1975,2011,1865,1962,1952,42.65,34.1,3381,52.828,84.53,1
2026-09-01T21:18:00.006,3.929,2,100,100,32,31,8.9,8.8,-0.05,0.21,0.12,0.04,0.23,-0.26,-0.05,0.21,0.00,0.00,4.26,4.26,100,001,0,0,1930,1974,2003,1864,1964,1951,42.65,34.1,3383,52.859,84.58,1
2026-09-01T21:18:00.016,3.940,2,100,100,32,31,8.5,8.5,-0.19,0.31,0.06,0.06,0.16,-0.22,-0.19,0.31,0.00,0.00,4.26,4.26,100,011,0,0,1927,1977,2005,1865,1968,1950,42.65,34.1,3381,52.828,84.53,1
2026-09-01T21:18:00.027,3.950,2,100,100,32,31,8.9,8.9,-0.17,0.58,0.10,0.04,-0.12,-0.11,-0.17,0.58,0.00,0.00,4.26,4.26,110,011,0,0,1930,1984,1997,1865,1970,1956,42.65,34.1,3383,52.859,84.58,1
2026-09-01T21:18:00.037,3.961,2,100,100,32,31,8.5,8.6,-0.02,0.53,0.06,0.04,-0.18,-0.02,-0.02,0.53,0.00,0.00,4.26,4.26,110,010,0,0,1929,1981,1992,1866,1980,1946,42.65,34.1,3381,52.828,84.53,1
2026-09-01T21:18:00.047,3.971,2,100,100,32,31,8.9,8.9,0.09,0.47,0.10,0.04,-0.38,0.23,0.09,0.47,0.00,0.00,4.26,4.26,010,010,0,0,1932,1992,1995,1865,1980,1946,42.65,34.1,3383,52.859,84.58,1
2026-09-01T21:18:00.058,3.981,2,100,100,32,31,8.4,8.5,0.24,0.29,0.10,0.10,-0.21,0.30,0.24,0.29,0.00,0.00,4.26,4.26,010,110,0,0,1928,1989,1997,1865,1978,1938,42.65,34.1,3384,52.875,84.60,1
2026-09-01T21:18:00.068,3.992,2,100,100,31,31,8.9,9.0,0.36,0.18,0.08,0.02,-0.25,0.36,0.36,0.18,0.00,0.00,4.26,4.26,011,110,0,0,1930,1989,2003,1865,1980,1935,42.65,34.1,3385,52.891,84.62,1
2026-09-01T21:18:00.078,4.002,2,100,100,31,30,8.6,8.2,0.51,0.03,0.06,0.02,-0.05,0.38,0.51,0.03,0.00,0.00,4.26,4.26,011,100,0,0,1928,1991,2005,1864,1976,1934,42.65,34.1,3384,52.875,84.60,1
2026-09-01T21:18:00.089,4.012,2,100,100,31,30,8.8,9.0,0.49,0.00,0.12,0.06,0.03,0.19,0.49,0.00,0.00,0.00,4.26,4.26,001,100,0,0,1930,1984,2011,1865,1972,1932,42.65,34.1,3384,52.875,84.60,1
2026-09-01T21:18:00.099,4.023,2,100,100,31,31,8.7,8.4,0.46,-0.17,0.06,0.04,0.29,-0.06,0.46,-0.17,0.00,0.00,4.26,4.26,001,101,0,0,1928,1984,2013,1865,1964,1944,42.65,34.1,3384,52.875,84.60,1
2026-09-01T21:18:00.109,4.033,2,100,100,32,31,8.9,9.0,0.21,-0.09,0.10,0.04,0.24,-0.18,0.21,-0.09,0.00,0.00,4.26,4.26,101,101,0,0,1930,1975,2009,1866,1962,1946,42.65,34.1,3384,52.875,84.60,1
2026-09-01T21:18:00.120,4.043,2,100,100,32,31,8.4,8.2,0.07,-0.02,0.06,0.04,0.36,-0.31,0.07,-0.02,0.00,0.00,4.26,4.26,101,001,0,0,1928,1975,2011,1865,1964,1950,42.65,34.1,3381,52.828,84.53,1
2026-09-01T21:18:00.130,4.054,2,100,100,31,31,8.8,9.0,-0.06,0.23,0.08,0.04,0.26,-0.29,-0.06,0.23,0.00,0.00,4.26,4.26,100,001,0,0,1928,1973,2004,1866,1962,1954,42.65,34.1,3383,52.859,84.58,1
2026-09-01T21:18:00.141,4.064,2,100,100,31,31,8.6,8.0,-0.15,0.30,0.04,0.04,0.17,-0.06,-0.15,0.30,0.00,0.00,4.26,4.26,100,011,0,0,1928,1975,2005,1865,1960,1953,42.65,34.1,3381,52.828,84.53,1
2026-09-01T21:18:00.151,4.074,2,100,100,32,31,8.9,9.0,-0.16,0.56,0.10,0.04,-0.12,-0.19,-0.16,0.56,0.00,0.00,4.26,4.26,110,011,0,0,1925,1984,1997,1864,1970,1956,42.65,34.1,3383,52.859,84.58,1
2026-09-01T21:18:00.161,4.085,2,100,100,32,31,8.5,8.0,-0.08,0.49,0.08,-0.08,-0.20,0.00,-0.08,0.49,0.00,0.00,4.26,4.26,110,010,0,0,1928,1983,1995,1865,1978,1951,42.65,34.1,3381,52.828,84.53,1
2026-09-01T21:18:00.172,4.095,2,100,100,32,31,8.9,9.0,0.06,0.50,0.00,-0.06,-0.39,0.14,0.06,0.50,0.00,0.00,4.26,4.26,010,010,0,0,1928,1993,1997,1865,1983,1948,42.65,34.1,3383,52.859,84.58,1
2026-09-01T21:18:00.182,4.105,2,100,100,32,31,8.4,8.0,0.23,0.29,0.06,0.04,-0.31,0.26,0.23,0.29,0.00,0.00,4.26,4.26,010,110,0,0,1928,1989,1997,1866,1976,1942,42.65,34.1,3383,52.859,84.58,1
2026-09-01T21:18:00.192,4.116,2,100,100,31,31,8.9,9.1,0.35,0.22,0.22,0.10,-0.24,0.34,0.35,0.22,0.00,0.00,4.26,4.26,011,110,0,0,1925,1991,2004,1865,1980,1935,42.65,34.1,3385,52.891,84.62,1
2026-09-01T21:18:00.203,4.126,2,100,100,31,31,8.6,7.8,0.47,0.04,0.04,0.04,-0.02,0.28,0.47,0.04,0.00,0.00,4.26,4.26,011,110,0,0,1927,1991,2005,1865,1976,1936,42.65,34.1,3378,52.781,84.45,1
2026-09-01T21:18:00.213,4.136,2,100,100,32,31,8.8,9.0,0.51,0.02,0.06,0.06,0.03,0.18,0.51,0.02,0.00,0.00,4.26,4.26,001,100,0,0,1927,1984,2023,1862,1967,1928,42.65,34.1,3384,52.875,84.60,1
2026-09-01T21:18:00.223,4.147,2,100,100,32,31,8.6,8.2,0.49,-0.11,0.14,0.06,0.30,0.12,0.49,-0.11,0.00,0.00,4.26,4.26,001,100,0,0,1932,1984,2016,1865,1970,1935,42.65,34.1,3384,52.875,84.60,1
2026-09-01T21:18:00.234,4.157,2,100,100,32,31,8.9,9.0,0.21,-0.12,0.04,0.04,0.23,-0.17,0.21,-0.12,0.00,0.00,4.26,4.26,101,101,0,0,1928,1975,2011,1865,1962,1944,42.65,34.1,3385,52.891,84.62,1
2026-09-01T21:18:00.244,4.168,2,100,100,32,31,8.5,8.2,0.07,-0.04,0.32,0.10,0.31,-0.23,0.07,-0.04,0.00,0.00,4.26,4.26,101,101,0,0,1929,1975,2011,1864,1962,1946,42.65,34.1,3385,52.891,84.62,1
2026-09-01T21:18:00.254,4.178,2,100,100,32,31,8.9,9.0,-0.04,0.16,0.02,-0.06,0.23,-0.31,-0.04,0.16,0.00,0.00,4.26,4.26,100,001,0,0,1927,1975,2005,1865,1964,1956,42.65,34.1,3383,52.859,84.58,1
2026-09-01T21:18:00.265,4.188,2,100,100,32,31,8.4,8.2,-0.16,0.24,0.10,0.02,0.15,-0.23,-0.16,0.24,0.00,0.00,4.26,4.26,100,001,0,0,1930,1976,2003,1865,1964,1950,42.65,34.1,3383,52.859,84.58,1
2026-09-01T21:18:00.275,4.198,2,100,100,32,31,8.9,9.0,-0.16,0.47,0.06,0.04,-0.12,-0.24,-0.16,0.47,0.00,0.00,4.26,4.26,110,011,0,0,1928,1984,1997,1865,1970,1954,42.65,34.1,3383,52.859,84.58,1
2026-09-01T21:18:00.285,4.209,2,100,100,32,31,8.5,8.3,-0.01,0.58,0.10,0.02,-0.18,0.00,-0.01,0.58,0.00,0.00,4.26,4.26,110,011,0,0,1931,1984,1994,1865,1972,1954,42.65,34.1,3383,52.859,84.58,1
2026-09-01T21:18:00.296,4.219,2,100,100,32,31,8.9,9.0,0.06,0.51,0.04,0.04,-0.39,0.06,0.06,0.51,0.00,0.00,4.26,4.26,010,010,0,0,1928,1991,1995,1865,1982,1946,42.65,34.1,3383,52.859,84.58,1
2026-09-01T21:18:00.306,4.230,2,100,100,32,31,8.5,8.4,0.23,0.41,0.12,0.04,-0.29,0.30,0.23,0.41,0.00,0.00,4.26,4.26,010,010,0,0,1929,1989,2009,1860,1978,1940,42.68,34.1,3383,52.859,84.58,1
2026-09-01T21:18:00.316,4.240,2,100,100,32,31,8.9,9.0,0.37,0.26,0.06,0.04,-0.25,0.30,0.37,0.26,0.00,0.00,4.26,4.26,011,110,0,0,1928,1989,2005,1865,1980,1935,42.68,34.1,3385,52.891,84.62,1
2026-09-01T21:18:00.327,4.250,2,100,100,32,31,8.5,8.4,0.47,0.06,0.08,0.02,-0.03,0.36,0.47,0.06,0.00,0.00,4.26,4.26,011,110,0,0,1930,1989,2005,1865,1978,1935,42.68,34.1,3385,52.891,84.62,1
2026-09-01T21:18:00.340,4.264,2,100,100,31,31,8.8,8.9,0.53,0.00,0.06,0.04,0.02,0.19,0.53,0.00,0.00,0.00,4.26,4.26,001,100,0,0,1928,1984,2013,1865,1972,1934,42.68,34.1,3384,52.875,84.60,1
2026-09-01T21:18:00.347,4.271,2,100,100,31,31,8.7,8.6,0.54,-0.04,0.04,0.04,0.31,0.17,0.54,-0.04,0.00,0.00,4.26,4.26,001,100,0,0,1931,1984,2016,1865,1972,1934,42.68,34.1,3385,52.891,84.62,1
2026-09-01T21:18:00.358,4.281,2,100,100,32,31,8.9,8.9,0.22,-0.17,0.06,0.02,0.23,-0.14,0.22,-0.17,0.00,0.00,4.26,4.26,101,101,0,0,1928,1975,2011,1865,1962,1944,42.68,34.1,3384,52.875,84.60,1
2026-09-01T21:18:00.368,4.292,2,100,100,32,31,8.5,8.6,0.07,-0.07,0.32,0.06,0.31,-0.20,0.07,-0.07,0.00,0.00,4.26,4.26,101,101,0,0,1930,1976,2011,1864,1964,1946,42.68,34.1,3385,52.891,84.62,1
2026-09-01T21:18:00.379,4.302,2,100,100,32,31,9.0,8.9,-0.04,0.09,0.06,0.04,0.20,-0.32,-0.04,0.09,0.00,0.00,4.26,4.26,100,001,0,0,1926,1975,2016,1860,1962,1948,42.68,34.1,3383,52.859,84.58,1
2026-09-01T21:18:00.389,4.313,2,100,100,32,31,8.4,8.6,-0.19,0.23,0.10,0.04,0.14,-0.25,-0.19,0.23,0.00,0.00,4.26,4.26,100,001,0,0,1932,1977,2003,1864,1964,1951,42.68,34.1,3383,52.859,84.58,1
2026-09-01T21:18:00.399,4.323,2,100,100,32,31,8.9,8.8,-0.15,0.36,0.06,0.04,-0.12,-0.26,-0.15,0.36,0.00,0.00,4.26,4.26,110,011,0,0,1928,1984,1997,1865,1970,1950,42.68,34.1,3381,52.828,84.53,1
2026-09-01T21:18:00.410,4.333,2,100,100,32,31,8.5,8.7,-0.01,0.58,0.12,0.04,-0.18,-0.02,-0.01,0.58,0.00,0.00,4.26,4.26,110,011,0,0,1927,1984,1995,1865,1970,1956,42.68,34.1,3383,52.859,84.58,1
2026-09-01T21:18:00.420,4.343,2,100,100,32,31,8.9,8.8,0.08,0.51,0.06,0.04,-0.39,0.00,0.08,0.51,0.00,0.00,4.26,4.26,010,010,0,0,1928,1993,1995,1865,1980,1944,42.68,34.1,3381,52.828,84.53,1
2026-09-01T21:18:00.430,4.354,2,100,100,32,31,8.5,8.7,0.22,0.43,0.00,-0.06,-0.33,0.25,0.22,0.43,0.00,0.00,4.26,4.26,010,010,0,0,1932,1991,1999,1864,1980,1946,42.68,34.1,3383,52.859,84.58,1
2026-09-01T21:18:00.441,4.364,2,100,100,32,31,8.9,8.7,0.38,0.25,0.06,0.04,-0.27,0.31,0.38,0.25,0.00,0.00,4.26,4.26,011,110,0,0,1927,1989,2005,1864,1976,1940,42.68,34.1,3384,52.875,84.60,1
2026-09-01T21:18:00.451,4.375,2,100,100,32,31,8.6,8.9,0.45,0.16,0.10,0.02,-0.03,0.39,0.45,0.16,0.00,0.00,4.26,4.26,011,110,0,0,1926,1989,2004,1865,1982,1934,42.68,34.1,3385,52.891,84.62,1
2026-09-01T21:18:00.461,4.385,2,100,100,31,31,8.9,8.7,0.58,0.00,0.06,0.06,0.03,0.21,0.58,0.00,0.00,0.00,4.26,4.26,001,100,0,0,1927,1984,2016,1865,1972,1935,42.68,34.1,3384,52.875,84.60,1
2026-09-01T21:18:00.472,4.395,2,100,100,31,31,8.5,8.8,0.45,-0.06,0.10,0.10,0.30,0.18,0.45,-0.06,0.00,0.00,4.26,4.26,001,100,0,0,1928,1984,2016,1866,1974,1935,42.68,34.1,3384,52.875,84.60,1
2026-09-01T21:18:00.482,4.406,2,100,100,32,31,8.9,8.7,0.24,-0.18,0.04,0.04,0.24,-0.10,0.24,-0.18,0.00,0.00,4.26,4.26,101,101,0,0,1936,1975,2005,1867,1966,1950,42.68,34.1,3384,52.875,84.60,1
2026-09-01T21:18:00.492,4.416,2,100,100,32,31,8.5,8.8,0.07,-0.05,0.02,0.04,0.32,-0.18,0.07,-0.05,0.00,0.00,4.26,4.26,101,101,0,0,1927,1975,2009,1865,1962,1944,42.68,34.1,3385,52.891,84.62,1
2026-09-01T21:18:00.503,4.426,2,100,100,32,31,8.9,8.5,-0.06,0.02,0.04,0.04,0.23,-0.29,-0.06,0.02,0.00,0.00,4.26,4.26,100,001,0,0,1928,1972,2001,1866,1964,1951,42.68,34.1,3381,52.828,84.53,1
2026-09-01T21:18:00.513,4.437,2,100,100,32,31,8.4,8.9,-0.22,0.25,0.02,0.04,0.15,-0.27,-0.22,0.25,0.00,0.00,4.26,4.26,100,001,0,0,1927,1977,2003,1866,1960,1951,42.68,34.1,3383,52.859,84.58,1
2026-09-01T21:18:00.524,4.448,2,100,100,32,31,9.0,8.5,-0.15,0.33,0.24,0.06,-0.14,-0.28,-0.15,0.33,0.00,0.00,4.26,4.26,110,011,0,0,1931,1984,1997,1864,1970,1950,42.68,34.1,3381,52.828,84.53,1
2026-09-01T21:18:00.534,4.457,2,100,100,32,31,8.4,8.9,-0.02,0.57,0.04,0.06,-0.19,-0.09,-0.02,0.57,0.00,0.00,4.26,4.26,110,011,0,0,1928,1984,1995,1866,1970,1956,42.68,34.1,3383,52.859,84.58,1
2026-09-01T21:18:00.548,4.472,2,100,100,32,31,8.9,8.5,0.10,0.52,0.12,0.04,-0.40,0.00,0.10,0.52,0.00,0.00,4.26,4.26,010,010,0,0,1931,1993,1995,1865,1978,1944,42.68,34.1,3381,52.828,84.53,1
2026-09-01T21:18:00.555,4.478,2,100,100,32,31,8.6,8.9,0.23,0.51,0.06,0.04,-0.31,0.24,0.23,0.51,0.00,0.00,4.26,4.26,010,010,0,0,1928,1989,1997,1866,1980,1946,42.68,34.1,3382,52.844,84.55,1
2026-09-01T21:18:00.565,4.488,2,100,100,31,31,8.9,8.4,0.37,0.27,0.10,0.02,-0.26,0.31,0.37,0.27,0.00,0.00,4.26,4.26,011,110,0,0,1930,1989,2003,1864,1976,1940,42.68,34.1,3384,52.875,84.60,1
2026-09-01T21:18:00.575,4.499,2,100,100,31,31,8.6,9.0,0.44,0.19,0.02,0.04,-0.03,0.36,0.44,0.19,0.00,0.00,4.26,4.26,011,110,0,0,1928,1989,2004,1865,1980,1935,42.68,34.1,3385,52.891,84.62,1
2026-09-01T21:18:00.586,4.509,2,100,100,32,31,9.0,8.4,0.58,0.01,0.10,0.04,0.04,0.25,0.58,0.01,0.00,0.00,4.26,4.26,001,100,0,0,1931,1984,2016,1864,1974,1935,42.68,34.1,3384,52.875,84.60,1
2026-09-01T21:18:00.596,4.520,2,100,100,32,31,8.4,9.0,0.46,-0.02,0.06,0.04,0.31,0.18,0.46,-0.02,0.00,0.00,4.26,4.26,001,100,0,0,1927,1984,2013,1865,1972,1934,42.68,34.1,3385,52.891,84.62,1
2026-09-01T21:18:00.606,4.530,2,100,100,32,31,8.9,8.4,0.25,-0.22,0.10,0.02,0.23,-0.05,0.25,-0.22,0.00,0.00,4.26,4.26,101,101,0,0,1930,1973,2013,1864,1966,1943,42.68,34.1,3383,52.859,84.58,1
2026-09-01T21:18:00.617,4.540,2,100,100,32,31,8.5,9.0,0.08,-0.06,0.24,0.10,0.30,-0.17,0.08,-0.06,0.00,0.00,4.26,4.26,101,101,0,0,1926,1975,2011,1864,1962,1946,42.68,34.1,3385,52.891,84.62,1
2026-09-01T21:18:00.627,4.551,2,100,100,32,31,8.9,8.3,-0.07,0.00,0.10,0.02,0.24,-0.26,-0.07,0.00,0.00,0.00,4.26,4.26,100,001,0,0,1932,1973,2003,1865,1964,1951,42.68,34.1,3381,52.828,84.53,1
2026-09-01T21:18:00.637,4.561,2,100,100,32,31,8.5,9.0,-0.17,0.19,0.06,0.06,0.15,-0.29,-0.17,0.19,0.00,0.00,4.26,4.26,100,001,0,0,1926,1976,2016,1860,1960,1948,42.68,34.1,3383,52.859,84.58,1
2026-09-01T21:18:00.648,4.571,2,100,100,32,31,8.9,8.2,-0.15,0.28,0.10,0.02,-0.14,-0.27,-0.15,0.28,0.00,0.00,4.26,4.26,110,011,0,0,1930,1984,1997,1864,1968,1950,42.68,34.1,3381,52.828,84.53,1
2026-09-01T21:18:00.658,4.582,2,100,100,32,31,8.4,9.0,-0.02,0.57,0.26,0.10,-0.18,-0.14,-0.02,0.57,0.00,0.00,4.26,4.26,110,011,0,0,1926,1985,1996,1865,1972,1956,42.68,34.1,3383,52.859,84.58,1
2026-09-01T21:18:00.668,4.592,2,100,100,31,31,8.9,8.3,0.08,0.49,0.12,0.02,-0.42,-0.01,0.08,0.49,0.00,0.00,4.26,4.26,010,010,0,0,1932,1993,1993,1865,1980,1948,42.68,34.1,3381,52.828,84.53,1
2026-09-01T21:18:00.679,4.602,2,100,100,31,31,8.5,9.0,0.23,0.50,0.06,0.06,-0.30,0.19,0.23,0.50,0.00,0.00,4.26,4.26,010,010,0,0,1927,1989,2009,1861,1978,1942,42.68,34.1,3383,52.859,84.58,1
2026-09-01T21:18:00.689,4.613,2,100,100,32,31,8.9,8.0,0.40,0.38,0.10,0.02,-0.27,0.57,0.40,0.38,0.00,0.00,4.26,4.26,011,110,0,0,1930,1991,2005,1864,1980,1944,42.68,34.1,3384,52.875,84.60,1
2026-09-01T21:18:00.699,4.623,2,100,100,32,31,8.5,9.0,0.43,0.24,0.06,0.04,-0.03,0.34,0.43,0.24,0.00,0.00,4.26,4.26,011,110,0,0,1938,1987,1995,1868,1984,1940,42.68,34.1,3385,52.891,84.62,1
2026-09-01T21:18:00.710,4.633,2,100,100,32,31,8.9,8.0,0.51,0.00,0.06,0.04,0.05,0.30,0.51,0.00,0.00,0.00,4.26,4.26,001,100,0,0,1928,1984,2025,1859,1972,1934,42.68,34.1,3384,52.875,84.60,1
2026-09-01T21:18:00.720,4.644,2,100,100,32,31,8.5,9.0,0.45,-0.01,0.10,0.10,0.30,0.17,0.45,-0.01,0.00,0.00,4.26,4.26,001,100,0,0,1928,1984,2012,1865,1972,1932,42.68,34.1,3384,52.875,84.60,1
2026-09-01T21:18:00.730,4.654,2,100,100,32,31,9.0,8.0,0.25,-0.19,0.02,0.04,0.23,0.01,0.25,-0.19,0.00,0.00,4.26,4.26,101,101,0,0,1931,1973,2013,1865,1967,1942,42.68,34.1,3383,52.859,84.58,1
2026-09-01T21:18:00.741,4.664,2,100,100,32,31,8.4,9.0,0.06,-0.08,0.00,0.02,0.31,-0.17,0.06,-0.08,0.00,0.00,4.26,4.26,101,101,0,0,1926,1975,2009,1865,1960,1944,42.68,34.1,3385,52.891,84.62,1
2026-09-01T21:18:00.751,4.675,2,100,100,32,31,8.9,7.9,-0.05,-0.12,0.02,0.02,0.19,-0.12,-0.05,-0.12,0.00,0.00,4.26,4.26,100,001,0,0,1923,1975,2019,1859,1964,1940,42.68,34.1,3381,52.828,84.53,1
2026-09-01T21:18:00.762,4.685,2,100,100,32,31,8.5,9.0,-0.17,0.19,0.04,0.04,0.16,-0.32,-0.17,0.19,0.00,0.00,4.26,4.26,100,001,0,0,1927,1977,2005,1865,1959,1952,42.68,34.1,3383,52.859,84.58,1
2026-09-01T21:18:00.772,4.695,2,100,100,32,32,8.9,7.9,-0.16,0.26,0.06,0.04,-0.13,-0.26,-0.16,0.26,0.00,0.00,4.26,4.26,110,011,0,0,1927,1984,1993,1867,1972,1956,42.68,34.1,3381,52.828,84.53,1
2026-09-01T21:18:00.782,4.706,2,100,100,32,32,8.4,9.0,-0.04,0.51,0.02,0.04,-0.19,-0.18,-0.04,0.51,0.00,0.00,4.26,4.26,110,011,0,0,1926,1984,1995,1866,1970,1954,42.68,34.1,3383,52.859,84.58,1
2026-09-01T21:18:00.793,4.716,2,100,100,32,32,9.0,7.9,0.12,0.44,0.06,0.04,-0.39,0.00,0.12,0.44,0.00,0.00,4.26,4.26,010,010,0,0,1926,1992,2008,1860,1970,1944,42.68,34.1,3380,52.812,84.50,1
2026-09-01T21:18:00.803,4.726,2,100,100,32,32,8.4,9.0,0.21,0.53,0.10,0.04,-0.32,0.14,0.21,0.53,0.00,0.00,4.26,4.26,010,010,0,0,1931,1989,2000,1865,1982,1946,42.68,34.1,3384,52.875,84.60,1
2026-09-01T21:18:00.813,4.737,2,100,100,31,32,8.9,7.8,0.43,0.37,0.06,0.04,-0.32,0.12,0.43,0.37,0.00,0.00,4.26,4.26,011,010,0,0,1947,1995,1998,1869,1972,1964,42.68,34.1,3376,52.750,84.40,1
2026-09-01T21:18:00.824,4.747,2,100,100,31,31,8.6,9.0,0.45,0.24,0.12,0.04,-0.03,0.32,0.45,0.24,0.00,0.00,4.26,4.26,011,110,0,0,1932,1989,2003,1865,1980,1935,42.68,34.1,3385,52.891,84.62,1
2026-09-01T21:18:00.834,4.757,2,100,100,32,31,8.9,8.1,0.48,0.03,0.06,0.04,0.05,0.34,0.48,0.03,0.00,0.00,4.26,4.26,001,110,0,0,1944,1984,2005,1868,1980,1942,42.68,34.1,3385,52.891,84.62,1
2026-09-01T21:18:00.844,4.768,2,100,100,32,31,8.5,9.1,0.46,-0.02,0.14,0.04,0.31,0.19,0.46,-0.02,0.00,0.00,4.26,4.26,001,100,0,0,1932,1981,2011,1865,1970,1934,42.68,34.1,3385,52.891,84.62,1
2026-09-01T21:18:00.856,4.779,2,100,100,32,31,9.0,7.9,0.28,-0.18,0.02,0.04,0.28,0.04,0.28,-0.18,0.00,0.00,4.26,4.26,101,100,0,0,1928,1973,2011,1865,1967,1940,42.68,34.1,3385,52.891,84.62,1
2026-09-01T21:18:00.865,4.789,2,100,100,32,31,8.3,9.0,0.05,-0.09,0.10,0.04,0.29,-0.17,0.05,-0.09,0.00,0.00,4.26,4.26,101,101,0,0,1930,1975,2009,1865,1960,1946,42.68,34.1,3385,52.891,84.62,1
2026-09-01T21:18:00.875,4.799,2,100,100,31,31,8.9,8.0,-0.02,-0.03,0.06,0.04,0.18,-0.24,-0.02,-0.03,0.00,0.00,4.26,4.26,100,101,0,0,1928,1973,2003,1865,1964,1948,42.68,34.1,3385,52.891,84.62,1
2026-09-01T21:18:00.886,4.809,2,100,100,31,31,8.5,9.0,-0.17,0.16,0.10,0.04,0.17,-0.33,-0.17,0.16,0.00,0.00,4.26,4.26,100,001,0,0,1930,1975,2003,1865,1962,1954,42.68,34.1,3383,52.859,84.58,1
2026-09-01T21:18:00.896,4.820,2,100,100,32,31,8.9,8.1,-0.19,0.23,0.06,0.06,-0.12,-0.23,-0.19,0.23,0.00,0.00,4.26,4.26,110,001,0,0,1933,1989,2013,1860,1972,1954,42.68,34.1,3383,52.859,84.58,1
2026-09-01T21:18:00.906,4.830,2,100,100,32,32,8.4,9.0,-0.05,0.51,0.12,0.04,-0.19,-0.21,-0.05,0.51,0.00,0.00,4.26,4.26,110,011,0,0,1941,1985,1991,1868,1974,1958,42.68,34.1,3383,52.859,84.58,1
2026-09-01T21:18:00.917,4.840,2,100,100,32,32,9.0,8.0,0.11,0.48,0.06,0.04,-0.37,-0.02,0.11,0.48,0.00,0.00,4.26,4.26,010,011,0,0,1928,1992,1995,1865,1974,1948,42.68,34.1,3383,52.859,84.58,1
2026-09-01T21:18:00.927,4.851,2,100,100,32,31,8.3,9.0,0.21,0.54,0.02,0.02,-0.35,0.09,0.21,0.54,0.00,0.00,4.26,4.26,010,010,0,0,1930,1989,2000,1865,1982,1946,42.68,34.1,3383,52.859,84.58,1
2026-09-01T21:18:00.942,4.866,2,100,100,31,31,8.9,8.2,0.43,0.36,0.04,0.04,-0.27,0.32,0.43,0.36,0.00,0.00,4.26,4.26,011,010,0,0,1928,1991,2005,1865,1976,1942,42.68,34.1,3383,52.859,84.58,1
2026-09-01T21:18:00.948,4.871,2,100,100,31,31,8.5,9.0,0.44,0.27,0.12,0.04,-0.03,0.31,0.44,0.27,0.00,0.00,4.26,4.26,011,110,0,0,1930,1989,2005,1865,1980,1935,42.68,34.1,3385,52.891,84.62,1
2026-09-01T21:18:00.958,4.882,2,100,100,32,31,8.9,8.4,0.55,0.08,0.06,0.04,0.05,0.36,0.55,0.08,0.00,0.00,4.26,4.26,001,110,0,0,1945,1984,2005,1868,1982,1942,42.68,34.1,3385,52.891,84.62,1
2026-09-01T21:18:00.969,4.892,2,100,100,32,31,8.5,9.0,0.46,0.00,0.12,0.04,0.31,0.19,0.46,0.00,0.00,0.00,4.26,4.26,001,100,0,0,1930,1984,2025,1860,1967,1930,42.68,34.1,3385,52.891,84.62,1
2026-09-01T21:18:00.979,4.903,2,100,100,32,31,9.0,8.3,0.24,-0.17,0.06,0.04,0.25,0.11,0.24,-0.17,0.00,0.00,4.26,4.26,101,100,0,0,1928,1973,2011,1865,1970,1938,42.68,34.1,3385,52.891,84.62,1
2026-09-01T21:18:00.989,4.913,2,100,100,32,31,8.3,9.0,0.05,-0.14,0.24,0.10,0.29,-0.16,0.05,-0.14,0.00,0.00,4.26,4.26,101,101,0,0,1930,1975,2009,1866,1962,1946,42.68,34.1,3384,52.875,84.60,1
2026-09-01T21:18:01.000,4.923,2,100,100,32,31,9.0,8.3,-0.02,-0.07,0.04,0.04,0.20,-0.22,-0.02,-0.07,0.00,0.00,4.26,4.26,100,101,0,0,1928,1973,2003,1865,1964,1946,42.68,34.1,3385,52.891,84.62,1
2026-09-01T21:18:01.010,4.934,2,100,100,32,31,8.3,8.9,-0.20,0.12,0.10,0.02,0.14,-0.34,-0.20,0.12,0.00,0.00,4.26,4.26,100,001,0,0,1927,1977,2003,1865,1960,1951,42.68,34.1,3383,52.859,84.58,1
2026-09-01T21:18:01.020,4.944,2,100,100,32,31,8.9,8.5,-0.17,0.23,0.06,0.04,-0.13,-0.26,-0.17,0.23,0.00,0.00,4.26,4.26,110,001,0,0,1946,1993,1991,1869,1972,1956,42.68,34.1,3382,52.844,84.55,1
2026-09-01T21:18:01.031,4.954,2,100,100,32,32,8.4,9.0,-0.03,0.41,0.06,0.04,-0.18,-0.25,-0.03,0.41,0.00,0.00,4.26,4.26,110,011,0,0,1938,1985,1989,1868,1974,1958,42.68,34.1,3383,52.859,84.58,1
2026-09-01T21:18:01.041,4.965,2,100,100,32,32,9.0,8.4,0.14,0.52,0.04,0.04,-0.34,-0.02,0.14,0.52,0.00,0.00,4.26,4.26,010,011,0,0,1928,1993,1995,1865,1974,1951,42.68,34.1,3383,52.859,84.58,1
2026-09-01T21:18:01.051,4.975,2,100,100,32,31,8.3,9.0,0.22,0.55,0.02,0.04,-0.34,0.05,0.22,0.55,0.00,0.00,4.26,4.26,010,010,0,0,1928,1989,2000,1866,1982,1946,42.68,34.1,3383,52.859,84.58,1
2026-09-01T21:18:01.062,4.985,2,100,100,32,31,9.0,8.4,0.45,0.36,0.06,0.04,-0.30,0.28,0.45,0.36,0.00,0.00,4.26,4.26,011,010,0,0,1929,1991,2003,1866,1976,1944,42.68,34.1,3383,52.859,84.58,1
2026-09-01T21:18:01.072,4.996,2,100,100,32,31,8.4,8.8,0.44,0.27,0.06,0.04,-0.03,0.29,0.44,0.27,0.00,0.00,4.26,4.26,011,110,0,0,1937,1989,2000,1867,1982,1942,42.68,34.1,3384,52.875,84.60,1
2026-09-01T21:18:01.082,5.006,2,100,100,31,31,8.9,8.7,0.47,0.13,0.26,0.08,0.05,0.39,0.47,0.13,0.00,0.00,4.26,4.26,001,110,0,0,1930,1984,2013,1864,1980,1935,42.68,34.1,3385,52.891,84.62,1
2026-09-01T21:18:01.093,5.016,2,100,100,31,31,8.6,8.9,0.53,0.01,0.06,0.04,0.33,0.17,0.53,0.01,0.00,0.00,4.26,4.26,001,100,0,0,1928,1984,2016,1865,1972,1934,42.68,34.1,3385,52.891,84.62,1
2026-09-01T21:18:01.103,5.027,2,100,100,32,31,9.0,8.6,0.24,-0.16,0.06,0.06,0.23,0.14,0.24,-0.16,0.00,0.00,4.26,4.26,101,100,0,0,1926,1973,2011,1864,1970,1935,42.68,34.1,3384,52.875,84.60,1
2026-09-01T21:18:01.113,5.037,2,100,100,32,31,8.4,8.9,0.06,-0.14,0.24,0.10,0.29,-0.16,0.06,-0.14,0.00,0.00,4.26,4.26,101,101,0,0,1926,1976,2011,1865,1962,1946,42.68,34.1,3385,52.891,84.62,1
2026-09-01T21:18:01.124,5.047,2,100,100,32,31,9.0,8.6,-0.03,-0.07,0.10,0.02,0.17,-0.21,-0.03,-0.07,0.00,0.00,4.26,4.26,100,101,0,0,1930,1973,2003,1864,1962,1946,42.68,34.1,3385,52.891,84.62,1
2026-09-01T21:18:01.134,5.058,2,100,100,32,31,8.3,8.7,-0.21,0.05,0.04,0.04,0.13,-0.33,-0.21,0.05,0.00,0.00,4.26,4.26,100,001,0,0,1927,1978,2003,1865,1962,1950,42.68,34.1,3381,52.828,84.53,1
2026-09-01T21:18:01.145,5.068,2,100,100,32,31,8.9,8.8,-0.19,0.22,0.18,-0.08,-0.13,-0.28,-0.19,0.22,0.00,0.00,4.26,4.26,110,001,0,0,1930,1984,1997,1864,1964,1951,42.68,34.1,3383,52.859,84.58,1
2026-09-01T21:18:01.155,5.078,2,100,100,32,32,8.4,8.8,-0.02,0.38,0.06,0.04,-0.19,-0.29,-0.02,0.38,0.00,0.00,4.26,4.26,110,011,0,0,1938,1985,1991,1864,1972,1954,42.68,34.1,3382,52.844,84.55,1
2026-09-01T21:18:01.165,5.089,2,100,100,32,32,9.0,8.7,0.12,0.51,0.12,0.02,-0.39,-0.05,0.12,0.51,0.00,0.00,4.26,4.26,010,011,0,0,1931,1993,1995,1864,1972,1951,42.68,34.1,3383,52.859,84.58,1
2026-09-01T21:18:01.176,5.099,2,100,100,32,31,8.3,8.8,0.24,0.53,0.06,0.04,-0.34,0.00,0.24,0.53,0.00,0.00,4.26,4.26,010,010,0,0,1928,1989,2000,1867,1982,1946,42.68,34.1,3381,52.828,84.53,1
2026-09-01T21:18:01.186,5.110,2,100,100,31,31,8.9,8.7,0.44,0.42,0.14,0.04,-0.31,0.26,0.44,0.42,0.00,0.00,4.26,4.26,011,010,0,0,1931,1993,2005,1865,1978,1944,42.68,34.1,3382,52.844,84.55,1
2026-09-01T21:18:01.196,5.120,2,100,100,31,31,8.5,8.6,0.46,0.28,0.06,0.04,-0.03,0.32,0.46,0.28,0.00,0.00,4.26,4.26,011,110,0,0,1927,1989,2005,1864,1978,1938,42.68,34.1,3384,52.875,84.60,1
2026-09-01T21:18:01.207,5.130,2,100,100,31,31,8.9,8.9,0.52,0.17,0.10,0.02,0.05,0.36,0.52,0.17,0.00,0.00,4.26,4.26,001,110,0,0,1931,1984,2013,1865,1980,1934,42.68,34.1,3385,52.891,84.62,1
2026-09-01T21:18:01.217,5.141,2,100,100,31,31,8.5,8.6,0.49,0.01,0.04,-0.06,0.31,0.20,0.49,0.01,0.00,0.00,4.26,4.26,001,100,0,0,1928,1984,2016,1864,1972,1938,42.68,34.1,3384,52.875,84.60,1
2026-09-01T21:18:01.227,5.151,2,100,100,32,31,8.9,8.9,0.24,-0.09,0.08,0.02,0.24,0.18,0.24,-0.09,0.00,0.00,4.26,4.26,101,100,0,0,1930,1973,2011,1865,1972,1935,42.68,34.1,3385,52.891,84.62,1
2026-09-01T21:18:01.238,5.161,2,100,100,32,31,8.4,8.7,0.08,-0.17,0.26,0.10,0.29,-0.12,0.08,-0.17,0.00,0.00,4.26,4.26,101,101,0,0,1926,1975,2011,1865,1962,1944,42.68,34.1,3384,52.875,84.60,1
2026-09-01T21:18:01.248,5.171,2,100,100,32,31,8.9,8.8,-0.03,-0.06,0.10,0.02,0.20,-0.17,-0.03,-0.06,0.00,0.00,4.26,4.26,100,101,0,0,1930,1974,2003,1864,1962,1944,42.68,34.1,3384,52.875,84.60,1
2026-09-01T21:18:01.258,5.182,2,100,100,32,31,8.4,8.6,-0.18,0.06,0.06,0.04,0.15,-0.31,-0.18,0.06,0.00,0.00,4.26,4.26,100,001,0,0,1929,1971,2001,1868,1964,1954,42.68,34.1,3381,52.828,84.53,1
2026-09-01T21:18:01.269,5.192,2,100,100,32,31,8.9,8.9,-0.18,0.21,0.10,0.04,-0.13,-0.28,-0.18,0.21,0.00,0.00,4.26,4.26,110,001,0,0,1933,1984,2010,1860,1964,1950,42.68,34.1,3383,52.859,84.58,1
2026-09-01T21:18:01.279,5.203,2,100,100,32,31,8.5,8.5,-0.02,0.33,0.02,0.02,-0.18,-0.30,-0.02,0.33,0.00,0.00,4.26,4.26,110,011,0,0,1927,1984,1995,1865,1970,1950,42.68,34.1,3381,52.828,84.53,1
2026-09-01T21:18:01.290,5.213,2,100,100,32,31,8.9,8.9,0.10,0.55,0.02,0.04,-0.39,-0.09,0.10,0.55,0.00,0.00,4.26,4.26,010,011,0,0,1928,1993,1995,1865,1972,1956,42.68,34.1,3383,52.859,84.58,1
2026-09-01T21:18:01.300,5.223,2,100,100,32,32,8.5,8.5,0.24,0.52,0.06,0.04,-0.32,-0.04,0.24,0.52,0.00,0.00,4.26,4.26,010,010,0,0,1930,1989,1997,1867,1982,1946,42.68,34.1,3381,52.828,84.53,1
2026-09-01T21:18:01.310,5.234,2,100,100,31,32,8.9,8.9,0.41,0.47,0.06,0.04,-0.29,0.23,0.41,0.47,0.00,0.00,4.26,4.26,011,010,0,0,1926,1991,2004,1865,1980,1944,42.68,34.1,3383,52.859,84.58,1
2026-09-01T21:18:01.321,5.244,2,100,100,31,31,8.6,8.4,0.47,0.31,0.04,0.04,-0.04,0.30,0.47,0.31,0.00,0.00,4.26,4.26,011,110,0,0,1927,1989,2001,1868,1978,1940,42.68,34.1,3383,52.859,84.58,1
2026-09-01T21:18:01.331,5.254,2,100,100,31,31,8.9,9.0,0.46,0.21,0.26,0.08,0.05,0.37,0.46,0.21,0.00,0.00,4.26,4.26,001,110,0,0,1925,1984,2013,1865,1980,1934,42.68,34.1,3385,52.891,84.62,1
2026-09-01T21:18:01.341,5.265,2,100,100,31,31,8.6,8.3,0.50,0.00,0.02,0.02,0.29,0.24,0.50,0.00,0.00,0.00,4.26,4.26,001,100,0,0,1926,1984,2013,1864,1972,1935,42.68,34.1,3384,52.875,84.60,1
2026-09-01T21:18:01.352,5.275,2,100,100,32,31,8.9,9.0,0.29,-0.05,0.06,0.08,0.25,0.19,0.29,-0.05,0.00,0.00,4.26,4.26,101,100,0,0,1928,1973,2011,1865,1972,1934,42.68,34.1,3384,52.875,84.60,1
2026-09-01T21:18:01.362,5.285,2,100,100,32,31,8.5,8.3,0.11,-0.19,0.10,0.02,0.30,-0.07,0.11,-0.19,0.00,0.00,4.27,4.27,101,101,0,0,1930,1975,2011,1864,1964,1944,42.70,34.1,3384,52.875,84.60,1
2026-09-01T21:18:01.372,5.296,2,100,100,32,31,8.9,9.0,-0.03,-0.07,0.06,0.04,0.16,-0.17,-0.03,-0.07,0.00,0.00,4.27,4.27,100,101,0,0,1940,1976,1997,1868,1964,1950,42.70,34.1,3385,52.891,84.62,1
2026-09-01T21:18:01.383,5.306,2,100,100,32,31,8.5,8.1,-0.20,-0.02,0.10,0.02,0.16,-0.22,-0.20,-0.02,0.00,0.00,4.27,4.27,100,001,0,0,1930,1977,2003,1865,1962,1948,42.70,34.1,3381,52.828,84.53,1
2026-09-01T21:18:01.393,5.316,2,100,100,32,31,8.8,9.0,-0.20,0.22,0.06,0.04,-0.10,-0.32,-0.20,0.22,0.00,0.00,4.27,4.27,110,001,0,0,1928,1984,1997,1865,1962,1954,42.70,34.1,3383,52.859,84.58,1
2026-09-01T21:18:01.403,5.327,2,100,100,32,31,8.6,8.0,-0.02,0.28,0.12,0.02,-0.18,-0.28,-0.02,0.28,0.00,0.00,4.27,4.27,110,011,0,0,1930,1984,1995,1865,1968,1948,42.70,34.1,3381,52.828,84.53,1
2026-09-01T21:18:01.414,5.337,2,100,100,31,31,8.7,9.0,0.02,0.56,0.06,0.06,-0.40,-0.19,0.02,0.56,0.00,0.00,4.27,4.27,010,011,0,0,1928,1991,1995,1865,1970,1956,42.70,34.1,3381,52.828,84.53,1
2026-09-01T21:18:01.424,5.348,2,100,100,31,31,8.8,7.9,0.25,0.40,0.08,-0.08,-0.33,0.00,0.25,0.40,0.00,0.00,4.27,4.27,010,010,0,0,1928,1993,1996,1865,1974,1951,42.70,34.1,3381,52.828,84.53,1
2026-09-01T21:18:01.434,5.358,2,100,100,31,31,8.7,9.0,0.33,0.51,0.18,0.12,-0.33,0.15,0.33,0.51,0.00,0.00,4.27,4.27,011,010,0,0,1927,1991,2006,1865,1980,1946,42.70,34.1,3381,52.828,84.53,1
2026-09-01T21:18:01.445,5.368,2,100,100,31,31,8.8,7.8,0.52,0.32,0.12,0.06,-0.08,0.16,0.52,0.32,0.00,0.00,4.27,4.27,011,010,0,0,1933,1994,2021,1861,1976,1944,42.70,34.1,3376,52.750,84.40,1
2026-09-01T21:18:01.455,5.379,2,100,100,31,31,8.8,9.1,0.45,0.26,0.06,0.06,0.03,0.31,0.45,0.26,0.00,0.00,4.27,4.27,001,110,0,0,1928,1984,2011,1865,1982,1934,42.70,34.1,3384,52.875,84.60,1
2026-09-01T21:18:01.466,5.389,2,100,100,31,31,8.7,8.0,0.46,0.04,0.12,0.02,0.25,0.31,0.46,0.04,0.00,0.00,4.27,4.27,001,110,0,0,1948,1984,2007,1868,1980,1942,42.70,34.1,3385,52.891,84.62,1
2026-09-01T21:18:01.476,5.399,2,100,100,31,31,8.7,9.0,0.28,-0.01,0.08,-0.06,0.26,0.18,0.28,-0.01,0.00,0.00,4.27,4.27,101,100,0,0,1926,1977,2013,1865,1972,1934,42.70,34.1,3384,52.875,84.60,1
2026-09-01T21:18:01.486,5.410,2,100,100,31,31,8.8,8.2,0.17,-0.15,0.14,0.02,0.36,0.09,0.17,-0.15,0.00,0.00,4.27,4.27,101,100,0,0,1936,1981,2013,1864,1970,1940,42.70,34.1,3384,52.875,84.60,1
2026-09-01T21:18:01.497,5.420,2,100,100,32,31,8.8,9.0,-0.02,-0.09,0.02,0.04,0.15,-0.18,-0.02,-0.09,0.00,0.00,4.27,4.27,100,101,0,0,1926,1975,2003,1865,1960,1944,42.70,34.1,3384,52.875,84.60,1
2026-09-01T21:18:01.507,5.430,2,100,100,32,31,8.6,8.1,-0.12,-0.03,0.14,0.02,0.14,-0.26,-0.12,-0.03,0.00,0.00,4.27,4.27,100,101,0,0,1930,1977,2003,1864,1964,1950,42.70,34.1,3384,52.875,84.60,1
2026-09-01T21:18:01.517,5.441,2,100,100,32,31,8.7,9.0,-0.22,0.17,0.42,0.12,-0.10,-0.35,-0.22,0.17,0.00,0.00,4.27,4.27,110,001,0,0,1925,1985,1999,1864,1962,1954,42.70,34.1,3381,52.828,84.53,1
2026-09-01T21:18:01.528,5.451,2,100,100,32,31,8.7,8.2,-0.05,0.23,0.12,0.04,-0.18,-0.26,-0.05,0.23,0.00,0.00,4.27,4.27,110,001,0,0,1940,1997,1980,1863,1972,1958,42.70,34.1,3383,52.859,84.58,1
2026-09-01T21:18:01.540,5.463,2,100,100,31,31,8.6,9.0,0.05,0.52,0.06,0.06,-0.32,-0.27,0.05,0.52,0.00,0.00,4.27,4.27,010,011,0,0,1927,1991,1997,1865,1972,1956,42.70,34.1,3381,52.828,84.53,1
2026-09-01T21:18:01.548,5.472,2,100,100,31,31,8.9,8.4,0.24,0.54,0.14,0.04,-0.33,-0.01,0.24,0.54,0.00,0.00,4.27,4.27,010,011,0,0,1947,1995,1987,1868,1976,1960,42.70,34.1,3383,52.859,84.58,1
2026-09-01T21:18:01.559,5.482,2,100,100,31,31,8.6,9.0,0.34,0.53,0.04,0.04,-0.29,0.08,0.34,0.53,0.00,0.00,4.27,4.27,011,010,0,0,1928,1990,2003,1866,1980,1944,42.70,34.1,3381,52.828,84.53,1
2026-09-01T21:18:01.569,5.493,2,100,100,31,31,8.9,8.3,0.59,0.39,0.16,-0.06,-0.03,0.30,0.59,0.39,0.00,0.00,4.27,4.27,011,010,0,0,1927,1993,2004,1864,1980,1942,42.70,34.1,3383,52.859,84.58,1
2026-09-01T21:18:01.579,5.503,2,100,100,31,31,8.7,8.9,0.45,0.31,0.04,0.04,0.01,0.29,0.45,0.31,0.00,0.00,4.27,4.27,001,110,0,0,1928,1984,2011,1865,1980,1934,42.70,34.1,3384,52.875,84.60,1
2026-09-01T21:18:01.590,5.513,2,100,100,31,31,8.8,8.6,0.49,0.10,0.46,0.10,0.25,0.37,0.49,0.10,0.00,0.00,4.27,4.27,001,110,0,0,1926,1984,2013,1864,1978,1935,42.70,34.1,3385,52.891,84.62,1
2026-09-01T21:18:01.600,5.524,2,100,100,31,31,8.6,8.8,0.26,-0.02,0.02,0.02,0.23,0.21,0.26,-0.02,0.00,0.00,4.27,4.27,101,100,0,0,1926,1975,2010,1865,1972,1934,42.70,34.1,3383,52.859,84.58,1
2026-09-01T21:18:01.610,5.534,2,100,100,31,31,8.9,8.7,0.16,-0.11,0.32,0.10,0.30,0.17,0.16,-0.11,0.00,0.00,4.27,4.27,101,100,0,0,1930,1973,2013,1864,1970,1934,42.70,34.1,3385,52.891,84.62,1
2026-09-01T21:18:01.621,5.544,2,100,100,32,31,8.5,8.9,-0.01,-0.11,0.06,0.04,0.26,-0.14,-0.01,-0.11,0.00,0.00,4.27,4.27,100,101,0,0,1927,1975,2005,1865,1960,1944,42.70,34.1,3384,52.875,84.60,1
2026-09-01T21:18:01.631,5.555,2,100,100,32,31,8.9,8.6,-0.06,-0.08,0.02,0.02,0.15,-0.22,-0.06,-0.08,0.00,0.00,4.27,4.27,100,101,0,0,1928,1967,1999,1864,1964,1946,42.70,34.1,3385,52.891,84.62,1
2026-09-01T21:18:01.641,5.565,2,100,100,32,31,8.6,8.8,-0.19,0.09,0.18,0.08,-0.07,-0.35,-0.19,0.09,0.00,0.00,4.27,4.27,110,001,0,0,1929,1984,1999,1865,1960,1952,42.70,34.1,3380,52.812,84.50,1
2026-09-01T21:18:01.652,5.576,2,100,100,32,31,8.8,8.7,-0.04,0.22,0.06,0.04,-0.17,-0.28,-0.04,0.22,0.00,0.00,4.27,4.27,110,001,0,0,1942,1984,1989,1868,1966,1956,42.70,34.1,3383,52.859,84.58,1
2026-09-01T21:18:01.662,5.586,2,100,100,31,31,8.4,8.7,0.03,0.38,0.04,0.04,-0.31,-0.29,0.03,0.38,0.00,0.00,4.27,4.27,010,011,0,0,1927,1990,1997,1865,1968,1952,42.70,34.1,3380,52.812,84.50,1
2026-09-01T21:18:01.672,5.596,2,100,100,31,31,8.9,8.8,0.24,0.58,0.06,0.04,-0.32,-0.06,0.24,0.58,0.00,0.00,4.27,4.27,010,011,0,0,1928,1993,1995,1866,1972,1956,42.70,34.1,3383,52.859,84.58,1
2026-09-01T21:18:01.683,5.606,2,100,100,31,31,8.3,8.7,0.30,0.51,0.04,0.04,-0.31,-0.01,0.30,0.51,0.00,0.00,4.27,4.27,011,010,0,0,1926,1989,2003,1865,1980,1944,42.70,34.1,3380,52.812,84.50,1
2026-09-01T21:18:01.693,5.617,2,100,100,31,31,9.0,8.8,0.52,0.45,0.04,0.02,-0.14,0.27,0.52,0.45,0.00,0.00,4.27,4.27,011,010,0,0,1928,1992,2005,1865,1980,1944,42.70,34.1,3383,52.859,84.58,1
2026-09-01T21:18:01.704,5.627,2,100,100,32,31,8.5,8.6,0.49,0.31,0.10,0.02,-0.01,0.26,0.49,0.31,0.00,0.00,4.27,4.27,001,110,0,0,1931,1984,2009,1864,1978,1935,42.70,34.1,3383,52.859,84.58,1
2026-09-01T21:18:01.714,5.637,2,100,100,32,31,8.9,8.9,0.52,0.19,0.06,0.04,0.23,0.35,0.52,0.19,0.00,0.00,4.27,4.27,001,110,0,0,1929,1984,2028,1860,1978,1932,42.70,34.1,3385,52.891,84.62,1
2026-09-01T21:18:01.724,5.648,2,100,100,31,31,8.4,8.4,0.30,0.00,0.10,0.02,0.28,0.25,0.30,0.00,0.00,0.00,4.27,4.27,101,100,0,0,1930,1977,2011,1865,1972,1935,42.70,34.1,3383,52.859,84.58,1
2026-09-01T21:18:01.735,5.658,2,100,100,31,31,9.0,9.0,0.22,-0.05,0.04,0.04,0.34,0.18,0.22,-0.05,0.00,0.00,4.27,4.27,101,100,0,0,1927,1973,2013,1866,1972,1934,42.70,34.1,3384,52.875,84.60,1
2026-09-01T21:18:01.745,5.668,2,100,100,31,31,8.3,8.4,-0.01,-0.18,0.10,0.02,0.28,-0.08,-0.01,-0.18,0.00,0.00,4.27,4.27,100,101,0,0,1930,1975,2005,1865,1964,1944,42.70,34.1,3383,52.859,84.58,1
2026-09-01T21:18:01.755,5.679,2,100,100,31,31,9.0,9.0,-0.09,-0.06,0.06,0.04,0.20,-0.18,-0.09,-0.06,0.00,0.00,4.27,4.27,100,101,0,0,1928,1973,2003,1865,1960,1944,42.70,34.1,3385,52.891,84.62,1
2026-09-01T21:18:01.766,5.689,2,100,100,32,31,8.4,8.4,-0.26,0.00,0.00,0.04,-0.02,-0.33,-0.26,0.00,0.00,0.00,4.27,4.27,110,001,0,0,1932,1979,2000,1866,1963,1951,42.70,34.1,3380,52.812,84.50,1
2026-09-01T21:18:01.776,5.700,2,100,100,32,31,8.9,9.0,-0.09,0.19,0.08,0.06,-0.16,-0.29,-0.09,0.19,0.00,0.00,4.27,4.27,110,001,0,0,1928,1984,1993,1866,1964,1951,42.70,34.1,3383,52.859,84.58,1
2026-09-01T21:18:01.786,5.710,2,100,100,31,31,8.1,8.2,0.06,0.30,0.10,0.02,0.02,-0.23,0.06,0.30,0.00,0.00,4.27,4.27,010,011,0,0,1931,1986,1993,1865,1968,1950,42.70,34.1,3380,52.812,84.50,1
2026-09-01T21:18:01.797,5.720,2,100,100,31,31,9.0,9.0,0.20,0.54,0.08,0.06,-0.33,-0.14,0.20,0.54,0.00,0.00,4.27,4.27,010,011,0,0,1930,1995,2009,1861,1972,1954,42.70,34.1,3383,52.859,84.58,1
2026-09-01T21:18:01.807,5.730,2,100,100,31,31,8.2,8.2,0.30,0.52,0.10,0.04,-0.31,-0.01,0.30,0.52,0.00,0.00,4.27,4.27,011,010,0,0,1931,1990,2003,1865,1976,1948,42.70,34.1,3380,52.812,84.50,1
2026-09-01T21:18:01.817,5.741,2,100,100,31,31,9.0,9.0,0.54,0.50,0.08,-0.06,-0.21,0.17,0.54,0.50,0.00,0.00,4.27,4.27,011,010,0,0,1928,1993,2005,1866,1982,1946,42.70,34.1,3383,52.859,84.58,1
2026-09-01T21:18:01.828,5.751,2,100,100,31,31,8.1,8.0,0.46,0.30,0.10,0.02,0.00,0.31,0.46,0.30,0.00,0.00,4.27,4.27,001,110,0,0,1930,1985,2007,1865,1976,1940,42.70,34.1,3383,52.859,84.58,1
2026-09-01T21:18:01.838,5.762,2,100,100,31,31,9.0,9.1,0.53,0.25,0.06,-0.06,0.17,0.33,0.53,0.25,0.00,0.00,4.27,4.27,001,110,0,0,1926,1984,2016,1865,1982,1935,42.70,34.1,3385,52.891,84.62,1
2026-09-01T21:18:01.848,5.772,2,100,100,31,31,8.2,7.8,0.30,0.24,0.12,0.04,0.29,0.32,0.30,0.24,0.00,0.00,4.27,4.27,101,110,0,0,1931,1979,2011,1865,1988,1946,42.70,34.1,3377,52.766,84.42,1
2026-09-01T21:18:01.859,5.782,2,100,100,31,30,9.0,9.0,0.21,-0.02,0.06,0.04,0.29,0.19,0.21,-0.02,0.00,0.00,4.27,4.27,101,100,0,0,1930,1975,2027,1861,1972,1932,42.70,34.1,3385,52.891,84.62,1
2026-09-01T21:18:01.869,5.793,2,100,100,32,30,8.1,8.2,0.00,-0.10,0.10,0.04,0.33,0.12,0.00,-0.10,0.00,0.00,4.27,4.27,100,101,0,0,1926,1975,2009,1864,1970,1935,42.70,34.1,3385,52.891,84.62,1
2026-09-01T21:18:01.880,5.803,2,100,100,32,31,9.0,9.0,-0.04,-0.12,0.34,0.10,0.14,-0.18,-0.04,-0.12,0.00,0.00,4.27,4.27,100,101,0,0,1928,1975,2003,1868,1962,1946,42.70,34.1,3385,52.891,84.62,1
2026-09-01T21:18:01.890,5.813,2,100,100,32,31,8.1,8.0,-0.19,-0.02,0.02,0.02,0.06,-0.28,-0.19,-0.02,0.00,0.00,4.27,4.27,110,101,0,0,1926,1979,2002,1864,1962,1948,42.70,34.1,3384,52.875,84.60,1
2026-09-01T21:18:01.900,5.824,2,100,100,32,31,9.0,9.0,-0.10,0.16,0.02,0.02,-0.15,-0.35,-0.10,0.16,0.00,0.00,4.27,4.27,110,001,0,0,1928,1984,1995,1865,1962,1952,42.70,34.1,3382,52.844,84.55,1
2026-09-01T21:18:01.911,5.834,2,100,100,32,31,8.1,8.0,-0.01,0.24,0.04,0.04,-0.29,-0.24,-0.01,0.24,0.00,0.00,4.27,4.27,010,001,0,0,1925,1989,2009,1859,1964,1944,42.70,34.1,3381,52.828,84.53,1
2026-09-01T21:18:01.921,5.844,2,100,100,32,30,9.0,9.0,0.21,0.48,0.24,0.08,-0.31,-0.25,0.21,0.48,0.00,0.00,4.27,4.27,010,011,0,0,1926,1993,1997,1865,1972,1956,42.70,34.1,3383,52.859,84.58,1
2026-09-01T21:18:01.931,5.855,2,100,100,31,30,7.9,8.4,0.20,0.56,0.04,0.04,0.16,0.01,0.20,0.56,0.00,0.00,4.27,4.27,011,011,0,0,1928,1989,1985,1865,1972,1954,42.70,34.1,3381,52.828,84.53,1
2026-09-01T21:18:01.942,5.865,2,100,100,31,31,9.0,9.0,0.49,0.54,0.24,0.08,-0.18,0.09,0.49,0.54,0.00,0.00,4.27,4.27,011,010,0,0,1930,1993,2005,1864,1980,1946,42.70,34.1,3383,52.859,84.58,1
2026-09-01T21:18:01.952,5.875,2,100,100,31,31,7.9,8.3,0.44,0.38,0.06,0.06,-0.09,0.29,0.44,0.38,0.00,0.00,4.27,4.27,001,010,0,0,1927,1991,2002,1865,1978,1944,42.70,34.1,3380,52.812,84.50,1
2026-09-01T21:18:01.962,5.886,2,100,100,31,31,9.1,8.9,0.53,0.29,0.04,0.04,0.14,0.28,0.53,0.29,0.00,0.00,4.27,4.27,001,110,0,0,1927,1984,2012,1865,1980,1935,42.70,34.1,3385,52.891,84.62,1
2026-09-01T21:18:01.973,5.896,2,100,100,32,31,8.1,8.5,0.30,0.10,0.02,0.04,0.26,0.38,0.30,0.10,0.00,0.00,4.27,4.27,101,110,0,0,1926,1979,2011,1865,1980,1935,42.70,34.1,3384,52.875,84.60,1
2026-09-01T21:18:01.983,5.907,2,100,100,32,30,9.0,8.8,0.22,-0.02,0.14,0.02,0.32,0.21,0.22,-0.02,0.00,0.00,4.27,4.27,101,100,0,0,1931,1973,2005,1868,1976,1943,42.70,34.1,3384,52.875,84.60,1
2026-09-01T21:18:01.993,5.917,2,100,100,31,30,7.9,8.7,0.34,-0.05,0.08,0.04,0.97,0.19,0.34,-0.05,0.00,0.00,4.27,4.27,100,100,0,0,1930,1984,2041,1866,1972,1932,42.70,34.1,3383,52.859,84.58,1
2026-09-01T21:18:02.004,5.927,2,100,100,31,31,9.0,8.9,-0.02,-0.15,0.10,0.02,0.16,-0.15,-0.02,-0.15,0.00,0.00,4.27,4.27,100,101,0,0,1930,1973,2003,1865,1960,1946,42.70,34.1,3385,52.891,84.62,1
2026-09-01T21:18:02.014,5.938,2,100,100,32,31,8.0,8.5,-0.19,-0.07,0.02,0.02,0.05,-0.22,-0.19,-0.07,0.00,0.00,4.27,4.27,110,101,0,0,1926,1979,2003,1865,1962,1946,42.70,34.1,3384,52.875,84.60,1
2026-09-01T21:18:02.024,5.948,2,100,100,32,31,9.0,8.8,-0.07,0.06,0.40,0.08,-0.15,-0.36,-0.07,0.06,0.00,0.00,4.27,4.27,110,001,0,0,1932,1979,1992,1866,1963,1951,42.70,34.1,3382,52.844,84.55,1
2026-09-01T21:18:02.035,5.958,2,100,100,32,31,8.1,8.6,-0.02,0.26,0.06,0.04,-0.27,-0.26,-0.02,0.26,0.00,0.00,4.27,4.27,010,001,0,0,1928,1987,1997,1865,1962,1951,42.70,34.1,3381,52.828,84.53,1
2026-09-01T21:18:02.045,5.969,2,100,100,32,31,9.0,8.7,0.19,0.34,0.14,0.04,-0.33,-0.25,0.19,0.34,0.00,0.00,4.27,4.27,010,011,0,0,1931,1993,1995,1864,1968,1950,42.70,34.1,3381,52.828,84.53,1
2026-09-01T21:18:02.061,5.985,2,100,100,31,31,7.9,8.8,0.22,0.54,0.10,0.06,0.08,-0.03,0.22,0.54,0.00,0.00,4.27,4.27,011,011,0,0,1929,1984,1971,1867,1972,1956,42.70,34.1,3380,52.812,84.50,1
2026-09-01T21:18:02.066,5.989,2,100,100,31,31,9.1,8.7,0.52,0.53,0.14,0.04,-0.21,0.00,0.52,0.53,0.00,0.00,4.27,4.27,011,010,0,0,1942,1995,2000,1864,1980,1946,42.70,34.1,3381,52.828,84.53,1
2026-09-01T21:18:02.076,6.000,2,100,100,31,31,7.9,8.8,0.44,0.47,0.04,0.04,0.07,0.27,0.44,0.47,0.00,0.00,4.27,4.27,011,010,0,0,1928,1987,2005,1866,1980,1946,42.70,34.1,3383,52.859,84.58,1
2026-09-01T21:18:02.087,6.010,2,100,100,32,31,9.1,8.7,0.55,0.30,0.14,0.04,0.14,0.26,0.55,0.30,0.00,0.00,4.27,4.27,001,110,0,0,1930,1984,2013,1864,1978,1935,42.70,34.1,3384,52.875,84.60,1
2026-09-01T21:18:02.097,6.020,2,100,100,32,31,8.0,8.8,0.31,0.16,0.06,0.06,0.29,0.36,0.31,0.16,0.00,0.00,4.27,4.27,101,110,0,0,1933,1981,2005,1867,1982,1940,42.70,34.1,3384,52.875,84.60,1
2026-09-01T21:18:02.107,6.031,2,100,100,32,31,9.0,8.5,0.22,0.00,0.12,0.04,0.31,0.25,0.22,0.00,0.00,0.00,4.27,4.27,101,100,0,0,1930,1973,2013,1864,1972,1935,42.70,34.1,3384,52.875,84.60,1
2026-09-01T21:18:02.118,6.041,2,100,100,32,31,8.0,9.0,0.02,-0.02,0.06,0.06,0.31,0.19,0.02,-0.02,0.00,0.00,4.27,4.27,100,100,0,0,1928,1973,2007,1866,1972,1932,42.70,34.1,3384,52.875,84.60,1
2026-09-01T21:18:02.128,6.051,2,100,100,32,31,9.0,8.4,-0.06,-0.19,0.04,0.02,0.20,-0.04,-0.06,-0.19,0.00,0.00,4.27,4.27,100,101,0,0,1926,1973,2005,1864,1964,1944,42.70,34.1,3384,52.875,84.60,1
2026-09-01T21:18:02.138,6.062,2,100,100,32,31,7.9,9.0,-0.16,-0.04,0.06,0.04,0.43,-0.16,-0.16,-0.04,0.00,0.00,4.27,4.27,110,101,0,0,1927,1963,2019,1865,1960,1944,42.70,34.1,3383,52.859,84.58,1
2026-09-01T21:18:02.149,6.072,2,100,100,32,31,9.0,8.4,-0.13,0.00,0.04,0.02,-0.16,-0.31,-0.13,0.00,0.00,0.00,4.27,4.27,110,001,0,0,1927,1984,1995,1864,1962,1950,42.70,34.1,3382,52.844,84.55,1
2026-09-01T21:18:02.159,6.082,2,100,100,32,31,7.9,9.0,-0.05,0.21,0.06,0.04,-0.26,-0.28,-0.05,0.21,0.00,0.00,4.27,4.27,010,001,0,0,1928,1987,1997,1865,1960,1952,42.70,34.1,3380,52.812,84.50,1
2026-09-01T21:18:02.169,6.093,2,100,100,32,31,9.0,8.3,0.19,0.29,0.04,0.02,-0.32,-0.23,0.19,0.29,0.00,0.00,4.27,4.27,010,011,0,0,1927,1991,1995,1865,1968,1950,42.70,34.1,3381,52.828,84.53,1
2026-09-01T21:18:02.180,6.103,2,100,100,32,31,7.9,9.0,0.16,0.55,0.02,0.04,-0.25,-0.13,0.16,0.55,0.00,0.00,4.27,4.27,011,011,0,0,1927,1987,2001,1865,1970,1956,42.70,34.1,3380,52.812,84.50,1
2026-09-01T21:18:02.190,6.114,2,100,100,32,31,9.1,8.2,0.55,0.51,0.06,0.02,-0.20,0.00,0.55,0.51,0.00,0.00,4.27,4.27,011,010,0,0,1928,1994,2005,1865,1976,1948,42.70,34.1,3381,52.828,84.53,1
2026-09-01T21:18:02.200,6.124,2,100,100,32,31,7.8,9.0,0.35,0.53,0.36,0.12,-0.17,0.20,0.35,0.53,0.00,0.00,4.27,4.27,011,010,0,0,1925,1995,1995,1865,1980,1945,42.70,34.1,3376,52.750,84.40,1
2026-09-01T21:18:02.211,6.134,2,100,100,31,31,9.0,8.2,0.53,0.30,0.06,0.04,0.12,0.28,0.53,0.30,0.00,0.00,4.27,4.27,001,110,0,0,1940,1984,2005,1870,1980,1944,42.70,34.1,3384,52.875,84.60,1
2026-09-01T21:18:02.221,6.145,2,100,100,32,31,7.9,9.0,0.35,0.23,0.02,0.04,0.35,0.33,0.35,0.23,0.00,0.00,4.27,4.27,101,110,0,0,1926,1979,2011,1864,1980,1934,42.70,34.1,3383,52.859,84.58,1
2026-09-01T21:18:02.231,6.155,2,100,100,32,31,9.0,8.0,0.21,0.00,0.06,0.02,0.29,0.52,0.21,0.00,0.00,0.00,4.27,4.27,101,100,0,0,1927,1973,2011,1866,1978,1935,42.70,34.1,3383,52.859,84.58,1
2026-09-01T21:18:02.242,6.165,2,100,100,32,31,8.0,9.1,0.00,-0.02,0.10,0.04,0.25,0.20,0.00,-0.02,0.00,0.00,4.27,4.27,100,100,0,0,1950,1984,2000,1868,1976,1940,42.70,34.1,3384,52.875,84.60,1
2026-09-01T21:18:02.252,6.176,2,100,100,32,31,9.0,8.0,-0.05,-0.14,0.06,0.04,0.20,0.05,-0.05,-0.14,0.00,0.00,4.27,4.27,100,101,0,0,1928,1973,2003,1865,1967,1940,42.70,34.1,3384,52.875,84.60,1
2026-09-01T21:18:02.263,6.186,2,100,100,32,31,7.9,9.0,-0.12,-0.06,0.10,0.04,0.47,-0.16,-0.12,-0.06,0.00,0.00,4.27,4.27,110,101,0,0,1931,1963,2017,1865,1960,1944,42.70,34.1,3383,52.859,84.58,1
2026-09-01T21:18:02.273,6.196,2,100,100,32,31,9.0,7.9,-0.05,-0.06,0.04,0.02,-0.13,-0.25,-0.05,-0.06,0.00,0.00,4.27,4.27,110,001,0,0,1927,1984,1995,1865,1964,1944,42.70,34.1,3380,52.812,84.50,1
2026-09-01T21:18:02.283,6.207,2,100,100,32,31,7.8,9.0,-0.12,0.18,0.12,0.04,-0.14,-0.31,-0.12,0.18,0.00,0.00,4.27,4.27,010,001,0,0,1925,1971,2005,1863,1962,1956,42.70,34.1,3380,52.812,84.50,1
2026-09-01T21:18:02.293,6.217,2,100,100,32,31,9.0,7.9,0.17,0.24,0.06,0.04,-0.37,-0.24,0.17,0.24,0.00,0.00,4.27,4.27,010,001,0,0,1928,1991,1995,1865,1966,1950,42.70,34.1,3383,52.859,84.58,1
2026-09-01T21:18:02.304,6.227,2,100,100,32,31,7.9,9.0,0.22,0.51,0.02,0.04,-0.29,-0.20,0.22,0.51,0.00,0.00,4.27,4.27,011,011,0,0,1927,1987,2001,1865,1968,1956,42.70,34.1,3380,52.812,84.50,1
2026-09-01T21:18:02.314,6.238,2,100,100,32,31,9.0,8.0,0.48,0.52,0.28,0.08,-0.18,0.00,0.48,0.52,0.00,0.00,4.27,4.27,011,011,0,0,1928,1993,2005,1865,1974,1950,42.70,34.1,3382,52.844,84.55,1
2026-09-01T21:18:02.325,6.248,2,100,100,31,31,7.9,9.0,0.48,0.52,0.08,0.04,-0.02,0.12,0.48,0.52,0.00,0.00,4.27,4.27,001,010,0,0,1931,1987,2007,1865,1980,1944,42.70,34.1,3380,52.812,84.50,1
2026-09-01T21:18:02.335,6.258,2,100,100,31,31,9.1,8.0,0.62,0.33,0.06,0.04,0.15,0.26,0.62,0.33,0.00,0.00,4.27,4.27,001,010,0,0,1928,1984,2016,1865,1978,1942,42.70,34.1,3383,52.859,84.58,1
2026-09-01T21:18:02.345,6.269,2,100,100,32,31,8.0,9.0,0.31,0.28,0.12,0.04,0.30,0.29,0.31,0.28,0.00,0.00,4.27,4.27,101,110,0,0,1949,1984,2003,1869,1983,1940,42.70,34.1,3384,52.875,84.60,1
2026-09-01T21:18:02.356,6.279,2,100,100,32,31,9.0,8.3,0.20,0.06,0.06,0.04,0.26,0.38,0.20,0.06,0.00,0.00,4.27,4.27,101,110,0,0,1938,1975,2005,1868,1980,1942,42.70,34.1,3385,52.891,84.62,1
2026-09-01T21:18:02.366,6.290,2,100,100,32,31,8.0,9.0,0.00,-0.01,0.10,0.02,0.34,0.19,0.00,-0.01,0.00,0.00,4.27,4.27,100,100,0,0,1930,1975,2007,1864,1972,1934,42.70,34.1,3384,52.875,84.60,1
2026-09-01T21:18:02.376,6.300,2,100,100,32,31,9.0,8.3,-0.06,-0.10,0.02,-0.06,0.22,0.13,-0.06,-0.10,0.00,0.00,4.27,4.27,100,100,0,0,1928,1975,2005,1865,1972,1938,42.70,34.1,3385,52.891,84.62,1
2026-09-01T21:18:02.387,6.310,2,100,100,32,31,8.1,9.0,-0.19,-0.09,0.08,0.02,0.01,-0.15,-0.19,-0.09,0.00,0.00,4.27,4.27,110,101,0,0,1929,1981,2001,1864,1960,1944,42.70,34.1,3384,52.875,84.60,1
2026-09-01T21:18:02.398,6.322,2,100,100,32,31,9.0,8.3,-0.06,-0.06,0.00,0.02,-0.14,-0.23,-0.06,-0.06,0.00,0.00,4.27,4.27,110,101,0,0,1928,1981,1993,1866,1964,1948,42.70,34.1,3384,52.875,84.60,1
2026-09-01T21:18:02.407,6.331,2,100,100,32,31,7.9,9.0,-0.05,0.12,0.12,0.02,0.34,-0.31,-0.05,0.12,0.00,0.00,4.27,4.27,010,001,0,0,1932,1949,2003,1864,1964,1952,42.70,34.1,3380,52.812,84.50,1
2026-09-01T21:18:02.418,6.341,2,100,100,32,31,9.0,8.4,0.18,0.24,0.04,0.02,-0.38,-0.24,0.18,0.24,0.00,0.00,4.27,4.27,010,001,0,0,1928,1993,1993,1865,1964,1951,42.70,34.1,3383,52.859,84.58,1
2026-09-01T21:18:02.428,6.352,2,100,100,31,31,7.9,9.0,0.26,0.43,0.04,0.04,-0.29,-0.25,0.26,0.43,0.00,0.00,4.27,4.27,011,011,0,0,1927,1989,2002,1865,1970,1953,42.70,34.1,3380,52.812,84.50,1
2026-09-01T21:18:02.438,6.362,2,100,100,31,31,9.1,8.4,0.46,0.52,0.06,0.04,-0.18,-0.02,0.46,0.52,0.00,0.00,4.27,4.27,011,011,0,0,1928,1992,2005,1865,1972,1951,42.70,34.1,3383,52.859,84.58,1
2026-09-01T21:18:02.449,6.372,2,100,100,32,31,8.0,9.0,0.45,0.54,0.02,0.04,0.00,0.07,0.45,0.54,0.00,0.00,4.27,4.27,001,010,0,0,1928,1984,2008,1866,1982,1946,42.70,34.1,3381,52.828,84.53,1
2026-09-01T21:18:02.459,6.383,2,100,100,32,31,9.1,8.4,0.60,0.40,0.06,0.04,0.16,0.29,0.60,0.40,0.00,0.00,4.27,4.27,001,010,0,0,1928,1984,2016,1864,1980,1942,42.70,34.1,3383,52.859,84.58,1
2026-09-01T21:18:02.470,6.393,2,100,100,32,31,8.0,8.9,0.28,0.27,0.02,0.04,0.30,0.29,0.28,0.27,0.00,0.00,4.27,4.27,101,110,0,0,1926,1980,2009,1865,1980,1935,42.70,34.1,3384,52.875,84.60,1
2026-09-01T21:18:02.480,6.403,2,100,100,32,31,9.0,8.6,0.21,0.09,0.02,0.02,0.27,0.39,0.21,0.09,0.00,0.00,4.27,4.27,101,110,0,0,1926,1973,2011,1866,1978,1935,42.70,34.1,3384,52.875,84.60,1
2026-09-01T21:18:02.490,6.414,2,100,100,32,31,8.0,8.9,0.02,-0.01,0.02,0.04,0.32,0.19,0.02,-0.01,0.00,0.00,4.27,4.27,100,100,0,0,1926,1973,2007,1864,1972,1935,42.70,34.1,3384,52.875,84.60,1
2026-09-01T21:18:02.501,6.424,2,100,100,32,31,9.0,8.6,-0.06,-0.08,0.02,0.04,0.21,0.15,-0.06,-0.08,0.00,0.00,4.27,4.27,100,100,0,0,1927,1976,2008,1866,1967,1935,42.70,34.1,3385,52.891,84.62,1
2026-09-01T21:18:02.511,6.434,2,100,100,32,31,8.0,8.9,-0.18,-0.16,0.06,0.06,0.01,-0.14,-0.18,-0.16,0.00,0.00,4.27,4.27,110,101,0,0,1926,1979,2001,1865,1962,1944,42.70,34.1,3384,52.875,84.60,1
2026-09-01T21:18:02.521,6.445,2,100,100,32,31,9.0,8.6,-0.05,-0.07,0.10,0.02,-0.13,-0.22,-0.05,-0.07,0.00,0.00,4.27,4.27,110,101,0,0,1930,1981,1995,1864,1962,1946,42.70,34.1,3385,52.891,84.62,1
2026-09-01T21:18:02.532,6.455,2,100,100,32,31,7.9,8.8,-0.16,0.08,0.04,0.04,0.14,-0.32,-0.16,0.08,0.00,0.00,4.27,4.27,010,001,0,0,1928,1969,2000,1865,1961,1951,42.70,34.1,3380,52.812,84.50,1
2026-09-01T21:18:02.542,6.465,2,100,100,32,31,9.0,8.6,0.18,0.21,0.10,0.02,-0.38,-0.26,0.18,0.21,0.00,0.00,4.27,4.27,010,001,0,0,1932,1993,1993,1864,1964,1951,42.70,34.1,3383,52.859,84.58,1
2026-09-01T21:18:02.552,6.476,2,100,100,32,31,7.9,8.8,0.29,0.37,0.04,0.04,-0.28,-0.28,0.29,0.37,0.00,0.00,4.27,4.27,011,011,0,0,1927,1989,2001,1865,1968,1950,42.70,34.1,3380,52.812,84.50,1
2026-09-01T21:18:02.563,6.486,2,100,100,32,31,9.0,8.7,0.46,0.55,0.02,0.02,-0.17,-0.04,0.46,0.55,0.00,0.00,4.27,4.27,011,011,0,0,1931,1992,2005,1865,1970,1954,42.70,34.1,3383,52.859,84.58,1
2026-09-01T21:18:02.573,6.497,2,100,100,32,32,8.0,8.8,0.51,0.53,0.06,0.06,-0.03,0.01,0.51,0.53,0.00,0.00,4.27,4.27,001,010,0,0,1928,1987,2007,1865,1982,1944,42.70,34.1,3381,52.828,84.53,1
2026-09-01T21:18:02.583,6.507,2,100,100,32,32,9.1,8.6,0.59,0.41,0.08,-0.06,0.16,0.25,0.59,0.41,0.00,0.00,4.27,4.27,001,010,0,0,1927,1985,2016,1864,1980,1946,42.70,34.1,3383,52.859,84.58,1
2026-09-01T21:18:02.594,6.517,2,100,100,32,31,8.1,8.7,0.26,0.27,0.26,0.10,0.27,0.31,0.26,0.27,0.00,0.00,4.27,4.27,101,110,0,0,1926,1980,2010,1864,1980,1940,42.70,34.1,3383,52.859,84.58,1
2026-09-01T21:18:02.604,6.528,2,100,100,32,31,9.0,8.8,0.20,0.13,0.10,0.04,0.28,0.38,0.20,0.13,0.00,0.00,4.27,4.27,101,110,0,0,1930,1973,2011,1865,1978,1935,42.70,34.1,3385,52.891,84.62,1
2026-09-01T21:18:02.614,6.538,2,100,100,32,31,8.0,8.7,0.02,-0.01,0.06,0.04,0.48,0.21,0.02,-0.01,0.00,0.00,4.27,4.27,100,100,0,0,1928,1973,2009,1866,1972,1935,42.73,34.1,3383,52.859,84.58,1
2026-09-01T21:18:02.625,6.548,2,100,100,32,31,9.0,8.8,-0.05,-0.07,0.10,0.02,0.21,0.18,-0.05,-0.07,0.00,0.00,4.27,4.27,100,100,0,0,1930,1972,2003,1865,1972,1934,42.73,34.1,3385,52.891,84.62,1
2026-09-01T21:18:02.635,6.559,2,100,100,32,31,8.1,8.7,-0.20,-0.17,0.04,0.04,0.02,-0.11,-0.20,-0.17,0.00,0.00,4.27,4.27,110,101,0,0,1928,1979,2001,1865,1962,1946,42.73,34.1,3383,52.859,84.58,1
2026-09-01T21:18:02.645,6.569,2,100,100,32,31,9.0,8.8,-0.06,-0.09,0.02,0.02,-0.13,-0.20,-0.06,-0.09,0.00,0.00,4.27,4.27,110,101,0,0,1930,1984,1995,1866,1964,1946,42.73,34.1,3384,52.875,84.60,1
2026-09-01T21:18:02.656,6.579,2,100,100,32,31,8.1,8.6,0.00,0.03,0.44,0.12,-0.30,-0.35,0.00,0.03,0.00,0.00,4.27,4.27,010,001,0,0,1926,1989,1997,1864,1963,1951,42.73,34.1,3380,52.812,84.50,1
2026-09-01T21:18:02.666,6.590,2,100,100,32,31,9.0,8.8,0.18,0.22,0.14,0.04,-0.34,-0.26,0.18,0.22,0.00,0.00,4.27,4.27,010,001,0,0,1929,1992,2008,1859,1960,1948,42.73,34.1,3383,52.859,84.58,1
2026-09-01T21:18:02.677,6.600,2,100,100,31,32,8.0,8.6,0.24,0.33,0.04,0.04,0.03,-0.27,0.24,0.33,0.00,0.00,4.27,4.27,011,011,0,0,1926,1992,1992,1865,1970,1951,42.73,34.1,3380,52.812,84.50,1
2026-09-01T21:18:02.687,6.610,2,100,100,31,32,9.0,8.8,0.49,0.51,0.34,0.08,-0.17,-0.08,0.49,0.51,0.00,0.00,4.27,4.27,011,011,0,0,1926,1993,2005,1864,1972,1954,42.73,34.1,3383,52.859,84.58,1
2026-09-01T21:18:02.697,6.621,2,100,100,32,32,8.0,8.6,0.46,0.54,0.40,0.12,0.00,0.00,0.46,0.54,0.00,0.00,4.27,4.27,001,010,0,0,1928,1987,2007,1865,1982,1946,42.73,34.1,3380,52.812,84.50,1
2026-09-01T21:18:02.708,6.631,2,100,100,32,32,9.1,8.8,0.57,0.46,0.12,0.04,0.16,0.23,0.57,0.46,0.00,0.00,4.27,4.27,001,010,0,0,1929,1984,2025,1860,1978,1940,42.73,34.1,3383,52.859,84.58,1
2026-09-01T21:18:02.718,6.641,2,100,100,32,31,8.2,8.5,0.26,0.28,0.06,0.04,0.25,0.30,0.26,0.28,0.00,0.00,4.27,4.27,101,110,0,0,1928,1975,2007,1866,1978,1940,42.73,34.1,3383,52.859,84.58,1
2026-09-01T21:18:02.728,6.652,2,100,100,32,31,9.0,8.9,0.17,0.17,0.10,0.02,0.29,0.38,0.17,0.17,0.00,0.00,4.27,4.27,101,110,0,0,1926,1973,2011,1865,1980,1935,42.73,34.1,3385,52.891,84.62,1
2026-09-01T21:18:02.739,6.662,2,100,100,32,31,8.1,8.5,0.04,0.00,0.02,0.04,0.51,0.20,0.04,0.00,0.00,0.00,4.27,4.27,100,100,0,0,1928,1973,2010,1865,1972,1935,42.73,34.1,3383,52.859,84.58,1
2026-09-01T21:18:02.749,6.673,2,100,100,32,31,9.0,8.9,-0.07,-0.05,0.08,0.02,0.21,0.17,-0.07,-0.05,0.00,0.00,4.27,4.27,100,100,0,0,1930,1973,2004,1865,1972,1935,42.73,34.1,3385,52.891,84.62,1
2026-09-01T21:18:02.759,6.683,2,100,100,32,31,8.1,8.5,-0.20,-0.20,0.00,0.02,0.01,-0.07,-0.20,-0.20,0.00,0.00,4.27,4.27,110,101,0,0,1926,1979,2001,1864,1964,1944,42.73,34.1,3383,52.859,84.58,1
2026-09-01T21:18:02.770,6.693,2,100,100,32,31,9.0,8.9,-0.05,-0.08,0.10,0.04,-0.14,-0.18,-0.05,-0.08,0.00,0.00,4.27,4.27,110,101,0,0,1926,1981,1995,1865,1962,1944,42.73,34.1,3385,52.891,84.62,1
2026-09-01T21:18:02.780,6.704,2,100,100,32,31,8.2,8.4,-0.05,0.03,0.00,-0.08,-0.34,-0.27,-0.05,0.03,0.00,0.00,4.27,4.27,010,001,0,0,1927,1991,1999,1864,1964,1951,42.73,34.1,3380,52.812,84.50,1
2026-09-01T21:18:02.790,6.714,2,100,100,32,31,9.0,9.0,0.18,0.19,0.04,0.04,-0.35,-0.27,0.18,0.19,0.00,0.00,4.27,4.27,010,001,0,0,1928,1991,1995,1865,1962,1951,42.73,34.1,3383,52.859,84.58,1
2026-09-01T21:18:02.801,6.724,2,100,100,31,32,8.1,8.5,0.30,0.31,0.04,0.04,-0.17,-0.28,0.30,0.31,0.00,0.00,4.27,4.27,011,011,0,0,1936,1993,1995,1867,1972,1956,42.73,34.1,3380,52.812,84.50,1
2026-09-01T21:18:02.811,6.735,2,100,100,31,32,9.0,8.9,0.49,0.53,0.08,0.06,-0.17,-0.11,0.49,0.53,0.00,0.00,4.27,4.27,011,011,0,0,1928,1993,2005,1866,1970,1954,42.73,34.1,3382,52.844,84.55,1
2026-09-01T21:18:02.821,6.745,2,100,100,31,31,8.0,8.4,0.43,0.48,0.08,0.04,0.04,0.00,0.43,0.48,0.00,0.00,4.27,4.27,001,010,0,0,1929,1988,2005,1864,1978,1946,42.73,34.1,3380,52.812,84.50,1
2026-09-01T21:18:02.832,6.755,2,100,100,31,31,9.1,9.0,0.61,0.47,0.04,-0.06,0.16,0.18,0.61,0.47,0.00,0.00,4.27,4.27,001,010,0,0,1928,1984,2016,1866,1982,1946,42.73,34.1,3383,52.859,84.58,1
2026-09-01T21:18:02.842,6.766,2,100,100,32,31,8.2,8.2,0.28,0.33,0.10,0.02,0.27,0.36,0.28,0.33,0.00,0.00,4.27,4.27,101,110,0,0,1930,1977,2009,1865,1978,1940,42.73,34.1,3383,52.859,84.58,1
2026-09-01T21:18:02.853,6.776,2,100,100,32,31,9.0,9.0,0.18,0.21,0.04,0.04,0.27,0.35,0.18,0.21,0.00,0.00,4.27,4.27,101,110,0,0,1928,1973,2011,1865,1980,1935,42.73,34.1,3387,52.922,84.67,1
2026-09-01T21:18:02.863,6.786,2,100,100,32,31,8.2,8.3,-0.01,-0.03,0.08,0.02,0.23,0.28,-0.01,-0.03,0.00,0.00,4.27,4.27,100,100,0,0,1930,1975,2005,1864,1972,1935,42.73,34.1,3383,52.859,84.58,1
2026-09-01T21:18:02.873,6.797,2,100,100,32,31,9.0,9.0,-0.07,-0.02,0.00,-0.06,0.21,0.18,-0.07,-0.02,0.00,0.00,4.27,4.27,100,100,0,0,1928,1975,2005,1865,1972,1935,42.73,34.1,3385,52.891,84.62,1
2026-09-01T21:18:02.884,6.807,2,100,100,32,31,8.1,8.2,-0.12,-0.20,0.10,0.02,0.24,-0.03,-0.12,-0.20,0.00,0.00,4.27,4.27,110,101,0,0,1930,1975,2002,1864,1966,1942,42.73,34.1,3383,52.859,84.58,1
2026-09-01T21:18:02.894,6.817,2,100,100,32,31,9.0,9.0,-0.04,-0.11,0.04,0.04,-0.12,-0.18,-0.04,-0.11,0.00,0.00,4.27,4.27,110,101,0,0,1928,1984,1993,1867,1962,1943,42.73,34.1,3384,52.875,84.60,1
2026-09-01T21:18:02.908,6.831,2,100,100,32,31,8.1,8.1,0.00,-0.05,0.08,0.04,-0.30,-0.27,0.00,-0.05,0.00,0.00,4.27,4.27,010,001,0,0,1930,1988,1995,1864,1964,1948,42.73,34.1,3380,52.812,84.50,1
2026-09-01T21:18:02.915,6.838,2,100,100,32,31,9.0,9.0,0.16,0.20,0.02,-0.04,-0.37,-0.29,0.16,0.20,0.00,0.00,4.27,4.27,010,001,0,0,1928,1993,1997,1865,1964,1956,42.73,34.1,3383,52.859,84.58,1
2026-09-01T21:18:02.925,6.848,2,100,100,31,32,8.1,8.2,0.23,0.28,0.10,0.02,-0.21,-0.27,0.23,0.28,0.00,0.00,4.27,4.27,011,011,0,0,1951,1993,1995,1867,1972,1956,42.73,34.1,3380,52.812,84.50,1
2026-09-01T21:18:02.935,6.859,2,100,100,31,32,9.0,9.0,0.49,0.53,0.06,0.04,-0.17,-0.16,0.49,0.53,0.00,0.00,4.27,4.27,011,011,0,0,1928,1993,2005,1865,1972,1954,42.73,34.1,3383,52.859,84.58,1
2026-09-01T21:18:02.948,6.871,2,100,100,31,32,7.9,8.2,0.43,0.48,0.14,0.04,-0.03,-0.03,0.43,0.48,0.00,0.00,4.27,4.27,001,010,0,0,1931,2009,1981,1865,1980,1948,42.73,34.1,3379,52.797,84.47,1
2026-09-01T21:18:02.956,6.880,2,100,100,31,32,9.1,9.0,0.60,0.49,0.08,0.04,0.14,0.17,0.60,0.49,0.00,0.00,4.27,4.27,001,010,0,0,1926,1984,2027,1860,1978,1940,42.73,34.1,3383,52.859,84.58,1
2026-09-01T21:18:02.966,6.890,2,100,100,32,32,8.0,7.8,0.36,0.99,0.10,0.08,0.35,0.43,0.36,0.99,0.00,0.00,4.27,4.27,101,010,0,0,1931,1980,2012,1868,1968,1993,42.73,34.1,3374,52.719,84.35,1
2026-09-01T21:18:02.977,6.900,2,100,100,32,31,9.0,9.1,0.18,0.24,0.04,0.04,0.28,0.33,0.18,0.24,0.00,0.00,4.27,4.27,101,110,0,0,1928,1973,2011,1867,1980,1935,42.73,34.1,3384,52.875,84.60,1
2026-09-01T21:18:02.987,6.911,2,100,100,32,31,8.1,8.0,0.00,0.03,0.08,0.02,0.32,0.30,0.00,0.03,0.00,0.00,4.27,4.27,100,100,0,0,1930,1973,2007,1864,1974,1935,42.73,34.1,3383,52.859,84.58,1
2026-09-01T21:18:02.997,6.921,2,100,100,32,31,9.0,9.0,-0.05,-0.01,0.06,0.04,0.19,0.16,-0.05,-0.01,0.00,0.00,4.27,4.27,100,100,0,0,1926,1973,2016,1861,1970,1930,42.73,34.1,3385,52.891,84.62,1
2026-09-01T21:18:03.008,6.931,2,100,100,32,31,8.0,8.0,-0.19,-0.17,0.02,0.04,0.22,0.00,-0.19,-0.17,0.00,0.00,4.27,4.27,110,101,0,0,1926,1975,2003,1865,1966,1941,42.73,34.1,3383,52.859,84.58,1
2026-09-01T21:18:03.018,6.942,2,100,100,32,31,9.0,9.0,-0.07,-0.10,0.06,0.04,-0.14,-0.16,-0.07,-0.10,0.00,0.00,4.27,4.27,110,101,0,0,1937,1984,1989,1868,1966,1950,42.73,34.1,3385,52.891,84.62,1
2026-09-01T21:18:03.029,6.952,2,100,100,32,31,8.0,7.8,0.00,-0.08,0.02,0.02,-0.29,0.01,0.00,-0.08,0.00,0.00,4.27,4.27,010,101,0,0,1927,1989,1995,1865,1973,1920,42.73,34.1,3377,52.766,84.42,1
2026-09-01T21:18:03.039,6.962,2,100,100,32,31,9.0,9.0,0.18,0.14,0.04,0.04,-0.37,-0.31,0.18,0.14,0.00,0.00,4.27,4.27,010,001,0,0,1927,1993,1995,1864,1962,1951,42.73,34.1,3383,52.859,84.58,1
2026-09-01T21:18:03.049,6.973,2,100,100,31,31,7.9,8.1,0.16,0.26,0.06,0.04,-0.01,-0.21,0.16,0.26,0.00,0.00,4.27,4.27,011,001,0,0,1928,1981,1971,1865,1966,1951,42.73,34.1,3443,53.797,86.08,1
2026-09-01T21:18:03.060,6.983,2,100,100,31,32,9.1,9.0,0.50,0.46,0.06,0.04,-0.20,-0.19,0.50,0.46,0.00,0.00,4.27,4.27,011,011,0,0,1926,1993,2005,1864,1972,1956,42.73,34.1,3383,52.859,84.58,1
2026-09-01T21:18:03.070,6.993,2,100,100,31,32,7.9,7.8,0.45,0.49,0.04,0.04,0.00,-0.08,0.45,0.49,0.00,0.00,4.27,4.27,001,011,0,0,1928,1986,2006,1865,1976,1948,42.73,34.1,3373,52.703,84.33,1
2026-09-01T21:18:03.080,7.004,2,100,100,31,31,9.1,9.0,0.59,0.53,0.04,0.04,0.14,0.12,0.59,0.53,0.00,0.00,4.27,4.27,001,010,0,0,1928,1984,2016,1865,1980,1946,42.73,34.1,3383,52.859,84.58,1
2026-09-01T21:18:03.091,7.014,2,100,100,32,31,7.9,7.9,0.40,0.33,0.04,0.04,0.33,0.22,0.40,0.33,0.00,0.00,4.27,4.27,101,010,0,0,1927,1981,2014,1865,1978,1940,42.73,34.1,3380,52.812,84.50,1
2026-09-01T21:18:03.101,7.024,2,100,100,32,31,9.0,9.0,0.21,0.24,0.10,0.02,0.28,0.34,0.21,0.24,0.00,0.00,4.27,4.27,101,110,0,0,1931,1973,2012,1865,1980,1935,42.73,34.1,3385,52.891,84.62,1
2026-09-01T21:18:03.111,7.035,2,100,100,31,31,7.9,8.3,0.02,0.03,0.30,0.10,0.26,0.38,0.02,0.03,0.00,0.00,4.27,4.27,100,110,0,0,1926,1975,2008,1864,1978,1938,42.73,34.1,3383,52.859,84.58,1
2026-09-01T21:18:03.122,7.045,2,100,100,31,31,9.0,9.0,-0.04,0.00,0.00,-0.06,0.21,0.18,-0.04,0.00,0.00,0.00,4.27,4.27,100,100,0,0,1930,1973,2005,1864,1972,1935,42.73,34.1,3385,52.891,84.62,1
2026-09-01T21:18:03.132,7.056,2,100,100,32,31,7.8,8.2,-0.17,-0.11,0.04,0.04,0.12,0.10,-0.17,-0.11,0.00,0.00,4.27,4.27,110,100,0,0,1928,1973,2025,1859,1968,1932,42.73,34.1,3382,52.844,84.55,1
2026-09-01T21:18:03.142,7.066,2,100,100,32,31,9.0,9.0,-0.07,-0.13,0.02,0.02,-0.14,-0.16,-0.07,-0.13,0.00,0.00,4.27,4.27,110,101,0,0,1930,1984,1994,1866,1962,1946,42.73,34.1,3384,52.875,84.60,1
2026-09-01T21:18:03.153,7.076,2,100,100,32,31,7.8,8.1,-0.02,-0.03,0.06,0.04,-0.21,-0.26,-0.02,-0.03,0.00,0.00,4.27,4.27,110,101,0,0,1938,1991,1991,1867,1968,1952,42.73,34.1,3378,52.781,84.45,1
2026-09-01T21:18:03.163,7.087,2,100,100,32,31,9.0,9.0,0.18,0.14,0.12,0.02,-0.36,-0.32,0.18,0.14,0.00,0.00,4.27,4.27,010,001,0,0,1931,1993,1993,1864,1962,1951,42.73,34.1,3383,52.859,84.58,1
2026-09-01T21:18:03.173,7.097,2,100,100,32,31,7.9,8.2,0.26,0.23,0.04,0.04,-0.35,-0.24,0.26,0.23,0.00,0.00,4.27,4.27,010,001,0,0,1928,1989,2001,1866,1965,1951,42.73,34.1,3383,52.859,84.58,1
2026-09-01T21:18:03.184,7.107,2,100,100,31,32,9.0,9.0,0.48,0.46,0.10,0.02,-0.22,-0.24,0.48,0.46,0.00,0.00,4.27,4.27,011,011,0,0,1931,1993,2005,1865,1972,1954,42.73,34.1,3383,52.859,84.58,1
2026-09-01T21:18:03.194,7.118,2,100,100,31,32,8.1,8.2,0.46,0.52,0.28,0.10,0.00,-0.02,0.46,0.52,0.00,0.00,4.27,4.27,011,011,0,0,1926,1989,2006,1865,1974,1951,42.73,34.1,3383,52.859,84.58,1
2026-09-01T21:18:03.204,7.128,2,100,100,31,32,9.0,9.0,0.57,0.54,0.12,0.04,0.11,0.07,0.57,0.54,0.00,0.00,4.27,4.27,001,010,0,0,1929,1984,2025,1860,1980,1940,42.73,34.1,3383,52.859,84.58,1
2026-09-01T21:18:03.215,7.138,2,100,100,31,32,8.1,8.2,0.40,0.36,0.06,0.04,0.33,0.23,0.40,0.36,0.00,0.00,4.27,4.27,001,010,0,0,1928,1979,2011,1866,1978,1941,42.73,34.1,3383,52.859,84.58,1
2026-09-01T21:18:03.225,7.149,2,100,100,31,31,9.0,9.0,0.21,0.27,0.10,0.04,0.27,0.30,0.21,0.27,0.00,0.00,4.27,4.27,101,110,0,0,1931,1973,2011,1864,1980,1935,42.73,34.1,3385,52.891,84.62,1
2026-09-01T21:18:03.236,7.159,2,100,100,31,31,8.0,8.5,0.04,0.07,0.02,0.02,0.27,0.37,0.04,0.07,0.00,0.00,4.27,4.27,101,110,0,0,1927,1975,2009,1865,1978,1935,42.73,34.1,3385,52.891,84.62,1
2026-09-01T21:18:03.246,7.169,2,100,100,32,31,9.0,8.9,-0.02,0.00,0.02,0.02,0.21,0.18,-0.02,0.00,0.00,0.00,4.27,4.27,100,100,0,0,1929,1973,2003,1864,1972,1935,42.73,34.1,3385,52.891,84.62,1
2026-09-01T21:18:03.256,7.180,2,100,100,32,31,7.9,8.5,-0.17,-0.09,0.06,0.04,0.07,0.15,-0.17,-0.09,0.00,0.00,4.27,4.27,100,100,0,0,1925,1979,2016,1860,1967,1932,42.73,34.1,3385,52.891,84.62,1
2026-09-01T21:18:03.267,7.190,2,100,100,32,31,9.0,8.9,-0.07,-0.15,0.10,0.02,-0.14,-0.15,-0.07,-0.15,0.00,0.00,4.27,4.27,110,101,0,0,1931,1981,1995,1864,1962,1946,42.73,34.1,3385,52.891,84.62,1
2026-09-01T21:18:03.277,7.200,2,100,100,32,31,8.1,8.4,0.00,-0.06,0.02,0.02,-0.20,-0.23,0.00,-0.06,0.00,0.00,4.27,4.27,110,101,0,0,1928,1986,1995,1865,1962,1946,42.73,34.1,3385,52.891,84.62,1
2026-09-01T21:18:03.287,7.211,2,100,100,31,31,9.0,8.9,0.10,0.09,0.08,-0.08,-0.40,-0.30,0.10,0.09,0.00,0.00,4.27,4.27,010,001,0,0,1930,1993,1995,1864,1964,1954,42.73,34.1,3383,52.859,84.58,1
2026-09-01T21:18:03.298,7.221,2,100,100,31,31,8.4,8.6,0.26,0.24,0.06,0.04,-0.29,-0.25,0.26,0.24,0.00,0.00,4.27,4.27,010,001,0,0,1928,1989,1996,1866,1962,1951,42.73,34.1,3383,52.859,84.58,1
2026-09-01T21:18:03.308,7.232,2,100,100,31,31,9.0,8.9,0.47,0.39,0.04,0.04,-0.25,-0.28,0.47,0.39,0.00,0.00,4.27,4.27,011,011,0,0,1927,1993,2005,1865,1972,1951,42.73,34.1,3382,52.844,84.55,1
2026-09-01T21:18:03.318,7.242,2,100,100,31,31,8.3,8.6,0.46,0.53,0.02,0.04,-0.01,-0.04,0.46,0.53,0.00,0.00,4.27,4.27,011,011,0,0,1928,1988,2005,1865,1972,1951,42.73,34.1,3383,52.859,84.58,1
2026-09-01T21:18:03.329,7.252,2,100,100,31,31,9.0,8.8,0.63,0.53,0.10,0.02,0.08,0.00,0.63,0.53,0.00,0.00,4.27,4.27,001,010,0,0,1928,1984,2016,1866,1982,1945,42.73,34.1,3383,52.859,84.58,1
2026-09-01T21:18:03.339,7.263,2,100,100,31,31,8.3,8.6,0.46,0.43,0.00,-0.06,0.36,0.25,0.46,0.43,0.00,0.00,4.27,4.27,001,010,0,0,1926,1984,2016,1865,1982,1946,42.73,34.1,3383,52.859,84.58,1
2026-09-01T21:18:03.349,7.273,2,100,100,31,31,9.0,8.8,0.22,0.28,0.24,0.10,0.23,0.31,0.22,0.28,0.00,0.00,4.27,4.27,101,110,0,0,1930,1977,2013,1864,1980,1938,42.73,34.1,3384,52.875,84.60,1
2026-09-01T21:18:03.360,7.283,2,100,100,31,31,8.4,8.8,0.09,0.15,0.02,0.04,0.31,0.37,0.09,0.15,0.00,0.00,4.27,4.27,101,110,0,0,1927,1973,2011,1865,1980,1935,42.73,34.1,3385,52.891,84.62,1
2026-09-01T21:18:03.370,7.294,2,100,100,32,31,9.0,8.7,0.00,0.00,0.06,0.04,0.18,0.20,0.00,0.00,0.00,0.00,4.27,4.27,100,100,0,0,1928,1973,2003,1865,1970,1934,42.73,34.1,3384,52.875,84.60,1
2026-09-01T21:18:03.380,7.304,2,100,100,32,31,8.1,8.8,-0.18,-0.06,0.06,0.10,0.10,0.17,-0.18,-0.06,0.00,0.00,4.27,4.27,100,100,0,0,1926,1977,2001,1865,1972,1934,42.73,34.1,3385,52.891,84.62,1
2026-09-01T21:18:03.391,7.314,2,100,100,32,31,9.0,8.7,-0.09,-0.18,0.06,0.04,-0.13,-0.12,-0.09,-0.18,0.00,0.00,4.27,4.27,110,101,0,0,1928,1984,1995,1865,1962,1946,42.73,34.1,3383,52.859,84.58,1
2026-09-01T21:18:03.401,7.325,2,100,100,32,31,8.2,8.8,0.01,-0.05,0.24,0.10,-0.18,-0.19,0.01,-0.05,0.00,0.00,4.27,4.27,110,101,0,0,1929,1985,1995,1864,1962,1946,42.73,34.1,3385,52.891,84.62,1
2026-09-01T21:18:03.411,7.335,2,100,100,31,31,8.9,8.7,0.10,0.06,0.08,0.08,-0.40,-0.33,0.10,0.06,0.00,0.00,4.27,4.27,010,001,0,0,1925,1993,2009,1859,1960,1948,42.73,34.1,3381,52.828,84.53,1
2026-09-01T21:18:03.422,7.345,2,100,100,31,31,8.5,8.8,0.25,0.24,0.10,0.04,-0.29,-0.26,0.25,0.24,0.00,0.00,4.27,4.27,010,001,0,0,1931,1991,1995,1865,1962,1951,42.73,34.1,3383,52.859,84.58,1
2026-09-01T21:18:03.432,7.356,2,100,100,31,31,9.0,8.5,0.44,0.33,0.28,0.08,-0.25,-0.28,0.44,0.33,0.00,0.00,4.27,4.27,011,011,0,0,1927,1994,2005,1865,1970,1950,42.73,34.1,3381,52.828,84.53,1
2026-09-01T21:18:03.443,7.366,2,100,100,31,31,8.4,8.9,0.47,0.57,0.12,0.02,-0.03,-0.09,0.47,0.57,0.00,0.00,4.27,4.27,011,011,0,0,1930,1988,2005,1865,1972,1956,42.73,34.1,3383,52.859,84.58,1
2026-09-01T21:18:03.453,7.376,2,100,100,31,31,9.0,8.6,0.60,0.51,0.06,0.06,0.06,-0.03,0.60,0.51,0.00,0.00,4.27,4.27,001,010,0,0,1929,1984,2015,1865,1980,1944,42.73,34.1,3379,52.797,84.47,1
2026-09-01T21:18:03.463,7.387,2,100,100,31,31,8.4,8.9,0.45,0.48,0.12,0.04,0.33,0.23,0.45,0.48,0.00,0.00,4.27,4.27,001,010,0,0,1931,1984,2013,1865,1980,1944,42.73,34.1,3383,52.859,84.58,1
2026-09-01T21:18:03.474,7.397,2,100,100,31,31,9.0,8.4,0.24,0.29,0.06,0.04,0.23,0.29,0.24,0.29,0.00,0.00,4.27,4.27,101,110,0,0,1927,1974,2011,1865,1978,1938,42.73,34.1,3384,52.875,84.60,1
2026-09-01T21:18:03.484,7.407,2,100,100,31,31,8.4,9.0,0.07,0.20,0.10,0.04,0.31,0.37,0.07,0.20,0.00,0.00,4.27,4.27,101,110,0,0,1930,1973,2010,1865,1980,1934,42.73,34.1,3385,52.891,84.62,1
2026-09-01T21:18:03.494,7.418,2,100,100,32,31,8.9,8.3,-0.02,-0.02,0.06,0.04,0.20,0.27,-0.02,-0.02,0.00,0.00,4.27,4.27,100,100,0,0,1928,1973,2004,1865,1974,1935,42.73,34.1,3384,52.875,84.60,1
2026-09-01T21:18:03.505,7.428,2,100,100,32,31,8.5,9.0,-0.15,0.00,0.08,0.02,0.17,0.18,-0.15,0.00,0.00,0.00,4.27,4.27,100,100,0,0,1930,1975,2004,1865,1972,1932,42.73,34.1,3385,52.891,84.62,1
2026-09-01T21:18:03.516,7.440,2,100,100,32,31,9.0,8.4,-0.10,-0.19,0.06,0.04,-0.12,-0.07,-0.10,-0.19,0.00,0.00,4.27,4.27,110,101,0,0,1922,1984,2009,1860,1962,1940,42.73,34.1,3384,52.875,84.60,1
2026-09-01T21:18:03.529,7.452,2,100,100,32,31,8.4,9.0,-0.03,-0.07,0.08,0.02,-0.18,-0.17,-0.03,-0.07,0.00,0.00,4.27,4.27,110,101,0,0,1930,1984,1995,1865,1960,1944,42.73,34.1,3385,52.891,84.62,1
2026-09-01T21:18:03.535,7.459,2,100,100,31,31,8.9,8.2,0.09,0.01,0.06,0.04,-0.40,-0.22,0.09,0.01,0.00,0.00,4.27,4.27,010,001,0,0,1928,1993,1995,1865,1964,1950,42.73,34.1,3381,52.828,84.53,1
2026-09-01T21:18:03.546,7.469,2,100,100,31,31,8.6,9.0,0.24,0.24,0.10,0.02,-0.32,-0.30,0.24,0.24,0.00,0.00,4.27,4.27,010,001,0,0,1932,1991,1996,1865,1960,1954,42.73,34.1,3383,52.859,84.58,1
2026-09-01T21:18:03.556,7.480,2,100,100,31,31,8.8,8.2,0.40,0.28,0.04,0.04,-0.29,-0.28,0.40,0.28,0.00,0.00,4.27,4.27,011,011,0,0,1928,1991,2005,1865,1968,1950,42.73,34.1,3381,52.828,84.53,1
2026-09-01T21:18:03.567,7.490,2,100,100,31,31,8.7,9.0,0.49,0.56,0.10,0.04,-0.04,-0.16,0.49,0.56,0.00,0.00,4.27,4.27,011,011,0,0,1930,1991,2004,1865,1972,1956,42.73,34.1,3383,52.859,84.58,1
2026-09-01T21:18:03.577,7.500,2,100,100,32,31,8.9,8.2,0.59,0.52,0.06,0.04,0.04,-0.03,0.59,0.52,0.00,0.00,4.27,4.27,001,010,0,0,1928,1984,2014,1865,1980,1948,42.73,34.1,3381,52.828,84.53,1
2026-09-01T21:18:03.588,7.511,2,100,100,32,31,8.5,9.0,0.46,0.52,0.10,0.02,0.32,0.17,0.46,0.52,0.00,0.00,4.27,4.27,001,010,0,0,1931,1981,2012,1865,1982,1946,42.73,34.1,3383,52.859,84.58,1
2026-09-01T21:18:03.598,7.521,2,100,100,31,31,8.9,8.0,0.26,0.33,0.06,0.02,0.26,0.46,0.26,0.33,0.00,0.00,4.27,4.27,101,110,0,0,1927,1975,2011,1864,1978,1944,42.73,34.1,3384,52.875,84.60,1
2026-09-01T21:18:03.608,7.531,2,100,100,31,31,8.6,9.1,0.11,0.25,0.08,0.02,0.31,0.35,0.11,0.25,0.00,0.00,4.27,4.27,101,110,0,0,1928,1973,2011,1865,1982,1934,42.73,34.1,3385,52.891,84.62,1
2026-09-01T21:18:03.618,7.542,2,100,100,31,31,8.8,7.8,-0.02,0.07,0.04,0.04,0.17,0.26,-0.02,0.07,0.00,0.00,4.27,4.27,100,110,0,0,1927,1975,2005,1865,1976,1940,42.73,34.1,3378,52.781,84.45,1
2026-09-01T21:18:03.629,7.552,2,100,100,31,31,8.6,9.0,-0.14,0.00,0.00,0.04,0.18,0.18,-0.14,0.00,0.00,0.00,4.27,4.27,100,100,0,0,1926,1973,2004,1865,1972,1934,42.73,34.1,3385,52.891,84.62,1
2026-09-01T21:18:03.639,7.563,2,100,100,32,31,8.9,8.1,-0.13,-0.17,0.06,0.04,-0.12,0.09,-0.13,-0.17,0.00,0.00,4.27,4.27,110,100,0,0,1928,1982,1996,1864,1969,1939,42.73,34.1,3447,53.859,86.17,1
2026-09-01T21:18:03.650,7.573,2,100,100,32,31,8.5,9.0,-0.01,-0.09,0.02,0.04,-0.17,-0.17,-0.01,-0.09,0.00,0.00,4.27,4.27,110,101,0,0,1926,1985,1995,1865,1960,1944,42.73,34.1,3385,52.891,84.62,1
2026-09-01T21:18:03.663,7.586,2,100,100,31,31,8.8,7.9,0.08,-0.03,0.06,0.04,-0.34,-0.27,0.08,-0.03,0.00,0.00,4.27,4.27,010,101,0,0,1926,1991,1995,1864,1964,1948,42.73,34.1,3384,52.875,84.60,1
2026-09-01T21:18:03.670,7.594,2,100,100,31,31,8.7,9.0,0.24,0.19,0.06,0.02,-0.33,-0.32,0.24,0.19,0.00,0.00,4.27,4.27,010,001,0,0,1928,1992,1995,1865,1962,1954,42.73,34.1,3383,52.859,84.58,1
2026-09-01T21:18:03.680,7.604,2,100,100,31,31,8.8,8.0,0.41,0.25,0.10,0.04,-0.29,-0.28,0.41,0.25,0.00,0.00,4.27,4.27,011,001,0,0,1932,1990,2003,1866,1967,1951,42.73,34.1,3381,52.828,84.53,1
2026-09-01T21:18:03.691,7.614,2,100,100,31,31,8.7,9.0,0.47,0.50,0.04,0.04,-0.05,-0.22,0.47,0.50,0.00,0.00,4.27,4.27,011,011,0,0,1938,1991,1999,1868,1974,1959,42.73,34.1,3383,52.859,84.58,1
2026-09-01T21:18:03.701,7.625,2,100,100,31,31,8.8,8.2,0.51,0.52,0.22,0.00,0.07,-0.02,0.51,0.52,0.00,0.00,4.27,4.27,001,011,0,0,1925,1985,2013,1864,1974,1950,42.73,34.1,3381,52.828,84.53,1
2026-09-01T21:18:03.712,7.635,2,100,100,31,31,8.7,9.0,0.52,0.55,0.06,0.06,0.30,0.09,0.52,0.55,0.00,0.00,4.27,4.27,001,010,0,0,1928,1984,2025,1861,1980,1940,42.73,34.1,3383,52.859,84.58,1
2026-09-01T21:18:03.722,7.645,2,100,100,31,31,8.8,8.2,0.24,0.34,0.30,0.08,0.25,0.29,0.24,0.34,0.00,0.00,4.27,4.27,101,010,0,0,1930,1975,2011,1865,1978,1944,42.73,34.1,3382,52.844,84.55,1
2026-09-01T21:18:03.732,7.656,2,100,100,31,31,8.6,9.0,0.10,0.27,0.06,0.04,0.32,0.30,0.10,0.27,0.00,0.00,4.27,4.27,101,110,0,0,1937,1977,2005,1868,1983,1940,42.73,34.1,3385,52.891,84.62,1
2026-09-01T21:18:03.743,7.666,2,100,100,32,31,8.8,8.3,-0.02,0.05,0.50,0.10,0.17,0.34,-0.02,0.05,0.00,0.00,4.27,4.27,100,110,0,0,1930,1975,2003,1864,1978,1938,42.73,34.1,3385,52.891,84.62,1
2026-09-01T21:18:03.753,7.676,2,100,100,32,31,8.6,8.9,-0.12,0.01,0.00,-0.06,0.18,0.18,-0.12,0.01,0.00,0.00,4.27,4.27,100,100,0,0,1926,1976,2005,1865,1972,1934,42.73,34.1,3385,52.891,84.62,1
2026-09-01T21:18:03.763,7.687,2,100,100,32,31,8.8,8.6,-0.15,-0.11,0.10,0.04,-0.11,0.17,-0.15,-0.11,0.00,0.00,4.27,4.27,110,100,0,0,1930,1984,1997,1864,1972,1934,42.73,34.1,3384,52.875,84.60,1
2026-09-01T21:18:03.774,7.697,2,100,100,32,31,8.6,9.0,-0.02,-0.13,0.06,0.06,-0.15,-0.15,-0.02,-0.13,0.00,0.00,4.27,4.27,110,101,0,0,1928,1984,1995,1866,1960,1944,42.73,34.1,3385,52.891,84.62,1
2026-09-01T21:18:03.784,7.708,2,100,100,32,31,8.9,8.4,0.10,-0.04,0.10,0.02,-0.34,-0.20,0.10,-0.04,0.00,0.00,4.27,4.27,010,101,0,0,1930,1991,2007,1860,1960,1942,42.73,34.1,3385,52.891,84.62,1
2026-09-01T21:18:03.796,7.719,2,100,100,32,31,8.5,8.9,0.23,0.14,0.06,0.04,-0.31,-0.34,0.23,0.14,0.00,0.00,4.27,4.27,010,001,0,0,1925,1989,2011,1860,1959,1950,42.73,34.1,3383,52.859,84.58,1
2026-09-01T21:18:03.805,7.728,2,100,100,31,31,8.8,8.5,0.39,0.21,0.12,0.02,-0.32,-0.24,0.39,0.21,0.00,0.00,4.27,4.27,011,001,0,0,1939,2006,2005,1864,1966,1950,42.73,34.1,3381,52.828,84.53,1
2026-09-01T21:18:03.815,7.739,2,100,100,31,31,8.7,8.8,0.50,0.36,0.04,0.04,-0.05,-0.26,0.50,0.36,0.00,0.00,4.27,4.27,011,011,0,0,1929,1991,2003,1866,1970,1950,42.73,34.1,3381,52.828,84.53,1
2026-09-01T21:18:03.825,7.749,2,100,100,31,31,8.7,8.8,0.49,0.59,0.10,0.04,0.04,-0.04,0.49,0.59,0.00,0.00,4.27,4.27,001,011,0,0,1932,1984,2009,1866,1970,1958,42.73,34.1,3381,52.828,84.53,1
2026-09-01T21:18:03.836,7.759,2,100,100,31,31,8.8,8.8,0.55,0.54,0.06,0.04,0.29,0.00,0.55,0.54,0.00,0.00,4.27,4.27,001,010,0,0,1930,1980,2012,1867,1982,1943,42.73,34.1,3382,52.844,84.55,1
2026-09-01T21:18:03.846,7.770,2,100,100,32,31,8.9,8.7,0.26,0.42,0.10,0.02,0.28,0.26,0.26,0.42,0.00,0.00,4.27,4.27,101,010,0,0,1930,1975,2011,1865,1978,1944,42.73,34.1,3383,52.859,84.58,1
2026-09-01T21:18:03.856,7.780,2,100,100,32,31,8.6,8.8,0.10,0.30,0.26,0.10,0.30,0.28,0.10,0.30,0.00,0.00,4.27,4.27,101,110,0,0,1926,1977,2013,1865,1980,1938,42.73,34.1,3384,52.875,84.60,1
2026-09-01T21:18:03.867,7.790,2,100,100,31,31,8.8,8.8,-0.03,0.15,0.08,0.02,0.22,0.37,-0.03,0.15,0.00,0.00,4.27,4.27,100,110,0,0,1930,1975,2005,1864,1980,1935,42.73,34.1,3384,52.875,84.60,1
2026-09-01T21:18:03.877,7.801,2,100,100,31,30,8.7,8.5,-0.11,0.01,0.06,0.04,0.19,0.24,-0.11,0.01,0.00,0.00,4.27,4.27,100,100,0,0,1928,1973,2004,1865,1974,1934,42.73,34.1,3384,52.875,84.60,1
2026-09-01T21:18:03.888,7.811,2,100,100,32,30,8.8,8.9,-0.16,-0.03,0.12,0.06,-0.08,0.19,-0.16,-0.03,0.00,0.00,4.27,4.27,110,100,0,0,1930,1984,1996,1865,1972,1932,42.73,34.1,3385,52.891,84.62,1
2026-09-01T21:18:03.898,7.821,2,100,100,32,31,8.6,8.7,-0.02,-0.16,0.06,0.04,-0.15,-0.12,-0.02,-0.16,0.00,0.00,4.27,4.27,110,101,0,0,1928,1984,1997,1865,1962,1944,42.73,34.1,3384,52.875,84.60,1
2026-09-01T21:18:03.908,7.832,2,100,100,32,31,8.9,8.8,0.08,-0.05,0.10,0.02,-0.36,-0.18,0.08,-0.05,0.00,0.00,4.27,4.27,010,101,0,0,1926,1991,1995,1865,1962,1946,42.73,34.1,3385,52.891,84.62,1
2026-09-01T21:18:03.919,7.842,2,100,100,32,31,8.5,8.6,0.23,0.03,0.06,0.04,-0.32,-0.32,0.23,0.03,0.00,0.00,4.27,4.27,010,001,0,0,1927,1991,1999,1865,1962,1951,42.73,34.1,3381,52.828,84.53,1
2026-09-01T21:18:03.929,7.852,2,100,100,31,31,8.8,8.9,0.40,0.22,0.04,0.04,-0.29,-0.29,0.40,0.22,0.00,0.00,4.27,4.27,011,001,0,0,1927,1991,2005,1865,1962,1951,42.73,34.1,3381,52.828,84.53,1
2026-09-01T21:18:03.939,7.863,2,100,100,31,31,8.7,8.5,0.51,0.31,0.08,0.06,-0.05,-0.25,0.51,0.31,0.00,0.00,4.27,4.27,011,011,0,0,1937,1994,2006,1864,1968,1950,42.73,34.1,3381,52.828,84.53,1
2026-09-01T21:18:03.950,7.873,2,100,100,32,31,8.8,8.9,0.52,0.57,0.38,0.10,0.05,-0.11,0.52,0.57,0.00,0.00,4.27,4.27,001,011,0,0,1928,1984,2011,1866,1972,1956,42.73,34.1,3381,52.828,84.53,1
2026-09-01T21:18:03.960,7.883,2,100,100,32,31,8.7,8.4,0.55,0.52,0.04,0.00,0.32,-0.01,0.55,0.52,0.00,0.00,4.27,4.27,001,010,0,0,1927,1984,2016,1865,1980,1946,42.73,34.1,3381,52.828,84.53,1
2026-09-01T21:18:03.970,7.894,2,100,100,32,31,8.9,8.9,0.21,0.51,0.04,0.04,0.26,0.23,0.21,0.51,0.00,0.00,4.27,4.27,101,010,0,0,1928,1975,2009,1866,1980,1946,42.73,34.1,3383,52.859,84.58,1
2026-09-01T21:18:03.981,7.904,2,100,100,32,31,8.6,8.4,0.09,0.29,0.02,0.04,0.31,0.28,0.09,0.29,0.00,0.00,4.27,4.27,101,110,0,0,1936,1977,2005,1867,1982,1944,42.73,34.1,3384,52.875,84.60,1
2026-09-01T21:18:03.991,7.915,2,100,100,32,31,8.9,9.0,-0.03,0.20,0.02,0.02,0.20,0.34,-0.03,0.20,0.00,0.00,4.27,4.27,100,110,0,0,1926,1973,2004,1864,1982,1935,42.73,34.1,3385,52.891,84.62,1
2026-09-01T21:18:04.001,7.925,2,100,100,32,31,8.5,8.2,-0.15,0.04,0.10,0.02,0.15,0.35,-0.15,0.04,0.00,0.00,4.27,4.27,100,100,0,0,1931,1975,2003,1864,1976,1934,42.73,34.1,3384,52.875,84.60,1
2026-09-01T21:18:04.012,7.935,2,100,100,32,31,8.8,9.0,-0.17,-0.02,0.06,0.06,-0.07,0.19,-0.17,-0.02,0.00,0.00,4.27,4.27,110,100,0,0,1928,1981,1997,1866,1972,1932,42.73,34.1,3384,52.875,84.60,1
2026-09-01T21:18:04.022,7.946,2,100,100,32,31,8.6,8.1,-0.01,-0.20,0.08,0.02,-0.15,0.01,-0.01,-0.20,0.00,0.00,4.27,4.27,110,101,0,0,1932,1984,1995,1864,1966,1942,42.73,34.1,3384,52.875,84.60,1
2026-09-01T21:18:04.033,7.956,2,100,100,32,31,8.8,9.0,0.08,-0.06,0.06,0.04,-0.31,-0.16,0.08,-0.06,0.00,0.00,4.27,4.27,010,101,0,0,1928,1991,1997,1865,1960,1944,42.73,34.1,3384,52.875,84.60,1
2026-09-01T21:18:04.043,7.967,2,100,100,32,31,8.6,8.1,0.23,0.02,0.08,0.02,-0.34,-0.24,0.23,0.02,0.00,0.00,4.27,4.27,010,001,0,0,1932,1989,1995,1865,1962,1950,42.73,34.1,3381,52.828,84.53,1
2026-09-01T21:18:04.053,7.977,2,100,100,32,31,8.8,9.0,0.38,0.17,0.06,0.04,-0.28,-0.34,0.38,0.16,0.00,0.00,4.27,4.27,011,001,0,0,1928,1991,2005,1865,1964,1951,42.73,34.1,3382,52.844,84.55,1
2026-09-01T21:18:04.064,7.987,2,100,100,32,31,8.7,7.9,0.58,0.16,0.12,0.02,-0.08,-0.06,0.58,0.16,0.00,0.00,4.27,4.27,011,011,0,0,1930,1993,2005,1864,1962,1951,42.73,34.1,3380,52.812,84.50,1
2026-09-01T21:18:04.074,7.997,2,100,100,31,31,8.7,9.0,0.51,0.54,0.04,0.04,0.04,-0.17,0.51,0.54,0.00,0.00,4.27,4.27,001,011,0,0,1929,1984,2009,1867,1971,1958,42.73,34.1,3381,52.828,84.53,1
2026-09-01T21:18:04.084,8.008,2,100,100,31,31,8.8,7.9,0.57,0.49,0.12,0.02,0.28,0.00,0.57,0.49,0.00,0.00,4.27,4.27,001,011,0,0,1932,1984,2016,1865,1974,1950,42.73,34.1,3383,52.859,84.58,1
2026-09-01T21:18:04.095,8.018,2,100,100,32,31,8.8,9.0,0.25,0.51,0.06,-0.06,0.28,0.12,0.25,0.51,0.00,0.00,4.27,4.27,101,010,0,0,1927,1977,2011,1865,1980,1944,42.73,34.1,3381,52.828,84.53,1
2026-09-01T21:18:04.105,8.028,2,100,100,32,31,8.6,8.0,0.09,0.35,0.12,0.04,0.33,0.32,0.09,0.35,0.00,0.00,4.27,4.27,101,010,0,0,1931,1975,2011,1865,1976,1942,42.73,34.1,3382,52.844,84.55,1
2026-09-01T21:18:04.115,8.039,2,100,100,32,31,8.9,9.1,-0.06,0.26,0.04,0.04,0.20,0.32,-0.06,0.26,0.00,0.00,4.27,4.27,100,110,0,0,1928,1975,2003,1866,1980,1934,42.73,34.1,3385,52.891,84.62,1
2026-09-01T21:18:04.126,8.049,2,100,100,32,31,8.5,8.0,-0.13,0.03,0.10,0.02,0.13,0.31,-0.13,0.03,0.00,0.00,4.27,4.27,100,110,0,0,1930,1975,2002,1864,1974,1936,42.73,34.1,3385,52.891,84.62,1
2026-09-01T21:18:04.136,8.060,2,100,100,32,31,8.8,9.0,-0.17,-0.01,0.06,-0.06,-0.08,0.18,-0.17,-0.01,0.00,0.00,4.27,4.27,110,100,0,0,1926,1984,1997,1864,1972,1934,42.73,34.1,3384,52.875,84.60,1
2026-09-01T21:18:04.146,8.070,2,100,100,32,31,8.6,8.3,-0.02,-0.10,0.10,0.04,-0.14,0.14,-0.02,-0.10,0.00,0.00,4.27,4.27,110,100,0,0,1931,1981,1993,1864,1970,1935,42.73,34.1,3385,52.891,84.62,1
2026-09-01T21:18:04.157,8.080,2,100,100,32,31,8.8,9.0,0.04,-0.09,0.04,0.04,-0.35,-0.14,0.04,-0.09,0.00,0.00,4.27,4.27,010,101,0,0,1928,1991,1997,1865,1962,1946,42.73,34.1,3384,52.875,84.60,1
2026-09-01T21:18:04.167,8.091,2,100,100,32,31,8.7,8.2,0.22,-0.03,0.02,0.02,-0.25,-0.21,0.22,-0.03,0.00,0.00,4.27,4.27,010,101,0,0,1943,1991,1991,1868,1966,1950,42.73,34.1,3385,52.891,84.62,1
2026-09-01T21:18:04.177,8.101,2,100,100,32,31,8.8,9.0,0.37,0.13,0.02,0.02,-0.35,-0.32,0.37,0.13,0.00,0.00,4.27,4.27,011,001,0,0,1928,1991,2005,1865,1962,1954,42.73,34.1,3381,52.828,84.53,1
2026-09-01T21:18:04.188,8.111,2,100,100,32,31,8.7,8.3,0.51,0.25,0.02,0.02,-0.06,-0.26,0.51,0.25,0.00,0.00,4.27,4.27,011,001,0,0,1927,1991,2003,1864,1964,1950,42.73,34.1,3383,52.859,84.58,1
2026-09-01T21:18:04.199,8.122,2,100,100,31,31,8.8,9.0,0.50,0.46,0.02,0.04,0.06,-0.26,0.50,0.46,0.00,0.00,4.27,4.27,001,011,0,0,1927,1984,2013,1865,1970,1956,42.73,34.1,3381,52.828,84.53,1
2026-09-01T21:18:04.208,8.132,2,100,100,31,31,8.7,8.4,0.50,0.57,0.06,0.04,0.31,0.00,0.50,0.57,0.00,0.00,4.27,4.27,001,011,0,0,1928,1984,2013,1865,1971,1951,42.73,34.1,3383,52.859,84.58,1
2026-09-01T21:18:04.219,8.142,2,100,100,32,31,8.8,9.0,0.28,0.51,0.04,0.04,0.27,0.05,0.28,0.51,0.00,0.00,4.27,4.27,101,010,0,0,1948,1977,2002,1870,1983,1951,42.73,34.1,3381,52.828,84.53,1
2026-09-01T21:18:04.229,8.153,2,100,100,32,31,8.7,8.4,0.10,0.39,0.02,0.04,0.35,0.31,0.10,0.39,0.00,0.00,4.27,4.27,101,010,0,0,1926,1975,2011,1865,1978,1944,42.73,34.1,3383,52.859,84.58,1
2026-09-01T21:18:04.240,8.163,2,100,100,32,31,8.8,8.8,-0.07,0.27,0.10,-0.06,0.25,0.26,-0.07,0.27,0.00,0.00,4.27,4.27,100,110,0,0,1926,1977,2005,1865,1980,1935,42.73,34.1,3384,52.875,84.60,1
2026-09-01T21:18:04.250,8.173,2,100,100,32,31,8.6,8.7,-0.12,0.13,0.00,0.00,0.12,0.39,-0.12,0.13,0.00,0.00,4.27,4.27,100,110,0,0,1927,1975,2003,1865,1980,1935,42.73,34.1,3385,52.891,84.62,1
2026-09-01T21:18:04.260,8.184,2,100,100,32,31,8.9,8.9,-0.16,-0.02,0.02,0.04,-0.10,0.20,-0.16,-0.02,0.00,0.00,4.27,4.27,110,100,0,0,1930,1984,2011,1861,1974,1935,42.73,34.1,3384,52.875,84.60,1
2026-09-01T21:18:04.271,8.194,2,100,100,32,31,8.6,8.7,-0.02,-0.12,0.06,0.04,-0.20,0.18,-0.02,-0.12,0.00,0.00,4.27,4.27,110,100,0,0,1928,1984,1993,1867,1972,1934,42.73,34.1,3384,52.875,84.60,1
2026-09-01T21:18:04.281,8.204,2,100,100,31,31,8.7,8.8,0.07,-0.13,0.44,0.10,-0.36,-0.13,0.07,-0.13,0.00,0.00,4.27,4.27,010,101,0,0,1926,1993,1997,1864,1962,1946,42.73,34.1,3384,52.875,84.60,1
2026-09-01T21:18:04.291,8.215,2,100,100,31,31,8.7,8.6,0.23,-0.04,0.06,0.04,-0.25,-0.18,0.23,-0.04,0.00,0.00,4.27,4.27,010,101,0,0,1928,1989,1995,1865,1962,1944,42.73,34.1,3385,52.891,84.62,1
2026-09-01T21:18:04.302,8.225,2,100,100,31,31,8.7,8.7,0.39,0.03,0.08,-0.08,-0.34,-0.31,0.39,0.03,0.00,0.00,4.27,4.27,011,001,0,0,1926,1993,2007,1864,1964,1952,42.73,34.1,3380,52.812,84.50,1
2026-09-01T21:18:04.312,8.235,2,100,100,31,31,8.8,8.8,0.49,0.23,0.06,0.04,-0.07,-0.27,0.49,0.23,0.00,0.00,4.27,4.27,011,001,0,0,1940,1992,1999,1868,1966,1956,42.73,34.1,3383,52.859,84.58,1
2026-09-01T21:18:04.322,8.246,2,100,100,32,31,8.8,8.7,0.52,0.35,0.10,0.04,0.03,-0.26,0.52,0.35,0.00,0.00,4.27,4.27,001,011,0,0,1931,1984,2013,1865,1969,1951,42.73,34.1,3380,52.812,84.50,1
2026-09-01T21:18:04.333,8.256,2,100,100,32,31,8.7,8.8,0.43,0.59,0.04,0.04,0.28,-0.06,0.43,0.59,0.00,0.00,4.27,4.27,001,011,0,0,1928,1984,2012,1865,1972,1956,42.73,34.1,3383,52.859,84.58,1
2026-09-01T21:18:04.345,8.268,2,100,100,31,31,8.7,8.7,0.27,0.53,0.12,0.02,0.26,0.00,0.27,0.53,0.00,0.00,4.27,4.27,101,010,0,0,1931,1975,2011,1865,1980,1944,42.73,34.1,3380,52.812,84.50,1
2026-09-01T21:18:04.353,8.277,2,100,100,31,31,8.7,8.8,0.15,0.48,0.06,0.04,0.35,0.27,0.15,0.48,0.00,0.00,4.27,4.27,101,010,0,0,1931,1975,2027,1861,1982,1944,42.75,34.1,3383,52.859,84.58,1
2026-09-01T21:18:04.364,8.287,2,100,100,32,31,8.7,8.5,-0.06,0.27,0.12,0.02,0.22,0.31,-0.06,0.27,0.00,0.00,4.27,4.27,100,110,0,0,1930,1975,2003,1865,1976,1940,42.75,34.1,3383,52.859,84.58,1
2026-09-01T21:18:04.374,8.297,2,100,100,32,31,8.7,8.9,-0.11,0.17,0.02,0.02,0.14,0.37,-0.11,0.17,0.00,0.00,4.27,4.27,100,110,0,0,1927,1975,2003,1865,1980,1935,42.75,34.1,3385,52.891,84.62,1
2026-09-01T21:18:04.384,8.308,2,100,100,32,31,8.8,8.5,-0.22,-0.02,0.18,-0.08,-0.09,0.25,-0.22,-0.02,0.00,0.00,4.27,4.27,110,100,0,0,1930,1984,1997,1864,1974,1938,42.75,34.1,3383,52.859,84.58,1
2026-09-01T21:18:04.395,8.318,2,100,100,32,31,8.7,8.9,-0.02,-0.08,0.06,0.04,-0.15,0.18,-0.02,-0.08,0.00,0.00,4.27,4.27,110,100,0,0,1928,1980,1993,1865,1972,1934,42.75,34.1,3385,52.891,84.62,1
2026-09-01T21:18:04.405,8.329,2,100,100,31,31,8.7,8.5,0.04,-0.17,0.10,0.02,-0.36,-0.07,0.04,-0.17,0.00,0.00,4.27,4.27,010,101,0,0,1931,1989,1995,1865,1964,1943,42.75,34.1,3383,52.859,84.58,1
2026-09-01T21:18:04.415,8.339,2,100,100,31,31,8.8,8.9,0.23,-0.04,0.06,0.02,-0.25,-0.16,0.23,-0.04,0.00,0.00,4.27,4.27,010,101,0,0,1928,1991,1995,1865,1960,1944,42.75,34.1,3385,52.891,84.62,1
2026-09-01T21:18:04.426,8.349,2,100,100,31,31,8.6,8.4,0.36,0.00,0.12,0.04,-0.31,-0.30,0.36,0.00,0.00,0.00,4.27,4.27,011,001,0,0,1929,1991,2018,1859,1960,1944,42.75,34.1,3380,52.812,84.50,1
2026-09-01T21:18:04.438,8.361,2,100,100,31,31,8.8,9.0,0.48,0.18,0.06,0.04,-0.08,-0.31,0.48,0.18,0.00,0.00,4.27,4.27,011,001,0,0,1931,1993,2020,1861,1964,1950,42.75,34.1,3382,52.844,84.55,1
2026-09-01T21:18:04.446,8.370,2,100,100,31,31,8.7,8.3,0.51,0.28,0.12,0.02,0.02,-0.26,0.51,0.28,0.00,0.00,4.27,4.27,001,011,0,0,1937,1985,2007,1867,1972,1956,42.75,34.1,3380,52.812,84.50,1
2026-09-01T21:18:04.457,8.380,2,100,100,31,31,8.8,9.0,0.47,0.56,0.06,0.04,0.26,-0.14,0.47,0.56,0.00,0.00,4.27,4.27,001,011,0,0,1928,1984,2013,1866,1970,1956,42.75,34.1,3383,52.859,84.58,1
2026-09-01T21:18:04.467,8.391,2,100,100,31,31,8.7,8.3,0.29,0.52,0.04,0.04,0.27,0.00,0.29,0.52,0.00,0.00,4.27,4.27,101,010,0,0,1927,1975,2011,1865,1976,1946,42.75,34.1,3380,52.812,84.50,1
2026-09-01T21:18:04.478,8.401,2,100,100,31,31,8.8,9.0,0.15,0.50,0.02,0.04,0.37,0.21,0.15,0.50,0.00,0.00,4.27,4.27,101,010,0,0,1928,1973,2013,1865,1980,1944,42.75,34.1,3383,52.859,84.58,1
2026-09-01T21:18:04.488,8.411,2,100,100,32,31,8.6,8.0,-0.03,0.39,0.02,0.04,0.22,0.59,-0.03,0.39,0.00,0.00,4.27,4.27,100,110,0,0,1928,1975,2017,1860,1982,1942,42.75,34.1,3383,52.859,84.58,1
2026-09-01T21:18:04.498,8.422,2,100,100,32,31,8.8,9.1,-0.09,0.24,0.26,0.10,0.14,0.35,-0.09,0.24,0.00,0.00,4.27,4.27,100,110,0,0,1926,1975,2005,1864,1982,1935,42.75,34.1,3385,52.891,84.62,1
2026-09-01T21:18:04.509,8.432,2,100,100,32,31,8.7,8.0,-0.18,-0.01,0.02,0.02,-0.08,0.34,-0.18,-0.01,0.00,0.00,4.27,4.27,110,100,0,0,1927,1981,1997,1864,1974,1935,42.75,34.1,3383,52.859,84.58,1
2026-09-01T21:18:04.519,8.442,2,100,100,32,31,8.8,9.0,-0.05,-0.04,0.06,0.04,-0.16,0.19,-0.05,-0.04,0.00,0.00,4.27,4.27,110,100,0,0,1928,1984,2009,1860,1970,1932,42.75,34.1,3385,52.891,84.62,1
2026-09-01T21:18:04.529,8.453,2,100,100,32,31,8.7,8.0,0.06,-0.17,0.44,0.12,-0.36,0.04,0.06,-0.17,0.00,0.00,4.27,4.27,010,101,0,0,1926,1993,1995,1864,1967,1940,42.75,34.1,3383,52.859,84.58,1
2026-09-01T21:18:04.540,8.463,2,100,100,32,31,8.8,9.0,0.20,-0.09,0.38,0.10,-0.27,-0.16,0.20,-0.09,0.00,0.00,4.27,4.27,010,101,0,0,1927,1991,1997,1864,1962,1946,42.75,34.1,3385,52.891,84.62,1
2026-09-01T21:18:04.553,8.477,2,100,100,31,31,8.5,7.8,0.33,-0.11,0.04,0.00,-0.28,-0.18,0.33,-0.11,0.00,0.00,4.27,4.27,011,001,0,0,1927,1991,2005,1865,1969,1932,42.75,34.1,3379,52.797,84.47,1
2026-09-01T21:18:04.560,8.484,2,100,100,31,31,8.9,9.0,0.51,0.17,0.34,0.08,-0.11,-0.34,0.51,0.17,0.00,0.00,4.27,4.27,011,001,0,0,1926,1992,2004,1864,1962,1954,42.75,34.1,3383,52.859,84.58,1
2026-09-01T21:18:04.571,8.494,2,100,100,31,31,8.5,7.8,0.53,0.25,0.04,0.04,0.00,-0.21,0.53,0.25,0.00,0.00,4.27,4.27,001,011,0,0,1927,1985,2011,1865,1964,1948,42.75,34.1,3379,52.797,84.47,1
2026-09-01T21:18:04.581,8.504,2,100,100,31,31,8.9,9.0,0.47,0.48,0.12,0.02,0.24,-0.19,0.47,0.48,0.00,0.00,4.27,4.27,001,011,0,0,1941,1985,2007,1868,1974,1958,42.75,34.1,3383,52.859,84.58,1
2026-09-01T21:18:04.591,8.515,2,100,100,32,31,8.7,7.9,0.26,0.51,0.06,0.04,0.23,0.00,0.26,0.51,0.00,0.00,4.27,4.27,101,011,0,0,1927,1975,2011,1865,1976,1948,42.75,34.1,3381,52.828,84.53,1
2026-09-01T21:18:04.602,8.525,2,100,100,32,31,8.8,9.0,0.13,0.52,0.12,0.04,0.36,0.13,0.13,0.52,0.00,0.00,4.27,4.27,101,010,0,0,1929,1975,2013,1864,1982,1946,42.75,34.1,3382,52.844,84.55,1
2026-09-01T21:18:04.612,8.536,2,100,100,31,31,8.6,7.9,-0.03,0.32,0.04,0.04,0.23,0.27,-0.03,0.32,0.00,0.00,4.27,4.27,100,010,0,0,1928,1975,2005,1865,1978,1940,42.75,34.1,3381,52.828,84.53,1
2026-09-01T21:18:04.622,8.546,2,100,100,31,31,8.9,9.0,-0.09,0.26,0.10,0.04,0.16,0.31,-0.09,0.26,0.00,0.00,4.27,4.27,100,110,0,0,1941,1976,2000,1868,1982,1940,42.75,34.1,3385,52.891,84.62,1
2026-09-01T21:18:04.633,8.556,2,100,100,32,31,8.6,8.2,-0.16,0.06,0.06,0.02,-0.04,0.37,-0.16,0.06,0.00,0.00,4.27,4.27,110,110,0,0,1927,1981,1999,1865,1976,1935,42.75,34.1,3384,52.875,84.60,1
2026-09-01T21:18:04.645,8.568,2,100,100,32,31,8.9,9.0,-0.01,-0.07,0.08,0.02,-0.14,0.20,-0.01,-0.07,0.00,0.00,4.27,4.27,110,100,0,0,1930,1984,1994,1864,1970,1934,42.75,34.1,3385,52.891,84.62,1
2026-09-01T21:18:04.654,8.577,2,100,100,32,31,8.6,8.1,0.02,-0.13,0.02,0.02,-0.36,0.08,0.02,-0.13,0.00,0.00,4.27,4.27,010,100,0,0,1928,1993,1995,1864,1969,1938,42.75,34.1,3384,52.875,84.60,1
2026-09-01T21:18:04.664,8.587,2,100,100,32,31,8.8,9.0,0.21,-0.10,0.10,0.04,-0.26,-0.16,0.21,-0.10,0.00,0.00,4.27,4.27,010,101,0,0,1931,1989,1996,1864,1960,1946,42.75,34.1,3385,52.891,84.62,1
2026-09-01T21:18:04.674,8.598,2,100,100,31,31,8.5,8.3,0.29,-0.04,0.06,0.04,-0.26,-0.23,0.29,-0.04,0.00,0.00,4.27,4.27,011,101,0,0,1926,1989,2003,1865,1962,1948,42.75,34.1,3384,52.875,84.60,1
2026-09-01T21:18:04.685,8.609,2,100,100,31,31,8.9,9.0,0.54,0.12,0.10,0.02,-0.13,-0.34,0.54,0.12,0.00,0.00,4.27,4.27,011,001,0,0,1930,1993,2005,1865,1962,1952,42.75,34.1,3382,52.844,84.55,1
2026-09-01T21:18:04.695,8.618,2,100,100,31,31,8.4,8.3,0.53,0.24,0.06,0.04,-0.01,-0.23,0.53,0.24,0.00,0.00,4.27,4.27,001,001,0,0,1928,1986,2010,1865,1964,1951,42.75,34.1,3381,52.828,84.53,1
2026-09-01T21:18:04.705,8.629,2,100,100,31,32,9.0,9.0,0.53,0.46,0.10,0.02,0.22,-0.24,0.53,0.46,0.00,0.00,4.27,4.27,001,011,0,0,1925,1981,2027,1860,1967,1950,42.75,34.1,3383,52.859,84.58,1
2026-09-01T21:18:04.716,8.639,2,100,100,32,32,8.5,8.2,0.26,0.50,0.04,0.04,0.24,-0.02,0.26,0.50,0.00,0.00,4.27,4.27,101,011,0,0,1928,1977,2011,1865,1975,1951,42.75,34.1,3381,52.828,84.53,1
2026-09-01T21:18:04.726,8.649,2,100,100,32,31,8.9,9.0,0.14,0.53,0.12,0.02,0.33,0.07,0.14,0.53,0.00,0.00,4.27,4.27,101,010,0,0,1931,1973,2011,1865,1980,1944,42.75,34.1,3383,52.859,84.58,1
2026-09-01T21:18:04.736,8.660,2,100,100,32,31,8.5,8.4,-0.03,0.40,0.06,-0.06,0.28,0.27,-0.03,0.40,0.00,0.00,4.27,4.27,100,010,0,0,1927,1977,2005,1865,1980,1944,42.75,34.1,3381,52.828,84.53,1
2026-09-01T21:18:04.747,8.670,2,100,100,32,31,8.9,8.9,-0.11,0.27,0.14,0.04,0.17,0.29,-0.11,0.27,0.00,0.00,4.27,4.27,100,110,0,0,1926,1975,2003,1865,1980,1935,42.75,34.1,3385,52.891,84.62,1
2026-09-01T21:18:04.757,8.681,2,100,100,32,31,8.4,8.6,-0.16,0.11,0.06,0.06,-0.01,0.38,-0.16,0.11,0.00,0.00,4.27,4.27,110,110,0,0,1926,1981,2000,1864,1980,1935,42.75,34.1,3384,52.875,84.60,1
2026-09-01T21:18:04.767,8.691,2,100,100,32,31,8.9,8.9,0.00,-0.03,0.06,0.02,-0.13,0.20,0.00,-0.03,0.00,0.00,4.27,4.27,110,100,0,0,1929,1984,2008,1865,1972,1938,42.75,34.1,3384,52.875,84.60,1
2026-09-01T21:18:04.778,8.701,2,100,100,32,31,8.5,8.6,0.01,-0.07,0.06,0.04,-0.32,0.14,0.01,-0.07,0.00,0.00,4.27,4.27,010,100,0,0,1927,1991,2009,1860,1967,1932,42.75,34.1,3384,52.875,84.60,1
2026-09-01T21:18:04.788,8.712,2,100,100,32,31,8.9,8.9,0.22,-0.15,0.04,0.04,-0.29,-0.14,0.22,-0.15,0.00,0.00,4.27,4.27,010,101,0,0,1928,1991,1995,1865,1962,1946,42.75,34.1,3385,52.891,84.62,1
2026-09-01T21:18:04.798,8.722,2,100,100,31,31,8.4,8.6,0.28,-0.06,0.04,0.04,-0.26,-0.21,0.28,-0.06,0.00,0.00,4.27,4.27,011,101,0,0,1926,1989,2004,1864,1962,1944,42.75,34.1,3384,52.875,84.60,1
2026-09-01T21:18:04.809,8.732,2,100,100,31,31,9.0,8.8,0.53,0.07,0.04,0.04,-0.14,-0.33,0.53,0.07,0.00,0.00,4.27,4.27,011,001,0,0,1929,1991,2002,1866,1964,1951,42.75,34.1,3381,52.828,84.53,1
2026-09-01T21:18:04.819,8.743,2,100,100,31,31,8.3,8.7,0.54,0.23,-0.02,-0.12,0.00,-0.22,0.54,0.23,0.00,0.00,4.27,4.27,001,001,0,0,1932,1985,2009,1866,1965,1956,42.75,34.1,3381,52.828,84.53,1
2026-09-01T21:18:04.829,8.753,2,100,100,31,32,9.0,8.8,0.56,0.38,0.04,0.02,0.21,-0.28,0.56,0.38,0.00,0.00,4.27,4.27,001,011,0,0,1928,1984,2016,1865,1970,1951,42.75,34.1,3383,52.859,84.58,1
2026-09-01T21:18:04.840,8.763,2,100,100,32,32,8.4,8.6,0.26,0.58,0.22,0.08,0.24,-0.04,0.26,0.58,0.00,0.00,4.27,4.27,101,011,0,0,1929,1979,2011,1864,1972,1956,42.75,34.1,3381,52.828,84.53,1
2026-09-01T21:18:04.850,8.774,2,100,100,32,31,8.9,8.8,0.19,0.51,0.08,-0.06,0.41,0.01,0.19,0.51,0.00,0.00,4.27,4.27,101,010,0,0,1927,1975,2013,1865,1982,1944,42.75,34.1,3383,52.859,84.58,1
2026-09-01T21:18:04.861,8.784,2,100,100,32,31,8.5,8.7,-0.03,0.42,0.10,0.04,0.22,0.28,-0.03,0.42,0.00,0.00,4.27,4.27,100,010,0,0,1929,1975,2006,1865,1976,1944,42.75,34.1,3381,52.828,84.53,1
2026-09-01T21:18:04.871,8.794,2,100,100,32,31,8.9,8.6,-0.09,0.27,0.06,0.06,0.16,0.32,-0.09,0.27,0.00,0.00,4.27,4.27,100,110,0,0,1928,1975,2004,1865,1978,1940,42.75,34.1,3383,52.859,84.58,1
2026-09-01T21:18:04.881,8.805,2,100,100,32,31,8.4,8.9,-0.16,0.18,0.08,0.04,0.00,0.38,-0.16,0.18,0.00,0.00,4.27,4.27,110,110,0,0,1930,1981,2000,1864,1982,1934,42.75,34.1,3384,52.875,84.60,1
2026-09-01T21:18:04.891,8.815,2,100,100,32,31,9.0,8.7,-0.01,-0.02,0.06,0.04,-0.14,0.22,-0.01,-0.02,0.00,0.00,4.27,4.27,110,100,0,0,1928,1981,1993,1864,1972,1935,42.75,34.1,3384,52.875,84.60,1
2026-09-01T21:18:04.902,8.825,2,100,100,32,31,8.4,8.8,0.00,-0.06,0.10,0.04,-0.34,0.17,0.00,-0.06,0.00,0.00,4.27,4.27,010,100,0,0,1930,1991,1995,1865,1970,1934,42.75,34.1,3384,52.875,84.60,1
2026-09-01T21:18:04.912,8.836,2,100,100,32,31,8.9,8.7,0.23,-0.17,0.06,0.04,-0.27,-0.12,0.23,-0.17,0.00,0.00,4.27,4.27,010,101,0,0,1926,1993,1995,1865,1962,1944,42.75,34.1,3384,52.875,84.60,1
2026-09-01T21:18:04.923,8.846,2,100,100,31,31,8.3,8.8,0.28,-0.07,0.30,0.10,-0.21,-0.19,0.28,-0.07,0.00,0.00,4.27,4.27,011,101,0,0,1929,1991,2003,1864,1962,1946,42.75,34.1,3384,52.875,84.60,1
2026-09-01T21:18:04.933,8.856,2,100,100,31,31,9.0,8.5,0.60,0.01,0.18,-0.06,-0.08,-0.32,0.60,0.01,0.00,0.00,4.27,4.27,011,001,0,0,1927,1995,2005,1864,1964,1950,42.75,34.1,3381,52.828,84.53,1
2026-09-01T21:18:04.943,8.867,2,100,100,31,31,8.3,8.9,0.50,0.25,0.12,0.04,-0.03,-0.28,0.50,0.25,0.00,0.00,4.27,4.27,001,001,0,0,1931,1985,2009,1865,1960,1954,42.75,34.1,3381,52.828,84.53,1
2026-09-01T21:18:04.955,8.878,2,100,100,31,31,9.0,8.5,0.57,0.32,0.06,0.04,0.23,-0.28,0.57,0.32,0.00,0.00,4.27,4.27,001,011,0,0,1928,1984,2013,1865,1968,1950,42.75,34.1,3381,52.828,84.53,1
2026-09-01T21:18:04.964,8.888,2,100,100,32,31,8.3,8.9,0.27,0.58,0.12,0.06,0.24,-0.10,0.27,0.58,0.00,0.00,4.27,4.27,101,011,0,0,1929,1977,2011,1865,1972,1956,42.75,34.1,3381,52.828,84.53,1
2026-09-01T21:18:04.974,8.898,2,100,100,32,31,9.0,8.5,0.20,0.52,0.06,0.04,0.33,-0.02,0.20,0.52,0.00,0.00,4.27,4.27,101,010,0,0,1929,1971,2011,1866,1979,1946,42.75,34.1,3381,52.828,84.53,1
2026-09-01T21:18:04.985,8.908,2,100,100,32,31,8.3,8.9,-0.02,0.48,0.10,0.04,0.31,0.20,-0.02,0.48,0.00,0.00,4.27,4.27,100,010,0,0,1930,1973,2005,1866,1982,1946,42.75,34.1,3381,52.828,84.53,1
2026-09-01T21:18:04.995,8.918,2,100,100,32,31,9.0,8.3,-0.06,0.33,0.06,0.02,0.16,0.38,-0.06,0.33,0.00,0.00,4.27,4.27,100,110,0,0,1927,1973,2003,1865,1978,1940,42.75,34.1,3384,52.875,84.60,1
2026-09-01T21:18:05.005,8.929,2,100,100,32,31,8.3,9.0,-0.20,0.23,0.08,0.02,0.00,0.34,-0.20,0.23,0.00,0.00,4.27,4.27,110,110,0,0,1929,1981,2001,1865,1980,1934,42.75,34.1,3384,52.875,84.60,1
2026-09-01T21:18:05.016,8.939,2,100,100,32,31,9.0,8.2,-0.04,-0.02,0.06,0.04,-0.14,0.27,-0.04,-0.02,0.00,0.00,4.27,4.27,110,100,0,0,1928,1981,1994,1864,1972,1935,42.75,34.1,3383,52.859,84.58,1
2026-09-01T21:18:05.026,8.950,2,100,100,32,31,8.3,9.0,-0.01,-0.01,0.10,0.04,-0.30,0.19,-0.01,-0.01,0.00,0.00,4.27,4.27,010,100,0,0,1930,1989,1995,1865,1972,1932,42.75,34.1,3384,52.875,84.60,1
2026-09-01T21:18:05.036,8.960,2,100,100,32,31,9.0,8.3,0.24,-0.19,0.06,0.04,-0.28,-0.06,0.24,-0.19,0.00,0.00,4.27,4.27,010,101,0,0,1928,1993,1995,1864,1964,1944,42.75,34.1,3384,52.875,84.60,1
2026-09-01T21:18:05.047,8.970,2,100,100,31,31,8.2,9.0,0.26,-0.07,0.10,0.04,-0.19,-0.16,0.26,-0.07,0.00,0.00,4.27,4.27,011,101,0,0,1925,1989,2001,1864,1962,1944,42.75,34.1,3384,52.875,84.60,1
2026-09-01T21:18:05.057,8.981,2,100,100,31,31,9.0,8.2,0.54,-0.02,0.04,-0.08,-0.20,-0.27,0.54,-0.02,0.00,0.00,4.27,4.27,011,001,0,0,1928,1994,2005,1865,1966,1951,42.75,34.1,3381,52.828,84.53,1
2026-09-01T21:18:05.068,8.991,2,100,100,31,31,8.2,9.0,0.52,0.22,0.04,-0.08,-0.04,-0.27,0.52,0.22,0.00,0.00,4.27,4.27,001,001,0,0,1931,1985,2009,1865,1963,1956,42.75,34.1,3381,52.828,84.53,1
2026-09-01T21:18:05.078,9.001,2,100,100,31,31,9.0,8.1,0.56,0.26,0.06,0.04,0.19,-0.27,0.56,0.26,0.00,0.00,4.27,4.27,001,011,0,0,1929,1984,2029,1859,1968,1946,42.75,34.1,3381,52.828,84.53,1
2026-09-01T21:18:05.088,9.012,2,100,100,31,31,8.2,9.0,0.27,0.57,0.22,0.10,0.25,-0.16,0.27,0.57,0.00,0.00,4.27,4.27,101,011,0,0,1926,1979,2011,1864,1972,1956,42.75,34.1,3381,52.828,84.53,1
2026-09-01T21:18:05.098,9.022,2,100,100,31,31,9.0,8.1,0.23,0.50,0.04,0.04,0.35,-0.03,0.23,0.50,0.00,0.00,4.27,4.27,101,010,0,0,1926,1973,2013,1864,1980,1948,42.75,34.1,3382,52.844,84.55,1
2026-09-01T21:18:05.109,9.032,2,100,100,32,31,8.2,9.0,-0.01,0.49,0.04,0.04,0.30,0.15,-0.01,0.49,0.00,0.00,4.27,4.27,100,010,0,0,1927,1975,2007,1865,1980,1944,42.75,34.1,3381,52.828,84.53,1
2026-09-01T21:18:05.119,9.043,2,100,100,32,31,9.0,7.9,-0.11,0.38,0.06,0.04,0.23,0.56,-0.11,0.38,0.00,0.00,4.27,4.27,100,110,0,0,1927,1975,2005,1865,1978,1958,42.75,34.1,3383,52.859,84.58,1
2026-09-01T21:18:05.130,9.053,2,100,100,32,31,8.1,9.1,-0.16,0.26,0.04,0.06,0.09,0.34,-0.16,0.26,0.00,0.00,4.27,4.27,110,110,0,0,1937,1979,1995,1869,1983,1940,42.75,34.1,3383,52.859,84.58,1
2026-09-01T21:18:05.140,9.063,2,100,100,32,31,9.0,7.9,-0.01,-0.02,0.10,0.02,-0.13,0.32,-0.01,-0.02,0.00,0.00,4.27,4.27,110,100,0,0,1926,1984,1993,1864,1974,1938,42.75,34.1,3386,52.906,84.65,1
2026-09-01T21:18:05.150,9.074,2,100,100,31,31,7.9,9.1,-0.05,-0.07,0.08,0.04,0.37,0.19,-0.05,-0.07,0.00,0.00,4.27,4.27,010,100,0,0,1929,1953,2001,1865,1972,1934,42.75,34.1,3383,52.859,84.58,1
2026-09-01T21:18:05.161,9.084,2,100,100,31,31,9.0,7.9,0.18,-0.14,0.14,-0.10,-0.36,0.04,0.18,-0.14,0.00,0.00,4.27,4.27,010,101,0,0,1926,1995,1995,1864,1967,1942,42.75,34.1,3383,52.859,84.58,1
2026-09-01T21:18:05.171,9.094,2,100,100,31,31,8.0,9.0,0.25,-0.09,0.02,0.04,-0.25,-0.17,0.25,-0.09,0.00,0.00,4.27,4.27,011,101,0,0,1927,1988,2001,1866,1960,1944,42.75,34.1,3384,52.875,84.60,1
2026-09-01T21:18:05.181,9.105,2,100,100,31,31,9.1,7.9,0.47,-0.06,0.02,0.02,-0.17,-0.30,0.47,-0.06,0.00,0.00,4.27,4.27,011,101,0,0,1932,1993,2005,1864,1964,1948,42.75,34.1,3384,52.875,84.60,1
2026-09-01T21:18:05.192,9.115,2,100,100,31,31,8.0,9.0,0.45,0.20,0.02,0.04,-0.01,-0.35,0.45,0.20,0.00,0.00,4.27,4.27,001,001,0,0,1928,1984,2005,1868,1962,1955,42.75,34.1,3381,52.828,84.53,1
2026-09-01T21:18:05.202,9.125,2,100,100,31,31,9.1,8.0,0.61,0.24,0.12,0.02,0.16,-0.24,0.61,0.24,0.00,0.00,4.27,4.27,001,001,0,0,1931,1984,2016,1865,1966,1951,42.75,34.1,3383,52.859,84.58,1
2026-09-01T21:18:05.212,9.136,2,100,100,31,31,7.9,9.0,0.29,0.52,0.28,0.08,0.26,-0.22,0.29,0.52,0.00,0.00,4.27,4.27,101,011,0,0,1927,1989,2010,1865,1972,1956,42.75,34.1,3380,52.812,84.50,1
2026-09-01T21:18:05.223,9.146,2,100,100,31,31,9.0,8.1,0.23,0.51,0.12,0.02,0.30,-0.02,0.23,0.51,0.00,0.00,4.27,4.27,101,011,0,0,1931,1973,2011,1864,1974,1950,42.75,34.1,3383,52.859,84.58,1
2026-09-01T21:18:05.233,9.156,2,100,100,32,31,8.0,9.0,0.00,0.54,0.04,0.04,0.34,0.09,0.00,0.54,0.00,0.00,4.27,4.27,100,010,0,0,1928,1977,2009,1865,1980,1944,42.75,34.1,3381,52.828,84.53,1
2026-09-01T21:18:05.243,9.167,2,100,100,32,31,9.0,8.2,-0.07,0.35,0.10,-0.06,0.22,0.25,-0.07,0.35,0.00,0.00,4.27,4.27,100,010,0,0,1927,1973,2005,1865,1980,1943,42.75,34.1,3383,52.859,84.58,1
2026-09-01T21:18:05.254,9.177,2,100,100,32,31,7.9,9.0,-0.17,0.27,0.02,0.04,0.31,0.31,-0.17,0.27,0.00,0.00,4.27,4.27,110,110,0,0,1926,1973,2006,1865,1982,1935,42.75,34.1,3384,52.875,84.60,1
2026-09-01T21:18:05.264,9.188,2,100,100,32,31,9.0,8.3,-0.04,0.06,0.10,0.02,-0.14,0.34,-0.04,0.06,0.00,0.00,4.27,4.27,110,110,0,0,1940,1984,1995,1865,1978,1938,42.75,34.1,3384,52.875,84.60,1
2026-09-01T21:18:05.274,9.198,2,100,100,32,31,7.8,9.0,-0.12,-0.01,0.08,0.04,-0.02,0.19,-0.12,-0.01,0.00,0.00,4.27,4.27,110,100,0,0,1928,1963,2005,1865,1972,1934,42.75,34.1,3379,52.797,84.47,1
2026-09-01T21:18:05.285,9.208,2,100,100,31,31,9.0,8.4,0.16,-0.14,0.14,0.02,-0.36,0.12,0.16,-0.14,0.00,0.00,4.27,4.27,010,100,0,0,1930,1993,1993,1864,1970,1938,42.75,34.1,3385,52.891,84.62,1
2026-09-01T21:18:05.299,9.222,2,100,100,31,31,8.1,9.0,0.23,-0.12,0.06,0.04,-0.25,-0.15,0.23,-0.12,0.00,0.00,4.27,4.27,010,101,0,0,1928,1988,2000,1865,1960,1944,42.75,34.1,3385,52.891,84.62,1
2026-09-01T21:18:05.305,9.229,2,100,100,31,31,9.1,8.4,0.46,-0.07,0.08,0.02,-0.19,-0.25,0.46,-0.07,0.00,0.00,4.27,4.27,011,101,0,0,1931,1992,2004,1865,1962,1948,42.75,34.1,3385,52.891,84.62,1
2026-09-01T21:18:05.316,9.239,2,100,100,31,31,8.0,8.9,0.43,0.15,0.28,0.10,0.00,-0.39,0.43,0.15,0.00,0.00,4.27,4.27,001,001,0,0,1926,1987,2007,1864,1962,1956,42.75,34.1,3383,52.859,84.58,1
2026-09-01T21:18:05.326,9.250,2,100,100,31,31,9.1,8.4,0.59,0.22,0.06,0.04,0.13,-0.24,0.59,0.22,0.00,0.00,4.27,4.27,001,001,0,0,1928,1984,2027,1860,1964,1948,42.75,34.1,3383,52.859,84.58,1
2026-09-01T21:18:05.337,9.260,2,100,100,31,31,7.9,8.8,0.31,0.42,0.06,0.04,0.29,-0.27,0.31,0.42,0.00,0.00,4.27,4.27,001,011,0,0,1928,1979,2009,1865,1970,1951,42.75,34.1,3383,52.859,84.58,1
2026-09-01T21:18:05.347,9.270,2,100,100,31,31,9.0,8.6,0.24,0.56,0.12,0.04,0.28,-0.04,0.24,0.56,0.00,0.00,4.27,4.27,101,011,0,0,1928,1973,2013,1865,1972,1951,42.75,34.1,3382,52.844,84.55,1
2026-09-01T21:18:05.357,9.281,2,100,100,31,31,8.0,8.9,0.03,0.53,0.06,0.04,0.34,0.03,0.03,0.53,0.00,0.00,4.27,4.27,101,010,0,0,1946,1984,2001,1869,1983,1951,42.75,34.1,3383,52.859,84.58,1
2026-09-01T21:18:05.368,9.291,2,100,100,32,31,9.0,8.6,-0.04,0.40,0.04,0.04,0.21,0.26,-0.04,0.40,0.00,0.00,4.27,4.27,100,010,0,0,1927,1972,2003,1865,1978,1944,42.75,34.1,3383,52.859,84.58,1
2026-09-01T21:18:05.378,9.302,2,100,100,32,31,8.1,8.8,-0.18,0.30,0.30,0.10,0.09,0.29,-0.18,0.30,0.00,0.00,4.27,4.27,100,110,0,0,1926,1977,2003,1865,1980,1935,42.75,34.1,3384,52.875,84.60,1
2026-09-01T21:18:05.388,9.312,2,100,100,32,31,9.0,8.7,-0.07,0.12,0.00,0.02,-0.14,0.36,-0.07,0.12,0.00,0.00,4.27,4.27,110,110,0,0,1925,1984,1995,1864,1980,1938,42.75,34.1,3384,52.875,84.60,1
2026-09-01T21:18:05.399,9.322,2,100,100,32,31,7.9,8.7,0.01,-0.02,0.04,0.04,-0.19,0.22,0.01,-0.02,0.00,0.00,4.27,4.27,110,100,0,0,1926,1987,1995,1864,1972,1935,42.75,34.1,3384,52.875,84.60,1
2026-09-01T21:18:05.409,9.333,2,100,100,31,31,9.0,8.8,0.15,-0.07,0.06,0.04,-0.35,0.18,0.15,-0.07,0.00,0.00,4.27,4.27,010,100,0,0,1928,1993,1993,1865,1972,1934,42.75,34.1,3385,52.891,84.62,1
2026-09-01T21:18:05.419,9.343,2,100,100,31,31,8.2,8.8,0.24,-0.15,0.10,0.04,-0.23,-0.13,0.24,-0.15,0.00,0.00,4.27,4.27,010,101,0,0,1930,1989,2000,1865,1962,1944,42.75,34.1,3384,52.875,84.60,1
2026-09-01T21:18:05.430,9.353,2,100,100,31,31,9.0,8.7,0.43,-0.08,0.04,0.02,-0.23,-0.21,0.43,-0.08,0.00,0.00,4.27,4.27,011,101,0,0,1928,1991,2004,1866,1964,1946,42.75,34.1,3384,52.875,84.60,1
2026-09-01T21:18:05.440,9.364,2,100,100,31,31,8.3,8.6,0.48,0.05,0.28,0.08,0.00,-0.36,0.48,0.05,0.00,0.00,4.27,4.27,011,001,0,0,1929,1991,2006,1864,1964,1952,42.75,34.1,3381,52.828,84.53,1
2026-09-01T21:18:05.450,9.374,2,100,100,32,31,9.0,8.8,0.52,0.22,0.06,0.04,0.12,-0.29,0.52,0.22,0.00,0.00,4.27,4.27,001,001,0,0,1937,1984,2007,1868,1966,1958,42.75,34.1,3383,52.859,84.58,1
2026-09-01T21:18:05.461,9.384,2,100,100,32,31,8.0,8.6,0.34,0.33,0.10,0.04,0.29,-0.28,0.34,0.33,0.00,0.00,4.27,4.27,001,011,0,0,1943,1981,2004,1868,1974,1958,42.75,34.1,3381,52.828,84.53,1
2026-09-01T21:18:05.471,9.395,2,100,100,31,31,9.0,8.9,0.25,0.58,0.06,0.04,0.27,-0.09,0.25,0.58,0.00,0.00,4.27,4.27,101,011,0,0,1927,1973,2013,1865,1972,1956,42.75,34.1,3383,52.859,84.58,1
2026-09-01T21:18:05.482,9.405,2,100,100,31,31,8.2,8.6,0.05,0.54,0.08,0.04,0.34,-0.02,0.05,0.54,0.00,0.00,4.27,4.27,101,010,0,0,1932,1973,2009,1866,1982,1946,42.75,34.1,3381,52.828,84.53,1
2026-09-01T21:18:05.492,9.415,2,100,100,31,31,9.0,8.9,-0.06,0.47,0.02,0.04,0.23,0.22,-0.06,0.47,0.00,0.00,4.27,4.27,100,010,0,0,1928,1973,2004,1865,1980,1946,42.75,34.1,3383,52.859,84.58,1
2026-09-01T21:18:05.502,9.426,2,100,100,31,31,8.3,8.4,-0.16,0.29,0.02,0.02,0.14,0.28,-0.16,0.29,0.00,0.00,4.27,4.27,100,110,0,0,1930,1975,2005,1864,1980,1940,42.75,34.1,3384,52.875,84.60,1
2026-09-01T21:18:05.513,9.436,2,100,100,32,31,9.0,9.0,-0.08,0.20,0.06,0.04,-0.13,0.35,-0.08,0.20,0.00,0.00,4.27,4.27,110,110,0,0,1936,1984,1997,1864,1982,1935,42.75,34.1,3384,52.875,84.60,1
2026-09-01T21:18:05.523,9.446,2,100,100,32,31,8.1,8.2,0.00,0.00,0.10,0.02,-0.21,0.32,0.00,0.00,0.00,0.00,4.27,4.27,110,100,0,0,1930,1985,1995,1864,1974,1934,42.75,34.1,3384,52.875,84.60,1
2026-09-01T21:18:05.533,9.457,2,100,100,31,31,9.0,9.0,0.10,-0.03,0.06,0.06,-0.36,0.19,0.10,-0.03,0.00,0.00,4.27,4.27,010,100,0,0,1928,1991,1995,1865,1972,1934,42.75,34.1,3385,52.891,84.62,1
2026-09-01T21:18:05.544,9.467,2,100,100,31,31,8.5,8.2,0.25,-0.17,0.10,0.02,-0.23,-0.03,0.25,-0.17,0.00,0.00,4.27,4.27,010,101,0,0,1930,1991,1997,1864,1964,1944,42.75,34.1,3384,52.875,84.60,1
2026-09-01T21:18:05.554,9.477,2,100,100,31,31,9.0,9.0,0.39,-0.09,0.06,0.04,-0.24,-0.18,0.39,-0.09,0.00,0.00,4.27,4.27,011,101,0,0,1928,1991,2005,1865,1960,1944,42.75,34.1,3385,52.891,84.62,1
2026-09-01T21:18:05.564,9.488,2,100,100,31,31,8.4,8.2,0.48,-0.01,0.08,0.02,-0.01,-0.33,0.48,-0.01,0.00,0.00,4.27,4.27,011,001,0,0,1932,1987,2003,1866,1964,1951,42.75,34.1,3381,52.828,84.53,1
2026-09-01T21:18:05.575,9.498,2,100,100,31,31,9.0,9.0,0.58,0.19,0.04,-0.04,0.06,-0.27,0.58,0.19,0.00,0.00,4.27,4.27,001,001,0,0,1925,1985,2016,1864,1964,1956,42.75,34.1,3383,52.859,84.58,1
2026-09-01T21:18:05.585,9.508,2,100,100,31,31,8.4,8.0,0.46,0.26,0.12,0.02,0.34,-0.13,0.46,0.26,0.00,0.00,4.27,4.27,001,011,0,0,1931,1984,2013,1864,1964,1950,42.75,34.1,3381,52.828,84.53,1
2026-09-01T21:18:05.595,9.519,2,100,100,31,31,9.0,9.0,0.22,0.56,0.04,0.04,0.28,-0.18,0.22,0.56,0.00,0.00,4.27,4.27,101,011,0,0,1928,1975,2011,1866,1972,1956,42.75,34.1,3382,52.844,84.55,1
2026-09-01T21:18:05.606,9.529,2,100,100,31,31,8.3,8.0,0.07,0.50,0.14,-0.06,0.38,-0.02,0.07,0.50,0.00,0.00,4.27,4.27,101,010,0,0,1925,1977,2013,1864,1976,1948,42.75,34.1,3381,52.828,84.53,1
2026-09-01T21:18:05.616,9.539,2,100,100,32,31,9.0,9.0,-0.05,0.52,0.04,0.04,0.18,0.17,-0.05,0.52,0.00,0.00,4.27,4.27,100,010,0,0,1946,1976,1997,1868,1983,1950,42.75,34.1,3383,52.859,84.58,1
2026-09-01T21:18:05.626,9.550,2,100,100,32,31,8.3,7.9,-0.19,0.31,0.12,0.02,0.14,0.26,-0.19,0.31,0.00,0.00,4.27,4.27,100,110,0,0,1926,1975,2003,1864,1974,1954,42.75,34.1,3383,52.859,84.58,1
2026-09-01T21:18:05.637,9.560,2,100,100,32,31,9.0,9.1,-0.13,0.25,0.04,0.04,-0.12,0.32,-0.13,0.25,0.00,0.00,4.27,4.27,110,110,0,0,1928,1984,1997,1865,1980,1934,42.75,34.1,3385,52.891,84.62,1
2026-09-01T21:18:05.647,9.571,2,100,100,32,31,8.3,7.9,0.00,0.01,0.08,0.02,-0.17,0.31,0.00,0.01,0.00,0.00,4.27,4.27,110,110,0,0,1926,1984,1995,1864,1974,1935,42.75,34.1,3384,52.875,84.60,1
2026-09-01T21:18:05.657,9.581,2,100,100,32,30,9.0,9.0,0.11,0.02,0.04,0.04,-0.37,0.17,0.11,0.02,0.00,0.00,4.27,4.27,010,100,0,0,1926,1993,1995,1865,1972,1933,42.75,34.1,3385,52.891,84.62,1
2026-09-01T21:18:05.668,9.591,2,100,100,32,30,8.2,8.3,0.23,-0.08,0.04,0.02,-0.29,0.14,0.23,-0.08,0.00,0.00,4.27,4.27,010,100,0,0,1926,1989,2013,1860,1967,1932,42.75,34.1,3385,52.891,84.62,1
2026-09-01T21:18:05.681,9.604,2,100,100,31,31,8.9,9.0,0.37,-0.13,0.04,0.04,-0.24,-0.16,0.37,-0.13,0.00,0.00,4.27,4.27,011,101,0,0,1936,1991,2005,1864,1964,1948,42.75,34.1,3384,52.875,84.60,1
2026-09-01T21:18:05.688,9.612,2,100,100,31,31,8.5,8.1,0.46,-0.04,0.06,0.04,-0.01,-0.27,0.46,-0.04,0.00,0.00,4.27,4.27,011,101,0,0,1927,1989,2004,1865,1962,1948,42.75,34.1,3385,52.891,84.62,1
2026-09-01T21:18:05.699,9.622,2,100,100,31,31,8.9,9.0,0.54,0.18,0.02,0.04,0.05,-0.33,0.54,0.18,0.00,0.00,4.27,4.27,001,001,0,0,1927,1984,2011,1865,1960,1952,42.75,34.1,3383,52.859,84.58,1
2026-09-01T21:18:05.709,9.633,2,100,100,31,31,8.5,8.2,0.52,0.23,0.04,0.02,0.34,-0.24,0.52,0.23,0.00,0.00,4.27,4.27,001,001,0,0,1928,1984,2016,1865,1966,1951,42.75,34.1,3383,52.859,84.58,1
2026-09-01T21:18:05.720,9.643,2,100,100,32,30,9.0,8.9,0.22,0.41,0.12,0.02,0.28,-0.25,0.22,0.41,0.00,0.00,4.27,4.27,101,011,0,0,1936,1977,2005,1868,1974,1958,42.75,34.1,3383,52.859,84.58,1
2026-09-01T21:18:05.730,9.653,2,100,100,32,30,8.2,8.5,0.04,0.59,0.04,0.04,0.32,0.00,0.04,0.59,0.00,0.00,4.27,4.27,101,011,0,0,1928,1975,2009,1866,1970,1956,42.75,34.1,3383,52.859,84.58,1
2026-09-01T21:18:05.740,9.664,2,100,100,31,31,8.9,9.0,-0.03,0.52,0.10,0.02,0.23,0.06,-0.03,0.52,0.00,0.00,4.27,4.27,100,010,0,0,1931,1973,2003,1865,1980,1946,42.75,34.1,3383,52.859,84.58,1
2026-09-01T21:18:05.751,9.674,2,100,100,31,31,8.5,8.4,-0.16,0.37,0.04,0.02,0.18,0.28,-0.16,0.37,0.00,0.00,4.27,4.27,100,010,0,0,1928,1975,2004,1865,1978,1944,42.75,34.1,3383,52.859,84.58,1
2026-09-01T21:18:05.761,9.684,2,100,100,32,31,9.0,8.9,-0.15,0.28,0.10,0.04,-0.13,0.29,-0.15,0.28,0.00,0.00,4.27,4.27,110,110,0,0,1940,1984,1997,1864,1980,1935,42.75,34.1,3385,52.891,84.62,1
2026-09-01T21:18:05.771,9.695,2,100,100,32,31,8.3,8.6,-0.01,0.11,0.06,0.04,-0.18,0.38,-0.01,0.11,0.00,0.00,4.27,4.27,110,110,0,0,1928,1984,1996,1865,1978,1935,42.75,34.1,3385,52.891,84.62,1
2026-09-01T21:18:05.782,9.705,2,100,100,32,30,9.0,8.8,0.14,-0.01,0.14,0.02,-0.35,0.21,0.14,-0.01,0.00,0.00,4.27,4.27,010,100,0,0,1930,1993,1995,1865,1972,1935,42.75,34.1,3384,52.875,84.60,1
2026-09-01T21:18:05.792,9.715,2,100,100,32,30,8.2,8.8,0.22,-0.03,0.02,0.04,-0.33,0.19,0.22,-0.03,0.00,0.00,4.27,4.27,010,100,0,0,1928,1989,2000,1866,1972,1932,42.75,34.1,3385,52.891,84.62,1
2026-09-01T21:18:05.802,9.726,2,100,100,31,31,8.9,8.9,0.43,-0.17,0.10,0.02,-0.26,-0.14,0.43,-0.17,0.00,0.00,4.27,4.27,011,101,0,0,1930,1991,2005,1865,1964,1946,42.75,34.1,3385,52.891,84.62,1
2026-09-01T21:18:05.817,9.741,2,100,100,31,31,8.5,8.6,0.47,-0.08,0.02,0.02,-0.02,-0.22,0.47,-0.08,0.00,0.00,4.27,4.27,011,101,0,0,1927,1991,2005,1865,1964,1946,42.75,34.1,3385,52.891,84.62,1
2026-09-01T21:18:05.823,9.747,2,100,100,32,31,8.9,8.8,0.57,0.08,0.10,-0.08,0.05,-0.30,0.57,0.08,0.00,0.00,4.27,4.27,001,001,0,0,1925,1985,2015,1864,1964,1954,42.75,34.1,3381,52.828,84.53,1
2026-09-01T21:18:05.833,9.757,2,100,100,32,31,8.5,8.7,0.47,0.25,0.06,0.04,0.33,-0.25,0.47,0.25,0.00,0.00,4.27,4.27,001,001,0,0,1928,1984,2011,1865,1962,1951,42.75,34.1,3383,52.859,84.58,1
2026-09-01T21:18:05.844,9.767,2,100,100,32,31,9.0,8.7,0.22,0.34,0.12,0.04,0.27,-0.25,0.22,0.34,0.00,0.00,4.27,4.27,101,011,0,0,1931,1975,2005,1866,1974,1956,42.75,34.1,3382,52.844,84.55,1
2026-09-01T21:18:05.854,9.777,2,100,100,32,31,8.3,8.8,0.04,0.58,0.02,0.04,0.32,-0.06,0.04,0.58,0.00,0.00,4.27,4.27,101,011,0,0,1928,1975,2009,1866,1972,1956,42.75,34.1,3383,52.859,84.58,1
2026-09-01T21:18:05.864,9.788,2,100,100,32,31,9.0,8.7,-0.04,0.52,0.10,0.04,0.22,-0.01,-0.04,0.52,0.00,0.00,4.27,4.27,100,010,0,0,1931,1973,2003,1865,1980,1944,42.75,34.1,3381,52.828,84.53,1
2026-09-01T21:18:05.875,9.798,2,100,100,32,31,8.2,8.8,-0.22,0.46,0.02,-0.06,0.13,0.24,-0.22,0.46,0.00,0.00,4.27,4.27,100,010,0,0,1926,1977,2004,1865,1982,1946,42.75,34.1,3383,52.859,84.58,1
2026-09-01T21:18:05.885,9.809,2,100,100,32,31,9.0,8.7,-0.11,0.27,0.10,0.02,-0.11,0.31,-0.11,0.27,0.00,0.00,4.27,4.27,110,110,0,0,1929,1984,1997,1864,1978,1938,42.75,34.1,3384,52.875,84.60,1
2026-09-01T21:18:05.895,9.819,2,100,100,32,31,8.3,8.8,-0.01,0.16,0.06,0.04,-0.17,0.36,-0.01,0.16,0.00,0.00,4.27,4.27,110,110,0,0,1937,1985,1989,1868,1983,1940,42.75,34.1,3385,52.891,84.62,1
2026-09-01T21:18:05.906,9.829,2,100,100,32,31,9.0,8.5,0.13,0.01,0.06,0.04,-0.35,0.25,0.13,0.01,0.00,0.00,4.27,4.27,010,100,0,0,1932,1993,1995,1864,1974,1938,42.75,34.1,3384,52.875,84.60,1
2026-09-01T21:18:05.916,9.840,2,100,100,32,31,8.3,9.0,0.22,-0.01,0.06,0.04,-0.30,0.19,0.22,-0.01,0.00,0.00,4.27,4.27,010,100,0,0,1928,1989,1997,1865,1970,1930,42.75,34.1,3385,52.891,84.62,1
2026-09-01T21:18:05.927,9.850,2,100,100,32,31,9.0,8.4,0.42,-0.22,0.22,0.06,-0.23,-0.04,0.42,-0.22,0.00,0.00,4.27,4.27,011,101,0,0,1930,1991,2005,1864,1966,1944,42.75,34.1,3384,52.875,84.60,1
2026-09-01T21:18:05.937,9.860,2,100,100,32,31,8.4,9.0,0.44,-0.05,0.04,0.04,-0.02,-0.17,0.44,-0.05,0.00,0.00,4.27,4.27,011,101,0,0,1927,1987,2005,1865,1960,1944,42.75,34.1,3385,52.891,84.62,1
2026-09-01T21:18:05.949,9.872,2,100,100,31,31,8.9,8.4,0.57,0.01,0.04,0.04,0.04,-0.30,0.57,0.01,0.00,0.00,4.27,4.27,001,001,0,0,1927,1984,2013,1864,1964,1950,42.75,34.1,3381,52.828,84.53,1
2026-09-01T21:18:05.957,9.881,2,100,100,31,31,8.6,9.0,0.52,0.20,0.02,0.02,0.34,-0.28,0.52,0.20,0.00,0.00,4.27,4.27,001,001,0,0,1928,1984,2013,1866,1962,1954,42.75,34.1,3383,52.859,84.58,1
2026-09-01T21:18:05.968,9.891,2,100,100,32,31,9.0,8.3,0.23,0.30,0.04,0.02,0.27,-0.25,0.23,0.30,0.00,0.00,4.27,4.27,101,011,0,0,1928,1973,2011,1865,1967,1951,42.75,34.1,3381,52.828,84.53,1
2026-09-01T21:18:05.980,9.904,2,100,100,32,31,8.3,9.0,0.04,0.58,0.22,0.08,0.31,-0.14,0.04,0.58,0.00,0.00,4.27,4.27,101,011,0,0,1930,1977,2010,1865,1972,1958,42.75,34.1,3383,52.859,84.58,1
2026-09-01T21:18:05.988,9.912,2,100,100,32,31,9.0,8.2,-0.03,0.49,0.06,0.02,0.20,0.00,-0.03,0.49,0.00,0.00,4.27,4.27,100,010,0,0,1926,1975,2017,1859,1972,1944,42.75,34.1,3381,52.828,84.53,1
2026-09-01T21:18:05.999,9.922,2,100,100,32,31,8.2,9.0,-0.23,0.51,0.02,0.04,0.11,0.18,-0.23,0.51,0.00,0.00,4.27,4.27,100,010,0,0,1926,1977,2001,1865,1980,1944,42.75,34.1,3383,52.859,84.58,1
2026-09-01T21:18:06.009,9.933,2,100,100,32,31,9.0,8.2,-0.12,0.29,0.06,0.04,-0.13,0.30,-0.12,0.29,0.00,0.00,4.27,4.27,110,110,0,0,1928,1984,1995,1865,1976,1940,42.75,34.1,3384,52.875,84.60,1
2026-09-01T21:18:06.019,9.943,2,100,100,32,31,8.3,9.0,0.00,0.22,0.08,0.02,-0.17,0.36,0.00,0.22,0.00,0.00,4.27,4.27,110,110,0,0,1930,1984,1995,1864,1982,1934,42.75,34.1,3385,52.891,84.62,1
2026-09-01T21:18:06.030,9.953,2,100,100,32,31,9.0,8.0,0.14,0.01,0.02,0.02,-0.33,0.56,0.14,0.01,0.00,0.00,4.27,4.27,010,100,0,0,1927,1992,1994,1864,1978,1935,42.75,34.1,3384,52.875,84.60,1
2026-09-01T21:18:06.040,9.964,2,100,100,32,31,8.3,9.1,0.22,0.02,0.08,-0.06,-0.30,0.19,0.22,0.02,0.00,0.00,4.27,4.27,010,100,0,0,1926,1991,2000,1864,1972,1934,42.75,34.1,3385,52.891,84.62,1
2026-09-01T21:18:06.050,9.974,2,100,100,32,31,9.0,8.0,0.41,-0.19,0.06,0.04,-0.24,0.04,0.41,-0.19,0.00,0.00,4.27,4.27,011,101,0,0,1927,1991,2005,1864,1966,1940,42.75,34.1,3384,52.875,84.60,1
2026-09-01T21:18:06.061,9.984,2,100,100,32,31,8.4,9.0,0.44,-0.09,0.08,0.02,-0.02,-0.17,0.44,-0.09,0.00,0.00,4.27,4.27,011,101,0,0,1930,1989,2005,1865,1960,1944,42.75,34.1,3385,52.891,84.62,1
2026-09-01T21:18:06.071,9.995,2,100,100,31,31,9.0,7.9,0.48,-0.07,0.28,0.08,0.08,-0.21,0.48,-0.07,0.00,0.00,4.27,4.27,001,001,0,0,1927,1984,2015,1864,1964,1944,42.75,34.1,3380,52.812,84.50,1
2026-09-01T21:18:06.082,10.005,2,100,100,31,31,8.4,9.0,0.44,0.19,0.10,0.02,0.33,-0.32,0.44,0.19,0.00,0.00,4.27,4.27,001,001,0,0,1929,1984,2024,1860,1960,1950,42.75,34.1,3383,52.859,84.58,1
2026-09-01T21:18:06.092,10.015,2,100,100,32,31,9.0,7.9,0.24,0.25,0.06,0.04,0.30,-0.27,0.24,0.25,0.00,0.00,4.27,4.27,101,001,0,0,1928,1975,2011,1864,1966,1948,42.75,34.1,3383,52.859,84.58,1
2026-09-01T21:18:06.102,10.026,2,100,100,32,31,8.3,9.0,0.04,0.53,0.08,0.02,0.32,-0.21,0.04,0.53,0.00,0.00,4.27,4.27,101,011,0,0,1929,1975,2009,1865,1970,1954,42.75,34.1,3383,52.859,84.58,1
2026-09-01T21:18:06.113,10.036,2,100,100,32,31,9.0,8.0,-0.07,0.49,0.04,0.02,0.21,0.00,-0.07,0.49,0.00,0.00,4.27,4.27,100,011,0,0,1927,1976,2005,1865,1974,1951,42.75,34.1,3383,52.859,84.58,1
2026-09-01T21:18:06.123,10.047,2,100,100,32,31,8.3,9.0,-0.22,0.54,0.10,-0.06,0.14,0.11,-0.22,0.54,0.00,0.00,4.27,4.27,100,010,0,0,1926,1978,2004,1864,1982,1948,42.75,34.1,3383,52.859,84.58,1
2026-09-01T21:18:06.134,10.057,2,100,100,32,31,9.0,8.0,-0.11,0.32,0.28,0.08,-0.14,0.32,-0.11,0.32,0.00,0.00,4.27,4.27,110,010,0,0,1925,1984,1997,1863,1978,1942,42.75,34.1,3383,52.859,84.58,1
2026-09-01T21:18:06.147,10.070,2,100,100,32,31,8.2,9.0,-0.01,0.29,0.10,0.04,-0.19,0.31,-0.01,0.29,0.00,0.00,4.27,4.27,110,110,0,0,1931,1984,1995,1865,1980,1934,42.75,34.1,3385,52.891,84.62,1
2026-09-01T21:18:06.154,10.078,2,100,100,32,31,9.0,8.3,0.12,0.07,0.06,0.02,-0.34,0.37,0.12,0.07,0.00,0.00,4.27,4.27,010,110,0,0,1928,1992,1995,1865,1980,1938,42.75,34.1,3385,52.891,84.62,1
2026-09-01T21:18:06.165,10.088,2,100,100,32,31,8.4,9.0,0.22,0.00,0.08,-0.06,-0.30,0.17,0.22,0.00,0.00,0.00,4.27,4.27,010,100,0,0,1932,1989,1997,1865,1972,1934,42.75,34.1,3384,52.875,84.60,1
2026-09-01T21:18:06.175,10.098,2,100,100,31,31,8.9,8.3,0.39,-0.18,0.30,0.10,-0.23,0.12,0.39,-0.18,0.00,0.00,4.27,4.27,011,100,0,0,1926,1991,2005,1865,1972,1938,42.75,34.1,3385,52.891,84.62,1
2026-09-01T21:18:06.185,10.109,2,100,100,31,31,8.4,9.0,0.43,-0.10,0.10,0.02,-0.02,-0.15,0.43,-0.10,0.00,0.00,4.27,4.27,011,101,0,0,1931,1989,2004,1865,1960,1944,42.75,34.1,3385,52.891,84.62,1
2026-09-01T21:18:06.196,10.119,2,100,100,32,31,9.0,8.3,0.48,-0.05,0.06,0.04,0.08,-0.23,0.48,-0.05,0.00,0.00,4.27,4.27,001,101,0,0,1928,1984,2013,1865,1964,1946,42.75,34.1,3385,52.891,84.62,1
2026-09-01T21:18:06.206,10.129,2,100,100,32,31,8.3,8.9,0.44,0.11,0.10,0.02,0.33,-0.32,0.44,0.11,0.00,0.00,4.27,4.27,001,001,0,0,1932,1981,2011,1865,1962,1952,42.75,34.1,3383,52.859,84.58,1
2026-09-01T21:18:06.216,10.140,2,100,100,31,31,9.0,8.5,0.25,0.24,0.00,0.00,0.27,-0.27,0.25,0.24,0.00,0.00,4.27,4.27,101,001,0,0,1928,1973,2012,1865,1964,1951,42.75,34.1,3383,52.859,84.58,1
2026-09-01T21:18:06.227,10.150,2,100,100,31,31,8.4,8.9,0.06,0.44,0.08,0.02,0.34,-0.26,0.06,0.44,0.00,0.00,4.27,4.27,101,011,0,0,1930,1975,2009,1864,1972,1954,42.75,34.1,3383,52.859,84.58,1
2026-09-01T21:18:06.237,10.160,2,100,100,32,31,9.0,8.4,-0.05,0.51,0.06,0.04,0.18,-0.02,-0.05,0.51,0.00,0.00,4.27,4.27,100,011,0,0,1940,1977,1999,1867,1974,1958,42.75,34.1,3383,52.859,84.58,1
2026-09-01T21:18:06.251,10.174,2,100,100,32,31,8.3,8.9,-0.16,0.54,0.04,0.04,0.11,0.07,-0.16,0.54,0.00,0.00,4.27,4.27,100,010,0,0,1946,1977,1997,1869,1983,1950,42.75,34.1,3383,52.859,84.58,1
2026-09-01T21:18:06.258,10.181,2,100,100,32,31,9.0,8.5,-0.18,0.43,0.04,0.04,-0.14,0.32,-0.18,0.43,0.00,0.00,4.27,4.27,110,010,0,0,1927,1984,1995,1865,1978,1944,42.75,34.1,3382,52.844,84.55,1
2026-09-01T21:18:06.268,10.191,2,100,100,32,31,8.3,8.8,-0.01,0.27,0.06,0.04,-0.18,0.29,-0.01,0.27,0.00,0.00,4.27,4.27,110,110,0,0,1928,1984,1997,1865,1980,1938,42.75,34.1,3385,52.891,84.62,1
2026-09-01T21:18:06.278,10.202,2,100,100,31,31,8.9,8.7,0.12,0.13,0.08,0.02,-0.34,0.38,0.12,0.13,0.00,0.00,4.27,4.27,010,110,0,0,1930,1992,1995,1864,1980,1935,42.75,34.1,3385,52.891,84.62,1
2026-09-01T21:18:06.289,10.212,2,100,100,31,31,8.5,8.8,0.24,-0.05,0.02,0.02,-0.22,0.23,0.24,-0.05,0.00,0.00,4.27,4.27,010,100,0,0,1927,1991,1997,1865,1972,1935,42.75,34.1,3384,52.875,84.60,1
2026-09-01T21:18:06.299,10.222,2,100,100,31,31,8.9,8.7,0.41,-0.10,0.06,-0.10,-0.30,0.16,0.41,-0.10,0.00,0.00,4.27,4.27,011,100,0,0,1927,1992,2005,1865,1972,1935,42.75,34.1,3385,52.891,84.62,1
2026-09-01T21:18:06.309,10.233,2,100,100,31,31,8.5,8.8,0.45,-0.16,0.02,0.04,-0.02,-0.13,0.45,-0.16,0.00,0.00,4.27,4.27,011,101,0,0,1926,1989,2005,1865,1962,1944,42.75,34.1,3384,52.875,84.60,1
2026-09-01T21:18:06.320,10.243,2,100,100,31,31,8.9,8.7,0.45,-0.05,0.34,0.06,0.07,-0.19,0.45,-0.05,0.00,0.00,4.27,4.27,001,101,0,0,1926,1984,2013,1864,1962,1946,42.75,34.1,3385,52.891,84.62,1
2026-09-01T21:18:06.330,10.254,2,100,100,31,31,8.5,8.7,0.49,0.07,0.06,0.02,0.34,-0.31,0.49,0.07,0.00,0.00,4.27,4.27,001,001,0,0,1927,1984,2015,1865,1962,1952,42.75,34.1,3381,52.828,84.53,1
2026-09-01T21:18:06.340,10.264,2,100,100,32,31,9.0,8.8,0.26,0.20,0.10,0.02,0.29,-0.27,0.26,0.20,0.00,0.00,4.27,4.27,101,001,0,0,1931,1975,2012,1865,1964,1950,42.75,34.1,3382,52.844,84.55,1
2026-09-01T21:18:06.351,10.275,2,100,100,32,31,8.4,8.7,0.07,0.33,0.06,0.04,0.34,-0.27,0.07,0.33,0.00,0.00,4.27,4.27,101,011,0,0,1928,1975,2011,1865,1970,1950,42.75,34.1,3381,52.828,84.53,1
2026-09-01T21:18:06.361,10.285,2,100,100,32,31,8.9,8.8,-0.05,0.57,0.10,0.02,0.19,-0.06,-0.05,0.57,0.00,0.00,4.27,4.27,100,011,0,0,1930,1974,2003,1865,1970,1954,42.75,34.1,3383,52.859,84.58,1
2026-09-01T21:18:06.371,10.295,2,100,100,32,31,8.5,8.7,-0.17,0.51,0.06,0.04,0.16,-0.01,-0.17,0.51,0.00,0.00,4.27,4.27,100,010,0,0,1929,1973,2002,1868,1982,1946,42.75,34.1,3381,52.828,84.53,1
2026-09-01T21:18:06.382,10.305,2,100,100,32,31,8.9,8.8,-0.16,0.45,0.12,0.04,-0.13,0.27,-0.16,0.45,0.00,0.00,4.27,4.27,110,010,0,0,1929,1984,1997,1865,1980,1946,42.75,34.1,3383,52.859,84.58,1
2026-09-01T21:18:06.392,10.316,2,100,100,32,31,8.4,8.5,-0.01,0.29,0.06,0.02,-0.17,0.32,-0.01,0.29,0.00,0.00,4.27,4.27,110,110,0,0,1928,1984,1995,1865,1978,1940,42.75,34.1,3384,52.875,84.60,1
2026-09-01T21:18:06.403,10.326,2,100,100,32,31,9.0,8.9,0.13,0.17,0.10,0.02,-0.32,0.36,0.13,0.17,0.00,0.00,4.27,4.27,010,110,0,0,1942,1993,1989,1867,1982,1942,42.75,34.1,3385,52.891,84.62,1
2026-09-01T21:18:06.413,10.336,2,100,100,32,31,8.3,8.5,0.23,0.00,0.06,0.04,-0.30,0.23,0.23,0.00,0.00,0.00,4.27,4.27,010,100,0,0,1927,1989,1997,1864,1972,1935,42.75,34.1,3384,52.875,84.60,1
2026-09-01T21:18:06.423,10.347,2,100,100,31,31,8.9,8.9,0.38,-0.08,0.10,0.04,-0.26,0.19,0.38,-0.08,0.00,0.00,4.27,4.27,011,100,0,0,1932,1992,2004,1866,1974,1935,42.75,34.1,3384,52.875,84.60,1
2026-09-01T21:18:06.434,10.357,2,100,100,31,31,8.6,8.5,0.46,-0.20,0.44,0.12,-0.04,-0.09,0.46,-0.20,0.00,0.00,4.27,4.27,011,101,0,0,1927,1991,2005,1865,1964,1944,42.75,34.1,3384,52.875,84.60,1
2026-09-01T21:18:06.448,10.371,2,100,100,31,31,8.9,8.9,0.45,-0.08,0.10,0.02,0.05,-0.18,0.45,-0.08,0.00,0.00,4.27,4.27,001,101,0,0,1943,1985,2005,1868,1964,1950,42.75,34.1,3385,52.891,84.62,1
2026-09-01T21:18:06.454,10.378,2,100,100,31,31,8.6,8.4,0.49,0.01,0.06,0.04,0.32,-0.28,0.49,0.01,0.00,0.00,4.27,4.27,001,001,0,0,1928,1984,2014,1865,1962,1950,42.75,34.1,3381,52.828,84.53,1
2026-09-01T21:18:06.465,10.388,2,100,100,32,31,9.0,9.0,0.23,0.21,0.12,0.02,0.27,-0.31,0.23,0.21,0.00,0.00,4.27,4.27,101,001,0,0,1941,1977,2005,1867,1966,1958,42.75,34.1,3383,52.859,84.58,1
2026-09-01T21:18:06.475,10.398,2,100,100,32,31,8.3,8.4,0.05,0.30,0.04,0.04,0.33,-0.28,0.05,0.30,0.00,0.00,4.27,4.27,101,011,0,0,1929,1974,2008,1866,1970,1951,42.75,34.1,3381,52.828,84.53,1
2026-09-01T21:18:06.485,10.409,2,100,100,31,31,8.9,9.0,-0.04,0.55,0.02,0.04,0.19,-0.13,-0.04,0.55,0.00,0.00,4.27,4.27,100,011,0,0,1926,1975,2004,1865,1970,1956,42.75,34.1,3383,52.859,84.58,1
2026-09-01T21:18:06.496,10.419,2,100,100,31,31,8.5,8.4,-0.15,0.52,0.06,0.06,0.17,-0.01,-0.15,0.52,0.00,0.00,4.27,4.27,100,010,0,0,1928,1975,2003,1865,1978,1946,42.75,34.1,3381,52.828,84.53,1
2026-09-01T21:18:06.506,10.429,2,100,100,32,31,8.9,9.0,-0.19,0.49,0.02,0.04,-0.12,0.21,-0.19,0.49,0.00,0.00,4.27,4.27,110,010,0,0,1931,1985,1999,1865,1980,1948,42.75,34.1,3382,52.844,84.55,1
2026-09-01T21:18:06.516,10.440,2,100,100,32,31,8.5,8.2,-0.02,0.34,0.06,0.04,-0.17,0.38,-0.02,0.34,0.00,0.00,4.27,4.27,110,110,0,0,1937,1985,1989,1867,1982,1946,42.75,34.1,3384,52.875,84.60,1
2026-09-01T21:18:06.527,10.450,2,100,100,32,31,8.9,9.0,0.10,0.23,0.06,0.04,-0.35,0.33,0.10,0.23,0.00,0.00,4.27,4.27,010,110,0,0,1945,2000,1989,1868,1986,1942,42.75,34.1,3385,52.891,84.62,1
2026-09-01T21:18:06.537,10.461,2,100,100,32,31,8.4,8.2,0.22,0.02,0.02,0.04,-0.29,0.24,0.22,0.02,0.00,0.00,4.27,4.27,010,100,0,0,1927,1990,1999,1864,1974,1935,42.75,34.1,3384,52.875,84.60,1
2026-09-01T21:18:06.547,10.471,2,100,100,31,31,8.9,9.0,0.37,-0.08,0.02,0.04,-0.25,0.19,0.37,-0.08,0.00,0.00,4.27,4.27,011,100,0,0,1928,1990,2003,1865,1972,1934,42.75,34.1,3385,52.891,84.62,1
2026-09-01T21:18:06.558,10.481,2,100,100,31,31,8.6,8.1,0.50,-0.23,0.08,0.00,-0.03,0.03,0.50,-0.23,0.00,0.00,4.27,4.27,011,101,0,0,1926,1991,2005,1864,1966,1942,42.75,34.1,3384,52.875,84.60,1
2026-09-01T21:18:06.568,10.492,2,100,100,31,31,8.8,9.0,0.49,-0.06,0.10,-0.06,0.03,-0.16,0.49,-0.06,0.00,0.00,4.27,4.27,001,101,0,0,1926,1984,2013,1865,1960,1946,42.75,34.1,3385,52.891,84.62,1
2026-09-01T21:18:06.579,10.502,2,100,100,31,31,8.6,8.0,0.48,-0.04,0.12,0.02,0.30,-0.24,0.48,-0.04,0.00,0.00,4.27,4.27,001,001,0,0,1929,1984,2016,1863,1964,1948,42.75,34.1,3381,52.828,84.53,1
2026-09-01T21:18:06.589,10.512,2,100,100,32,31,8.9,9.0,0.23,0.16,0.02,0.04,0.25,-0.33,0.23,0.16,0.00,0.00,4.27,4.27,101,001,0,0,1927,1975,2011,1865,1964,1951,42.75,34.1,3382,52.844,84.55,1
2026-09-01T21:18:06.599,10.523,2,100,100,32,31,8.5,8.1,0.07,0.29,0.10,0.02,0.33,-0.28,0.07,0.29,0.00,0.00,4.27,4.27,101,011,0,0,1931,1973,2011,1865,1967,1951,42.75,34.1,3381,52.828,84.53,1
2026-09-01T21:18:06.610,10.533,2,100,100,32,31,8.9,9.0,-0.05,0.54,0.06,0.06,0.18,-0.16,-0.05,0.54,0.00,0.00,4.27,4.27,100,011,0,0,1939,1977,1999,1868,1974,1960,42.75,34.1,3383,52.859,84.58,1
2026-09-01T21:18:06.620,10.543,2,100,100,32,31,8.5,7.9,-0.17,0.43,0.12,0.04,0.12,0.10,-0.17,0.43,0.00,0.00,4.27,4.27,100,010,0,0,1925,1975,2003,1864,1944,1972,42.75,34.1,3381,52.828,84.53,1
2026-09-01T21:18:06.630,10.554,2,100,100,31,31,8.8,9.0,-0.20,0.52,0.02,0.04,-0.11,0.14,-0.20,0.52,0.00,0.00,4.27,4.27,110,010,0,0,1928,1984,1997,1865,1980,1946,42.75,34.1,3383,52.859,84.58,1
2026-09-01T21:18:06.641,10.564,2,100,100,31,31,8.6,7.9,-0.02,0.34,0.10,0.02,-0.17,0.31,-0.02,0.34,0.00,0.00,4.27,4.27,110,010,0,0,1930,1984,1995,1864,1978,1942,42.75,34.1,3383,52.859,84.58,1
2026-09-01T21:18:06.651,10.574,2,100,100,32,31,8.9,9.0,0.09,0.26,0.06,0.04,-0.33,0.32,0.09,0.26,0.00,0.00,4.27,4.27,010,110,0,0,1928,1991,1996,1866,1980,1935,42.75,34.1,3385,52.891,84.62,1
2026-09-01T21:18:06.661,10.585,2,100,100,32,31,8.6,8.2,0.21,0.05,0.14,0.02,-0.26,0.34,0.21,0.05,0.00,0.00,4.27,4.27,010,110,0,0,1932,1989,1997,1864,1978,1935,42.75,34.1,3385,52.891,84.62,1
2026-09-01T21:18:06.672,10.595,2,100,100,31,31,8.8,9.0,0.36,-0.04,0.06,0.04,-0.26,0.19,0.36,-0.04,0.00,0.00,4.27,4.27,011,100,0,0,1940,1992,2005,1866,1972,1935,42.75,34.1,3384,52.875,84.60,1
2026-09-01T21:18:06.682,10.605,2,100,100,31,31,8.6,8.1,0.47,-0.18,0.10,0.02,-0.04,0.06,0.47,-0.18,0.00,0.00,4.27,4.27,011,100,0,0,1932,1989,2003,1865,1970,1940,42.75,34.1,3384,52.875,84.60,1
2026-09-01T21:18:06.692,10.616,2,100,100,31,31,8.7,9.0,0.44,-0.12,0.06,0.04,0.03,-0.17,0.44,-0.12,0.00,0.00,4.27,4.27,001,101,0,0,1926,1984,2011,1865,1960,1944,42.75,34.1,3384,52.875,84.60,1
2026-09-01T21:18:06.703,10.626,2,100,100,31,31,8.8,8.1,0.50,-0.05,0.12,0.02,0.27,-0.25,0.50,-0.05,0.00,0.00,4.27,4.27,001,101,0,0,1932,1984,2012,1865,1964,1946,42.75,34.1,3384,52.875,84.60,1
2026-09-01T21:18:06.713,10.636,2,100,100,32,31,8.8,9.0,0.28,0.15,0.04,0.04,0.28,-0.32,0.28,0.15,0.00,0.00,4.27,4.27,101,001,0,0,1929,1973,2009,1866,1962,1954,42.75,34.1,3381,52.828,84.53,1
2026-09-01T21:18:06.723,10.647,2,100,100,32,31,8.6,8.3,0.10,0.26,0.08,0.02,0.32,-0.26,0.10,0.26,0.00,0.00,4.27,4.27,101,001,0,0,1929,1975,2011,1864,1966,1951,42.75,34.1,3383,52.859,84.58,1
2026-09-01T21:18:06.734,10.657,2,100,100,32,31,8.8,9.0,-0.06,0.47,0.02,0.04,0.18,-0.24,-0.06,0.47,0.00,0.00,4.27,4.27,100,011,0,0,1927,1975,2003,1865,1972,1954,42.75,34.1,3383,52.859,84.58,1
2026-09-01T21:18:06.744,10.668,2,100,100,32,31,8.6,8.2,-0.13,0.52,0.10,0.02,0.13,-0.02,-0.13,0.52,0.00,0.00,4.27,4.27,100,011,0,0,1930,1976,2003,1865,1974,1950,42.75,34.1,3383,52.859,84.58,1
2026-09-01T21:18:06.754,10.678,2,100,100,31,31,8.8,9.0,-0.21,0.54,0.26,0.10,-0.11,0.09,-0.21,0.54,0.00,0.00,4.27,4.27,110,010,0,0,1926,1984,1999,1865,1980,1944,42.75,34.1,3381,52.828,84.53,1
2026-09-01T21:18:06.771,10.694,2,100,100,31,31,8.7,8.3,-0.04,0.35,0.12,0.02,-0.16,0.27,-0.04,0.35,0.00,0.00,4.27,4.27,110,010,0,0,1932,1984,1993,1864,1980,1942,42.75,34.1,3383,52.859,84.58,1
2026-09-01T21:18:06.777,10.701,2,100,100,32,31,8.8,8.9,0.09,0.28,0.06,0.04,-0.35,0.30,0.09,0.28,0.00,0.00,4.27,4.27,010,110,0,0,1941,1993,1989,1868,1982,1942,42.75,34.1,3384,52.875,84.60,1
2026-09-01T21:18:06.785,10.709,2,100,100,32,31,8.6,8.7,0.19,0.14,0.00,0.02,-0.27,0.38,0.19,0.14,0.00,0.00,4.27,4.27,010,110,0,0,1933,2008,1954,1861,1988,1942,42.75,34.1,3385,52.891,84.62,1
2026-09-01T21:18:06.796,10.719,2,100,100,31,31,8.7,8.9,0.34,-0.02,0.02,0.02,-0.30,0.20,0.34,-0.02,0.00,0.00,4.27,4.27,011,100,0,0,1926,1991,2004,1865,1972,1934,42.75,34.1,3384,52.875,84.60,1
2026-09-01T21:18:06.806,10.730,2,100,100,31,31,8.8,8.5,0.51,-0.12,0.00,0.02,-0.09,0.14,0.51,-0.12,0.00,0.00,4.27,4.27,011,100,0,0,1931,1993,2005,1864,1970,1935,42.75,34.1,3385,52.891,84.62,1
2026-09-01T21:18:06.817,10.740,2,100,100,31,31,8.7,8.9,0.48,-0.10,0.06,0.04,0.01,-0.15,0.48,-0.10,0.00,0.00,4.27,4.27,001,101,0,0,1937,1985,2005,1867,1964,1950,42.75,34.1,3384,52.875,84.60,1
2026-09-01T21:18:06.827,10.750,2,100,100,31,31,8.8,8.5,0.49,-0.06,0.04,0.04,0.25,-0.21,0.49,-0.06,0.00,0.00,4.27,4.27,001,101,0,0,1928,1984,2013,1865,1962,1946,42.75,34.1,3385,52.891,84.62,1
2026-09-01T21:18:06.837,10.761,2,100,100,32,31,8.8,8.8,0.28,0.04,0.04,0.04,0.26,-0.34,0.28,0.04,0.00,0.00,4.27,4.27,101,001,0,0,1927,1975,2011,1865,1962,1950,42.75,34.1,3380,52.812,84.50,1
2026-09-01T21:18:06.848,10.771,2,100,100,32,31,8.7,8.8,0.13,0.24,0.06,0.04,0.34,-0.28,0.13,0.24,0.00,0.00,4.27,4.27,101,001,0,0,1927,1973,2011,1865,1962,1951,42.75,34.1,3383,52.859,84.58,1
2026-09-01T21:18:06.858,10.781,2,100,100,31,31,8.7,8.8,-0.04,0.39,0.04,0.04,0.21,-0.28,-0.04,0.39,0.00,0.00,4.27,4.27,100,011,0,0,1936,1978,1999,1867,1976,1956,42.75,34.1,3380,52.812,84.50,1
2026-09-01T21:18:06.868,10.792,2,100,100,31,31,8.7,8.7,-0.13,0.54,0.06,0.04,0.17,-0.05,-0.13,0.54,0.00,0.00,4.27,4.27,100,011,0,0,1944,1975,1997,1868,1974,1958,42.75,34.1,3383,52.859,84.58,1
2026-09-01T21:18:06.879,10.802,2,100,100,32,31,8.7,8.8,-0.25,0.52,0.10,0.04,-0.09,0.00,-0.25,0.52,0.00,0.00,4.27,4.27,110,010,0,0,1931,1984,1998,1865,1980,1944,42.75,34.1,3380,52.812,84.50,1
2026-09-01T21:18:06.889,10.812,2,100,100,32,31,8.8,8.7,-0.03,0.45,0.06,0.04,-0.17,0.28,-0.03,0.45,0.00,0.00,4.27,4.27,110,010,0,0,1940,1984,1989,1868,1982,1950,42.75,34.1,3383,52.859,84.58,1
2026-09-01T21:18:06.899,10.823,2,100,100,32,31,8.7,8.6,0.10,0.29,0.02,0.04,-0.35,0.29,0.10,0.29,0.00,0.00,4.27,4.27,010,110,0,0,1927,1992,1995,1865,1978,1938,42.75,34.1,3383,52.859,84.58,1
2026-09-01T21:18:06.910,10.833,2,100,100,32,31,8.8,8.9,0.24,0.18,0.04,0.04,-0.26,0.37,0.24,0.18,0.00,0.00,4.27,4.27,010,110,0,0,1928,1991,1996,1865,1980,1934,42.75,34.1,3385,52.891,84.62,1
2026-09-01T21:18:06.920,10.843,2,100,100,31,31,8.6,8.5,0.34,-0.02,0.10,0.02,-0.31,0.23,0.34,-0.02,0.00,0.00,4.27,4.27,011,100,0,0,1930,1991,2004,1864,1972,1936,42.75,34.1,3382,52.844,84.55,1
2026-09-01T21:18:06.930,10.854,2,100,100,31,31,8.9,8.9,0.50,-0.07,0.06,0.04,-0.10,0.18,0.50,-0.07,0.00,0.00,4.27,4.27,011,100,0,0,1928,1993,2004,1865,1972,1934,42.75,34.1,3385,52.891,84.62,1
2026-09-01T21:18:06.941,10.864,2,100,100,31,31,8.6,8.6,0.48,-0.15,0.34,0.08,0.00,-0.12,0.48,-0.15,0.00,0.00,4.27,4.27,001,101,0,0,1932,1980,2009,1866,1962,1946,42.75,34.1,3382,52.844,84.55,1
2026-09-01T21:18:06.951,10.875,2,100,100,31,31,8.9,8.9,0.46,-0.05,0.06,0.02,0.23,-0.18,0.46,-0.05,0.00,0.00,4.27,4.27,001,101,0,0,1928,1981,2013,1865,1962,1944,42.75,34.1,3385,52.891,84.62,1
2026-09-01T21:18:06.961,10.885,2,100,100,31,31,8.6,8.5,0.30,0.04,0.12,0.02,0.26,-0.31,0.30,0.04,0.00,0.00,4.27,4.27,101,001,0,0,1949,1984,2004,1868,1966,1958,42.75,34.1,3380,52.812,84.50,1
2026-09-01T21:18:06.972,10.895,2,100,100,31,31,8.9,8.9,0.19,0.20,0.04,0.04,0.38,-0.29,0.19,0.20,0.00,0.00,4.27,4.27,101,001,0,0,1929,1973,2013,1866,1964,1951,42.78,34.1,3383,52.859,84.58,1
2026-09-01T21:18:06.982,10.906,2,100,100,31,31,8.6,8.4,-0.04,0.29,0.16,-0.08,0.26,-0.28,-0.04,0.29,0.00,0.00,4.27,4.27,100,011,0,0,1929,1977,2006,1865,1970,1950,42.78,34.1,3380,52.812,84.50,1
2026-09-01T21:18:06.993,10.916,2,100,100,31,31,8.8,8.9,-0.10,0.59,0.30,0.10,0.14,-0.12,-0.10,0.59,0.00,0.00,4.27,4.27,100,011,0,0,1927,1975,2005,1865,1972,1956,42.78,34.1,3383,52.859,84.58,1
2026-09-01T21:18:07.007,10.930,2,100,100,31,31,8.5,8.4,-0.17,0.54,0.28,0.10,-0.04,-0.04,-0.17,0.54,0.00,0.00,4.27,4.27,110,010,0,0,1929,1984,1999,1864,1980,1944,42.78,34.1,3380,52.812,84.50,1
2026-09-01T21:18:07.013,10.937,2,100,100,31,31,8.9,9.0,-0.07,0.49,0.10,-0.06,-0.17,0.20,-0.07,0.49,0.00,0.00,4.27,4.27,110,010,0,0,1928,1984,1995,1864,1982,1946,42.78,34.1,3383,52.859,84.58,1
2026-09-01T21:18:07.024,10.947,2,100,100,31,31,8.3,8.2,0.00,0.36,0.10,0.02,-0.26,0.38,0.00,0.36,0.00,0.00,4.27,4.27,010,110,0,0,1930,1987,1995,1865,1980,1940,42.78,34.1,3383,52.859,84.58,1
2026-09-01T21:18:07.034,10.957,2,100,100,31,31,9.0,9.0,0.22,0.24,0.04,0.04,-0.29,0.36,0.22,0.24,0.00,0.00,4.27,4.27,010,110,0,0,1928,1991,1995,1865,1980,1934,42.78,34.1,3385,52.891,84.62,1
2026-09-01T21:18:07.044,10.968,2,100,100,31,31,8.3,8.1,0.33,-0.01,0.08,0.02,-0.37,0.28,0.33,-0.01,0.00,0.00,4.27,4.27,011,100,0,0,1930,1991,2003,1865,1972,1935,42.78,34.1,3383,52.859,84.58,1
2026-09-01T21:18:07.057,10.980,2,100,100,31,31,9.0,9.0,0.50,-0.06,0.04,0.04,-0.13,0.19,0.50,-0.06,0.00,0.00,4.27,4.27,011,100,0,0,1928,1992,2004,1865,1970,1934,42.78,34.1,3385,52.891,84.62,1
2026-09-01T21:18:07.065,10.989,2,100,100,31,31,8.3,8.1,0.47,-0.17,0.02,0.02,0.00,-0.02,0.47,-0.17,0.00,0.00,4.27,4.27,001,101,0,0,1926,1985,2009,1864,1964,1942,42.78,34.1,3383,52.859,84.58,1
2026-09-01T21:18:07.075,10.999,2,100,100,31,31,9.0,9.0,0.48,-0.07,0.46,0.12,0.19,-0.18,0.48,-0.07,0.00,0.00,4.27,4.27,001,101,0,0,1928,1984,2013,1865,1960,1946,42.78,34.1,3385,52.891,84.62,1
2026-09-01T21:18:07.086,11.009,2,100,100,31,31,8.2,7.9,0.27,-0.13,0.04,0.04,0.29,-0.04,0.27,-0.13,0.00,0.00,4.27,4.27,101,001,0,0,1926,1979,2011,1864,1964,1944,42.78,34.1,3380,52.812,84.50,1
2026-09-01T21:18:07.096,11.020,2,100,100,31,31,9.0,9.0,0.19,0.18,0.02,0.04,0.30,-0.35,0.19,0.18,0.00,0.00,4.27,4.27,101,001,0,0,1928,1973,2012,1865,1962,1951,42.78,34.1,3383,52.859,84.58,1
2026-09-01T21:18:07.106,11.030,2,100,100,32,31,8.4,7.9,-0.01,0.25,0.04,0.04,0.28,-0.23,-0.01,0.25,0.00,0.00,4.27,4.27,100,011,0,0,1927,1975,2006,1865,1965,1949,42.78,34.1,3379,52.797,84.47,1
2026-09-01T21:18:07.117,11.040,2,100,100,32,31,9.0,9.0,-0.12,0.51,0.00,0.02,0.18,-0.20,-0.12,0.51,0.00,0.00,4.27,4.27,100,011,0,0,1927,1973,2004,1865,1970,1951,42.78,34.1,3383,52.859,84.58,1
2026-09-01T21:18:07.127,11.050,2,100,100,32,31,8.3,7.9,-0.18,0.53,0.00,0.04,0.02,-0.03,-0.18,0.53,0.00,0.00,4.27,4.27,110,011,0,0,1928,1978,2000,1866,1975,1950,42.78,34.1,3381,52.828,84.53,1
2026-09-01T21:18:07.137,11.061,2,100,100,32,31,9.0,9.0,-0.08,0.56,0.06,0.04,-0.15,0.14,-0.08,0.56,0.00,0.00,4.27,4.27,110,010,0,0,1928,1981,1994,1865,1982,1944,42.78,34.1,3383,52.859,84.58,1
2026-09-01T21:18:07.148,11.071,2,100,100,31,31,8.0,8.0,-0.02,0.35,0.06,0.04,0.21,0.26,-0.02,0.35,0.00,0.00,4.27,4.27,010,010,0,0,1928,1984,1993,1865,1976,1940,42.78,34.1,3381,52.828,84.53,1
2026-09-01T21:18:07.158,11.082,2,100,100,31,31,9.0,9.0,0.19,0.25,0.02,0.04,-0.30,0.31,0.19,0.25,0.00,0.00,4.27,4.27,010,110,0,0,1927,1991,1995,1865,1980,1934,42.78,34.1,3385,52.891,84.62,1
2026-09-01T21:18:07.168,11.092,2,100,100,31,31,8.1,8.2,0.25,0.05,0.06,0.04,-0.25,0.35,0.25,0.05,0.00,0.00,4.27,4.27,011,110,0,0,1927,1989,2003,1864,1976,1935,42.78,34.1,3384,52.875,84.60,1
2026-09-01T21:18:07.179,11.102,2,100,100,31,31,9.0,9.0,0.48,-0.04,0.02,0.02,-0.16,0.20,0.48,-0.04,0.00,0.00,4.27,4.27,011,100,0,0,1928,1992,2004,1865,1972,1934,42.78,34.1,3385,52.891,84.62,1
2026-09-01T21:18:07.189,11.113,2,100,100,31,31,8.1,8.3,0.49,-0.11,0.02,0.04,-0.04,0.13,0.49,-0.11,0.00,0.00,4.27,4.27,001,100,0,0,1926,1985,2011,1865,1968,1936,42.78,34.1,3384,52.875,84.60,1
2026-09-01T21:18:07.200,11.123,2,100,100,31,31,9.0,9.0,0.52,-0.08,0.14,0.04,0.17,-0.15,0.52,-0.08,0.00,0.00,4.27,4.27,001,101,0,0,1951,1987,2005,1869,1966,1951,42.78,34.1,3384,52.875,84.60,1
2026-09-01T21:18:07.211,11.135,2,100,100,31,31,8.1,8.3,0.27,-0.03,0.06,0.04,0.27,-0.25,0.27,-0.03,0.00,0.00,4.27,4.27,101,101,0,0,1928,1979,2010,1865,1962,1948,42.78,34.1,3384,52.875,84.60,1
2026-09-01T21:18:07.220,11.144,2,100,100,31,31,9.0,9.0,0.23,0.14,0.10,0.02,0.31,-0.36,0.23,0.14,0.00,0.00,4.27,4.27,101,001,0,0,1930,1973,2013,1864,1960,1954,42.78,34.1,3383,52.859,84.58,1
2026-09-01T21:18:07.231,11.154,2,100,100,31,31,7.9,8.4,-0.01,0.25,0.02,0.04,0.45,-0.27,-0.01,0.25,0.00,0.00,4.27,4.27,100,001,0,0,1926,1977,2011,1865,1966,1950,42.78,34.1,3380,52.812,84.50,1
2026-09-01T21:18:07.241,11.164,2,100,100,31,31,9.0,8.9,-0.06,0.41,0.12,0.04,0.20,-0.26,-0.06,0.41,0.00,0.00,4.27,4.27,100,011,0,0,1931,1973,2003,1864,1972,1954,42.78,34.1,3383,52.859,84.58,1
2026-09-01T21:18:07.251,11.175,2,100,100,32,31,8.0,8.5,-0.19,0.58,0.00,0.04,0.03,-0.02,-0.19,0.58,0.00,0.00,4.27,4.27,110,011,0,0,1928,1977,2000,1867,1973,1956,42.78,34.1,3381,52.828,84.53,1
2026-09-01T21:18:07.262,11.185,2,108,108,32,31,9.3,9.2,-0.05,0.57,0.14,0.04,-0.16,0.04,-0.05,0.57,0.00,0.00,4.40,4.40,110,010,0,0,1931,1984,1993,1865,1982,1944,42.78,34.1,3383,52.859,84.58,1
2026-09-01T21:18:07.272,11.196,2,127,127,31,31,9.3,9.8,0.16,0.69,0.08,0.08,-0.22,0.37,0.16,0.69,0.00,0.00,4.96,4.96,010,010,0,0,1929,1991,1985,1867,1992,1944,42.78,34.1,3381,52.828,84.53,1
2026-09-01T21:18:07.282,11.206,2,153,153,31,31,12.5,12.5,0.76,0.85,0.24,0.12,-0.31,0.22,0.76,0.85,0.00,0.00,5.94,5.94,010,110,0,0,1937,2016,1969,1871,2004,1910,42.78,34.1,3385,52.891,84.62,1
2026-09-01T21:18:07.293,11.216,2,181,181,34,34,14.9,14.4,1.08,0.71,0.26,0.26,0.24,0.70,1.08,0.71,0.00,0.00,7.18,7.18,011,100,0,0,1948,2033,1966,1876,2008,1902,42.78,34.1,3385,52.891,84.62,1
2026-09-01T21:18:07.303,11.227,2,203,203,40,41,18.2,17.8,1.31,0.40,0.36,0.24,0.91,0.38,1.31,0.40,0.00,0.00,8.68,8.68,001,101,0,0,1943,2033,2019,1875,1961,1911,42.78,34.1,3385,52.891,84.62,1
2026-09-01T21:18:07.314,11.237,2,222,222,48,49,19.2,19.2,1.20,0.90,0.62,0.34,1.87,0.46,1.20,0.90,0.00,0.00,9.11,9.11,101,001,0,0,1944,1963,2105,1877,1908,1960,42.78,34.1,3385,52.891,84.62,1
2026-09-01T21:18:07.324,11.248,2,236,236,77,79,20.4,19.2,0.44,1.15,0.34,0.28,0.45,0.60,0.44,1.15,0.00,0.00,9.79,9.79,110,010,0,0,1954,1955,1985,1880,1983,1982,42.78,34.1,3383,52.859,84.58,1
2026-09-01T21:18:07.334,11.258,2,248,248,95,87,19.5,21.7,0.85,0.67,0.34,0.28,0.43,0.41,0.85,0.67,0.00,0.00,10.39,10.39,011,110,0,0,1951,2023,1955,1880,2006,1918,42.78,34.1,3385,52.891,84.62,1
2026-09-01T21:18:07.345,11.268,2,258,258,102,102,22.4,22.8,0.81,0.11,0.38,0.26,0.45,-0.09,0.81,0.11,0.00,0.00,10.85,10.85,001,101,0,0,1954,1992,2024,1877,1955,1950,42.75,34.1,3386,52.906,84.65,1
2026-09-01T21:18:07.355,11.278,2,266,266,113,111,23.4,22.7,0.13,0.62,0.62,0.26,0.31,-0.02,0.13,0.62,0.00,0.00,11.19,11.19,100,011,0,0,1935,1961,2009,1873,1958,1964,42.75,34.1,3384,52.875,84.60,1
2026-09-01T21:18:07.365,11.289,2,272,272,122,118,24.1,22.9,0.28,0.50,0.26,0.20,-0.23,0.48,0.28,0.50,0.00,0.00,11.49,11.49,010,110,0,0,1937,1995,1991,1872,1988,1935,42.75,34.1,3385,52.891,84.62,1
2026-09-01T21:18:07.376,11.299,2,278,278,125,125,24.7,23.2,0.61,-0.03,0.20,0.22,0.33,0.20,0.61,-0.03,0.00,0.00,11.75,11.75,001,101,0,0,1933,1991,2016,1873,1966,1935,42.75,34.1,3385,52.891,84.62,1
2026-09-01T21:18:07.386,11.310,2,282,282,130,125,24.8,23.0,-0.04,0.20,0.16,0.10,0.34,0.43,-0.04,0.20,0.00,0.00,11.97,11.97,100,011,0,0,1933,1968,2009,1868,1932,1954,42.75,34.1,3384,52.875,84.60,1
2026-09-01T21:18:07.396,11.320,2,285,285,136,131,23.6,24.5,0.22,0.33,0.14,0.16,-0.19,0.40,0.22,0.33,0.00,0.00,12.09,12.09,010,110,0,0,1932,1989,1996,1869,1980,1940,42.75,34.1,3385,52.891,84.62,1
2026-09-01T21:18:07.407,11.330,2,288,288,138,136,22.6,25.5,0.51,-0.14,0.20,0.18,0.46,-0.05,0.51,-0.14,0.00,0.00,12.26,12.26,101,101,0,0,1933,1985,2017,1870,1960,1948,42.75,34.1,3385,52.891,84.62,1
2026-09-01T21:18:07.417,11.341,2,290,290,140,135,24.5,25.9,-0.16,0.45,0.14,0.14,0.23,0.03,-0.16,0.45,0.00,0.00,12.35,12.35,110,011,0,0,1931,1969,2007,1870,1960,1956,42.75,34.1,3384,52.875,84.60,1
2026-09-01T21:18:07.427,11.351,2,292,292,142,136,26.1,26.1,0.32,0.25,0.46,0.24,-0.15,0.33,0.32,0.25,0.00,0.00,12.43,12.43,011,110,0,0,1932,1988,2004,1871,1982,1932,42.75,34.1,3386,52.906,84.65,1
2026-09-01T21:18:07.438,11.361,2,293,293,142,138,26.3,25.9,0.20,-0.09,0.16,0.18,0.27,-0.21,0.20,-0.09,0.00,0.00,12.52,12.52,101,101,0,0,1934,1970,2011,1872,1959,1948,42.75,34.1,3386,52.906,84.65,1
2026-09-01T21:18:07.448,11.372,2,294,294,142,136,25.2,25.0,0.04,0.71,0.20,0.20,-0.14,0.00,0.04,0.71,0.00,0.00,12.56,12.56,110,011,0,0,1934,1984,1989,1874,1970,1962,42.75,34.1,3385,52.891,84.62,1
2026-09-01T21:18:07.459,11.382,2,295,295,142,138,23.6,23.2,0.55,0.11,0.16,0.18,0.10,0.51,0.55,0.11,0.00,0.00,12.61,12.61,001,100,0,0,1937,1997,2004,1870,2008,1948,42.75,34.1,3384,52.875,84.60,1
2026-09-01T21:18:07.469,11.392,2,296,296,144,140,26.0,25.5,-0.03,0.05,0.12,0.14,0.39,-0.19,-0.03,0.05,0.00,0.00,12.65,12.65,100,001,0,0,1932,1973,2009,1870,1960,1948,42.75,34.1,3383,52.859,84.58,1
2026-09-01T21:18:07.479,11.403,2,297,297,144,142,26.8,26.7,0.11,0.56,0.22,0.14,-0.28,0.14,0.11,0.56,0.00,0.00,12.69,12.69,010,010,0,0,1936,1991,1993,1872,1980,1948,42.75,34.1,3385,52.891,84.62,1
2026-09-01T21:18:07.491,11.415,2,297,297,146,140,25.4,26.7,0.49,-0.07,0.18,0.16,0.29,0.28,0.49,-0.07,0.00,0.00,12.69,12.69,001,100,0,0,1934,1985,2013,1872,1975,1932,42.75,34.1,3386,52.906,84.65,1
2026-09-01T21:18:07.500,11.423,2,298,298,146,140,24.0,25.7,-0.21,0.25,0.24,0.04,0.23,-0.19,-0.21,0.25,0.00,0.00,12.73,12.73,110,001,0,0,1936,1973,2009,1870,1960,1956,42.75,34.1,3384,52.875,84.60,1
2026-09-01T21:18:07.510,11.434,2,298,298,146,142,26.5,23.5,0.37,0.36,0.14,0.16,-0.15,0.38,0.37,0.36,0.00,0.00,12.73,12.73,011,110,0,0,1934,1988,2000,1871,1972,1975,42.75,34.1,3385,52.891,84.62,1
2026-09-01T21:18:07.521,11.444,2,298,298,148,144,26.6,26.1,0.11,-0.26,0.20,0.12,0.25,0.01,0.11,-0.26,0.00,0.00,12.73,12.73,101,101,0,0,1935,1973,2008,1870,1967,1946,42.75,34.1,3385,52.891,84.62,1
2026-09-01T21:18:07.531,11.454,2,299,299,148,144,24.3,26.8,-0.06,0.38,0.14,0.10,-0.19,-0.07,-0.06,0.38,0.00,0.00,12.73,12.73,110,011,0,0,1932,1984,1997,1869,1966,1951,42.75,34.1,3385,52.891,84.62,1
2026-09-01T21:18:07.541,11.465,2,299,299,148,142,25.5,26.4,0.53,0.22,0.64,0.24,0.17,0.39,0.53,0.22,0.00,0.00,12.78,12.78,001,110,0,0,1936,1995,2005,1869,1982,1932,42.75,34.1,3385,52.891,84.62,1
2026-09-01T21:18:07.552,11.475,2,299,299,146,144,26.9,24.1,-0.01,-0.04,0.18,0.18,0.38,-0.23,-0.01,-0.04,0.00,0.00,12.78,12.78,100,101,0,0,1934,1968,2008,1872,1962,1947,42.75,34.1,3386,52.906,84.65,1
2026-09-01T21:18:07.562,11.486,2,299,299,150,144,25.5,25.4,0.23,0.48,0.22,0.12,-0.26,0.07,0.23,0.48,0.00,0.00,12.78,12.78,010,010,0,0,1936,1993,1995,1868,1974,1948,42.75,34.1,3384,52.875,84.60,1
2026-09-01T21:18:07.572,11.496,2,299,299,148,144,24.3,26.8,0.42,-0.05,0.20,0.16,0.43,0.28,0.42,-0.05,0.00,0.00,12.78,12.78,101,100,0,0,1936,1985,2029,1865,1974,1932,42.75,34.1,3385,52.891,84.62,1
2026-09-01T21:18:07.583,11.506,2,299,299,146,142,26.4,26.8,-0.18,0.18,0.22,0.14,0.30,-0.26,-0.18,0.18,0.00,0.00,12.78,12.78,110,001,0,0,1935,1969,2005,1869,1960,1954,42.75,34.1,3384,52.875,84.60,1
2026-09-01T21:18:07.593,11.516,2,299,299,146,142,26.8,25.5,0.46,0.47,0.40,0.20,-0.19,0.35,0.46,0.47,0.00,0.00,12.78,12.78,011,010,0,0,1932,1993,2007,1869,1980,1950,42.78,34.1,3385,52.891,84.62,1
2026-09-01T21:18:07.603,11.527,2,299,299,148,144,24.6,24.1,0.12,-0.19,0.24,0.16,0.26,0.15,0.12,-0.19,0.00,0.00,12.78,12.78,101,101,0,0,1937,1974,2004,1873,1975,1943,42.78,34.1,3385,52.891,84.62,1
2026-09-01T21:18:07.614,11.537,2,299,299,150,144,25.6,26.2,0.01,0.34,0.12,0.10,-0.24,-0.26,0.01,0.34,0.00,0.00,12.78,12.78,010,011,0,0,1932,1988,1997,1869,1972,1950,42.78,34.1,3383,52.859,84.58,1
2026-09-01T21:18:07.624,11.548,2,299,299,148,142,26.9,26.9,0.45,0.23,0.26,0.06,0.12,0.47,0.45,0.23,0.00,0.00,12.78,12.78,001,110,0,0,1935,1987,2009,1869,1982,1938,42.78,34.1,3386,52.906,84.65,1
2026-09-01T21:18:07.634,11.558,2,299,299,146,144,26.1,26.0,-0.08,-0.04,0.18,0.18,0.22,-0.24,-0.08,-0.04,0.00,0.00,12.78,12.78,100,101,0,0,1954,1976,2000,1876,1966,1955,42.78,34.1,3386,52.906,84.65,1
2026-09-01T21:18:07.645,11.568,2,299,299,148,144,23.7,23.9,0.16,0.48,0.16,0.12,-0.20,-0.04,0.16,0.48,0.00,0.00,12.78,12.78,011,011,0,0,1951,1985,1975,1873,1975,1956,42.78,34.1,3383,52.859,84.58,1
2026-09-01T21:18:07.655,11.579,2,299,299,148,144,26.5,25.3,0.19,0.00,0.32,0.18,0.32,0.39,0.19,0.00,0.00,0.00,12.78,12.78,101,100,0,0,1930,1979,2009,1869,1978,1935,42.78,34.1,3385,52.891,84.62,1
2026-09-01T21:18:07.665,11.589,2,299,299,146,144,26.9,26.9,-0.14,0.06,0.12,0.10,-0.10,-0.32,-0.14,0.06,0.00,0.00,12.78,12.78,110,001,0,0,1931,1984,1995,1868,1962,1950,42.78,34.1,3385,52.891,84.62,1
2026-09-01T21:18:07.676,11.599,2,299,299,146,146,25.0,26.5,0.61,0.52,0.18,0.14,-0.08,0.20,0.61,0.52,0.00,0.00,12.78,12.78,011,010,0,0,1935,1995,2005,1872,1982,1944,42.78,34.1,3385,52.891,84.62,1
2026-09-01T21:18:07.686,11.610,2,299,299,148,142,25.2,25.3,0.07,-0.10,0.14,0.18,0.30,0.24,0.07,-0.10,0.00,0.00,12.78,12.78,100,100,0,0,1933,1973,2009,1873,1974,1932,42.78,34.1,3385,52.891,84.62,1
2026-09-01T21:18:07.697,11.620,2,300,300,146,142,26.7,24.1,0.05,0.31,0.14,0.16,-0.15,-0.16,0.05,0.31,0.00,0.00,12.78,12.78,010,011,0,0,1931,1985,1995,1870,1960,1951,42.78,34.1,3384,52.875,84.60,1
2026-09-01T21:18:07.707,11.630,2,300,300,146,142,26.5,26.4,0.54,0.31,0.20,0.16,0.25,0.26,0.54,0.31,0.00,0.00,12.83,12.83,001,110,0,0,1934,1986,2016,1869,1980,1934,42.78,34.1,3385,52.891,84.62,1
2026-09-01T21:18:07.717,11.641,2,300,300,148,144,24.2,27.0,-0.02,-0.15,0.18,0.16,0.17,-0.23,-0.02,-0.15,0.00,0.00,12.83,12.83,100,101,0,0,1938,1969,2008,1871,1959,1949,42.78,34.1,3386,52.906,84.65,1
2026-09-01T21:18:07.728,11.651,2,300,300,146,142,26.0,26.4,0.36,0.52,0.10,0.12,-0.13,-0.13,0.36,0.52,0.00,0.00,12.83,12.83,011,011,0,0,1932,1993,1994,1870,1972,1954,42.78,34.1,3384,52.875,84.60,1
2026-09-01T21:18:07.738,11.662,2,300,300,148,144,27.0,23.6,0.16,0.06,0.20,0.16,0.34,0.38,0.16,0.06,0.00,0.00,12.83,12.83,101,110,0,0,1936,1974,2011,1871,1975,1935,42.78,34.1,3386,52.906,84.65,1
2026-09-01T21:18:07.748,11.672,2,300,300,148,142,25.3,25.7,-0.07,-0.15,0.14,0.08,-0.21,0.04,-0.07,-0.15,0.00,0.00,12.83,12.83,110,001,0,0,1932,1984,1995,1867,1962,1946,42.78,34.1,3384,52.875,84.60,1
2026-09-01T21:18:07.759,11.682,2,300,300,148,146,24.8,27.0,0.37,0.53,0.10,0.14,0.29,0.14,0.37,0.53,0.00,0.00,12.83,12.83,001,010,0,0,1930,2000,1992,1870,1980,1948,42.78,34.1,3384,52.875,84.60,1
2026-09-01T21:18:07.769,11.692,2,300,300,150,144,27.0,26.7,-0.04,-0.09,0.18,0.18,0.34,0.25,-0.04,-0.09,0.00,0.00,12.83,12.83,100,100,0,0,1930,1974,2008,1872,1979,1935,42.78,34.1,3386,52.906,84.65,1
2026-09-01T21:18:07.779,11.703,2,300,300,150,144,25.9,24.3,0.20,0.30,0.22,0.14,-0.30,-0.26,0.20,0.30,0.00,0.00,12.83,12.83,010,001,0,0,1936,1991,1995,1870,1964,1951,42.78,34.1,3385,52.891,84.62,1
2026-09-01T21:18:07.790,11.713,2,300,300,150,144,24.2,25.2,0.44,0.30,0.18,0.12,0.45,0.40,0.44,0.30,0.00,0.00,12.83,12.83,101,110,0,0,1935,1985,2013,1869,1978,1942,42.78,34.1,3385,52.891,84.62,1
2026-09-01T21:18:07.800,11.723,2,300,300,148,146,26.6,26.8,-0.08,-0.15,0.46,0.22,0.17,-0.16,-0.08,-0.15,0.00,0.00,12.83,12.83,110,101,0,0,1932,1973,2005,1869,1962,1950,42.78,34.1,3385,52.891,84.62,1
2026-09-01T21:18:07.810,11.734,2,300,300,146,140,26.9,27.0,0.49,0.55,0.16,0.18,-0.08,0.32,0.49,0.55,0.00,0.00,12.83,12.83,011,011,0,0,1933,1993,2005,1872,1950,1967,42.78,34.1,3385,52.891,84.62,1
2026-09-01T21:18:07.821,11.744,2,300,300,148,142,24.5,25.9,0.09,0.20,0.20,0.18,0.25,0.40,0.09,0.20,0.00,0.00,12.83,12.83,101,110,0,0,1936,1973,2010,1872,1983,1932,42.78,34.1,3386,52.906,84.65,1
2026-09-01T21:18:07.831,11.755,2,300,300,150,144,25.8,23.8,0.03,-0.16,0.44,0.18,-0.17,-0.15,0.03,-0.16,0.00,0.00,12.83,12.83,010,001,0,0,1934,1982,1996,1870,1975,1923,42.78,34.1,3382,52.844,84.55,1
2026-09-01T21:18:07.841,11.765,2,300,300,146,146,27.0,26.1,0.63,0.52,0.24,0.14,0.51,0.11,0.63,0.52,0.00,0.00,12.82,12.82,001,010,0,0,1938,2001,2009,1871,1976,1948,42.75,34.1,3384,52.875,84.60,1
2026-09-01T21:18:07.852,11.775,2,300,300,148,142,25.6,27.0,-0.17,-0.01,0.14,0.16,0.24,0.47,-0.17,-0.01,0.00,0.00,12.82,12.82,100,100,0,0,1932,1973,2006,1871,1980,1930,42.75,34.1,3386,52.906,84.65,1
2026-09-01T21:18:07.862,11.786,2,300,300,148,144,24.8,26.4,0.29,0.18,0.20,0.12,-0.23,-0.24,0.29,0.18,0.00,0.00,12.82,12.82,011,001,0,0,1936,1989,1997,1869,1962,1951,42.75,34.1,3384,52.875,84.60,1
2026-09-01T21:18:07.872,11.796,2,300,300,150,144,26.9,24.3,0.18,0.43,0.14,0.16,0.40,0.41,0.18,0.43,0.00,0.00,12.82,12.82,101,010,0,0,1931,1979,2009,1870,1980,1948,42.75,34.1,3385,52.891,84.62,1
2026-09-01T21:18:07.883,11.806,2,300,300,148,146,26.4,25.7,-0.07,-0.17,0.22,0.18,-0.15,0.17,-0.07,-0.17,0.00,0.00,12.82,12.82,110,101,0,0,1936,1984,1995,1870,1972,1935,42.75,34.1,3385,52.891,84.62,1
2026-09-01T21:18:07.893,11.817,2,300,300,148,142,23.4,26.9,0.52,0.37,0.16,0.12,0.03,-0.05,0.52,0.37,0.00,0.00,12.82,12.82,001,011,0,0,1936,1995,2005,1874,1967,1958,42.75,34.1,3383,52.859,84.58,1
2026-09-01T21:18:07.904,11.827,2,300,300,148,142,26.2,26.9,0.02,0.26,0.22,0.16,0.38,0.54,0.02,0.26,0.00,0.00,12.82,12.82,100,110,0,0,1936,1970,2010,1872,1983,1934,42.75,34.1,3385,52.891,84.62,1
2026-09-01T21:18:07.914,11.837,2,300,300,146,144,27.0,24.9,0.10,0.01,0.16,0.22,-0.19,-0.21,0.10,0.01,0.00,0.00,12.82,12.82,010,101,0,0,1940,1997,2013,1869,1964,1950,42.75,34.1,3386,52.906,84.65,1
2026-09-01T21:18:07.924,11.848,2,300,300,148,144,25.2,24.8,0.47,0.52,0.22,0.14,0.35,0.06,0.47,0.52,0.00,0.00,12.82,12.82,001,010,0,0,1937,1987,2016,1869,1972,1951,42.75,34.1,3384,52.875,84.60,1
2026-09-01T21:18:07.935,11.858,2,300,300,148,144,25.3,26.5,-0.19,-0.02,0.14,0.12,0.20,0.38,-0.19,-0.02,0.00,0.00,12.82,12.82,110,100,0,0,1932,1971,2005,1871,1975,1935,42.75,34.1,3384,52.875,84.60,1
2026-09-01T21:18:07.945,11.868,2,300,300,148,144,27.0,27.0,0.37,0.14,0.10,0.12,-0.16,-0.26,0.37,0.14,0.00,0.00,12.82,12.82,011,001,0,0,1950,1995,1995,1873,1966,1958,42.75,34.1,3385,52.891,84.62,1
2026-09-01T21:18:07.955,11.879,2,300,300,150,146,25.8,25.4,0.14,0.44,0.14,0.12,0.31,0.30,0.14,0.44,0.00,0.00,12.82,12.82,101,010,0,0,1932,1973,2010,1870,1980,1946,42.75,34.1,3385,52.891,84.62,1
2026-09-01T21:18:07.966,11.889,2,300,300,150,146,24.4,24.0,0.01,-0.20,0.14,0.14,-0.16,0.21,0.01,-0.20,0.00,0.00,12.82,12.82,010,101,0,0,1933,1984,1994,1872,1975,1935,42.75,34.1,3384,52.875,84.60,1
2026-09-01T21:18:07.976,11.899,2,300,300,148,144,26.6,26.2,0.51,0.32,0.12,0.12,0.23,-0.09,0.51,0.32,0.00,0.00,12.82,12.82,001,011,0,0,1932,1991,2007,1869,1964,1951,42.75,34.1,3383,52.859,84.58,1
2026-09-01T21:18:07.986,11.910,2,300,300,148,144,26.7,27.1,-0.08,0.22,0.28,0.20,0.19,0.37,-0.08,0.22,0.00,0.00,12.82,12.82,100,110,0,0,1932,1975,2007,1871,1980,1935,42.75,34.1,3386,52.906,84.65,1
2026-09-01T21:18:07.997,11.920,2,300,300,150,144,24.0,26.3,0.27,-0.11,0.18,0.18,-0.15,-0.23,0.27,-0.11,0.00,0.00,12.82,12.82,010,101,0,0,1951,2001,1991,1873,1967,1954,42.75,34.1,3386,52.906,84.65,1
2026-09-01T21:18:08.007,11.931,2,300,300,150,144,26.0,23.6,0.34,0.54,0.14,0.18,0.46,-0.01,0.34,0.54,0.00,0.00,12.82,12.82,101,011,0,0,1933,1979,2016,1872,1972,1951,42.75,34.1,3384,52.875,84.60,1
2026-09-01T21:18:08.017,11.941,2,300,300,148,144,27.0,25.8,-0.19,0.01,0.20,0.06,-0.03,0.35,-0.19,0.01,0.00,0.00,12.82,12.82,110,100,0,0,1932,1981,1997,1871,1975,1935,42.75,34.1,3385,52.891,84.62,1
2026-09-01T21:18:08.028,11.951,2,300,300,148,144,25.7,26.9,0.53,0.04,0.16,0.10,-0.09,-0.30,0.53,0.04,0.00,0.00,12.82,12.82,011,001,0,0,1933,1993,2007,1869,1964,1951,42.75,34.1,3385,52.891,84.62,1
2026-09-01T21:18:08.038,11.962,2,300,300,146,144,24.5,26.5,0.02,0.52,0.20,0.16,0.41,0.26,0.02,0.52,0.00,0.00,12.82,12.82,100,010,0,0,1935,1975,2011,1870,1980,1946,42.75,34.1,3384,52.875,84.60,1
2026-09-01T21:18:08.048,11.972,2,300,300,148,144,26.9,24.7,0.03,-0.12,0.14,0.18,-0.26,0.20,0.03,-0.12,0.00,0.00,12.82,12.82,010,100,0,0,1932,1986,1993,1874,1974,1935,42.75,34.1,3386,52.906,84.65,1
2026-09-01T21:18:08.059,11.982,2,300,300,148,146,26.6,25.0,0.51,0.36,0.22,0.14,0.24,-0.13,0.51,0.36,0.00,0.00,12.82,12.82,001,011,0,0,1936,1985,2013,1870,1962,1954,42.75,34.1,3384,52.875,84.60,1
2026-09-01T21:18:08.069,11.993,2,300,300,148,142,23.8,26.7,-0.15,0.24,0.14,0.14,0.17,0.52,-0.15,0.24,0.00,0.00,12.82,12.82,100,110,0,0,1933,1975,2005,1870,1980,1940,42.75,34.1,3386,52.906,84.65,1
2026-09-01T21:18:08.080,12.003,2,300,300,148,146,26.1,26.8,0.33,-0.11,0.40,0.22,-0.11,-0.24,0.33,-0.11,0.00,0.00,12.82,12.82,011,101,0,0,1935,1992,2001,1869,1962,1950,42.75,34.1,3385,52.891,84.62,1
2026-09-01T21:18:08.090,12.013,2,300,300,148,144,27.0,25.4,0.17,0.53,0.10,0.16,0.39,-0.10,0.17,0.53,0.00,0.00,12.82,12.82,101,011,0,0,1931,1977,2011,1872,1974,1954,42.75,34.1,3385,52.891,84.62,1
2026-09-01T21:18:08.100,12.024,2,300,300,148,144,25.5,24.3,0.00,0.01,0.48,0.20,-0.14,0.43,0.00,0.01,0.00,0.00,12.82,12.82,110,100,0,0,1933,1984,1995,1868,1976,1935,42.75,34.1,3385,52.891,84.62,1
2026-09-01T21:18:08.110,12.034,2,300,300,148,144,25.0,26.5,0.52,0.00,0.14,0.10,0.08,-0.29,0.52,0.00,0.00,0.00,12.82,12.82,001,001,0,0,1932,1989,2005,1868,1964,1950,42.75,34.3,3383,52.859,84.58,1
2026-09-01T21:18:08.123,12.047,2,300,300,148,144,26.8,27.0,-0.05,0.53,0.20,0.12,0.52,0.17,-0.05,0.53,0.00,0.00,12.82,12.82,100,010,0,0,1936,1971,2013,1870,1980,1948,42.75,34.3,3385,52.891,84.62,1
2026-09-01T21:18:08.131,12.055,2,300,300,146,144,26.6,26.1,0.18,-0.06,0.18,0.22,-0.24,0.25,0.18,-0.06,0.00,0.00,12.82,12.82,010,100,0,0,1936,1992,1990,1874,1974,1932,42.75,34.3,3386,52.906,84.65,1
2026-09-01T21:18:08.142,12.065,2,300,300,150,144,23.4,23.4,0.49,0.18,0.26,0.14,0.25,-0.32,0.49,0.18,0.00,0.00,12.82,12.82,001,001,0,0,1937,1986,2012,1871,1961,1947,42.75,34.3,3371,52.672,84.28,1
2026-09-01T21:18:08.152,12.075,2,300,300,150,144,26.3,26.0,-0.20,0.23,0.36,0.16,0.10,0.34,-0.20,0.23,0.00,0.00,12.82,12.82,110,110,0,0,1931,1979,2005,1868,1978,1940,42.75,34.3,3385,52.891,84.62,1
2026-09-01T21:18:08.162,12.086,2,300,300,148,146,27.0,27.0,0.38,-0.19,0.24,0.16,-0.14,-0.21,0.38,-0.19,0.00,0.00,12.82,12.82,011,101,0,0,1944,1991,2000,1872,1966,1954,42.75,34.3,3386,52.906,84.65,1
2026-09-01T21:18:08.173,12.096,2,300,300,148,142,25.1,26.7,0.13,0.50,0.14,0.14,0.29,-0.19,0.13,0.50,0.00,0.00,12.82,12.82,101,011,0,0,1933,1972,2013,1870,1974,1954,42.75,34.3,3385,52.891,84.62,1
2026-09-01T21:18:08.183,12.106,2,300,300,150,144,25.4,24.5,-0.01,0.14,0.26,0.10,-0.19,0.36,-0.01,0.14,0.00,0.00,12.82,12.82,010,110,0,0,1935,1985,1997,1870,1980,1934,42.75,34.3,3385,52.891,84.62,1
2026-09-01T21:18:08.193,12.117,2,300,300,148,144,26.9,25.4,0.50,-0.01,0.16,0.14,0.29,-0.28,0.50,-0.01,0.00,0.00,12.82,12.82,001,001,0,0,1933,1993,2019,1864,1962,1946,42.75,34.3,3384,52.875,84.60,1
2026-09-01T21:18:08.204,12.127,2,300,300,146,146,26.4,26.8,-0.04,0.51,0.24,0.12,0.36,0.10,-0.04,0.51,0.00,0.00,12.82,12.82,100,010,0,0,1934,1968,2019,1864,1976,1943,42.75,34.3,3385,52.891,84.62,1
2026-09-01T21:18:08.214,12.138,2,300,300,148,142,24.0,27.0,0.00,-0.02,0.20,0.20,0.13,0.31,0.00,-0.02,0.00,0.00,12.82,12.82,011,100,0,0,1952,1981,1955,1876,1980,1936,42.75,34.3,3385,52.891,84.62,1
2026-09-01T21:18:08.230,12.153,2,300,300,148,144,26.7,25.2,0.24,0.27,0.22,0.14,0.44,-0.24,0.24,0.27,0.00,0.00,12.82,12.82,101,001,0,0,1935,1980,2009,1871,1962,1954,42.75,34.3,3385,52.891,84.62,1
2026-09-01T21:18:08.235,12.158,2,300,300,148,142,26.9,24.2,-0.16,0.30,0.18,0.16,0.00,0.50,-0.16,0.30,0.00,0.00,12.82,12.82,110,110,0,0,1934,1978,1994,1871,1978,1957,42.75,34.3,3385,52.891,84.62,1
2026-09-01T21:18:08.245,12.168,2,300,300,148,146,24.2,26.5,0.51,-0.13,0.24,0.18,-0.02,0.00,0.51,-0.13,0.00,0.00,12.82,12.82,011,101,0,0,1936,1993,2005,1870,1960,1946,42.75,34.3,3385,52.891,84.62,1
2026-09-01T21:18:08.255,12.179,2,300,300,148,142,26.0,27.0,-0.04,0.48,0.10,0.12,0.34,0.18,-0.04,0.48,0.00,0.00,12.82,12.82,100,011,0,0,1931,1977,2007,1870,1956,1960,42.75,34.3,3384,52.875,84.60,1
2026-09-01T21:18:08.266,12.189,2,300,300,150,144,27.0,26.1,0.10,0.19,0.14,0.18,-0.22,0.37,0.10,0.19,0.00,0.00,12.82,12.82,010,110,0,0,1932,1988,1995,1872,1981,1934,42.75,34.3,3386,52.906,84.65,1
2026-09-01T21:18:08.276,12.200,2,300,300,148,144,25.6,24.2,0.38,-0.02,0.16,0.18,0.26,-0.22,0.38,-0.02,0.00,0.00,12.82,12.82,001,101,0,0,1934,1985,2012,1872,1960,1945,42.75,34.3,3386,52.906,84.65,1
2026-09-01T21:18:08.287,12.210,2,300,300,148,144,24.8,25.5,-0.23,0.56,0.12,0.18,0.16,0.15,-0.23,0.56,0.00,0.00,12.82,12.82,110,010,0,0,1932,1974,2007,1871,1972,1954,42.75,34.3,3383,52.859,84.58,1
2026-09-01T21:18:08.297,12.220,2,300,300,148,142,26.9,26.9,0.35,-0.06,0.16,0.14,-0.14,0.46,0.35,-0.06,0.00,0.00,12.82,12.82,011,100,0,0,1934,1988,2001,1871,1979,1933,42.75,34.3,3386,52.906,84.65,1
2026-09-01T21:18:08.307,12.231,2,300,300,148,144,26.6,26.7,0.14,0.21,0.12,0.14,0.32,-0.29,0.14,0.21,0.00,0.00,12.82,12.82,101,001,0,0,1932,1973,2011,1870,1959,1954,42.75,34.3,3385,52.891,84.62,1
2026-09-01T21:18:08.318,12.241,2,300,300,148,146,23.6,24.5,-0.02,0.43,0.20,0.12,-0.18,0.35,-0.02,0.43,0.00,0.00,12.82,12.82,110,010,0,0,1950,1984,1990,1873,1980,1950,42.75,34.3,3385,52.891,84.62,1
2026-09-01T21:18:08.328,12.251,2,300,300,148,144,26.3,25.0,0.46,-0.14,0.14,0.16,0.13,0.20,0.46,-0.14,0.00,0.00,12.82,12.82,001,101,0,0,1952,1993,1997,1874,1980,1940,42.75,34.3,3385,52.891,84.62,1
2026-09-01T21:18:08.338,12.262,2,300,300,148,144,27.0,26.6,-0.11,0.40,0.22,0.12,0.28,-0.08,-0.11,0.40,0.00,0.00,12.82,12.82,100,011,0,0,1936,1974,2007,1869,1964,1951,42.75,34.3,3384,52.875,84.60,1
2026-09-01T21:18:08.349,12.272,2,300,300,148,144,24.8,27.0,0.22,0.21,0.18,0.16,-0.19,0.39,0.22,0.21,0.00,0.00,12.82,12.82,010,110,0,0,1933,1989,1995,1871,1981,1935,42.75,34.3,3386,52.906,84.65,1
2026-09-01T21:18:08.359,12.282,2,300,300,150,146,25.6,25.4,0.33,-0.08,0.24,0.16,0.42,-0.25,0.33,-0.08,0.00,0.00,12.82,12.82,101,101,0,0,1936,1984,2011,1870,1962,1948,42.75,34.3,3385,52.891,84.62,1
2026-09-01T21:18:08.369,12.293,2,300,300,148,146,27.0,24.2,-0.11,0.55,0.14,0.14,0.02,0.05,-0.11,0.55,0.00,0.00,12.82,12.82,110,010,0,0,1931,1979,2000,1870,1972,1951,42.75,34.3,3384,52.875,84.60,1
2026-09-01T21:18:08.380,12.303,2,300,300,148,144,26.1,26.2,0.47,-0.01,0.24,0.14,-0.13,0.41,0.47,-0.01,0.00,0.00,12.82,12.82,011,100,0,0,1936,1992,2005,1869,1980,1934,42.75,34.3,3385,52.891,84.62,1
2026-09-01T21:18:08.390,12.314,2,300,300,148,144,24.2,27.0,0.04,0.10,0.14,0.12,0.36,-0.28,0.04,0.10,0.00,0.00,12.82,12.82,100,001,0,0,1932,1975,2011,1869,1960,1951,42.75,34.3,3383,52.859,84.58,1
2026-09-01T21:18:08.401,12.324,2,300,300,150,146,26.8,26.0,0.06,0.48,0.20,0.14,-0.25,0.32,0.06,0.48,0.00,0.00,12.82,12.82,010,010,0,0,1936,1988,1996,1870,1980,1946,42.75,34.3,3385,52.891,84.62,1
2026-09-01T21:18:08.411,12.334,2,300,300,146,144,26.9,23.4,0.51,-0.12,0.18,0.18,0.24,0.20,0.51,-0.12,0.00,0.00,12.82,12.82,001,100,0,0,1933,1987,2015,1870,1972,1936,42.75,34.1,3380,52.812,84.50,1
2026-09-01T21:18:08.421,12.345,2,300,300,148,146,24.2,26.0,-0.17,0.33,0.16,0.10,0.17,-0.19,-0.17,0.33,0.00,0.00,12.82,12.82,100,011,0,0,1934,1975,2007,1869,1967,1951,42.75,34.3,3384,52.875,84.60,1
2026-09-01T21:18:08.431,12.355,2,300,300,148,144,25.9,27.0,0.26,0.21,0.14,0.14,0.04,0.42,0.26,0.21,0.00,0.00,12.82,12.82,011,110,0,0,1932,1993,1993,1869,1978,1938,42.75,34.3,3385,52.891,84.62,1
2026-09-01T21:18:08.442,12.365,2,300,300,148,144,27.0,26.4,0.19,-0.12,0.22,0.16,0.21,-0.25,0.19,-0.12,0.00,0.00,12.82,12.82,101,101,0,0,1936,1972,2010,1871,1960,1948,42.75,34.3,3386,52.906,84.65,1
2026-09-01T21:18:08.452,12.376,2,300,300,148,146,25.7,24.2,-0.06,0.52,0.14,0.14,-0.18,-0.04,-0.06,0.52,0.00,0.00,12.82,12.82,110,011,0,0,1935,1984,1993,1873,1974,1951,42.75,34.3,3385,52.891,84.62,1
2026-09-01T21:18:08.463,12.386,2,300,300,148,144,24.8,25.5,0.52,0.06,0.22,0.14,0.08,0.35,0.52,0.06,0.00,0.00,12.82,12.82,001,100,0,0,1936,1991,2004,1870,1974,1934,42.75,34.3,3385,52.891,84.62,1
2026-09-01T21:18:08.473,12.396,2,300,300,148,142,26.9,26.8,-0.07,0.05,0.14,0.12,0.28,0.01,-0.07,0.05,0.00,0.00,12.82,12.82,100,001,0,0,1932,1974,2006,1868,1958,1950,42.75,34.3,3385,52.891,84.62,1
2026-09-01T21:18:08.483,12.407,2,300,300,146,144,26.7,26.7,0.15,0.54,0.20,0.16,-0.28,0.24,0.15,0.54,0.00,0.00,12.82,12.82,010,010,0,0,1936,1991,1993,1872,1980,1946,42.75,34.3,3385,52.891,84.62,1
2026-09-01T21:18:08.494,12.417,2,300,300,148,144,23.6,25.1,0.47,-0.11,0.20,0.16,0.39,0.23,0.47,-0.11,0.00,0.00,12.82,12.82,001,100,0,0,1933,1985,2016,1871,1974,1932,42.75,34.3,3380,52.812,84.50,1
2026-09-01T21:18:08.504,12.427,2,300,300,148,144,26.2,24.8,-0.20,0.24,0.38,0.14,0.26,-0.18,-0.20,0.24,0.00,0.00,12.82,12.82,110,011,0,0,1930,1973,2007,1868,1966,1950,42.75,34.3,3383,52.859,84.58,1
2026-09-01T21:18:08.514,12.438,2,300,300,148,144,27.0,26.7,0.42,0.24,0.16,0.16,-0.22,0.40,0.42,0.24,0.00,0.00,12.82,12.82,011,110,0,0,1934,1988,2005,1870,1978,1935,42.75,34.3,3386,52.906,84.65,1
2026-09-01T21:18:08.525,12.448,2,300,300,148,146,25.3,26.8,0.16,-0.09,0.40,0.24,0.23,-0.26,0.16,-0.09,0.00,0.00,12.82,12.82,101,101,0,0,1933,1973,2011,1872,1959,1950,42.75,34.3,3386,52.906,84.65,1
2026-09-01T21:18:08.535,12.458,2,300,300,146,144,24.8,25.6,-0.13,0.49,0.12,0.12,0.06,-0.12,-0.13,0.49,0.00,0.00,12.82,12.82,010,011,0,0,1931,1973,1999,1872,1972,1951,42.75,34.3,3384,52.875,84.60,1
2026-09-01T21:18:08.545,12.469,2,300,300,150,144,27.0,23.8,0.48,0.05,0.16,0.16,0.12,0.46,0.48,0.05,0.00,0.00,12.82,12.82,001,100,0,0,1932,1985,2011,1869,1994,1946,42.75,34.3,3385,52.891,84.62,1
2026-09-01T21:18:08.558,12.481,2,300,300,148,144,26.6,26.4,-0.13,0.00,0.14,0.10,0.31,-0.30,-0.13,0.00,0.00,0.00,12.82,12.82,100,001,0,0,1931,1972,2007,1869,1964,1950,42.75,34.3,3384,52.875,84.60,1
2026-09-01T21:18:08.566,12.489,2,300,300,148,146,23.4,27.0,0.38,0.55,0.18,0.14,-0.19,0.16,0.38,0.55,0.00,0.00,12.82,12.82,011,010,0,0,1936,1999,1989,1872,1980,1948,42.75,34.3,3382,52.844,84.55,1
2026-09-01T21:18:08.576,12.500,2,300,300,148,142,26.4,26.4,0.26,-0.04,0.16,0.20,0.45,0.26,0.26,-0.04,0.00,0.00,12.82,12.82,101,100,0,0,1932,1981,2011,1872,1974,1928,42.75,34.3,3385,52.891,84.62,1
2026-09-01T21:18:08.587,12.510,2,300,300,146,142,27.0,24.1,-0.20,0.30,0.00,0.06,0.03,-0.21,-0.20,0.30,0.00,0.00,12.82,12.82,110,001,0,0,1932,1979,2003,1870,1964,1956,42.75,34.3,3385,52.891,84.62,1
2026-09-01T21:18:08.597,12.521,2,300,300,148,142,25.1,25.6,0.52,0.22,0.52,0.16,-0.02,0.57,0.52,0.22,0.00,0.00,12.82,12.82,011,110,0,0,1935,1994,2003,1870,1979,1946,42.75,34.3,3385,52.891,84.62,1
2026-09-01T21:18:08.607,12.531,2,300,300,146,144,25.1,27.0,-0.21,-0.18,0.14,0.20,1.12,-0.14,-0.21,-0.18,0.00,0.00,12.82,12.82,100,101,0,0,1929,1979,2043,1871,1960,1948,42.75,34.3,3385,52.891,84.62,1
2026-09-01T21:18:08.618,12.541,2,300,300,150,142,27.0,26.9,0.08,0.45,0.10,0.14,-0.29,-0.18,0.08,0.45,0.00,0.00,12.82,12.82,010,011,0,0,1930,1989,1995,1870,1972,1951,42.75,34.3,3385,52.891,84.62,1
2026-09-01T21:18:08.628,12.552,2,300,300,148,144,26.1,24.8,0.41,0.11,0.18,0.16,0.25,0.36,0.41,0.11,0.00,0.00,12.82,12.82,001,110,0,0,1935,1984,2012,1871,1978,1935,42.75,34.3,3386,52.906,84.65,1
2026-09-01T21:18:08.638,12.562,2,300,300,148,144,24.0,24.8,-0.21,-0.10,0.22,0.10,0.35,-0.06,-0.21,-0.10,0.00,0.00,12.82,12.82,110,001,0,0,1936,1956,2029,1868,1964,1944,42.75,34.3,3383,52.859,84.58,1
2026-09-01T21:18:08.649,12.572,2,300,300,148,146,26.8,26.6,0.35,0.54,0.12,0.14,-0.18,0.10,0.35,0.54,0.00,0.00,12.82,12.82,011,010,0,0,1930,1989,2004,1870,1978,1950,42.75,34.3,3384,52.875,84.60,1
2026-09-01T21:18:08.659,12.583,2,300,300,148,140,26.7,27.0,0.18,-0.04,0.24,0.16,0.26,0.53,0.18,-0.04,0.00,0.00,12.82,12.82,101,100,0,0,1937,1972,2010,1871,1983,1928,42.75,34.3,3386,52.906,84.65,1
2026-09-01T21:18:08.670,12.593,2,300,300,148,144,24.3,25.9,-0.03,0.30,0.14,0.16,-0.18,-0.24,-0.03,0.30,0.00,0.00,12.82,12.82,110,001,0,0,1933,1984,1994,1872,1958,1956,42.75,34.3,3385,52.891,84.62,1
2026-09-01T21:18:08.680,12.603,2,300,300,148,144,26.0,23.6,0.51,0.41,0.52,0.16,0.14,0.39,0.51,0.41,0.00,0.00,12.82,12.82,001,110,0,0,1937,1986,2004,1871,1979,1943,42.75,34.3,3384,52.875,84.60,1
2026-09-01T21:18:08.690,12.614,2,300,300,148,144,27.0,25.7,-0.09,-0.18,0.14,0.16,0.25,0.18,-0.09,-0.18,0.00,0.00,12.82,12.82,100,101,0,0,1932,1975,2007,1870,1973,1934,42.75,34.3,3385,52.891,84.62,1
2026-09-01T21:18:08.701,12.624,2,300,300,148,142,25.7,26.9,0.27,0.45,0.14,0.12,-0.22,0.05,0.27,0.45,0.00,0.00,12.82,12.82,010,011,0,0,1937,1993,1993,1870,1960,1958,42.75,34.3,3385,52.891,84.62,1
2026-09-01T21:18:08.711,12.634,2,300,300,148,146,24.8,26.4,0.27,0.21,0.16,0.20,0.45,0.34,0.27,0.21,0.00,0.00,12.82,12.82,101,110,0,0,1932,1987,2011,1872,1980,1932,42.75,34.3,3385,52.891,84.62,1
2026-09-01T21:18:08.721,12.645,2,300,300,148,146,26.9,24.3,-0.25,-0.08,0.18,0.16,0.05,-0.25,-0.25,-0.08,0.00,0.00,12.82,12.82,110,101,0,0,1934,1980,2001,1870,1964,1946,42.75,34.3,3386,52.906,84.65,1
2026-09-01T21:18:08.732,12.655,2,300,300,148,146,26.4,25.3,0.50,0.59,0.16,0.18,-0.13,0.13,0.50,0.59,0.00,0.00,12.82,12.82,011,010,0,0,1933,1993,2007,1869,1974,1951,42.75,34.3,3383,52.859,84.58,1
2026-09-01T21:18:08.742,12.665,2,300,300,148,144,23.4,26.8,0.16,-0.03,0.22,0.12,0.27,0.32,0.16,-0.03,0.00,0.00,12.82,12.82,101,100,0,0,1949,1991,2010,1869,1980,1944,42.75,34.3,3380,52.812,84.50,1
2026-09-01T21:18:08.752,12.676,2,300,300,148,142,26.5,27.0,-0.04,0.14,0.08,0.02,-0.29,-0.22,-0.04,0.14,0.00,0.00,12.82,12.82,010,001,0,0,1931,1987,2000,1870,1960,1951,42.75,34.3,3384,52.875,84.60,1
2026-09-01T21:18:08.763,12.686,2,300,300,148,144,27.0,25.2,0.53,0.46,0.18,0.16,0.23,0.34,0.53,0.46,0.00,0.00,12.82,12.82,001,010,0,0,1935,1987,2013,1869,1980,1948,42.75,34.3,3384,52.875,84.60,1
2026-09-01T21:18:08.773,12.696,2,300,300,146,146,25.3,24.5,-0.06,-0.14,0.18,0.16,0.27,0.20,-0.06,-0.14,0.00,0.00,12.82,12.82,100,101,0,0,1939,1971,2024,1868,1977,1935,42.75,34.3,3385,52.891,84.62,1
2026-09-01T21:18:08.783,12.707,2,300,300,148,144,25.6,26.3,0.21,0.37,0.16,0.12,0.07,0.00,0.21,0.37,0.00,0.00,12.82,12.82,011,011,0,0,1933,1993,1992,1869,1958,1956,42.75,34.3,3383,52.859,84.58,1
2026-09-01T21:18:08.794,12.717,2,300,300,148,144,27.0,27.0,0.16,0.24,0.14,0.18,0.29,0.46,0.16,0.24,0.00,0.00,12.82,12.82,101,110,0,0,1928,1976,2020,1867,1981,1932,42.75,34.3,3386,52.906,84.65,1
2026-09-01T21:18:08.804,12.728,2,300,300,148,146,26.1,25.8,0.01,-0.09,0.38,0.22,-0.10,-0.25,0.01,-0.09,0.00,0.00,12.82,12.82,110,101,0,0,1932,1984,1993,1870,1962,1948,42.75,34.3,3386,52.906,84.65,1
2026-09-01T21:18:08.814,12.738,2,300,300,146,146,23.8,23.8,0.36,0.51,0.20,0.12,0.22,0.02,0.36,0.51,0.00,0.00,12.82,12.82,001,010,0,0,1937,2029,1953,1870,1972,1951,42.75,34.3,3383,52.859,84.58,1
2026-09-01T21:18:08.825,12.748,2,300,300,148,146,26.8,26.3,-0.10,0.00,0.20,0.16,0.28,0.29,-0.10,0.00,0.00,0.00,12.82,12.82,100,100,0,0,1934,1976,2005,1869,1974,1935,42.75,34.3,3385,52.891,84.62,1
2026-09-01T21:18:08.836,12.759,2,300,300,150,144,26.5,27.0,0.21,0.09,0.16,0.12,-0.32,-0.27,0.21,0.09,0.00,0.00,12.82,12.82,010,001,0,0,1933,1993,1993,1869,1962,1951,42.75,34.3,3385,52.891,84.62,1
2026-09-01T21:18:08.845,12.769,2,300,300,148,144,24.2,26.3,0.51,0.49,0.26,0.16,0.40,0.29,0.51,0.49,0.00,0.00,12.82,12.82,001,010,0,0,1933,1985,2016,1870,1980,1948,42.75,34.3,3384,52.875,84.60,1
2026-09-01T21:18:08.856,12.779,2,300,300,148,144,26.0,24.0,-0.20,-0.13,0.12,0.18,0.11,0.21,-0.20,-0.13,0.00,0.00,12.82,12.82,110,100,0,0,1929,1979,2005,1870,1974,1934,42.75,34.3,3385,52.891,84.62,1
2026-09-01T21:18:08.866,12.790,2,300,300,148,146,27.0,25.8,0.39,0.31,0.30,0.18,-0.16,-0.26,0.39,0.31,0.00,0.00,12.82,12.82,011,011,0,0,1931,1991,2007,1867,1972,1950,42.75,34.3,3384,52.875,84.60,1
2026-09-01T21:18:08.877,12.800,2,300,300,148,142,25.4,26.9,0.15,0.24,0.34,0.22,0.22,0.64,0.15,0.24,0.00,0.00,12.82,12.82,101,110,0,0,1938,1973,2011,1870,1983,1942,42.75,34.3,3386,52.906,84.65,1
2026-09-01T21:18:08.887,12.810,2,300,300,146,146,24.3,26.4,-0.09,-0.04,0.38,0.26,0.08,-0.26,-0.09,-0.04,0.00,0.00,12.82,12.82,010,101,0,0,1930,1965,2002,1872,1958,1950,42.75,34.3,3385,52.891,84.62,1
2026-09-01T21:18:08.897,12.821,2,300,300,146,144,26.9,24.8,0.45,0.51,0.10,0.12,0.15,-0.06,0.45,0.51,0.00,0.00,12.82,12.82,001,011,0,0,1930,1985,2009,1870,1972,1951,42.75,34.3,3385,52.891,84.62,1
2026-09-01T21:18:08.908,12.831,2,300,300,150,144,26.3,24.8,-0.07,0.06,0.18,0.18,0.21,0.40,-0.07,0.06,0.00,0.00,12.82,12.82,100,100,0,0,1933,1973,2005,1870,1980,1934,42.75,34.3,3385,52.891,84.62,1
2026-09-01T21:18:08.918,12.841,2,300,300,146,144,24.3,26.8,0.30,0.04,0.22,0.10,-0.22,-0.26,0.30,0.04,0.00,0.00,12.82,12.82,010,001,0,0,1937,1993,1991,1868,1962,1951,42.75,34.3,3385,52.891,84.62,1
2026-09-01T21:18:08.928,12.852,2,300,300,148,146,26.1,26.7,0.29,0.54,0.14,0.20,0.68,0.20,0.29,0.54,0.00,0.00,12.82,12.82,101,010,0,0,1932,1985,2016,1872,1982,1944,42.75,34.3,3384,52.875,84.60,1
2026-09-01T21:18:08.939,12.862,2,300,300,148,144,27.0,25.4,-0.14,-0.13,0.20,0.16,-0.10,0.22,-0.14,-0.13,0.00,0.00,12.82,12.82,110,100,0,0,1936,1984,1995,1871,1974,1934,42.75,34.3,3386,52.906,84.65,1
2026-09-01T21:18:08.949,12.872,2,300,300,148,144,25.6,24.3,0.47,0.26,0.54,0.20,-0.05,-0.20,0.47,0.26,0.00,0.00,12.82,12.82,011,011,0,0,1932,1993,2005,1868,1964,1950,42.75,34.3,3384,52.875,84.60,1
2026-09-01T21:18:08.959,12.883,2,300,300,148,144,24.7,26.5,-0.04,0.29,0.18,0.12,0.58,0.27,-0.04,0.29,0.00,0.00,12.82,12.82,100,110,0,0,1934,1977,2023,1869,1978,1934,42.75,34.3,3385,52.891,84.62,1
2026-09-01T21:18:08.970,12.893,2,300,300,146,144,26.8,27.0,0.08,-0.10,0.16,0.18,0.05,-0.23,0.08,-0.10,0.00,0.00,12.83,12.83,010,101,0,0,1933,1984,1988,1872,1958,1948,42.78,34.3,3386,52.906,84.65,1
2026-09-01T21:18:08.980,12.904,2,300,300,148,142,26.6,26.3,0.51,0.55,0.22,0.14,0.29,-0.11,0.51,0.55,0.00,0.00,12.83,12.83,001,011,0,0,1937,1993,2007,1874,1978,1962,42.78,34.3,3385,52.891,84.62,1
2026-09-01T21:18:08.990,12.914,2,300,300,148,144,23.6,23.4,-0.11,0.11,0.18,0.18,0.22,0.32,-0.11,0.11,0.00,0.00,12.83,12.83,100,110,0,0,1933,1973,2009,1869,1976,1936,42.78,34.3,3380,52.812,84.50,1
2026-09-01T21:18:09.001,12.924,2,300,300,148,142,26.3,25.8,0.32,-0.11,0.20,0.08,0.15,0.02,0.32,-0.11,0.00,0.00,12.83,12.83,011,001,0,0,1948,1999,1984,1869,1967,1950,42.78,34.3,3383,52.859,84.58,1
2026-09-01T21:18:09.011,12.935,2,300,300,150,146,26.8,27.0,0.17,0.57,0.18,0.22,0.29,0.14,0.17,0.57,0.00,0.00,12.83,12.83,101,010,0,0,1934,1973,2008,1874,1983,1948,42.78,34.3,3384,52.875,84.60,1
2026-09-01T21:18:09.023,12.946,2,300,300,148,142,25.0,26.8,-0.02,-0.11,0.24,0.16,-0.13,0.25,-0.02,-0.11,0.00,0.00,12.83,12.83,110,100,0,0,1956,1991,1988,1873,1982,1940,42.78,34.3,3386,52.906,84.65,1
2026-09-01T21:18:09.032,12.955,2,300,300,148,144,25.3,24.5,0.61,0.29,0.18,0.16,0.14,-0.25,0.61,0.29,0.00,0.00,12.83,12.83,001,001,0,0,1935,1995,2003,1871,1964,1951,42.78,34.3,3384,52.875,84.60,1
2026-09-01T21:18:09.042,12.966,2,300,300,148,144,27.0,25.2,-0.14,0.30,0.20,0.06,0.29,0.40,-0.14,0.30,0.00,0.00,12.83,12.83,100,110,0,0,1933,1977,2008,1868,1978,1943,42.78,34.3,3385,52.891,84.62,1
2026-09-01T21:18:09.053,12.976,2,300,300,150,146,25.8,26.8,0.20,-0.19,0.18,0.18,-0.19,-0.14,0.20,-0.19,0.00,0.00,12.83,12.83,010,101,0,0,1933,1989,1995,1872,1962,1948,42.78,34.3,3386,52.906,84.65,1
2026-09-01T21:18:09.063,12.986,2,300,300,150,140,24.4,27.0,0.50,0.57,0.46,0.20,0.51,0.37,0.50,0.57,0.00,0.00,12.83,12.83,101,011,0,0,1934,1987,2017,1872,1950,1967,42.78,34.3,3384,52.875,84.60,1
2026-09-01T21:18:09.073,12.997,2,300,300,148,142,26.7,25.7,-0.14,0.23,0.32,0.30,0.14,0.38,-0.14,0.23,0.00,0.00,12.83,12.83,110,110,0,0,1932,1975,2003,1873,1983,1932,42.78,34.3,3386,52.906,84.65,1
2026-09-01T21:18:09.084,13.007,2,300,300,148,144,26.7,24.0,0.38,-0.13,0.18,0.10,-0.13,-0.21,0.38,-0.13,0.00,0.00,12.83,12.83,011,001,0,0,1934,1991,2007,1867,1967,1940,42.78,34.3,3384,52.875,84.60,1
2026-09-01T21:18:09.094,13.017,2,300,300,148,146,24.0,26.1,0.12,0.53,0.18,0.16,0.32,0.13,0.12,0.53,0.00,0.00,12.83,12.83,101,010,0,0,1932,1973,2013,1870,1976,1950,42.78,34.3,3384,52.875,84.60,1
2026-09-01T21:18:09.104,13.028,2,300,300,148,142,25.9,27.0,-0.04,0.03,0.14,0.18,-0.05,0.54,-0.04,0.03,0.00,0.00,12.83,12.83,010,100,0,0,1929,1984,2008,1866,1980,1922,42.78,34.3,3385,52.891,84.62,1
2026-09-01T21:18:09.115,13.038,2,300,300,148,144,27.0,26.4,0.48,0.22,0.14,0.14,0.17,-0.22,0.48,0.22,0.00,0.00,12.83,12.83,001,001,0,0,1932,1985,2011,1872,1959,1954,42.78,34.3,3385,52.891,84.62,1
2026-09-01T21:18:09.125,13.048,2,300,300,148,144,25.6,24.5,-0.13,0.42,0.14,0.12,0.25,0.37,-0.13,0.42,0.00,0.00,12.83,12.83,100,010,0,0,1933,1972,2007,1870,1980,1948,42.78,34.3,3385,52.891,84.62,1
2026-09-01T21:18:09.135,13.059,2,300,300,148,144,25.0,25.4,0.37,-0.11,0.16,0.18,-0.12,0.24,0.37,-0.11,0.00,0.00,12.83,12.83,011,101,0,0,1933,1994,1993,1872,1974,1932,42.78,34.3,3385,52.891,84.62,1
2026-09-01T21:18:09.146,13.069,2,300,300,148,144,27.0,26.9,0.20,0.34,0.10,0.10,0.39,-0.13,0.20,0.34,0.00,0.00,12.83,12.83,101,011,0,0,1931,1977,2009,1869,1967,1950,42.78,34.3,3385,52.891,84.62,1
2026-09-01T21:18:09.156,13.080,2,300,300,148,144,26.4,26.9,-0.09,0.21,0.12,0.16,-0.12,0.49,-0.09,0.21,0.00,0.00,12.83,12.83,110,110,0,0,1932,1984,1997,1871,1982,1935,42.78,34.3,3386,52.906,84.65,1
2026-09-01T21:18:09.166,13.090,2,300,300,148,144,23.4,24.9,0.51,-0.03,0.18,0.18,0.08,-0.24,0.51,-0.03,0.00,0.00,12.83,12.83,001,101,0,0,1934,1997,2003,1872,1960,1946,42.78,34.3,3385,52.891,84.62,1
2026-09-01T21:18:09.177,13.100,2,300,300,146,146,26.4,25.0,-0.06,0.54,0.08,0.14,0.63,0.08,-0.06,0.54,0.00,0.00,12.83,12.83,100,010,0,0,1929,1969,2016,1870,1972,1951,42.78,34.3,3383,52.859,84.58,1
2026-09-01T21:18:09.187,13.111,2,300,300,150,144,26.7,26.7,0.12,-0.02,0.14,0.06,-0.29,0.32,0.12,-0.02,0.00,0.00,12.83,12.83,010,100,0,0,1933,1991,1996,1870,1976,1938,42.78,34.3,3386,52.906,84.65,1
2026-09-01T21:18:09.197,13.121,2,300,300,148,144,24.8,26.9,0.53,0.15,0.16,0.12,0.39,-0.24,0.53,0.15,0.00,0.00,12.83,12.83,001,001,0,0,1933,1985,2016,1870,1960,1951,42.78,34.3,3385,52.891,84.62,1
2026-09-01T21:18:09.208,13.131,2,300,300,148,146,25.5,25.3,-0.23,0.46,0.10,0.18,0.46,0.33,-0.23,0.46,0.00,0.00,12.83,12.83,110,010,0,0,1930,1967,2010,1871,1980,1944,42.78,34.3,3384,52.875,84.60,1
2026-09-01T21:18:09.218,13.142,2,300,300,148,146,27.0,24.2,0.34,-0.18,0.20,0.16,-0.20,0.22,0.34,-0.18,0.00,0.00,12.83,12.83,011,101,0,0,1934,1989,2007,1869,1974,1932,42.78,34.3,3385,52.891,84.62,1
2026-09-01T21:18:09.229,13.152,2,300,300,150,144,25.6,26.3,0.13,0.33,0.14,0.12,0.28,-0.10,0.13,0.33,0.00,0.00,12.83,12.83,101,011,0,0,1933,1974,2011,1869,1964,1950,42.78,34.3,3384,52.875,84.60,1
2026-09-01T21:18:09.239,13.162,2,300,300,150,144,24.9,27.1,0.04,0.22,0.50,0.20,-0.16,0.40,0.04,0.22,0.00,0.00,12.83,12.83,010,110,0,0,1936,1987,1997,1869,1980,1935,42.78,34.3,3385,52.891,84.62,1
2026-09-01T21:18:09.249,13.173,2,300,300,148,144,26.8,26.1,0.45,-0.08,0.14,0.16,0.10,-0.22,0.45,-0.08,0.00,0.00,12.83,12.83,001,101,0,0,1932,1985,2009,1872,1960,1948,42.78,34.3,3386,52.906,84.65,1
2026-09-01T21:18:09.260,13.183,2,300,300,146,144,26.7,23.4,-0.14,0.42,0.20,0.12,0.28,-0.08,-0.14,0.42,0.00,0.00,12.83,12.83,100,010,0,0,1936,1972,2007,1869,1940,1966,42.78,34.3,3383,52.859,84.58,1
2026-09-01T21:18:09.270,13.193,2,300,300,148,144,23.8,26.0,0.27,0.01,0.18,0.16,-0.21,0.33,0.27,0.01,0.00,0.00,12.83,12.83,010,100,0,0,1935,1988,2008,1867,1973,1933,42.78,34.3,3385,52.891,84.62,1
2026-09-01T21:18:09.280,13.204,2,300,300,148,144,26.1,27.0,0.22,0.09,0.44,0.18,0.39,-0.30,0.22,0.09,0.00,0.00,12.83,12.83,101,001,0,0,1934,1981,2011,1869,1960,1951,42.78,34.3,3384,52.875,84.60,1
2026-09-01T21:18:09.291,13.214,2,300,300,148,146,27.0,26.2,-0.17,0.50,0.14,0.14,-0.09,0.28,-0.17,0.50,0.00,0.00,12.83,12.83,110,010,0,0,1932,1984,1997,1870,1978,1944,42.78,34.3,3385,52.891,84.62,1
2026-09-01T21:18:09.301,13.224,2,300,300,148,144,25.6,24.2,0.52,-0.18,0.24,0.14,-0.09,0.18,0.52,-0.18,0.00,0.00,12.83,12.83,011,100,0,0,1938,1992,2005,1871,1973,1935,42.78,34.3,3386,52.906,84.65,1
2026-09-01T21:18:09.311,13.235,2,300,300,150,146,25.0,25.4,0.06,0.38,0.14,0.14,0.41,-0.16,0.06,0.38,0.00,0.00,12.83,12.83,100,011,0,0,1933,1973,2010,1871,1964,1954,42.78,34.3,3382,52.844,84.55,1
2026-09-01T21:18:09.322,13.245,2,300,300,146,142,26.7,26.8,0.02,0.25,0.16,0.04,-0.15,0.53,0.02,0.25,0.00,0.00,12.83,12.83,010,110,0,0,1932,1985,1996,1869,1982,1942,42.78,34.3,3386,52.906,84.65,1
2026-09-01T21:18:09.332,13.256,2,300,300,148,146,26.5,26.6,0.44,-0.08,0.18,0.18,0.22,-0.26,0.44,-0.08,0.00,0.00,12.83,12.83,001,101,0,0,1934,1985,2013,1872,1959,1948,42.78,34.3,3386,52.906,84.65,1
2026-09-01T21:18:09.342,13.266,2,300,300,148,144,24.2,25.1,-0.13,0.50,0.24,0.16,0.22,-0.09,-0.13,0.50,0.00,0.00,12.82,12.82,100,011,0,0,1937,1971,2007,1869,1972,1951,42.75,34.3,3384,52.875,84.60,1
2026-09-01T21:18:09.353,13.276,2,300,300,148,144,26.0,24.7,0.36,0.00,0.14,0.12,-0.08,0.40,0.36,0.00,0.00,0.00,12.82,12.82,011,100,0,0,1932,1993,1993,1870,1976,1940,42.75,34.3,3385,52.891,84.62,1
2026-09-01T21:18:09.363,13.286,2,300,300,146,144,27.0,26.7,0.22,0.03,0.56,0.18,0.54,-0.32,0.22,0.03,0.00,0.00,12.82,12.82,101,001,0,0,1936,1977,2016,1868,1964,1951,42.75,34.3,3385,52.891,84.62,1
2026-09-01T21:18:09.373,13.297,2,300,300,148,144,25.3,27.0,-0.07,0.52,0.16,0.16,-0.18,0.20,-0.07,0.52,0.00,0.00,12.82,12.82,110,010,0,0,1950,1995,1991,1873,1983,1954,42.75,34.3,3385,52.891,84.62,1
2026-09-01T21:18:09.384,13.307,2,300,300,148,144,24.8,25.9,0.36,-0.12,0.12,0.18,0.28,0.23,0.36,-0.12,0.00,0.00,12.82,12.82,001,100,0,0,1929,2000,1993,1870,1974,1932,42.75,34.3,3385,52.891,84.62,1
2026-09-01T21:18:09.394,13.318,2,300,300,148,144,26.9,23.4,-0.09,0.19,0.12,0.12,0.39,-0.24,-0.09,0.19,0.00,0.00,12.82,12.82,100,011,0,0,1932,1973,2008,1872,1927,1931,42.75,34.3,3447,53.859,86.17,1
2026-09-01T21:18:09.404,13.328,2,300,300,150,144,26.2,26.2,0.17,0.25,0.16,0.04,-0.27,0.44,0.17,0.25,0.00,0.00,12.82,12.82,010,110,0,0,1932,1992,1997,1868,1978,1940,42.75,34.3,3385,52.891,84.62,1
2026-09-01T21:18:09.415,13.338,2,300,300,150,146,24.0,27.0,0.44,-0.14,0.18,0.18,0.42,-0.21,0.44,-0.14,0.00,0.00,12.82,12.82,101,101,0,0,1933,1987,2016,1870,1960,1948,42.75,34.3,3385,52.891,84.62,1
2026-09-01T21:18:09.428,13.351,2,300,300,148,142,26.5,26.6,-0.11,0.50,0.18,0.16,0.17,-0.18,-0.11,0.50,0.00,0.00,12.82,12.82,110,011,0,0,1931,1973,2005,1870,1972,1954,42.75,34.3,3384,52.875,84.60,1
2026-09-01T21:18:09.435,13.359,2,300,300,146,144,26.9,24.2,0.40,0.15,0.18,0.18,-0.03,0.38,0.40,0.15,0.00,0.00,12.82,12.82,011,110,0,0,1944,1993,1996,1876,1982,1938,42.75,34.3,3386,52.906,84.65,1
2026-09-01T21:18:09.446,13.369,2,300,300,148,144,24.5,25.5,0.08,0.00,0.14,0.12,0.32,-0.30,0.08,0.00,0.00,0.00,12.82,12.82,101,001,0,0,1931,1975,2010,1869,1964,1950,42.75,34.3,3384,52.875,84.60,1
2026-09-01T21:18:09.456,13.380,2,300,300,150,146,25.8,26.9,0.02,0.52,0.14,0.12,-0.19,0.13,0.02,0.52,0.00,0.00,12.82,12.82,010,010,0,0,1931,1984,1997,1869,1976,1948,42.75,34.3,3384,52.875,84.60,1
2026-09-01T21:18:09.467,13.390,2,300,300,146,142,27.0,27.0,0.57,-0.01,0.18,0.18,0.43,0.34,0.57,-0.01,0.00,0.00,12.82,12.82,001,100,0,0,1934,2000,2007,1872,1975,1930,42.75,34.3,3386,52.906,84.65,1
2026-09-01T21:18:09.477,13.400,2,300,300,148,144,25.6,25.1,-0.21,0.29,0.12,0.14,0.25,-0.23,-0.21,0.29,0.00,0.00,12.82,12.82,100,001,0,0,1936,1975,2007,1870,1962,1954,42.75,34.3,3384,52.875,84.60,1
2026-09-01T21:18:09.487,13.411,2,300,300,148,142,24.7,24.3,0.28,0.25,0.16,0.10,-0.20,0.52,0.28,0.25,0.00,0.00,12.82,12.82,011,110,0,0,1949,1990,1991,1872,1980,1964,42.75,34.3,3385,52.891,84.62,1
2026-09-01T21:18:09.498,13.421,2,300,300,150,146,26.9,26.5,0.18,-0.15,0.14,0.18,0.33,-0.01,0.18,-0.15,0.00,0.00,12.82,12.82,101,101,0,0,1930,1977,2009,1870,1964,1948,42.75,34.3,3385,52.891,84.62,1
2026-09-01T21:18:09.508,13.431,2,300,300,148,142,26.5,27.0,-0.11,0.48,0.14,0.16,-0.16,0.10,-0.11,0.48,0.00,0.00,12.82,12.82,110,011,0,0,1932,1985,1996,1870,1959,1958,42.75,34.3,3384,52.875,84.60,1
2026-09-01T21:18:09.518,13.442,2,300,300,148,144,23.4,25.9,0.45,0.16,0.22,0.16,0.03,0.35,0.45,0.16,0.00,0.00,12.82,12.82,001,110,0,0,1937,1993,2003,1869,1980,1932,42.75,34.3,3384,52.875,84.60,1
2026-09-01T21:18:09.528,13.452,2,300,300,148,144,26.2,23.8,0.00,-0.01,0.16,0.18,0.37,-0.20,0.00,-0.01,0.00,0.00,12.82,12.82,100,001,0,0,1932,1974,2011,1872,1961,1945,42.75,34.3,3445,53.828,86.12,1
2026-09-01T21:18:09.539,13.463,2,300,300,146,144,27.0,25.7,0.10,0.58,0.18,0.16,-0.26,0.17,0.10,0.58,0.00,0.00,12.82,12.82,010,010,0,0,1936,1989,1995,1871,1972,1954,42.75,34.3,3384,52.875,84.60,1
2026-09-01T21:18:09.549,13.473,2,300,300,148,144,25.2,27.0,0.46,-0.03,0.20,0.18,0.32,0.45,0.46,-0.03,0.00,0.00,12.82,12.82,001,100,0,0,1935,1985,2013,1871,1978,1930,42.75,34.3,3386,52.906,84.65,1
2026-09-01T21:18:09.560,13.483,2,300,300,148,144,25.3,26.5,-0.24,0.20,0.20,0.12,0.19,-0.24,-0.24,0.20,0.00,0.00,12.82,12.82,110,001,0,0,1936,1971,2007,1870,1960,1951,42.75,34.3,3384,52.875,84.60,1
2026-09-01T21:18:09.570,13.493,2,300,300,148,146,27.0,24.2,0.39,0.40,0.14,0.12,0.02,0.37,0.39,0.40,0.00,0.00,12.82,12.82,011,010,0,0,1932,1993,1997,1869,1978,1946,42.75,34.3,3385,52.891,84.62,1
2026-09-01T21:18:09.580,13.504,2,300,300,150,146,25.8,25.4,0.12,-0.20,0.14,0.16,0.24,0.15,0.12,-0.20,0.00,0.00,12.82,12.82,101,101,0,0,1934,1973,2011,1869,1972,1935,42.75,34.3,3385,52.891,84.62,1
2026-09-01T21:18:09.591,13.514,2,300,300,150,144,24.4,26.8,0.00,0.36,0.16,0.14,-0.18,-0.12,0.00,0.36,0.00,0.00,12.82,12.82,010,011,0,0,1933,1984,1997,1869,1966,1951,42.75,34.3,3384,52.875,84.60,1
2026-09-01T21:18:09.601,13.525,2,300,300,148,144,26.6,26.9,0.46,0.20,0.24,0.14,0.23,0.35,0.46,0.20,0.00,0.00,12.82,12.82,001,110,0,0,1954,1997,2000,1872,1982,1942,42.75,34.3,3385,52.891,84.62,1
2026-09-01T21:18:09.611,13.535,2,300,300,148,146,26.7,25.0,-0.08,-0.01,0.16,0.20,0.22,-0.23,-0.08,-0.01,0.00,0.00,12.82,12.82,100,101,0,0,1935,1975,2021,1868,1962,1943,42.75,34.3,3386,52.906,84.65,1
2026-09-01T21:18:09.622,13.545,2,300,300,150,146,24.0,24.8,0.28,0.50,0.22,0.12,-0.25,0.04,0.28,0.50,0.00,0.00,12.82,12.82,010,010,0,0,1936,1993,1995,1868,1972,1948,42.75,34.3,3384,52.875,84.60,1
2026-09-01T21:18:09.632,13.556,2,300,300,150,144,26.0,26.4,0.34,-0.03,0.12,0.10,0.48,0.38,0.34,-0.03,0.00,0.00,12.82,12.82,101,100,0,0,1934,1981,2013,1869,1976,1935,42.75,34.3,3385,52.891,84.62,1
2026-09-01T21:18:09.642,13.566,2,300,300,146,142,27.0,27.0,-0.16,0.14,0.40,0.18,-0.03,-0.28,-0.16,0.14,0.00,0.00,12.82,12.82,110,001,0,0,1929,1984,2000,1871,1959,1951,42.75,34.3,3384,52.875,84.60,1
2026-09-01T21:18:09.653,13.576,2,300,300,148,146,25.7,25.6,0.53,0.45,0.40,0.18,-0.08,0.32,0.53,0.45,0.00,0.00,12.82,12.82,011,010,0,0,1933,1993,2007,1869,1980,1948,42.75,34.3,3385,52.891,84.62,1
2026-09-01T21:18:09.665,13.589,2,300,300,148,144,24.7,23.6,0.01,-0.17,0.22,0.14,0.38,0.19,0.01,-0.17,0.00,0.00,12.82,12.82,100,101,0,0,1930,1975,2009,1869,1988,1929,42.75,34.3,3384,52.875,84.60,1
2026-09-01T21:18:09.675,13.598,2,300,300,148,146,26.9,26.3,0.04,0.36,0.14,0.12,-0.30,-0.21,0.04,0.36,0.00,0.00,12.82,12.82,010,011,0,0,1936,1991,2013,1864,1974,1950,42.75,34.3,3384,52.875,84.60,1
2026-09-01T21:18:09.684,13.607,2,300,300,148,144,26.6,27.0,0.41,0.22,0.16,0.14,0.21,0.40,0.41,0.22,0.00,0.00,12.82,12.82,001,110,0,0,1934,1985,2012,1871,1978,1935,42.75,34.3,3386,52.906,84.65,1
2026-09-01T21:18:09.694,13.618,2,300,300,148,144,23.8,26.3,-0.08,-0.13,0.18,0.18,0.17,-0.25,-0.08,-0.13,0.00,0.00,12.82,12.82,100,101,0,0,1944,1976,2001,1873,1966,1951,42.75,34.3,3386,52.906,84.65,1
2026-09-01T21:18:09.705,13.628,2,300,300,148,144,26.0,24.0,0.36,0.52,0.22,0.14,-0.13,-0.02,0.36,0.52,0.00,0.00,12.82,12.82,011,011,0,0,1931,1993,1998,1870,1972,1951,42.75,34.3,3384,52.875,84.60,1
2026-09-01T21:18:09.715,13.638,2,300,300,146,144,27.0,25.6,0.23,0.04,0.24,0.08,0.53,0.36,0.23,0.04,0.00,0.00,12.82,12.82,101,100,0,0,1932,1979,2016,1869,1975,1935,42.75,34.3,3385,52.891,84.62,1
2026-09-01T21:18:09.725,13.649,2,300,300,148,142,25.5,26.9,-0.06,0.05,0.16,0.10,-0.18,-0.16,-0.06,0.05,0.00,0.00,12.82,12.82,110,001,0,0,1932,1985,1993,1869,1961,1951,42.75,34.3,3384,52.875,84.60,1
2026-09-01T21:18:09.736,13.659,2,300,300,148,144,25.0,26.6,0.52,0.51,0.14,0.16,0.05,0.25,0.52,0.51,0.00,0.00,12.82,12.82,001,010,0,0,1932,1989,2005,1870,1980,1948,42.75,34.3,3384,52.875,84.60,1
2026-09-01T21:18:09.746,13.670,2,300,300,148,144,26.8,25.1,-0.02,-0.12,0.16,0.18,0.46,0.23,-0.02,-0.12,0.00,0.00,12.82,12.82,100,100,0,0,1948,1972,2007,1876,1978,1938,42.75,34.3,3386,52.906,84.65,1
2026-09-01T21:18:09.756,13.680,2,300,300,146,144,26.7,24.9,0.16,0.25,0.28,0.04,-0.31,-0.17,0.16,0.25,0.00,0.00,12.82,12.82,010,011,0,0,1932,1993,1993,1868,1966,1950,42.75,34.3,3384,52.875,84.60,1
2026-09-01T21:18:09.767,13.690,2,300,300,150,144,23.4,26.8,0.40,0.24,0.20,0.14,0.29,0.35,0.40,0.24,0.00,0.00,12.82,12.82,001,110,0,0,1953,1987,2005,1873,1980,1944,42.75,34.3,3380,52.812,84.50,1
2026-09-01T21:18:09.777,13.700,2,300,300,148,144,26.2,26.9,-0.16,-0.08,0.22,0.18,0.11,-0.24,-0.16,-0.08,0.00,0.00,12.82,12.82,110,101,0,0,1934,1977,2005,1870,1958,1948,42.75,34.3,3385,52.891,84.62,1
2026-09-01T21:18:09.787,13.711,2,300,300,148,144,27.0,25.6,0.43,0.50,0.14,0.14,-0.15,-0.12,0.43,0.50,0.00,0.00,12.82,12.82,011,011,0,0,1934,1990,2003,1871,1974,1951,42.75,34.3,3384,52.875,84.60,1
2026-09-01T21:18:09.798,13.721,2,300,300,148,144,25.3,24.0,0.12,-0.01,0.22,0.12,0.27,0.50,0.12,-0.01,0.00,0.00,12.82,12.82,101,100,0,0,1938,1970,2010,1870,1990,1946,42.75,34.3,3385,52.891,84.62,1
2026-09-01T21:18:09.812,13.735,2,300,300,150,144,25.3,26.4,0.00,0.00,0.12,0.10,-0.18,-0.31,0.00,0.00,0.00,0.00,12.82,12.82,010,001,0,0,1932,1984,1997,1868,1964,1950,42.75,34.3,3383,52.859,84.58,1
2026-09-01T21:18:09.818,13.742,2,300,300,148,146,26.9,27.0,0.55,0.51,0.18,0.04,0.28,0.15,0.55,0.51,0.00,0.00,12.82,12.82,001,010,0,0,1932,1993,2008,1870,1982,1948,42.75,34.3,3385,52.891,84.62,1
2026-09-01T21:18:09.829,13.752,2,300,300,146,142,26.5,26.4,-0.02,-0.04,0.16,0.10,0.43,0.26,-0.02,-0.04,0.00,0.00,12.82,12.82,100,100,0,0,1934,1968,2013,1872,1978,1932,42.75,34.3,3386,52.906,84.65,1
2026-09-01T21:18:09.839,13.763,2,300,300,148,142,23.6,24.0,0.09,0.34,0.26,0.18,-0.11,-0.19,0.09,0.34,0.00,0.00,12.82,12.82,011,001,0,0,1939,1968,1955,1873,1966,1960,42.75,34.3,3384,52.875,84.60,1
2026-09-01T21:18:09.849,13.773,2,300,300,148,144,26.6,25.8,0.20,0.23,0.14,0.10,0.41,0.53,0.20,0.23,0.00,0.00,12.82,12.82,101,110,0,0,1932,1981,2008,1869,1978,1942,42.75,34.3,3385,52.891,84.62,1
2026-09-01T21:18:09.860,13.783,2,300,300,148,144,26.9,27.0,-0.07,-0.20,0.58,0.22,0.06,-0.17,-0.07,-0.20,0.00,0.00,12.82,12.82,110,101,0,0,1936,1979,1997,1870,1962,1950,42.75,34.3,3386,52.906,84.65,1
2026-09-01T21:18:09.870,13.794,2,300,300,148,142,24.4,26.8,0.51,0.48,0.38,0.20,0.00,-0.18,0.51,0.48,0.00,0.00,12.82,12.82,011,011,0,0,1932,1993,2005,1870,1974,1954,42.75,34.3,3385,52.891,84.62,1
2026-09-01T21:18:09.880,13.804,2,300,300,148,144,26.0,24.7,-0.04,0.10,0.18,0.16,0.25,0.34,-0.04,0.10,0.00,0.00,12.82,12.82,100,110,0,0,1929,1977,2017,1864,1974,1932,42.75,34.3,3385,52.891,84.62,1
2026-09-01T21:18:09.891,13.814,2,300,300,150,144,27.0,25.0,0.07,-0.11,0.14,0.12,-0.27,-0.09,0.07,-0.11,0.00,0.00,12.82,12.82,010,001,0,0,1932,1989,1996,1865,1964,1942,42.75,34.3,3383,52.859,84.58,1
2026-09-01T21:18:09.901,13.825,2,300,300,148,146,25.7,26.7,0.52,0.55,0.24,0.18,0.31,0.10,0.52,0.55,0.00,0.00,12.82,12.82,001,010,0,0,1937,1985,2016,1870,1978,1948,42.75,34.3,3385,52.891,84.62,1
2026-09-01T21:18:09.912,13.835,2,300,300,148,142,24.7,27.1,-0.21,-0.05,0.14,0.16,0.19,0.39,-0.21,-0.05,0.00,0.00,12.82,12.82,110,100,0,0,1932,1973,2005,1870,1978,1932,42.75,34.3,3385,52.891,84.62,1
2026-09-01T21:18:09.922,13.845,2,300,300,148,144,26.9,25.7,0.37,0.28,0.22,0.18,-0.14,-0.24,0.37,0.28,0.00,0.00,12.82,12.82,011,001,0,0,1935,1989,2001,1870,1959,1954,42.75,34.3,3384,52.875,84.60,1
2026-09-01T21:18:09.932,13.856,2,300,300,148,144,26.6,24.0,0.15,0.38,0.18,0.16,0.28,0.34,0.15,0.38,0.00,0.00,12.82,12.82,101,110,0,0,1942,1975,2005,1873,1980,1948,42.75,34.3,3385,52.891,84.62,1
2026-09-01T21:18:09.943,13.866,2,300,300,148,144,23.8,26.0,0.01,-0.21,0.22,0.14,-0.16,0.15,0.01,-0.21,0.00,0.00,12.82,12.82,110,101,0,0,1935,1984,1995,1869,1972,1935,42.75,34.3,3385,52.891,84.62,1
2026-09-01T21:18:09.953,13.876,2,300,300,148,142,26.2,27.0,0.44,0.45,0.14,0.16,0.17,0.04,0.44,0.45,0.00,0.00,12.82,12.82,001,011,0,0,1931,1989,2005,1870,1960,1956,42.75,34.3,3384,52.875,84.60,1
2026-09-01T21:18:09.963,13.887,2,300,300,148,144,27.0,26.4,-0.05,0.19,0.14,0.16,0.31,0.35,-0.05,0.19,0.00,0.00,12.82,12.82,100,110,0,0,1932,1971,2007,1871,1980,1934,42.75,34.3,3386,52.906,84.65,1
2026-09-01T21:18:09.974,13.897,2,300,300,148,146,25.0,24.0,0.22,-0.07,0.16,0.14,-0.22,-0.26,0.22,-0.07,0.00,0.00,12.82,12.82,010,101,0,0,1933,1989,1995,1872,1962,1946,42.75,34.3,3386,52.906,84.65,1
2026-09-01T21:18:09.984,13.907,2,300,300,148,146,25.4,25.5,0.35,0.57,0.14,0.14,0.46,0.14,0.35,0.57,0.00,0.00,12.82,12.82,101,010,0,0,1932,1984,2011,1870,1972,1951,42.75,34.3,3383,52.859,84.58,1
2026-09-01T21:18:09.994,13.918,2,300,300,148,144,27.0,26.9,-0.11,-0.07,0.16,0.16,0.08,0.32,-0.11,-0.07,0.00,0.00,12.82,12.82,110,100,0,0,1932,1973,1997,1871,1976,1938,42.75,34.3,3386,52.906,84.65,1
2026-09-01T21:18:10.005,13.928,2,300,300,148,142,26.1,26.9,0.50,0.19,0.18,0.16,-0.13,-0.21,0.50,0.19,0.00,0.00,12.82,12.82,011,001,0,0,1932,1993,2005,1869,1958,1954,42.75,34.3,3384,52.875,84.60,1
2026-09-01T21:18:10.015,13.938,2,300,300,148,144,24.0,25.0,-0.02,0.45,0.14,0.14,0.51,0.37,-0.02,0.45,0.00,0.00,12.82,12.82,100,010,0,0,1932,1985,2021,1871,1980,1948,42.75,34.3,3383,52.859,84.58,1
2026-09-01T21:18:10.025,13.949,2,300,300,150,146,26.7,24.8,0.03,-0.15,0.22,0.04,-0.29,0.19,0.03,-0.15,0.00,0.00,12.82,12.82,010,101,0,0,1936,1991,1996,1870,1974,1938,42.75,34.3,3385,52.891,84.62,1
2026-09-01T21:18:10.036,13.959,2,300,300,146,144,27.0,26.5,0.52,0.39,0.16,0.12,0.35,-0.01,0.52,0.39,0.00,0.00,12.82,12.82,001,011,0,0,1933,1991,2013,1869,1960,1956,42.75,34.3,3384,52.875,84.60,1
2026-09-01T21:18:10.046,13.970,2,300,300,148,144,24.3,27.0,-0.16,0.25,0.14,0.16,0.18,0.40,-0.16,0.25,0.00,0.00,12.82,12.82,100,110,0,0,1933,1974,2005,1873,1983,1935,42.75,34.3,3386,52.906,84.65,1
2026-09-01T21:18:10.056,13.980,2,300,300,148,144,25.8,25.7,0.23,-0.10,0.14,0.16,0.04,-0.24,0.23,-0.10,0.00,0.00,12.82,12.82,011,101,0,0,1944,2009,1995,1870,1964,1948,42.75,34.3,3385,52.891,84.62,1
2026-09-01T21:18:10.067,13.990,2,300,300,148,146,27.0,24.0,0.21,0.51,0.16,0.14,0.27,0.03,0.21,0.51,0.00,0.00,12.82,12.82,101,010,0,0,1932,1972,2011,1869,1970,1951,42.75,34.3,3384,52.875,84.60,1
2026-09-01T21:18:10.077,14.001,2,300,300,148,146,25.9,26.4,-0.08,0.00,0.16,0.14,-0.16,0.31,-0.08,0.00,0.00,0.00,12.82,12.82,110,100,0,0,1932,1984,1995,1869,1974,1935,42.75,34.3,3385,52.891,84.62,1
2026-09-01T21:18:10.087,14.011,2,300,300,148,144,24.4,27.0,0.47,0.10,0.18,0.16,0.11,-0.31,0.47,0.10,0.00,0.00,12.82,12.82,001,001,0,0,1933,1993,2000,1870,1960,1951,42.75,34.3,3384,52.875,84.60,1
2026-09-01T21:18:10.098,14.021,2,300,300,148,144,26.8,26.2,-0.06,0.47,0.18,0.14,0.27,0.30,-0.06,0.47,0.00,0.00,12.82,12.82,100,010,0,0,1936,1973,2005,1871,1980,1948,42.75,34.3,3385,52.891,84.62,1
2026-09-01T21:18:10.108,14.032,2,300,300,146,144,26.7,23.6,0.13,-0.11,0.14,0.06,-0.25,0.19,0.13,-0.11,0.00,0.00,12.82,12.82,010,101,0,0,1932,1992,1995,1872,1972,1934,42.75,34.3,3385,52.891,84.62,1
2026-09-01T21:18:10.118,14.042,2,300,300,148,146,23.8,26.1,0.43,0.33,0.16,0.10,0.39,-0.25,0.43,0.33,0.00,0.00,12.82,12.82,001,011,0,0,1936,1985,2016,1868,1972,1950,42.75,34.3,3384,52.875,84.60,1
2026-09-01T21:18:10.129,14.052,2,300,300,148,142,26.1,27.0,-0.19,0.26,0.30,0.20,0.28,0.66,-0.19,0.26,0.00,0.00,12.82,12.82,110,110,0,0,1929,1973,2007,1869,1983,1942,42.75,34.3,3385,52.891,84.62,1
2026-09-01T21:18:10.139,14.063,2,300,300,148,144,27.0,26.3,0.38,-0.05,0.24,0.16,-0.18,-0.25,0.38,-0.05,0.00,0.00,12.82,12.82,011,101,0,0,1946,1988,2000,1874,1963,1953,42.75,34.3,3386,52.906,84.65,1
2026-09-01T21:18:10.150,14.073,2,300,300,148,146,25.4,24.2,0.15,0.50,0.18,0.14,0.31,-0.04,0.15,0.50,0.00,0.00,12.82,12.82,101,011,0,0,1939,1979,2027,1865,1976,1951,42.75,34.3,3385,52.891,84.62,1
2026-09-01T21:18:10.160,14.083,2,300,300,146,144,24.7,25.2,-0.08,0.02,0.10,0.12,0.11,0.40,-0.08,0.02,0.00,0.00,12.82,12.82,010,100,0,0,1934,1969,1997,1870,1978,1934,42.75,34.3,3385,52.891,84.62,1
2026-09-01T21:18:10.170,14.094,2,300,300,150,144,27.0,26.9,0.49,0.06,0.14,0.12,0.12,-0.28,0.49,0.06,0.00,0.00,12.82,12.82,001,001,0,0,1932,1985,2009,1869,1962,1951,42.75,34.3,3385,52.891,84.62,1
2026-09-01T21:18:10.181,14.104,2,300,300,148,146,26.6,26.5,-0.10,0.52,0.22,0.14,0.32,0.21,-0.10,0.52,0.00,0.00,12.82,12.82,100,010,0,0,1934,1972,2020,1865,1980,1940,42.75,34.3,3385,52.891,84.62,1
2026-09-01T21:18:10.191,14.114,2,300,300,148,144,23.4,25.0,0.35,-0.11,0.22,0.20,-0.14,0.21,0.35,-0.11,0.00,0.00,12.82,12.82,011,100,0,0,1936,1997,2001,1867,1972,1930,42.75,34.3,3385,52.891,84.62,1
2026-09-01T21:18:10.201,14.125,2,300,300,148,144,26.4,24.8,0.29,0.28,0.22,0.12,0.49,-0.14,0.29,0.28,0.00,0.00,12.82,12.82,101,011,0,0,1936,1984,2011,1869,1964,1951,42.75,34.3,3383,52.859,84.58,1
2026-09-01T21:18:10.212,14.135,2,300,300,146,144,27.0,26.7,-0.13,0.26,0.16,0.16,0.09,0.27,-0.13,0.26,0.00,0.00,12.82,12.82,110,110,0,0,1933,1973,2000,1871,1978,1933,42.75,34.3,3386,52.906,84.65,1
2026-09-01T21:18:10.222,14.145,2,300,300,148,144,25.0,26.9,0.49,-0.14,0.26,0.16,-0.01,-0.26,0.49,-0.14,0.00,0.00,12.82,12.82,011,101,0,0,1938,1992,2002,1871,1959,1947,42.75,34.3,3386,52.906,84.65,1
2026-09-01T21:18:10.232,14.156,2,300,300,146,142,25.1,25.9,-0.22,0.57,0.10,0.20,1.16,-0.12,-0.22,0.57,0.00,0.00,12.82,12.82,100,011,0,0,1929,1979,2045,1872,1972,1956,42.75,34.3,3384,52.875,84.60,1
2026-09-01T21:18:10.243,14.166,2,300,300,150,142,27.0,23.6,0.08,0.06,0.14,0.14,-0.24,0.39,0.08,0.06,0.00,0.00,12.82,12.82,010,100,0,0,1930,1987,2008,1865,1990,1942,42.75,34.3,3385,52.891,84.62,1
2026-09-01T21:18:10.253,14.177,2,300,300,148,142,26.0,26.2,0.54,-0.05,0.22,0.10,0.31,-0.06,0.54,-0.05,0.00,0.00,12.82,12.82,001,001,0,0,1933,1989,2016,1868,1966,1950,42.75,34.3,3384,52.875,84.60,1
2026-09-01T21:18:10.263,14.187,2,300,300,148,146,24.2,27.0,-0.25,0.57,0.14,0.18,0.52,0.17,-0.25,0.57,0.00,0.00,12.82,12.82,110,010,0,0,1931,1948,2037,1872,1982,1946,42.75,34.3,3384,52.875,84.60,1
2026-09-01T21:18:10.274,14.197,2,300,300,148,142,26.9,26.5,0.30,-0.11,0.12,0.18,-0.16,0.27,0.30,-0.11,0.00,0.00,12.82,12.82,011,100,0,0,1932,1987,2003,1872,1974,1932,42.75,34.3,3386,52.906,84.65,1
2026-09-01T21:18:10.284,14.208,2,300,300,150,144,26.5,23.6,0.14,0.26,0.14,0.12,0.27,-0.29,0.14,0.26,0.00,0.00,12.82,12.82,101,001,0,0,1932,1973,2011,1869,1967,1950,42.75,34.3,3385,52.891,84.62,1
2026-09-01T21:18:10.294,14.218,2,300,300,146,144,24.3,25.8,0.02,0.27,0.20,0.14,-0.13,0.39,0.02,0.27,0.00,0.00,12.82,12.82,110,110,0,0,1933,1984,1993,1868,1976,1940,42.75,34.3,3385,52.891,84.62,1
2026-09-01T21:18:10.305,14.228,2,300,300,148,146,26.2,27.0,0.39,-0.14,0.16,0.18,0.16,-0.20,0.39,-0.14,0.00,0.00,12.82,12.82,001,101,0,0,1934,1985,2004,1872,1959,1949,42.75,34.3,3385,52.891,84.62,1
2026-09-01T21:18:10.315,14.239,2,300,300,148,140,27.0,27.0,-0.13,0.52,0.12,0.16,0.28,0.30,-0.13,0.52,0.00,0.00,12.82,12.82,100,011,0,0,1951,1979,2000,1876,1958,1972,42.75,34.3,3385,52.891,84.62,1
2026-09-01T21:18:10.326,14.249,2,300,300,148,142,25.4,25.1,0.24,0.19,0.18,0.20,-0.20,0.38,0.24,0.19,0.00,0.00,12.82,12.82,010,110,0,0,1934,1992,1992,1873,1982,1932,42.75,34.3,3386,52.906,84.65,1
2026-09-01T21:18:10.336,14.259,2,300,300,148,144,25.0,24.6,0.30,-0.23,0.12,-0.08,0.66,0.10,0.30,-0.23,0.00,0.00,12.82,12.82,101,001,0,0,1929,1993,2013,1866,1970,1932,42.75,34.3,3383,52.859,84.58,1
2026-09-01T21:18:10.346,14.270,2,300,300,148,146,26.9,26.5,-0.23,0.50,0.14,0.14,0.04,0.12,-0.23,0.50,0.00,0.00,12.82,12.82,110,010,0,0,1949,1980,1995,1873,1978,1951,42.75,34.3,3384,52.875,84.60,1
2026-09-01T21:18:10.357,14.280,2,300,300,148,142,26.3,27.1,0.43,-0.03,0.26,0.16,-0.11,0.45,0.43,-0.03,0.00,0.00,12.82,12.82,011,100,0,0,1940,1992,2004,1871,1980,1932,42.75,34.3,3386,52.906,84.65,1
2026-09-01T21:18:10.367,14.291,2,300,300,148,144,23.4,25.9,0.12,0.26,0.12,0.16,0.31,-0.24,0.12,0.26,0.00,0.00,12.82,12.82,100,001,0,0,1936,1983,2023,1870,1960,1954,42.75,34.3,3383,52.859,84.58,1
2026-09-01T21:18:10.377,14.301,2,300,300,148,144,26.6,23.6,-0.02,0.41,0.14,0.14,-0.29,0.41,-0.02,0.41,0.00,0.00,12.82,12.82,010,110,0,0,1934,1987,1997,1870,1982,1948,42.75,34.3,3385,52.891,84.62,1
2026-09-01T21:18:10.388,14.311,2,300,300,148,146,26.9,26.0,0.47,-0.17,0.18,0.18,0.21,0.17,0.47,-0.17,0.00,0.00,12.82,12.82,001,101,0,0,1933,1985,2011,1870,1972,1935,42.75,34.3,3385,52.891,84.62,1
2026-09-01T21:18:10.398,14.322,2,300,300,146,142,25.0,27.0,-0.10,0.39,0.22,0.10,0.24,-0.07,-0.10,0.39,0.00,0.00,12.82,12.82,100,011,0,0,1936,1969,2008,1868,1966,1954,42.75,34.3,3385,52.891,84.62,1
2026-09-01T21:18:10.409,14.332,2,300,300,148,144,25.7,26.6,0.21,0.23,0.12,0.18,0.12,0.40,0.21,0.23,0.00,0.00,12.82,12.82,011,110,0,0,1930,1993,1991,1871,1982,1932,42.75,34.3,3385,52.891,84.62,1
2026-09-01T21:18:10.419,14.342,2,300,300,150,144,27.0,24.3,0.18,-0.04,0.22,0.18,0.22,-0.23,0.18,-0.04,0.00,0.00,12.82,12.82,101,101,0,0,1936,1973,2009,1871,1962,1946,42.75,34.3,3386,52.906,84.65,1
2026-09-01T21:18:10.429,14.353,2,300,300,148,146,26.0,25.5,-0.02,0.50,0.18,0.14,-0.12,0.08,-0.02,0.50,0.00,0.00,12.82,12.82,110,010,0,0,1936,1985,2007,1864,1972,1946,42.75,34.3,3384,52.875,84.60,1
2026-09-01T21:18:10.440,14.363,2,300,300,146,144,24.0,26.9,0.31,-0.07,0.32,0.16,0.36,0.33,0.31,-0.07,0.00,0.00,12.82,12.82,001,100,0,0,1936,2025,1957,1870,1974,1934,42.75,34.3,3385,52.891,84.62,1
2026-09-01T21:18:10.450,14.373,2,300,300,148,144,26.9,26.8,-0.12,0.15,0.10,0.12,0.31,-0.24,-0.12,0.15,0.00,0.00,12.82,12.82,100,001,0,0,1930,1977,2007,1871,1962,1954,42.75,34.3,3385,52.891,84.62,1
2026-09-01T21:18:10.460,14.384,2,300,300,150,146,26.4,24.7,0.21,0.42,0.24,0.12,-0.31,0.31,0.21,0.42,0.00,0.00,12.82,12.82,010,010,0,0,1937,1991,1993,1870,1978,1946,42.75,34.3,3385,52.891,84.62,1
2026-09-01T21:18:10.470,14.394,2,300,300,148,146,23.8,24.8,0.43,-0.15,0.20,0.20,0.36,0.20,0.43,-0.15,0.00,0.00,12.82,12.82,001,101,0,0,1933,1985,2013,1871,1972,1934,42.75,34.3,3385,52.891,84.62,1
2026-09-01T21:18:10.481,14.404,2,300,300,148,144,26.1,26.6,-0.26,0.33,0.16,0.12,0.11,-0.10,-0.26,0.33,0.00,0.00,12.82,12.82,110,011,0,0,1933,1977,2005,1867,1966,1950,42.75,34.3,3383,52.859,84.58,1
2026-09-01T21:18:10.491,14.415,2,300,300,148,144,27.0,27.0,0.38,0.20,0.16,0.16,-0.19,0.37,0.38,0.20,0.00,0.00,12.82,12.82,011,110,0,0,1933,1989,2005,1870,1978,1934,42.75,34.3,3386,52.906,84.65,1
2026-09-01T21:18:10.502,14.426,2,300,300,148,144,25.3,25.6,0.16,-0.08,0.24,0.14,0.22,-0.25,0.16,-0.08,0.00,0.00,12.82,12.82,101,101,0,0,1937,1971,2011,1871,1961,1948,42.75,34.3,3386,52.906,84.65,1
2026-09-01T21:18:10.512,14.435,2,300,300,146,144,24.7,24.2,-0.17,0.34,0.14,0.14,0.04,0.15,-0.17,0.34,0.00,0.00,12.82,12.82,010,010,0,0,1930,1971,2000,1869,1954,1962,42.75,34.3,3383,52.859,84.58,1
2026-09-01T21:18:10.522,14.446,2,300,300,148,144,26.9,26.4,0.48,0.00,0.22,0.14,0.11,0.29,0.48,0.00,0.00,0.00,12.82,12.82,001,100,0,0,1936,1987,2011,1870,1974,1935,42.75,34.3,3442,53.781,86.05,1
2026-09-01T21:18:10.533,14.456,2,300,300,150,144,26.2,27.0,-0.12,0.12,0.16,0.12,0.25,-0.25,-0.12,0.12,0.00,0.00,12.82,12.82,100,001,0,0,1933,1973,2007,1870,1960,1951,42.75,34.3,3385,52.891,84.62,1
2026-09-01T21:18:10.543,14.467,2,300,300,148,146,23.4,25.8,0.33,0.47,0.16,0.14,-0.19,0.28,0.33,0.47,0.00,0.00,12.82,12.82,011,010,0,0,1936,1997,2005,1866,1978,1940,42.75,34.3,3382,52.844,84.55,1
2026-09-01T21:18:10.554,14.478,2,300,300,148,144,26.3,23.6,0.23,-0.16,0.14,0.18,0.50,0.17,0.23,-0.16,0.00,0.00,12.82,12.82,101,101,0,0,1932,1984,2011,1872,1972,1935,42.75,34.3,3385,52.891,84.62,1
2026-09-01T21:18:10.564,14.487,2,300,300,148,146,27.0,25.9,-0.16,0.35,0.10,0.12,-0.11,-0.17,-0.16,0.35,0.00,0.00,12.82,12.82,110,011,0,0,1932,1984,1995,1871,1967,1951,42.75,34.3,3383,52.859,84.58,1
2026-09-01T21:18:10.574,14.498,2,300,300,148,142,25.3,27.0,0.47,0.21,0.18,0.14,-0.06,0.41,0.47,0.21,0.00,0.00,12.82,12.82,011,110,0,0,1934,1992,2004,1870,1978,1938,42.75,34.3,3386,52.906,84.65,1
2026-09-01T21:18:10.584,14.508,2,300,300,148,146,25.0,26.2,-0.03,-0.05,0.12,0.18,0.56,-0.25,-0.03,-0.05,0.00,0.00,12.82,12.82,100,101,0,0,1930,1975,2019,1871,1960,1948,42.75,34.3,3385,52.891,84.62,1
2026-09-01T21:18:10.595,14.518,2,300,300,146,144,26.9,24.3,0.08,0.54,0.16,0.16,-0.11,-0.03,0.08,0.54,0.00,0.00,12.82,12.82,010,011,0,0,1932,1987,1992,1871,1972,1951,42.75,34.3,3385,52.891,84.62,1
2026-09-01T21:18:10.605,14.529,2,300,300,148,144,26.3,25.4,0.42,-0.04,0.18,0.12,0.26,0.38,0.42,-0.04,0.00,0.00,12.82,12.82,001,100,0,0,1934,1985,2012,1870,1974,1938,42.75,34.3,3385,52.891,84.62,1
2026-09-01T21:18:10.616,14.539,2,300,300,148,144,23.6,26.9,-0.18,0.06,0.14,0.12,0.23,-0.28,-0.18,0.06,0.00,0.00,12.82,12.82,110,001,0,0,1931,1965,2021,1869,1962,1951,42.75,34.3,3384,52.875,84.60,1
2026-09-01T21:18:10.626,14.549,2,300,300,148,144,26.6,26.8,0.41,0.52,0.14,0.16,0.08,0.24,0.41,0.52,0.00,0.00,12.82,12.82,011,010,0,0,1932,1995,1993,1872,1980,1948,42.75,34.3,3384,52.875,84.60,1
2026-09-01T21:18:10.636,14.560,2,300,300,150,144,26.7,25.2,0.16,-0.13,0.14,0.18,0.21,0.23,0.16,-0.13,0.00,0.00,12.82,12.82,101,100,0,0,1934,1970,2008,1872,1974,1934,42.75,34.3,3386,52.906,84.65,1
2026-09-01T21:18:10.647,14.570,2,300,300,148,142,24.5,24.3,-0.06,0.12,0.14,0.12,-0.19,0.11,-0.06,0.12,0.00,0.00,12.82,12.82,110,011,0,0,1932,1984,1996,1868,1942,1948,42.75,34.3,3384,52.875,84.60,1
2026-09-01T21:18:10.657,14.580,2,300,300,148,144,25.7,26.6,0.51,0.24,0.14,0.12,0.18,0.40,0.51,0.24,0.00,0.00,12.82,12.82,001,110,0,0,1932,1993,2004,1869,1978,1935,42.75,34.3,3385,52.891,84.62,1
2026-09-01T21:18:10.667,14.591,2,300,300,148,146,27.0,26.9,-0.09,-0.10,0.14,0.18,0.24,-0.25,-0.09,-0.10,0.00,0.00,12.82,12.82,100,101,0,0,1932,1974,2007,1873,1958,1950,42.75,34.3,3386,52.906,84.65,1
2026-09-01T21:18:10.678,14.601,2,300,300,148,144,25.7,26.0,0.21,0.51,0.22,0.14,-0.24,-0.15,0.21,0.51,0.00,0.00,12.82,12.82,010,011,0,0,1946,1991,1989,1873,1976,1956,42.75,34.3,3385,52.891,84.62,1
2026-09-01T21:18:10.688,14.611,2,300,300,150,144,24.7,23.4,0.47,0.18,0.22,0.16,0.50,0.28,0.47,0.18,0.00,0.00,12.82,12.82,101,110,0,0,1955,1987,2019,1871,2000,1956,42.75,34.3,3379,52.797,84.47,1
2026-09-01T21:18:10.698,14.622,2,300,300,148,144,26.8,26.2,-0.18,0.05,0.18,0.12,0.18,-0.30,-0.18,0.05,0.00,0.00,12.82,12.82,110,001,0,0,1940,2008,1953,1864,1967,1958,42.75,34.3,3384,52.875,84.60,1
2026-09-01T21:18:10.709,14.632,2,300,300,148,146,26.5,27.0,0.49,0.50,0.16,0.14,-0.18,0.15,0.49,0.50,0.00,0.00,12.82,12.82,011,010,0,0,1933,1991,2005,1870,1978,1948,42.75,34.3,3385,52.891,84.62,1
2026-09-01T21:18:10.719,14.642,2,300,300,148,142,23.6,26.8,0.13,-0.04,0.28,0.10,0.31,0.30,0.13,-0.04,0.00,0.00,12.82,12.82,101,100,0,0,1938,1972,2010,1872,1978,1931,42.75,34.3,3386,52.906,84.65,1
2026-09-01T21:18:10.729,14.653,2,300,300,148,144,26.2,24.2,-0.03,0.31,0.14,0.18,-0.20,-0.25,-0.03,0.31,0.00,0.00,12.82,12.82,010,001,0,0,1931,1985,1995,1871,1966,1954,42.75,34.3,3384,52.875,84.60,1
2026-09-01T21:18:10.740,14.663,2,300,300,148,144,27.0,25.2,0.46,0.30,0.14,0.14,0.18,0.42,0.46,0.30,0.00,0.00,12.82,12.82,001,110,0,0,1932,1986,2009,1869,1978,1944,42.75,34.3,3385,52.891,84.62,1
2026-09-01T21:18:10.750,14.673,2,300,300,148,146,25.1,26.8,-0.10,-0.16,0.18,0.18,0.21,-0.10,-0.10,-0.16,0.00,0.00,12.82,12.82,100,101,0,0,1934,1972,2006,1872,1962,1948,42.75,34.3,3386,52.906,84.65,1
2026-09-01T21:18:10.760,14.684,2,300,300,148,142,25.4,27.0,0.35,0.48,0.22,0.14,-0.11,0.00,0.35,0.48,0.00,0.00,12.82,12.82,011,011,0,0,1936,1993,1995,1869,1966,1956,42.75,34.3,3384,52.875,84.60,1
2026-09-01T21:18:10.771,14.694,2,300,300,148,144,27.0,25.4,0.15,0.18,0.14,0.20,0.27,0.37,0.15,0.18,0.00,0.00,12.82,12.82,101,110,0,0,1945,1978,2000,1876,1983,1939,42.75,34.3,3386,52.906,84.65,1
2026-09-01T21:18:10.781,14.705,2,300,300,148,144,26.1,24.2,-0.06,-0.01,0.42,0.18,-0.14,-0.23,-0.06,-0.01,0.00,0.00,12.82,12.82,110,001,0,0,1934,1985,1997,1869,1962,1946,42.75,34.3,3384,52.875,84.60,1
2026-09-01T21:18:10.792,14.715,2,300,300,148,144,23.8,26.2,0.57,0.53,0.14,0.04,0.05,0.17,0.57,0.53,0.00,0.00,12.82,12.82,001,010,0,0,1935,2005,1991,1870,1974,1951,42.75,34.3,3382,52.844,84.55,1
2026-09-01T21:18:10.802,14.725,2,300,300,146,142,26.5,27.0,-0.06,0.00,0.14,0.06,0.75,0.40,-0.06,0.00,0.00,0.00,12.82,12.82,100,100,0,0,1929,1969,2021,1870,1980,1932,42.75,34.3,3385,52.891,84.62,1
2026-09-01T21:18:10.812,14.736,2,300,300,150,144,26.6,26.2,0.15,0.22,0.16,0.14,-0.30,-0.23,0.15,0.22,0.00,0.00,12.82,12.82,010,001,0,0,1932,1991,2007,1866,1958,1950,42.75,34.3,3385,52.891,84.62,1
2026-09-01T21:18:10.823,14.746,2,300,300,148,146,24.5,23.4,0.52,0.38,0.26,0.12,0.41,0.30,0.52,0.38,0.00,0.00,12.82,12.82,001,010,0,0,1933,1987,2029,1863,1970,1948,42.75,34.3,3378,52.781,84.45,1
2026-09-01T21:18:10.833,14.756,2,300,300,148,144,25.8,25.7,-0.23,-0.15,0.10,0.18,0.45,0.17,-0.23,-0.15,0.00,0.00,12.82,12.82,110,101,0,0,1931,1965,2007,1872,1972,1934,42.75,34.3,3385,52.891,84.62,1
2026-09-01T21:18:10.843,14.767,2,300,300,148,144,27.0,26.9,0.39,0.37,0.12,0.12,-0.20,-0.12,0.39,0.37,0.00,0.00,12.82,12.82,011,011,0,0,1932,1989,2005,1869,1966,1950,42.75,34.3,3385,52.891,84.62,1
2026-09-01T21:18:10.853,14.777,2,300,300,150,144,25.3,26.7,0.15,0.14,0.18,0.16,0.23,0.38,0.15,0.14,0.00,0.00,12.82,12.82,101,110,0,0,1934,1973,2001,1874,1982,1942,42.75,34.3,3386,52.906,84.65,1
2026-09-01T21:18:10.864,14.787,2,300,300,150,146,25.2,24.3,0.00,-0.01,0.14,0.16,-0.18,-0.21,0.00,-0.01,0.00,0.00,12.82,12.82,010,101,0,0,1930,1986,1997,1870,1960,1946,42.75,34.3,3385,52.891,84.62,1
2026-09-01T21:18:10.874,14.798,2,300,300,148,146,26.9,25.4,0.47,0.50,0.14,0.14,0.11,0.07,0.47,0.50,0.00,0.00,12.82,12.82,001,010,0,0,1929,1985,2023,1865,1972,1944,42.75,34.3,3384,52.875,84.60,1
2026-09-01T21:18:10.885,14.808,2,300,300,148,144,26.4,26.8,-0.09,-0.04,0.18,0.16,0.22,0.33,-0.09,-0.04,0.00,0.00,12.82,12.82,100,100,0,0,1934,1971,2005,1870,1975,1938,42.75,34.3,3386,52.906,84.65,1
2026-09-01T21:18:10.895,14.818,2,300,300,148,144,23.4,26.9,0.22,0.18,0.12,0.14,-0.33,-0.22,0.22,0.18,0.00,0.00,12.82,12.82,011,001,0,0,1933,1983,1979,1870,1958,1951,42.75,34.3,3383,52.859,84.58,1
2026-09-01T21:18:10.905,14.829,2,300,300,148,146,26.4,24.8,0.27,0.43,0.18,0.18,0.39,0.32,0.27,0.43,0.00,0.00,12.82,12.82,101,010,0,0,1932,1979,2009,1870,1978,1944,42.75,34.3,3384,52.875,84.60,1
2026-09-01T21:18:10.916,14.839,2,300,300,148,144,27.0,24.7,-0.13,-0.28,0.16,0.12,-0.10,0.36,-0.13,-0.28,0.00,0.00,12.82,12.82,110,101,0,0,1939,1985,1991,1869,1983,1935,42.75,34.3,3385,52.891,84.62,1
2026-09-01T21:18:10.926,14.849,2,300,300,148,146,25.1,26.7,0.50,0.37,0.36,0.18,-0.05,-0.27,0.50,0.37,0.00,0.00,12.82,12.82,011,011,0,0,1932,1993,2005,1869,1976,1950,42.75,34.3,3385,52.891,84.62,1
2026-09-01T21:18:10.936,14.860,2,300,300,150,144,25.4,27.0,0.02,0.23,0.46,0.20,0.27,0.36,0.02,0.23,0.00,0.00,12.82,12.82,100,110,0,0,1932,1974,2006,1870,1981,1934,42.75,34.3,3385,52.891,84.62,1
2026-09-01T21:18:10.947,14.870,2,300,300,146,144,26.9,25.6,0.07,-0.05,0.14,0.18,-0.06,-0.23,0.07,-0.05,0.00,0.00,12.82,12.82,010,101,0,0,1933,1985,1992,1872,1960,1948,42.75,34.3,3386,52.906,84.65,1
2026-09-01T21:18:10.957,14.881,2,300,300,148,146,26.1,24.3,0.51,0.51,0.14,0.12,0.28,0.02,0.51,0.51,0.00,0.00,12.82,12.82,001,010,0,0,1936,1987,2016,1869,1974,1950,42.75,34.3,3384,52.875,84.60,1
2026-09-01T21:18:10.967,14.891,2,300,300,148,146,23.6,26.4,-0.16,0.00,0.16,0.18,0.23,0.28,-0.16,0.00,0.00,0.00,12.82,12.82,110,100,0,0,1932,1971,2007,1870,1974,1934,42.75,34.3,3384,52.875,84.60,1
2026-09-01T21:18:10.978,14.901,2,300,300,146,142,26.3,27.0,0.38,0.10,0.14,0.10,-0.05,-0.23,0.38,0.10,0.00,0.00,12.82,12.82,011,001,0,0,1932,1993,1993,1869,1960,1950,42.75,34.3,3384,52.875,84.60,1
2026-09-01T21:18:10.988,14.912,2,300,300,148,144,26.9,26.0,0.19,0.52,0.14,0.16,0.47,0.28,0.19,0.52,0.00,0.00,12.82,12.82,101,010,0,0,1933,1975,2011,1872,1982,1944,42.75,34.3,3385,52.891,84.62,1
2026-09-01T21:18:11.003,14.926,2,300,300,150,146,24.5,23.4,-0.04,-0.17,0.22,0.16,-0.17,0.20,-0.04,-0.17,0.00,0.00,12.82,12.82,110,101,0,0,1936,1984,1995,1870,1972,1934,42.75,34.3,3385,52.891,84.62,1
2026-09-01T21:18:11.009,14.932,2,300,300,148,144,25.6,26.0,0.39,0.27,0.52,0.18,0.29,-0.22,0.39,0.27,0.00,0.00,12.82,12.82,001,011,0,0,1930,1995,2005,1867,1972,1948,42.75,34.3,3383,52.859,84.58,1
2026-09-01T21:18:11.019,14.943,2,300,300,148,144,27.0,27.0,-0.05,0.24,0.26,0.16,0.30,0.31,-0.05,0.24,0.00,0.00,12.82,12.82,100,110,0,0,1956,1979,2000,1874,1983,1943,42.75,34.3,3386,52.906,84.65,1
2026-09-01T21:18:11.030,14.953,2,300,300,150,144,25.6,26.4,0.22,-0.05,0.20,0.20,-0.17,-0.26,0.22,-0.05,0.00,0.00,12.82,12.82,010,101,0,0,1937,1993,2009,1868,1960,1946,42.75,34.3,3386,52.906,84.65,1
2026-09-01T21:18:11.040,14.963,2,300,300,150,144,24.9,24.3,0.44,0.50,0.24,0.12,0.49,-0.05,0.44,0.50,0.00,0.00,12.82,12.82,101,011,0,0,1937,1984,2016,1869,1972,1951,42.75,34.3,3384,52.875,84.60,1
2026-09-01T21:18:11.050,14.974,2,300,300,148,144,26.8,25.2,-0.12,-0.07,0.16,0.12,0.10,0.48,-0.12,-0.07,0.00,0.00,12.82,12.82,110,100,0,0,1932,1977,2003,1869,1975,1938,42.75,34.3,3385,52.891,84.62,1
2026-09-01T21:18:11.065,14.989,2,300,300,146,144,26.7,26.9,0.50,0.09,0.22,0.10,-0.12,-0.30,0.50,0.09,0.00,0.00,12.82,12.82,011,001,0,0,1936,1993,2005,1868,1960,1951,42.75,34.3,3385,52.891,84.62,1
2026-09-01T21:18:11.071,14.994,2,300,300,148,146,23.6,26.7,0.07,0.52,0.14,0.14,0.33,0.22,0.07,0.52,0.00,0.00,12.82,12.82,101,010,0,0,1932,1975,2011,1871,1980,1944,42.75,34.3,3379,52.797,84.47,1
2026-09-01T21:18:11.081,15.005,2,300,300,148,142,26.2,25.6,0.01,-0.08,0.20,0.18,-0.19,0.26,0.01,-0.08,0.00,0.00,12.82,12.82,010,100,0,0,1936,1984,1997,1872,1975,1931,42.75,34.3,3385,52.891,84.62,1
2026-09-01T21:18:11.092,15.015,2,300,300,146,144,27.0,24.3,0.59,0.34,0.18,0.16,0.39,-0.20,0.59,0.34,0.00,0.00,12.82,12.82,001,011,0,0,1934,1995,2011,1870,1964,1954,42.75,34.3,3384,52.875,84.60,1
2026-09-01T21:18:11.102,15.025,2,300,300,148,144,25.0,26.6,-0.13,0.22,0.24,0.12,0.19,0.33,-0.13,0.22,0.00,0.00,12.82,12.82,100,110,0,0,1937,1977,2023,1863,1978,1935,42.75,34.3,3385,52.891,84.62,1
2026-09-01T21:18:11.112,15.036,2,300,300,148,144,25.3,27.0,0.24,-0.16,0.14,0.18,-0.09,-0.21,0.24,-0.16,0.00,0.00,12.82,12.82,011,101,0,0,1930,1989,1997,1870,1960,1948,42.75,34.3,3385,52.891,84.62,1
2026-09-01T21:18:11.123,15.046,2,300,300,148,142,27.0,26.2,0.22,0.54,0.20,0.14,0.38,-0.13,0.22,0.54,0.00,0.00,12.82,12.82,101,011,0,0,1935,1977,2011,1871,1974,1956,42.75,34.3,3385,52.891,84.62,1
2026-09-01T21:18:11.133,15.057,2,300,300,148,144,26.1,23.4,-0.07,0.13,0.54,0.20,-0.14,0.31,-0.07,0.13,0.00,0.00,12.82,12.82,110,110,0,0,1931,1987,1997,1869,1980,1940,42.75,34.3,3380,52.812,84.50,1
2026-09-01T21:18:11.144,15.067,2,300,300,148,144,24.2,26.1,0.47,-0.01,0.14,0.12,0.07,-0.30,0.47,-0.01,0.00,0.00,12.82,12.82,001,001,0,0,1949,2000,1997,1870,1970,1956,42.75,34.3,3383,52.859,84.58,1
2026-09-01T21:18:11.154,15.077,2,300,300,148,146,26.6,27.0,0.00,0.52,0.16,0.18,0.41,0.14,0.00,0.52,0.00,0.00,12.82,12.82,100,010,0,0,1929,1973,2013,1870,1980,1950,42.75,34.3,3384,52.875,84.60,1
2026-09-01T21:18:11.164,15.088,2,300,300,148,140,26.8,26.9,0.14,0.00,0.16,0.20,-0.24,0.42,0.14,0.00,0.00,0.00,12.82,12.82,010,100,0,0,1933,1991,1993,1874,1978,1926,42.75,34.3,3386,52.906,84.65,1
2026-09-01T21:18:11.174,15.098,2,300,300,148,144,24.4,24.6,0.46,0.32,0.14,0.14,0.38,-0.20,0.46,0.32,0.00,0.00,12.82,12.82,001,001,0,0,1930,1985,2025,1865,1958,1950,42.75,34.3,3385,52.891,84.62,1
2026-09-01T21:18:11.185,15.108,2,300,300,148,144,25.8,25.2,-0.18,0.30,0.14,0.12,0.16,0.37,-0.18,0.30,0.00,0.00,12.82,12.82,110,110,0,0,1932,1973,2007,1869,1976,1940,42.75,34.3,3385,52.891,84.62,1
2026-09-01T21:18:11.195,15.119,2,300,300,148,144,27.0,26.7,0.39,-0.20,0.14,0.16,-0.17,0.08,0.39,-0.20,0.00,0.00,12.82,12.82,011,101,0,0,1932,1989,2003,1871,1970,1940,42.75,34.3,3386,52.906,84.65,1
2026-09-01T21:18:11.206,15.129,2,297,297,150,142,25.2,27.0,0.10,0.49,0.14,0.16,0.26,0.00,0.10,0.49,0.00,0.00,12.82,12.82,101,011,0,0,1932,1975,2009,1872,1966,1956,42.75,34.3,3385,52.891,84.62,1
2026-09-01T21:18:11.216,15.139,2,283,283,150,144,24.3,24.7,-0.10,-0.01,0.16,0.10,-0.22,0.32,-0.10,-0.01,0.00,0.00,12.43,12.43,010,110,0,0,1931,1984,2017,1863,1970,1938,42.75,34.3,3385,52.891,84.62,1
2026-09-01T21:18:11.226,15.150,2,260,260,146,144,24.1,21.2,0.32,-0.23,0.08,-0.06,0.15,-0.21,0.32,-0.23,0.00,0.00,11.62,11.62,001,101,0,0,1927,1987,2005,1865,1976,1937,42.75,34.3,3379,52.797,84.47,1
2026-09-01T21:18:11.237,15.160,2,230,230,142,138,22.2,20.2,-0.29,0.29,0.08,0.02,0.22,0.00,-0.29,0.29,0.00,0.00,10.51,10.51,100,010,0,0,1929,1984,2005,1864,1970,1944,42.75,34.3,3384,52.875,84.60,1
2026-09-01T21:18:11.247,15.170,2,195,195,140,133,19.0,17.5,-0.10,-0.39,0.02,-0.02,-0.35,0.55,-0.10,-0.39,0.00,0.00,9.10,9.10,010,100,0,0,1927,1978,2009,1862,1972,1958,42.75,34.3,3385,52.891,84.62,1
2026-09-01T21:18:11.257,15.181,2,158,158,130,131,15.8,13.7,0.00,-0.29,0.36,0.04,0.20,0.38,0.00,-0.29,0.00,0.00,7.48,7.48,001,101,0,0,1925,1985,1999,1862,2024,1876,42.75,34.3,3380,52.812,84.50,1
2026-09-01T21:18:11.268,15.191,2,128,128,121,121,12.5,12.4,-1.04,0.02,-0.20,-0.04,0.56,-0.23,-1.04,0.02,0.00,0.00,6.06,6.06,100,011,0,0,1915,2011,2005,1861,1974,1934,42.75,34.3,3383,52.859,84.58,1
2026-09-01T21:18:11.278,15.201,2,103,103,113,104,9.5,9.5,-0.54,-1.12,-0.02,-0.26,-0.38,1.28,-0.54,-1.12,0.00,0.00,4.91,4.91,110,110,0,0,1925,1984,2016,1849,1900,2010,42.75,34.3,3384,52.875,84.60,1
2026-09-01T21:18:11.289,15.212,2,84,84,94,93,7.3,8.3,-0.31,-0.62,0.06,-0.08,1.19,0.34,-0.31,-0.62,0.00,0.00,3.97,3.97,011,100,0,0,1927,1905,1993,1861,1970,1950,42.75,34.3,3382,52.844,84.55,1
2026-09-01T21:18:11.299,15.222,2,68,68,82,82,6.1,6.7,-0.44,-0.48,0.28,0.02,0.77,-0.09,-0.44,-0.48,0.00,0.00,3.20,3.20,001,101,0,0,1921,1981,1955,1863,1972,1948,42.75,34.3,3382,52.844,84.55,1
2026-09-01T21:18:11.309,15.233,2,55,55,82,69,4.8,5.1,0.36,-0.81,-0.04,-0.16,0.68,0.22,0.36,-0.81,0.00,0.00,2.60,2.60,001,001,0,0,1927,2020,1972,1860,1993,1923,42.75,34.3,3374,52.719,84.35,1
2026-09-01T21:18:11.320,15.243,2,44,44,71,69,3.9,3.9,-0.20,-0.21,0.08,-0.04,0.26,0.16,-0.20,-0.21,0.00,0.00,2.09,2.09,101,001,0,0,1942,1990,1995,1865,1977,1919,42.75,34.3,3376,52.750,84.40,1
2026-09-01T21:18:11.330,15.253,2,36,36,58,57,3.6,3.6,-0.27,0.28,0.02,0.02,0.20,-0.20,-0.27,0.28,0.00,0.00,1.71,1.71,100,011,0,0,1927,1985,2003,1865,1972,1944,42.75,34.3,3382,52.844,84.55,1
2026-09-01T21:18:11.340,15.264,2,29,29,58,57,2.5,2.5,-0.17,0.15,0.10,0.02,0.40,-0.17,-0.17,0.15,0.00,0.00,1.36,1.36,100,011,0,0,1930,1985,2009,1864,1965,1944,42.78,34.3,3369,52.641,84.22,1
2026-09-01T21:18:11.351,15.274,2,23,23,45,45,2.3,2.4,-0.36,0.31,0.02,0.02,-0.07,0.13,-0.36,0.31,0.00,0.00,1.11,1.11,110,010,0,0,1928,1984,2004,1866,1972,1946,42.78,34.3,3382,52.844,84.55,1
2026-09-01T21:18:11.361,15.284,2,19,19,45,45,1.7,1.7,-0.22,0.32,0.08,0.00,-0.31,0.01,-0.22,0.32,0.00,0.00,0.89,0.89,110,010,0,0,1929,1985,2007,1863,1969,1944,42.78,34.3,3375,52.734,84.38,1
2026-09-01T21:18:11.371,15.295,2,15,15,45,45,1.4,1.4,-0.35,0.32,0.06,0.06,0.04,0.01,-0.35,0.32,0.00,0.00,0.72,0.72,110,010,0,0,1940,1985,1999,1868,1972,1952,42.78,34.3,3369,52.641,84.22,1
2026-09-01T21:18:11.382,15.305,2,12,12,45,45,1.1,1.1,-0.34,0.33,0.10,0.02,0.03,0.01,-0.34,0.33,0.00,0.00,0.59,0.59,110,010,0,0,1932,1983,2005,1866,1969,1945,42.78,34.3,3369,52.641,84.22,1
2026-09-01T21:18:11.392,15.315,2,10,10,45,45,0.9,0.9,-0.33,0.34,0.04,0.06,0.02,0.00,-0.33,0.34,0.00,0.00,0.46,0.46,110,010,0,0,1926,1983,2005,1864,1969,1945,42.78,34.3,3369,52.641,84.22,1
2026-09-01T21:18:11.402,15.326,2,8,8,45,25,0.7,0.8,-0.27,0.17,0.22,0.08,0.00,0.37,-0.27,0.17,0.00,0.00,0.38,0.38,110,110,0,0,1930,1980,2002,1864,1973,1946,42.78,34.3,3385,52.891,84.62,1
2026-09-01T21:18:11.413,15.336,2,6,6,45,25,0.6,0.7,-0.23,0.01,0.06,0.04,0.01,0.39,-0.23,0.01,0.00,0.00,0.29,0.29,110,110,0,0,1928,1980,2001,1866,1972,1945,42.78,34.3,3386,52.906,84.65,1
2026-09-01T21:18:11.423,15.347,2,5,5,45,25,0.5,0.5,-0.24,-0.15,0.02,0.04,0.01,0.36,-0.24,-0.15,0.00,0.00,0.25,0.25,110,110,0,0,1928,1979,2001,1864,1972,1946,42.78,34.3,3386,52.906,84.65,1
2026-09-01T21:18:11.433,15.357,2,4,4,45,-24,0.4,0.4,-0.34,0.27,0.00,0.02,0.00,0.23,-0.34,0.27,0.00,0.00,0.16,0.16,110,010,0,0,1926,1985,2006,1863,1969,1944,42.78,34.3,3375,52.734,84.38,1
2026-09-01T21:18:11.444,15.367,2,3,3,45,-24,0.3,0.3,-0.36,0.31,0.02,0.02,0.01,0.10,-0.36,0.31,0.00,0.00,0.12,0.12,110,010,0,0,1939,1986,1999,1867,1976,1948,42.78,34.3,3375,52.734,84.38,1
2026-09-01T21:18:11.454,15.378,2,2,2,45,-24,0.3,0.3,-0.33,0.17,0.04,0.06,0.02,0.27,-0.33,0.17,0.00,0.00,0.12,0.12,110,010,0,0,1928,1983,2005,1866,1969,1943,42.78,34.3,3369,52.641,84.22,1
2026-09-01T21:18:11.465,15.388,2,2,2,45,-24,0.2,0.2,-0.34,0.18,0.02,0.02,0.01,0.29,-0.34,0.18,0.00,0.00,0.08,0.08,110,010,0,0,1928,1983,2004,1866,1971,1945,42.78,34.3,3369,52.641,84.22,1
2026-09-01T21:18:11.475,15.398,2,0,0,0,-24,0.2,0.2,-0.33,0.19,0.24,0.06,0.00,0.31,-0.33,0.19,0.00,0.00,0.08,0.08,110,010,0,0,1929,1984,2005,1863,1972,1946,42.78,34.3,3339,52.172,83.47,1
2026-09-01T21:18:11.485,15.408,2,0,0,0,-24,0.0,0.0,-0.29,0.19,0.04,0.00,0.02,0.30,-0.29,0.19,0.00,0.00,0.00,0.00,110,010,0,0,1927,1981,2003,1865,1971,1944,42.78,34.3,3330,52.031,83.25,1
2026-09-01T21:18:11.495,15.419,2,0,0,0,-24,0.0,0.0,-0.28,0.19,0.00,0.00,0.02,0.31,-0.28,0.19,0.00,0.00,0.00,0.00,110,010,0,0,1925,1982,2003,1863,1972,1944,42.78,34.3,3331,52.047,83.28,1
