case,motor,kp,ki,kd,target,phase,t,erpm,iq,id,imotor,iin,duty,vq,vd,fault
left_kp0.0095_ki0.022_kd0_+300_r1,left,0.0095,0.022,0.0,300.0,run,9.358400711789727e-05,0.0,0.0,0.0,0.0,0.0,0.0,0.0,0.0,0
left_kp0.0095_ki0.022_kd0_+300_r1,left,0.0095,0.022,0.0,300.0,run,0.06628065498080105,0.0,0.02,-0.01,0.02,0.04,-0.004,-0.126,0.115,0
left_kp0.0095_ki0.022_kd0_+300_r1,left,0.0095,0.022,0.0,300.0,run,0.13254461099859327,0.0,0.06,-0.01,0.06,0.04,0.009,0.305,0.225,0
left_kp0.0095_ki0.022_kd0_+300_r1,left,0.0095,0.022,0.0,300.0,run,0.19909023202490062,0.0,0.09,0.0,0.09,0.04,0.029,1.221,0.209,0
left_kp0.0095_ki0.022_kd0_+300_r1,left,0.0095,0.022,0.0,300.0,run,0.2656102270120755,0.0,0.17,0.03,0.17,0.26,0.041,1.736,-0.104,0
left_kp0.0095_ki0.022_kd0_+300_r1,left,0.0095,0.022,0.0,300.0,run,0.3318330330075696,0.0,0.22,0.0,0.22,0.04,0.043,1.822,-0.201,0
left_kp0.0095_ki0.022_kd0_+300_r1,left,0.0095,0.022,0.0,300.0,run,0.39809554599924013,0.0,0.2,0.01,0.2,0.26,0.049,2.093,-0.257,0
left_kp0.0095_ki0.022_kd0_+300_r1,left,0.0095,0.022,0.0,300.0,run,0.4643954350030981,0.0,0.23,0.0,0.23,0.08,0.053,2.248,-0.174,0
left_kp0.0095_ki0.022_kd0_+300_r1,left,0.0095,0.022,0.0,300.0,run,0.5307255539810285,0.0,0.23,0.0,0.23,0.04,0.06,2.587,-0.182,0
left_kp0.0095_ki0.022_kd0_+300_r1,left,0.0095,0.022,0.0,300.0,run,0.5971191140124574,0.0,0.36,0.03,0.36,0.0,0.072,3.054,-0.418,0
left_kp0.0095_ki0.022_kd0_+300_r1,left,0.0095,0.022,0.0,300.0,run,0.6635612170211971,272.0,0.15,0.02,0.15,0.06,0.076,3.188,-0.67,0
left_kp0.0095_ki0.022_kd0_+300_r1,left,0.0095,0.022,0.0,300.0,run,0.7298152269795537,343.0,0.14,0.01,0.14,0.02,0.07,2.944,-0.501,0
left_kp0.0095_ki0.022_kd0_+300_r1,left,0.0095,0.022,0.0,300.0,run,0.7960305360029452,318.0,0.16,-0.05,0.17,0.04,0.069,2.885,-0.646,0
left_kp0.0095_ki0.022_kd0_+300_r1,left,0.0095,0.022,0.0,300.0,run,0.8623012760072015,278.0,0.18,0.03,0.18,0.28,0.065,2.756,-0.292,0
left_kp0.0095_ki0.022_kd0_+300_r1,left,0.0095,0.022,0.0,300.0,run,0.9286564500071108,269.0,0.18,0.01,0.18,0.08,0.062,2.63,-0.265,0
left_kp0.0095_ki0.022_kd0_+300_r1,left,0.0095,0.022,0.0,300.0,run,0.9949102670070715,234.0,0.15,0.01,0.15,0.04,0.063,2.662,-0.552,0
left_kp0.0095_ki0.022_kd0_+300_r1,left,0.0095,0.022,0.0,300.0,run,1.0611469299765304,228.0,0.2,-0.01,0.2,0.02,0.067,2.823,-0.437,0
left_kp0.0095_ki0.022_kd0_+300_r1,left,0.0095,0.022,0.0,300.0,run,1.1274985310155898,234.0,0.21,-0.05,0.22,0.08,0.069,2.938,-0.244,0
left_kp0.0095_ki0.022_kd0_+300_r1,left,0.0095,0.022,0.0,300.0,run,1.1938291750266217,265.0,0.23,0.01,0.23,0.04,0.068,2.914,-0.381,0
left_kp0.0095_ki0.022_kd0_+300_r1,left,0.0095,0.022,0.0,300.0,run,1.2601162880309857,282.0,0.16,0.06,0.18,0.06,0.071,2.939,-0.737,0
left_kp0.0095_ki0.022_kd0_+300_r1,left,0.0095,0.022,0.0,300.0,run,1.3263911479734816,293.0,0.16,0.02,0.16,0.08,0.071,2.992,-0.531,0
left_kp0.0095_ki0.022_kd0_+300_r1,left,0.0095,0.022,0.0,300.0,run,1.3927037420216948,304.0,0.21,-0.01,0.21,0.06,0.069,2.917,-0.391,0
left_kp0.0095_ki0.022_kd0_+300_r1,left,0.0095,0.022,0.0,300.0,run,1.4590165140107274,295.0,0.19,0.06,0.2,0.04,0.069,2.883,-0.702,0
left_kp0.0095_ki0.022_kd0_+300_r1,left,0.0095,0.022,0.0,300.0,run,1.5258132939925417,290.0,0.19,0.03,0.19,0.06,0.069,2.942,-0.45,0
left_kp0.0095_ki0.022_kd0_+300_r1,left,0.0095,0.022,0.0,300.0,run,1.5920752829988487,296.0,0.17,-0.04,0.18,0.02,0.069,2.912,-0.418,0
left_kp0.0095_ki0.022_kd0_+300_r1,left,0.0095,0.022,0.0,300.0,run,1.6584396280231886,286.0,0.23,0.02,0.23,0.0,0.069,2.904,-0.59,0
left_kp0.0095_ki0.022_kd0_+300_r1,left,0.0095,0.022,0.0,300.0,run,1.724811788997613,287.0,0.22,-0.03,0.22,0.1,0.07,2.963,-0.394,0
left_kp0.0095_ki0.022_kd0_+300_r1,left,0.0095,0.022,0.0,300.0,run,1.7911144139943644,291.0,0.2,0.03,0.2,0.04,0.068,2.896,-0.426,0
left_kp0.0095_ki0.022_kd0_+300_r1,left,0.0095,0.022,0.0,300.0,run,1.8575573610141873,289.0,0.19,0.02,-0.19,-0.12,0.071,2.984,-0.563,0
left_kp0.0095_ki0.022_kd0_+300_r1,left,0.0095,0.022,0.0,300.0,run,1.9238699519773945,290.0,0.2,-0.03,0.2,0.44,0.071,3.027,-0.439,0
left_kp0.0095_ki0.022_kd0_+300_r1,left,0.0095,0.022,0.0,300.0,run,1.990191994002089,298.0,0.17,0.0,0.17,0.06,0.069,2.947,-0.354,0
left_kp0.0095_ki0.022_kd0_+300_r1,left,0.0095,0.022,0.0,300.0,run,2.0565481850062497,290.0,0.18,0.0,0.18,0.04,0.07,2.966,-0.541,0
left_kp0.0095_ki0.022_kd0_+300_r1,left,0.0095,0.022,0.0,300.0,run,2.122952265024651,285.0,0.15,-0.1,0.18,0.04,0.07,2.987,-0.474,0
left_kp0.0095_ki0.022_kd0_+300_r1,left,0.0095,0.022,0.0,300.0,run,2.189299713005312,291.0,0.24,0.02,0.24,0.06,0.067,2.853,-0.351,0
left_kp0.0095_ki0.022_kd0_+300_r1,left,0.0095,0.022,0.0,300.0,run,2.255641873984132,286.0,0.17,-0.05,0.18,0.04,0.07,2.974,-0.552,0
left_kp0.0095_ki0.022_kd0_+300_r1,left,0.0095,0.022,0.0,300.0,run,2.322058253979776,279.0,0.2,0.06,0.21,0.04,0.069,2.866,-0.657,0
left_kp0.0095_ki0.022_kd0_+300_r1,left,0.0095,0.022,0.0,300.0,run,2.3883480399963446,291.0,0.23,-0.03,0.23,0.06,0.07,2.987,-0.37,0
left_kp0.0095_ki0.022_kd0_+300_r1,left,0.0095,0.022,0.0,300.0,run,2.4548375660087913,294.0,0.17,0.05,0.18,0.04,0.07,2.942,-0.632,0
left_kp0.0095_ki0.022_kd0_+300_r1,left,0.0095,0.022,0.0,300.0,run,2.5211324369884096,287.0,0.25,0.0,0.25,0.04,0.069,2.877,-0.619,0
left_kp0.0095_ki0.022_kd0_+300_r1,left,0.0095,0.022,0.0,300.0,run,2.5875248779775575,299.0,0.18,-0.01,0.18,0.06,0.071,3.022,-0.439,0
left_kp0.0095_ki0.022_kd0_+300_r1,left,0.0095,0.022,0.0,300.0,run,2.6538352540228516,292.0,0.24,0.03,0.24,0.32,0.068,2.877,-0.547,0
left_kp0.0095_ki0.022_kd0_+300_r1,left,0.0095,0.022,0.0,300.0,run,2.7201143560232595,289.0,0.23,0.0,0.23,0.02,0.07,2.931,-0.624,0
left_kp0.0095_ki0.022_kd0_+300_r1,left,0.0095,0.022,0.0,300.0,run,2.7863604520098306,304.0,0.22,0.0,0.22,0.06,0.07,2.984,-0.439,0
left_kp0.0095_ki0.022_kd0_+300_r1,left,0.0095,0.022,0.0,300.0,run,2.8528171610087156,297.0,0.22,0.01,0.22,0.08,0.069,2.936,-0.45,0
left_kp0.0095_ki0.022_kd0_+300_r1,left,0.0095,0.022,0.0,300.0,run,2.9190763509832323,294.0,0.24,-0.01,0.24,0.02,0.07,2.955,-0.622,0
left_kp0.0095_ki0.022_kd0_+300_r1,left,0.0095,0.022,0.0,300.0,run,2.9856882540043443,294.0,0.17,0.02,0.17,0.06,0.071,3.027,-0.453,0
left_kp0.0095_ki0.022_kd0_+300_r1,left,0.0095,0.022,0.0,0,stop,2.0199804566800594e-06,299.0,0.21,0.02,0.21,0.06,0.07,2.966,-0.496,0
left_kp0.0095_ki0.022_kd0_+300_r1,left,0.0095,0.022,0.0,0,stop,0.07649303402286023,289.0,0.21,0.01,0.21,0.08,0.065,2.7,-0.654,0
left_kp0.0095_ki0.022_kd0_+300_r1,left,0.0095,0.022,0.0,0,stop,0.14278186997398734,275.0,0.12,-0.01,0.12,0.26,0.057,2.419,-0.335,0
left_kp0.0095_ki0.022_kd0_+300_r1,left,0.0095,0.022,0.0,0,stop,0.20911385701037943,250.0,0.0,0.0,0.0,0.0,0.0,0.0,0.0,0
left_kp0.0095_ki0.022_kd0_+300_r1,left,0.0095,0.022,0.0,0,stop,0.27544168900931254,250.0,0.0,0.0,0.0,0.0,0.0,0.0,0.0,0
left_kp0.0095_ki0.022_kd0_+300_r1,left,0.0095,0.022,0.0,0,stop,0.3417997669894248,250.0,0.0,0.0,0.0,0.0,0.0,0.0,0.0,0
left_kp0.0095_ki0.022_kd0_+300_r1,left,0.0095,0.022,0.0,0,stop,0.40817498497199267,250.0,0.0,0.0,0.0,0.0,0.0,0.0,0.0,0
left_kp0.0095_ki0.022_kd0_+300_r1,left,0.0095,0.022,0.0,0,stop,0.47459117497783154,250.0,0.0,0.0,0.0,0.0,0.0,0.0,0.0,0
left_kp0.0095_ki0.022_kd0_+300_r1,left,0.0095,0.022,0.0,0,stop,0.540920059022028,250.0,0.0,0.0,0.0,0.0,0.0,0.0,0.0,0
left_kp0.0095_ki0.022_kd0_+300_r1,left,0.0095,0.022,0.0,0,stop,0.60728786297841,250.0,0.0,0.0,0.0,0.0,0.0,0.0,0.0,0
left_kp0.0095_ki0.022_kd0_+300_r1,left,0.0095,0.022,0.0,0,stop,0.6735708650085144,0.0,0.0,0.0,0.0,0.0,0.0,0.0,0.0,0
left_kp0.0095_ki0.022_kd0_+300_r1,left,0.0095,0.022,0.0,0,stop,0.7398739769705571,0.0,0.0,0.0,0.0,0.0,0.0,0.0,0.0,0
left_kp0.0095_ki0.022_kd0_-300_r1,left,0.0095,0.022,0.0,-300.0,run,0.00014169403584674,0.0,0.0,0.0,0.0,0.0,0.0,0.0,0.0,0
left_kp0.0095_ki0.022_kd0_-300_r1,left,0.0095,0.022,0.0,-300.0,run,0.06648452900117263,0.0,0.0,0.02,0.02,0.0,-0.006,-0.217,-0.126,0
left_kp0.0095_ki0.022_kd0_-300_r1,left,0.0095,0.022,0.0,-300.0,run,0.1327214820194058,0.0,-0.04,-0.01,0.04,0.06,-0.028,-1.201,-0.158,0
left_kp0.0095_ki0.022_kd0_-300_r1,left,0.0095,0.022,0.0,-300.0,run,0.19893470802344382,0.0,-0.15,0.01,0.15,0.04,-0.041,-1.751,-0.024,0
left_kp0.0095_ki0.022_kd0_-300_r1,left,0.0095,0.022,0.0,-300.0,run,0.26530814601574093,0.0,-0.21,0.0,0.21,0.42,-0.04,-1.713,0.018,0
left_kp0.0095_ki0.022_kd0_-300_r1,left,0.0095,0.022,0.0,-300.0,run,0.3316064340178855,0.0,-0.2,-0.01,0.2,0.06,-0.041,-1.751,0.08,0
left_kp0.0095_ki0.022_kd0_-300_r1,left,0.0095,0.022,0.0,-300.0,run,0.3979078860138543,0.0,-0.23,0.0,0.23,0.1,-0.043,-1.839,0.128,0
left_kp0.0095_ki0.022_kd0_-300_r1,left,0.0095,0.022,0.0,-300.0,run,0.464310800016392,0.0,-0.25,0.0,0.25,0.08,-0.046,-1.981,0.174,0
left_kp0.0095_ki0.022_kd0_-300_r1,left,0.0095,0.022,0.0,-300.0,run,0.5306904370081611,0.0,-0.27,0.0,0.27,0.12,-0.048,-2.062,0.19,0
left_kp0.0095_ki0.022_kd0_-300_r1,left,0.0095,0.022,0.0,-300.0,run,0.5969859560136683,0.0,-0.3,0.02,0.3,0.02,-0.054,-2.314,0.053,0
left_kp0.0095_ki0.022_kd0_-300_r1,left,0.0095,0.022,0.0,-300.0,run,0.6633262610412203,0.0,-0.23,0.1,0.25,0.04,-0.068,-2.909,-0.257,0
left_kp0.0095_ki0.022_kd0_-300_r1,left,0.0095,0.022,0.0,-300.0,run,0.7295843070023693,-76.0,-0.26,-0.07,0.27,0.06,-0.087,-3.714,-0.461,0
left_kp0.0095_ki0.022_kd0_-300_r1,left,0.0095,0.022,0.0,-300.0,run,0.796149708039593,-382.0,-0.13,-0.03,0.13,0.02,-0.082,-3.322,-1.155,0
left_kp0.0095_ki0.022_kd0_-300_r1,left,0.0095,0.022,0.0,-300.0,run,0.8625039220205508,-413.0,-0.12,-0.04,0.13,0.06,-0.077,-3.255,-0.675,0
left_kp0.0095_ki0.022_kd0_-300_r1,left,0.0095,0.022,0.0,-300.0,run,0.9287284320453182,-361.0,-0.13,0.04,0.13,0.02,-0.071,-2.925,-0.799,0
left_kp0.0095_ki0.022_kd0_-300_r1,left,0.0095,0.022,0.0,-300.0,run,0.9950250680558383,-316.0,-0.14,-0.05,0.15,0.3,-0.069,-2.896,-0.552,0
left_kp0.0095_ki0.022_kd0_-300_r1,left,0.0095,0.022,0.0,-300.0,run,1.06130668905098,-290.0,-0.15,-0.01,0.15,0.02,-0.069,-2.915,-0.474,0
left_kp0.0095_ki0.022_kd0_-300_r1,left,0.0095,0.022,0.0,-300.0,run,1.1274665240198374,-274.0,-0.24,0.04,0.24,0.06,-0.068,-2.88,-0.493,0
left_kp0.0095_ki0.022_kd0_-300_r1,left,0.0095,0.022,0.0,-300.0,run,1.1938795240130275,-270.0,-0.2,0.0,0.2,0.02,-0.066,-2.775,-0.536,0
left_kp0.0095_ki0.022_kd0_-300_r1,left,0.0095,0.022,0.0,-300.0,run,1.2602168620214798,-269.0,-0.23,0.0,0.23,0.02,-0.069,-2.915,-0.407,0
left_kp0.0095_ki0.022_kd0_-300_r1,left,0.0095,0.022,0.0,-300.0,run,1.3265011240146123,-279.0,-0.16,-0.03,0.16,0.02,-0.073,-3.068,-0.581,0
left_kp0.0095_ki0.022_kd0_-300_r1,left,0.0095,0.022,0.0,-300.0,run,1.3929053410538472,-298.0,-0.17,-0.08,0.19,0.02,-0.069,-2.88,-0.694,0
left_kp0.0095_ki0.022_kd0_-300_r1,left,0.0095,0.022,0.0,-300.0,run,1.459334124054294,-300.0,-0.22,-0.02,0.22,0.06,-0.071,-2.99,-0.463,0
left_kp0.0095_ki0.022_kd0_-300_r1,left,0.0095,0.022,0.0,-300.0,run,1.5255695439991541,-300.0,-0.16,-0.03,0.16,0.02,-0.074,-3.086,-0.657,0
left_kp0.0095_ki0.022_kd0_-300_r1,left,0.0095,0.022,0.0,-300.0,run,1.591922941035591,-311.0,-0.19,-0.05,0.19,0.1,-0.069,-2.899,-0.657,0
left_kp0.0095_ki0.022_kd0_-300_r1,left,0.0095,0.022,0.0,-300.0,run,1.658307756006252,-310.0,-0.15,0.0,0.15,0.04,-0.071,-3.019,-0.506,0
left_kp0.0095_ki0.022_kd0_-300_r1,left,0.0095,0.022,0.0,-300.0,run,1.724545572011266,-302.0,-0.18,-0.04,0.18,0.08,-0.072,-3.046,-0.595,0
left_kp0.0095_ki0.022_kd0_-300_r1,left,0.0095,0.022,0.0,-300.0,run,1.7909094860078767,-306.0,-0.19,-0.03,0.2,0.02,-0.068,-2.853,-0.63,0
left_kp0.0095_ki0.022_kd0_-300_r1,left,0.0095,0.022,0.0,-300.0,run,1.8573457660386339,-301.0,-0.17,-0.01,0.17,0.02,-0.071,-2.998,-0.469,0
left_kp0.0095_ki0.022_kd0_-300_r1,left,0.0095,0.022,0.0,-300.0,run,1.92367865704,-294.0,-0.17,-0.03,0.18,0.04,-0.071,-3.001,-0.568,0
left_kp0.0095_ki0.022_kd0_-300_r1,left,0.0095,0.022,0.0,-300.0,run,1.9901222140179016,-297.0,-0.18,-0.05,0.19,0.44,-0.068,-2.842,-0.643,0
left_kp0.0095_ki0.022_kd0_-300_r1,left,0.0095,0.022,0.0,-300.0,run,2.0565418410114944,-294.0,-0.21,-0.01,0.21,0.06,-0.069,-2.933,-0.447,0
left_kp0.0095_ki0.022_kd0_-300_r1,left,0.0095,0.022,0.0,-300.0,run,2.1227743240306154,-288.0,-0.16,-0.03,0.16,0.02,-0.071,-2.99,-0.608,0
left_kp0.0095_ki0.022_kd0_-300_r1,left,0.0095,0.022,0.0,-300.0,run,2.1891564200050198,-293.0,-0.15,-0.01,0.15,0.46,-0.068,-2.834,-0.691,0
left_kp0.0095_ki0.022_kd0_-300_r1,left,0.0095,0.022,0.0,-300.0,run,2.255446152004879,-290.0,-0.23,-0.07,0.24,0.06,-0.07,-2.976,-0.469,0
left_kp0.0095_ki0.022_kd0_-300_r1,left,0.0095,0.022,0.0,-300.0,run,2.321659223001916,-284.0,-0.16,0.09,0.19,0.02,-0.07,-2.928,-0.635,0
left_kp0.0095_ki0.022_kd0_-300_r1,left,0.0095,0.022,0.0,-300.0,run,2.3879271350451745,-293.0,-0.22,0.05,0.23,0.06,-0.066,-2.759,-0.686,0
left_kp0.0095_ki0.022_kd0_-300_r1,left,0.0095,0.022,0.0,-300.0,run,2.4542334800353274,-288.0,-0.19,0.04,0.19,0.02,-0.071,-2.992,-0.571,0
left_kp0.0095_ki0.022_kd0_-300_r1,left,0.0095,0.022,0.0,-300.0,run,2.52046272699954,-282.0,-0.23,0.0,0.23,0.34,-0.07,-2.944,-0.474,0
left_kp0.0095_ki0.022_kd0_-300_r1,left,0.0095,0.022,0.0,-300.0,run,2.586653501028195,-293.0,-0.25,0.0,0.25,0.06,-0.068,-2.832,-0.643,0
left_kp0.0095_ki0.022_kd0_-300_r1,left,0.0095,0.022,0.0,-300.0,run,2.6529309460311197,-288.0,-0.14,-0.01,0.14,0.04,-0.071,-3.017,-0.504,0
left_kp0.0095_ki0.022_kd0_-300_r1,left,0.0095,0.022,0.0,-300.0,run,2.7194353450322524,-287.0,-0.19,0.04,-0.2,-0.02,-0.071,-2.995,-0.48,0
left_kp0.0095_ki0.022_kd0_-300_r1,left,0.0095,0.022,0.0,-300.0,run,2.7856578750070184,-294.0,-0.21,-0.02,0.21,0.02,-0.07,-2.909,-0.71,0
left_kp0.0095_ki0.022_kd0_-300_r1,left,0.0095,0.022,0.0,-300.0,run,2.852010209055152,-294.0,-0.18,0.0,0.18,0.06,-0.07,-2.968,-0.533,0
left_kp0.0095_ki0.022_kd0_-300_r1,left,0.0095,0.022,0.0,-300.0,run,2.918348753009923,-293.0,-0.22,0.0,0.22,0.02,-0.071,-3.009,-0.461,0
left_kp0.0095_ki0.022_kd0_-300_r1,left,0.0095,0.022,0.0,-300.0,run,2.9847194910398684,-297.0,-0.19,-0.02,0.19,0.06,-0.071,-2.958,-0.697,0
left_kp0.0095_ki0.022_kd0_-300_r1,left,0.0095,0.022,0.0,0,stop,1.2629898265004158e-06,-296.0,-0.18,-0.01,0.18,0.06,-0.069,-2.939,-0.496,0
left_kp0.0095_ki0.022_kd0_-300_r1,left,0.0095,0.022,0.0,0,stop,0.07642125902930275,-290.0,-0.18,0.02,0.18,0.06,-0.067,-2.829,-0.402,0
left_kp0.0095_ki0.022_kd0_-300_r1,left,0.0095,0.022,0.0,0,stop,0.14271268900483847,-279.0,-0.14,-0.02,0.14,0.06,-0.054,-2.311,-0.34,0
left_kp0.0095_ki0.022_kd0_-300_r1,left,0.0095,0.022,0.0,0,stop,0.20902461401419714,-279.0,0.0,0.0,0.0,0.0,0.0,0.0,0.0,0
left_kp0.0095_ki0.022_kd0_-300_r1,left,0.0095,0.022,0.0,0,stop,0.2753443759866059,-279.0,0.0,0.0,0.0,0.0,0.0,0.0,0.0,0
left_kp0.0095_ki0.022_kd0_-300_r1,left,0.0095,0.022,0.0,0,stop,0.3416494840057567,-279.0,0.0,0.0,0.0,0.0,0.0,0.0,0.0,0
left_kp0.0095_ki0.022_kd0_-300_r1,left,0.0095,0.022,0.0,0,stop,0.40793837601086125,-279.0,0.0,0.0,0.0,0.0,0.0,0.0,0.0,0
left_kp0.0095_ki0.022_kd0_-300_r1,left,0.0095,0.022,0.0,0,stop,0.47423133201664314,-279.0,0.0,0.0,0.0,0.0,0.0,0.0,0.0,0
left_kp0.0095_ki0.022_kd0_-300_r1,left,0.0095,0.022,0.0,0,stop,0.5405409029917791,-279.0,0.0,0.0,0.0,0.0,0.0,0.0,0.0,0
left_kp0.0095_ki0.022_kd0_-300_r1,left,0.0095,0.022,0.0,0,stop,0.6068986739846878,-279.0,0.0,0.0,0.0,0.0,0.0,0.0,0.0,0
left_kp0.0095_ki0.022_kd0_-300_r1,left,0.0095,0.022,0.0,0,stop,0.673267342033796,0.0,0.0,0.0,0.0,0.0,0.0,0.0,0.0,0
left_kp0.0095_ki0.022_kd0_-300_r1,left,0.0095,0.022,0.0,0,stop,0.739662139036227,0.0,0.0,0.0,0.0,0.0,0.0,0.0,0.0,0
left_kp0.0095_ki0.022_kd0_+300_r2,left,0.0095,0.022,0.0,300.0,run,0.00013549102004617453,0.0,0.0,0.0,0.0,0.0,0.0,0.0,0.0,0
left_kp0.0095_ki0.022_kd0_+300_r2,left,0.0095,0.022,0.0,300.0,run,0.06644961697747931,0.0,0.01,0.0,0.01,0.02,-0.001,-0.045,-0.024,0
left_kp0.0095_ki0.022_kd0_+300_r2,left,0.0095,0.022,0.0,300.0,run,0.13297969801351428,0.0,0.02,0.01,0.02,0.1,0.018,0.775,-0.12,0
left_kp0.0095_ki0.022_kd0_+300_r2,left,0.0095,0.022,0.0,300.0,run,0.19921808800427243,0.0,0.13,0.0,0.13,0.02,0.039,1.66,-0.281,0
left_kp0.0095_ki0.022_kd0_+300_r2,left,0.0095,0.022,0.0,300.0,run,0.26597525196848437,0.0,0.15,0.01,0.15,0.06,0.047,2.003,-0.303,0
left_kp0.0095_ki0.022_kd0_+300_r2,left,0.0095,0.022,0.0,300.0,run,0.3323798649944365,0.0,0.2,-0.01,0.2,0.08,0.052,2.204,-0.158,0
left_kp0.0095_ki0.022_kd0_+300_r2,left,0.0095,0.022,0.0,300.0,run,0.3988007680163719,0.0,0.18,-0.09,0.21,0.02,0.057,2.445,-0.187,0
left_kp0.0095_ki0.022_kd0_+300_r2,left,0.0095,0.022,0.0,300.0,run,0.4653504429734312,0.0,0.23,-0.08,0.25,0.26,0.066,2.826,-0.115,0
left_kp0.0095_ki0.022_kd0_+300_r2,left,0.0095,0.022,0.0,300.0,run,0.5316721739945933,171.0,0.26,0.0,0.26,0.1,0.066,2.797,-0.308,0
left_kp0.0095_ki0.022_kd0_+300_r2,left,0.0095,0.022,0.0,300.0,run,0.5980478179990314,229.0,0.17,0.03,0.17,0.02,0.066,2.818,-0.38,0
left_kp0.0095_ki0.022_kd0_+300_r2,left,0.0095,0.022,0.0,300.0,run,0.6643826100043952,260.0,0.16,0.0,0.16,0.04,0.062,2.655,-0.292,0
left_kp0.0095_ki0.022_kd0_+300_r2,left,0.0095,0.022,0.0,300.0,run,0.7307031250093132,241.0,0.21,0.02,0.21,0.06,0.062,2.647,-0.262,0
left_kp0.0095_ki0.022_kd0_+300_r2,left,0.0095,0.022,0.0,300.0,run,0.7969816129771061,223.0,0.15,-0.03,0.15,0.04,0.058,2.478,-0.254,0
left_kp0.0095_ki0.022_kd0_+300_r2,left,0.0095,0.022,0.0,300.0,run,0.8633433139766566,211.0,0.18,0.01,-0.18,-0.02,0.059,2.542,-0.107,0
left_kp0.0095_ki0.022_kd0_+300_r2,left,0.0095,0.022,0.0,300.0,run,0.9294340299675241,205.0,0.23,0.03,0.23,0.06,0.061,2.612,-0.286,0
left_kp0.0095_ki0.022_kd0_+300_r2,left,0.0095,0.022,0.0,300.0,run,0.9957165559753776,200.0,0.18,-0.06,0.19,0.06,0.067,2.856,-0.321,0
left_kp0.0095_ki0.022_kd0_+300_r2,left,0.0095,0.022,0.0,300.0,run,1.0620474030147307,228.0,0.21,0.02,0.21,0.14,0.064,2.719,-0.413,0
left_kp0.0095_ki0.022_kd0_+300_r2,left,0.0095,0.022,0.0,300.0,run,1.1288823030190542,248.0,0.21,0.05,0.21,0.04,0.069,2.933,-0.429,0
left_kp0.0095_ki0.022_kd0_+300_r2,left,0.0095,0.022,0.0,300.0,run,1.1951384489657357,269.0,0.23,0.02,0.23,0.02,0.071,3.003,-0.38,0
left_kp0.0095_ki0.022_kd0_+300_r2,left,0.0095,0.022,0.0,300.0,run,1.261433470994234,288.0,0.24,0.0,0.24,0.02,0.07,2.936,-0.547,0
left_kp0.0095_ki0.022_kd0_+300_r2,left,0.0095,0.022,0.0,300.0,run,1.3277398999780416,299.0,0.19,0.0,0.19,0.02,0.069,2.909,-0.421,0
left_kp0.0095_ki0.022_kd0_+300_r2,left,0.0095,0.022,0.0,300.0,run,1.394032588985283,296.0,0.2,0.02,0.2,0.02,0.069,2.947,-0.367,0
left_kp0.0095_ki0.022_kd0_+300_r2,left,0.0095,0.022,0.0,300.0,run,1.4602873139665462,288.0,0.19,-0.05,0.2,0.34,0.069,2.939,-0.501,0
left_kp0.0095_ki0.022_kd0_+300_r2,left,0.0095,0.022,0.0,300.0,run,1.5265514599741437,286.0,0.22,-0.03,0.22,0.04,0.068,2.883,-0.399,0
left_kp0.0095_ki0.022_kd0_+300_r2,left,0.0095,0.022,0.0,300.0,run,1.5928245789837092,281.0,0.21,-0.01,0.21,0.08,0.069,2.92,-0.364,0
left_kp0.0095_ki0.022_kd0_+300_r2,left,0.0095,0.022,0.0,300.0,run,1.659170177008491,282.0,0.2,0.07,0.21,0.04,0.069,2.896,-0.547,0
left_kp0.0095_ki0.022_kd0_+300_r2,left,0.0095,0.022,0.0,300.0,run,1.7257595239789225,289.0,0.16,0.03,0.17,0.06,0.068,2.888,-0.431,0
left_kp0.0095_ki0.022_kd0_+300_r2,left,0.0095,0.022,0.0,300.0,run,1.7923459869925864,285.0,0.17,-0.01,0.17,0.06,0.069,2.939,-0.445,0
left_kp0.0095_ki0.022_kd0_+300_r2,left,0.0095,0.022,0.0,300.0,run,1.8586494560004212,282.0,0.26,0.07,0.27,0.04,0.07,2.971,-0.415,0
left_kp0.0095_ki0.022_kd0_+300_r2,left,0.0095,0.022,0.0,300.0,run,1.924984487995971,289.0,0.2,-0.04,0.2,0.04,0.068,2.893,-0.364,0
left_kp0.0095_ki0.022_kd0_+300_r2,left,0.0095,0.022,0.0,300.0,run,1.9913138789706863,289.0,0.2,0.01,0.2,0.08,0.07,2.976,-0.415,0
left_kp0.0095_ki0.022_kd0_+300_r2,left,0.0095,0.022,0.0,300.0,run,2.0576509300153702,282.0,0.21,-0.01,-0.21,-0.02,0.072,3.081,-0.327,0
left_kp0.0095_ki0.022_kd0_+300_r2,left,0.0095,0.022,0.0,300.0,run,2.123970858985558,295.0,0.2,-0.02,0.2,0.0,0.069,2.919,-0.407,0
left_kp0.0095_ki0.022_kd0_+300_r2,left,0.0095,0.022,0.0,300.0,run,2.190299079986289,294.0,0.16,-0.02,0.16,0.06,0.069,2.943,-0.394,0
left_kp0.0095_ki0.022_kd0_+300_r2,left,0.0095,0.022,0.0,300.0,run,2.2566558470134623,283.0,0.18,-0.04,0.18,0.06,0.072,3.085,-0.375,0
left_kp0.0095_ki0.022_kd0_+300_r2,left,0.0095,0.022,0.0,300.0,run,2.3230904809897766,285.0,0.15,-0.02,0.15,0.0,0.068,2.87,-0.498,0
left_kp0.0095_ki0.022_kd0_+300_r2,left,0.0095,0.022,0.0,300.0,run,2.3895892719738185,286.0,0.25,-0.04,0.25,0.06,0.069,2.924,-0.423,0
left_kp0.0095_ki0.022_kd0_+300_r2,left,0.0095,0.022,0.0,300.0,run,2.4560515849734657,284.0,0.12,0.05,0.14,0.4,0.072,3.05,-0.544,0
left_kp0.0095_ki0.022_kd0_+300_r2,left,0.0095,0.022,0.0,300.0,run,2.5223798300139606,293.0,0.2,0.03,0.21,0.04,0.068,2.857,-0.552,0
left_kp0.0095_ki0.022_kd0_+300_r2,left,0.0095,0.022,0.0,300.0,run,2.5886703690048307,300.0,0.22,-0.04,0.22,0.06,0.07,2.964,-0.453,0
left_kp0.0095_ki0.022_kd0_+300_r2,left,0.0095,0.022,0.0,300.0,run,2.654979316983372,289.0,0.22,0.06,0.23,0.04,0.07,2.964,-0.479,0
left_kp0.0095_ki0.022_kd0_+300_r2,left,0.0095,0.022,0.0,300.0,run,2.7212670919834636,291.0,0.25,0.0,0.25,0.04,0.067,2.844,-0.503,0
left_kp0.0095_ki0.022_kd0_+300_r2,left,0.0095,0.022,0.0,300.0,run,2.78749900899129,300.0,0.17,0.04,0.17,0.08,0.071,2.986,-0.565,0
left_kp0.0095_ki0.022_kd0_+300_r2,left,0.0095,0.022,0.0,300.0,run,2.854449089965783,287.0,0.25,0.04,0.25,0.02,0.07,2.978,-0.426,0
left_kp0.0095_ki0.022_kd0_+300_r2,left,0.0095,0.022,0.0,300.0,run,2.9207860269816592,292.0,0.28,0.0,0.28,0.04,0.069,2.897,-0.533,0
left_kp0.0095_ki0.022_kd0_+300_r2,left,0.0095,0.022,0.0,300.0,run,2.9873770539998077,304.0,0.21,0.04,0.22,0.04,0.071,2.986,-0.565,0
left_kp0.0095_ki0.022_kd0_+300_r2,left,0.0095,0.022,0.0,0,stop,2.002983819693327e-06,295.0,0.23,0.05,0.24,0.06,0.071,3.004,-0.493,0
left_kp0.0095_ki0.022_kd0_+300_r2,left,0.0095,0.022,0.0,0,stop,0.07647243700921535,301.0,0.14,0.01,-0.14,-0.02,0.064,2.675,-0.584,0
left_kp0.0095_ki0.022_kd0_+300_r2,left,0.0095,0.022,0.0,0,stop,0.1428661270183511,284.0,0.12,0.0,0.12,0.04,0.055,2.345,-0.372,0
left_kp0.0095_ki0.022_kd0_+300_r2,left,0.0095,0.022,0.0,0,stop,0.20924652100075036,251.0,0.0,0.0,0.0,0.0,0.0,0.0,0.0,0
left_kp0.0095_ki0.022_kd0_+300_r2,left,0.0095,0.022,0.0,0,stop,0.27561389497714117,251.0,0.0,0.0,0.0,0.0,0.0,0.0,0.0,0
left_kp0.0095_ki0.022_kd0_+300_r2,left,0.0095,0.022,0.0,0,stop,0.34192810399690643,251.0,0.0,0.0,0.0,0.0,0.0,0.0,0.0,0
left_kp0.0095_ki0.022_kd0_+300_r2,left,0.0095,0.022,0.0,0,stop,0.40831128001445904,251.0,0.0,0.0,0.0,0.0,0.0,0.0,0.0,0
left_kp0.0095_ki0.022_kd0_+300_r2,left,0.0095,0.022,0.0,0,stop,0.47468823101371527,251.0,0.0,0.0,0.0,0.0,0.0,0.0,0.0,0
left_kp0.0095_ki0.022_kd0_+300_r2,left,0.0095,0.022,0.0,0,stop,0.5410039220005274,251.0,0.0,0.0,0.0,0.0,0.0,0.0,0.0,0
left_kp0.0095_ki0.022_kd0_+300_r2,left,0.0095,0.022,0.0,0,stop,0.6073865669895895,251.0,0.0,0.0,0.0,0.0,0.0,0.0,0.0,0
left_kp0.0095_ki0.022_kd0_+300_r2,left,0.0095,0.022,0.0,0,stop,0.6737515080021694,0.0,0.0,0.0,0.0,0.0,0.0,0.0,0.0,0
left_kp0.0095_ki0.022_kd0_+300_r2,left,0.0095,0.022,0.0,0,stop,0.7401309440028854,0.0,0.0,0.0,0.0,0.0,0.0,0.0,0.0,0
left_kp0.0095_ki0.022_kd0_-300_r2,left,0.0095,0.022,0.0,-300.0,run,0.00013927801046520472,0.0,0.0,0.0,0.0,0.0,0.0,0.0,0.0,0
left_kp0.0095_ki0.022_kd0_-300_r2,left,0.0095,0.022,0.0,-300.0,run,0.0664373739855364,0.0,-0.02,0.0,-0.02,-0.02,-0.005,-0.206,-0.112,0
left_kp0.0095_ki0.022_kd0_-300_r2,left,0.0095,0.022,0.0,-300.0,run,0.13274247903609648,0.0,-0.04,0.0,0.04,0.0,-0.026,-1.077,-0.243,0
left_kp0.0095_ki0.022_kd0_-300_r2,left,0.0095,0.022,0.0,-300.0,run,0.19900362798944116,0.0,-0.15,-0.01,0.15,0.04,-0.041,-1.763,-0.056,0
left_kp0.0095_ki0.022_kd0_-300_r2,left,0.0095,0.022,0.0,-300.0,run,0.26533235900569707,0.0,-0.2,0.0,0.2,0.1,-0.041,-1.75,0.018,0
left_kp0.0095_ki0.022_kd0_-300_r2,left,0.0095,0.022,0.0,-300.0,run,0.3315933980047703,0.0,-0.18,-0.03,0.19,0.02,-0.041,-1.755,0.101,0
left_kp0.0095_ki0.022_kd0_-300_r2,left,0.0095,0.022,0.0,-300.0,run,0.3978376550367102,0.0,-0.22,-0.02,0.22,0.1,-0.043,-1.844,0.16,0
left_kp0.0095_ki0.022_kd0_-300_r2,left,0.0095,0.022,0.0,-300.0,run,0.4641624620417133,0.0,-0.24,0.0,0.24,0.1,-0.046,-1.954,0.176,0
left_kp0.0095_ki0.022_kd0_-300_r2,left,0.0095,0.022,0.0,-300.0,run,0.5304718579864129,0.0,-0.24,-0.06,0.25,0.1,-0.049,-2.066,0.241,0
left_kp0.0095_ki0.022_kd0_-300_r2,left,0.0095,0.022,0.0,-300.0,run,0.596753036021255,0.0,-0.3,0.02,0.3,0.04,-0.054,-2.305,0.064,0
left_kp0.0095_ki0.022_kd0_-300_r2,left,0.0095,0.022,0.0,-300.0,run,0.6629838760127313,0.0,-0.3,0.07,0.31,0.32,-0.066,-2.825,-0.19,0
left_kp0.0095_ki0.022_kd0_-300_r2,left,0.0095,0.022,0.0,-300.0,run,0.7293598480173387,-77.0,-0.21,0.0,0.21,0.04,-0.087,-3.691,-0.506,0
left_kp0.0095_ki0.022_kd0_-300_r2,left,0.0095,0.022,0.0,-300.0,run,0.7955861699883826,-387.0,-0.15,0.04,0.16,0.26,-0.081,-3.273,-1.174,0
left_kp0.0095_ki0.022_kd0_-300_r2,left,0.0095,0.022,0.0,-300.0,run,0.8618507490027696,-416.0,-0.18,0.03,0.19,0.02,-0.077,-3.248,-0.694,0
left_kp0.0095_ki0.022_kd0_-300_r2,left,0.0095,0.022,0.0,-300.0,run,0.9282725090160966,-365.0,-0.18,0.05,0.18,0.04,-0.069,-2.868,-0.763,0
left_kp0.0095_ki0.022_kd0_-300_r2,left,0.0095,0.022,0.0,-300.0,run,0.9946001200005412,-316.0,-0.12,-0.01,0.12,0.06,-0.068,-2.865,-0.621,0
left_kp0.0095_ki0.022_kd0_-300_r2,left,0.0095,0.022,0.0,-300.0,run,1.0608586960006505,-286.0,-0.2,0.04,0.21,0.02,-0.067,-2.854,-0.474,0
left_kp0.0095_ki0.022_kd0_-300_r2,left,0.0095,0.022,0.0,-300.0,run,1.1276183300069533,-272.0,-0.23,0.01,0.23,0.02,-0.068,-2.895,-0.455,0
left_kp0.0095_ki0.022_kd0_-300_r2,left,0.0095,0.022,0.0,-300.0,run,1.194044420029968,-270.0,-0.22,-0.07,0.23,0.1,-0.066,-2.777,-0.538,0
left_kp0.0095_ki0.022_kd0_-300_r2,left,0.0095,0.022,0.0,-300.0,run,1.2605560210067779,-269.0,-0.24,-0.06,0.25,0.02,-0.069,-2.946,-0.377,0
left_kp0.0095_ki0.022_kd0_-300_r2,left,0.0095,0.022,0.0,-300.0,run,1.3267964720143937,-281.0,-0.15,-0.03,0.15,0.04,-0.072,-3.037,-0.619,0
left_kp0.0095_ki0.022_kd0_-300_r2,left,0.0095,0.022,0.0,-300.0,run,1.3930726730031893,-300.0,-0.15,-0.02,0.15,0.06,-0.07,-2.9,-0.766,0
left_kp0.0095_ki0.022_kd0_-300_r2,left,0.0095,0.022,0.0,-300.0,run,1.4592789059970528,-301.0,-0.23,-0.05,0.24,0.02,-0.071,-3.018,-0.41,0
left_kp0.0095_ki0.022_kd0_-300_r2,left,0.0095,0.022,0.0,-300.0,run,1.5254121799953282,-301.0,-0.15,-0.03,0.16,0.06,-0.073,-3.045,-0.68,0
left_kp0.0095_ki0.022_kd0_-300_r2,left,0.0095,0.022,0.0,-300.0,run,1.5917037230101414,-311.0,-0.18,-0.06,0.19,0.02,-0.07,-2.905,-0.721,0
left_kp0.0095_ki0.022_kd0_-300_r2,left,0.0095,0.022,0.0,-300.0,run,1.6578275299980305,-310.0,-0.2,-0.01,0.2,0.08,-0.071,-2.999,-0.466,0
left_kp0.0095_ki0.022_kd0_-300_r2,left,0.0095,0.022,0.0,-300.0,run,1.7240664130076766,-304.0,-0.18,-0.03,0.18,0.02,-0.072,-3.015,-0.643,0
left_kp0.0095_ki0.022_kd0_-300_r2,left,0.0095,0.022,0.0,-300.0,run,1.7903828319977038,-308.0,-0.21,-0.08,0.22,0.04,-0.068,-2.86,-0.597,0
left_kp0.0095_ki0.022_kd0_-300_r2,left,0.0095,0.022,0.0,-300.0,run,1.8568462510011159,-301.0,-0.2,-0.01,0.2,0.02,-0.07,-2.962,-0.399,0
left_kp0.0095_ki0.022_kd0_-300_r2,left,0.0095,0.022,0.0,-300.0,run,1.9231169740087353,-291.0,-0.17,-0.05,0.18,0.02,-0.07,-2.967,-0.573,0
left_kp0.0095_ki0.022_kd0_-300_r2,left,0.0095,0.022,0.0,-300.0,run,1.9894859319902025,-293.0,-0.17,-0.05,0.17,0.02,-0.068,-2.841,-0.731,0
left_kp0.0095_ki0.022_kd0_-300_r2,left,0.0095,0.022,0.0,-300.0,run,2.0558044720091857,-290.0,-0.22,-0.07,0.23,0.06,-0.07,-2.988,-0.444,0
left_kp0.0095_ki0.022_kd0_-300_r2,left,0.0095,0.022,0.0,-300.0,run,2.1221892930334434,-287.0,-0.16,0.01,0.16,0.06,-0.07,-2.94,-0.654,0
left_kp0.0095_ki0.022_kd0_-300_r2,left,0.0095,0.022,0.0,-300.0,run,2.1885679730330594,-295.0,-0.14,0.06,0.16,0.18,-0.068,-2.801,-0.755,0
left_kp0.0095_ki0.022_kd0_-300_r2,left,0.0095,0.022,0.0,-300.0,run,2.254904505040031,-292.0,-0.21,-0.05,0.21,0.06,-0.071,-3.015,-0.533,0
left_kp0.0095_ki0.022_kd0_-300_r2,left,0.0095,0.022,0.0,-300.0,run,2.3212113400222734,-288.0,-0.22,0.06,0.23,0.02,-0.069,-2.9,-0.57,0
left_kp0.0095_ki0.022_kd0_-300_r2,left,0.0095,0.022,0.0,-300.0,run,2.3875837700325064,-298.0,-0.19,0.04,0.2,0.02,-0.067,-2.803,-0.691,0
left_kp0.0095_ki0.022_kd0_-300_r2,left,0.0095,0.022,0.0,-300.0,run,2.453948008012958,-293.0,-0.2,0.02,0.2,0.02,-0.071,-3.007,-0.595,0
left_kp0.0095_ki0.022_kd0_-300_r2,left,0.0095,0.022,0.0,-300.0,run,2.520285439037252,-288.0,-0.23,0.02,0.23,0.02,-0.069,-2.935,-0.501,0
left_kp0.0095_ki0.022_kd0_-300_r2,left,0.0095,0.022,0.0,-300.0,run,2.5866415899945423,-296.0,-0.26,-0.01,0.26,0.02,-0.067,-2.79,-0.619,0
left_kp0.0095_ki0.022_kd0_-300_r2,left,0.0095,0.022,0.0,-300.0,run,2.6530288900248706,-291.0,-0.15,0.0,0.15,0.02,-0.072,-3.053,-0.552,0
left_kp0.0095_ki0.022_kd0_-300_r2,left,0.0095,0.022,0.0,-300.0,run,2.7193735709879547,-290.0,-0.28,-0.02,0.28,0.06,-0.069,-2.919,-0.436,0
left_kp0.0095_ki0.022_kd0_-300_r2,left,0.0095,0.022,0.0,-300.0,run,2.7856789660290815,-299.0,-0.24,0.0,0.24,0.02,-0.068,-2.836,-0.648,0
left_kp0.0095_ki0.022_kd0_-300_r2,left,0.0095,0.022,0.0,-300.0,run,2.8523878910345957,-291.0,-0.17,-0.01,0.17,0.02,-0.07,-2.962,-0.474,0
left_kp0.0095_ki0.022_kd0_-300_r2,left,0.0095,0.022,0.0,-300.0,run,2.9187757979962043,-285.0,-0.23,0.0,0.23,0.02,-0.07,-2.983,-0.436,0
left_kp0.0095_ki0.022_kd0_-300_r2,left,0.0095,0.022,0.0,-300.0,run,2.9850392740336247,-291.0,-0.2,-0.03,0.21,0.06,-0.07,-2.916,-0.667,0
left_kp0.0095_ki0.022_kd0_-300_r2,left,0.0095,0.022,0.0,0,stop,1.0370276868343353e-06,-288.0,-0.19,-0.02,0.19,0.04,-0.069,-2.919,-0.522,0
left_kp0.0095_ki0.022_kd0_-300_r2,left,0.0095,0.022,0.0,0,stop,0.07664346403907984,-283.0,-0.18,0.03,0.18,0.04,-0.067,-2.852,-0.377,0
left_kp0.0095_ki0.022_kd0_-300_r2,left,0.0095,0.022,0.0,0,stop,0.14305635704658926,-276.0,-0.13,0.0,0.13,0.04,-0.054,-2.286,-0.348,0
left_kp0.0095_ki0.022_kd0_-300_r2,left,0.0095,0.022,0.0,0,stop,0.20940970699302852,-276.0,0.0,0.0,0.0,0.0,0.0,0.0,0.0,0
left_kp0.0095_ki0.022_kd0_-300_r2,left,0.0095,0.022,0.0,0,stop,0.27589896600693464,-276.0,0.0,0.0,0.0,0.0,0.0,0.0,0.0,0
left_kp0.0095_ki0.022_kd0_-300_r2,left,0.0095,0.022,0.0,0,stop,0.3422752770129591,-276.0,0.0,0.0,0.0,0.0,0.0,0.0,0.0,0
left_kp0.0095_ki0.022_kd0_-300_r2,left,0.0095,0.022,0.0,0,stop,0.40867133100982755,-276.0,0.0,0.0,0.0,0.0,0.0,0.0,0.0,0
left_kp0.0095_ki0.022_kd0_-300_r2,left,0.0095,0.022,0.0,0,stop,0.4749804820166901,-276.0,0.0,0.0,0.0,0.0,0.0,0.0,0.0,0
left_kp0.0095_ki0.022_kd0_-300_r2,left,0.0095,0.022,0.0,0,stop,0.5417486870428547,-276.0,0.0,0.0,0.0,0.0,0.0,0.0,0.0,0
left_kp0.0095_ki0.022_kd0_-300_r2,left,0.0095,0.022,0.0,0,stop,0.6083748130477034,-276.0,0.0,0.0,0.0,0.0,0.0,0.0,0.0,0
left_kp0.0095_ki0.022_kd0_-300_r2,left,0.0095,0.022,0.0,0,stop,0.6748216520063579,0.0,0.0,0.0,0.0,0.0,0.0,0.0,0.0,0
left_kp0.0095_ki0.022_kd0_-300_r2,left,0.0095,0.022,0.0,0,stop,0.7411654260358773,0.0,0.0,0.0,0.0,0.0,0.0,0.0,0.0,0
left_kp0.009_ki0.02_kd0_+300_r1,left,0.009,0.02,0.0,300.0,run,0.00017146696336567402,0.0,0.0,0.0,0.0,0.0,0.0,0.0,0.0,0
left_kp0.009_ki0.02_kd0_+300_r1,left,0.009,0.02,0.0,300.0,run,0.06641354301245883,0.0,0.0,0.0,0.0,0.0,-0.001,-0.042,-0.032,0
left_kp0.009_ki0.02_kd0_+300_r1,left,0.009,0.02,0.0,300.0,run,0.1327017279691063,0.0,0.01,0.02,0.02,0.08,0.018,0.742,-0.123,0
left_kp0.009_ki0.02_kd0_+300_r1,left,0.009,0.02,0.0,300.0,run,0.1988785809953697,0.0,0.12,0.0,0.12,0.04,0.038,1.621,-0.286,0
left_kp0.009_ki0.02_kd0_+300_r1,left,0.009,0.02,0.0,300.0,run,0.2651603539707139,0.0,0.16,0.0,0.16,0.14,0.046,1.951,-0.335,0
left_kp0.009_ki0.02_kd0_+300_r1,left,0.009,0.02,0.0,300.0,run,0.3314306559623219,0.0,0.25,0.02,0.25,0.02,0.048,2.029,-0.238,0
left_kp0.009_ki0.02_kd0_+300_r1,left,0.009,0.02,0.0,300.0,run,0.39767580199986696,0.0,0.2,0.0,0.2,0.08,0.051,2.173,-0.345,0
left_kp0.009_ki0.02_kd0_+300_r1,left,0.009,0.02,0.0,300.0,run,0.4639596599736251,0.0,0.21,0.01,0.21,0.04,0.058,2.484,-0.125,0
left_kp0.009_ki0.02_kd0_+300_r1,left,0.009,0.02,0.0,300.0,run,0.5302010530140251,23.0,0.27,0.06,0.28,0.02,0.065,2.779,-0.203,0
left_kp0.009_ki0.02_kd0_+300_r1,left,0.009,0.02,0.0,300.0,run,0.5965100119938143,143.0,0.21,-0.02,0.21,0.02,0.067,2.854,-0.268,0
left_kp0.009_ki0.02_kd0_+300_r1,left,0.009,0.02,0.0,300.0,run,0.66287357598776,249.0,0.16,0.0,0.16,0.08,0.064,2.723,-0.356,0
left_kp0.009_ki0.02_kd0_+300_r1,left,0.009,0.02,0.0,300.0,run,0.7290643029846251,255.0,0.15,0.04,0.16,0.04,0.063,2.68,-0.474,0
left_kp0.009_ki0.02_kd0_+300_r1,left,0.009,0.02,0.0,300.0,run,0.795348240993917,249.0,0.22,0.0,0.22,0.06,0.061,2.586,-0.343,0
left_kp0.009_ki0.02_kd0_+300_r1,left,0.009,0.02,0.0,300.0,run,0.8618971760151908,223.0,0.18,-0.04,0.19,0.06,0.058,2.495,-0.034,0
left_kp0.009_ki0.02_kd0_+300_r1,left,0.009,0.02,0.0,300.0,run,0.9282911759801209,213.0,0.26,-0.01,0.26,0.06,0.058,2.476,-0.19,0
left_kp0.009_ki0.02_kd0_+300_r1,left,0.009,0.02,0.0,300.0,run,0.9947513949591666,197.0,0.19,0.0,0.19,0.04,0.061,2.592,-0.273,0
left_kp0.009_ki0.02_kd0_+300_r1,left,0.009,0.02,0.0,300.0,run,1.0612109969952144,203.0,0.23,0.05,0.23,0.08,0.065,2.771,-0.335,0
left_kp0.009_ki0.02_kd0_+300_r1,left,0.009,0.02,0.0,300.0,run,1.127429114014376,214.0,0.21,-0.03,0.21,0.02,0.066,2.82,-0.265,0
left_kp0.009_ki0.02_kd0_+300_r1,left,0.009,0.02,0.0,300.0,run,1.1937693209620193,253.0,0.19,0.01,0.19,0.04,0.067,2.86,-0.367,0
left_kp0.009_ki0.02_kd0_+300_r1,left,0.009,0.02,0.0,300.0,run,1.2603117760154419,267.0,0.14,-0.03,0.14,0.02,0.071,3.018,-0.511,0
left_kp0.009_ki0.02_kd0_+300_r1,left,0.009,0.02,0.0,300.0,run,1.3266623739618808,287.0,0.14,0.0,0.14,0.04,0.069,2.905,-0.589,0
left_kp0.009_ki0.02_kd0_+300_r1,left,0.009,0.02,0.0,300.0,run,1.393088953976985,293.0,0.22,-0.02,0.22,0.0,0.068,2.9,-0.45,0
left_kp0.009_ki0.02_kd0_+300_r1,left,0.009,0.02,0.0,300.0,run,1.4594529140158556,282.0,0.2,0.08,0.21,0.06,0.069,2.924,-0.573,0
left_kp0.009_ki0.02_kd0_+300_r1,left,0.009,0.02,0.0,300.0,run,1.5257525419583544,294.0,0.21,0.02,0.21,0.32,0.068,2.838,-0.597,0
left_kp0.009_ki0.02_kd0_+300_r1,left,0.009,0.02,0.0,300.0,run,1.592051413957961,296.0,0.16,0.0,0.16,0.04,0.069,2.932,-0.501,0
left_kp0.009_ki0.02_kd0_+300_r1,left,0.009,0.02,0.0,300.0,run,1.6583933749934658,286.0,0.22,0.05,0.22,0.04,0.069,2.935,-0.482,0
left_kp0.009_ki0.02_kd0_+300_r1,left,0.009,0.02,0.0,300.0,run,1.7246836539707147,293.0,0.21,-0.02,0.21,0.06,0.068,2.878,-0.525,0
left_kp0.009_ki0.02_kd0_+300_r1,left,0.009,0.02,0.0,300.0,run,1.7912561540142633,291.0,0.17,0.02,0.18,0.04,0.069,2.908,-0.436,0
left_kp0.009_ki0.02_kd0_+300_r1,left,0.009,0.02,0.0,300.0,run,1.8576283020083793,285.0,0.17,0.0,0.17,0.04,0.069,2.94,-0.377,0
left_kp0.009_ki0.02_kd0_+300_r1,left,0.009,0.02,0.0,300.0,run,1.9239225159981288,279.0,0.2,-0.04,0.21,0.06,0.07,2.972,-0.536,0
left_kp0.009_ki0.02_kd0_+300_r1,left,0.009,0.02,0.0,300.0,run,1.9901655960129574,287.0,0.22,-0.03,0.23,0.04,0.068,2.903,-0.353,0
left_kp0.009_ki0.02_kd0_+300_r1,left,0.009,0.02,0.0,300.0,run,2.0564268219750375,286.0,0.23,0.0,0.23,0.06,0.068,2.9,-0.383,0
left_kp0.009_ki0.02_kd0_+300_r1,left,0.009,0.02,0.0,300.0,run,2.122807298961561,285.0,0.14,0.08,0.16,0.08,0.07,2.959,-0.595,0
left_kp0.009_ki0.02_kd0_+300_r1,left,0.009,0.02,0.0,300.0,run,2.1893641829956323,287.0,0.17,0.03,0.17,0.04,0.068,2.889,-0.42,0
left_kp0.009_ki0.02_kd0_+300_r1,left,0.009,0.02,0.0,300.0,run,2.255913750967011,285.0,0.2,-0.02,0.2,0.1,0.071,2.994,-0.426,0
left_kp0.009_ki0.02_kd0_+300_r1,left,0.009,0.02,0.0,300.0,run,2.3221178670064546,284.0,0.24,0.04,0.24,0.08,0.07,2.962,-0.453,0
left_kp0.009_ki0.02_kd0_+300_r1,left,0.009,0.02,0.0,300.0,run,2.3887338869972154,289.0,0.25,-0.02,0.25,0.06,0.068,2.873,-0.394,0
left_kp0.009_ki0.02_kd0_+300_r1,left,0.009,0.02,0.0,300.0,run,2.4551352839916945,290.0,0.19,0.02,0.19,0.04,0.071,2.994,-0.428,0
left_kp0.009_ki0.02_kd0_+300_r1,left,0.009,0.02,0.0,300.0,run,2.5213876829948276,289.0,0.22,-0.01,0.22,0.04,0.071,3.029,-0.423,0
left_kp0.009_ki0.02_kd0_+300_r1,left,0.009,0.02,0.0,300.0,run,2.5878075159853324,290.0,0.21,-0.02,0.21,0.06,0.07,2.946,-0.469,0
left_kp0.009_ki0.02_kd0_+300_r1,left,0.009,0.02,0.0,300.0,run,2.6541098009911366,298.0,0.06,0.06,0.09,0.14,0.071,3.015,-0.375,0
left_kp0.009_ki0.02_kd0_+300_r1,left,0.009,0.02,0.0,300.0,run,2.7202926839818247,291.0,0.19,-0.01,0.19,0.08,0.072,3.066,-0.509,0
left_kp0.009_ki0.02_kd0_+300_r1,left,0.009,0.02,0.0,300.0,run,2.7866346149821766,295.0,0.2,-0.04,0.21,0.06,0.07,2.951,-0.503,0
left_kp0.009_ki0.02_kd0_+300_r1,left,0.009,0.02,0.0,300.0,run,2.853190094989259,306.0,0.17,-0.02,-0.17,-0.02,0.07,2.983,-0.388,0
left_kp0.009_ki0.02_kd0_+300_r1,left,0.009,0.02,0.0,300.0,run,2.9197403939906508,289.0,0.21,-0.05,0.21,0.02,0.072,3.045,-0.514,0
left_kp0.009_ki0.02_kd0_+300_r1,left,0.009,0.02,0.0,300.0,run,2.9860834649880417,290.0,0.17,-0.08,0.19,0.08,0.071,2.978,-0.536,0
left_kp0.009_ki0.02_kd0_+300_r1,left,0.009,0.02,0.0,0,stop,1.0540243238210678e-06,303.0,0.11,-0.04,0.12,0.04,0.072,3.039,-0.458,0
left_kp0.009_ki0.02_kd0_+300_r1,left,0.009,0.02,0.0,0,stop,0.07635550003033131,297.0,0.18,0.0,0.18,0.04,0.068,2.887,-0.404,0
left_kp0.009_ki0.02_kd0_+300_r1,left,0.009,0.02,0.0,0,stop,0.1427996740094386,285.0,0.16,-0.02,0.16,0.04,0.054,2.305,-0.377,0
left_kp0.009_ki0.02_kd0_+300_r1,left,0.009,0.02,0.0,0,stop,0.2091013960307464,285.0,0.0,0.0,0.0,0.0,0.0,0.0,0.0,0
left_kp0.009_ki0.02_kd0_+300_r1,left,0.009,0.02,0.0,0,stop,0.2753500460530631,285.0,0.0,0.0,0.0,0.0,0.0,0.0,0.0,0
left_kp0.009_ki0.02_kd0_+300_r1,left,0.009,0.02,0.0,0,stop,0.34180734801338986,285.0,0.0,0.0,0.0,0.0,0.0,0.0,0.0,0
left_kp0.009_ki0.02_kd0_+300_r1,left,0.009,0.02,0.0,0,stop,0.40809467004146427,285.0,0.0,0.0,0.0,0.0,0.0,0.0,0.0,0
left_kp0.009_ki0.02_kd0_+300_r1,left,0.009,0.02,0.0,0,stop,0.4746061050100252,285.0,0.0,0.0,0.0,0.0,0.0,0.0,0.0,0
left_kp0.009_ki0.02_kd0_+300_r1,left,0.009,0.02,0.0,0,stop,0.5410952500533313,285.0,0.0,0.0,0.0,0.0,0.0,0.0,0.0,0
left_kp0.009_ki0.02_kd0_+300_r1,left,0.009,0.02,0.0,0,stop,0.607447331014555,285.0,0.0,0.0,0.0,0.0,0.0,0.0,0.0,0
left_kp0.009_ki0.02_kd0_+300_r1,left,0.009,0.02,0.0,0,stop,0.673891797021497,0.0,0.0,0.0,0.0,0.0,0.0,0.0,0.0,0
left_kp0.009_ki0.02_kd0_+300_r1,left,0.009,0.02,0.0,0,stop,0.7403901950456202,0.0,0.0,0.0,0.0,0.0,0.0,0.0,0.0,0
left_kp0.009_ki0.02_kd0_-300_r1,left,0.009,0.02,0.0,-300.0,run,0.00012117403093725443,0.0,0.0,0.0,0.0,0.0,0.0,0.0,0.0,0
left_kp0.009_ki0.02_kd0_-300_r1,left,0.009,0.02,0.0,-300.0,run,0.06629378499928862,0.0,0.0,0.0,0.0,0.3,-0.007,-0.171,0.27,0
left_kp0.009_ki0.02_kd0_-300_r1,left,0.009,0.02,0.0,-300.0,run,0.13264024798991159,0.0,-0.03,0.0,-0.03,-0.02,-0.023,-0.932,0.337,0
left_kp0.009_ki0.02_kd0_-300_r1,left,0.009,0.02,0.0,-300.0,run,0.19884299900149927,0.0,-0.11,0.03,0.12,0.12,-0.037,-1.56,0.214,0
left_kp0.009_ki0.02_kd0_-300_r1,left,0.009,0.02,0.0,-300.0,run,0.26508035900769755,0.0,-0.13,0.05,0.14,0.12,-0.043,-1.838,0.04,0
left_kp0.009_ki0.02_kd0_-300_r1,left,0.009,0.02,0.0,-300.0,run,0.33134358102688566,0.0,-0.17,0.03,0.17,0.0,-0.045,-1.932,-0.152,0
left_kp0.009_ki0.02_kd0_-300_r1,left,0.009,0.02,0.0,-300.0,run,0.39777618198422715,0.0,-0.23,-0.07,0.24,0.02,-0.052,-2.195,-0.249,0
left_kp0.009_ki0.02_kd0_-300_r1,left,0.009,0.02,0.0,-300.0,run,0.46391747100278735,0.0,-0.24,-0.07,-0.25,-0.02,-0.06,-2.562,-0.152,0
left_kp0.009_ki0.02_kd0_-300_r1,left,0.009,0.02,0.0,-300.0,run,0.5302249169908464,0.0,-0.24,0.01,0.24,0.02,-0.064,-2.747,-0.241,0
left_kp0.009_ki0.02_kd0_-300_r1,left,0.009,0.02,0.0,-300.0,run,0.596690139034763,-196.0,-0.24,0.05,0.25,0.0,-0.066,-2.795,-0.525,0
left_kp0.009_ki0.02_kd0_-300_r1,left,0.009,0.02,0.0,-300.0,run,0.6631170850014314,-231.0,-0.17,0.0,0.17,0.04,-0.064,-2.691,-0.589,0
left_kp0.009_ki0.02_kd0_-300_r1,left,0.009,0.02,0.0,-300.0,run,0.7294915689853951,-258.0,-0.18,-0.01,-0.18,-0.04,-0.06,-2.565,-0.34,0
left_kp0.009_ki0.02_kd0_-300_r1,left,0.009,0.02,0.0,-300.0,run,0.7959301180089824,-242.0,-0.19,0.04,0.19,0.04,-0.057,-2.42,-0.428,0
left_kp0.009_ki0.02_kd0_-300_r1,left,0.009,0.02,0.0,-300.0,run,0.862225920020137,-218.0,-0.23,0.03,0.23,0.04,-0.057,-2.434,-0.227,0
left_kp0.009_ki0.02_kd0_-300_r1,left,0.009,0.02,0.0,-300.0,run,0.9286909659858793,-181.0,-0.27,0.02,0.27,0.04,-0.052,-2.235,-0.201,0
left_kp0.009_ki0.02_kd0_-300_r1,left,0.009,0.02,0.0,-300.0,run,0.9949613640201278,-163.0,-0.21,0.05,0.22,0.06,-0.059,-2.498,-0.436,0
left_kp0.009_ki0.02_kd0_-300_r1,left,0.009,0.02,0.0,-300.0,run,1.061239976028446,-169.0,-0.23,-0.02,0.23,0.04,-0.069,-2.927,-0.3,0
left_kp0.009_ki0.02_kd0_-300_r1,left,0.009,0.02,0.0,-300.0,run,1.1275467849918641,-216.0,-0.18,-0.02,0.19,0.0,-0.075,-3.187,-0.477,0
left_kp0.009_ki0.02_kd0_-300_r1,left,0.009,0.02,0.0,-300.0,run,1.1939025120227598,-310.0,-0.19,-0.02,0.19,0.0,-0.071,-2.943,-0.694,0
left_kp0.009_ki0.02_kd0_-300_r1,left,0.009,0.02,0.0,-300.0,run,1.260208694031462,-324.0,-0.15,-0.02,0.15,0.04,-0.071,-3.007,-0.444,0
left_kp0.009_ki0.02_kd0_-300_r1,left,0.009,0.02,0.0,-300.0,run,1.3265083120204508,-309.0,-0.21,-0.01,0.21,0.0,-0.071,-2.996,-0.565,0
left_kp0.009_ki0.02_kd0_-300_r1,left,0.009,0.02,0.0,-300.0,run,1.3928103530197404,-300.0,-0.18,-0.01,0.18,0.0,-0.068,-2.854,-0.579,0
left_kp0.009_ki0.02_kd0_-300_r1,left,0.009,0.02,0.0,-300.0,run,1.4591184090240858,-293.0,-0.17,-0.02,0.17,0.0,-0.07,-2.959,-0.41,0
left_kp0.009_ki0.02_kd0_-300_r1,left,0.009,0.02,0.0,-300.0,run,1.5253937939996831,-291.0,-0.2,-0.03,0.2,0.04,-0.071,-3.004,-0.584,0
left_kp0.009_ki0.02_kd0_-300_r1,left,0.009,0.02,0.0,-300.0,run,1.5916976419975981,-299.0,-0.19,-0.02,0.19,0.04,-0.068,-2.857,-0.621,0
left_kp0.009_ki0.02_kd0_-300_r1,left,0.009,0.02,0.0,-300.0,run,1.6580003200215288,-297.0,-0.2,0.04,0.21,0.12,-0.07,-2.972,-0.477,0
left_kp0.009_ki0.02_kd0_-300_r1,left,0.009,0.02,0.0,-300.0,run,1.7242667090031318,-293.0,-0.18,-0.04,0.18,0.0,-0.072,-3.023,-0.635,0
left_kp0.009_ki0.02_kd0_-300_r1,left,0.009,0.02,0.0,-300.0,run,1.7905172050232068,-303.0,-0.2,-0.07,0.21,0.04,-0.068,-2.857,-0.605,0
left_kp0.009_ki0.02_kd0_-300_r1,left,0.009,0.02,0.0,-300.0,run,1.8571135490201414,-302.0,-0.19,-0.04,0.19,0.06,-0.07,-2.967,-0.428,0
left_kp0.009_ki0.02_kd0_-300_r1,left,0.009,0.02,0.0,-300.0,run,1.9233304429799318,-294.0,-0.18,0.0,0.18,0.0,-0.071,-2.986,-0.656,0
left_kp0.009_ki0.02_kd0_-300_r1,left,0.009,0.02,0.0,-300.0,run,1.9896166910184547,-297.0,-0.18,-0.05,0.19,0.02,-0.069,-2.873,-0.667,0
left_kp0.009_ki0.02_kd0_-300_r1,left,0.009,0.02,0.0,-300.0,run,2.0560403700219467,-298.0,-0.21,-0.02,0.21,0.04,-0.069,-2.924,-0.461,0
left_kp0.009_ki0.02_kd0_-300_r1,left,0.009,0.02,0.0,-300.0,run,2.122288385988213,-290.0,-0.17,-0.04,0.18,0.04,-0.071,-2.956,-0.643,0
left_kp0.009_ki0.02_kd0_-300_r1,left,0.009,0.02,0.0,-300.0,run,2.188638056977652,-293.0,-0.16,0.01,0.16,0.0,-0.068,-2.822,-0.737,0
left_kp0.009_ki0.02_kd0_-300_r1,left,0.009,0.02,0.0,-300.0,run,2.2553398549789563,-291.0,-0.21,-0.08,-0.23,-0.06,-0.07,-2.978,-0.49,0
left_kp0.009_ki0.02_kd0_-300_r1,left,0.009,0.02,0.0,-300.0,run,2.3216686630039476,-285.0,-0.2,0.06,0.21,0.0,-0.069,-2.873,-0.637,0
left_kp0.009_ki0.02_kd0_-300_r1,left,0.009,0.02,0.0,-300.0,run,2.3879900610190816,-290.0,-0.23,0.05,-0.23,-0.04,-0.066,-2.736,-0.667,0
left_kp0.009_ki0.02_kd0_-300_r1,left,0.009,0.02,0.0,-300.0,run,2.454323085024953,-286.0,-0.16,0.03,0.16,0.0,-0.071,-3.004,-0.565,0
left_kp0.009_ki0.02_kd0_-300_r1,left,0.009,0.02,0.0,-300.0,run,2.520742987981066,-281.0,-0.23,0.01,0.23,0.0,-0.069,-2.905,-0.493,0
left_kp0.009_ki0.02_kd0_-300_r1,left,0.009,0.02,0.0,-300.0,run,2.587048502988182,-290.0,-0.26,-0.01,0.26,0.36,-0.068,-2.838,-0.635,0
left_kp0.009_ki0.02_kd0_-300_r1,left,0.009,0.02,0.0,-300.0,run,2.6533458679914474,-287.0,-0.2,0.0,0.2,0.0,-0.07,-2.962,-0.498,0
left_kp0.009_ki0.02_kd0_-300_r1,left,0.009,0.02,0.0,-300.0,run,2.7196868549799547,-287.0,-0.21,0.0,0.21,0.04,-0.07,-2.951,-0.463,0
left_kp0.009_ki0.02_kd0_-300_r1,left,0.009,0.02,0.0,-300.0,run,2.7859672640333883,-292.0,-0.19,-0.04,0.19,0.02,-0.07,-2.932,-0.702,0
left_kp0.009_ki0.02_kd0_-300_r1,left,0.009,0.02,0.0,-300.0,run,2.8523591110133566,-291.0,-0.18,-0.03,0.18,0.0,-0.07,-2.956,-0.52,0
left_kp0.009_ki0.02_kd0_-300_r1,left,0.009,0.02,0.0,-300.0,run,2.918662359996233,-291.0,-0.23,0.0,0.23,0.0,-0.07,-2.983,-0.463,0
left_kp0.009_ki0.02_kd0_-300_r1,left,0.009,0.02,0.0,-300.0,run,2.98495102499146,-295.0,-0.17,0.0,0.17,0.04,-0.071,-2.94,-0.766,0
left_kp0.009_ki0.02_kd0_-300_r1,left,0.009,0.02,0.0,0,stop,1.133012119680643e-06,-295.0,-0.2,-0.03,0.2,0.02,-0.069,-2.932,-0.514,0
left_kp0.009_ki0.02_kd0_-300_r1,left,0.009,0.02,0.0,0,stop,0.07647696998901665,-291.0,-0.18,-0.01,0.18,0.04,-0.066,-2.82,-0.412,0
left_kp0.009_ki0.02_kd0_-300_r1,left,0.009,0.02,0.0,0,stop,0.14273922599386424,-277.0,-0.13,0.01,0.13,0.02,-0.055,-2.332,-0.364,0
left_kp0.009_ki0.02_kd0_-300_r1,left,0.009,0.02,0.0,0,stop,0.20903744001407176,-277.0,0.0,0.0,0.0,0.0,0.0,0.0,0.0,0
left_kp0.009_ki0.02_kd0_-300_r1,left,0.009,0.02,0.0,0,stop,0.2755476789898239,-277.0,0.0,0.0,0.0,0.0,0.0,0.0,0.0,0
left_kp0.009_ki0.02_kd0_-300_r1,left,0.009,0.02,0.0,0,stop,0.34185003401944414,-277.0,0.0,0.0,0.0,0.0,0.0,0.0,0.0,0
left_kp0.009_ki0.02_kd0_-300_r1,left,0.009,0.02,0.0,0,stop,0.40816819499013945,-277.0,0.0,0.0,0.0,0.0,0.0,0.0,0.0,0
left_kp0.009_ki0.02_kd0_-300_r1,left,0.009,0.02,0.0,0,stop,0.47450149001087993,-277.0,0.0,0.0,0.0,0.0,0.0,0.0,0.0,0
left_kp0.009_ki0.02_kd0_-300_r1,left,0.009,0.02,0.0,0,stop,0.5408252779743634,-277.0,0.0,0.0,0.0,0.0,0.0,0.0,0.0,0
left_kp0.009_ki0.02_kd0_-300_r1,left,0.009,0.02,0.0,0,stop,0.6070835599675775,-277.0,0.0,0.0,0.0,0.0,0.0,0.0,0.0,0
left_kp0.009_ki0.02_kd0_-300_r1,left,0.009,0.02,0.0,0,stop,0.673386437993031,0.0,0.0,0.0,0.0,0.0,0.0,0.0,0.0,0
left_kp0.009_ki0.02_kd0_-300_r1,left,0.009,0.02,0.0,0,stop,0.7396443269681185,0.0,0.0,0.0,0.0,0.0,0.0,0.0,0.0,0
left_kp0.009_ki0.02_kd0_+300_r2,left,0.009,0.02,0.0,300.0,run,0.0001611819607205689,0.0,0.0,0.0,0.0,0.0,0.0,0.0,0.0,0
left_kp0.009_ki0.02_kd0_+300_r2,left,0.009,0.02,0.0,300.0,run,0.06637292500818148,0.0,-0.01,0.0,0.01,0.06,0.003,0.048,-0.112,0
left_kp0.009_ki0.02_kd0_+300_r2,left,0.009,0.02,0.0,300.0,run,0.13281927700154483,0.0,0.03,0.0,0.03,0.06,0.023,0.959,-0.26,0
left_kp0.009_ki0.02_kd0_+300_r2,left,0.009,0.02,0.0,300.0,run,0.19909507897682488,0.0,0.13,0.01,0.13,0.02,0.041,1.704,-0.361,0
left_kp0.009_ki0.02_kd0_+300_r2,left,0.009,0.02,0.0,300.0,run,0.2654126069974154,0.0,0.15,0.01,0.15,0.08,0.048,2.023,-0.407,0
left_kp0.009_ki0.02_kd0_+300_r2,left,0.009,0.02,0.0,300.0,run,0.331765467999503,0.0,0.17,-0.01,0.17,0.06,0.051,2.16,-0.179,0
left_kp0.009_ki0.02_kd0_+300_r2,left,0.009,0.02,0.0,300.0,run,0.39809979900019243,0.0,0.24,-0.01,0.24,0.08,0.055,2.356,-0.067,0
left_kp0.009_ki0.02_kd0_+300_r2,left,0.009,0.02,0.0,300.0,run,0.4643741109757684,15.0,0.2,0.0,0.2,0.14,0.063,2.718,0.136,0
left_kp0.009_ki0.02_kd0_+300_r2,left,0.009,0.02,0.0,300.0,run,0.5306514889816754,27.0,0.24,0.01,0.24,0.02,0.061,2.629,-0.123,0
left_kp0.009_ki0.02_kd0_+300_r2,left,0.009,0.02,0.0,300.0,run,0.5970664359629154,198.0,0.15,-0.01,0.15,0.06,0.06,2.568,-0.222,0
left_kp0.009_ki0.02_kd0_+300_r2,left,0.009,0.02,0.0,300.0,run,0.6633340650005266,209.0,0.16,0.0,-0.16,-0.04,0.06,2.557,-0.222,0
left_kp0.009_ki0.02_kd0_+300_r2,left,0.009,0.02,0.0,300.0,run,0.7296274320106022,202.0,0.19,0.0,-0.19,-0.02,0.061,2.624,-0.193,0
left_kp0.009_ki0.02_kd0_+300_r2,left,0.009,0.02,0.0,300.0,run,0.7960858609876595,205.0,0.2,-0.02,0.2,0.04,0.061,2.608,-0.184,0
left_kp0.009_ki0.02_kd0_+300_r2,left,0.009,0.02,0.0,300.0,run,0.8623765169759281,201.0,0.2,-0.02,0.2,0.0,0.055,2.372,-0.112,0
left_kp0.009_ki0.02_kd0_+300_r2,left,0.009,0.02,0.0,300.0,run,0.928608774964232,195.0,0.17,0.03,0.17,0.0,0.06,2.557,-0.249,0
left_kp0.009_ki0.02_kd0_+300_r2,left,0.009,0.02,0.0,300.0,run,0.9950518619734794,185.0,0.2,0.0,0.2,0.04,0.065,2.761,-0.364,0
left_kp0.009_ki0.02_kd0_+300_r2,left,0.009,0.02,0.0,300.0,run,1.0613680359674618,196.0,0.21,-0.1,0.23,0.04,0.07,2.983,-0.201,0
left_kp0.009_ki0.02_kd0_+300_r2,left,0.009,0.02,0.0,300.0,run,1.1278329589986242,245.0,0.2,-0.03,0.2,0.02,0.065,2.766,-0.343,0
left_kp0.009_ki0.02_kd0_+300_r2,left,0.009,0.02,0.0,300.0,run,1.1941486899740994,267.0,0.24,-0.03,0.24,0.02,0.067,2.836,-0.41,0
left_kp0.009_ki0.02_kd0_+300_r2,left,0.009,0.02,0.0,300.0,run,1.260437644959893,264.0,0.21,0.1,0.23,0.04,0.069,2.94,-0.436,0
left_kp0.009_ki0.02_kd0_+300_r2,left,0.009,0.02,0.0,300.0,run,1.3267703959718347,289.0,0.22,0.03,0.22,0.02,0.066,2.774,-0.506,0
left_kp0.009_ki0.02_kd0_+300_r2,left,0.009,0.02,0.0,300.0,run,1.3930885939626023,287.0,0.23,0.03,0.23,0.02,0.068,2.865,-0.549,0
left_kp0.009_ki0.02_kd0_+300_r2,left,0.009,0.02,0.0,300.0,run,1.4596456649596803,281.0,0.22,0.0,0.22,0.06,0.07,3.004,-0.31,0
left_kp0.009_ki0.02_kd0_+300_r2,left,0.009,0.02,0.0,300.0,run,1.5261081839562394,287.0,0.23,0.0,0.23,0.0,0.067,2.836,-0.444,0
left_kp0.009_ki0.02_kd0_+300_r2,left,0.009,0.02,0.0,300.0,run,1.5924558140104637,289.0,0.18,0.0,0.18,0.02,0.066,2.817,-0.442,0
left_kp0.009_ki0.02_kd0_+300_r2,left,0.009,0.02,0.0,300.0,run,1.6588706210022792,277.0,0.18,-0.01,0.18,0.06,0.071,3.007,-0.318,0
left_kp0.009_ki0.02_kd0_+300_r2,left,0.009,0.02,0.0,300.0,run,1.7250372509588487,284.0,0.18,-0.02,0.18,0.04,0.07,2.943,-0.49,0
left_kp0.009_ki0.02_kd0_+300_r2,left,0.009,0.02,0.0,300.0,run,1.7912804739899002,295.0,0.2,-0.05,0.21,0.02,0.068,2.865,-0.431,0
left_kp0.009_ki0.02_kd0_+300_r2,left,0.009,0.02,0.0,300.0,run,1.8576397779979743,284.0,0.2,-0.05,0.21,0.04,0.071,3.01,-0.356,0
left_kp0.009_ki0.02_kd0_+300_r2,left,0.009,0.02,0.0,300.0,run,1.9240767169976607,289.0,0.21,0.06,0.21,0.06,0.069,2.913,-0.498,0
left_kp0.009_ki0.02_kd0_+300_r2,left,0.009,0.02,0.0,300.0,run,1.9903254759847187,296.0,0.16,0.05,0.17,0.02,0.067,2.841,-0.514,0
left_kp0.009_ki0.02_kd0_+300_r2,left,0.009,0.02,0.0,300.0,run,2.0567107559763826,284.0,0.16,0.0,0.16,0.36,0.072,3.034,-0.471,0
left_kp0.009_ki0.02_kd0_+300_r2,left,0.009,0.02,0.0,300.0,run,2.1230401609791443,290.0,0.25,0.02,0.25,0.06,0.07,2.962,-0.383,0
left_kp0.009_ki0.02_kd0_+300_r2,left,0.009,0.02,0.0,300.0,run,2.1895301629556343,295.0,0.21,0.0,0.21,0.02,0.066,2.811,-0.402,0
left_kp0.009_ki0.02_kd0_+300_r2,left,0.009,0.02,0.0,300.0,run,2.2558834059746005,292.0,0.2,0.02,0.2,0.06,0.071,3.015,-0.418,0
left_kp0.009_ki0.02_kd0_+300_r2,left,0.009,0.02,0.0,300.0,run,2.3223506920039654,281.0,0.24,0.0,0.24,0.02,0.072,3.058,-0.3,0
left_kp0.009_ki0.02_kd0_+300_r2,left,0.009,0.02,0.0,300.0,run,2.3886468039709143,290.0,0.19,-0.02,0.2,0.02,0.067,2.83,-0.41,0
left_kp0.009_ki0.02_kd0_+300_r2,left,0.009,0.02,0.0,300.0,run,2.4549529379582964,284.0,0.22,0.01,0.22,0.02,0.068,2.9,-0.444,0
left_kp0.009_ki0.02_kd0_+300_r2,left,0.009,0.02,0.0,300.0,run,2.521182427997701,280.0,0.21,-0.07,0.22,0.08,0.073,3.128,-0.337,0
left_kp0.009_ki0.02_kd0_+300_r2,left,0.009,0.02,0.0,300.0,run,2.58746162999887,295.0,0.16,-0.06,0.17,0.02,0.068,2.889,-0.503,0
left_kp0.009_ki0.02_kd0_+300_r2,left,0.009,0.02,0.0,300.0,run,2.6540439400123432,296.0,0.22,0.0,0.22,0.04,0.069,2.903,-0.453,0
left_kp0.009_ki0.02_kd0_+300_r2,left,0.009,0.02,0.0,300.0,run,2.720378850994166,284.0,0.16,0.0,0.16,0.06,0.073,3.088,-0.463,0
left_kp0.009_ki0.02_kd0_+300_r2,left,0.009,0.02,0.0,300.0,run,2.786667603009846,294.0,0.17,0.02,0.17,0.02,0.068,2.862,-0.576,0
left_kp0.009_ki0.02_kd0_+300_r2,left,0.009,0.02,0.0,300.0,run,2.8530777319683693,299.0,0.23,-0.06,0.23,0.42,0.07,2.946,-0.458,0
left_kp0.009_ki0.02_kd0_+300_r2,left,0.009,0.02,0.0,300.0,run,2.91959834395675,285.0,0.21,0.07,0.22,0.04,0.072,3.034,-0.474,0
left_kp0.009_ki0.02_kd0_+300_r2,left,0.009,0.02,0.0,300.0,run,2.986094792955555,300.0,0.15,0.03,0.16,0.02,0.068,2.865,-0.589,0
left_kp0.009_ki0.02_kd0_+300_r2,left,0.009,0.02,0.0,0,stop,1.0899966582655907e-06,305.0,0.22,-0.05,0.22,0.06,0.07,2.975,-0.506,0
left_kp0.009_ki0.02_kd0_+300_r2,left,0.009,0.02,0.0,0,stop,0.07652722200145945,296.0,0.15,-0.03,-0.16,-0.02,0.069,2.964,-0.305,0
left_kp0.009_ki0.02_kd0_+300_r2,left,0.009,0.02,0.0,0,stop,0.14287269598571584,288.0,0.14,0.0,0.14,0.02,0.053,2.224,-0.444,0
left_kp0.009_ki0.02_kd0_+300_r2,left,0.009,0.02,0.0,0,stop,0.2092836259980686,288.0,0.0,0.0,0.0,0.0,0.0,0.0,0.0,0
left_kp0.009_ki0.02_kd0_+300_r2,left,0.009,0.02,0.0,0,stop,0.27579555101692677,288.0,0.0,0.0,0.0,0.0,0.0,0.0,0.0,0
left_kp0.009_ki0.02_kd0_+300_r2,left,0.009,0.02,0.0,0,stop,0.3423670210177079,288.0,0.0,0.0,0.0,0.0,0.0,0.0,0.0,0
left_kp0.009_ki0.02_kd0_+300_r2,left,0.009,0.02,0.0,0,stop,0.4086651300312951,288.0,0.0,0.0,0.0,0.0,0.0,0.0,0.0,0
left_kp0.009_ki0.02_kd0_+300_r2,left,0.009,0.02,0.0,0,stop,0.47505232598632574,288.0,0.0,0.0,0.0,0.0,0.0,0.0,0.0,0
left_kp0.009_ki0.02_kd0_+300_r2,left,0.009,0.02,0.0,0,stop,0.5415385810192674,288.0,0.0,0.0,0.0,0.0,0.0,0.0,0.0,0
left_kp0.009_ki0.02_kd0_+300_r2,left,0.009,0.02,0.0,0,stop,0.6080143470317125,288.0,0.0,0.0,0.0,0.0,0.0,0.0,0.0,0
left_kp0.009_ki0.02_kd0_+300_r2,left,0.009,0.02,0.0,0,stop,0.6744004670181312,0.0,0.0,0.0,0.0,0.0,0.0,0.0,0.0,0
left_kp0.009_ki0.02_kd0_+300_r2,left,0.009,0.02,0.0,0,stop,0.7406853319844231,0.0,0.0,0.0,0.0,0.0,0.0,0.0,0.0,0
left_kp0.009_ki0.02_kd0_-300_r2,left,0.009,0.02,0.0,-300.0,run,0.00012171402340754867,0.0,0.0,0.0,0.0,0.0,0.0,0.0,0.0,0
left_kp0.009_ki0.02_kd0_-300_r2,left,0.009,0.02,0.0,-300.0,run,0.06642461201408878,0.0,0.01,0.0,0.01,0.04,-0.007,-0.142,0.286,0
left_kp0.009_ki0.02_kd0_-300_r2,left,0.009,0.02,0.0,-300.0,run,0.13261073600733653,0.0,-0.02,0.01,0.03,0.04,-0.023,-0.946,0.276,0
left_kp0.009_ki0.02_kd0_-300_r2,left,0.009,0.02,0.0,-300.0,run,0.19892461400013417,0.0,-0.11,0.0,0.11,0.06,-0.039,-1.691,0.091,0
left_kp0.009_ki0.02_kd0_-300_r2,left,0.009,0.02,0.0,-300.0,run,0.2652586079784669,0.0,-0.16,0.03,0.16,0.04,-0.046,-1.964,-0.209,0
left_kp0.009_ki0.02_kd0_-300_r2,left,0.009,0.02,0.0,-300.0,run,0.33161302597727627,0.0,-0.16,-0.03,0.17,0.0,-0.05,-2.149,-0.142,0
left_kp0.009_ki0.02_kd0_-300_r2,left,0.009,0.02,0.0,-300.0,run,0.3980284580029547,0.0,-0.25,-0.01,0.25,0.0,-0.054,-2.308,-0.091,0
left_kp0.009_ki0.02_kd0_-300_r2,left,0.009,0.02,0.0,-300.0,run,0.4643655890249647,-15.0,-0.22,-0.04,0.22,0.04,-0.058,-2.484,-0.217,0
left_kp0.009_ki0.02_kd0_-300_r2,left,0.009,0.02,0.0,-300.0,run,0.5306637539761141,-27.0,-0.2,-0.08,0.22,0.02,-0.064,-2.726,-0.254,0
left_kp0.009_ki0.02_kd0_-300_r2,left,0.009,0.02,0.0,-300.0,run,0.5969259630073793,-155.0,-0.23,0.0,0.23,0.04,-0.059,-2.519,-0.316,0
left_kp0.009_ki0.02_kd0_-300_r2,left,0.009,0.02,0.0,-300.0,run,0.6632145280018449,-195.0,-0.13,0.03,0.13,0.02,-0.06,-2.522,-0.52,0
left_kp0.009_ki0.02_kd0_-300_r2,left,0.009,0.02,0.0,-300.0,run,0.7295134090236388,-204.0,-0.19,-0.03,0.19,0.02,-0.062,-2.664,-0.262,0
left_kp0.009_ki0.02_kd0_-300_r2,left,0.009,0.02,0.0,-300.0,run,0.7957952910219319,-208.0,-0.23,0.01,0.23,0.06,-0.061,-2.624,-0.206,0
left_kp0.009_ki0.02_kd0_-300_r2,left,0.009,0.02,0.0,-300.0,run,0.8621517790015787,-217.0,-0.19,-0.03,0.2,0.08,-0.061,-2.597,-0.335,0
left_kp0.009_ki0.02_kd0_-300_r2,left,0.009,0.02,0.0,-300.0,run,0.9283052500104532,-222.0,-0.2,0.03,0.2,0.06,-0.059,-2.511,-0.394,0
left_kp0.009_ki0.02_kd0_-300_r2,left,0.009,0.02,0.0,-300.0,run,0.9947898439713754,-208.0,-0.2,-0.04,0.2,0.04,-0.068,-2.865,-0.428,0
left_kp0.009_ki0.02_kd0_-300_r2,left,0.009,0.02,0.0,-300.0,run,1.0610743699944578,-229.0,-0.26,0.02,0.26,0.06,-0.068,-2.897,-0.297,0
left_kp0.009_ki0.02_kd0_-300_r2,left,0.009,0.02,0.0,-300.0,run,1.1273568019969389,-261.0,-0.25,0.0,0.25,0.04,-0.066,-2.782,-0.597,0
left_kp0.009_ki0.02_kd0_-300_r2,left,0.009,0.02,0.0,-300.0,run,1.1936968159861863,-285.0,-0.15,0.01,0.15,0.04,-0.071,-2.991,-0.52,0
left_kp0.009_ki0.02_kd0_-300_r2,left,0.009,0.02,0.0,-300.0,run,1.2600780189968646,-282.0,-0.19,0.01,0.19,0.02,-0.07,-2.94,-0.53,0
left_kp0.009_ki0.02_kd0_-300_r2,left,0.009,0.02,0.0,-300.0,run,1.3263519610045478,-287.0,-0.18,-0.04,0.19,0.06,-0.068,-2.83,-0.683,0
left_kp0.009_ki0.02_kd0_-300_r2,left,0.009,0.02,0.0,-300.0,run,1.3926384099759161,-290.0,-0.18,0.0,0.18,0.06,-0.069,-2.9,-0.525,0
left_kp0.009_ki0.02_kd0_-300_r2,left,0.009,0.02,0.0,-300.0,run,1.4590431259712204,-281.0,-0.22,-0.02,0.22,0.4,-0.07,-2.954,-0.498,0
left_kp0.009_ki0.02_kd0_-300_r2,left,0.009,0.02,0.0,-300.0,run,1.525304591981694,-290.0,-0.15,0.01,0.15,0.02,-0.07,-2.913,-0.793,0
left_kp0.009_ki0.02_kd0_-300_r2,left,0.009,0.02,0.0,-300.0,run,1.5918145829928108,-296.0,-0.17,-0.05,0.18,0.06,-0.071,-2.98,-0.654,0
left_kp0.009_ki0.02_kd0_-300_r2,left,0.009,0.02,0.0,-300.0,run,1.6580529320053756,-299.0,-0.22,-0.01,0.22,0.02,-0.071,-2.988,-0.511,0
left_kp0.009_ki0.02_kd0_-300_r2,left,0.009,0.02,0.0,-300.0,run,1.7243457210133784,-308.0,-0.17,-0.01,0.17,0.02,-0.07,-2.919,-0.766,0
left_kp0.009_ki0.02_kd0_-300_r2,left,0.009,0.02,0.0,-300.0,run,1.7904195979936048,-299.0,-0.18,-0.04,0.18,0.06,-0.07,-2.927,-0.608,0
left_kp0.009_ki0.02_kd0_-300_r2,left,0.009,0.02,0.0,-300.0,run,1.8564474940067157,-295.0,-0.21,0.0,0.21,0.02,-0.07,-2.978,-0.517,0
left_kp0.009_ki0.02_kd0_-300_r2,left,0.009,0.02,0.0,-300.0,run,1.922527439019177,-300.0,-0.16,0.06,0.17,0.02,-0.07,-2.889,-0.734,0
left_kp0.009_ki0.02_kd0_-300_r2,left,0.009,0.02,0.0,-300.0,run,1.988585786020849,-289.0,-0.16,-0.04,0.17,0.06,-0.069,-2.876,-0.646,0
left_kp0.009_ki0.02_kd0_-300_r2,left,0.009,0.02,0.0,-300.0,run,2.0548175100120716,-285.0,-0.15,-0.01,0.15,0.02,-0.071,-2.996,-0.56,0
left_kp0.009_ki0.02_kd0_-300_r2,left,0.009,0.02,0.0,-300.0,run,2.1209128859918565,-295.0,-0.22,0.01,0.22,0.06,-0.069,-2.873,-0.616,0
left_kp0.009_ki0.02_kd0_-300_r2,left,0.009,0.02,0.0,-300.0,run,2.1870939030195586,-287.0,-0.21,0.04,0.22,0.08,-0.068,-2.846,-0.656,0
left_kp0.009_ki0.02_kd0_-300_r2,left,0.009,0.02,0.0,-300.0,run,2.2533225980005227,-290.0,-0.2,0.03,0.2,0.04,-0.07,-2.956,-0.522,0
left_kp0.009_ki0.02_kd0_-300_r2,left,0.009,0.02,0.0,-300.0,run,2.3193911390262656,-285.0,-0.25,0.02,0.25,0.02,-0.07,-2.967,-0.565,0
left_kp0.009_ki0.02_kd0_-300_r2,left,0.009,0.02,0.0,-300.0,run,2.3857067759963684,-292.0,-0.19,0.0,0.19,0.02,-0.068,-2.846,-0.573,0
left_kp0.009_ki0.02_kd0_-300_r2,left,0.009,0.02,0.0,-300.0,run,2.4521078760153614,-289.0,-0.17,-0.07,0.19,0.02,-0.07,-2.956,-0.396,0
left_kp0.009_ki0.02_kd0_-300_r2,left,0.009,0.02,0.0,-300.0,run,2.518356815970037,-283.0,-0.23,-0.04,0.23,0.2,-0.071,-3.007,-0.541,0
left_kp0.009_ki0.02_kd0_-300_r2,left,0.009,0.02,0.0,-300.0,run,2.5846991519792937,-293.0,-0.19,-0.04,0.19,0.02,-0.067,-2.828,-0.581,0
left_kp0.009_ki0.02_kd0_-300_r2,left,0.009,0.02,0.0,-300.0,run,2.650973810988944,-290.0,-0.24,-0.01,0.24,0.02,-0.069,-2.951,-0.412,0
left_kp0.009_ki0.02_kd0_-300_r2,left,0.009,0.02,0.0,-300.0,run,2.7172349829925224,-284.0,-0.15,-0.03,0.16,0.02,-0.071,-2.986,-0.611,0
left_kp0.009_ki0.02_kd0_-300_r2,left,0.009,0.02,0.0,-300.0,run,2.7835277920239605,-293.0,-0.13,0.01,0.13,0.26,-0.068,-2.803,-0.739,0
left_kp0.009_ki0.02_kd0_-300_r2,left,0.009,0.02,0.0,-300.0,run,2.8499731309711933,-288.0,-0.21,-0.01,0.21,0.04,-0.072,-3.053,-0.536,0
left_kp0.009_ki0.02_kd0_-300_r2,left,0.009,0.02,0.0,-300.0,run,2.916341854026541,-286.0,-0.2,0.07,0.21,0.02,-0.069,-2.9,-0.624,0
left_kp0.009_ki0.02_kd0_-300_r2,left,0.009,0.02,0.0,-300.0,run,2.982602294010576,-300.0,-0.2,0.02,0.2,0.06,-0.067,-2.801,-0.713,0
left_kp0.009_ki0.02_kd0_-300_r2,left,0.009,0.02,0.0,0,stop,1.1160154826939106e-06,-296.0,-0.17,-0.03,0.18,0.32,-0.072,-3.026,-0.541,0
left_kp0.009_ki0.02_kd0_-300_r2,left,0.009,0.02,0.0,0,stop,0.07639632100472227,-290.0,-0.1,-0.01,0.1,0.12,-0.067,-2.846,-0.511,0
left_kp0.009_ki0.02_kd0_-300_r2,left,0.009,0.02,0.0,0,stop,0.14272813202114776,-293.0,-0.16,0.0,0.16,0.06,-0.053,-2.214,-0.458,0
left_kp0.009_ki0.02_kd0_-300_r2,left,0.009,0.02,0.0,0,stop,0.20897070702631027,-264.0,0.0,0.0,0.0,0.0,0.0,0.0,0.0,0
left_kp0.009_ki0.02_kd0_-300_r2,left,0.009,0.02,0.0,0,stop,0.2751822500140406,-264.0,0.0,0.0,0.0,0.0,0.0,0.0,0.0,0
left_kp0.009_ki0.02_kd0_-300_r2,left,0.009,0.02,0.0,0,stop,0.3413577280007303,-264.0,0.0,0.0,0.0,0.0,0.0,0.0,0.0,0
left_kp0.009_ki0.02_kd0_-300_r2,left,0.009,0.02,0.0,0,stop,0.4077588170184754,-264.0,0.0,0.0,0.0,0.0,0.0,0.0,0.0,0
left_kp0.009_ki0.02_kd0_-300_r2,left,0.009,0.02,0.0,0,stop,0.47398666699882597,-264.0,0.0,0.0,0.0,0.0,0.0,0.0,0.0,0
left_kp0.009_ki0.02_kd0_-300_r2,left,0.009,0.02,0.0,0,stop,0.5402898989850655,-264.0,0.0,0.0,0.0,0.0,0.0,0.0,0.0,0
left_kp0.009_ki0.02_kd0_-300_r2,left,0.009,0.02,0.0,0,stop,0.6066128030070104,-264.0,0.0,0.0,0.0,0.0,0.0,0.0,0.0,0
left_kp0.009_ki0.02_kd0_-300_r2,left,0.009,0.02,0.0,0,stop,0.6728465079795569,0.0,0.0,0.0,0.0,0.0,0.0,0.0,0.0,0
left_kp0.009_ki0.02_kd0_-300_r2,left,0.009,0.02,0.0,0,stop,0.7392705180100165,0.0,0.0,0.0,0.0,0.0,0.0,0.0,0.0,0
right_kp0.0095_ki0.022_kd0_+300_r1,right,0.0095,0.022,0.0,300.0,run,0.00014566100435331464,0.0,0.0,0.0,0.0,0.0,0.0,0.0,0.0,0
right_kp0.0095_ki0.022_kd0_+300_r1,right,0.0095,0.022,0.0,300.0,run,0.06637395999860018,0.0,0.01,0.0,0.01,0.06,-0.007,-0.286,0.128,0
right_kp0.0095_ki0.022_kd0_+300_r1,right,0.0095,0.022,0.0,300.0,run,0.1326660020276904,0.0,0.02,0.01,0.02,0.04,0.01,0.356,0.201,0
right_kp0.0095_ki0.022_kd0_+300_r1,right,0.0095,0.022,0.0,300.0,run,0.19897278299322352,0.0,0.09,0.02,0.1,0.02,0.034,1.45,0.029,0
right_kp0.0095_ki0.022_kd0_+300_r1,right,0.0095,0.022,0.0,300.0,run,0.2652132189832628,0.0,0.24,0.0,0.24,0.06,0.04,1.707,-0.115,0
right_kp0.0095_ki0.022_kd0_+300_r1,right,0.0095,0.022,0.0,300.0,run,0.33145050099119544,0.0,0.22,0.01,0.22,0.04,0.04,1.694,-0.292,0
right_kp0.0095_ki0.022_kd0_+300_r1,right,0.0095,0.022,0.0,300.0,run,0.3976958999992348,0.0,0.23,0.0,-0.23,-0.08,0.042,1.755,-0.375,0
right_kp0.0095_ki0.022_kd0_+300_r1,right,0.0095,0.022,0.0,300.0,run,0.4639867580262944,0.0,0.24,0.0,-0.24,-0.06,0.043,1.82,-0.394,0
right_kp0.0095_ki0.022_kd0_+300_r1,right,0.0095,0.022,0.0,300.0,run,0.5303536209976301,0.0,0.25,-0.01,-0.25,-0.06,0.048,2.034,-0.335,0
right_kp0.0095_ki0.022_kd0_+300_r1,right,0.0095,0.022,0.0,300.0,run,0.5965784970321693,0.0,0.21,0.03,0.21,0.06,0.062,2.624,-0.477,0
right_kp0.0095_ki0.022_kd0_+300_r1,right,0.0095,0.022,0.0,300.0,run,0.6630720460088924,0.0,0.31,0.0,0.31,0.12,0.075,3.16,-0.471,0
right_kp0.0095_ki0.022_kd0_+300_r1,right,0.0095,0.022,0.0,300.0,run,0.729539614985697,303.0,0.24,0.03,0.24,0.06,0.077,3.114,-1.061,0
right_kp0.0095_ki0.022_kd0_+300_r1,right,0.0095,0.022,0.0,300.0,run,0.7962356670177542,358.0,0.16,0.02,0.16,0.08,0.077,3.197,-0.793,0
right_kp0.0095_ki0.022_kd0_+300_r1,right,0.0095,0.022,0.0,300.0,run,0.8626123110298067,363.0,0.23,0.0,0.23,0.04,0.069,2.908,-0.646,0
right_kp0.0095_ki0.022_kd0_+300_r1,right,0.0095,0.022,0.0,300.0,run,0.9290607069851831,336.0,0.21,0.02,0.21,0.1,0.066,2.795,-0.514,0
right_kp0.0095_ki0.022_kd0_+300_r1,right,0.0095,0.022,0.0,300.0,run,0.995437673991546,285.0,0.18,0.03,0.18,0.1,0.065,2.766,-0.431,0
right_kp0.0095_ki0.022_kd0_+300_r1,right,0.0095,0.022,0.0,300.0,run,1.0617238249978982,258.0,0.14,0.05,0.15,0.08,0.065,2.75,-0.565,0
right_kp0.0095_ki0.022_kd0_+300_r1,right,0.0095,0.022,0.0,300.0,run,1.1281114279991016,256.0,0.23,0.01,0.23,0.08,0.066,2.803,-0.479,0
right_kp0.0095_ki0.022_kd0_+300_r1,right,0.0095,0.022,0.0,300.0,run,1.1946104079834186,258.0,0.19,0.01,0.19,0.1,0.068,2.911,-0.31,0
right_kp0.0095_ki0.022_kd0_+300_r1,right,0.0095,0.022,0.0,300.0,run,1.2609273280249909,266.0,0.22,-0.03,0.22,0.08,0.069,2.916,-0.493,0
right_kp0.0095_ki0.022_kd0_+300_r1,right,0.0095,0.022,0.0,300.0,run,1.3276591050089337,277.0,0.16,0.0,-0.16,-0.04,0.07,2.919,-0.608,0
right_kp0.0095_ki0.022_kd0_+300_r1,right,0.0095,0.022,0.0,300.0,run,1.3943312339833938,287.0,0.23,-0.02,0.23,0.1,0.068,2.892,-0.332,0
right_kp0.0095_ki0.022_kd0_+300_r1,right,0.0095,0.022,0.0,300.0,run,1.4605952689889818,280.0,0.18,0.0,0.18,0.1,0.07,2.951,-0.656,0
right_kp0.0095_ki0.022_kd0_+300_r1,right,0.0095,0.022,0.0,300.0,run,1.5269241069909185,283.0,0.26,0.04,0.26,0.08,0.067,2.806,-0.597,0
right_kp0.0095_ki0.022_kd0_+300_r1,right,0.0095,0.022,0.0,300.0,run,1.5932390890084207,294.0,0.19,-0.07,0.21,0.1,0.069,2.927,-0.463,0
right_kp0.0095_ki0.022_kd0_+300_r1,right,0.0095,0.022,0.0,300.0,run,1.6595362200168893,283.0,0.23,0.08,0.24,0.04,0.07,2.943,-0.611,0
right_kp0.0095_ki0.022_kd0_+300_r1,right,0.0095,0.022,0.0,300.0,run,1.7258317680098116,286.0,0.25,0.01,0.25,0.1,0.07,2.927,-0.581,0
right_kp0.0095_ki0.022_kd0_+300_r1,right,0.0095,0.022,0.0,300.0,run,1.7921957449871115,294.0,0.23,0.02,0.23,0.06,0.07,2.937,-0.581,0
right_kp0.0095_ki0.022_kd0_+300_r1,right,0.0095,0.022,0.0,300.0,run,1.8589902850217186,293.0,0.21,0.04,0.22,0.02,0.072,3.031,-0.541,0
right_kp0.0095_ki0.022_kd0_+300_r1,right,0.0095,0.022,0.0,300.0,run,1.9253549890127033,295.0,0.23,-0.03,0.23,0.14,0.07,2.954,-0.565,0
right_kp0.0095_ki0.022_kd0_+300_r1,right,0.0095,0.022,0.0,300.0,run,1.9917155320290476,296.0,0.18,0.0,-0.18,-0.02,0.069,2.911,-0.584,0
right_kp0.0095_ki0.022_kd0_+300_r1,right,0.0095,0.022,0.0,300.0,run,2.0583177729859017,289.0,0.21,0.03,0.21,0.08,0.07,2.964,-0.506,0
right_kp0.0095_ki0.022_kd0_+300_r1,right,0.0095,0.022,0.0,300.0,run,2.1246289639966562,290.0,0.22,-0.04,0.22,0.1,0.071,2.978,-0.603,0
right_kp0.0095_ki0.022_kd0_+300_r1,right,0.0095,0.022,0.0,300.0,run,2.1909213709877804,292.0,0.26,-0.01,0.26,0.06,0.069,2.881,-0.573,0
right_kp0.0095_ki0.022_kd0_+300_r1,right,0.0095,0.022,0.0,300.0,run,2.2574300880078226,288.0,0.22,0.04,0.23,0.08,0.071,2.991,-0.45,0
right_kp0.0095_ki0.022_kd0_+300_r1,right,0.0095,0.022,0.0,300.0,run,2.3236967549892142,287.0,0.14,0.0,0.14,0.02,0.071,2.946,-0.761,0
right_kp0.0095_ki0.022_kd0_+300_r1,right,0.0095,0.022,0.0,300.0,run,2.389989053015597,296.0,0.26,-0.06,0.26,0.06,0.07,2.932,-0.595,0
right_kp0.0095_ki0.022_kd0_+300_r1,right,0.0095,0.022,0.0,300.0,run,2.4583116979920305,297.0,0.21,0.03,0.21,0.08,0.072,3.045,-0.487,0
right_kp0.0095_ki0.022_kd0_+300_r1,right,0.0095,0.022,0.0,300.0,run,2.524544487008825,299.0,0.15,-0.04,0.16,0.08,0.072,3.002,-0.737,0
right_kp0.0095_ki0.022_kd0_+300_r1,right,0.0095,0.022,0.0,300.0,run,2.5908521719975397,308.0,0.24,-0.01,0.24,0.08,0.07,2.962,-0.605,0
right_kp0.0095_ki0.022_kd0_+300_r1,right,0.0095,0.022,0.0,300.0,run,2.6572245319839567,299.0,0.21,0.02,0.21,0.08,0.072,3.053,-0.5,0
right_kp0.0095_ki0.022_kd0_+300_r1,right,0.0095,0.022,0.0,300.0,run,2.723518693994265,303.0,0.18,-0.05,0.19,0.08,0.072,3.0,-0.693,0
right_kp0.0095_ki0.022_kd0_+300_r1,right,0.0095,0.022,0.0,300.0,run,2.7897487740265206,314.0,0.21,0.0,0.21,0.08,0.07,2.919,-0.618,0
right_kp0.0095_ki0.022_kd0_+300_r1,right,0.0095,0.022,0.0,300.0,run,2.8561401900369674,298.0,0.2,0.02,0.2,0.06,0.071,3.018,-0.519,0
right_kp0.0095_ki0.022_kd0_+300_r1,right,0.0095,0.022,0.0,300.0,run,2.9224037600215524,296.0,0.2,-0.04,0.2,0.08,0.072,2.994,-0.712,0
right_kp0.0095_ki0.022_kd0_+300_r1,right,0.0095,0.022,0.0,300.0,run,2.988649676030036,307.0,0.23,0.0,0.23,0.08,0.07,2.922,-0.61,0
right_kp0.0095_ki0.022_kd0_+300_r1,right,0.0095,0.022,0.0,0,stop,1.1050142347812653e-06,299.0,0.2,0.05,0.21,0.06,0.072,3.029,-0.549,0
right_kp0.0095_ki0.022_kd0_+300_r1,right,0.0095,0.022,0.0,0,stop,0.07639271899824962,298.0,0.17,-0.01,0.17,0.06,0.067,2.81,-0.592,0
right_kp0.0095_ki0.022_kd0_+300_r1,right,0.0095,0.022,0.0,0,stop,0.14267686498351395,290.0,0.14,-0.02,0.14,0.08,0.055,2.325,-0.441,0
right_kp0.0095_ki0.022_kd0_+300_r1,right,0.0095,0.022,0.0,0,stop,0.20896487298887223,290.0,0.0,0.0,0.0,0.0,0.0,0.0,0.0,0
right_kp0.0095_ki0.022_kd0_+300_r1,right,0.0095,0.022,0.0,0,stop,0.27534213702892885,290.0,0.0,0.0,0.0,0.0,0.0,0.0,0.0,0
right_kp0.0095_ki0.022_kd0_+300_r1,right,0.0095,0.022,0.0,0,stop,0.3416680340305902,290.0,0.0,0.0,0.0,0.0,0.0,0.0,0.0,0
right_kp0.0095_ki0.022_kd0_+300_r1,right,0.0095,0.022,0.0,0,stop,0.40801920398371294,290.0,0.0,0.0,0.0,0.0,0.0,0.0,0.0,0
right_kp0.0095_ki0.022_kd0_+300_r1,right,0.0095,0.022,0.0,0,stop,0.4744136640219949,290.0,0.0,0.0,0.0,0.0,0.0,0.0,0.0,0
right_kp0.0095_ki0.022_kd0_+300_r1,right,0.0095,0.022,0.0,0,stop,0.5407114429981448,290.0,0.0,0.0,0.0,0.0,0.0,0.0,0.0,0
right_kp0.0095_ki0.022_kd0_+300_r1,right,0.0095,0.022,0.0,0,stop,0.6070335439871997,290.0,0.0,0.0,0.0,0.0,0.0,0.0,0.0,0
right_kp0.0095_ki0.022_kd0_+300_r1,right,0.0095,0.022,0.0,0,stop,0.6733922270359471,0.0,0.0,0.0,0.0,0.0,0.0,0.0,0.0,0
right_kp0.0095_ki0.022_kd0_+300_r1,right,0.0095,0.022,0.0,0,stop,0.73970792099135,0.0,0.0,0.0,0.0,0.0,0.0,0.0,0.0,0
right_kp0.0095_ki0.022_kd0_-300_r1,right,0.0095,0.022,0.0,-300.0,run,0.00010311801452189684,0.0,0.0,0.0,0.0,0.0,0.0,0.0,0.0,0
right_kp0.0095_ki0.022_kd0_-300_r1,right,0.0095,0.022,0.0,-300.0,run,0.06626420503016561,0.0,0.01,0.0,0.01,0.04,-0.013,-0.525,0.134,0
right_kp0.0095_ki0.022_kd0_-300_r1,right,0.0095,0.022,0.0,-300.0,run,0.1325593710062094,0.0,-0.04,0.0,0.04,0.06,-0.03,-1.294,0.131,0
right_kp0.0095_ki0.022_kd0_-300_r1,right,0.0095,0.022,0.0,-300.0,run,0.19881274900399148,0.0,-0.1,-0.01,0.1,0.1,-0.043,-1.825,0.294,0
right_kp0.0095_ki0.022_kd0_-300_r1,right,0.0095,0.022,0.0,-300.0,run,0.26505209400784224,0.0,-0.15,0.0,0.15,0.04,-0.051,-2.171,0.286,0
right_kp0.0095_ki0.022_kd0_-300_r1,right,0.0095,0.022,0.0,-300.0,run,0.33130442298715934,0.0,-0.23,-0.02,0.23,0.06,-0.047,-2.002,0.235,0
right_kp0.0095_ki0.022_kd0_-300_r1,right,0.0095,0.022,0.0,-300.0,run,0.3975360210170038,0.0,-0.22,0.0,0.22,0.08,-0.046,-1.92,0.42,0
right_kp0.0095_ki0.022_kd0_-300_r1,right,0.0095,0.022,0.0,-300.0,run,0.4637953389901668,0.0,-0.27,-0.01,-0.27,-0.06,-0.045,-1.893,0.313,0
right_kp0.0095_ki0.022_kd0_-300_r1,right,0.0095,0.022,0.0,-300.0,run,0.5299258370068856,0.0,-0.27,0.0,0.27,0.0,-0.043,-1.837,-0.227,0
right_kp0.0095_ki0.022_kd0_-300_r1,right,0.0095,0.022,0.0,-300.0,run,0.5961896490189247,0.0,-0.29,0.01,0.29,0.0,-0.044,-1.883,-0.286,0
right_kp0.0095_ki0.022_kd0_-300_r1,right,0.0095,0.022,0.0,-300.0,run,0.6624310470069759,0.0,-0.31,0.0,0.31,0.02,-0.045,-1.923,-0.278,0
right_kp0.0095_ki0.022_kd0_-300_r1,right,0.0095,0.022,0.0,-300.0,run,0.7286396480049007,0.0,-0.33,-0.01,0.33,0.08,-0.05,-2.124,-0.214,0
right_kp0.0095_ki0.022_kd0_-300_r1,right,0.0095,0.022,0.0,-300.0,run,0.7949570339987986,0.0,-0.31,0.04,0.31,0.04,-0.064,-2.702,-0.366,0
right_kp0.0095_ki0.022_kd0_-300_r1,right,0.0095,0.022,0.0,-300.0,run,0.861272189009469,-22.0,-0.37,0.04,0.38,0.06,-0.081,-3.46,-0.361,0
right_kp0.0095_ki0.022_kd0_-300_r1,right,0.0095,0.022,0.0,-300.0,run,0.9274920729803853,-303.0,-0.25,0.0,0.25,0.08,-0.083,-3.297,-1.35,0
right_kp0.0095_ki0.022_kd0_-300_r1,right,0.0095,0.022,0.0,-300.0,run,0.9937530640163459,-411.0,-0.21,0.03,0.21,0.04,-0.085,-3.525,-0.953,0
right_kp0.0095_ki0.022_kd0_-300_r1,right,0.0095,0.022,0.0,-300.0,run,1.0601728000328876,-427.0,-0.15,-0.05,0.15,0.06,-0.081,-3.353,-0.95,0
right_kp0.0095_ki0.022_kd0_-300_r1,right,0.0095,0.022,0.0,-300.0,run,1.1263159670052119,-401.0,-0.2,0.05,0.21,0.06,-0.08,-3.393,-0.543,0
right_kp0.0095_ki0.022_kd0_-300_r1,right,0.0095,0.022,0.0,-300.0,run,1.1926451079780236,-368.0,-0.08,0.0,0.08,0.06,-0.077,-3.203,-0.739,0
right_kp0.0095_ki0.022_kd0_-300_r1,right,0.0095,0.022,0.0,-300.0,run,1.2589734260109253,-360.0,-0.14,-0.04,-0.15,-0.06,-0.074,-3.15,-0.508,0
right_kp0.0095_ki0.022_kd0_-300_r1,right,0.0095,0.022,0.0,-300.0,run,1.3250761710223742,-344.0,-0.25,0.03,0.25,0.04,-0.072,-3.051,-0.53,0
right_kp0.0095_ki0.022_kd0_-300_r1,right,0.0095,0.022,0.0,-300.0,run,1.391239429009147,-329.0,-0.26,0.04,0.26,0.06,-0.071,-2.984,-0.608,0
right_kp0.0095_ki0.022_kd0_-300_r1,right,0.0095,0.022,0.0,-300.0,run,1.4574633979937062,-323.0,-0.17,-0.06,0.18,0.06,-0.073,-3.088,-0.425,0
right_kp0.0095_ki0.022_kd0_-300_r1,right,0.0095,0.022,0.0,-300.0,run,1.5236834940151311,-308.0,-0.19,0.05,0.2,0.0,-0.071,-2.954,-0.637,0
right_kp0.0095_ki0.022_kd0_-300_r1,right,0.0095,0.022,0.0,-300.0,run,1.5899053949979134,-316.0,-0.17,0.03,0.18,0.06,-0.072,-3.013,-0.733,0
right_kp0.0095_ki0.022_kd0_-300_r1,right,0.0095,0.022,0.0,-300.0,run,1.6560453869751655,-318.0,-0.2,-0.02,0.2,0.06,-0.072,-3.053,-0.38,0
right_kp0.0095_ki0.022_kd0_-300_r1,right,0.0095,0.022,0.0,-300.0,run,1.7223898770171218,-311.0,-0.2,-0.04,0.2,0.06,-0.072,-3.029,-0.551,0
right_kp0.0095_ki0.022_kd0_-300_r1,right,0.0095,0.022,0.0,-300.0,run,1.7888230659882538,-322.0,-0.21,-0.01,0.21,0.06,-0.071,-2.986,-0.618,0
right_kp0.0095_ki0.022_kd0_-300_r1,right,0.0095,0.022,0.0,-300.0,run,1.855160720006097,-314.0,-0.15,0.0,0.15,0.06,-0.074,-3.134,-0.369,0
right_kp0.0095_ki0.022_kd0_-300_r1,right,0.0095,0.022,0.0,-300.0,run,1.9215154930134304,-305.0,-0.21,-0.01,0.21,0.02,-0.071,-2.976,-0.543,0
right_kp0.0095_ki0.022_kd0_-300_r1,right,0.0095,0.022,0.0,-300.0,run,1.9879310469841585,-314.0,-0.22,-0.02,0.22,0.04,-0.069,-2.914,-0.592,0
right_kp0.0095_ki0.022_kd0_-300_r1,right,0.0095,0.022,0.0,-300.0,run,2.054283033008687,-307.0,-0.19,0.03,0.19,0.02,-0.072,-3.08,-0.377,0
right_kp0.0095_ki0.022_kd0_-300_r1,right,0.0095,0.022,0.0,-300.0,run,2.120495403010864,-297.0,-0.24,-0.03,-0.24,-0.06,-0.069,-2.917,-0.525,0
right_kp0.0095_ki0.022_kd0_-300_r1,right,0.0095,0.022,0.0,-300.0,run,2.18670820601983,-302.0,-0.21,-0.01,0.21,0.04,-0.069,-2.89,-0.618,0
right_kp0.0095_ki0.022_kd0_-300_r1,right,0.0095,0.022,0.0,-300.0,run,2.2530777089996263,-298.0,-0.16,0.01,0.16,0.02,-0.072,-3.061,-0.366,0
right_kp0.0095_ki0.022_kd0_-300_r1,right,0.0095,0.022,0.0,-300.0,run,2.3194320399779826,-292.0,-0.22,-0.02,-0.22,-0.04,-0.07,-2.949,-0.551,0
right_kp0.0095_ki0.022_kd0_-300_r1,right,0.0095,0.022,0.0,-300.0,run,2.3857035959954374,-302.0,-0.21,-0.02,0.21,0.02,-0.069,-2.911,-0.626,0
right_kp0.0095_ki0.022_kd0_-300_r1,right,0.0095,0.022,0.0,-300.0,run,2.4523152749752626,-300.0,-0.17,0.01,0.17,0.04,-0.072,-3.077,-0.358,0
right_kp0.0095_ki0.022_kd0_-300_r1,right,0.0095,0.022,0.0,-300.0,run,2.518661955022253,-297.0,-0.2,-0.01,0.2,0.04,-0.07,-2.949,-0.565,0
right_kp0.0095_ki0.022_kd0_-300_r1,right,0.0095,0.022,0.0,-300.0,run,2.585051284986548,-306.0,-0.21,-0.02,0.21,0.04,-0.069,-2.911,-0.626,0
right_kp0.0095_ki0.022_kd0_-300_r1,right,0.0095,0.022,0.0,-300.0,run,2.651363583980128,-304.0,-0.15,0.01,-0.15,-0.08,-0.072,-3.085,-0.361,0
right_kp0.0095_ki0.022_kd0_-300_r1,right,0.0095,0.022,0.0,-300.0,run,2.717636385001242,-297.0,-0.23,-0.03,-0.24,-0.06,-0.069,-2.904,-0.546,0
right_kp0.0095_ki0.022_kd0_-300_r1,right,0.0095,0.022,0.0,-300.0,run,2.7839666419895366,-300.0,-0.22,-0.03,0.22,0.06,-0.069,-2.879,-0.621,0
right_kp0.0095_ki0.022_kd0_-300_r1,right,0.0095,0.022,0.0,-300.0,run,2.8501722749788314,-295.0,-0.15,-0.01,0.15,0.02,-0.071,-3.008,-0.334,0
right_kp0.0095_ki0.022_kd0_-300_r1,right,0.0095,0.022,0.0,-300.0,run,2.9165231229853816,-291.0,-0.19,-0.01,0.19,0.02,-0.069,-2.922,-0.535,0
right_kp0.0095_ki0.022_kd0_-300_r1,right,0.0095,0.022,0.0,-300.0,run,2.9829141160007566,-293.0,-0.2,-0.05,0.21,0.08,-0.069,-2.895,-0.626,0
right_kp0.0095_ki0.022_kd0_-300_r1,right,0.0095,0.022,0.0,0,stop,1.3830140233039856e-06,-288.0,-0.18,0.0,0.18,0.02,-0.07,-2.965,-0.313,0
right_kp0.0095_ki0.022_kd0_-300_r1,right,0.0095,0.022,0.0,0,stop,0.07717368099838495,-288.0,-0.18,-0.01,0.18,0.04,-0.065,-2.735,-0.487,0
right_kp0.0095_ki0.022_kd0_-300_r1,right,0.0095,0.022,0.0,0,stop,0.14356528403004631,-272.0,-0.11,-0.02,0.11,0.02,-0.058,-2.429,-0.492,0
right_kp0.0095_ki0.022_kd0_-300_r1,right,0.0095,0.022,0.0,0,stop,0.21001842600526288,-272.0,0.0,0.0,0.0,0.0,0.0,0.0,0.0,0
right_kp0.0095_ki0.022_kd0_-300_r1,right,0.0095,0.022,0.0,0,stop,0.276356807036791,-272.0,0.0,0.0,0.0,0.0,0.0,0.0,0.0,0
right_kp0.0095_ki0.022_kd0_-300_r1,right,0.0095,0.022,0.0,0,stop,0.34279937599785626,-272.0,0.0,0.0,0.0,0.0,0.0,0.0,0.0,0
right_kp0.0095_ki0.022_kd0_-300_r1,right,0.0095,0.022,0.0,0,stop,0.40911029401468113,-272.0,0.0,0.0,0.0,0.0,0.0,0.0,0.0,0
right_kp0.0095_ki0.022_kd0_-300_r1,right,0.0095,0.022,0.0,0,stop,0.47540414903778583,-272.0,0.0,0.0,0.0,0.0,0.0,0.0,0.0,0
right_kp0.0095_ki0.022_kd0_-300_r1,right,0.0095,0.022,0.0,0,stop,0.5420839310390875,-272.0,0.0,0.0,0.0,0.0,0.0,0.0,0.0,0
right_kp0.0095_ki0.022_kd0_-300_r1,right,0.0095,0.022,0.0,0,stop,0.6085916180163622,-272.0,0.0,0.0,0.0,0.0,0.0,0.0,0.0,0
right_kp0.0095_ki0.022_kd0_-300_r1,right,0.0095,0.022,0.0,0,stop,0.6750542640220374,0.0,0.0,0.0,0.0,0.0,0.0,0.0,0.0,0
right_kp0.0095_ki0.022_kd0_-300_r1,right,0.0095,0.022,0.0,0,stop,0.7416814030148089,0.0,0.0,0.0,0.0,0.0,0.0,0.0,0.0,0
right_kp0.0095_ki0.022_kd0_+300_r2,right,0.0095,0.022,0.0,300.0,run,0.0002490099868737161,0.0,0.0,0.0,0.0,0.0,0.0,0.0,0.0,0
right_kp0.0095_ki0.022_kd0_+300_r2,right,0.0095,0.022,0.0,300.0,run,0.06675380998058245,0.0,0.0,-0.03,0.03,0.06,0.012,0.155,0.498,0
right_kp0.0095_ki0.022_kd0_+300_r2,right,0.0095,0.022,0.0,300.0,run,0.13302866299636662,0.0,0.04,-0.01,0.04,0.06,0.029,1.055,0.645,0
right_kp0.0095_ki0.022_kd0_+300_r2,right,0.0095,0.022,0.0,300.0,run,0.19935458700638264,0.0,0.14,0.0,0.14,0.04,0.04,1.612,0.559,0
right_kp0.0095_ki0.022_kd0_+300_r2,right,0.0095,0.022,0.0,300.0,run,0.2661501499824226,0.0,0.17,0.0,0.17,0.06,0.047,1.936,0.53,0
right_kp0.0095_ki0.022_kd0_+300_r2,right,0.0095,0.022,0.0,300.0,run,0.3323995990213007,0.0,0.23,0.04,0.24,0.06,0.045,1.896,0.249,0
right_kp0.0095_ki0.022_kd0_+300_r2,right,0.0095,0.022,0.0,300.0,run,0.3985903849825263,0.0,0.25,0.01,0.25,0.08,0.041,1.757,-0.233,0
right_kp0.0095_ki0.022_kd0_+300_r2,right,0.0095,0.022,0.0,300.0,run,0.46487468702252954,0.0,0.26,0.0,0.26,0.06,0.042,1.792,-0.308,0
right_kp0.0095_ki0.022_kd0_+300_r2,right,0.0095,0.022,0.0,300.0,run,0.5311834720196202,0.0,0.28,0.0,0.28,0.02,0.043,1.821,-0.321,0
right_kp0.0095_ki0.022_kd0_+300_r2,right,0.0095,0.022,0.0,300.0,run,0.5974096279824153,0.0,0.29,0.0,0.29,0.06,0.045,1.901,-0.334,0
right_kp0.0095_ki0.022_kd0_+300_r2,right,0.0095,0.022,0.0,300.0,run,0.6637983599794097,0.0,0.29,0.0,0.29,0.08,0.049,2.065,-0.318,0
right_kp0.0095_ki0.022_kd0_+300_r2,right,0.0095,0.022,0.0,300.0,run,0.7300887490273453,0.0,0.33,-0.04,0.34,0.08,0.06,2.568,-0.152,0
right_kp0.0095_ki0.022_kd0_+300_r2,right,0.0095,0.022,0.0,300.0,run,0.7963333079824224,22.0,0.37,0.08,0.38,0.04,0.079,3.337,-0.525,0
right_kp0.0095_ki0.022_kd0_+300_r2,right,0.0095,0.022,0.0,300.0,run,0.862706760992296,287.0,0.24,0.06,0.25,0.06,0.083,3.225,-1.489,0
right_kp0.0095_ki0.022_kd0_+300_r2,right,0.0095,0.022,0.0,300.0,run,0.9289698830107227,398.0,0.16,0.0,0.16,0.06,0.083,3.423,-1.001,0
right_kp0.0095_ki0.022_kd0_+300_r2,right,0.0095,0.022,0.0,300.0,run,0.9952558280201629,402.0,0.13,0.02,0.13,0.04,0.077,3.15,-0.934,0
right_kp0.0095_ki0.022_kd0_+300_r2,right,0.0095,0.022,0.0,300.0,run,1.0616492539993487,385.0,0.14,-0.01,-0.14,-0.06,0.075,3.168,-0.428,0
right_kp0.0095_ki0.022_kd0_+300_r2,right,0.0095,0.022,0.0,300.0,run,1.1280296909972094,347.0,0.25,0.02,0.25,0.08,0.07,2.933,-0.551,0
right_kp0.0095_ki0.022_kd0_+300_r2,right,0.0095,0.022,0.0,300.0,run,1.1942778769880533,321.0,0.23,0.01,-0.23,-0.04,0.07,2.93,-0.61,0
right_kp0.0095_ki0.022_kd0_+300_r2,right,0.0095,0.022,0.0,300.0,run,1.2607628250261769,313.0,0.2,0.02,0.21,0.06,0.07,2.973,-0.404,0
right_kp0.0095_ki0.022_kd0_+300_r2,right,0.0095,0.022,0.0,300.0,run,1.32715691201156,295.0,0.24,0.0,-0.24,-0.08,0.069,2.898,-0.519,0
right_kp0.0095_ki0.022_kd0_+300_r2,right,0.0095,0.022,0.0,300.0,run,1.3933623179909773,292.0,0.23,-0.01,0.23,0.06,0.07,2.954,-0.592,0
right_kp0.0095_ki0.022_kd0_+300_r2,right,0.0095,0.022,0.0,300.0,run,1.4596339390263893,299.0,0.19,0.0,-0.19,-0.04,0.07,2.989,-0.372,0
right_kp0.0095_ki0.022_kd0_+300_r2,right,0.0095,0.022,0.0,300.0,run,1.5258898080210201,290.0,0.23,-0.02,0.23,0.08,0.07,2.935,-0.508,0
right_kp0.0095_ki0.022_kd0_+300_r2,right,0.0095,0.022,0.0,300.0,run,1.5921388569986448,294.0,0.2,-0.02,0.2,0.08,0.071,2.954,-0.648,0
right_kp0.0095_ki0.022_kd0_+300_r2,right,0.0095,0.022,0.0,300.0,run,1.6585651399800554,305.0,0.18,0.0,0.18,0.06,0.07,2.986,-0.361,0
right_kp0.0095_ki0.022_kd0_+300_r2,right,0.0095,0.022,0.0,300.0,run,1.7248501440044492,291.0,0.23,-0.04,0.23,0.08,0.07,2.954,-0.533,0
right_kp0.0095_ki0.022_kd0_+300_r2,right,0.0095,0.022,0.0,300.0,run,1.7911987919942476,293.0,0.2,-0.04,0.21,0.04,0.071,2.968,-0.634,0
right_kp0.0095_ki0.022_kd0_+300_r2,right,0.0095,0.022,0.0,300.0,run,1.8577205699984916,303.0,0.17,-0.01,0.17,0.06,0.07,2.978,-0.364,0
right_kp0.0095_ki0.022_kd0_+300_r2,right,0.0095,0.022,0.0,300.0,run,1.9240078710136004,290.0,0.22,-0.05,0.23,0.08,0.07,2.93,-0.543,0
right_kp0.0095_ki0.022_kd0_+300_r2,right,0.0095,0.022,0.0,300.0,run,1.9902612090227194,294.0,0.17,-0.01,-0.17,-0.04,0.071,2.957,-0.656,0
right_kp0.0095_ki0.022_kd0_+300_r2,right,0.0095,0.022,0.0,300.0,run,2.0565167909953743,301.0,0.2,0.0,0.2,0.06,0.069,2.933,-0.407,0
right_kp0.0095_ki0.022_kd0_+300_r2,right,0.0095,0.022,0.0,300.0,run,2.1228531560045667,288.0,0.22,-0.06,0.23,0.06,0.071,2.968,-0.629,0
right_kp0.0095_ki0.022_kd0_+300_r2,right,0.0095,0.022,0.0,300.0,run,2.1891815430135466,294.0,0.17,0.01,0.17,0.04,0.07,2.917,-0.728,0
right_kp0.0095_ki0.022_kd0_+300_r2,right,0.0095,0.022,0.0,300.0,run,2.255566723004449,303.0,0.21,-0.04,-0.22,-0.04,0.068,2.887,-0.423,0
right_kp0.0095_ki0.022_kd0_+300_r2,right,0.0095,0.022,0.0,300.0,run,2.3218763479962945,290.0,0.18,-0.03,0.19,0.04,0.071,2.965,-0.65,0
right_kp0.0095_ki0.022_kd0_+300_r2,right,0.0095,0.022,0.0,300.0,run,2.3881379929953255,291.0,0.19,0.06,0.2,0.06,0.069,2.847,-0.744,0
right_kp0.0095_ki0.022_kd0_+300_r2,right,0.0095,0.022,0.0,300.0,run,2.4546006279997528,299.0,0.24,-0.08,0.25,0.04,0.07,2.96,-0.479,0
right_kp0.0095_ki0.022_kd0_+300_r2,right,0.0095,0.022,0.0,300.0,run,2.520852366986219,295.0,0.19,0.01,0.19,0.06,0.072,3.01,-0.739,0
right_kp0.0095_ki0.022_kd0_+300_r2,right,0.0095,0.022,0.0,300.0,run,2.587237843021285,303.0,0.19,0.06,0.2,0.04,0.069,2.866,-0.76,0
right_kp0.0095_ki0.022_kd0_+300_r2,right,0.0095,0.022,0.0,300.0,run,2.6534907830064185,311.0,0.23,-0.04,0.24,0.06,0.069,2.938,-0.441,0
right_kp0.0095_ki0.022_kd0_+300_r2,right,0.0095,0.022,0.0,300.0,run,2.719785107008647,302.0,0.2,-0.06,0.21,0.08,0.072,3.016,-0.669,0
right_kp0.0095_ki0.022_kd0_+300_r2,right,0.0095,0.022,0.0,300.0,run,2.786102735029999,300.0,0.17,0.05,0.17,0.04,0.069,2.871,-0.784,0
right_kp0.0095_ki0.022_kd0_+300_r2,right,0.0095,0.022,0.0,300.0,run,2.852514047001023,306.0,0.24,-0.03,0.24,0.06,0.069,2.917,-0.417,0
right_kp0.0095_ki0.022_kd0_+300_r2,right,0.0095,0.022,0.0,300.0,run,2.9187725959927775,297.0,0.2,-0.05,0.2,0.06,0.072,3.002,-0.675,0
right_kp0.0095_ki0.022_kd0_+300_r2,right,0.0095,0.022,0.0,300.0,run,2.985068758018315,298.0,0.16,0.04,0.16,0.06,0.07,2.89,-0.784,0
right_kp0.0095_ki0.022_kd0_+300_r2,right,0.0095,0.022,0.0,0,stop,1.2036995030939579e-05,308.0,0.19,-0.01,0.19,0.04,0.069,2.93,-0.423,0
right_kp0.0095_ki0.022_kd0_+300_r2,right,0.0095,0.022,0.0,0,stop,0.07639821094926447,294.0,0.2,-0.03,0.2,0.06,0.066,2.748,-0.578,0
right_kp0.0095_ki0.022_kd0_+300_r2,right,0.0095,0.022,0.0,0,stop,0.1426926259882748,268.0,0.13,0.03,0.14,0.06,0.056,2.351,-0.527,0
right_kp0.0095_ki0.022_kd0_+300_r2,right,0.0095,0.022,0.0,0,stop,0.2089534149854444,268.0,0.0,0.0,0.0,0.0,0.0,0.0,0.0,0
right_kp0.0095_ki0.022_kd0_+300_r2,right,0.0095,0.022,0.0,0,stop,0.27532319095917046,268.0,0.0,0.0,0.0,0.0,0.0,0.0,0.0,0
right_kp0.0095_ki0.022_kd0_+300_r2,right,0.0095,0.022,0.0,0,stop,0.3415871929610148,268.0,0.0,0.0,0.0,0.0,0.0,0.0,0.0,0
right_kp0.0095_ki0.022_kd0_+300_r2,right,0.0095,0.022,0.0,0,stop,0.4079006239771843,268.0,0.0,0.0,0.0,0.0,0.0,0.0,0.0,0
right_kp0.0095_ki0.022_kd0_+300_r2,right,0.0095,0.022,0.0,0,stop,0.4742841179831885,268.0,0.0,0.0,0.0,0.0,0.0,0.0,0.0,0
right_kp0.0095_ki0.022_kd0_+300_r2,right,0.0095,0.022,0.0,0,stop,0.5406058289809152,268.0,0.0,0.0,0.0,0.0,0.0,0.0,0.0,0
right_kp0.0095_ki0.022_kd0_+300_r2,right,0.0095,0.022,0.0,0,stop,0.607008691993542,268.0,0.0,0.0,0.0,0.0,0.0,0.0,0.0,0
right_kp0.0095_ki0.022_kd0_+300_r2,right,0.0095,0.022,0.0,0,stop,0.6733286319649778,0.0,0.0,0.0,0.0,0.0,0.0,0.0,0.0,0
right_kp0.0095_ki0.022_kd0_+300_r2,right,0.0095,0.022,0.0,0,stop,0.7397584309801459,0.0,0.0,0.0,0.0,0.0,0.0,0.0,0.0,0
right_kp0.0095_ki0.022_kd0_-300_r2,right,0.0095,0.022,0.0,-300.0,run,0.0001387610100209713,0.0,0.0,0.0,0.0,0.0,0.0,0.0,0.0,0
right_kp0.0095_ki0.022_kd0_-300_r2,right,0.0095,0.022,0.0,-300.0,run,0.06677508098073304,0.0,0.0,-0.03,0.03,0.04,-0.013,-0.117,0.535,0
right_kp0.0095_ki0.022_kd0_-300_r2,right,0.0095,0.022,0.0,-300.0,run,0.13297200400847942,0.0,-0.04,0.0,0.04,0.04,-0.028,-1.007,0.669,0
right_kp0.0095_ki0.022_kd0_-300_r2,right,0.0095,0.022,0.0,-300.0,run,0.19927519100019708,0.0,-0.15,0.0,0.15,0.06,-0.038,-1.481,0.648,0
right_kp0.0095_ki0.022_kd0_-300_r2,right,0.0095,0.022,0.0,-300.0,run,0.2656897340202704,0.0,-0.19,0.01,0.19,0.06,-0.04,-1.591,0.61,0
right_kp0.0095_ki0.022_kd0_-300_r2,right,0.0095,0.022,0.0,-300.0,run,0.33193614601623267,0.0,-0.21,0.0,0.21,0.06,-0.039,-1.569,0.589,0
right_kp0.0095_ki0.022_kd0_-300_r2,right,0.0095,0.022,0.0,-300.0,run,0.3982231140253134,0.0,-0.23,0.01,0.23,0.04,-0.04,-1.62,0.573,0
right_kp0.0095_ki0.022_kd0_-300_r2,right,0.0095,0.022,0.0,-300.0,run,0.46437108202371746,0.0,-0.25,0.0,0.25,0.08,-0.042,-1.692,0.589,0
right_kp0.0095_ki0.022_kd0_-300_r2,right,0.0095,0.022,0.0,-300.0,run,0.5306783430278301,0.0,-0.27,0.0,0.27,0.06,-0.044,-1.776,0.573,0
right_kp0.0095_ki0.022_kd0_-300_r2,right,0.0095,0.022,0.0,-300.0,run,0.5969316710252315,0.0,-0.29,0.01,0.29,0.06,-0.049,-2.035,0.495,0
right_kp0.0095_ki0.022_kd0_-300_r2,right,0.0095,0.022,0.0,-300.0,run,0.6632884049904533,0.0,-0.29,0.03,0.29,0.04,-0.055,-2.351,0.053,0
right_kp0.0095_ki0.022_kd0_-300_r2,right,0.0095,0.022,0.0,-300.0,run,0.7296340630273335,0.0,-0.25,0.02,0.25,0.04,-0.072,-3.064,-0.123,0
right_kp0.0095_ki0.022_kd0_-300_r2,right,0.0095,0.022,0.0,-300.0,run,0.7959242869983427,-23.0,-0.4,0.05,0.4,0.06,-0.081,-3.444,-0.565,0
right_kp0.0095_ki0.022_kd0_-300_r2,right,0.0095,0.022,0.0,-300.0,run,0.8621889990172349,-376.0,-0.18,-0.03,0.19,0.04,-0.079,-3.273,-0.8,0
right_kp0.0095_ki0.022_kd0_-300_r2,right,0.0095,0.022,0.0,-300.0,run,0.9285253130365163,-391.0,-0.25,0.06,0.26,0.04,-0.074,-3.096,-0.667,0
right_kp0.0095_ki0.022_kd0_-300_r2,right,0.0095,0.022,0.0,-300.0,run,0.9949105629930273,-352.0,-0.19,0.04,0.19,0.06,-0.072,-2.997,-0.696,0
right_kp0.0095_ki0.022_kd0_-300_r2,right,0.0095,0.022,0.0,-300.0,run,1.0612314909812994,-325.0,-0.22,-0.07,0.23,0.06,-0.07,-2.984,-0.318,0
right_kp0.0095_ki0.022_kd0_-300_r2,right,0.0095,0.022,0.0,-300.0,run,1.127490555983968,-303.0,-0.17,0.0,0.17,0.06,-0.069,-2.914,-0.6,0
right_kp0.0095_ki0.022_kd0_-300_r2,right,0.0095,0.022,0.0,-300.0,run,1.1938318199827336,-295.0,-0.24,0.05,0.25,0.06,-0.068,-2.86,-0.6,0
right_kp0.0095_ki0.022_kd0_-300_r2,right,0.0095,0.022,0.0,-300.0,run,1.260121978004463,-288.0,-0.18,0.0,0.18,0.06,-0.07,-2.962,-0.439,0
right_kp0.0095_ki0.022_kd0_-300_r2,right,0.0095,0.022,0.0,-300.0,run,1.3268697180319577,-287.0,-0.26,0.03,0.27,0.08,-0.068,-2.882,-0.549,0
right_kp0.0095_ki0.022_kd0_-300_r2,right,0.0095,0.022,0.0,-300.0,run,1.3934620480285957,-300.0,-0.26,0.02,0.26,0.06,-0.07,-2.941,-0.573,0
right_kp0.0095_ki0.022_kd0_-300_r2,right,0.0095,0.022,0.0,-300.0,run,1.459628343989607,-305.0,-0.17,-0.01,0.17,0.08,-0.071,-3.024,-0.471,0
right_kp0.0095_ki0.022_kd0_-300_r2,right,0.0095,0.022,0.0,-300.0,run,1.5260243610246107,-297.0,-0.27,0.03,0.27,0.08,-0.069,-2.906,-0.586,0
right_kp0.0095_ki0.022_kd0_-300_r2,right,0.0095,0.022,0.0,-300.0,run,1.5923202590201981,-309.0,-0.22,0.05,0.23,0.08,-0.071,-2.962,-0.672,0
right_kp0.0095_ki0.022_kd0_-300_r2,right,0.0095,0.022,0.0,-300.0,run,1.6586488760076463,-313.0,-0.18,-0.07,0.19,0.06,-0.072,-3.048,-0.425,0
right_kp0.0095_ki0.022_kd0_-300_r2,right,0.0095,0.022,0.0,-300.0,run,1.7249141749925911,-307.0,-0.16,0.0,0.16,0.08,-0.071,-2.981,-0.621,0
right_kp0.0095_ki0.022_kd0_-300_r2,right,0.0095,0.022,0.0,-300.0,run,1.7911729399929754,-317.0,-0.17,-0.04,0.18,0.08,-0.072,-2.992,-0.664,0
right_kp0.0095_ki0.022_kd0_-300_r2,right,0.0095,0.022,0.0,-300.0,run,1.8576481920317747,-307.0,-0.22,-0.05,0.23,0.08,-0.07,-2.973,-0.348,0
right_kp0.0095_ki0.022_kd0_-300_r2,right,0.0095,0.022,0.0,-300.0,run,1.9239091640338302,-296.0,-0.17,-0.03,0.18,0.06,-0.07,-2.941,-0.61,0
right_kp0.0095_ki0.022_kd0_-300_r2,right,0.0095,0.022,0.0,-300.0,run,1.990385624987539,-305.0,-0.17,0.0,0.17,0.08,-0.07,-2.933,-0.688,0
right_kp0.0095_ki0.022_kd0_-300_r2,right,0.0095,0.022,0.0,-300.0,run,2.0567543820361607,-301.0,-0.23,-0.04,0.24,0.08,-0.07,-2.96,-0.35,0
right_kp0.0095_ki0.022_kd0_-300_r2,right,0.0095,0.022,0.0,-300.0,run,2.123404413985554,-294.0,-0.17,-0.04,0.17,0.04,-0.071,-2.96,-0.613,0
right_kp0.0095_ki0.022_kd0_-300_r2,right,0.0095,0.022,0.0,-300.0,run,2.189696385001298,-303.0,-0.17,-0.01,0.17,0.06,-0.07,-2.914,-0.736,0
right_kp0.0095_ki0.022_kd0_-300_r2,right,0.0095,0.022,0.0,-300.0,run,2.2559268579934724,-301.0,-0.22,-0.05,0.22,0.08,-0.07,-2.96,-0.372,0
right_kp0.0095_ki0.022_kd0_-300_r2,right,0.0095,0.022,0.0,-300.0,run,2.3221834300202318,-296.0,-0.16,-0.03,0.17,0.06,-0.07,-2.949,-0.629,0
right_kp0.0095_ki0.022_kd0_-300_r2,right,0.0095,0.022,0.0,-300.0,run,2.3886904650134966,-304.0,-0.18,0.0,0.18,0.06,-0.07,-2.919,-0.733,0
right_kp0.0095_ki0.022_kd0_-300_r2,right,0.0095,0.022,0.0,-300.0,run,2.4549082199810073,-301.0,-0.21,-0.06,-0.22,-0.04,-0.07,-2.984,-0.369,0
right_kp0.0095_ki0.022_kd0_-300_r2,right,0.0095,0.022,0.0,-300.0,run,2.521123952989001,-298.0,-0.17,-0.05,0.18,0.06,-0.071,-2.97,-0.629,0
right_kp0.0095_ki0.022_kd0_-300_r2,right,0.0095,0.022,0.0,-300.0,run,2.587550276017282,-310.0,-0.18,-0.04,0.18,0.06,-0.071,-2.938,-0.704,0
right_kp0.0095_ki0.022_kd0_-300_r2,right,0.0095,0.022,0.0,-300.0,run,2.6538821529829875,-307.0,-0.18,-0.02,0.18,0.06,-0.07,-2.986,-0.364,0
right_kp0.0095_ki0.022_kd0_-300_r2,right,0.0095,0.022,0.0,-300.0,run,2.7201199249830097,-299.0,-0.19,-0.06,0.2,0.06,-0.07,-2.927,-0.557,0
right_kp0.0095_ki0.022_kd0_-300_r2,right,0.0095,0.022,0.0,-300.0,run,2.786348816996906,-300.0,-0.18,-0.03,0.19,0.08,-0.07,-2.898,-0.707,0
right_kp0.0095_ki0.022_kd0_-300_r2,right,0.0095,0.022,0.0,-300.0,run,2.85258404398337,-294.0,-0.22,-0.06,0.22,0.08,-0.069,-2.919,-0.364,0
right_kp0.0095_ki0.022_kd0_-300_r2,right,0.0095,0.022,0.0,-300.0,run,2.918766979011707,-290.0,-0.17,-0.02,0.17,0.06,-0.069,-2.901,-0.6,0
right_kp0.0095_ki0.022_kd0_-300_r2,right,0.0095,0.022,0.0,-300.0,run,2.9849491009954363,-293.0,-0.22,0.06,0.23,0.06,-0.068,-2.818,-0.664,0
right_kp0.0095_ki0.022_kd0_-300_r2,right,0.0095,0.022,0.0,0,stop,1.1479714885354042e-06,-283.0,-0.2,-0.04,0.2,0.02,-0.068,-2.901,-0.409,0
right_kp0.0095_ki0.022_kd0_-300_r2,right,0.0095,0.022,0.0,0,stop,0.07630748295923695,-276.0,-0.15,0.0,0.15,0.04,-0.065,-2.689,-0.65,0
right_kp0.0095_ki0.022_kd0_-300_r2,right,0.0095,0.022,0.0,0,stop,0.1428955279989168,-255.0,-0.13,-0.02,0.13,0.04,-0.058,-2.467,-0.399,0
right_kp0.0095_ki0.022_kd0_-300_r2,right,0.0095,0.022,0.0,0,stop,0.20932975196046755,-245.0,0.0,0.0,0.0,0.0,0.0,0.0,0.0,0
right_kp0.0095_ki0.022_kd0_-300_r2,right,0.0095,0.022,0.0,0,stop,0.2758343879831955,-245.0,0.0,0.0,0.0,0.0,0.0,0.0,0.0,0
right_kp0.0095_ki0.022_kd0_-300_r2,right,0.0095,0.022,0.0,0,stop,0.34216009196825325,-245.0,0.0,0.0,0.0,0.0,0.0,0.0,0.0,0
right_kp0.0095_ki0.022_kd0_-300_r2,right,0.0095,0.022,0.0,0,stop,0.40847243496682495,-245.0,0.0,0.0,0.0,0.0,0.0,0.0,0.0,0
right_kp0.0095_ki0.022_kd0_-300_r2,right,0.0095,0.022,0.0,0,stop,0.47473942796932533,-245.0,0.0,0.0,0.0,0.0,0.0,0.0,0.0,0
right_kp0.0095_ki0.022_kd0_-300_r2,right,0.0095,0.022,0.0,0,stop,0.5410668589756824,-245.0,0.0,0.0,0.0,0.0,0.0,0.0,0.0,0
right_kp0.0095_ki0.022_kd0_-300_r2,right,0.0095,0.022,0.0,0,stop,0.6074340859777294,-245.0,0.0,0.0,0.0,0.0,0.0,0.0,0.0,0
right_kp0.0095_ki0.022_kd0_-300_r2,right,0.0095,0.022,0.0,0,stop,0.6736990409553982,0.0,0.0,0.0,0.0,0.0,0.0,0.0,0.0,0
right_kp0.0095_ki0.022_kd0_-300_r2,right,0.0095,0.022,0.0,0,stop,0.7400353649863973,0.0,0.0,0.0,0.0,0.0,0.0,0.0,0.0,0
right_kp0.009_ki0.02_kd0_+300_r1,right,0.009,0.02,0.0,300.0,run,0.0001447510439902544,0.0,0.0,0.0,0.0,0.0,0.0,0.0,0.0,0
right_kp0.009_ki0.02_kd0_+300_r1,right,0.009,0.02,0.0,300.0,run,0.06640295899705961,0.0,0.0,-0.04,0.04,0.0,0.012,0.136,0.514,0
right_kp0.009_ki0.02_kd0_+300_r1,right,0.009,0.02,0.0,300.0,run,0.13264186203014106,0.0,0.02,0.02,0.03,0.04,0.028,0.988,0.653,0
right_kp0.009_ki0.02_kd0_+300_r1,right,0.009,0.02,0.0,300.0,run,0.19899771199561656,0.0,0.13,0.02,0.13,0.04,0.037,1.508,0.535,0
right_kp0.009_ki0.02_kd0_+300_r1,right,0.009,0.02,0.0,300.0,run,0.26528078300179914,0.0,0.18,0.01,-0.18,-0.04,0.04,1.647,0.492,0
right_kp0.009_ki0.02_kd0_+300_r1,right,0.009,0.02,0.0,300.0,run,0.33154120499966666,0.0,0.2,0.0,-0.2,-0.04,0.039,1.604,0.498,0
right_kp0.009_ki0.02_kd0_+300_r1,right,0.009,0.02,0.0,300.0,run,0.39777447801316157,0.0,0.22,0.0,0.22,0.06,0.04,1.647,0.482,0
right_kp0.009_ki0.02_kd0_+300_r1,right,0.009,0.02,0.0,300.0,run,0.46405954600777477,0.0,0.22,0.04,0.23,0.04,0.04,1.709,0.219,0
right_kp0.009_ki0.02_kd0_+300_r1,right,0.009,0.02,0.0,300.0,run,0.5304045529919676,0.0,0.24,0.02,0.24,0.08,0.042,1.802,-0.243,0
right_kp0.009_ki0.02_kd0_+300_r1,right,0.009,0.02,0.0,300.0,run,0.5967128440388478,0.0,0.27,0.0,0.27,0.04,0.043,1.832,-0.324,0
right_kp0.009_ki0.02_kd0_+300_r1,right,0.009,0.02,0.0,300.0,run,0.6630205160472542,0.0,0.29,0.0,0.29,0.04,0.044,1.869,-0.321,0
right_kp0.009_ki0.02_kd0_+300_r1,right,0.009,0.02,0.0,300.0,run,0.7293134630308487,0.0,0.32,0.0,0.32,0.04,0.046,1.936,-0.31,0
right_kp0.009_ki0.02_kd0_+300_r1,right,0.009,0.02,0.0,300.0,run,0.795556552009657,0.0,0.32,0.0,0.32,0.08,0.051,2.151,-0.27,0
right_kp0.009_ki0.02_kd0_+300_r1,right,0.009,0.02,0.0,300.0,run,0.8618155069998465,0.0,0.34,-0.1,0.35,0.08,0.064,2.735,-0.208,0
right_kp0.009_ki0.02_kd0_+300_r1,right,0.009,0.02,0.0,300.0,run,0.9280529959942214,15.0,0.34,0.11,0.36,0.1,0.082,3.471,-0.642,0
right_kp0.009_ki0.02_kd0_+300_r1,right,0.009,0.02,0.0,300.0,run,0.9944880719995126,387.0,0.24,0.01,0.24,0.06,0.084,3.252,-1.5,0
right_kp0.009_ki0.02_kd0_+300_r1,right,0.009,0.02,0.0,300.0,run,1.0611745330388658,459.0,0.15,-0.03,0.16,0.06,0.086,3.53,-1.103,0
right_kp0.009_ki0.02_kd0_+300_r1,right,0.009,0.02,0.0,300.0,run,1.127541693043895,441.0,0.16,-0.06,-0.17,-0.02,0.086,3.683,-0.334,0
right_kp0.009_ki0.02_kd0_+300_r1,right,0.009,0.02,0.0,300.0,run,1.1938693010015413,423.0,0.16,-0.05,0.17,0.04,0.081,3.45,0.187,0
right_kp0.009_ki0.02_kd0_+300_r1,right,0.009,0.02,0.0,300.0,run,1.260263467032928,386.0,0.19,-0.04,0.19,0.06,0.08,3.444,-0.101,0
right_kp0.009_ki0.02_kd0_+300_r1,right,0.009,0.02,0.0,300.0,run,1.32654551503947,380.0,0.19,-0.09,-0.21,-0.04,0.077,3.27,0.233,0
right_kp0.009_ki0.02_kd0_+300_r1,right,0.009,0.02,0.0,300.0,run,1.3929628710029647,357.0,0.16,0.06,0.17,0.06,0.077,3.292,-0.166,0
right_kp0.009_ki0.02_kd0_+300_r1,right,0.009,0.02,0.0,300.0,run,1.4592283160309307,344.0,0.27,0.0,0.27,0.02,0.075,3.214,-0.053,0
right_kp0.009_ki0.02_kd0_+300_r1,right,0.009,0.02,0.0,300.0,run,1.525497955037281,336.0,0.16,0.04,0.17,0.06,0.073,3.11,0.136,0
right_kp0.009_ki0.02_kd0_+300_r1,right,0.009,0.02,0.0,300.0,run,1.591814699000679,327.0,0.2,0.0,0.2,0.06,0.074,3.166,-0.066,0
right_kp0.009_ki0.02_kd0_+300_r1,right,0.009,0.02,0.0,300.0,run,1.6581305760191754,320.0,0.18,-0.04,0.19,0.02,0.073,3.12,-0.064,0
right_kp0.009_ki0.02_kd0_+300_r1,right,0.009,0.02,0.0,300.0,run,1.7244807770475745,318.0,0.16,-0.02,0.16,0.04,0.073,3.136,0.12,0
right_kp0.009_ki0.02_kd0_+300_r1,right,0.009,0.02,0.0,300.0,run,1.7907463760348037,303.0,0.18,0.05,0.19,0.04,0.073,3.104,-0.166,0
right_kp0.009_ki0.02_kd0_+300_r1,right,0.009,0.02,0.0,300.0,run,1.8570003710337915,313.0,0.2,-0.07,0.21,0.02,0.072,3.101,0.008,0
right_kp0.009_ki0.02_kd0_+300_r1,right,0.009,0.02,0.0,300.0,run,1.9233318240148947,306.0,0.19,0.03,0.19,0.06,0.073,3.147,0.075,0
right_kp0.009_ki0.02_kd0_+300_r1,right,0.009,0.02,0.0,300.0,run,1.9895469910115935,302.0,0.16,0.02,0.16,0.02,0.073,3.123,-0.206,0
right_kp0.009_ki0.02_kd0_+300_r1,right,0.009,0.02,0.0,300.0,run,2.0558728509931825,313.0,0.24,-0.05,0.25,0.04,0.071,3.024,-0.013,0
right_kp0.009_ki0.02_kd0_+300_r1,right,0.009,0.02,0.0,300.0,run,2.122183119005058,301.0,0.22,0.06,-0.23,-0.06,0.072,3.088,-0.013,0
right_kp0.009_ki0.02_kd0_+300_r1,right,0.009,0.02,0.0,300.0,run,2.188549245998729,296.0,0.16,0.0,0.16,0.04,0.073,3.142,-0.206,0
right_kp0.009_ki0.02_kd0_+300_r1,right,0.009,0.02,0.0,300.0,run,2.2549560620100237,307.0,0.25,-0.04,0.25,0.1,0.069,2.973,-0.002,0
right_kp0.009_ki0.02_kd0_+300_r1,right,0.009,0.02,0.0,300.0,run,2.321201564045623,296.0,0.21,0.07,0.22,0.04,0.071,3.053,0.013,0
right_kp0.009_ki0.02_kd0_+300_r1,right,0.009,0.02,0.0,300.0,run,2.387332642043475,288.0,0.16,0.03,0.16,0.06,0.072,3.091,-0.206,0
right_kp0.009_ki0.02_kd0_+300_r1,right,0.009,0.02,0.0,300.0,run,2.4535925760283135,303.0,0.22,-0.07,0.23,0.06,0.072,3.067,-0.08,0
right_kp0.009_ki0.02_kd0_+300_r1,right,0.009,0.02,0.0,300.0,run,2.519765613018535,305.0,0.2,0.05,0.21,0.02,0.073,3.134,-0.026,0
right_kp0.009_ki0.02_kd0_+300_r1,right,0.009,0.02,0.0,300.0,run,2.5860379980294965,302.0,0.16,0.01,0.16,0.06,0.073,3.12,-0.278,0
right_kp0.009_ki0.02_kd0_+300_r1,right,0.009,0.02,0.0,300.0,run,2.6523857390275225,313.0,0.25,-0.03,0.25,0.06,0.069,2.973,-0.032,0
right_kp0.009_ki0.02_kd0_+300_r1,right,0.009,0.02,0.0,300.0,run,2.718643370026257,305.0,0.19,0.03,0.2,0.04,0.072,3.091,-0.045,0
right_kp0.009_ki0.02_kd0_+300_r1,right,0.009,0.02,0.0,300.0,run,2.7848129650228657,293.0,0.16,0.01,0.16,0.04,0.073,3.136,-0.254,0
right_kp0.009_ki0.02_kd0_+300_r1,right,0.009,0.02,0.0,300.0,run,2.851016796019394,308.0,0.26,-0.01,0.26,0.06,0.069,2.957,-0.037,0
right_kp0.009_ki0.02_kd0_+300_r1,right,0.009,0.02,0.0,300.0,run,2.9173573160078377,305.0,0.22,0.02,-0.22,-0.06,0.072,3.069,-0.048,0
right_kp0.009_ki0.02_kd0_+300_r1,right,0.009,0.02,0.0,300.0,run,2.9835702250129543,291.0,0.17,0.0,0.17,0.04,0.072,3.085,-0.233,0
right_kp0.009_ki0.02_kd0_+300_r1,right,0.009,0.02,0.0,0,stop,1.3499520719051361e-06,303.0,0.23,-0.01,0.23,0.06,0.068,2.914,-0.005,0
right_kp0.009_ki0.02_kd0_+300_r1,right,0.009,0.02,0.0,0,stop,0.0764252029475756,290.0,0.18,0.0,0.18,0.04,0.066,2.828,-0.05,0
right_kp0.009_ki0.02_kd0_+300_r1,right,0.009,0.02,0.0,0,stop,0.14285098400432616,272.0,0.12,0.0,0.12,0.02,0.057,2.453,-0.077,0
right_kp0.009_ki0.02_kd0_+300_r1,right,0.009,0.02,0.0,0,stop,0.20918568695196882,238.0,0.0,0.0,0.0,0.0,0.0,0.0,0.0,0
right_kp0.009_ki0.02_kd0_+300_r1,right,0.009,0.02,0.0,0,stop,0.27541075798217207,238.0,0.0,0.0,0.0,0.0,0.0,0.0,0.0,0
right_kp0.009_ki0.02_kd0_+300_r1,right,0.009,0.02,0.0,0,stop,0.34175911999773234,238.0,0.0,0.0,0.0,0.0,0.0,0.0,0.0,0
right_kp0.009_ki0.02_kd0_+300_r1,right,0.009,0.02,0.0,0,stop,0.40802933799568564,238.0,0.0,0.0,0.0,0.0,0.0,0.0,0.0,0
right_kp0.009_ki0.02_kd0_+300_r1,right,0.009,0.02,0.0,0,stop,0.47423794597852975,238.0,0.0,0.0,0.0,0.0,0.0,0.0,0.0,0
right_kp0.009_ki0.02_kd0_+300_r1,right,0.009,0.02,0.0,0,stop,0.5405568149872124,238.0,0.0,0.0,0.0,0.0,0.0,0.0,0.0,0
right_kp0.009_ki0.02_kd0_+300_r1,right,0.009,0.02,0.0,0,stop,0.6068095319787972,238.0,0.0,0.0,0.0,0.0,0.0,0.0,0.0,0
right_kp0.009_ki0.02_kd0_+300_r1,right,0.009,0.02,0.0,0,stop,0.6729055759496987,0.0,0.0,0.0,0.0,0.0,0.0,0.0,0.0,0
right_kp0.009_ki0.02_kd0_+300_r1,right,0.009,0.02,0.0,0,stop,0.7392077120020986,0.0,0.0,0.0,0.0,0.0,0.0,0.0,0.0,0
right_kp0.009_ki0.02_kd0_-300_r1,right,0.009,0.02,0.0,-300.0,run,0.0002141270088031888,0.0,0.0,0.0,0.0,0.0,0.0,0.0,0.0,0
right_kp0.009_ki0.02_kd0_-300_r1,right,0.009,0.02,0.0,-300.0,run,0.06649639399256557,0.0,0.0,0.0,0.0,-0.06,-0.011,-0.088,0.471,0
right_kp0.009_ki0.02_kd0_-300_r1,right,0.009,0.02,0.0,-300.0,run,0.13278220302890986,0.0,-0.02,-0.01,0.03,0.02,-0.027,-0.948,0.656,0
right_kp0.009_ki0.02_kd0_-300_r1,right,0.009,0.02,0.0,-300.0,run,0.199117922980804,0.0,-0.13,0.02,-0.13,-0.06,-0.036,-1.441,0.597,0
right_kp0.009_ki0.02_kd0_-300_r1,right,0.009,0.02,0.0,-300.0,run,0.2654351370292716,0.0,-0.18,0.0,0.18,0.06,-0.038,-1.518,0.575,0
right_kp0.009_ki0.02_kd0_-300_r1,right,0.009,0.02,0.0,-300.0,run,0.3317455580108799,0.0,-0.18,0.0,-0.18,-0.04,-0.039,-1.553,0.573,0
right_kp0.009_ki0.02_kd0_-300_r1,right,0.009,0.02,0.0,-300.0,run,0.3981197419925593,0.0,-0.21,0.0,0.21,0.06,-0.04,-1.609,0.581,0
right_kp0.009_ki0.02_kd0_-300_r1,right,0.009,0.02,0.0,-300.0,run,0.4646798489848152,0.0,-0.23,0.01,0.23,0.06,-0.041,-1.65,0.565,0
right_kp0.009_ki0.02_kd0_-300_r1,right,0.009,0.02,0.0,-300.0,run,0.531029659032356,0.0,-0.25,0.0,0.25,0.06,-0.041,-1.655,0.543,0
right_kp0.009_ki0.02_kd0_-300_r1,right,0.009,0.02,0.0,-300.0,run,0.5976891540340148,0.0,-0.28,-0.01,0.28,0.06,-0.042,-1.695,0.562,0
right_kp0.009_ki0.02_kd0_-300_r1,right,0.009,0.02,0.0,-300.0,run,0.6641132390359417,0.0,-0.3,0.04,0.31,0.04,-0.042,-1.706,0.527,0
right_kp0.009_ki0.02_kd0_-300_r1,right,0.009,0.02,0.0,-300.0,run,0.7303697449970059,0.0,-0.32,0.02,0.32,0.02,-0.044,-1.891,-0.19,0
right_kp0.009_ki0.02_kd0_-300_r1,right,0.009,0.02,0.0,-300.0,run,0.7966174670145847,0.0,-0.33,0.0,0.33,0.02,-0.046,-1.928,-0.289,0
right_kp0.009_ki0.02_kd0_-300_r1,right,0.009,0.02,0.0,-300.0,run,0.8629231340019032,0.0,-0.35,-0.01,0.35,0.02,-0.046,-1.958,-0.281,0
right_kp0.009_ki0.02_kd0_-300_r1,right,0.009,0.02,0.0,-300.0,run,0.9292157129966654,0.0,-0.33,-0.01,0.33,0.06,-0.051,-2.167,-0.206,0
right_kp0.009_ki0.02_kd0_-300_r1,right,0.009,0.02,0.0,-300.0,run,0.9954949510283768,0.0,-0.29,-0.04,0.3,0.06,-0.07,-2.968,-0.326,0
right_kp0.009_ki0.02_kd0_-300_r1,right,0.009,0.02,0.0,-300.0,run,1.0617806520313025,-20.0,-0.36,0.17,0.4,0.08,-0.086,-3.643,-0.672,0
right_kp0.009_ki0.02_kd0_-300_r1,right,0.009,0.02,0.0,-300.0,run,1.1281035490101203,-417.0,-0.19,-0.07,0.2,0.08,-0.088,-3.525,-1.363,0
right_kp0.009_ki0.02_kd0_-300_r1,right,0.009,0.02,0.0,-300.0,run,1.1943395510315895,-469.0,-0.15,-0.03,0.15,0.06,-0.089,-3.731,-0.854,0
right_kp0.009_ki0.02_kd0_-300_r1,right,0.009,0.02,0.0,-300.0,run,1.2606322530191392,-474.0,-0.21,-0.1,0.23,0.06,-0.088,-3.777,-0.053,0
right_kp0.009_ki0.02_kd0_-300_r1,right,0.009,0.02,0.0,-300.0,run,1.3270203190040775,-471.0,-0.14,0.04,0.14,0.04,-0.087,-3.71,0.005,0
right_kp0.009_ki0.02_kd0_-300_r1,right,0.009,0.02,0.0,-300.0,run,1.393311967025511,-450.0,-0.19,-0.07,0.21,0.04,-0.084,-3.602,0.099,0
right_kp0.009_ki0.02_kd0_-300_r1,right,0.009,0.02,0.0,-300.0,run,1.4595717120100744,-427.0,-0.19,0.04,0.19,0.06,-0.082,-3.517,0.048,0
right_kp0.009_ki0.02_kd0_-300_r1,right,0.009,0.02,0.0,-300.0,run,1.525843107025139,-411.0,-0.22,-0.01,0.22,0.06,-0.081,-3.487,0.01,0
right_kp0.009_ki0.02_kd0_-300_r1,right,0.009,0.02,0.0,-300.0,run,1.5921334080048837,-394.0,-0.19,-0.02,-0.19,-0.06,-0.079,-3.388,0.182,0
right_kp0.009_ki0.02_kd0_-300_r1,right,0.009,0.02,0.0,-300.0,run,1.658692779019475,-384.0,-0.21,-0.03,0.21,0.06,-0.08,-3.423,-0.016,0
right_kp0.009_ki0.02_kd0_-300_r1,right,0.009,0.02,0.0,-300.0,run,1.7249583540251479,-386.0,-0.16,-0.02,0.17,0.06,-0.078,-3.327,0.225,0
right_kp0.009_ki0.02_kd0_-300_r1,right,0.009,0.02,0.0,-300.0,run,1.7912825039820746,-359.0,-0.16,-0.03,0.16,0.08,-0.079,-3.364,-0.147,0
right_kp0.009_ki0.02_kd0_-300_r1,right,0.009,0.02,0.0,-300.0,run,1.8578070889925584,-349.0,-0.17,0.0,0.17,0.06,-0.075,-3.222,-0.021,0
right_kp0.009_ki0.02_kd0_-300_r1,right,0.009,0.02,0.0,-300.0,run,1.924110523017589,-355.0,-0.17,-0.02,0.17,0.04,-0.074,-3.158,0.117,0
right_kp0.009_ki0.02_kd0_-300_r1,right,0.009,0.02,0.0,-300.0,run,1.9906162610277534,-332.0,-0.15,0.0,-0.15,-0.06,-0.076,-3.268,-0.184,0
right_kp0.009_ki0.02_kd0_-300_r1,right,0.009,0.02,0.0,-300.0,run,2.0571199650294147,-331.0,-0.18,0.01,0.18,0.04,-0.071,-3.037,0.085,0
right_kp0.009_ki0.02_kd0_-300_r1,right,0.009,0.02,0.0,-300.0,run,2.123606169014238,-318.0,-0.21,-0.02,-0.21,-0.06,-0.071,-3.032,0.045,0
right_kp0.009_ki0.02_kd0_-300_r1,right,0.009,0.02,0.0,-300.0,run,2.1900120630161837,-307.0,-0.21,-0.06,0.22,0.06,-0.074,-3.155,-0.088,0
right_kp0.009_ki0.02_kd0_-300_r1,right,0.009,0.02,0.0,-300.0,run,2.256606005015783,-311.0,-0.14,0.0,0.14,0.06,-0.071,-3.04,0.061,0
right_kp0.009_ki0.02_kd0_-300_r1,right,0.009,0.02,0.0,-300.0,run,2.3228758110199124,-308.0,-0.2,0.0,0.2,0.04,-0.069,-2.973,0.05,0
right_kp0.009_ki0.02_kd0_-300_r1,right,0.009,0.02,0.0,-300.0,run,2.389378438005224,-303.0,-0.22,-0.04,0.23,0.08,-0.072,-3.085,-0.061,0
right_kp0.009_ki0.02_kd0_-300_r1,right,0.009,0.02,0.0,-300.0,run,2.455887135991361,-305.0,-0.15,0.0,0.15,0.06,-0.071,-3.051,0.048,0
right_kp0.009_ki0.02_kd0_-300_r1,right,0.009,0.02,0.0,-300.0,run,2.5222618419793434,-304.0,-0.18,0.03,0.18,0.06,-0.07,-2.989,-0.008,0
right_kp0.009_ki0.02_kd0_-300_r1,right,0.009,0.02,0.0,-300.0,run,2.588755584030878,-303.0,-0.21,-0.01,0.21,0.08,-0.072,-3.091,-0.096,0
right_kp0.009_ki0.02_kd0_-300_r1,right,0.009,0.02,0.0,-300.0,run,2.6551159099908546,-310.0,-0.16,-0.04,0.16,0.04,-0.072,-3.075,0.112,0
right_kp0.009_ki0.02_kd0_-300_r1,right,0.009,0.02,0.0,-300.0,run,2.721607325016521,-305.0,-0.16,0.05,0.17,0.08,-0.069,-2.965,-0.04,0
right_kp0.009_ki0.02_kd0_-300_r1,right,0.009,0.02,0.0,-300.0,run,2.788129052030854,-296.0,-0.22,0.0,0.22,0.08,-0.071,-3.037,-0.125,0
right_kp0.009_ki0.02_kd0_-300_r1,right,0.009,0.02,0.0,-300.0,run,2.8546824420336634,-300.0,-0.14,-0.05,-0.15,-0.08,-0.071,-3.024,0.093,0
right_kp0.009_ki0.02_kd0_-300_r1,right,0.009,0.02,0.0,-300.0,run,2.9209701599902473,-299.0,-0.17,0.02,0.17,0.08,-0.067,-2.874,0.064,0
right_kp0.009_ki0.02_kd0_-300_r1,right,0.009,0.02,0.0,-300.0,run,2.98734458303079,-284.0,-0.22,-0.06,0.23,0.06,-0.071,-3.04,-0.018,0
right_kp0.009_ki0.02_kd0_-300_r1,right,0.009,0.02,0.0,0,stop,1.1230004020035267e-06,-281.0,-0.18,0.02,0.19,0.02,-0.068,-2.901,0.141,0
right_kp0.009_ki0.02_kd0_-300_r1,right,0.009,0.02,0.0,0,stop,0.0764687800547108,-282.0,-0.18,0.0,0.18,0.08,-0.063,-2.7,0.048,0
right_kp0.009_ki0.02_kd0_-300_r1,right,0.009,0.02,0.0,0,stop,0.1427776000346057,-256.0,-0.09,0.01,0.09,0.08,-0.06,-2.566,-0.053,0
right_kp0.009_ki0.02_kd0_-300_r1,right,0.009,0.02,0.0,0,stop,0.20910193404415622,-245.0,0.0,0.0,0.0,0.0,0.0,0.0,0.0,0
right_kp0.009_ki0.02_kd0_-300_r1,right,0.009,0.02,0.0,0,stop,0.2756729910033755,-245.0,0.0,0.0,0.0,0.0,0.0,0.0,0.0,0
right_kp0.009_ki0.02_kd0_-300_r1,right,0.009,0.02,0.0,0,stop,0.34194842202123255,-245.0,0.0,0.0,0.0,0.0,0.0,0.0,0.0,0
right_kp0.009_ki0.02_kd0_-300_r1,right,0.009,0.02,0.0,0,stop,0.4083483120193705,-245.0,0.0,0.0,0.0,0.0,0.0,0.0,0.0,0
right_kp0.009_ki0.02_kd0_-300_r1,right,0.009,0.02,0.0,0,stop,0.4746067830128595,-245.0,0.0,0.0,0.0,0.0,0.0,0.0,0.0,0
right_kp0.009_ki0.02_kd0_-300_r1,right,0.009,0.02,0.0,0,stop,0.5408958480111323,-245.0,0.0,0.0,0.0,0.0,0.0,0.0,0.0,0
right_kp0.009_ki0.02_kd0_-300_r1,right,0.009,0.02,0.0,0,stop,0.6072500520385802,-245.0,0.0,0.0,0.0,0.0,0.0,0.0,0.0,0
right_kp0.009_ki0.02_kd0_-300_r1,right,0.009,0.02,0.0,0,stop,0.6734849640051834,0.0,0.0,0.0,0.0,0.0,0.0,0.0,0.0,0
right_kp0.009_ki0.02_kd0_-300_r1,right,0.009,0.02,0.0,0,stop,0.7395790530135855,0.0,0.0,0.0,0.0,0.0,0.0,0.0,0.0,0
right_kp0.009_ki0.02_kd0_+300_r2,right,0.009,0.02,0.0,300.0,run,0.000129471009131521,0.0,0.0,0.0,0.0,0.0,0.0,0.0,0.0,0
right_kp0.009_ki0.02_kd0_+300_r2,right,0.009,0.02,0.0,300.0,run,0.06636086298385635,0.0,0.0,0.0,0.0,0.04,0.012,0.131,0.5,0
right_kp0.009_ki0.02_kd0_+300_r2,right,0.009,0.02,0.0,300.0,run,0.1326962240273133,0.0,0.02,0.01,0.03,0.04,0.028,0.996,0.672,0
right_kp0.009_ki0.02_kd0_+300_r2,right,0.009,0.02,0.0,300.0,run,0.1989841089816764,0.0,0.13,0.0,0.13,0.06,0.038,1.529,0.546,0
right_kp0.009_ki0.02_kd0_+300_r2,right,0.009,0.02,0.0,300.0,run,0.26518112199846655,0.0,0.18,0.0,0.18,0.02,0.041,1.679,0.487,0
right_kp0.009_ki0.02_kd0_+300_r2,right,0.009,0.02,0.0,300.0,run,0.33146331598982215,0.0,0.21,0.0,0.21,0.02,0.039,1.604,0.495,0
right_kp0.009_ki0.02_kd0_+300_r2,right,0.009,0.02,0.0,300.0,run,0.39795636100461707,0.0,0.21,0.0,0.21,0.02,0.04,1.65,0.492,0
right_kp0.009_ki0.02_kd0_+300_r2,right,0.009,0.02,0.0,300.0,run,0.46427045500604436,0.0,0.24,-0.01,0.24,0.04,0.041,1.698,0.495,0
right_kp0.009_ki0.02_kd0_+300_r2,right,0.009,0.02,0.0,300.0,run,0.5305104270228185,0.0,0.25,0.05,0.25,0.0,0.041,1.759,0.136,0
right_kp0.009_ki0.02_kd0_+300_r2,right,0.009,0.02,0.0,300.0,run,0.5970085380249657,0.0,0.27,0.0,0.27,0.04,0.043,1.84,-0.278,0
right_kp0.009_ki0.02_kd0_+300_r2,right,0.009,0.02,0.0,300.0,run,0.6634237969992682,0.0,0.29,0.0,0.29,0.0,0.044,1.853,-0.326,0
right_kp0.009_ki0.02_kd0_+300_r2,right,0.009,0.02,0.0,300.0,run,0.7297254420118406,0.0,0.33,0.0,0.33,0.02,0.045,1.907,-0.316,0
right_kp0.009_ki0.02_kd0_+300_r2,right,0.009,0.02,0.0,300.0,run,0.7959889469784684,0.0,0.3,0.0,0.3,0.06,0.049,2.089,-0.291,0
right_kp0.009_ki0.02_kd0_+300_r2,right,0.009,0.02,0.0,300.0,run,0.8625223439885303,0.0,0.3,0.02,0.3,0.04,0.059,2.507,-0.348,0
right_kp0.009_ki0.02_kd0_+300_r2,right,0.009,0.02,0.0,300.0,run,0.9289443860179745,0.0,0.33,-0.02,0.33,0.14,0.081,3.428,-0.407,0
right_kp0.009_ki0.02_kd0_+300_r2,right,0.009,0.02,0.0,300.0,run,0.9953348159906454,319.0,0.34,0.04,0.34,0.06,0.085,3.383,-1.366,0
right_kp0.009_ki0.02_kd0_+300_r2,right,0.009,0.02,0.0,300.0,run,1.0616406470071524,426.0,0.22,-0.03,0.22,0.04,0.087,3.581,-1.031,0
right_kp0.009_ki0.02_kd0_+300_r2,right,0.009,0.02,0.0,300.0,run,1.1279414820019156,446.0,0.18,-0.07,0.2,0.04,0.087,3.702,-0.444,0
right_kp0.009_ki0.02_kd0_+300_r2,right,0.009,0.02,0.0,300.0,run,1.1942749849986285,435.0,0.19,0.02,0.19,0.04,0.081,3.482,0.171,0
right_kp0.009_ki0.02_kd0_+300_r2,right,0.009,0.02,0.0,300.0,run,1.2606256749713793,418.0,0.16,0.02,0.16,0.02,0.081,3.479,-0.109,0
right_kp0.009_ki0.02_kd0_+300_r2,right,0.009,0.02,0.0,300.0,run,1.3269672630121931,394.0,0.16,0.0,0.16,0.04,0.077,3.3,0.075,0
right_kp0.009_ki0.02_kd0_+300_r2,right,0.009,0.02,0.0,300.0,run,1.393161392014008,375.0,0.15,0.05,0.16,0.02,0.076,3.257,-0.016,0
right_kp0.009_ki0.02_kd0_+300_r2,right,0.009,0.02,0.0,300.0,run,1.4595754650072195,350.0,0.16,-0.02,0.16,0.08,0.078,3.345,-0.133,0
right_kp0.009_ki0.02_kd0_+300_r2,right,0.009,0.02,0.0,300.0,run,1.5262821349897422,341.0,0.21,0.02,0.21,0.04,0.072,3.093,0.246,0
right_kp0.009_ki0.02_kd0_+300_r2,right,0.009,0.02,0.0,300.0,run,1.5931051240186207,331.0,0.19,-0.03,0.19,0.06,0.074,3.187,-0.075,0
right_kp0.009_ki0.02_kd0_+300_r2,right,0.009,0.02,0.0,300.0,run,1.6599214900052175,323.0,0.19,0.0,0.19,0.04,0.073,3.131,-0.12,0
right_kp0.009_ki0.02_kd0_+300_r2,right,0.009,0.02,0.0,300.0,run,1.726231820997782,320.0,0.16,0.0,0.16,0.04,0.073,3.12,0.099,0
right_kp0.009_ki0.02_kd0_+300_r2,right,0.009,0.02,0.0,300.0,run,1.7927735180128366,312.0,0.2,0.03,0.2,0.02,0.072,3.099,-0.136,0
right_kp0.009_ki0.02_kd0_+300_r2,right,0.009,0.02,0.0,300.0,run,1.8591362219885923,316.0,0.19,-0.05,0.2,0.06,0.073,3.118,-0.04,0
right_kp0.009_ki0.02_kd0_+300_r2,right,0.009,0.02,0.0,300.0,run,1.9256608050200157,310.0,0.19,-0.01,0.19,0.02,0.074,3.15,0.115,0
right_kp0.009_ki0.02_kd0_+300_r2,right,0.009,0.02,0.0,300.0,run,1.9919775599846616,304.0,0.17,0.04,0.18,0.04,0.073,3.104,-0.219,0
right_kp0.009_ki0.02_kd0_+300_r2,right,0.009,0.02,0.0,300.0,run,2.05832933599595,311.0,0.22,-0.06,0.23,0.02,0.071,3.037,-0.024,0
right_kp0.009_ki0.02_kd0_+300_r2,right,0.009,0.02,0.0,300.0,run,2.1247194259776734,299.0,0.21,0.01,-0.21,-0.06,0.072,3.099,0.042,0
right_kp0.009_ki0.02_kd0_+300_r2,right,0.009,0.02,0.0,300.0,run,2.1909459049929865,294.0,0.17,0.04,0.17,0.0,0.073,3.123,-0.235,0
right_kp0.009_ki0.02_kd0_+300_r2,right,0.009,0.02,0.0,300.0,run,2.2574685349827632,308.0,0.25,-0.06,0.26,0.08,0.07,3.016,-0.021,0
right_kp0.009_ki0.02_kd0_+300_r2,right,0.009,0.02,0.0,300.0,run,2.324169543979224,299.0,0.2,0.04,0.2,0.02,0.072,3.069,0.05,0
right_kp0.009_ki0.02_kd0_+300_r2,right,0.009,0.02,0.0,300.0,run,2.390418618975673,289.0,0.18,0.05,0.19,0.02,0.071,3.043,-0.238,0
right_kp0.009_ki0.02_kd0_+300_r2,right,0.009,0.02,0.0,300.0,run,2.4567114830133505,299.0,0.19,-0.06,0.2,0.02,0.072,3.064,-0.093,0
right_kp0.009_ki0.02_kd0_+300_r2,right,0.009,0.02,0.0,300.0,run,2.523137742013205,301.0,0.18,-0.03,0.18,0.04,0.073,3.136,0.018,0
right_kp0.009_ki0.02_kd0_+300_r2,right,0.009,0.02,0.0,300.0,run,2.5896380390040576,298.0,0.19,0.06,0.2,0.02,0.072,3.083,-0.262,0
right_kp0.009_ki0.02_kd0_+300_r2,right,0.009,0.02,0.0,300.0,run,2.656008342979476,310.0,0.23,-0.07,-0.24,-0.06,0.071,3.032,-0.032,0
right_kp0.009_ki0.02_kd0_+300_r2,right,0.009,0.02,0.0,300.0,run,2.72241084597772,307.0,0.18,0.06,0.19,0.02,0.073,3.126,-0.056,0
right_kp0.009_ki0.02_kd0_+300_r2,right,0.009,0.02,0.0,300.0,run,2.788777353009209,298.0,0.15,0.02,0.15,0.02,0.074,3.152,-0.257,0
right_kp0.009_ki0.02_kd0_+300_r2,right,0.009,0.02,0.0,300.0,run,2.855075269995723,311.0,0.25,-0.02,0.25,0.04,0.069,2.957,-0.005,0
right_kp0.009_ki0.02_kd0_+300_r2,right,0.009,0.02,0.0,300.0,run,2.9213984870002605,303.0,0.21,0.05,0.22,0.02,0.071,3.037,-0.018,0
right_kp0.009_ki0.02_kd0_+300_r2,right,0.009,0.02,0.0,300.0,run,2.9876804989762604,284.0,0.2,0.07,0.21,0.0,0.071,3.013,-0.227,0
right_kp0.009_ki0.02_kd0_+300_r2,right,0.009,0.02,0.0,0,stop,1.3259705156087875e-06,293.0,0.24,-0.06,0.25,0.02,0.069,2.957,0.002,0
right_kp0.009_ki0.02_kd0_+300_r2,right,0.009,0.02,0.0,0,stop,0.07645677897380665,283.0,0.17,0.05,0.18,0.04,0.066,2.847,-0.064,0
right_kp0.009_ki0.02_kd0_+300_r2,right,0.009,0.02,0.0,0,stop,0.1427613899577409,262.0,0.15,-0.01,0.15,0.02,0.056,2.405,-0.04,0
right_kp0.009_ki0.02_kd0_+300_r2,right,0.009,0.02,0.0,0,stop,0.2090370049700141,-451.0,0.0,0.0,0.0,0.0,0.0,0.0,0.0,0
right_kp0.009_ki0.02_kd0_+300_r2,right,0.009,0.02,0.0,0,stop,0.27538599498802796,-451.0,0.0,0.0,0.0,0.0,0.0,0.0,0.0,0
right_kp0.009_ki0.02_kd0_+300_r2,right,0.009,0.02,0.0,0,stop,0.3417138559743762,-451.0,0.0,0.0,0.0,0.0,0.0,0.0,0.0,0
right_kp0.009_ki0.02_kd0_+300_r2,right,0.009,0.02,0.0,0,stop,0.4080327900010161,-451.0,0.0,0.0,0.0,0.0,0.0,0.0,0.0,0
right_kp0.009_ki0.02_kd0_+300_r2,right,0.009,0.02,0.0,0,stop,0.4744258559658192,-451.0,0.0,0.0,0.0,0.0,0.0,0.0,0.0,0
right_kp0.009_ki0.02_kd0_+300_r2,right,0.009,0.02,0.0,0,stop,0.54075240297243,-451.0,0.0,0.0,0.0,0.0,0.0,0.0,0.0,0
right_kp0.009_ki0.02_kd0_+300_r2,right,0.009,0.02,0.0,0,stop,0.6070262609864585,-451.0,0.0,0.0,0.0,0.0,0.0,0.0,0.0,0
right_kp0.009_ki0.02_kd0_+300_r2,right,0.009,0.02,0.0,0,stop,0.6733975439565256,-451.0,0.0,0.0,0.0,0.0,0.0,0.0,0.0,0
right_kp0.009_ki0.02_kd0_+300_r2,right,0.009,0.02,0.0,0,stop,0.7397277249838226,0.0,0.0,0.0,0.0,0.0,0.0,0.0,0.0,0
right_kp0.009_ki0.02_kd0_-300_r2,right,0.009,0.02,0.0,-300.0,run,0.00017212104285135865,0.0,0.0,0.0,0.0,0.0,0.0,0.0,0.0,0
right_kp0.009_ki0.02_kd0_-300_r2,right,0.009,0.02,0.0,-300.0,run,0.06636892701499164,0.0,-0.02,-0.01,0.02,0.04,0.01,0.401,0.144,0
right_kp0.009_ki0.02_kd0_-300_r2,right,0.009,0.02,0.0,-300.0,run,0.13266447401838377,0.0,-0.07,-0.02,0.07,0.06,-0.006,0.0,0.265,0
right_kp0.009_ki0.02_kd0_-300_r2,right,0.009,0.02,0.0,-300.0,run,0.19915971904993057,0.0,-0.06,0.01,0.07,0.06,-0.021,-0.841,0.254,0
right_kp0.009_ki0.02_kd0_-300_r2,right,0.009,0.02,0.0,-300.0,run,0.2654200810356997,0.0,-0.14,0.03,0.15,0.08,-0.036,-1.55,-0.024,0
right_kp0.009_ki0.02_kd0_-300_r2,right,0.009,0.02,0.0,-300.0,run,0.3316534100449644,0.0,-0.19,0.0,0.19,0.06,-0.039,-1.676,-0.214,0
right_kp0.009_ki0.02_kd0_-300_r2,right,0.009,0.02,0.0,-300.0,run,0.3979538570274599,0.0,-0.2,0.01,0.2,0.08,-0.041,-1.743,-0.254,0
right_kp0.009_ki0.02_kd0_-300_r2,right,0.009,0.02,0.0,-300.0,run,0.46430859703104943,0.0,-0.23,0.0,0.23,0.04,-0.042,-1.776,-0.249,0
right_kp0.009_ki0.02_kd0_-300_r2,right,0.009,0.02,0.0,-300.0,run,0.5305800760397688,0.0,-0.26,0.0,0.26,0.04,-0.043,-1.832,-0.251,0
right_kp0.009_ki0.02_kd0_-300_r2,right,0.009,0.02,0.0,-300.0,run,0.596874627051875,0.0,-0.25,0.0,0.25,0.02,-0.045,-1.915,-0.243,0
right_kp0.009_ki0.02_kd0_-300_r2,right,0.009,0.02,0.0,-300.0,run,0.6633606250397861,0.0,-0.26,0.0,0.26,0.06,-0.05,-2.124,-0.198,0
right_kp0.009_ki0.02_kd0_-300_r2,right,0.009,0.02,0.0,-300.0,run,0.7296475130133331,-23.0,-0.26,-0.08,0.27,0.08,-0.059,-2.534,-0.238,0
right_kp0.009_ki0.02_kd0_-300_r2,right,0.009,0.02,0.0,-300.0,run,0.7959190499968827,-23.0,-0.31,0.04,0.32,0.04,-0.071,-3.016,-0.297,0
right_kp0.009_ki0.02_kd0_-300_r2,right,0.009,0.02,0.0,-300.0,run,0.8622605650452897,-23.0,-0.25,-0.04,0.26,0.08,-0.082,-3.42,-0.8,0
right_kp0.009_ki0.02_kd0_-300_r2,right,0.009,0.02,0.0,-300.0,run,0.9285968750482425,-208.0,-0.2,-0.04,-0.2,-0.04,-0.083,-3.477,-0.833,0
right_kp0.009_ki0.02_kd0_-300_r2,right,0.009,0.02,0.0,-300.0,run,0.9949024460511282,-409.0,-0.22,0.08,0.23,0.08,-0.08,-3.289,-0.905,0
right_kp0.009_ki0.02_kd0_-300_r2,right,0.009,0.02,0.0,-300.0,run,1.061226753052324,-424.0,-0.14,-0.02,0.15,0.02,-0.078,-3.278,-0.594,0
right_kp0.009_ki0.02_kd0_-300_r2,right,0.009,0.02,0.0,-300.0,run,1.1274789410526864,-369.0,-0.16,0.01,0.16,0.06,-0.073,-3.059,-0.65,0
right_kp0.009_ki0.02_kd0_-300_r2,right,0.009,0.02,0.0,-300.0,run,1.1938568740151823,-340.0,-0.16,0.0,0.16,0.08,-0.071,-2.984,-0.669,0
right_kp0.009_ki0.02_kd0_-300_r2,right,0.009,0.02,0.0,-300.0,run,1.2601293430197984,-311.0,-0.22,-0.06,0.23,0.08,-0.069,-2.938,-0.289,0
right_kp0.009_ki0.02_kd0_-300_r2,right,0.009,0.02,0.0,-300.0,run,1.3263488420052454,-293.0,-0.18,0.0,-0.18,-0.08,-0.069,-2.885,-0.6,0
right_kp0.009_ki0.02_kd0_-300_r2,right,0.009,0.02,0.0,-300.0,run,1.3926464230171405,-296.0,-0.22,0.06,0.23,0.08,-0.069,-2.885,-0.637,0
right_kp0.009_ki0.02_kd0_-300_r2,right,0.009,0.02,0.0,-300.0,run,1.4590020190225914,-297.0,-0.18,-0.06,-0.19,-0.04,-0.07,-2.973,-0.385,0
right_kp0.009_ki0.02_kd0_-300_r2,right,0.009,0.02,0.0,-300.0,run,1.5253014370100573,-288.0,-0.25,0.03,0.25,0.04,-0.068,-2.86,-0.559,0
right_kp0.009_ki0.02_kd0_-300_r2,right,0.009,0.02,0.0,-300.0,run,1.5915485990117304,-299.0,-0.25,0.05,0.25,0.08,-0.069,-2.909,-0.624,0
right_kp0.009_ki0.02_kd0_-300_r2,right,0.009,0.02,0.0,-300.0,run,1.6578417400014587,-304.0,-0.19,-0.04,0.2,0.1,-0.071,-3.005,-0.466,0
right_kp0.009_ki0.02_kd0_-300_r2,right,0.009,0.02,0.0,-300.0,run,1.724167608015705,-300.0,-0.2,0.05,0.21,0.08,-0.07,-2.938,-0.64,0
right_kp0.009_ki0.02_kd0_-300_r2,right,0.009,0.02,0.0,-300.0,run,1.7904685550020076,-314.0,-0.18,0.04,0.18,0.08,-0.071,-2.962,-0.717,0
right_kp0.009_ki0.02_kd0_-300_r2,right,0.009,0.02,0.0,-300.0,run,1.8567868720274419,-308.0,-0.23,-0.07,0.24,0.04,-0.07,-2.994,-0.396,0
right_kp0.009_ki0.02_kd0_-300_r2,right,0.009,0.02,0.0,-300.0,run,1.9231116860173643,-298.0,-0.17,0.0,0.17,0.06,-0.07,-2.938,-0.634,0
right_kp0.009_ki0.02_kd0_-300_r2,right,0.009,0.02,0.0,-300.0,run,1.989454446011223,-309.0,-0.16,0.01,0.16,0.06,-0.071,-2.941,-0.709,0
right_kp0.009_ki0.02_kd0_-300_r2,right,0.009,0.02,0.0,-300.0,run,2.0556356260203756,-304.0,-0.19,-0.07,-0.2,-0.04,-0.07,-2.976,-0.353,0
right_kp0.009_ki0.02_kd0_-300_r2,right,0.009,0.02,0.0,-300.0,run,2.1221037370269187,-295.0,-0.16,0.0,0.16,0.08,-0.07,-2.946,-0.645,0
right_kp0.009_ki0.02_kd0_-300_r2,right,0.009,0.02,0.0,-300.0,run,2.188447721011471,-303.0,-0.17,0.02,0.17,0.08,-0.07,-2.898,-0.739,0
right_kp0.009_ki0.02_kd0_-300_r2,right,0.009,0.02,0.0,-300.0,run,2.2547136960201897,-300.0,-0.19,-0.07,-0.2,-0.04,-0.07,-2.954,-0.383,0
right_kp0.009_ki0.02_kd0_-300_r2,right,0.009,0.02,0.0,-300.0,run,2.321102732035797,-294.0,-0.16,0.0,0.16,0.06,-0.07,-2.911,-0.661,0
right_kp0.009_ki0.02_kd0_-300_r2,right,0.009,0.02,0.0,-300.0,run,2.387343011039775,-302.0,-0.19,0.05,0.19,0.08,-0.07,-2.893,-0.739,0
right_kp0.009_ki0.02_kd0_-300_r2,right,0.009,0.02,0.0,-300.0,run,2.4537137200240977,-300.0,-0.22,-0.08,0.23,0.04,-0.071,-2.997,-0.409,0
right_kp0.009_ki0.02_kd0_-300_r2,right,0.009,0.02,0.0,-300.0,run,2.5199903920292854,-298.0,-0.17,0.0,0.17,0.06,-0.07,-2.943,-0.658,0
right_kp0.009_ki0.02_kd0_-300_r2,right,0.009,0.02,0.0,-300.0,run,2.586270467028953,-310.0,-0.18,0.03,-0.18,-0.08,-0.07,-2.917,-0.758,0
right_kp0.009_ki0.02_kd0_-300_r2,right,0.009,0.02,0.0,-300.0,run,2.652934265031945,-306.0,-0.21,-0.05,0.22,0.04,-0.07,-2.989,-0.364,0
right_kp0.009_ki0.02_kd0_-300_r2,right,0.009,0.02,0.0,-300.0,run,2.7191710600163788,-299.0,-0.18,-0.05,0.19,0.08,-0.07,-2.935,-0.621,0
right_kp0.009_ki0.02_kd0_-300_r2,right,0.009,0.02,0.0,-300.0,run,2.785470244998578,-303.0,-0.18,0.0,0.18,0.04,-0.07,-2.887,-0.76,0
right_kp0.009_ki0.02_kd0_-300_r2,right,0.009,0.02,0.0,-300.0,run,2.851792046043556,-296.0,-0.21,-0.07,0.23,0.08,-0.069,-2.925,-0.375,0
right_kp0.009_ki0.02_kd0_-300_r2,right,0.009,0.02,0.0,-300.0,run,2.918129288998898,-289.0,-0.19,0.0,0.19,0.06,-0.068,-2.847,-0.626,0
right_kp0.009_ki0.02_kd0_-300_r2,right,0.009,0.02,0.0,-300.0,run,2.9843710380373523,-288.0,-0.25,0.03,0.25,0.0,-0.067,-2.799,-0.586,0
right_kp0.009_ki0.02_kd0_-300_r2,right,0.009,0.02,0.0,0,stop,1.0539661161601543e-06,-277.0,-0.22,0.04,0.22,0.08,-0.067,-2.855,-0.458,0
right_kp0.009_ki0.02_kd0_-300_r2,right,0.009,0.02,0.0,0,stop,0.07645584997953847,-269.0,-0.23,0.03,0.23,0.04,-0.063,-2.641,-0.602,0
right_kp0.009_ki0.02_kd0_-300_r2,right,0.009,0.02,0.0,0,stop,0.14317355095408857,-245.0,-0.12,-0.03,0.13,0.04,-0.057,-2.413,-0.388,0
right_kp0.009_ki0.02_kd0_-300_r2,right,0.009,0.02,0.0,0,stop,0.20949124195612967,-225.0,0.0,0.0,0.0,0.0,0.0,0.0,0.0,0
right_kp0.009_ki0.02_kd0_-300_r2,right,0.009,0.02,0.0,0,stop,0.2758280379930511,-225.0,0.0,0.0,0.0,0.0,0.0,0.0,0.0,0
right_kp0.009_ki0.02_kd0_-300_r2,right,0.009,0.02,0.0,0,stop,0.34215936495456845,-225.0,0.0,0.0,0.0,0.0,0.0,0.0,0.0,0
right_kp0.009_ki0.02_kd0_-300_r2,right,0.009,0.02,0.0,0,stop,0.4085304019972682,-225.0,0.0,0.0,0.0,0.0,0.0,0.0,0.0,0
right_kp0.009_ki0.02_kd0_-300_r2,right,0.009,0.02,0.0,0,stop,0.4751069019548595,-225.0,0.0,0.0,0.0,0.0,0.0,0.0,0.0,0
right_kp0.009_ki0.02_kd0_-300_r2,right,0.009,0.02,0.0,0,stop,0.5413795950007625,-225.0,0.0,0.0,0.0,0.0,0.0,0.0,0.0,0
right_kp0.009_ki0.02_kd0_-300_r2,right,0.009,0.02,0.0,0,stop,0.6077661399613135,-225.0,0.0,0.0,0.0,0.0,0.0,0.0,0.0,0
right_kp0.009_ki0.02_kd0_-300_r2,right,0.009,0.02,0.0,0,stop,0.6742319539771415,-225.0,0.0,0.0,0.0,0.0,0.0,0.0,0.0,0
right_kp0.009_ki0.02_kd0_-300_r2,right,0.009,0.02,0.0,0,stop,0.7405788879841566,0.0,0.0,0.0,0.0,0.0,0.0,0.0,0.0,0
